timestamp_ms,value,unit,event_name,event_name_normalized,runtime_ns,enabled_pct,metric_value,metric_unit,status
10.118477,0.0,,instructions:u,instructions,380699.0,100.0,nan,,ok
10.118477,0.0,,cycles:u,cycles,380699.0,100.0,nan,,ok
10.118477,0.0,,branches:u,branches,380699.0,100.0,nan,,ok
10.118477,0.0,,branch-misses:u,branch-misses,380699.0,100.0,nan,,ok
10.118477,0.0,,L1-dcache-loads:u,l1-dcache-loads,380699.0,100.0,nan,,ok
10.118477,nan,,cache-references:u,cache-references,0.0,0.0,nan,,ok
10.118477,nan,,cache-misses:u,cache-misses,0.0,0.0,nan,,ok
10.118477,nan,,stalled-cycles-frontend:u,stalled-cycles-frontend,0.0,0.0,nan,,ok
21.107727,nan,,instructions:u,instructions,0.0,100.0,nan,,ok
21.107727,nan,,cycles:u,cycles,0.0,100.0,nan,,ok
21.107727,nan,,branches:u,branches,0.0,100.0,nan,,ok
21.107727,nan,,branch-misses:u,branch-misses,0.0,100.0,nan,,ok
21.107727,nan,,L1-dcache-loads:u,l1-dcache-loads,0.0,100.0,nan,,ok
21.107727,nan,,cache-references:u,cache-references,0.0,100.0,nan,,ok
21.107727,nan,,cache-misses:u,cache-misses,0.0,100.0,nan,,ok
21.107727,nan,,stalled-cycles-frontend:u,stalled-cycles-frontend,0.0,100.0,nan,,ok
31.830761,nan,,instructions:u,instructions,0.0,100.0,nan,,ok
31.830761,nan,,cycles:u,cycles,0.0,100.0,nan,,ok
31.830761,nan,,branches:u,branches,0.0,100.0,nan,,ok
31.830761,nan,,branch-misses:u,branch-misses,0.0,100.0,nan,,ok
31.830761,nan,,L1-dcache-loads:u,l1-dcache-loads,0.0,100.0,nan,,ok
31.830761,nan,,cache-references:u,cache-references,0.0,100.0,nan,,ok
31.830761,nan,,cache-misses:u,cache-misses,0.0,100.0,nan,,ok
31.830761,nan,,stalled-cycles-frontend:u,stalled-cycles-frontend,0.0,100.0,nan,,ok
42.619732,nan,,instructions:u,instructions,0.0,100.0,nan,,ok
42.619732,nan,,cycles:u,cycles,0.0,100.0,nan,,ok
42.619732,nan,,branches:u,branches,0.0,100.0,nan,,ok
42.619732,nan,,branch-misses:u,branch-misses,0.0,100.0,nan,,ok
42.619732,nan,,L1-dcache-loads:u,l1-dcache-loads,0.0,100.0,nan,,ok
42.619732,nan,,cache-references:u,cache-references,0.0,100.0,nan,,ok
42.619732,nan,,cache-misses:u,cache-misses,0.0,100.0,nan,,ok
42.619732,nan,,stalled-cycles-frontend:u,stalled-cycles-frontend,0.0,100.0,nan,,ok
53.392911,nan,,instructions:u,instructions,0.0,100.0,nan,,ok
53.392911,nan,,cycles:u,cycles,0.0,100.0,nan,,ok
53.392911,nan,,branches:u,branches,0.0,100.0,nan,,ok
53.392911,nan,,branch-misses:u,branch-misses,0.0,100.0,nan,,ok
53.392911,nan,,L1-dcache-loads:u,l1-dcache-loads,0.0,100.0,nan,,ok
53.392911,nan,,cache-references:u,cache-references,0.0,100.0,nan,,ok
53.392911,nan,,cache-misses:u,cache-misses,0.0,100.0,nan,,ok
53.392911,nan,,stalled-cycles-frontend:u,stalled-cycles-frontend,0.0,100.0,nan,,ok
64.28031100000001,233271.0,,instructions:u,instructions,1232776.0,29.0,0.08,insn per cycle,ok
64.28031100000001,2890048.0,,cycles:u,cycles,2226428.0,54.0,nan,,ok
64.28031100000001,76874.0,,branches:u,branches,3232933.0,78.0,nan,,ok
64.28031100000001,6061.0,,branch-misses:u,branch-misses,4113329.0,100.0,7.88,of all branches,ok
64.28031100000001,147369.0,,L1-dcache-loads:u,l1-dcache-loads,4113329.0,100.0,nan,,ok
64.28031100000001,23347.0,,cache-references:u,cache-references,2880553.0,70.0,nan,,ok
64.28031100000001,3034.0,,cache-misses:u,cache-misses,1886901.0,45.0,13.0,of all cache refs,ok
64.28031100000001,nan,,stalled-cycles-frontend:u,stalled-cycles-frontend,0.0,0.0,nan,,ok
75.37979,nan,,instructions:u,instructions,0.0,0.0,nan,,ok
75.37979,nan,,cycles:u,cycles,0.0,0.0,nan,,ok
75.37979,nan,,branches:u,branches,0.0,0.0,nan,,ok
75.37979,609.0,,branch-misses:u,branch-misses,399551.0,100.0,nan,,ok
75.37979,12466.0,,L1-dcache-loads:u,l1-dcache-loads,399551.0,100.0,nan,,ok
75.37979,2593.0,,cache-references:u,cache-references,399551.0,100.0,nan,,ok
75.37979,366.0,,cache-misses:u,cache-misses,399551.0,100.0,14.11,of all cache refs,ok
75.37979,nan,,stalled-cycles-frontend:u,stalled-cycles-frontend,0.0,0.0,nan,,ok
86.00817099999999,nan,,instructions:u,instructions,0.0,0.0,nan,,ok
86.00817099999999,nan,,cycles:u,cycles,0.0,0.0,nan,,ok
86.00817099999999,nan,,branches:u,branches,0.0,0.0,nan,,ok
86.00817099999999,11.0,,branch-misses:u,branch-misses,467759.0,100.0,nan,,ok
86.00817099999999,202.0,,L1-dcache-loads:u,l1-dcache-loads,467759.0,100.0,nan,,ok
86.00817099999999,166.0,,cache-references:u,cache-references,467759.0,100.0,nan,,ok
86.00817099999999,133.0,,cache-misses:u,cache-misses,467759.0,100.0,80.12,of all cache refs,ok
86.00817099999999,nan,,stalled-cycles-frontend:u,stalled-cycles-frontend,0.0,0.0,nan,,ok
101.19265,nan,,instructions:u,instructions,0.0,0.0,nan,,ok
101.19265,nan,,cycles:u,cycles,0.0,0.0,nan,,ok
101.19265,nan,,branches:u,branches,0.0,0.0,nan,,ok
101.19265,0.0,,branch-misses:u,branch-misses,992239.0,47.0,nan,,ok
101.19265,0.0,,L1-dcache-loads:u,l1-dcache-loads,1994335.0,94.0,nan,,ok
101.19265,0.0,,cache-references:u,cache-references,2107334.0,100.0,nan,,ok
101.19265,0.0,,cache-misses:u,cache-misses,2107334.0,100.0,nan,,ok
101.19265,nan,,stalled-cycles-frontend:u,stalled-cycles-frontend,0.0,0.0,nan,,ok
112.21204,nan,,instructions:u,instructions,0.0,0.0,nan,,ok
112.21204,nan,,cycles:u,cycles,0.0,0.0,nan,,ok
112.21204,nan,,branches:u,branches,0.0,0.0,nan,,ok
112.21204,nan,,branch-misses:u,branch-misses,0.0,0.0,nan,,ok
112.21204,nan,,L1-dcache-loads:u,l1-dcache-loads,0.0,0.0,nan,,ok
112.21204,0.0,,cache-references:u,cache-references,360019.0,100.0,nan,,ok
112.21204,0.0,,cache-misses:u,cache-misses,360019.0,100.0,nan,,ok
112.21204,nan,,stalled-cycles-frontend:u,stalled-cycles-frontend,0.0,0.0,nan,,ok
123.86868,176473.0,,instructions:u,instructions,2903870.0,80.0,0.06,insn per cycle,ok
123.86868,nan,,,,nan,nan,7.33,stalled cycles per insn,unknown
123.86868,3075868.0,,cycles:u,cycles,2325567.0,64.0,nan,,ok
123.86868,35471.0,,branches:u,branches,2325567.0,64.0,nan,,ok
123.86868,2778.0,,branch-misses:u,branch-misses,2325567.0,64.0,7.83,of all branches,ok
123.86868,27868.0,,L1-dcache-loads:u,l1-dcache-loads,1322103.0,36.0,nan,,ok
123.86868,9628.0,,cache-references:u,cache-references,694306.0,19.0,nan,,ok
123.86868,3206.0,,cache-misses:u,cache-misses,1272609.0,35.0,33.3,of all cache refs,ok
123.86868,1292711.0,,stalled-cycles-frontend:u,stalled-cycles-frontend,1907216.0,53.0,42.03,frontend cycles idle,ok
135.603106,nan,,instructions:u,instructions,0.0,0.0,nan,,ok
135.603106,35141.0,,cycles:u,cycles,133003.0,100.0,nan,,ok
135.603106,108.0,,branches:u,branches,133003.0,100.0,nan,,ok
135.603106,16.0,,branch-misses:u,branch-misses,133003.0,100.0,14.81,of all branches,ok
135.603106,346.0,,L1-dcache-loads:u,l1-dcache-loads,133003.0,100.0,nan,,ok
135.603106,149.0,,cache-references:u,cache-references,133003.0,100.0,nan,,ok
135.603106,nan,,cache-misses:u,cache-misses,0.0,0.0,nan,,ok
135.603106,nan,,stalled-cycles-frontend:u,stalled-cycles-frontend,0.0,0.0,nan,,ok
147.38164700000002,nan,,instructions:u,instructions,0.0,0.0,nan,,ok
147.38164700000002,1050346.0,,cycles:u,cycles,684036.0,16.0,nan,,ok
147.38164700000002,2284.0,,branches:u,branches,1686899.0,41.0,nan,,ok
147.38164700000002,541.0,,branch-misses:u,branch-misses,2677752.0,65.0,23.69,of all branches,ok
147.38164700000002,35835.0,,L1-dcache-loads:u,l1-dcache-loads,3680567.0,89.0,nan,,ok
147.38164700000002,10688.0,,cache-references:u,cache-references,4099574.0,100.0,nan,,ok
147.38164700000002,628.0,,cache-misses:u,cache-misses,3415538.0,83.0,5.88,of all cache refs,ok
147.38164700000002,nan,,stalled-cycles-frontend:u,stalled-cycles-frontend,0.0,0.0,nan,,ok
158.9407,nan,,instructions:u,instructions,0.0,0.0,nan,,ok
158.9407,133321.0,,cycles:u,cycles,443554.0,41.0,nan,,ok
158.9407,899.0,,branches:u,branches,1078614.0,100.0,nan,,ok
158.9407,166.0,,branch-misses:u,branch-misses,1089218.0,100.0,18.46,of all branches,ok
158.9407,5509.0,,L1-dcache-loads:u,l1-dcache-loads,1100297.0,100.0,nan,,ok
158.9407,1944.0,,cache-references:u,cache-references,1111781.0,100.0,nan,,ok
158.9407,419.0,,cache-misses:u,cache-misses,680703.0,60.0,21.55,of all cache refs,ok
158.9407,nan,,stalled-cycles-frontend:u,stalled-cycles-frontend,0.0,0.0,nan,,ok
170.861731,21647.0,,instructions:u,instructions,516918.0,13.0,nan,,ok
170.861731,nan,,,,nan,nan,23.64,stalled cycles per insn,unknown
170.861731,nan,,cycles:u,cycles,0.0,0.0,nan,,ok
170.861731,560.0,,branches:u,branches,366957.0,9.0,nan,,ok
170.861731,519.0,,branch-misses:u,branch-misses,1356396.0,35.0,92.68,of all branches,ok
170.861731,41102.0,,L1-dcache-loads:u,l1-dcache-loads,2342226.0,60.0,nan,,ok
170.861731,12519.0,,cache-references:u,cache-references,3332614.0,86.0,nan,,ok
170.861731,724.0,,cache-misses:u,cache-misses,3837056.0,100.0,5.78,of all cache refs,ok
170.861731,511745.0,,stalled-cycles-frontend:u,stalled-cycles-frontend,516918.0,13.0,nan,,ok
182.208821,26281.0,,instructions:u,instructions,2881153.0,43.0,0.01,insn per cycle,ok
182.208821,nan,,,,nan,nan,46.72,stalled cycles per insn,unknown
182.208821,2527298.0,,cycles:u,cycles,3001054.0,44.0,nan,,ok
182.208821,2533.0,,branches:u,branches,3998273.0,59.0,nan,,ok
182.208821,1108.0,,branch-misses:u,branch-misses,4998910.0,74.0,43.74,of all branches,ok
182.208821,87595.0,,L1-dcache-loads:u,l1-dcache-loads,4808945.0,71.0,nan,,ok
182.208821,26231.0,,cache-references:u,cache-references,3810416.0,56.0,nan,,ok
182.208821,1947.0,,cache-misses:u,cache-misses,3690515.0,55.0,7.42,of all cache refs,ok
182.208821,1227968.0,,stalled-cycles-frontend:u,stalled-cycles-frontend,1882624.0,28.0,48.59,frontend cycles idle,ok
194.116874,14559.0,,instructions:u,instructions,3005254.0,52.0,0.01,insn per cycle,ok
194.116874,nan,,,,nan,nan,73.56,stalled cycles per insn,unknown
194.116874,2009547.0,,cycles:u,cycles,2993171.0,51.0,nan,,ok
194.116874,1561.0,,branches:u,branches,3902927.0,67.0,nan,,ok
194.116874,602.0,,branch-misses:u,branch-misses,3902927.0,67.0,38.57,of all branches,ok
194.116874,49028.0,,L1-dcache-loads:u,l1-dcache-loads,2966922.0,51.0,nan,,ok
194.116874,14313.0,,cache-references:u,cache-references,2773112.0,47.0,nan,,ok
194.116874,1369.0,,cache-misses:u,cache-misses,2785195.0,48.0,9.56,of all cache refs,ok
194.116874,1070976.0,,stalled-cycles-frontend:u,stalled-cycles-frontend,1998171.0,34.0,53.29,frontend cycles idle,ok
205.62314,nan,,instructions:u,instructions,0.0,0.0,nan,,ok
205.62314,nan,,cycles:u,cycles,0.0,0.0,nan,,ok
205.62314,594.0,,branches:u,branches,375211.0,100.0,nan,,ok
205.62314,78.0,,branch-misses:u,branch-misses,375211.0,100.0,13.13,of all branches,ok
205.62314,1701.0,,L1-dcache-loads:u,l1-dcache-loads,375211.0,100.0,nan,,ok
205.62314,745.0,,cache-references:u,cache-references,375211.0,100.0,nan,,ok
205.62314,130.0,,cache-misses:u,cache-misses,375211.0,100.0,17.45,of all cache refs,ok
205.62314,nan,,stalled-cycles-frontend:u,stalled-cycles-frontend,0.0,0.0,nan,,ok
217.703591,nan,,instructions:u,instructions,0.0,0.0,nan,,ok
217.703591,nan,,cycles:u,cycles,0.0,0.0,nan,,ok
217.703591,3372.0,,branches:u,branches,431623.0,15.0,nan,,ok
217.703591,492.0,,branch-misses:u,branch-misses,1429551.0,50.0,14.59,of all branches,ok
217.703591,39005.0,,L1-dcache-loads:u,l1-dcache-loads,2435317.0,86.0,nan,,ok
217.703591,12987.0,,cache-references:u,cache-references,2842465.0,100.0,nan,,ok
217.703591,1040.0,,cache-misses:u,cache-misses,2852010.0,100.0,8.01,of all cache refs,ok
217.703591,nan,,stalled-cycles-frontend:u,stalled-cycles-frontend,0.0,0.0,nan,,ok
229.742994,22810.0,,instructions:u,instructions,2696745.0,40.0,0.01,insn per cycle,ok
229.742994,nan,,,,nan,nan,62.5,stalled cycles per insn,unknown
229.742994,2521968.0,,cycles:u,cycles,2692582.0,39.0,nan,,ok
229.742994,2762.0,,branches:u,branches,3693762.0,54.0,nan,,ok
229.742994,1098.0,,branch-misses:u,branch-misses,4694591.0,69.0,39.75,of all branches,ok
229.742994,96201.0,,L1-dcache-loads:u,l1-dcache-loads,4143926.0,61.0,nan,,ok
229.742994,33607.0,,cache-references:u,cache-references,4041725.0,59.0,nan,,ok
229.742994,2436.0,,cache-misses:u,cache-misses,4045240.0,60.0,7.25,of all cache refs,ok
229.742994,1425557.0,,stalled-cycles-frontend:u,stalled-cycles-frontend,1999715.0,29.0,56.53,frontend cycles idle,ok
241.98181699999998,13348.0,,instructions:u,instructions,493290.0,23.0,nan,,ok
241.98181699999998,nan,,,,nan,nan,23.02,stalled cycles per insn,unknown
241.98181699999998,nan,,cycles:u,cycles,0.0,0.0,nan,,ok
241.98181699999998,nan,,branches:u,branches,0.0,0.0,nan,,ok
241.98181699999998,nan,,branch-misses:u,branch-misses,0.0,0.0,nan,,ok
241.98181699999998,35574.0,,L1-dcache-loads:u,l1-dcache-loads,550315.0,26.0,nan,,ok
241.98181699999998,9446.0,,cache-references:u,cache-references,1539685.0,75.0,nan,,ok
241.98181699999998,640.0,,cache-misses:u,cache-misses,2024078.0,100.0,6.78,of all cache refs,ok
241.98181699999998,307272.0,,stalled-cycles-frontend:u,stalled-cycles-frontend,493290.0,24.0,nan,,ok
253.783217,2893.0,,instructions:u,instructions,328426.0,100.0,nan,,ok
253.783217,nan,,,,nan,nan,11.21,stalled cycles per insn,unknown
253.783217,nan,,cycles:u,cycles,0.0,0.0,nan,,ok
253.783217,nan,,branches:u,branches,0.0,0.0,nan,,ok
253.783217,nan,,branch-misses:u,branch-misses,0.0,0.0,nan,,ok
253.783217,nan,,L1-dcache-loads:u,l1-dcache-loads,0.0,0.0,nan,,ok
253.783217,nan,,cache-references:u,cache-references,0.0,0.0,nan,,ok
253.783217,98.0,,cache-misses:u,cache-misses,328426.0,100.0,nan,,ok
253.783217,32422.0,,stalled-cycles-frontend:u,stalled-cycles-frontend,328426.0,100.0,nan,,ok
266.645373,24066.0,,instructions:u,instructions,3013021.0,33.0,0.01,insn per cycle,ok
266.645373,nan,,,,nan,nan,69.8,stalled cycles per insn,unknown
266.645373,3169657.0,,cycles:u,cycles,3007127.0,33.0,nan,,ok
266.645373,2615.0,,branches:u,branches,4011872.0,45.0,nan,,ok
266.645373,1223.0,,branch-misses:u,branch-misses,4949032.0,55.0,46.77,of all branches,ok
266.645373,105066.0,,L1-dcache-loads:u,l1-dcache-loads,4960394.0,55.0,nan,,ok
266.645373,32968.0,,cache-references:u,cache-references,5878694.0,66.0,nan,,ok
266.645373,2635.0,,cache-misses:u,cache-misses,5884588.0,66.0,7.99,of all cache refs,ok
266.645373,1679876.0,,stalled-cycles-frontend:u,stalled-cycles-frontend,2023622.0,22.0,53.0,frontend cycles idle,ok
278.542889,11710.0,,instructions:u,instructions,2502669.0,69.0,0.01,insn per cycle,ok
278.542889,nan,,,,nan,nan,62.59,stalled cycles per insn,unknown
278.542889,1291501.0,,cycles:u,cycles,2769175.0,76.0,nan,,ok
278.542889,1386.0,,branches:u,branches,2892967.0,79.0,nan,,ok
278.542889,463.0,,branch-misses:u,branch-misses,2902530.0,79.0,33.41,of all branches,ok
278.542889,34058.0,,L1-dcache-loads:u,l1-dcache-loads,2030143.0,55.0,nan,,ok
278.542889,11566.0,,cache-references:u,cache-references,1155736.0,31.0,nan,,ok
278.542889,1109.0,,cache-misses:u,cache-misses,898935.0,24.0,9.59,of all cache refs,ok
278.542889,732920.0,,stalled-cycles-frontend:u,stalled-cycles-frontend,1618161.0,44.0,56.75,frontend cycles idle,ok
290.665531,23877.0,,instructions:u,instructions,1906244.0,26.0,0.01,insn per cycle,ok
290.665531,nan,,,,nan,nan,54.8,stalled cycles per insn,unknown
290.665531,2647019.0,,cycles:u,cycles,1968217.0,27.0,nan,,ok
290.665531,2404.0,,branches:u,branches,2936563.0,40.0,nan,,ok
290.665531,976.0,,branch-misses:u,branch-misses,3951103.0,54.0,40.6,of all branches,ok
290.665531,80929.0,,L1-dcache-loads:u,l1-dcache-loads,4767987.0,65.0,nan,,ok
290.665531,25438.0,,cache-references:u,cache-references,5337698.0,73.0,nan,,ok
290.665531,2096.0,,cache-misses:u,cache-misses,5266020.0,72.0,8.24,of all cache refs,ok
290.665531,1308516.0,,stalled-cycles-frontend:u,stalled-cycles-frontend,965845.0,13.0,49.43,frontend cycles idle,ok
302.331402,21949.0,,instructions:u,instructions,2013843.0,37.0,0.02,insn per cycle,ok
302.331402,nan,,,,nan,nan,58.7,stalled cycles per insn,unknown
302.331402,1333334.0,,cycles:u,cycles,145903.0,2.0,nan,,ok
302.331402,2215.0,,branches:u,branches,882538.0,16.0,nan,,ok
302.331402,801.0,,branch-misses:u,branch-misses,1748358.0,32.0,36.16,of all branches,ok
302.331402,69274.0,,L1-dcache-loads:u,l1-dcache-loads,2605800.0,48.0,nan,,ok
302.331402,23266.0,,cache-references:u,cache-references,3408134.0,62.0,nan,,ok
302.331402,2073.0,,cache-misses:u,cache-misses,5291043.0,97.0,8.91,of all cache refs,ok
302.331402,1288414.0,,stalled-cycles-frontend:u,stalled-cycles-frontend,2013843.0,36.0,96.63,frontend cycles idle,ok
314.295772,17536.0,,instructions:u,instructions,2259081.0,35.0,0.01,insn per cycle,ok
314.295772,nan,,,,nan,nan,64.34,stalled cycles per insn,unknown
314.295772,2297684.0,,cycles:u,cycles,2828528.0,44.0,nan,,ok
314.295772,2129.0,,branches:u,branches,3831362.0,60.0,nan,,ok
314.295772,941.0,,branch-misses:u,branch-misses,4827480.0,76.0,44.2,of all branches,ok
314.295772,83433.0,,L1-dcache-loads:u,l1-dcache-loads,4037162.0,64.0,nan,,ok
314.295772,25871.0,,cache-references:u,cache-references,3985579.0,63.0,nan,,ok
314.295772,2023.0,,cache-misses:u,cache-misses,3401163.0,54.0,7.82,of all cache refs,ok
314.295772,1128331.0,,stalled-cycles-frontend:u,stalled-cycles-frontend,1313810.0,21.0,49.11,frontend cycles idle,ok
326.143699,27265.0,,instructions:u,instructions,3750318.0,55.0,0.01,insn per cycle,ok
326.143699,nan,,,,nan,nan,42.33,stalled cycles per insn,unknown
326.143699,2504137.0,,cycles:u,cycles,3867915.0,57.0,nan,,ok
326.143699,2553.0,,branches:u,branches,4088074.0,60.0,nan,,ok
326.143699,1049.0,,branch-misses:u,branch-misses,4088074.0,60.0,41.09,of all branches,ok
326.143699,92636.0,,L1-dcache-loads:u,l1-dcache-loads,3820199.0,56.0,nan,,ok
326.143699,26463.0,,cache-references:u,cache-references,2954818.0,44.0,nan,,ok
326.143699,2488.0,,cache-misses:u,cache-misses,2837221.0,42.0,9.4,of all cache refs,ok
326.143699,1154252.0,,stalled-cycles-frontend:u,stalled-cycles-frontend,1877975.0,28.0,46.09,frontend cycles idle,ok
337.839027,20783.0,,instructions:u,instructions,2358050.0,39.0,0.01,insn per cycle,ok
337.839027,nan,,,,nan,nan,54.7,stalled cycles per insn,unknown
337.839027,2171315.0,,cycles:u,cycles,525261.0,8.0,nan,,ok
337.839027,2154.0,,branches:u,branches,1205782.0,20.0,nan,,ok
337.839027,710.0,,branch-misses:u,branch-misses,2217311.0,37.0,32.96,of all branches,ok
337.839027,53533.0,,L1-dcache-loads:u,l1-dcache-loads,2555376.0,42.0,nan,,ok
337.839027,21409.0,,cache-references:u,cache-references,3550914.0,59.0,nan,,ok
337.839027,1840.0,,cache-misses:u,cache-misses,5395392.0,90.0,8.59,of all cache refs,ok
337.839027,1136791.0,,stalled-cycles-frontend:u,stalled-cycles-frontend,2420032.0,40.0,52.35,frontend cycles idle,ok
349.54698299999995,17579.0,,instructions:u,instructions,1369365.0,25.0,0.01,insn per cycle,ok
349.54698299999995,nan,,,,nan,nan,60.38,stalled cycles per insn,unknown
349.54698299999995,2036343.0,,cycles:u,cycles,2357279.0,44.0,nan,,ok
349.54698299999995,2266.0,,branches:u,branches,3234510.0,60.0,nan,,ok
349.54698299999995,822.0,,branch-misses:u,branch-misses,4234641.0,79.0,36.28,of all branches,ok
349.54698299999995,65535.0,,L1-dcache-loads:u,l1-dcache-loads,4772093.0,89.0,nan,,ok
349.54698299999995,22018.0,,cache-references:u,cache-references,4030321.0,75.0,nan,,ok
349.54698299999995,1846.0,,cache-misses:u,cache-misses,3038877.0,56.0,8.38,of all cache refs,ok
349.54698299999995,1061372.0,,stalled-cycles-frontend:u,stalled-cycles-frontend,426496.0,7.0,52.12,frontend cycles idle,ok
361.08724800000005,25131.0,,instructions:u,instructions,2879389.0,43.0,0.01,insn per cycle,ok
361.08724800000005,nan,,,,nan,nan,45.03,stalled cycles per insn,unknown
361.08724800000005,2333754.0,,cycles:u,cycles,2776240.0,41.0,nan,,ok
361.08724800000005,2608.0,,branches:u,branches,3767590.0,56.0,nan,,ok
361.08724800000005,1005.0,,branch-misses:u,branch-misses,4764129.0,71.0,38.54,of all branches,ok
361.08724800000005,81422.0,,L1-dcache-loads:u,l1-dcache-loads,4017559.0,60.0,nan,,ok
361.08724800000005,24972.0,,cache-references:u,cache-references,3745770.0,56.0,nan,,ok
361.08724800000005,2174.0,,cache-misses:u,cache-misses,3840760.0,58.0,8.71,of all cache refs,ok
361.08724800000005,1131531.0,,stalled-cycles-frontend:u,stalled-cycles-frontend,1888494.0,28.0,48.49,frontend cycles idle,ok
373.183089,21769.0,,instructions:u,instructions,3835921.0,45.0,0.01,insn per cycle,ok
373.183089,nan,,,,nan,nan,71.15,stalled cycles per insn,unknown
373.183089,3077975.0,,cycles:u,cycles,3956864.0,46.0,nan,,ok
373.183089,1627.0,,branches:u,branches,4963997.0,58.0,nan,,ok
373.183089,778.0,,branch-misses:u,branch-misses,5877712.0,69.0,47.82,of all branches,ok
373.183089,69416.0,,L1-dcache-loads:u,l1-dcache-loads,4735475.0,55.0,nan,,ok
373.183089,21207.0,,cache-references:u,cache-references,4696973.0,55.0,nan,,ok
373.183089,2350.0,,cache-misses:u,cache-misses,4596820.0,53.0,11.08,of all cache refs,ok
373.183089,1548930.0,,stalled-cycles-frontend:u,stalled-cycles-frontend,2789954.0,32.0,50.32,frontend cycles idle,ok
385.051827,6208.0,,instructions:u,instructions,733928.0,25.0,0.01,insn per cycle,ok
385.051827,958265.0,,cycles:u,cycles,731608.0,25.0,nan,,ok
385.051827,574.0,,branches:u,branches,745413.0,25.0,nan,,ok
385.051827,260.0,,branch-misses:u,branch-misses,835986.0,29.0,45.3,of all branches,ok
385.051827,27769.0,,L1-dcache-loads:u,l1-dcache-loads,1838734.0,64.0,nan,,ok
385.051827,10137.0,,cache-references:u,cache-references,2052045.0,71.0,nan,,ok
385.051827,794.0,,cache-misses:u,cache-misses,2052670.0,72.0,7.83,of all cache refs,ok
385.051827,0.0,,stalled-cycles-frontend:u,stalled-cycles-frontend,21415.0,0.0,nan,,ok
396.681627,39912.0,,instructions:u,instructions,3274158.0,29.0,0.01,insn per cycle,ok
396.681627,nan,,,,nan,nan,61.17,stalled cycles per insn,unknown
396.681627,4259788.0,,cycles:u,cycles,4271678.0,38.0,nan,,ok
396.681627,3385.0,,branches:u,branches,6229259.0,56.0,nan,,ok
396.681627,1583.0,,branch-misses:u,branch-misses,8035577.0,72.0,46.77,of all branches,ok
396.681627,135713.0,,L1-dcache-loads:u,l1-dcache-loads,8015948.0,72.0,nan,,ok
396.681627,43929.0,,cache-references:u,cache-references,7805213.0,70.0,nan,,ok
396.681627,3476.0,,cache-misses:u,cache-misses,6788598.0,61.0,7.91,of all cache refs,ok
396.681627,2441571.0,,stalled-cycles-frontend:u,stalled-cycles-frontend,2007447.0,18.0,57.32,frontend cycles idle,ok
408.30057,21173.0,,instructions:u,instructions,2940835.0,51.0,0.01,insn per cycle,ok
408.30057,nan,,,,nan,nan,51.56,stalled cycles per insn,unknown
408.30057,2278581.0,,cycles:u,cycles,2996508.0,52.0,nan,,ok
408.30057,1673.0,,branches:u,branches,3037682.0,52.0,nan,,ok
408.30057,855.0,,branch-misses:u,branch-misses,3765313.0,65.0,51.11,of all branches,ok
408.30057,84330.0,,L1-dcache-loads:u,l1-dcache-loads,3756210.0,65.0,nan,,ok
408.30057,26701.0,,cache-references:u,cache-references,2790660.0,48.0,nan,,ok
408.30057,2466.0,,cache-misses:u,cache-misses,2734987.0,47.0,9.24,of all cache refs,ok
408.30057,1091623.0,,stalled-cycles-frontend:u,stalled-cycles-frontend,1948735.0,34.0,47.91,frontend cycles idle,ok
419.206381,37210.0,,instructions:u,instructions,4876571.0,44.0,0.01,insn per cycle,ok
419.206381,nan,,,,nan,nan,60.03,stalled cycles per insn,unknown
419.206381,4401303.0,,cycles:u,cycles,3902009.0,35.0,nan,,ok
419.206381,3301.0,,branches:u,branches,4907437.0,45.0,nan,,ok
419.206381,1563.0,,branch-misses:u,branch-misses,5941161.0,54.0,47.35,of all branches,ok
419.206381,139194.0,,L1-dcache-loads:u,l1-dcache-loads,5003008.0,45.0,nan,,ok
419.206381,44281.0,,cache-references:u,cache-references,5960669.0,54.0,nan,,ok
419.206381,3628.0,,cache-misses:u,cache-misses,6955016.0,63.0,8.19,of all cache refs,ok
419.206381,2233732.0,,stalled-cycles-frontend:u,stalled-cycles-frontend,3984429.0,36.0,50.75,frontend cycles idle,ok
431.137586,51392.0,,instructions:u,instructions,6496811.0,36.0,0.01,insn per cycle,ok
431.137586,nan,,,,nan,nan,64.85,stalled cycles per insn,unknown
431.137586,5613288.0,,cycles:u,cycles,6488837.0,36.0,nan,,ok
431.137586,5371.0,,branches:u,branches,9334178.0,51.0,nan,,ok
431.137586,2520.0,,branch-misses:u,branch-misses,11346561.0,62.0,46.92,of all branches,ok
431.137586,229044.0,,L1-dcache-loads:u,l1-dcache-loads,10836615.0,60.0,nan,,ok
431.137586,66155.0,,cache-references:u,cache-references,11578327.0,64.0,nan,,ok
431.137586,5238.0,,cache-misses:u,cache-misses,11593895.0,64.0,7.92,of all cache refs,ok
431.137586,3333011.0,,stalled-cycles-frontend:u,stalled-cycles-frontend,4502467.0,24.0,59.38,frontend cycles idle,ok
443.204302,43339.0,,instructions:u,instructions,4622393.0,36.0,0.01,insn per cycle,ok
443.204302,nan,,,,nan,nan,60.6,stalled cycles per insn,unknown
443.204302,4643947.0,,cycles:u,cycles,3842849.0,30.0,nan,,ok
443.204302,3829.0,,branches:u,branches,4985030.0,39.0,nan,,ok
443.204302,1740.0,,branch-misses:u,branch-misses,6941938.0,54.0,45.44,of all branches,ok
443.204302,160105.0,,L1-dcache-loads:u,l1-dcache-loads,7771705.0,61.0,nan,,ok
443.204302,53060.0,,cache-references:u,cache-references,8025567.0,63.0,nan,,ok
443.204302,4406.0,,cache-misses:u,cache-misses,8802158.0,69.0,8.3,of all cache refs,ok
443.204302,2626376.0,,stalled-cycles-frontend:u,stalled-cycles-frontend,2893248.0,22.0,56.55,frontend cycles idle,ok
455.02115999999995,61053.0,,instructions:u,instructions,8322178.0,40.0,0.01,insn per cycle,ok
455.02115999999995,nan,,,,nan,nan,63.59,stalled cycles per insn,unknown
455.02115999999995,6169934.0,,cycles:u,cycles,9952108.0,48.0,nan,,ok
455.02115999999995,5204.0,,branches:u,branches,12671228.0,61.0,nan,,ok
455.02115999999995,2396.0,,branch-misses:u,branch-misses,14699651.0,70.0,46.04,of all branches,ok
455.02115999999995,205935.0,,L1-dcache-loads:u,l1-dcache-loads,13728740.0,66.0,nan,,ok
455.02115999999995,58979.0,,cache-references:u,cache-references,12461288.0,59.0,nan,,ok
455.02115999999995,5009.0,,cache-misses:u,cache-misses,10774793.0,51.0,8.49,of all cache refs,ok
455.02115999999995,3882561.0,,stalled-cycles-frontend:u,stalled-cycles-frontend,4966149.0,23.0,62.93,frontend cycles idle,ok
466.568787,54432.0,,instructions:u,instructions,3009826.0,26.0,0.01,insn per cycle,ok
466.568787,nan,,,,nan,nan,50.44,stalled cycles per insn,unknown
466.568787,4780710.0,,cycles:u,cycles,3293421.0,28.0,nan,,ok
466.568787,4207.0,,branches:u,branches,5285318.0,45.0,nan,,ok
466.568787,1815.0,,branch-misses:u,branch-misses,7254135.0,62.0,43.14,of all branches,ok
466.568787,153736.0,,L1-dcache-loads:u,l1-dcache-loads,8240372.0,71.0,nan,,ok
466.568787,49067.0,,cache-references:u,cache-references,8486092.0,73.0,nan,,ok
466.568787,4343.0,,cache-misses:u,cache-misses,8244928.0,71.0,8.85,of all cache refs,ok
466.568787,2745777.0,,stalled-cycles-frontend:u,stalled-cycles-frontend,2007570.0,17.0,57.43,frontend cycles idle,ok
478.078726,54514.0,,instructions:u,instructions,6459670.0,39.0,0.01,insn per cycle,ok
478.078726,nan,,,,nan,nan,55.72,stalled cycles per insn,unknown
478.078726,5679141.0,,cycles:u,cycles,4767228.0,29.0,nan,,ok
478.078726,4535.0,,branches:u,branches,6727696.0,41.0,nan,,ok
478.078726,1954.0,,branch-misses:u,branch-misses,8735808.0,53.0,43.09,of all branches,ok
478.078726,170358.0,,L1-dcache-loads:u,l1-dcache-loads,8738599.0,53.0,nan,,ok
478.078726,52756.0,,cache-references:u,cache-references,9660763.0,59.0,nan,,ok
478.078726,4879.0,,cache-misses:u,cache-misses,11406488.0,70.0,9.25,of all cache refs,ok
478.078726,3037471.0,,stalled-cycles-frontend:u,stalled-cycles-frontend,4776079.0,29.0,53.48,frontend cycles idle,ok
489.829114,64649.0,,instructions:u,instructions,5496668.0,34.0,0.01,insn per cycle,ok
489.829114,nan,,,,nan,nan,53.47,stalled cycles per insn,unknown
489.829114,5224334.0,,cycles:u,cycles,7218430.0,45.0,nan,,ok
489.829114,4743.0,,branches:u,branches,10213313.0,63.0,nan,,ok
489.829114,2008.0,,branch-misses:u,branch-misses,12228949.0,76.0,42.34,of all branches,ok
489.829114,163805.0,,L1-dcache-loads:u,l1-dcache-loads,11799121.0,73.0,nan,,ok
489.829114,49306.0,,cache-references:u,cache-references,10557584.0,66.0,nan,,ok
489.829114,4330.0,,cache-misses:u,cache-misses,8784599.0,55.0,8.78,of all cache refs,ok
489.829114,3456955.0,,stalled-cycles-frontend:u,stalled-cycles-frontend,3191437.0,19.0,66.17,frontend cycles idle,ok
501.79939399999995,53785.0,,instructions:u,instructions,5489220.0,40.0,0.01,insn per cycle,ok
501.79939399999995,nan,,,,nan,nan,54.99,stalled cycles per insn,unknown
501.79939399999995,5505234.0,,cycles:u,cycles,4488426.0,33.0,nan,,ok
501.79939399999995,4303.0,,branches:u,branches,5502682.0,40.0,nan,,ok
501.79939399999995,1791.0,,branch-misses:u,branch-misses,7489353.0,55.0,41.62,of all branches,ok
501.79939399999995,160917.0,,L1-dcache-loads:u,l1-dcache-loads,7470515.0,55.0,nan,,ok
501.79939399999995,51472.0,,cache-references:u,cache-references,7944178.0,58.0,nan,,ok
501.79939399999995,4952.0,,cache-misses:u,cache-misses,8957126.0,66.0,9.62,of all cache refs,ok
501.79939399999995,2957578.0,,stalled-cycles-frontend:u,stalled-cycles-frontend,4020980.0,29.0,53.72,frontend cycles idle,ok
513.171376,49898.0,,instructions:u,instructions,6527186.0,40.0,0.01,insn per cycle,ok
513.171376,nan,,,,nan,nan,53.79,stalled cycles per insn,unknown
513.171376,4450025.0,,cycles:u,cycles,6559562.0,40.0,nan,,ok
513.171376,4234.0,,branches:u,branches,8533262.0,53.0,nan,,ok
513.171376,1821.0,,branch-misses:u,branch-misses,10531360.0,65.0,43.01,of all branches,ok
513.171376,158192.0,,L1-dcache-loads:u,l1-dcache-loads,10000184.0,62.0,nan,,ok
513.171376,44944.0,,cache-references:u,cache-references,9513128.0,59.0,nan,,ok
513.171376,4043.0,,cache-misses:u,cache-misses,9456246.0,59.0,9.0,of all cache refs,ok
513.171376,2683794.0,,stalled-cycles-frontend:u,stalled-cycles-frontend,4006040.0,25.0,60.31,frontend cycles idle,ok
524.938736,nan,,instructions:u,instructions,0.0,100.0,nan,,ok
524.938736,nan,,cycles:u,cycles,0.0,100.0,nan,,ok
524.938736,nan,,branches:u,branches,0.0,100.0,nan,,ok
524.938736,nan,,branch-misses:u,branch-misses,0.0,100.0,nan,,ok
524.938736,nan,,L1-dcache-loads:u,l1-dcache-loads,0.0,100.0,nan,,ok
524.938736,nan,,cache-references:u,cache-references,0.0,100.0,nan,,ok
524.938736,nan,,cache-misses:u,cache-misses,0.0,100.0,nan,,ok
524.938736,nan,,stalled-cycles-frontend:u,stalled-cycles-frontend,0.0,100.0,nan,,ok
537.052558,52010.0,,instructions:u,instructions,3003048.0,22.0,0.01,insn per cycle,ok
537.052558,nan,,,,nan,nan,51.45,stalled cycles per insn,unknown
537.052558,4963219.0,,cycles:u,cycles,3990621.0,30.0,nan,,ok
537.052558,3632.0,,branches:u,branches,5988690.0,45.0,nan,,ok
537.052558,1545.0,,branch-misses:u,branch-misses,7996822.0,60.0,42.54,of all branches,ok
537.052558,129370.0,,L1-dcache-loads:u,l1-dcache-loads,9765586.0,74.0,nan,,ok
537.052558,36770.0,,cache-references:u,cache-references,10223279.0,77.0,nan,,ok
537.052558,3777.0,,cache-misses:u,cache-misses,9273920.0,69.0,10.27,of all cache refs,ok
537.052558,2676058.0,,stalled-cycles-frontend:u,stalled-cycles-frontend,2004920.0,15.0,53.92,frontend cycles idle,ok
549.105144,0.0,,instructions:u,instructions,20445.0,3.0,nan,,ok
549.105144,nan,,cycles:u,cycles,0.0,0.0,nan,,ok
549.105144,nan,,branches:u,branches,0.0,0.0,nan,,ok
549.105144,nan,,branch-misses:u,branch-misses,0.0,0.0,nan,,ok
549.105144,4227.0,,L1-dcache-loads:u,l1-dcache-loads,204444.0,45.0,nan,,ok
549.105144,1072.0,,cache-references:u,cache-references,389473.0,95.0,nan,,ok
549.105144,88.0,,cache-misses:u,cache-misses,371704.0,100.0,8.21,of all cache refs,ok
549.105144,0.0,,stalled-cycles-frontend:u,stalled-cycles-frontend,20445.0,6.0,nan,,ok
560.604098,29380.0,,instructions:u,instructions,5985492.0,64.0,0.01,insn per cycle,ok
560.604098,nan,,,,nan,nan,55.76,stalled cycles per insn,unknown
560.604098,2494045.0,,cycles:u,cycles,5031504.0,54.0,nan,,ok
560.604098,2393.0,,branches:u,branches,6035974.0,65.0,nan,,ok
560.604098,1057.0,,branch-misses:u,branch-misses,6347446.0,68.0,44.17,of all branches,ok
560.604098,92219.0,,L1-dcache-loads:u,l1-dcache-loads,4350793.0,46.0,nan,,ok
560.604098,26899.0,,cache-references:u,cache-references,3336165.0,35.0,nan,,ok
560.604098,2975.0,,cache-misses:u,cache-misses,4303976.0,46.0,11.06,of all cache refs,ok
560.604098,1638360.0,,stalled-cycles-frontend:u,stalled-cycles-frontend,3990417.0,42.0,65.69,frontend cycles idle,ok
572.349664,16257.0,,instructions:u,instructions,1021150.0,27.0,nan,,ok
572.349664,nan,,,,nan,nan,46.98,stalled cycles per insn,unknown
572.349664,0.0,,cycles:u,cycles,24565.0,0.0,nan,,ok
572.349664,0.0,,branches:u,branches,24565.0,0.0,nan,,ok
572.349664,510.0,,branch-misses:u,branch-misses,711571.0,19.0,nan,,ok
572.349664,46492.0,,L1-dcache-loads:u,l1-dcache-loads,1672213.0,45.0,nan,,ok
572.349664,15405.0,,cache-references:u,cache-references,2660700.0,72.0,nan,,ok
572.349664,1470.0,,cache-misses:u,cache-misses,3643462.0,99.0,9.54,of all cache refs,ok
572.349664,763732.0,,stalled-cycles-frontend:u,stalled-cycles-frontend,1021150.0,27.0,nan,,ok
584.0156370000001,19889.0,,instructions:u,instructions,506882.0,9.0,0.01,insn per cycle,ok
584.0156370000001,nan,,,,nan,nan,42.67,stalled cycles per insn,unknown
584.0156370000001,2431029.0,,cycles:u,cycles,987447.0,17.0,nan,,ok
584.0156370000001,2308.0,,branches:u,branches,1990565.0,36.0,nan,,ok
584.0156370000001,895.0,,branch-misses:u,branch-misses,2995993.0,54.0,38.78,of all branches,ok
584.0156370000001,78790.0,,L1-dcache-loads:u,l1-dcache-loads,3994774.0,72.0,nan,,ok
584.0156370000001,25335.0,,cache-references:u,cache-references,4990295.0,90.0,nan,,ok
584.0156370000001,2437.0,,cache-misses:u,cache-misses,4509730.0,82.0,9.62,of all cache refs,ok
584.0156370000001,848573.0,,stalled-cycles-frontend:u,stalled-cycles-frontend,506882.0,9.0,34.91,frontend cycles idle,ok
595.794001,22525.0,,instructions:u,instructions,3970379.0,79.0,0.01,insn per cycle,ok
595.794001,nan,,,,nan,nan,42.38,stalled cycles per insn,unknown
595.794001,1890790.0,,cycles:u,cycles,3979927.0,79.0,nan,,ok
595.794001,1767.0,,branches:u,branches,4014647.0,80.0,nan,,ok
595.794001,724.0,,branch-misses:u,branch-misses,4014647.0,80.0,40.97,of all branches,ok
595.794001,61129.0,,L1-dcache-loads:u,l1-dcache-loads,2719958.0,54.0,nan,,ok
595.794001,18327.0,,cache-references:u,cache-references,1029600.0,20.0,nan,,ok
595.794001,2298.0,,cache-misses:u,cache-misses,1020052.0,20.0,12.54,of all cache refs,ok
595.794001,954697.0,,stalled-cycles-frontend:u,stalled-cycles-frontend,2280021.0,45.0,50.49,frontend cycles idle,ok
607.653985,19527.0,,instructions:u,instructions,983942.0,19.0,0.01,insn per cycle,ok
607.653985,1947039.0,,cycles:u,cycles,1986542.0,39.0,nan,,ok
607.653985,1855.0,,branches:u,branches,2985475.0,59.0,nan,,ok
607.653985,865.0,,branch-misses:u,branch-misses,3976331.0,79.0,46.63,of all branches,ok
607.653985,77667.0,,L1-dcache-loads:u,l1-dcache-loads,4975735.0,99.0,nan,,ok
607.653985,22718.0,,cache-references:u,cache-references,4025013.0,80.0,nan,,ok
607.653985,2305.0,,cache-misses:u,cache-misses,3022413.0,60.0,10.15,of all cache refs,ok
607.653985,nan,,stalled-cycles-frontend:u,stalled-cycles-frontend,0.0,0.0,nan,,ok
619.078849,9573.0,,instructions:u,instructions,842233.0,15.0,nan,,ok
619.078849,nan,,,,nan,nan,112.28,stalled cycles per insn,unknown
619.078849,nan,,cycles:u,cycles,0.0,0.0,nan,,ok
619.078849,1661.0,,branches:u,branches,960369.0,17.0,nan,,ok
619.078849,695.0,,branch-misses:u,branch-misses,1958067.0,35.0,41.84,of all branches,ok
619.078849,69172.0,,L1-dcache-loads:u,l1-dcache-loads,2962038.0,53.0,nan,,ok
619.078849,20931.0,,cache-references:u,cache-references,4642965.0,82.0,nan,,ok
619.078849,2083.0,,cache-misses:u,cache-misses,5640926.0,99.0,9.95,of all cache refs,ok
619.078849,1074865.0,,stalled-cycles-frontend:u,stalled-cycles-frontend,1065510.0,18.0,nan,,ok
631.6430809999999,45343.0,,instructions:u,instructions,5158670.0,54.0,0.01,insn per cycle,ok
631.6430809999999,nan,,,,nan,nan,41.59,stalled cycles per insn,unknown
631.6430809999999,3891420.0,,cycles:u,cycles,5999007.0,63.0,nan,,ok
631.6430809999999,3631.0,,branches:u,branches,7027682.0,74.0,nan,,ok
631.6430809999999,1460.0,,branch-misses:u,branch-misses,7385100.0,78.0,40.21,of all branches,ok
631.6430809999999,136464.0,,L1-dcache-loads:u,l1-dcache-loads,5394007.0,57.0,nan,,ok
631.6430809999999,46575.0,,cache-references:u,cache-references,4400687.0,46.0,nan,,ok
631.6430809999999,5861.0,,cache-misses:u,cache-misses,3415642.0,36.0,12.58,of all cache refs,ok
631.6430809999999,1885899.0,,stalled-cycles-frontend:u,stalled-cycles-frontend,2934406.0,31.0,48.46,frontend cycles idle,ok
643.649092,nan,,instructions:u,instructions,0.0,0.0,nan,,ok
643.649092,nan,,cycles:u,cycles,0.0,0.0,nan,,ok
643.649092,659.0,,branches:u,branches,989588.0,48.0,nan,,ok
643.649092,293.0,,branch-misses:u,branch-misses,2011630.0,98.0,44.46,of all branches,ok
643.649092,25640.0,,L1-dcache-loads:u,l1-dcache-loads,2033527.0,100.0,nan,,ok
643.649092,7672.0,,cache-references:u,cache-references,2030569.0,100.0,nan,,ok
643.649092,841.0,,cache-misses:u,cache-misses,2029958.0,100.0,10.96,of all cache refs,ok
643.649092,nan,,stalled-cycles-frontend:u,stalled-cycles-frontend,0.0,0.0,nan,,ok
655.549038,14689.0,,instructions:u,instructions,1026767.0,27.0,nan,,ok
655.549038,nan,,,,nan,nan,45.1,stalled cycles per insn,unknown
655.549038,0.0,,cycles:u,cycles,32018.0,0.0,nan,,ok
655.549038,0.0,,branches:u,branches,32018.0,0.0,nan,,ok
655.549038,557.0,,branch-misses:u,branch-misses,654274.0,17.0,nan,,ok
655.549038,47664.0,,L1-dcache-loads:u,l1-dcache-loads,1608472.0,44.0,nan,,ok
655.549038,14042.0,,cache-references:u,cache-references,2599116.0,71.0,nan,,ok
655.549038,1382.0,,cache-misses:u,cache-misses,3583456.0,99.0,9.84,of all cache refs,ok
655.549038,662544.0,,stalled-cycles-frontend:u,stalled-cycles-frontend,1026767.0,28.0,nan,,ok
667.746905,897.0,,instructions:u,instructions,414957.0,100.0,0.01,insn per cycle,ok
667.746905,nan,,,,nan,nan,85.59,stalled cycles per insn,unknown
667.746905,134948.0,,cycles:u,cycles,435942.0,100.0,nan,,ok
667.746905,84.0,,branches:u,branches,449358.0,100.0,nan,,ok
667.746905,40.0,,branch-misses:u,branch-misses,458635.0,100.0,47.62,of all branches,ok
667.746905,nan,,L1-dcache-loads:u,l1-dcache-loads,0.0,0.0,nan,,ok
667.746905,nan,,cache-references:u,cache-references,0.0,0.0,nan,,ok
667.746905,nan,,cache-misses:u,cache-misses,0.0,0.0,nan,,ok
667.746905,76770.0,,stalled-cycles-frontend:u,stalled-cycles-frontend,484384.0,100.0,56.89,frontend cycles idle,ok
681.308178,18804.0,,instructions:u,instructions,1565378.0,34.0,0.01,insn per cycle,ok
681.308178,nan,,,,nan,nan,57.63,stalled cycles per insn,unknown
681.308178,1853449.0,,cycles:u,cycles,2541708.0,55.0,nan,,ok
681.308178,980.0,,branches:u,branches,3522346.0,77.0,nan,,ok
681.308178,541.0,,branch-misses:u,branch-misses,4511472.0,99.0,55.2,of all branches,ok
681.308178,44705.0,,L1-dcache-loads:u,l1-dcache-loads,4015551.0,88.0,nan,,ok
681.308178,11699.0,,cache-references:u,cache-references,3008271.0,66.0,nan,,ok
681.308178,1488.0,,cache-misses:u,cache-misses,2010956.0,44.0,12.72,of all cache refs,ok
681.308178,1083667.0,,stalled-cycles-frontend:u,stalled-cycles-frontend,488671.0,10.0,58.47,frontend cycles idle,ok
694.675608,27787.0,,instructions:u,instructions,2393807.0,37.0,0.01,insn per cycle,ok
694.675608,nan,,,,nan,nan,45.02,stalled cycles per insn,unknown
694.675608,2692791.0,,cycles:u,cycles,1022235.0,16.0,nan,,ok
694.675608,2505.0,,branches:u,branches,1022235.0,16.0,nan,,ok
694.675608,981.0,,branch-misses:u,branch-misses,1022235.0,15.0,39.16,of all branches,ok
694.675608,72555.0,,L1-dcache-loads:u,l1-dcache-loads,2001365.0,31.0,nan,,ok
694.675608,22444.0,,cache-references:u,cache-references,3973369.0,62.0,nan,,ok
694.675608,2470.0,,cache-misses:u,cache-misses,5394527.0,84.0,11.01,of all cache refs,ok
694.675608,1250888.0,,stalled-cycles-frontend:u,stalled-cycles-frontend,2431286.0,37.0,46.45,frontend cycles idle,ok
706.221575,10187.0,,instructions:u,instructions,2637493.0,99.0,0.01,insn per cycle,ok
706.221575,nan,,,,nan,nan,41.03,stalled cycles per insn,unknown
706.221575,1123679.0,,cycles:u,cycles,2031229.0,76.0,nan,,ok
706.221575,936.0,,branches:u,branches,2031229.0,76.0,nan,,ok
706.221575,402.0,,branch-misses:u,branch-misses,2031229.0,77.0,42.95,of all branches,ok
706.221575,43605.0,,L1-dcache-loads:u,l1-dcache-loads,1023235.0,38.0,nan,,ok
706.221575,0.0,,cache-references:u,cache-references,25437.0,0.0,nan,,ok
706.221575,637.0,,cache-misses:u,cache-misses,582115.0,22.0,nan,,ok
706.221575,417946.0,,stalled-cycles-frontend:u,stalled-cycles-frontend,1575960.0,60.0,37.19,frontend cycles idle,ok
718.322357,9375.0,,instructions:u,instructions,990825.0,33.0,0.01,insn per cycle,ok
718.322357,1173098.0,,cycles:u,cycles,1978557.0,65.0,nan,,ok
718.322357,946.0,,branches:u,branches,2982219.0,98.0,nan,,ok
718.322357,361.0,,branch-misses:u,branch-misses,3050531.0,100.0,38.16,of all branches,ok
718.322357,32381.0,,L1-dcache-loads:u,l1-dcache-loads,3062463.0,100.0,nan,,ok
718.322357,11584.0,,cache-references:u,cache-references,2084159.0,67.0,nan,,ok
718.322357,1384.0,,cache-misses:u,cache-misses,1115078.0,36.0,11.95,of all cache refs,ok
718.322357,nan,,stalled-cycles-frontend:u,stalled-cycles-frontend,0.0,0.0,nan,,ok
730.524172,0.0,,instructions:u,instructions,20392.0,0.0,0.0,insn per cycle,ok
730.524172,2327935.0,,cycles:u,cycles,988669.0,16.0,nan,,ok
730.524172,1826.0,,branches:u,branches,1987558.0,33.0,nan,,ok
730.524172,834.0,,branch-misses:u,branch-misses,3918200.0,65.0,45.67,of all branches,ok
730.524172,79824.0,,L1-dcache-loads:u,l1-dcache-loads,4934504.0,82.0,nan,,ok
730.524172,24151.0,,cache-references:u,cache-references,5919867.0,99.0,nan,,ok
730.524172,2631.0,,cache-misses:u,cache-misses,4932939.0,83.0,10.89,of all cache refs,ok
730.524172,0.0,,stalled-cycles-frontend:u,stalled-cycles-frontend,20392.0,0.0,nan,,ok
742.068808,nan,,instructions:u,instructions,0.0,100.0,nan,,ok
742.068808,nan,,cycles:u,cycles,0.0,100.0,nan,,ok
742.068808,nan,,branches:u,branches,0.0,100.0,nan,,ok
742.068808,nan,,branch-misses:u,branch-misses,0.0,100.0,nan,,ok
742.068808,nan,,L1-dcache-loads:u,l1-dcache-loads,0.0,100.0,nan,,ok
742.068808,nan,,cache-references:u,cache-references,0.0,100.0,nan,,ok
742.068808,nan,,cache-misses:u,cache-misses,0.0,100.0,nan,,ok
742.068808,nan,,stalled-cycles-frontend:u,stalled-cycles-frontend,0.0,100.0,nan,,ok
754.056105,29344.0,,instructions:u,instructions,5020749.0,57.0,0.01,insn per cycle,ok
754.056105,nan,,,,nan,nan,50.9,stalled cycles per insn,unknown
754.056105,2835440.0,,cycles:u,cycles,4039823.0,46.0,nan,,ok
754.056105,2478.0,,branches:u,branches,4790119.0,54.0,nan,,ok
754.056105,1039.0,,branch-misses:u,branch-misses,4801788.0,54.0,41.93,of all branches,ok
754.056105,89581.0,,L1-dcache-loads:u,l1-dcache-loads,3773777.0,42.0,nan,,ok
754.056105,27104.0,,cache-references:u,cache-references,3770453.0,42.0,nan,,ok
754.056105,3012.0,,cache-misses:u,cache-misses,4761637.0,54.0,11.11,of all cache refs,ok
754.056105,1493670.0,,stalled-cycles-frontend:u,stalled-cycles-frontend,4007136.0,45.0,52.68,frontend cycles idle,ok
765.788458,48804.0,,instructions:u,instructions,3477536.0,29.0,0.01,insn per cycle,ok
765.788458,nan,,,,nan,nan,43.5,stalled cycles per insn,unknown
765.788458,5110172.0,,cycles:u,cycles,3001844.0,25.0,nan,,ok
765.788458,3989.0,,branches:u,branches,4254660.0,36.0,nan,,ok
765.788458,1591.0,,branch-misses:u,branch-misses,6235232.0,53.0,39.88,of all branches,ok
765.788458,163988.0,,L1-dcache-loads:u,l1-dcache-loads,7218985.0,61.0,nan,,ok
765.788458,47518.0,,cache-references:u,cache-references,8199943.0,70.0,nan,,ok
765.788458,4797.0,,cache-misses:u,cache-misses,8700425.0,74.0,10.1,of all cache refs,ok
765.788458,2123094.0,,stalled-cycles-frontend:u,stalled-cycles-frontend,2517465.0,21.0,41.55,frontend cycles idle,ok
777.4059920000001,51627.0,,instructions:u,instructions,5544844.0,47.0,0.01,insn per cycle,ok
777.4059920000001,nan,,,,nan,nan,42.3,stalled cycles per insn,unknown
777.4059920000001,5023283.0,,cycles:u,cycles,6009227.0,51.0,nan,,ok
777.4059920000001,4508.0,,branches:u,branches,7123055.0,61.0,nan,,ok
777.4059920000001,1846.0,,branch-misses:u,branch-misses,8133866.0,69.0,40.95,of all branches,ok
777.4059920000001,162734.0,,L1-dcache-loads:u,l1-dcache-loads,7138979.0,61.0,nan,,ok
777.4059920000001,44784.0,,cache-references:u,cache-references,6140735.0,52.0,nan,,ok
777.4059920000001,4342.0,,cache-misses:u,cache-misses,5652318.0,48.0,9.7,of all cache refs,ok
777.4059920000001,2184020.0,,stalled-cycles-frontend:u,stalled-cycles-frontend,3497613.0,29.0,43.48,frontend cycles idle,ok
789.715825,42611.0,,instructions:u,instructions,994435.0,15.0,0.01,insn per cycle,ok
789.715825,2956743.0,,cycles:u,cycles,1997230.0,31.0,nan,,ok
789.715825,2969.0,,branches:u,branches,3882685.0,62.0,nan,,ok
789.715825,1046.0,,branch-misses:u,branch-misses,5862886.0,93.0,35.23,of all branches,ok
789.715825,91679.0,,L1-dcache-loads:u,l1-dcache-loads,6250064.0,100.0,nan,,ok
789.715825,29039.0,,cache-references:u,cache-references,5253023.0,84.0,nan,,ok
789.715825,3007.0,,cache-misses:u,cache-misses,4251674.0,68.0,10.36,of all cache refs,ok
789.715825,nan,,stalled-cycles-frontend:u,stalled-cycles-frontend,0.0,0.0,nan,,ok
801.7818410000001,64864.0,,instructions:u,instructions,5479508.0,45.0,0.01,insn per cycle,ok
801.7818410000001,nan,,,,nan,nan,36.74,stalled cycles per insn,unknown
801.7818410000001,4970636.0,,cycles:u,cycles,4509950.0,37.0,nan,,ok
801.7818410000001,5197.0,,branches:u,branches,5530895.0,45.0,nan,,ok
801.7818410000001,2047.0,,branch-misses:u,branch-misses,6550783.0,53.0,39.39,of all branches,ok
801.7818410000001,169836.0,,L1-dcache-loads:u,l1-dcache-loads,6136822.0,50.0,nan,,ok
801.7818410000001,48296.0,,cache-references:u,cache-references,6567640.0,54.0,nan,,ok
801.7818410000001,5793.0,,cache-misses:u,cache-misses,7551759.0,62.0,11.99,of all cache refs,ok
801.7818410000001,2383403.0,,stalled-cycles-frontend:u,stalled-cycles-frontend,4002285.0,32.0,47.95,frontend cycles idle,ok
813.565699,58502.0,,instructions:u,instructions,5552330.0,35.0,0.01,insn per cycle,ok
813.565699,nan,,,,nan,nan,47.71,stalled cycles per insn,unknown
813.565699,4920879.0,,cycles:u,cycles,5525812.0,35.0,nan,,ok
813.565699,5150.0,,branches:u,branches,7500968.0,47.0,nan,,ok
813.565699,1950.0,,branch-misses:u,branch-misses,9476761.0,60.0,37.86,of all branches,ok
813.565699,179214.0,,L1-dcache-loads:u,l1-dcache-loads,9730727.0,61.0,nan,,ok
813.565699,55273.0,,cache-references:u,cache-references,10275901.0,65.0,nan,,ok
813.565699,6084.0,,cache-misses:u,cache-misses,10289125.0,65.0,11.01,of all cache refs,ok
813.565699,2791349.0,,stalled-cycles-frontend:u,stalled-cycles-frontend,4001149.0,25.0,56.72,frontend cycles idle,ok
825.669224,52215.0,,instructions:u,instructions,5339440.0,44.0,0.01,insn per cycle,ok
825.669224,nan,,,,nan,nan,41.19,stalled cycles per insn,unknown
825.669224,5113892.0,,cycles:u,cycles,4367788.0,36.0,nan,,ok
825.669224,4398.0,,branches:u,branches,5383034.0,44.0,nan,,ok
825.669224,1684.0,,branch-misses:u,branch-misses,6383921.0,52.0,38.29,of all branches,ok
825.669224,162757.0,,L1-dcache-loads:u,l1-dcache-loads,6081929.0,50.0,nan,,ok
825.669224,49468.0,,cache-references:u,cache-references,6691713.0,55.0,nan,,ok
825.669224,5705.0,,cache-misses:u,cache-misses,7664210.0,63.0,11.53,of all cache refs,ok
825.669224,2150885.0,,stalled-cycles-frontend:u,stalled-cycles-frontend,3997599.0,33.0,42.06,frontend cycles idle,ok
837.366436,69517.0,,instructions:u,instructions,4648123.0,29.0,0.01,insn per cycle,ok
837.366436,nan,,,,nan,nan,45.23,stalled cycles per insn,unknown
837.366436,4954825.0,,cycles:u,cycles,6615006.0,42.0,nan,,ok
837.366436,5501.0,,branches:u,branches,9603823.0,61.0,nan,,ok
837.366436,2061.0,,branch-misses:u,branch-misses,12589065.0,80.0,37.47,of all branches,ok
837.366436,193071.0,,L1-dcache-loads:u,l1-dcache-loads,12695345.0,80.0,nan,,ok
837.366436,59582.0,,cache-references:u,cache-references,11114293.0,70.0,nan,,ok
837.366436,7737.0,,cache-misses:u,cache-misses,9148273.0,58.0,12.99,of all cache refs,ok
837.366436,3144305.0,,stalled-cycles-frontend:u,stalled-cycles-frontend,2003659.0,12.0,63.46,frontend cycles idle,ok
848.9434679999999,63516.0,,instructions:u,instructions,4638871.0,40.0,0.01,insn per cycle,ok
848.9434679999999,nan,,,,nan,nan,35.33,stalled cycles per insn,unknown
848.9434679999999,5261169.0,,cycles:u,cycles,3658170.0,31.0,nan,,ok
848.9434679999999,5467.0,,branches:u,branches,4671462.0,40.0,nan,,ok
848.9434679999999,1868.0,,branch-misses:u,branch-misses,5685532.0,48.0,34.17,of all branches,ok
848.9434679999999,172179.0,,L1-dcache-loads:u,l1-dcache-loads,5911646.0,50.0,nan,,ok
848.9434679999999,50576.0,,cache-references:u,cache-references,6885056.0,59.0,nan,,ok
848.9434679999999,6089.0,,cache-misses:u,cache-misses,7870927.0,67.0,12.04,of all cache refs,ok
848.9434679999999,2244116.0,,stalled-cycles-frontend:u,stalled-cycles-frontend,3730888.0,32.0,42.65,frontend cycles idle,ok
864.383653,32140.0,,instructions:u,instructions,1538770.0,18.0,0.01,insn per cycle,ok
864.383653,nan,,,,nan,nan,39.68,stalled cycles per insn,unknown
864.383653,3642617.0,,cycles:u,cycles,2346158.0,27.0,nan,,ok
864.383653,3508.0,,branches:u,branches,3333372.0,39.0,nan,,ok
864.383653,1270.0,,branch-misses:u,branch-misses,4281712.0,50.0,36.2,of all branches,ok
864.383653,104288.0,,L1-dcache-loads:u,l1-dcache-loads,5936798.0,69.0,nan,,ok
864.383653,30842.0,,cache-references:u,cache-references,6932704.0,80.0,nan,,ok
864.383653,4110.0,,cache-misses:u,cache-misses,6330637.0,73.0,13.33,of all cache refs,ok
864.383653,1275317.0,,stalled-cycles-frontend:u,stalled-cycles-frontend,727012.0,8.0,35.01,frontend cycles idle,ok
877.0442750000001,61556.0,,instructions:u,instructions,6897709.0,57.0,0.01,insn per cycle,ok
877.0442750000001,nan,,,,nan,nan,36.82,stalled cycles per insn,unknown
877.0442750000001,4347192.0,,cycles:u,cycles,5068686.0,42.0,nan,,ok
877.0442750000001,4099.0,,branches:u,branches,6064738.0,51.0,nan,,ok
877.0442750000001,1361.0,,branch-misses:u,branch-misses,7069251.0,60.0,33.2,of all branches,ok
877.0442750000001,108870.0,,L1-dcache-loads:u,l1-dcache-loads,5056633.0,43.0,nan,,ok
877.0442750000001,39042.0,,cache-references:u,cache-references,4996081.0,42.0,nan,,ok
877.0442750000001,5728.0,,cache-misses:u,cache-misses,6599178.0,56.0,14.67,of all cache refs,ok
877.0442750000001,2266287.0,,stalled-cycles-frontend:u,stalled-cycles-frontend,5556983.0,47.0,52.13,frontend cycles idle,ok
888.7022949999999,24256.0,,instructions:u,instructions,1913099.0,25.0,0.01,insn per cycle,ok
888.7022949999999,2805591.0,,cycles:u,cycles,3872505.0,50.0,nan,,ok
888.7022949999999,2389.0,,branches:u,branches,5269685.0,68.0,nan,,ok
888.7022949999999,868.0,,branch-misses:u,branch-misses,6271502.0,81.0,36.33,of all branches,ok
888.7022949999999,78261.0,,L1-dcache-loads:u,l1-dcache-loads,7299403.0,94.0,nan,,ok
888.7022949999999,26169.0,,cache-references:u,cache-references,5811258.0,75.0,nan,,ok
888.7022949999999,3769.0,,cache-misses:u,cache-misses,3881132.0,50.0,14.4,of all cache refs,ok
888.7022949999999,nan,,stalled-cycles-frontend:u,stalled-cycles-frontend,0.0,0.0,nan,,ok
900.747129,34708.0,,instructions:u,instructions,4024822.0,48.0,0.01,insn per cycle,ok
900.747129,nan,,,,nan,nan,44.19,stalled cycles per insn,unknown
900.747129,2423006.0,,cycles:u,cycles,2060190.0,24.0,nan,,ok
900.747129,2480.0,,branches:u,branches,2667953.0,32.0,nan,,ok
900.747129,875.0,,branch-misses:u,branch-misses,3654838.0,44.0,35.28,of all branches,ok
900.747129,78067.0,,L1-dcache-loads:u,l1-dcache-loads,3620147.0,43.0,nan,,ok
900.747129,24257.0,,cache-references:u,cache-references,4179296.0,50.0,nan,,ok
900.747129,2879.0,,cache-misses:u,cache-misses,6114648.0,74.0,11.87,of all cache refs,ok
900.747129,1533759.0,,stalled-cycles-frontend:u,stalled-cycles-frontend,3025171.0,37.0,63.3,frontend cycles idle,ok
912.6339260000001,nan,,instructions:u,instructions,0.0,0.0,nan,,ok
912.6339260000001,901473.0,,cycles:u,cycles,998605.0,43.0,nan,,ok
912.6339260000001,720.0,,branches:u,branches,1978975.0,86.0,nan,,ok
912.6339260000001,245.0,,branch-misses:u,branch-misses,2312030.0,100.0,34.03,of all branches,ok
912.6339260000001,22360.0,,L1-dcache-loads:u,l1-dcache-loads,2321902.0,100.0,nan,,ok
912.6339260000001,6764.0,,cache-references:u,cache-references,2330363.0,100.0,nan,,ok
912.6339260000001,881.0,,cache-misses:u,cache-misses,1340488.0,57.0,13.02,of all cache refs,ok
912.6339260000001,nan,,stalled-cycles-frontend:u,stalled-cycles-frontend,0.0,0.0,nan,,ok
924.6136150000001,70318.0,,instructions:u,instructions,4995095.0,42.0,0.01,insn per cycle,ok
924.6136150000001,nan,,,,nan,nan,30.06,stalled cycles per insn,unknown
924.6136150000001,4879121.0,,cycles:u,cycles,5990823.0,51.0,nan,,ok
924.6136150000001,5151.0,,branches:u,branches,7026093.0,59.0,nan,,ok
924.6136150000001,1773.0,,branch-misses:u,branch-misses,8692182.0,74.0,34.42,of all branches,ok
924.6136150000001,164079.0,,L1-dcache-loads:u,l1-dcache-loads,7717270.0,65.0,nan,,ok
924.6136150000001,50461.0,,cache-references:u,cache-references,6709890.0,57.0,nan,,ok
924.6136150000001,6459.0,,cache-misses:u,cache-misses,5705432.0,48.0,12.8,of all cache refs,ok
924.6136150000001,2114006.0,,stalled-cycles-frontend:u,stalled-cycles-frontend,2999337.0,25.0,43.33,frontend cycles idle,ok
935.980954,nan,,instructions:u,instructions,0.0,100.0,nan,,ok
935.980954,nan,,cycles:u,cycles,0.0,100.0,nan,,ok
935.980954,nan,,branches:u,branches,0.0,100.0,nan,,ok
935.980954,nan,,branch-misses:u,branch-misses,0.0,100.0,nan,,ok
935.980954,nan,,L1-dcache-loads:u,l1-dcache-loads,0.0,100.0,nan,,ok
935.980954,nan,,cache-references:u,cache-references,0.0,100.0,nan,,ok
935.980954,nan,,cache-misses:u,cache-misses,0.0,100.0,nan,,ok
935.980954,nan,,stalled-cycles-frontend:u,stalled-cycles-frontend,0.0,100.0,nan,,ok
947.936091,67448.0,,instructions:u,instructions,6005668.0,41.0,0.01,insn per cycle,ok
947.936091,nan,,,,nan,nan,40.4,stalled cycles per insn,unknown
947.936091,4553331.0,,cycles:u,cycles,6002668.0,41.0,nan,,ok
947.936091,5686.0,,branches:u,branches,7669925.0,52.0,nan,,ok
947.936091,1808.0,,branch-misses:u,branch-misses,8684235.0,59.0,31.8,of all branches,ok
947.936091,159144.0,,L1-dcache-loads:u,l1-dcache-loads,8649625.0,59.0,nan,,ok
947.936091,49119.0,,cache-references:u,cache-references,8657908.0,59.0,nan,,ok
947.936091,6902.0,,cache-misses:u,cache-misses,8677426.0,59.0,14.05,of all cache refs,ok
947.936091,2724852.0,,stalled-cycles-frontend:u,stalled-cycles-frontend,4004609.0,27.0,59.84,frontend cycles idle,ok
960.226515,nan,,instructions:u,instructions,0.0,0.0,nan,,ok
960.226515,nan,,cycles:u,cycles,0.0,0.0,nan,,ok
960.226515,138.0,,branches:u,branches,359900.0,92.0,nan,,ok
960.226515,34.0,,branch-misses:u,branch-misses,374759.0,100.0,24.64,of all branches,ok
960.226515,2990.0,,L1-dcache-loads:u,l1-dcache-loads,360221.0,100.0,nan,,ok
960.226515,914.0,,cache-references:u,cache-references,347377.0,100.0,nan,,ok
960.226515,132.0,,cache-misses:u,cache-misses,330859.0,100.0,14.44,of all cache refs,ok
960.226515,nan,,stalled-cycles-frontend:u,stalled-cycles-frontend,0.0,0.0,nan,,ok
973.381213,58106.0,,instructions:u,instructions,5021922.0,38.0,0.01,insn per cycle,ok
973.381213,nan,,,,nan,nan,39.07,stalled cycles per insn,unknown
973.381213,4059108.0,,cycles:u,cycles,4036415.0,30.0,nan,,ok
973.381213,4691.0,,branches:u,branches,5107265.0,39.0,nan,,ok
973.381213,1502.0,,branch-misses:u,branch-misses,7095278.0,54.0,32.02,of all branches,ok
973.381213,137286.0,,L1-dcache-loads:u,l1-dcache-loads,7104758.0,54.0,nan,,ok
973.381213,42335.0,,cache-references:u,cache-references,8095649.0,61.0,nan,,ok
973.381213,5504.0,,cache-misses:u,cache-misses,9090348.0,69.0,13.0,of all cache refs,ok
973.381213,2270121.0,,stalled-cycles-frontend:u,stalled-cycles-frontend,3990730.0,30.0,55.93,frontend cycles idle,ok
985.127696,nan,,instructions:u,instructions,0.0,0.0,nan,,ok
985.127696,nan,,cycles:u,cycles,0.0,0.0,nan,,ok
985.127696,1031.0,,branches:u,branches,919781.0,47.0,nan,,ok
985.127696,310.0,,branch-misses:u,branch-misses,1912542.0,98.0,30.07,of all branches,ok
985.127696,28002.0,,L1-dcache-loads:u,l1-dcache-loads,1923949.0,100.0,nan,,ok
985.127696,8704.0,,cache-references:u,cache-references,1912920.0,100.0,nan,,ok
985.127696,1272.0,,cache-misses:u,cache-misses,1903728.0,100.0,14.61,of all cache refs,ok
985.127696,nan,,stalled-cycles-frontend:u,stalled-cycles-frontend,0.0,0.0,nan,,ok
999.37861,49216.0,,instructions:u,instructions,1056864.0,14.0,0.02,insn per cycle,ok
999.37861,nan,,,,nan,nan,19.44,stalled cycles per insn,unknown
999.37861,3114396.0,,cycles:u,cycles,1997449.0,28.0,nan,,ok
999.37861,3345.0,,branches:u,branches,3000336.0,41.0,nan,,ok
999.37861,1173.0,,branch-misses:u,branch-misses,3995275.0,55.0,35.07,of all branches,ok
999.37861,103150.0,,L1-dcache-loads:u,l1-dcache-loads,5977532.0,83.0,nan,,ok
999.37861,30835.0,,cache-references:u,cache-references,6097339.0,84.0,nan,,ok
999.37861,4210.0,,cache-misses:u,cache-misses,5236629.0,72.0,13.65,of all cache refs,ok
999.37861,956716.0,,stalled-cycles-frontend:u,stalled-cycles-frontend,139069.0,1.0,30.72,frontend cycles idle,ok
1011.2864999999999,44640.0,,instructions:u,instructions,3965762.0,57.0,0.01,insn per cycle,ok
1011.2864999999999,nan,,,,nan,nan,28.35,stalled cycles per insn,unknown
1011.2864999999999,3770262.0,,cycles:u,cycles,3031314.0,43.0,nan,,ok
1011.2864999999999,3731.0,,branches:u,branches,4034265.0,58.0,nan,,ok
1011.2864999999999,1064.0,,branch-misses:u,branch-misses,4061172.0,59.0,28.52,of all branches,ok
1011.2864999999999,94169.0,,L1-dcache-loads:u,l1-dcache-loads,3022714.0,44.0,nan,,ok
1011.2864999999999,27380.0,,cache-references:u,cache-references,2925067.0,42.0,nan,,ok
1011.2864999999999,3304.0,,cache-misses:u,cache-misses,3779640.0,55.0,12.07,of all cache refs,ok
1011.2864999999999,1265469.0,,stalled-cycles-frontend:u,stalled-cycles-frontend,2890877.0,42.0,33.56,frontend cycles idle,ok
1023.0469959999999,8946.0,,instructions:u,instructions,1957643.0,96.0,0.01,insn per cycle,ok
1023.0469959999999,nan,,,,nan,nan,42.7,stalled cycles per insn,unknown
1023.0469959999999,845997.0,,cycles:u,cycles,2021346.0,100.0,nan,,ok
1023.0469959999999,647.0,,branches:u,branches,2021346.0,100.0,nan,,ok
1023.0469959999999,225.0,,branch-misses:u,branch-misses,2021346.0,100.0,34.78,of all branches,ok
1023.0469959999999,17833.0,,L1-dcache-loads:u,l1-dcache-loads,1059343.0,52.0,nan,,ok
1023.0469959999999,0.0,,cache-references:u,cache-references,63703.0,3.0,nan,,ok
1023.0469959999999,nan,,cache-misses:u,cache-misses,0.0,0.0,nan,,ok
1023.0469959999999,382037.0,,stalled-cycles-frontend:u,stalled-cycles-frontend,962003.0,47.0,45.16,frontend cycles idle,ok
1035.167223,47509.0,,instructions:u,instructions,3004492.0,42.0,0.02,insn per cycle,ok
1035.167223,nan,,,,nan,nan,25.22,stalled cycles per insn,unknown
1035.167223,3157219.0,,cycles:u,cycles,3001602.0,42.0,nan,,ok
1035.167223,3469.0,,branches:u,branches,3028440.0,43.0,nan,,ok
1035.167223,907.0,,branch-misses:u,branch-misses,4007240.0,57.0,26.15,of all branches,ok
1035.167223,75937.0,,L1-dcache-loads:u,l1-dcache-loads,3997819.0,57.0,nan,,ok
1035.167223,23422.0,,cache-references:u,cache-references,4000267.0,57.0,nan,,ok
1035.167223,3812.0,,cache-misses:u,cache-misses,4003157.0,57.0,16.28,of all cache refs,ok
1035.167223,1197969.0,,stalled-cycles-frontend:u,stalled-cycles-frontend,2006417.0,28.0,37.94,frontend cycles idle,ok
1048.3953960000001,nan,,instructions:u,instructions,0.0,0.0,nan,,ok
1048.3953960000001,778578.0,,cycles:u,cycles,991346.0,47.0,nan,,ok
1048.3953960000001,632.0,,branches:u,branches,1986170.0,94.0,nan,,ok
1048.3953960000001,211.0,,branch-misses:u,branch-misses,2116740.0,100.0,33.39,of all branches,ok
1048.3953960000001,19347.0,,L1-dcache-loads:u,l1-dcache-loads,2134255.0,100.0,nan,,ok
1048.3953960000001,6546.0,,cache-references:u,cache-references,2151113.0,100.0,nan,,ok
1048.3953960000001,922.0,,cache-misses:u,cache-misses,1178676.0,54.0,14.08,of all cache refs,ok
1048.3953960000001,nan,,stalled-cycles-frontend:u,stalled-cycles-frontend,0.0,0.0,nan,,ok
1064.372222,nan,,instructions:u,instructions,0.0,0.0,nan,,ok
1064.372222,nan,,cycles:u,cycles,0.0,0.0,nan,,ok
1064.372222,569.0,,branches:u,branches,785317.0,19.0,nan,,ok
1064.372222,342.0,,branch-misses:u,branch-misses,2313930.0,56.0,60.11,of all branches,ok
1064.372222,37614.0,,L1-dcache-loads:u,l1-dcache-loads,3947838.0,97.0,nan,,ok
1064.372222,11955.0,,cache-references:u,cache-references,4051292.0,100.0,nan,,ok
1064.372222,1857.0,,cache-misses:u,cache-misses,4032383.0,100.0,15.53,of all cache refs,ok
1064.372222,nan,,stalled-cycles-frontend:u,stalled-cycles-frontend,0.0,0.0,nan,,ok
1078.364826,nan,,instructions:u,instructions,0.0,0.0,nan,,ok
1078.364826,nan,,cycles:u,cycles,0.0,0.0,nan,,ok
1078.364826,nan,,branches:u,branches,0.0,0.0,nan,,ok
1078.364826,nan,,branch-misses:u,branch-misses,0.0,0.0,nan,,ok
1078.364826,nan,,L1-dcache-loads:u,l1-dcache-loads,0.0,0.0,nan,,ok
1078.364826,44.0,,cache-references:u,cache-references,80028.0,100.0,nan,,ok
1078.364826,42.0,,cache-misses:u,cache-misses,90764.0,100.0,95.45,of all cache refs,ok
1078.364826,nan,,stalled-cycles-frontend:u,stalled-cycles-frontend,0.0,0.0,nan,,ok
1091.375472,0.0,,instructions:u,instructions,5991768.0,46.0,nan,,ok
1091.375472,0.0,,cycles:u,cycles,5995449.0,46.0,nan,,ok
1091.375472,0.0,,branches:u,branches,7099276.0,54.0,nan,,ok
1091.375472,0.0,,branch-misses:u,branch-misses,8118861.0,62.0,nan,,ok
1091.375472,0.0,,L1-dcache-loads:u,l1-dcache-loads,7150596.0,54.0,nan,,ok
1091.375472,6084.0,,cache-references:u,cache-references,7083129.0,54.0,nan,,ok
1091.375472,1496.0,,cache-misses:u,cache-misses,7090786.0,54.0,24.59,of all cache refs,ok
1091.375472,0.0,,stalled-cycles-frontend:u,stalled-cycles-frontend,3994774.0,30.0,nan,,ok
1105.382218,43534.0,,instructions:u,instructions,3004008.0,52.0,0.02,insn per cycle,ok
1105.382218,nan,,,,nan,nan,31.46,stalled cycles per insn,unknown
1105.382218,2844887.0,,cycles:u,cycles,2033219.0,35.0,nan,,ok
1105.382218,2110.0,,branches:u,branches,2943613.0,51.0,nan,,ok
1105.382218,539.0,,branch-misses:u,branch-misses,3701529.0,65.0,25.55,of all branches,ok
1105.382218,32613.0,,L1-dcache-loads:u,l1-dcache-loads,2701397.0,47.0,nan,,ok
1105.382218,8583.0,,cache-references:u,cache-references,2669936.0,47.0,nan,,ok
1105.382218,2087.0,,cache-misses:u,cache-misses,3643372.0,64.0,24.32,of all cache refs,ok
1105.382218,1369388.0,,stalled-cycles-frontend:u,stalled-cycles-frontend,1999784.0,35.0,48.14,frontend cycles idle,ok
1118.374957,0.0,,instructions:u,instructions,5033256.0,38.0,nan,,ok
1118.374957,0.0,,cycles:u,cycles,4072603.0,31.0,nan,,ok
1118.374957,0.0,,branches:u,branches,5078035.0,39.0,nan,,ok
1118.374957,0.0,,branch-misses:u,branch-misses,7004934.0,53.0,nan,,ok
1118.374957,0.0,,L1-dcache-loads:u,l1-dcache-loads,6978224.0,53.0,nan,,ok
1118.374957,0.0,,cache-references:u,cache-references,7886300.0,60.0,nan,,ok
1118.374957,0.0,,cache-misses:u,cache-misses,8836078.0,68.0,nan,,ok
1118.374957,0.0,,stalled-cycles-frontend:u,stalled-cycles-frontend,3982511.0,30.0,nan,,ok
1131.3831050000001,0.0,,instructions:u,instructions,168510.0,100.0,nan,,ok
1131.3831050000001,0.0,,cycles:u,cycles,192557.0,100.0,nan,,ok
1131.3831050000001,0.0,,branches:u,branches,203840.0,100.0,nan,,ok
1131.3831050000001,0.0,,branch-misses:u,branch-misses,217396.0,100.0,nan,,ok
1131.3831050000001,0.0,,L1-dcache-loads:u,l1-dcache-loads,223209.0,100.0,nan,,ok
1131.3831050000001,nan,,cache-references:u,cache-references,0.0,0.0,nan,,ok
1131.3831050000001,nan,,cache-misses:u,cache-misses,0.0,0.0,nan,,ok
1131.3831050000001,nan,,stalled-cycles-frontend:u,stalled-cycles-frontend,0.0,0.0,nan,,ok
1144.378511,0.0,,instructions:u,instructions,3935930.0,30.0,0.0,insn per cycle,ok
1144.378511,827291.0,,cycles:u,cycles,4911574.0,38.0,nan,,ok
1144.378511,1547.0,,branches:u,branches,6894700.0,53.0,nan,,ok
1144.378511,583.0,,branch-misses:u,branch-misses,8867367.0,68.0,37.69,of all branches,ok
1144.378511,65283.0,,L1-dcache-loads:u,l1-dcache-loads,9853852.0,76.0,nan,,ok
1144.378511,24492.0,,cache-references:u,cache-references,9023121.0,70.0,nan,,ok
1144.378511,2777.0,,cache-misses:u,cache-misses,8009584.0,62.0,11.34,of all cache refs,ok
1144.378511,0.0,,stalled-cycles-frontend:u,stalled-cycles-frontend,2000244.0,15.0,nan,,ok
1157.2601499999998,nan,,instructions:u,instructions,0.0,100.0,nan,,ok
1157.2601499999998,nan,,cycles:u,cycles,0.0,100.0,nan,,ok
1157.2601499999998,nan,,branches:u,branches,0.0,100.0,nan,,ok
1157.2601499999998,nan,,branch-misses:u,branch-misses,0.0,100.0,nan,,ok
1157.2601499999998,nan,,L1-dcache-loads:u,l1-dcache-loads,0.0,100.0,nan,,ok
1157.2601499999998,nan,,cache-references:u,cache-references,0.0,100.0,nan,,ok
1157.2601499999998,nan,,cache-misses:u,cache-misses,0.0,100.0,nan,,ok
1157.2601499999998,nan,,stalled-cycles-frontend:u,stalled-cycles-frontend,0.0,100.0,nan,,ok
1170.379602,0.0,,instructions:u,instructions,2056542.0,29.0,nan,,ok
1170.379602,0.0,,cycles:u,cycles,2043047.0,29.0,nan,,ok
1170.379602,0.0,,branches:u,branches,3040322.0,43.0,nan,,ok
1170.379602,0.0,,branch-misses:u,branch-misses,4040519.0,57.0,nan,,ok
1170.379602,0.0,,L1-dcache-loads:u,l1-dcache-loads,4036693.0,57.0,nan,,ok
1170.379602,0.0,,cache-references:u,cache-references,4983923.0,70.0,nan,,ok
1170.379602,0.0,,cache-misses:u,cache-misses,4997418.0,70.0,nan,,ok
1170.379602,0.0,,stalled-cycles-frontend:u,stalled-cycles-frontend,2005586.0,28.0,nan,,ok
1183.390227,28358.0,,instructions:u,instructions,3001746.0,78.0,0.02,insn per cycle,ok
1183.390227,nan,,,,nan,nan,28.75,stalled cycles per insn,unknown
1183.390227,1723267.0,,cycles:u,cycles,2034353.0,53.0,nan,,ok
1183.390227,1844.0,,branches:u,branches,2034353.0,53.0,nan,,ok
1183.390227,592.0,,branch-misses:u,branch-misses,2034353.0,53.0,32.1,of all branches,ok
1183.390227,50366.0,,L1-dcache-loads:u,l1-dcache-loads,1033650.0,27.0,nan,,ok
1183.390227,19768.0,,cache-references:u,cache-references,824056.0,21.0,nan,,ok
1183.390227,3081.0,,cache-misses:u,cache-misses,1791449.0,46.0,15.59,of all cache refs,ok
1183.390227,815381.0,,stalled-cycles-frontend:u,stalled-cycles-frontend,1997767.0,52.0,47.32,frontend cycles idle,ok
1194.784864,0.0,,instructions:u,instructions,3439070.0,43.0,nan,,ok
1194.784864,0.0,,cycles:u,cycles,3452816.0,43.0,nan,,ok
1194.784864,0.0,,branches:u,branches,3902678.0,49.0,nan,,ok
1194.784864,0.0,,branch-misses:u,branch-misses,4907850.0,62.0,nan,,ok
1194.784864,0.0,,L1-dcache-loads:u,l1-dcache-loads,4919589.0,62.0,nan,,ok
1194.784864,0.0,,cache-references:u,cache-references,4437953.0,55.0,nan,,ok
1194.784864,0.0,,cache-misses:u,cache-misses,4437701.0,55.0,nan,,ok
1194.784864,0.0,,stalled-cycles-frontend:u,stalled-cycles-frontend,1999252.0,25.0,nan,,ok
1206.1366440000002,0.0,,instructions:u,instructions,388243.0,12.0,0.0,insn per cycle,ok
1206.1366440000002,814588.0,,cycles:u,cycles,1358120.0,43.0,nan,,ok
1206.1366440000002,935.0,,branches:u,branches,2318478.0,73.0,nan,,ok
1206.1366440000002,351.0,,branch-misses:u,branch-misses,3155927.0,100.0,37.54,of all branches,ok
1206.1366440000002,32017.0,,L1-dcache-loads:u,l1-dcache-loads,3154277.0,100.0,nan,,ok
1206.1366440000002,12091.0,,cache-references:u,cache-references,2823378.0,89.0,nan,,ok
1206.1366440000002,1760.0,,cache-misses:u,cache-misses,1851054.0,58.0,14.56,of all cache refs,ok
1206.1366440000002,nan,,stalled-cycles-frontend:u,stalled-cycles-frontend,0.0,0.0,nan,,ok
1217.645085,0.0,,instructions:u,instructions,25112.0,1.0,nan,,ok
1217.645085,nan,,cycles:u,cycles,0.0,0.0,nan,,ok
1217.645085,nan,,branches:u,branches,0.0,0.0,nan,,ok
1217.645085,226.0,,branch-misses:u,branch-misses,154208.0,7.0,nan,,ok
1217.645085,24083.0,,L1-dcache-loads:u,l1-dcache-loads,1148465.0,52.0,nan,,ok
1217.645085,9455.0,,cache-references:u,cache-references,2136122.0,98.0,nan,,ok
1217.645085,1209.0,,cache-misses:u,cache-misses,2150187.0,100.0,12.79,of all cache refs,ok
1217.645085,0.0,,stalled-cycles-frontend:u,stalled-cycles-frontend,25112.0,1.0,nan,,ok
1229.3033,nan,,instructions:u,instructions,0.0,100.0,nan,,ok
1229.3033,nan,,cycles:u,cycles,0.0,100.0,nan,,ok
1229.3033,nan,,branches:u,branches,0.0,100.0,nan,,ok
1229.3033,nan,,branch-misses:u,branch-misses,0.0,100.0,nan,,ok
1229.3033,nan,,L1-dcache-loads:u,l1-dcache-loads,0.0,100.0,nan,,ok
1229.3033,nan,,cache-references:u,cache-references,0.0,100.0,nan,,ok
1229.3033,nan,,cache-misses:u,cache-misses,0.0,100.0,nan,,ok
1229.3033,nan,,stalled-cycles-frontend:u,stalled-cycles-frontend,0.0,100.0,nan,,ok
1240.722793,9448.0,,instructions:u,instructions,1397107.0,100.0,0.01,insn per cycle,ok
1240.722793,nan,,,,nan,nan,30.04,stalled cycles per insn,unknown
1240.722793,663097.0,,cycles:u,cycles,418902.0,29.0,nan,,ok
1240.722793,708.0,,branches:u,branches,427789.0,30.0,nan,,ok
1240.722793,209.0,,branch-misses:u,branch-misses,437387.0,30.0,29.52,of all branches,ok
1240.722793,nan,,L1-dcache-loads:u,l1-dcache-loads,0.0,0.0,nan,,ok
1240.722793,nan,,cache-references:u,cache-references,0.0,0.0,nan,,ok
1240.722793,1021.0,,cache-misses:u,cache-misses,996120.0,68.0,nan,,ok
1240.722793,283788.0,,stalled-cycles-frontend:u,stalled-cycles-frontend,1456752.0,100.0,42.8,frontend cycles idle,ok
1251.99105,20510.0,,instructions:u,instructions,2670838.0,34.0,0.01,insn per cycle,ok
1251.99105,nan,,,,nan,nan,20.07,stalled cycles per insn,unknown
1251.99105,3044410.0,,cycles:u,cycles,2674203.0,34.0,nan,,ok
1251.99105,1563.0,,branches:u,branches,3666332.0,47.0,nan,,ok
1251.99105,390.0,,branch-misses:u,branch-misses,4662489.0,60.0,24.95,of all branches,ok
1251.99105,23933.0,,L1-dcache-loads:u,l1-dcache-loads,5004167.0,65.0,nan,,ok
1251.99105,3743.0,,cache-references:u,cache-references,5020811.0,65.0,nan,,ok
1251.99105,0.0,,cache-misses:u,cache-misses,4999531.0,65.0,nan,,ok
1251.99105,411625.0,,stalled-cycles-frontend:u,stalled-cycles-frontend,1607237.0,21.0,13.52,frontend cycles idle,ok
1263.907683,nan,,instructions:u,instructions,0.0,100.0,nan,,ok
1263.907683,nan,,cycles:u,cycles,0.0,100.0,nan,,ok
1263.907683,nan,,branches:u,branches,0.0,100.0,nan,,ok
1263.907683,nan,,branch-misses:u,branch-misses,0.0,100.0,nan,,ok
1263.907683,nan,,L1-dcache-loads:u,l1-dcache-loads,0.0,100.0,nan,,ok
1263.907683,nan,,cache-references:u,cache-references,0.0,100.0,nan,,ok
1263.907683,nan,,cache-misses:u,cache-misses,0.0,100.0,nan,,ok
1263.907683,nan,,stalled-cycles-frontend:u,stalled-cycles-frontend,0.0,100.0,nan,,ok
1275.7681400000001,nan,,instructions:u,instructions,0.0,100.0,nan,,ok
1275.7681400000001,nan,,cycles:u,cycles,0.0,100.0,nan,,ok
1275.7681400000001,nan,,branches:u,branches,0.0,100.0,nan,,ok
1275.7681400000001,nan,,branch-misses:u,branch-misses,0.0,100.0,nan,,ok
1275.7681400000001,nan,,L1-dcache-loads:u,l1-dcache-loads,0.0,100.0,nan,,ok
1275.7681400000001,nan,,cache-references:u,cache-references,0.0,100.0,nan,,ok
1275.7681400000001,nan,,cache-misses:u,cache-misses,0.0,100.0,nan,,ok
1275.7681400000001,nan,,stalled-cycles-frontend:u,stalled-cycles-frontend,0.0,100.0,nan,,ok
1287.468489,15348.0,,instructions:u,instructions,2974102.0,41.0,0.01,insn per cycle,ok
1287.468489,1119522.0,,cycles:u,cycles,4971820.0,69.0,nan,,ok
1287.468489,1446.0,,branches:u,branches,6143214.0,85.0,nan,,ok
1287.468489,494.0,,branch-misses:u,branch-misses,7143114.0,99.0,34.16,of all branches,ok
1287.468489,52688.0,,L1-dcache-loads:u,l1-dcache-loads,6189859.0,86.0,nan,,ok
1287.468489,19032.0,,cache-references:u,cache-references,4218607.0,58.0,nan,,ok
1287.468489,3525.0,,cache-misses:u,cache-misses,2228294.0,30.0,18.52,of all cache refs,ok
1287.468489,0.0,,stalled-cycles-frontend:u,stalled-cycles-frontend,990117.0,13.0,nan,,ok
1299.195719,nan,,instructions:u,instructions,0.0,0.0,nan,,ok
1299.195719,nan,,cycles:u,cycles,0.0,0.0,nan,,ok
1299.195719,0.0,,branches:u,branches,843122.0,41.0,nan,,ok
1299.195719,0.0,,branch-misses:u,branch-misses,1845710.0,90.0,nan,,ok
1299.195719,0.0,,L1-dcache-loads:u,l1-dcache-loads,2015869.0,100.0,nan,,ok
1299.195719,0.0,,cache-references:u,cache-references,2003136.0,100.0,nan,,ok
1299.195719,0.0,,cache-misses:u,cache-misses,1995731.0,100.0,nan,,ok
1299.195719,nan,,stalled-cycles-frontend:u,stalled-cycles-frontend,0.0,0.0,nan,,ok
1310.766508,5846.0,,instructions:u,instructions,139431.0,6.0,nan,,ok
1310.766508,nan,,,,nan,nan,22.5,stalled cycles per insn,unknown
1310.766508,nan,,cycles:u,cycles,0.0,0.0,nan,,ok
1310.766508,nan,,branches:u,branches,0.0,0.0,nan,,ok
1310.766508,nan,,branch-misses:u,branch-misses,0.0,0.0,nan,,ok
1310.766508,34004.0,,L1-dcache-loads:u,l1-dcache-loads,976546.0,46.0,nan,,ok
1310.766508,11098.0,,cache-references:u,cache-references,1972286.0,93.0,nan,,ok
1310.766508,1595.0,,cache-misses:u,cache-misses,2111717.0,100.0,14.37,of all cache refs,ok
1310.766508,131551.0,,stalled-cycles-frontend:u,stalled-cycles-frontend,139431.0,6.0,nan,,ok
1322.550833,20977.0,,instructions:u,instructions,5947543.0,68.0,0.01,insn per cycle,ok
1322.550833,nan,,,,nan,nan,33.66,stalled cycles per insn,unknown
1322.550833,1625800.0,,cycles:u,cycles,5224303.0,60.0,nan,,ok
1322.550833,1126.0,,branches:u,branches,5511569.0,63.0,nan,,ok
1322.550833,328.0,,branch-misses:u,branch-misses,5523822.0,63.0,29.13,of all branches,ok
1322.550833,23221.0,,L1-dcache-loads:u,l1-dcache-loads,3749785.0,43.0,nan,,ok
1322.550833,892.0,,cache-references:u,cache-references,2760692.0,31.0,nan,,ok
1322.550833,1259.0,,cache-misses:u,cache-misses,3494620.0,40.0,141.14,of all cache refs,ok
1322.550833,706168.0,,stalled-cycles-frontend:u,stalled-cycles-frontend,3943453.0,45.0,43.44,frontend cycles idle,ok
1335.07251,nan,,instructions:u,instructions,0.0,0.0,nan,,ok
1335.07251,2330838.0,,cycles:u,cycles,964201.0,17.0,nan,,ok
1335.07251,1850.0,,branches:u,branches,2680463.0,48.0,nan,,ok
1335.07251,464.0,,branch-misses:u,branch-misses,4668865.0,85.0,25.08,of all branches,ok
1335.07251,44690.0,,L1-dcache-loads:u,l1-dcache-loads,5465959.0,100.0,nan,,ok
1335.07251,15273.0,,cache-references:u,cache-references,5463931.0,100.0,nan,,ok
1335.07251,1844.0,,cache-misses:u,cache-misses,4499565.0,82.0,12.07,of all cache refs,ok
1335.07251,nan,,stalled-cycles-frontend:u,stalled-cycles-frontend,0.0,0.0,nan,,ok
1346.865378,0.0,,instructions:u,instructions,25726.0,1.0,nan,,ok
1346.865378,nan,,cycles:u,cycles,0.0,0.0,nan,,ok
1346.865378,nan,,branches:u,branches,0.0,0.0,nan,,ok
1346.865378,nan,,branch-misses:u,branch-misses,0.0,0.0,nan,,ok
1346.865378,6788.0,,L1-dcache-loads:u,l1-dcache-loads,776056.0,42.0,nan,,ok
1346.865378,5719.0,,cache-references:u,cache-references,1779875.0,98.0,nan,,ok
1346.865378,778.0,,cache-misses:u,cache-misses,1802803.0,100.0,13.6,of all cache refs,ok
1346.865378,0.0,,stalled-cycles-frontend:u,stalled-cycles-frontend,25726.0,1.0,nan,,ok
1358.1923,21494.0,,instructions:u,instructions,4044343.0,38.0,0.33,insn per cycle,ok
1358.1923,nan,,,,nan,nan,35.83,stalled cycles per insn,unknown
1358.1923,64414.0,,cycles:u,cycles,3036557.0,28.0,nan,,ok
1358.1923,871.0,,branches:u,branches,4040728.0,38.0,nan,,ok
1358.1923,444.0,,branch-misses:u,branch-misses,5043436.0,48.0,50.98,of all branches,ok
1358.1923,64245.0,,L1-dcache-loads:u,l1-dcache-loads,5420517.0,51.0,nan,,ok
1358.1923,26388.0,,cache-references:u,cache-references,6412355.0,61.0,nan,,ok
1358.1923,4354.0,,cache-misses:u,cache-misses,7412416.0,70.0,16.5,of all cache refs,ok
1358.1923,770058.0,,stalled-cycles-frontend:u,stalled-cycles-frontend,3043513.0,29.0,1195.48,frontend cycles idle,ok
1369.876844,nan,,instructions:u,instructions,0.0,100.0,nan,,ok
1369.876844,nan,,cycles:u,cycles,0.0,100.0,nan,,ok
1369.876844,nan,,branches:u,branches,0.0,100.0,nan,,ok
1369.876844,nan,,branch-misses:u,branch-misses,0.0,100.0,nan,,ok
1369.876844,nan,,L1-dcache-loads:u,l1-dcache-loads,0.0,100.0,nan,,ok
1369.876844,nan,,cache-references:u,cache-references,0.0,100.0,nan,,ok
1369.876844,nan,,cache-misses:u,cache-misses,0.0,100.0,nan,,ok
1369.876844,nan,,stalled-cycles-frontend:u,stalled-cycles-frontend,0.0,100.0,nan,,ok
1381.805135,16920.0,,instructions:u,instructions,4484451.0,47.0,0.02,insn per cycle,ok
1381.805135,nan,,,,nan,nan,49.65,stalled cycles per insn,unknown
1381.805135,710600.0,,cycles:u,cycles,3529543.0,37.0,nan,,ok
1381.805135,482.0,,branches:u,branches,4543764.0,47.0,nan,,ok
1381.805135,272.0,,branch-misses:u,branch-misses,5567642.0,58.0,56.43,of all branches,ok
1381.805135,34248.0,,L1-dcache-loads:u,l1-dcache-loads,4997450.0,52.0,nan,,ok
1381.805135,17439.0,,cache-references:u,cache-references,4999414.0,52.0,nan,,ok
1381.805135,2688.0,,cache-misses:u,cache-misses,5977052.0,62.0,15.41,of all cache refs,ok
1381.805135,840022.0,,stalled-cycles-frontend:u,stalled-cycles-frontend,3583463.0,37.0,118.21,frontend cycles idle,ok
1393.553105,3578.0,,instructions:u,instructions,527604.0,100.0,0.02,insn per cycle,ok
1393.553105,nan,,,,nan,nan,21.09,stalled cycles per insn,unknown
1393.553105,233399.0,,cycles:u,cycles,504874.0,100.0,nan,,ok
1393.553105,216.0,,branches:u,branches,486852.0,100.0,nan,,ok
1393.553105,53.0,,branch-misses:u,branch-misses,470897.0,100.0,24.54,of all branches,ok
1393.553105,0.0,,L1-dcache-loads:u,l1-dcache-loads,24139.0,5.0,nan,,ok
1393.553105,nan,,cache-references:u,cache-references,0.0,0.0,nan,,ok
1393.553105,nan,,cache-misses:u,cache-misses,0.0,0.0,nan,,ok
1393.553105,75459.0,,stalled-cycles-frontend:u,stalled-cycles-frontend,403764.0,94.0,32.33,frontend cycles idle,ok
1405.199348,10677.0,,instructions:u,instructions,2739704.0,35.0,nan,,ok
1405.199348,nan,,,,nan,nan,60.2,stalled cycles per insn,unknown
1405.199348,0.0,,cycles:u,cycles,2980756.0,38.0,nan,,ok
1405.199348,0.0,,branches:u,branches,3980700.0,51.0,nan,,ok
1405.199348,0.0,,branch-misses:u,branch-misses,4978768.0,64.0,nan,,ok
1405.199348,11142.0,,L1-dcache-loads:u,l1-dcache-loads,5002154.0,64.0,nan,,ok
1405.199348,8724.0,,cache-references:u,cache-references,4992741.0,64.0,nan,,ok
1405.199348,1890.0,,cache-misses:u,cache-misses,4751689.0,61.0,21.66,of all cache refs,ok
1405.199348,642739.0,,stalled-cycles-frontend:u,stalled-cycles-frontend,1743151.0,22.0,nan,,ok
1419.3902309999999,nan,,instructions:u,instructions,0.0,100.0,nan,,ok
1419.3902309999999,nan,,cycles:u,cycles,0.0,100.0,nan,,ok
1419.3902309999999,nan,,branches:u,branches,0.0,100.0,nan,,ok
1419.3902309999999,nan,,branch-misses:u,branch-misses,0.0,100.0,nan,,ok
1419.3902309999999,nan,,L1-dcache-loads:u,l1-dcache-loads,0.0,100.0,nan,,ok
1419.3902309999999,nan,,cache-references:u,cache-references,0.0,100.0,nan,,ok
1419.3902309999999,nan,,cache-misses:u,cache-misses,0.0,100.0,nan,,ok
1419.3902309999999,nan,,stalled-cycles-frontend:u,stalled-cycles-frontend,0.0,100.0,nan,,ok
1433.369782,0.0,,instructions:u,instructions,942686.0,30.0,nan,,ok
1433.369782,0.0,,cycles:u,cycles,1945059.0,63.0,nan,,ok
1433.369782,0.0,,branches:u,branches,2945534.0,95.0,nan,,ok
1433.369782,0.0,,branch-misses:u,branch-misses,3078691.0,100.0,nan,,ok
1433.369782,0.0,,L1-dcache-loads:u,l1-dcache-loads,3078691.0,100.0,nan,,ok
1433.369782,0.0,,cache-references:u,cache-references,2136005.0,69.0,nan,,ok
1433.369782,0.0,,cache-misses:u,cache-misses,1133632.0,36.0,nan,,ok
1433.369782,nan,,stalled-cycles-frontend:u,stalled-cycles-frontend,0.0,0.0,nan,,ok
1446.38724,nan,,instructions:u,instructions,0.0,0.0,nan,,ok
1446.38724,nan,,cycles:u,cycles,0.0,0.0,nan,,ok
1446.38724,nan,,branches:u,branches,0.0,0.0,nan,,ok
1446.38724,0.0,,branch-misses:u,branch-misses,958230.0,42.0,nan,,ok
1446.38724,0.0,,L1-dcache-loads:u,l1-dcache-loads,1954009.0,87.0,nan,,ok
1446.38724,0.0,,cache-references:u,cache-references,2238702.0,100.0,nan,,ok
1446.38724,0.0,,cache-misses:u,cache-misses,2238702.0,100.0,nan,,ok
1446.38724,nan,,stalled-cycles-frontend:u,stalled-cycles-frontend,0.0,0.0,nan,,ok
1458.236278,0.0,,instructions:u,instructions,2995447.0,39.0,nan,,ok
1458.236278,0.0,,cycles:u,cycles,2996740.0,39.0,nan,,ok
1458.236278,0.0,,branches:u,branches,4001713.0,52.0,nan,,ok
1458.236278,0.0,,branch-misses:u,branch-misses,5004351.0,65.0,nan,,ok
1458.236278,0.0,,L1-dcache-loads:u,l1-dcache-loads,4686290.0,61.0,nan,,ok
1458.236278,0.0,,cache-references:u,cache-references,4682040.0,60.0,nan,,ok
1458.236278,0.0,,cache-misses:u,cache-misses,4680747.0,60.0,nan,,ok
1458.236278,0.0,,stalled-cycles-frontend:u,stalled-cycles-frontend,1994772.0,25.0,nan,,ok
1471.383535,nan,,instructions:u,instructions,0.0,100.0,nan,,ok
1471.383535,nan,,cycles:u,cycles,0.0,100.0,nan,,ok
1471.383535,nan,,branches:u,branches,0.0,100.0,nan,,ok
1471.383535,nan,,branch-misses:u,branch-misses,0.0,100.0,nan,,ok
1471.383535,nan,,L1-dcache-loads:u,l1-dcache-loads,0.0,100.0,nan,,ok
1471.383535,nan,,cache-references:u,cache-references,0.0,100.0,nan,,ok
1471.383535,nan,,cache-misses:u,cache-misses,0.0,100.0,nan,,ok
1471.383535,nan,,stalled-cycles-frontend:u,stalled-cycles-frontend,0.0,100.0,nan,,ok
1482.889688,nan,,instructions:u,instructions,0.0,0.0,nan,,ok
1482.889688,nan,,cycles:u,cycles,0.0,0.0,nan,,ok
1482.889688,nan,,branches:u,branches,0.0,0.0,nan,,ok
1482.889688,nan,,branch-misses:u,branch-misses,0.0,0.0,nan,,ok
1482.889688,0.0,,L1-dcache-loads:u,l1-dcache-loads,978599.0,61.0,nan,,ok
1482.889688,0.0,,cache-references:u,cache-references,1602788.0,100.0,nan,,ok
1482.889688,0.0,,cache-misses:u,cache-misses,1614181.0,100.0,nan,,ok
1482.889688,nan,,stalled-cycles-frontend:u,stalled-cycles-frontend,0.0,0.0,nan,,ok
1496.371844,0.0,,instructions:u,instructions,2808449.0,86.0,nan,,ok
1496.371844,0.0,,cycles:u,cycles,1811275.0,56.0,nan,,ok
1496.371844,0.0,,branches:u,branches,1811275.0,56.0,nan,,ok
1496.371844,0.0,,branch-misses:u,branch-misses,1811275.0,56.0,nan,,ok
1496.371844,0.0,,L1-dcache-loads:u,l1-dcache-loads,810071.0,25.0,nan,,ok
1496.371844,0.0,,cache-references:u,cache-references,378998.0,11.0,nan,,ok
1496.371844,0.0,,cache-misses:u,cache-misses,1364779.0,42.0,nan,,ok
1496.371844,0.0,,stalled-cycles-frontend:u,stalled-cycles-frontend,1998378.0,63.0,nan,,ok
1508.137452,nan,,instructions:u,instructions,0.0,100.0,nan,,ok
1508.137452,nan,,cycles:u,cycles,0.0,100.0,nan,,ok
1508.137452,nan,,branches:u,branches,0.0,100.0,nan,,ok
1508.137452,nan,,branch-misses:u,branch-misses,0.0,100.0,nan,,ok
1508.137452,nan,,L1-dcache-loads:u,l1-dcache-loads,0.0,100.0,nan,,ok
1508.137452,nan,,cache-references:u,cache-references,0.0,100.0,nan,,ok
1508.137452,nan,,cache-misses:u,cache-misses,0.0,100.0,nan,,ok
1508.137452,nan,,stalled-cycles-frontend:u,stalled-cycles-frontend,0.0,100.0,nan,,ok
1519.609086,0.0,,instructions:u,instructions,982895.0,43.0,nan,,ok
1519.609086,0.0,,cycles:u,cycles,1982743.0,86.0,nan,,ok
1519.609086,0.0,,branches:u,branches,2317628.0,100.0,nan,,ok
1519.609086,0.0,,branch-misses:u,branch-misses,2329082.0,100.0,nan,,ok
1519.609086,0.0,,L1-dcache-loads:u,l1-dcache-loads,2343116.0,100.0,nan,,ok
1519.609086,0.0,,cache-references:u,cache-references,1375545.0,58.0,nan,,ok
1519.609086,0.0,,cache-misses:u,cache-misses,389819.0,16.0,nan,,ok
1519.609086,nan,,stalled-cycles-frontend:u,stalled-cycles-frontend,0.0,0.0,nan,,ok
1531.255659,0.0,,instructions:u,instructions,1380256.0,25.0,nan,,ok
1531.255659,0.0,,cycles:u,cycles,376723.0,6.0,nan,,ok
1531.255659,0.0,,branches:u,branches,1560562.0,28.0,nan,,ok
1531.255659,0.0,,branch-misses:u,branch-misses,2439948.0,44.0,nan,,ok
1531.255659,0.0,,L1-dcache-loads:u,l1-dcache-loads,3048811.0,56.0,nan,,ok
1531.255659,0.0,,cache-references:u,cache-references,4031789.0,74.0,nan,,ok
1531.255659,0.0,,cache-misses:u,cache-misses,5021200.0,93.0,nan,,ok
1531.255659,0.0,,stalled-cycles-frontend:u,stalled-cycles-frontend,1380256.0,25.0,nan,,ok
1543.173689,nan,,instructions:u,instructions,0.0,100.0,nan,,ok
1543.173689,nan,,cycles:u,cycles,0.0,100.0,nan,,ok
1543.173689,nan,,branches:u,branches,0.0,100.0,nan,,ok
1543.173689,nan,,branch-misses:u,branch-misses,0.0,100.0,nan,,ok
1543.173689,nan,,L1-dcache-loads:u,l1-dcache-loads,0.0,100.0,nan,,ok
1543.173689,nan,,cache-references:u,cache-references,0.0,100.0,nan,,ok
1543.173689,nan,,cache-misses:u,cache-misses,0.0,100.0,nan,,ok
1543.173689,nan,,stalled-cycles-frontend:u,stalled-cycles-frontend,0.0,100.0,nan,,ok
1555.030015,nan,,instructions:u,instructions,0.0,100.0,nan,,ok
1555.030015,nan,,cycles:u,cycles,0.0,100.0,nan,,ok
1555.030015,nan,,branches:u,branches,0.0,100.0,nan,,ok
1555.030015,nan,,branch-misses:u,branch-misses,0.0,100.0,nan,,ok
1555.030015,nan,,L1-dcache-loads:u,l1-dcache-loads,0.0,100.0,nan,,ok
1555.030015,nan,,cache-references:u,cache-references,0.0,100.0,nan,,ok
1555.030015,nan,,cache-misses:u,cache-misses,0.0,100.0,nan,,ok
1555.030015,nan,,stalled-cycles-frontend:u,stalled-cycles-frontend,0.0,100.0,nan,,ok
1569.378357,0.0,,instructions:u,instructions,1986547.0,65.0,nan,,ok
1569.378357,0.0,,cycles:u,cycles,2979803.0,97.0,nan,,ok
1569.378357,0.0,,branches:u,branches,3061576.0,100.0,nan,,ok
1569.378357,0.0,,branch-misses:u,branch-misses,3074156.0,100.0,nan,,ok
1569.378357,0.0,,L1-dcache-loads:u,l1-dcache-loads,2080948.0,67.0,nan,,ok
1569.378357,0.0,,cache-references:u,cache-references,1109429.0,35.0,nan,,ok
1569.378357,0.0,,cache-misses:u,cache-misses,126638.0,4.0,nan,,ok
1569.378357,0.0,,stalled-cycles-frontend:u,stalled-cycles-frontend,1004877.0,32.0,nan,,ok
1580.827232,nan,,instructions:u,instructions,0.0,0.0,nan,,ok
1580.827232,nan,,cycles:u,cycles,0.0,0.0,nan,,ok
1580.827232,0.0,,branches:u,branches,932006.0,34.0,nan,,ok
1580.827232,0.0,,branch-misses:u,branch-misses,1906668.0,71.0,nan,,ok
1580.827232,0.0,,L1-dcache-loads:u,l1-dcache-loads,2656253.0,100.0,nan,,ok
1580.827232,0.0,,cache-references:u,cache-references,2646102.0,100.0,nan,,ok
1580.827232,0.0,,cache-misses:u,cache-misses,2635637.0,100.0,nan,,ok
1580.827232,nan,,stalled-cycles-frontend:u,stalled-cycles-frontend,0.0,0.0,nan,,ok
1592.196303,nan,,instructions:u,instructions,0.0,100.0,nan,,ok
1592.196303,nan,,cycles:u,cycles,0.0,100.0,nan,,ok
1592.196303,nan,,branches:u,branches,0.0,100.0,nan,,ok
1592.196303,nan,,branch-misses:u,branch-misses,0.0,100.0,nan,,ok
1592.196303,nan,,L1-dcache-loads:u,l1-dcache-loads,0.0,100.0,nan,,ok
1592.196303,nan,,cache-references:u,cache-references,0.0,100.0,nan,,ok
1592.196303,nan,,cache-misses:u,cache-misses,0.0,100.0,nan,,ok
1592.196303,nan,,stalled-cycles-frontend:u,stalled-cycles-frontend,0.0,100.0,nan,,ok
1604.032862,nan,,instructions:u,instructions,0.0,100.0,nan,,ok
1604.032862,nan,,cycles:u,cycles,0.0,100.0,nan,,ok
1604.032862,nan,,branches:u,branches,0.0,100.0,nan,,ok
1604.032862,nan,,branch-misses:u,branch-misses,0.0,100.0,nan,,ok
1604.032862,nan,,L1-dcache-loads:u,l1-dcache-loads,0.0,100.0,nan,,ok
1604.032862,nan,,cache-references:u,cache-references,0.0,100.0,nan,,ok
1604.032862,nan,,cache-misses:u,cache-misses,0.0,100.0,nan,,ok
1604.032862,nan,,stalled-cycles-frontend:u,stalled-cycles-frontend,0.0,100.0,nan,,ok
1614.996089,nan,,instructions:u,instructions,0.0,100.0,nan,,ok
1614.996089,nan,,cycles:u,cycles,0.0,100.0,nan,,ok
1614.996089,nan,,branches:u,branches,0.0,100.0,nan,,ok
1614.996089,nan,,branch-misses:u,branch-misses,0.0,100.0,nan,,ok
1614.996089,nan,,L1-dcache-loads:u,l1-dcache-loads,0.0,100.0,nan,,ok
1614.996089,nan,,cache-references:u,cache-references,0.0,100.0,nan,,ok
1614.996089,nan,,cache-misses:u,cache-misses,0.0,100.0,nan,,ok
1614.996089,nan,,stalled-cycles-frontend:u,stalled-cycles-frontend,0.0,100.0,nan,,ok
1626.579741,nan,,instructions:u,instructions,0.0,100.0,nan,,ok
1626.579741,nan,,cycles:u,cycles,0.0,100.0,nan,,ok
1626.579741,nan,,branches:u,branches,0.0,100.0,nan,,ok
1626.579741,nan,,branch-misses:u,branch-misses,0.0,100.0,nan,,ok
1626.579741,nan,,L1-dcache-loads:u,l1-dcache-loads,0.0,100.0,nan,,ok
1626.579741,nan,,cache-references:u,cache-references,0.0,100.0,nan,,ok
1626.579741,nan,,cache-misses:u,cache-misses,0.0,100.0,nan,,ok
1626.579741,nan,,stalled-cycles-frontend:u,stalled-cycles-frontend,0.0,100.0,nan,,ok
1638.2595339999998,nan,,instructions:u,instructions,0.0,100.0,nan,,ok
1638.2595339999998,nan,,cycles:u,cycles,0.0,100.0,nan,,ok
1638.2595339999998,nan,,branches:u,branches,0.0,100.0,nan,,ok
1638.2595339999998,nan,,branch-misses:u,branch-misses,0.0,100.0,nan,,ok
1638.2595339999998,nan,,L1-dcache-loads:u,l1-dcache-loads,0.0,100.0,nan,,ok
1638.2595339999998,nan,,cache-references:u,cache-references,0.0,100.0,nan,,ok
1638.2595339999998,nan,,cache-misses:u,cache-misses,0.0,100.0,nan,,ok
1638.2595339999998,nan,,stalled-cycles-frontend:u,stalled-cycles-frontend,0.0,100.0,nan,,ok
1650.053659,0.0,,instructions:u,instructions,3002932.0,51.0,nan,,ok
1650.053659,0.0,,cycles:u,cycles,2875821.0,49.0,nan,,ok
1650.053659,0.0,,branches:u,branches,2875821.0,49.0,nan,,ok
1650.053659,0.0,,branch-misses:u,branch-misses,2875821.0,49.0,nan,,ok
1650.053659,0.0,,L1-dcache-loads:u,l1-dcache-loads,2864344.0,48.0,nan,,ok
1650.053659,0.0,,cache-references:u,cache-references,2856599.0,48.0,nan,,ok
1650.053659,0.0,,cache-misses:u,cache-misses,2983710.0,50.0,nan,,ok
1650.053659,0.0,,stalled-cycles-frontend:u,stalled-cycles-frontend,2003515.0,34.0,nan,,ok
1661.891533,nan,,instructions:u,instructions,0.0,100.0,nan,,ok
1661.891533,nan,,cycles:u,cycles,0.0,100.0,nan,,ok
1661.891533,nan,,branches:u,branches,0.0,100.0,nan,,ok
1661.891533,nan,,branch-misses:u,branch-misses,0.0,100.0,nan,,ok
1661.891533,nan,,L1-dcache-loads:u,l1-dcache-loads,0.0,100.0,nan,,ok
1661.891533,nan,,cache-references:u,cache-references,0.0,100.0,nan,,ok
1661.891533,nan,,cache-misses:u,cache-misses,0.0,100.0,nan,,ok
1661.891533,nan,,stalled-cycles-frontend:u,stalled-cycles-frontend,0.0,100.0,nan,,ok
1673.216024,nan,,instructions:u,instructions,0.0,100.0,nan,,ok
1673.216024,nan,,cycles:u,cycles,0.0,100.0,nan,,ok
1673.216024,nan,,branches:u,branches,0.0,100.0,nan,,ok
1673.216024,nan,,branch-misses:u,branch-misses,0.0,100.0,nan,,ok
1673.216024,nan,,L1-dcache-loads:u,l1-dcache-loads,0.0,100.0,nan,,ok
1673.216024,nan,,cache-references:u,cache-references,0.0,100.0,nan,,ok
1673.216024,nan,,cache-misses:u,cache-misses,0.0,100.0,nan,,ok
1673.216024,nan,,stalled-cycles-frontend:u,stalled-cycles-frontend,0.0,100.0,nan,,ok
1684.388371,0.0,,instructions:u,instructions,1243068.0,19.0,nan,,ok
1684.388371,0.0,,cycles:u,cycles,1237864.0,19.0,nan,,ok
1684.388371,0.0,,branches:u,branches,2238794.0,35.0,nan,,ok
1684.388371,0.0,,branch-misses:u,branch-misses,3231206.0,51.0,nan,,ok
1684.388371,0.0,,L1-dcache-loads:u,l1-dcache-loads,3988256.0,64.0,nan,,ok
1684.388371,0.0,,cache-references:u,cache-references,4987661.0,80.0,nan,,ok
1684.388371,0.0,,cache-misses:u,cache-misses,4992865.0,80.0,nan,,ok
1684.388371,0.0,,stalled-cycles-frontend:u,stalled-cycles-frontend,1243068.0,19.0,nan,,ok
1696.1534359999998,nan,,instructions:u,instructions,0.0,100.0,nan,,ok
1696.1534359999998,nan,,cycles:u,cycles,0.0,100.0,nan,,ok
1696.1534359999998,nan,,branches:u,branches,0.0,100.0,nan,,ok
1696.1534359999998,nan,,branch-misses:u,branch-misses,0.0,100.0,nan,,ok
1696.1534359999998,nan,,L1-dcache-loads:u,l1-dcache-loads,0.0,100.0,nan,,ok
1696.1534359999998,nan,,cache-references:u,cache-references,0.0,100.0,nan,,ok
1696.1534359999998,nan,,cache-misses:u,cache-misses,0.0,100.0,nan,,ok
1696.1534359999998,nan,,stalled-cycles-frontend:u,stalled-cycles-frontend,0.0,100.0,nan,,ok
1708.136533,0.0,,instructions:u,instructions,1955562.0,28.0,nan,,ok
1708.136533,0.0,,cycles:u,cycles,2943661.0,42.0,nan,,ok
1708.136533,0.0,,branches:u,branches,3948212.0,57.0,nan,,ok
1708.136533,0.0,,branch-misses:u,branch-misses,4944564.0,71.0,nan,,ok
1708.136533,0.0,,L1-dcache-loads:u,l1-dcache-loads,4997532.0,72.0,nan,,ok
1708.136533,0.0,,cache-references:u,cache-references,4921455.0,71.0,nan,,ok
1708.136533,0.0,,cache-misses:u,cache-misses,3933356.0,57.0,nan,,ok
1708.136533,0.0,,stalled-cycles-frontend:u,stalled-cycles-frontend,948750.0,13.0,nan,,ok
1719.890268,nan,,instructions:u,instructions,0.0,100.0,nan,,ok
1719.890268,nan,,cycles:u,cycles,0.0,100.0,nan,,ok
1719.890268,nan,,branches:u,branches,0.0,100.0,nan,,ok
1719.890268,nan,,branch-misses:u,branch-misses,0.0,100.0,nan,,ok
1719.890268,nan,,L1-dcache-loads:u,l1-dcache-loads,0.0,100.0,nan,,ok
1719.890268,nan,,cache-references:u,cache-references,0.0,100.0,nan,,ok
1719.890268,nan,,cache-misses:u,cache-misses,0.0,100.0,nan,,ok
1719.890268,nan,,stalled-cycles-frontend:u,stalled-cycles-frontend,0.0,100.0,nan,,ok
1731.9096869999998,nan,,instructions:u,instructions,0.0,100.0,nan,,ok
1731.9096869999998,nan,,cycles:u,cycles,0.0,100.0,nan,,ok
1731.9096869999998,nan,,branches:u,branches,0.0,100.0,nan,,ok
1731.9096869999998,nan,,branch-misses:u,branch-misses,0.0,100.0,nan,,ok
1731.9096869999998,nan,,L1-dcache-loads:u,l1-dcache-loads,0.0,100.0,nan,,ok
1731.9096869999998,nan,,cache-references:u,cache-references,0.0,100.0,nan,,ok
1731.9096869999998,nan,,cache-misses:u,cache-misses,0.0,100.0,nan,,ok
1731.9096869999998,nan,,stalled-cycles-frontend:u,stalled-cycles-frontend,0.0,100.0,nan,,ok
1743.380719,0.0,,instructions:u,instructions,5081252.0,46.0,nan,,ok
1743.380719,0.0,,cycles:u,cycles,4089787.0,37.0,nan,,ok
1743.380719,0.0,,branches:u,branches,5107002.0,46.0,nan,,ok
1743.380719,0.0,,branch-misses:u,branch-misses,6117577.0,55.0,nan,,ok
1743.380719,0.0,,L1-dcache-loads:u,l1-dcache-loads,5129877.0,46.0,nan,,ok
1743.380719,0.0,,cache-references:u,cache-references,5902016.0,53.0,nan,,ok
1743.380719,0.0,,cache-misses:u,cache-misses,6911814.0,62.0,nan,,ok
1743.380719,0.0,,stalled-cycles-frontend:u,stalled-cycles-frontend,4008374.0,36.0,nan,,ok
1755.348739,0.0,,instructions:u,instructions,2538319.0,33.0,nan,,ok
1755.348739,0.0,,cycles:u,cycles,2545953.0,33.0,nan,,ok
1755.348739,0.0,,branches:u,branches,3527058.0,46.0,nan,,ok
1755.348739,0.0,,branch-misses:u,branch-misses,4543009.0,60.0,nan,,ok
1755.348739,0.0,,L1-dcache-loads:u,l1-dcache-loads,4869932.0,64.0,nan,,ok
1755.348739,0.0,,cache-references:u,cache-references,4997900.0,66.0,nan,,ok
1755.348739,0.0,,cache-misses:u,cache-misses,4988120.0,66.0,nan,,ok
1755.348739,0.0,,stalled-cycles-frontend:u,stalled-cycles-frontend,1694871.0,22.0,nan,,ok
1766.9851219999998,0.0,,instructions:u,instructions,1733021.0,100.0,nan,,ok
1766.9851219999998,0.0,,cycles:u,cycles,1716834.0,100.0,nan,,ok
1766.9851219999998,0.0,,branches:u,branches,1706962.0,100.0,nan,,ok
1766.9851219999998,0.0,,branch-misses:u,branch-misses,1685639.0,100.0,nan,,ok
1766.9851219999998,0.0,,L1-dcache-loads:u,l1-dcache-loads,764213.0,45.0,nan,,ok
1766.9851219999998,nan,,cache-references:u,cache-references,0.0,0.0,nan,,ok
1766.9851219999998,nan,,cache-misses:u,cache-misses,0.0,0.0,nan,,ok
1766.9851219999998,0.0,,stalled-cycles-frontend:u,stalled-cycles-frontend,889665.0,53.0,nan,,ok
1778.619187,0.0,,instructions:u,instructions,1716663.0,25.0,nan,,ok
1778.619187,0.0,,cycles:u,cycles,1995835.0,29.0,nan,,ok
1778.619187,0.0,,branches:u,branches,2979349.0,44.0,nan,,ok
1778.619187,0.0,,branch-misses:u,branch-misses,3980208.0,59.0,nan,,ok
1778.619187,0.0,,L1-dcache-loads:u,l1-dcache-loads,4978935.0,74.0,nan,,ok
1778.619187,0.0,,cache-references:u,cache-references,4998279.0,74.0,nan,,ok
1778.619187,0.0,,cache-misses:u,cache-misses,4719107.0,70.0,nan,,ok
1778.619187,0.0,,stalled-cycles-frontend:u,stalled-cycles-frontend,737906.0,10.0,nan,,ok
1790.34128,1020.0,,instructions:u,instructions,345304.0,100.0,nan,,ok
1790.34128,nan,,,,nan,nan,65.03,stalled cycles per insn,unknown
1790.34128,nan,,cycles:u,cycles,0.0,100.0,nan,,ok
1790.34128,nan,,branches:u,branches,0.0,100.0,nan,,ok
1790.34128,nan,,branch-misses:u,branch-misses,0.0,100.0,nan,,ok
1790.34128,nan,,L1-dcache-loads:u,l1-dcache-loads,0.0,100.0,nan,,ok
1790.34128,nan,,cache-references:u,cache-references,0.0,100.0,nan,,ok
1790.34128,248.0,,cache-misses:u,cache-misses,345304.0,100.0,nan,,ok
1790.34128,66326.0,,stalled-cycles-frontend:u,stalled-cycles-frontend,345304.0,100.0,nan,,ok
1801.622009,nan,,instructions:u,instructions,0.0,100.0,nan,,ok
1801.622009,nan,,cycles:u,cycles,0.0,100.0,nan,,ok
1801.622009,nan,,branches:u,branches,0.0,100.0,nan,,ok
1801.622009,nan,,branch-misses:u,branch-misses,0.0,100.0,nan,,ok
1801.622009,nan,,L1-dcache-loads:u,l1-dcache-loads,0.0,100.0,nan,,ok
1801.622009,nan,,cache-references:u,cache-references,0.0,100.0,nan,,ok
1801.622009,nan,,cache-misses:u,cache-misses,0.0,100.0,nan,,ok
1801.622009,nan,,stalled-cycles-frontend:u,stalled-cycles-frontend,0.0,100.0,nan,,ok
1813.2227480000001,nan,,instructions:u,instructions,0.0,100.0,nan,,ok
1813.2227480000001,nan,,cycles:u,cycles,0.0,100.0,nan,,ok
1813.2227480000001,nan,,branches:u,branches,0.0,100.0,nan,,ok
1813.2227480000001,nan,,branch-misses:u,branch-misses,0.0,100.0,nan,,ok
1813.2227480000001,nan,,L1-dcache-loads:u,l1-dcache-loads,0.0,100.0,nan,,ok
1813.2227480000001,nan,,cache-references:u,cache-references,0.0,100.0,nan,,ok
1813.2227480000001,nan,,cache-misses:u,cache-misses,0.0,100.0,nan,,ok
1813.2227480000001,nan,,stalled-cycles-frontend:u,stalled-cycles-frontend,0.0,100.0,nan,,ok
1824.795989,nan,,instructions:u,instructions,0.0,100.0,nan,,ok
1824.795989,nan,,cycles:u,cycles,0.0,100.0,nan,,ok
1824.795989,nan,,branches:u,branches,0.0,100.0,nan,,ok
1824.795989,nan,,branch-misses:u,branch-misses,0.0,100.0,nan,,ok
1824.795989,nan,,L1-dcache-loads:u,l1-dcache-loads,0.0,100.0,nan,,ok
1824.795989,nan,,cache-references:u,cache-references,0.0,100.0,nan,,ok
1824.795989,nan,,cache-misses:u,cache-misses,0.0,100.0,nan,,ok
1824.795989,nan,,stalled-cycles-frontend:u,stalled-cycles-frontend,0.0,100.0,nan,,ok
1836.1775870000001,0.0,,instructions:u,instructions,2977502.0,60.0,nan,,ok
1836.1775870000001,0.0,,cycles:u,cycles,3001654.0,61.0,nan,,ok
1836.1775870000001,0.0,,branches:u,branches,3915616.0,80.0,nan,,ok
1836.1775870000001,0.0,,branch-misses:u,branch-misses,3915616.0,80.0,nan,,ok
1836.1775870000001,0.0,,L1-dcache-loads:u,l1-dcache-loads,2916329.0,59.0,nan,,ok
1836.1775870000001,0.0,,cache-references:u,cache-references,1916069.0,39.0,nan,,ok
1836.1775870000001,0.0,,cache-misses:u,cache-misses,1891917.0,38.0,nan,,ok
1836.1775870000001,0.0,,stalled-cycles-frontend:u,stalled-cycles-frontend,1977242.0,40.0,nan,,ok
1848.3813440000001,nan,,instructions:u,instructions,0.0,0.0,nan,,ok
1848.3813440000001,nan,,cycles:u,cycles,0.0,0.0,nan,,ok
1848.3813440000001,0.0,,branches:u,branches,988004.0,92.0,nan,,ok
1848.3813440000001,0.0,,branch-misses:u,branch-misses,1082927.0,100.0,nan,,ok
1848.3813440000001,0.0,,L1-dcache-loads:u,l1-dcache-loads,1095822.0,100.0,nan,,ok
1848.3813440000001,0.0,,cache-references:u,cache-references,1109631.0,100.0,nan,,ok
1848.3813440000001,0.0,,cache-misses:u,cache-misses,1120226.0,100.0,nan,,ok
1848.3813440000001,nan,,stalled-cycles-frontend:u,stalled-cycles-frontend,0.0,0.0,nan,,ok
1860.26052,0.0,,instructions:u,instructions,3942811.0,33.0,nan,,ok
1860.26052,0.0,,cycles:u,cycles,3003770.0,25.0,nan,,ok
1860.26052,0.0,,branches:u,branches,4000956.0,33.0,nan,,ok
1860.26052,0.0,,branch-misses:u,branch-misses,5924853.0,49.0,nan,,ok
1860.26052,0.0,,L1-dcache-loads:u,l1-dcache-loads,6881368.0,57.0,nan,,ok
1860.26052,0.0,,cache-references:u,cache-references,7878339.0,66.0,nan,,ok
1860.26052,0.0,,cache-misses:u,cache-misses,8861354.0,74.0,nan,,ok
1860.26052,0.0,,stalled-cycles-frontend:u,stalled-cycles-frontend,3026190.0,25.0,nan,,ok
1872.476754,0.0,,instructions:u,instructions,85784.0,100.0,nan,,ok
1872.476754,0.0,,cycles:u,cycles,31215.0,48.0,nan,,ok
1872.476754,0.0,,branches:u,branches,31215.0,57.0,nan,,ok
1872.476754,0.0,,branch-misses:u,branch-misses,13055.0,100.0,nan,,ok
1872.476754,nan,,L1-dcache-loads:u,l1-dcache-loads,0.0,100.0,nan,,ok
1872.476754,nan,,cache-references:u,cache-references,0.0,100.0,nan,,ok
1872.476754,nan,,cache-misses:u,cache-misses,0.0,100.0,nan,,ok
1872.476754,nan,,stalled-cycles-frontend:u,stalled-cycles-frontend,0.0,100.0,nan,,ok
1884.8424420000001,0.0,,instructions:u,instructions,4536766.0,47.0,nan,,ok
1884.8424420000001,0.0,,cycles:u,cycles,4569711.0,47.0,nan,,ok
1884.8424420000001,0.0,,branches:u,branches,5584022.0,58.0,nan,,ok
1884.8424420000001,0.0,,branch-misses:u,branch-misses,6604070.0,68.0,nan,,ok
1884.8424420000001,0.0,,L1-dcache-loads:u,l1-dcache-loads,5638348.0,58.0,nan,,ok
1884.8424420000001,0.0,,cache-references:u,cache-references,5000239.0,51.0,nan,,ok
1884.8424420000001,0.0,,cache-misses:u,cache-misses,4993281.0,51.0,nan,,ok
1884.8424420000001,0.0,,stalled-cycles-frontend:u,stalled-cycles-frontend,2990993.0,30.0,nan,,ok
1896.6243490000002,0.0,,instructions:u,instructions,453045.0,17.0,nan,,ok
1896.6243490000002,0.0,,cycles:u,cycles,1426747.0,54.0,nan,,ok
1896.6243490000002,0.0,,branches:u,branches,2417107.0,93.0,nan,,ok
1896.6243490000002,0.0,,branch-misses:u,branch-misses,2568846.0,100.0,nan,,ok
1896.6243490000002,0.0,,L1-dcache-loads:u,l1-dcache-loads,2542913.0,100.0,nan,,ok
1896.6243490000002,0.0,,cache-references:u,cache-references,2178184.0,86.0,nan,,ok
1896.6243490000002,0.0,,cache-misses:u,cache-misses,1178495.0,46.0,nan,,ok
1896.6243490000002,nan,,stalled-cycles-frontend:u,stalled-cycles-frontend,0.0,0.0,nan,,ok
1908.3557440000002,nan,,instructions:u,instructions,0.0,100.0,nan,,ok
1908.3557440000002,nan,,cycles:u,cycles,0.0,100.0,nan,,ok
1908.3557440000002,nan,,branches:u,branches,0.0,100.0,nan,,ok
1908.3557440000002,nan,,branch-misses:u,branch-misses,0.0,100.0,nan,,ok
1908.3557440000002,nan,,L1-dcache-loads:u,l1-dcache-loads,0.0,100.0,nan,,ok
1908.3557440000002,nan,,cache-references:u,cache-references,0.0,100.0,nan,,ok
1908.3557440000002,nan,,cache-misses:u,cache-misses,0.0,100.0,nan,,ok
1908.3557440000002,nan,,stalled-cycles-frontend:u,stalled-cycles-frontend,0.0,100.0,nan,,ok
1920.022343,0.0,,instructions:u,instructions,3010160.0,48.0,nan,,ok
1920.022343,0.0,,cycles:u,cycles,2232938.0,35.0,nan,,ok
1920.022343,0.0,,branches:u,branches,2232938.0,35.0,nan,,ok
1920.022343,0.0,,branch-misses:u,branch-misses,3216703.0,51.0,nan,,ok
1920.022343,0.0,,L1-dcache-loads:u,l1-dcache-loads,3222885.0,51.0,nan,,ok
1920.022343,0.0,,cache-references:u,cache-references,3207485.0,51.0,nan,,ok
1920.022343,0.0,,cache-misses:u,cache-misses,3984707.0,64.0,nan,,ok
1920.022343,0.0,,stalled-cycles-frontend:u,stalled-cycles-frontend,1999849.0,32.0,nan,,ok
1931.492738,nan,,instructions:u,instructions,0.0,100.0,nan,,ok
1931.492738,nan,,cycles:u,cycles,0.0,100.0,nan,,ok
1931.492738,nan,,branches:u,branches,0.0,100.0,nan,,ok
1931.492738,nan,,branch-misses:u,branch-misses,0.0,100.0,nan,,ok
1931.492738,nan,,L1-dcache-loads:u,l1-dcache-loads,0.0,100.0,nan,,ok
1931.492738,nan,,cache-references:u,cache-references,0.0,100.0,nan,,ok
1931.492738,nan,,cache-misses:u,cache-misses,0.0,100.0,nan,,ok
1931.492738,nan,,stalled-cycles-frontend:u,stalled-cycles-frontend,0.0,100.0,nan,,ok
1942.858767,nan,,instructions:u,instructions,0.0,100.0,nan,,ok
1942.858767,nan,,cycles:u,cycles,0.0,100.0,nan,,ok
1942.858767,nan,,branches:u,branches,0.0,100.0,nan,,ok
1942.858767,nan,,branch-misses:u,branch-misses,0.0,100.0,nan,,ok
1942.858767,nan,,L1-dcache-loads:u,l1-dcache-loads,0.0,100.0,nan,,ok
1942.858767,nan,,cache-references:u,cache-references,0.0,100.0,nan,,ok
1942.858767,nan,,cache-misses:u,cache-misses,0.0,100.0,nan,,ok
1942.858767,nan,,stalled-cycles-frontend:u,stalled-cycles-frontend,0.0,100.0,nan,,ok
1954.2792689999999,0.0,,instructions:u,instructions,440064.0,8.0,nan,,ok
1954.2792689999999,0.0,,cycles:u,cycles,973999.0,17.0,nan,,ok
1954.2792689999999,0.0,,branches:u,branches,1991242.0,36.0,nan,,ok
1954.2792689999999,0.0,,branch-misses:u,branch-misses,2975578.0,54.0,nan,,ok
1954.2792689999999,0.0,,L1-dcache-loads:u,l1-dcache-loads,3975139.0,73.0,nan,,ok
1954.2792689999999,0.0,,cache-references:u,cache-references,4973031.0,91.0,nan,,ok
1954.2792689999999,0.0,,cache-misses:u,cache-misses,4439096.0,82.0,nan,,ok
1954.2792689999999,0.0,,stalled-cycles-frontend:u,stalled-cycles-frontend,440064.0,8.0,nan,,ok
1966.180565,nan,,instructions:u,instructions,0.0,100.0,nan,,ok
1966.180565,nan,,cycles:u,cycles,0.0,100.0,nan,,ok
1966.180565,nan,,branches:u,branches,0.0,100.0,nan,,ok
1966.180565,nan,,branch-misses:u,branch-misses,0.0,100.0,nan,,ok
1966.180565,nan,,L1-dcache-loads:u,l1-dcache-loads,0.0,100.0,nan,,ok
1966.180565,nan,,cache-references:u,cache-references,0.0,100.0,nan,,ok
1966.180565,nan,,cache-misses:u,cache-misses,0.0,100.0,nan,,ok
1966.180565,nan,,stalled-cycles-frontend:u,stalled-cycles-frontend,0.0,100.0,nan,,ok
1978.0865540000002,0.0,,instructions:u,instructions,1790655.0,100.0,nan,,ok
1978.0865540000002,0.0,,cycles:u,cycles,818655.0,44.0,nan,,ok
1978.0865540000002,0.0,,branches:u,branches,840099.0,45.0,nan,,ok
1978.0865540000002,0.0,,branch-misses:u,branch-misses,860133.0,45.0,nan,,ok
1978.0865540000002,nan,,L1-dcache-loads:u,l1-dcache-loads,0.0,0.0,nan,,ok
1978.0865540000002,nan,,cache-references:u,cache-references,0.0,0.0,nan,,ok
1978.0865540000002,0.0,,cache-misses:u,cache-misses,1009813.0,53.0,nan,,ok
1978.0865540000002,0.0,,stalled-cycles-frontend:u,stalled-cycles-frontend,1918769.0,100.0,nan,,ok
1989.926131,0.0,,instructions:u,instructions,1197355.0,31.0,nan,,ok
1989.926131,0.0,,cycles:u,cycles,2167539.0,57.0,nan,,ok
1989.926131,0.0,,branches:u,branches,3138642.0,84.0,nan,,ok
1989.926131,0.0,,branch-misses:u,branch-misses,3714406.0,100.0,nan,,ok
1989.926131,0.0,,L1-dcache-loads:u,l1-dcache-loads,3599893.0,97.0,nan,,ok
1989.926131,0.0,,cache-references:u,cache-references,2596342.0,70.0,nan,,ok
1989.926131,0.0,,cache-misses:u,cache-misses,1588345.0,43.0,nan,,ok
1989.926131,0.0,,stalled-cycles-frontend:u,stalled-cycles-frontend,65690.0,1.0,nan,,ok
2000.5330250000002,nan,,instructions:u,instructions,0.0,100.0,nan,,ok
2000.5330250000002,nan,,cycles:u,cycles,0.0,100.0,nan,,ok
2000.5330250000002,nan,,branches:u,branches,0.0,100.0,nan,,ok
2000.5330250000002,nan,,branch-misses:u,branch-misses,0.0,100.0,nan,,ok
2000.5330250000002,nan,,L1-dcache-loads:u,l1-dcache-loads,0.0,100.0,nan,,ok
2000.5330250000002,nan,,cache-references:u,cache-references,0.0,100.0,nan,,ok
2000.5330250000002,nan,,cache-misses:u,cache-misses,0.0,100.0,nan,,ok
2000.5330250000002,nan,,stalled-cycles-frontend:u,stalled-cycles-frontend,0.0,100.0,nan,,ok
2011.4808759999999,nan,,instructions:u,instructions,0.0,100.0,nan,,ok
2011.4808759999999,nan,,cycles:u,cycles,0.0,100.0,nan,,ok
2011.4808759999999,nan,,branches:u,branches,0.0,100.0,nan,,ok
2011.4808759999999,nan,,branch-misses:u,branch-misses,0.0,100.0,nan,,ok
2011.4808759999999,nan,,L1-dcache-loads:u,l1-dcache-loads,0.0,100.0,nan,,ok
2011.4808759999999,nan,,cache-references:u,cache-references,0.0,100.0,nan,,ok
2011.4808759999999,nan,,cache-misses:u,cache-misses,0.0,100.0,nan,,ok
2011.4808759999999,nan,,stalled-cycles-frontend:u,stalled-cycles-frontend,0.0,100.0,nan,,ok
2022.0509519999998,nan,,instructions:u,instructions,0.0,100.0,nan,,ok
2022.0509519999998,nan,,cycles:u,cycles,0.0,100.0,nan,,ok
2022.0509519999998,nan,,branches:u,branches,0.0,100.0,nan,,ok
2022.0509519999998,nan,,branch-misses:u,branch-misses,0.0,100.0,nan,,ok
2022.0509519999998,nan,,L1-dcache-loads:u,l1-dcache-loads,0.0,100.0,nan,,ok
2022.0509519999998,nan,,cache-references:u,cache-references,0.0,100.0,nan,,ok
2022.0509519999998,nan,,cache-misses:u,cache-misses,0.0,100.0,nan,,ok
2022.0509519999998,nan,,stalled-cycles-frontend:u,stalled-cycles-frontend,0.0,100.0,nan,,ok
2032.651333,nan,,instructions:u,instructions,0.0,100.0,nan,,ok
2032.651333,nan,,cycles:u,cycles,0.0,100.0,nan,,ok
2032.651333,nan,,branches:u,branches,0.0,100.0,nan,,ok
2032.651333,nan,,branch-misses:u,branch-misses,0.0,100.0,nan,,ok
2032.651333,nan,,L1-dcache-loads:u,l1-dcache-loads,0.0,100.0,nan,,ok
2032.651333,nan,,cache-references:u,cache-references,0.0,100.0,nan,,ok
2032.651333,nan,,cache-misses:u,cache-misses,0.0,100.0,nan,,ok
2032.651333,nan,,stalled-cycles-frontend:u,stalled-cycles-frontend,0.0,100.0,nan,,ok
2043.226538,0.0,,instructions:u,instructions,1523126.0,33.0,nan,,ok
2043.226538,0.0,,cycles:u,cycles,525663.0,11.0,nan,,ok
2043.226538,0.0,,branches:u,branches,525663.0,11.0,nan,,ok
2043.226538,0.0,,branch-misses:u,branch-misses,1517130.0,33.0,nan,,ok
2043.226538,0.0,,L1-dcache-loads:u,l1-dcache-loads,1988832.0,44.0,nan,,ok
2043.226538,0.0,,cache-references:u,cache-references,2990116.0,66.0,nan,,ok
2043.226538,0.0,,cache-misses:u,cache-misses,3987579.0,88.0,nan,,ok
2043.226538,0.0,,stalled-cycles-frontend:u,stalled-cycles-frontend,1523126.0,33.0,nan,,ok
2054.130427,nan,,instructions:u,instructions,0.0,100.0,nan,,ok
2054.130427,nan,,cycles:u,cycles,0.0,100.0,nan,,ok
2054.130427,nan,,branches:u,branches,0.0,100.0,nan,,ok
2054.130427,nan,,branch-misses:u,branch-misses,0.0,100.0,nan,,ok
2054.130427,nan,,L1-dcache-loads:u,l1-dcache-loads,0.0,100.0,nan,,ok
2054.130427,nan,,cache-references:u,cache-references,0.0,100.0,nan,,ok
2054.130427,nan,,cache-misses:u,cache-misses,0.0,100.0,nan,,ok
2054.130427,nan,,stalled-cycles-frontend:u,stalled-cycles-frontend,0.0,100.0,nan,,ok
2064.892064,nan,,instructions:u,instructions,0.0,100.0,nan,,ok
2064.892064,nan,,cycles:u,cycles,0.0,100.0,nan,,ok
2064.892064,nan,,branches:u,branches,0.0,100.0,nan,,ok
2064.892064,nan,,branch-misses:u,branch-misses,0.0,100.0,nan,,ok
2064.892064,nan,,L1-dcache-loads:u,l1-dcache-loads,0.0,100.0,nan,,ok
2064.892064,nan,,cache-references:u,cache-references,0.0,100.0,nan,,ok
2064.892064,nan,,cache-misses:u,cache-misses,0.0,100.0,nan,,ok
2064.892064,nan,,stalled-cycles-frontend:u,stalled-cycles-frontend,0.0,100.0,nan,,ok
2075.664484,0.0,,instructions:u,instructions,1966941.0,85.0,nan,,ok
2075.664484,0.0,,cycles:u,cycles,2333456.0,100.0,nan,,ok
2075.664484,0.0,,branches:u,branches,2344550.0,100.0,nan,,ok
2075.664484,0.0,,branch-misses:u,branch-misses,2358022.0,100.0,nan,,ok
2075.664484,0.0,,L1-dcache-loads:u,l1-dcache-loads,1396685.0,58.0,nan,,ok
2075.664484,0.0,,cache-references:u,cache-references,414064.0,17.0,nan,,ok
2075.664484,nan,,cache-misses:u,cache-misses,0.0,0.0,nan,,ok
2075.664484,0.0,,stalled-cycles-frontend:u,stalled-cycles-frontend,973861.0,40.0,nan,,ok
2086.581035,nan,,instructions:u,instructions,0.0,0.0,nan,,ok
2086.581035,0.0,,cycles:u,cycles,638387.0,38.0,nan,,ok
2086.581035,0.0,,branches:u,branches,1624553.0,98.0,nan,,ok
2086.581035,0.0,,branch-misses:u,branch-misses,1640949.0,100.0,nan,,ok
2086.581035,0.0,,L1-dcache-loads:u,l1-dcache-loads,1628425.0,100.0,nan,,ok
2086.581035,0.0,,cache-references:u,cache-references,1617966.0,100.0,nan,,ok
2086.581035,0.0,,cache-misses:u,cache-misses,1027128.0,63.0,nan,,ok
2086.581035,nan,,stalled-cycles-frontend:u,stalled-cycles-frontend,0.0,0.0,nan,,ok
2097.2289339999998,nan,,instructions:u,instructions,0.0,100.0,nan,,ok
2097.2289339999998,nan,,cycles:u,cycles,0.0,100.0,nan,,ok
2097.2289339999998,nan,,branches:u,branches,0.0,100.0,nan,,ok
2097.2289339999998,nan,,branch-misses:u,branch-misses,0.0,100.0,nan,,ok
2097.2289339999998,nan,,L1-dcache-loads:u,l1-dcache-loads,0.0,100.0,nan,,ok
2097.2289339999998,nan,,cache-references:u,cache-references,0.0,100.0,nan,,ok
2097.2289339999998,nan,,cache-misses:u,cache-misses,0.0,100.0,nan,,ok
2097.2289339999998,nan,,stalled-cycles-frontend:u,stalled-cycles-frontend,0.0,100.0,nan,,ok
2108.0826140000004,nan,,instructions:u,instructions,0.0,0.0,nan,,ok
2108.0826140000004,nan,,cycles:u,cycles,0.0,0.0,nan,,ok
2108.0826140000004,nan,,branches:u,branches,0.0,0.0,nan,,ok
2108.0826140000004,0.0,,branch-misses:u,branch-misses,994330.0,55.0,nan,,ok
2108.0826140000004,0.0,,L1-dcache-loads:u,l1-dcache-loads,1802842.0,100.0,nan,,ok
2108.0826140000004,0.0,,cache-references:u,cache-references,1813855.0,100.0,nan,,ok
2108.0826140000004,0.0,,cache-misses:u,cache-misses,1823941.0,100.0,nan,,ok
2108.0826140000004,nan,,stalled-cycles-frontend:u,stalled-cycles-frontend,0.0,0.0,nan,,ok
2118.821905,0.0,,instructions:u,instructions,3003905.0,68.0,nan,,ok
2118.821905,0.0,,cycles:u,cycles,2133433.0,49.0,nan,,ok
2118.821905,0.0,,branches:u,branches,2133433.0,49.0,nan,,ok
2118.821905,0.0,,branch-misses:u,branch-misses,2133433.0,49.0,nan,,ok
2118.821905,0.0,,L1-dcache-loads:u,l1-dcache-loads,1312225.0,30.0,nan,,ok
2118.821905,0.0,,cache-references:u,cache-references,1303066.0,30.0,nan,,ok
2118.821905,0.0,,cache-misses:u,cache-misses,2163452.0,50.0,nan,,ok
2118.821905,0.0,,stalled-cycles-frontend:u,stalled-cycles-frontend,2003345.0,46.0,nan,,ok
2129.968766,nan,,instructions:u,instructions,0.0,100.0,nan,,ok
2129.968766,nan,,cycles:u,cycles,0.0,100.0,nan,,ok
2129.968766,nan,,branches:u,branches,0.0,100.0,nan,,ok
2129.968766,nan,,branch-misses:u,branch-misses,0.0,100.0,nan,,ok
2129.968766,nan,,L1-dcache-loads:u,l1-dcache-loads,0.0,100.0,nan,,ok
2129.968766,nan,,cache-references:u,cache-references,0.0,100.0,nan,,ok
2129.968766,nan,,cache-misses:u,cache-misses,0.0,100.0,nan,,ok
2129.968766,nan,,stalled-cycles-frontend:u,stalled-cycles-frontend,0.0,100.0,nan,,ok
2140.724894,nan,,instructions:u,instructions,0.0,100.0,nan,,ok
2140.724894,nan,,cycles:u,cycles,0.0,100.0,nan,,ok
2140.724894,nan,,branches:u,branches,0.0,100.0,nan,,ok
2140.724894,nan,,branch-misses:u,branch-misses,0.0,100.0,nan,,ok
2140.724894,nan,,L1-dcache-loads:u,l1-dcache-loads,0.0,100.0,nan,,ok
2140.724894,nan,,cache-references:u,cache-references,0.0,100.0,nan,,ok
2140.724894,nan,,cache-misses:u,cache-misses,0.0,100.0,nan,,ok
2140.724894,nan,,stalled-cycles-frontend:u,stalled-cycles-frontend,0.0,100.0,nan,,ok
2151.492364,nan,,instructions:u,instructions,0.0,100.0,nan,,ok
2151.492364,nan,,cycles:u,cycles,0.0,100.0,nan,,ok
2151.492364,nan,,branches:u,branches,0.0,100.0,nan,,ok
2151.492364,nan,,branch-misses:u,branch-misses,0.0,100.0,nan,,ok
2151.492364,nan,,L1-dcache-loads:u,l1-dcache-loads,0.0,100.0,nan,,ok
2151.492364,nan,,cache-references:u,cache-references,0.0,100.0,nan,,ok
2151.492364,nan,,cache-misses:u,cache-misses,0.0,100.0,nan,,ok
2151.492364,nan,,stalled-cycles-frontend:u,stalled-cycles-frontend,0.0,100.0,nan,,ok
2162.0673699999998,nan,,instructions:u,instructions,0.0,0.0,nan,,ok
2162.0673699999998,0.0,,cycles:u,cycles,988186.0,50.0,nan,,ok
2162.0673699999998,0.0,,branches:u,branches,1944584.0,100.0,nan,,ok
2162.0673699999998,0.0,,branch-misses:u,branch-misses,1944584.0,100.0,nan,,ok
2162.0673699999998,0.0,,L1-dcache-loads:u,l1-dcache-loads,1944584.0,100.0,nan,,ok
2162.0673699999998,0.0,,cache-references:u,cache-references,1944584.0,100.0,nan,,ok
2162.0673699999998,0.0,,cache-misses:u,cache-misses,956398.0,49.0,nan,,ok
2162.0673699999998,nan,,stalled-cycles-frontend:u,stalled-cycles-frontend,0.0,0.0,nan,,ok
2173.039077,0.0,,instructions:u,instructions,1191843.0,25.0,nan,,ok
2173.039077,0.0,,cycles:u,cycles,172304.0,3.0,nan,,ok
2173.039077,0.0,,branches:u,branches,674742.0,14.0,nan,,ok
2173.039077,0.0,,branch-misses:u,branch-misses,1675891.0,35.0,nan,,ok
2173.039077,0.0,,L1-dcache-loads:u,l1-dcache-loads,2509527.0,53.0,nan,,ok
2173.039077,0.0,,cache-references:u,cache-references,3502925.0,74.0,nan,,ok
2173.039077,0.0,,cache-misses:u,cache-misses,4522464.0,96.0,nan,,ok
2173.039077,0.0,,stalled-cycles-frontend:u,stalled-cycles-frontend,1191843.0,25.0,nan,,ok
2184.076882,nan,,instructions:u,instructions,0.0,100.0,nan,,ok
2184.076882,nan,,cycles:u,cycles,0.0,100.0,nan,,ok
2184.076882,nan,,branches:u,branches,0.0,100.0,nan,,ok
2184.076882,nan,,branch-misses:u,branch-misses,0.0,100.0,nan,,ok
2184.076882,nan,,L1-dcache-loads:u,l1-dcache-loads,0.0,100.0,nan,,ok
2184.076882,nan,,cache-references:u,cache-references,0.0,100.0,nan,,ok
2184.076882,nan,,cache-misses:u,cache-misses,0.0,100.0,nan,,ok
2184.076882,nan,,stalled-cycles-frontend:u,stalled-cycles-frontend,0.0,100.0,nan,,ok
2194.790824,nan,,instructions:u,instructions,0.0,100.0,nan,,ok
2194.790824,nan,,cycles:u,cycles,0.0,100.0,nan,,ok
2194.790824,nan,,branches:u,branches,0.0,100.0,nan,,ok
2194.790824,nan,,branch-misses:u,branch-misses,0.0,100.0,nan,,ok
2194.790824,nan,,L1-dcache-loads:u,l1-dcache-loads,0.0,100.0,nan,,ok
2194.790824,nan,,cache-references:u,cache-references,0.0,100.0,nan,,ok
2194.790824,nan,,cache-misses:u,cache-misses,0.0,100.0,nan,,ok
2194.790824,nan,,stalled-cycles-frontend:u,stalled-cycles-frontend,0.0,100.0,nan,,ok
2205.383125,nan,,instructions:u,instructions,0.0,100.0,nan,,ok
2205.383125,nan,,cycles:u,cycles,0.0,100.0,nan,,ok
2205.383125,nan,,branches:u,branches,0.0,100.0,nan,,ok
2205.383125,nan,,branch-misses:u,branch-misses,0.0,100.0,nan,,ok
2205.383125,nan,,L1-dcache-loads:u,l1-dcache-loads,0.0,100.0,nan,,ok
2205.383125,nan,,cache-references:u,cache-references,0.0,100.0,nan,,ok
2205.383125,nan,,cache-misses:u,cache-misses,0.0,100.0,nan,,ok
2205.383125,nan,,stalled-cycles-frontend:u,stalled-cycles-frontend,0.0,100.0,nan,,ok
2216.0950829999997,0.0,,instructions:u,instructions,788670.0,100.0,nan,,ok
2216.0950829999997,0.0,,cycles:u,cycles,814432.0,100.0,nan,,ok
2216.0950829999997,0.0,,branches:u,branches,833316.0,100.0,nan,,ok
2216.0950829999997,0.0,,branch-misses:u,branch-misses,848477.0,100.0,nan,,ok
2216.0950829999997,nan,,L1-dcache-loads:u,l1-dcache-loads,0.0,0.0,nan,,ok
2216.0950829999997,nan,,cache-references:u,cache-references,0.0,0.0,nan,,ok
2216.0950829999997,nan,,cache-misses:u,cache-misses,0.0,0.0,nan,,ok
2216.0950829999997,0.0,,stalled-cycles-frontend:u,stalled-cycles-frontend,894551.0,100.0,nan,,ok
2227.1286020000002,0.0,,instructions:u,instructions,1186016.0,24.0,nan,,ok
2227.1286020000002,0.0,,cycles:u,cycles,2164165.0,45.0,nan,,ok
2227.1286020000002,0.0,,branches:u,branches,3154452.0,67.0,nan,,ok
2227.1286020000002,0.0,,branch-misses:u,branch-misses,4129992.0,88.0,nan,,ok
2227.1286020000002,0.0,,L1-dcache-loads:u,l1-dcache-loads,4553629.0,97.0,nan,,ok
2227.1286020000002,0.0,,cache-references:u,cache-references,3559993.0,76.0,nan,,ok
2227.1286020000002,0.0,,cache-misses:u,cache-misses,2556082.0,54.0,nan,,ok
2227.1286020000002,0.0,,stalled-cycles-frontend:u,stalled-cycles-frontend,86499.0,1.0,nan,,ok
2237.9482550000002,nan,,instructions:u,instructions,0.0,100.0,nan,,ok
2237.9482550000002,nan,,cycles:u,cycles,0.0,100.0,nan,,ok
2237.9482550000002,nan,,branches:u,branches,0.0,100.0,nan,,ok
2237.9482550000002,nan,,branch-misses:u,branch-misses,0.0,100.0,nan,,ok
2237.9482550000002,nan,,L1-dcache-loads:u,l1-dcache-loads,0.0,100.0,nan,,ok
2237.9482550000002,nan,,cache-references:u,cache-references,0.0,100.0,nan,,ok
2237.9482550000002,nan,,cache-misses:u,cache-misses,0.0,100.0,nan,,ok
2237.9482550000002,nan,,stalled-cycles-frontend:u,stalled-cycles-frontend,0.0,100.0,nan,,ok
2249.21023,nan,,instructions:u,instructions,0.0,100.0,nan,,ok
2249.21023,nan,,cycles:u,cycles,0.0,100.0,nan,,ok
2249.21023,nan,,branches:u,branches,0.0,100.0,nan,,ok
2249.21023,nan,,branch-misses:u,branch-misses,0.0,100.0,nan,,ok
2249.21023,nan,,L1-dcache-loads:u,l1-dcache-loads,0.0,100.0,nan,,ok
2249.21023,nan,,cache-references:u,cache-references,0.0,100.0,nan,,ok
2249.21023,nan,,cache-misses:u,cache-misses,0.0,100.0,nan,,ok
2249.21023,nan,,stalled-cycles-frontend:u,stalled-cycles-frontend,0.0,100.0,nan,,ok
2260.14709,nan,,instructions:u,instructions,0.0,100.0,nan,,ok
2260.14709,nan,,cycles:u,cycles,0.0,100.0,nan,,ok
2260.14709,nan,,branches:u,branches,0.0,100.0,nan,,ok
2260.14709,nan,,branch-misses:u,branch-misses,0.0,100.0,nan,,ok
2260.14709,nan,,L1-dcache-loads:u,l1-dcache-loads,0.0,100.0,nan,,ok
2260.14709,nan,,cache-references:u,cache-references,0.0,100.0,nan,,ok
2260.14709,nan,,cache-misses:u,cache-misses,0.0,100.0,nan,,ok
2260.14709,nan,,stalled-cycles-frontend:u,stalled-cycles-frontend,0.0,100.0,nan,,ok
2271.213168,0.0,,instructions:u,instructions,2990700.0,60.0,nan,,ok
2271.213168,0.0,,cycles:u,cycles,1990941.0,40.0,nan,,ok
2271.213168,0.0,,branches:u,branches,1990941.0,40.0,nan,,ok
2271.213168,0.0,,branch-misses:u,branch-misses,1990941.0,40.0,nan,,ok
2271.213168,0.0,,L1-dcache-loads:u,l1-dcache-loads,1968978.0,39.0,nan,,ok
2271.213168,0.0,,cache-references:u,cache-references,1977885.0,39.0,nan,,ok
2271.213168,0.0,,cache-misses:u,cache-misses,2977644.0,59.0,nan,,ok
2271.213168,0.0,,stalled-cycles-frontend:u,stalled-cycles-frontend,2003327.0,40.0,nan,,ok
2282.028925,nan,,instructions:u,instructions,0.0,100.0,nan,,ok
2282.028925,nan,,cycles:u,cycles,0.0,100.0,nan,,ok
2282.028925,nan,,branches:u,branches,0.0,100.0,nan,,ok
2282.028925,nan,,branch-misses:u,branch-misses,0.0,100.0,nan,,ok
2282.028925,nan,,L1-dcache-loads:u,l1-dcache-loads,0.0,100.0,nan,,ok
2282.028925,nan,,cache-references:u,cache-references,0.0,100.0,nan,,ok
2282.028925,nan,,cache-misses:u,cache-misses,0.0,100.0,nan,,ok
2282.028925,nan,,stalled-cycles-frontend:u,stalled-cycles-frontend,0.0,100.0,nan,,ok
2292.724799,nan,,instructions:u,instructions,0.0,100.0,nan,,ok
2292.724799,nan,,cycles:u,cycles,0.0,100.0,nan,,ok
2292.724799,nan,,branches:u,branches,0.0,100.0,nan,,ok
2292.724799,nan,,branch-misses:u,branch-misses,0.0,100.0,nan,,ok
2292.724799,nan,,L1-dcache-loads:u,l1-dcache-loads,0.0,100.0,nan,,ok
2292.724799,nan,,cache-references:u,cache-references,0.0,100.0,nan,,ok
2292.724799,nan,,cache-misses:u,cache-misses,0.0,100.0,nan,,ok
2292.724799,nan,,stalled-cycles-frontend:u,stalled-cycles-frontend,0.0,100.0,nan,,ok
2303.3527409999997,nan,,instructions:u,instructions,0.0,100.0,nan,,ok
2303.3527409999997,nan,,cycles:u,cycles,0.0,100.0,nan,,ok
2303.3527409999997,nan,,branches:u,branches,0.0,100.0,nan,,ok
2303.3527409999997,nan,,branch-misses:u,branch-misses,0.0,100.0,nan,,ok
2303.3527409999997,nan,,L1-dcache-loads:u,l1-dcache-loads,0.0,100.0,nan,,ok
2303.3527409999997,nan,,cache-references:u,cache-references,0.0,100.0,nan,,ok
2303.3527409999997,nan,,cache-misses:u,cache-misses,0.0,100.0,nan,,ok
2303.3527409999997,nan,,stalled-cycles-frontend:u,stalled-cycles-frontend,0.0,100.0,nan,,ok
2314.134417,0.0,,instructions:u,instructions,991295.0,21.0,nan,,ok
2314.134417,0.0,,cycles:u,cycles,1987755.0,43.0,nan,,ok
2314.134417,0.0,,branches:u,branches,2987063.0,65.0,nan,,ok
2314.134417,0.0,,branch-misses:u,branch-misses,3987691.0,87.0,nan,,ok
2314.134417,0.0,,L1-dcache-loads:u,l1-dcache-loads,4572950.0,100.0,nan,,ok
2314.134417,0.0,,cache-references:u,cache-references,3581655.0,78.0,nan,,ok
2314.134417,0.0,,cache-misses:u,cache-misses,2585195.0,56.0,nan,,ok
2314.134417,nan,,stalled-cycles-frontend:u,stalled-cycles-frontend,0.0,0.0,nan,,ok
2325.0006980000003,nan,,instructions:u,instructions,0.0,100.0,nan,,ok
2325.0006980000003,nan,,cycles:u,cycles,0.0,100.0,nan,,ok
2325.0006980000003,nan,,branches:u,branches,0.0,100.0,nan,,ok
2325.0006980000003,nan,,branch-misses:u,branch-misses,0.0,100.0,nan,,ok
2325.0006980000003,nan,,L1-dcache-loads:u,l1-dcache-loads,0.0,100.0,nan,,ok
2325.0006980000003,nan,,cache-references:u,cache-references,0.0,100.0,nan,,ok
2325.0006980000003,nan,,cache-misses:u,cache-misses,0.0,100.0,nan,,ok
2325.0006980000003,nan,,stalled-cycles-frontend:u,stalled-cycles-frontend,0.0,100.0,nan,,ok
2335.917056,nan,,instructions:u,instructions,0.0,100.0,nan,,ok
2335.917056,nan,,cycles:u,cycles,0.0,100.0,nan,,ok
2335.917056,nan,,branches:u,branches,0.0,100.0,nan,,ok
2335.917056,nan,,branch-misses:u,branch-misses,0.0,100.0,nan,,ok
2335.917056,nan,,L1-dcache-loads:u,l1-dcache-loads,0.0,100.0,nan,,ok
2335.917056,nan,,cache-references:u,cache-references,0.0,100.0,nan,,ok
2335.917056,nan,,cache-misses:u,cache-misses,0.0,100.0,nan,,ok
2335.917056,nan,,stalled-cycles-frontend:u,stalled-cycles-frontend,0.0,100.0,nan,,ok
2346.606108,nan,,instructions:u,instructions,0.0,100.0,nan,,ok
2346.606108,nan,,cycles:u,cycles,0.0,100.0,nan,,ok
2346.606108,nan,,branches:u,branches,0.0,100.0,nan,,ok
2346.606108,nan,,branch-misses:u,branch-misses,0.0,100.0,nan,,ok
2346.606108,nan,,L1-dcache-loads:u,l1-dcache-loads,0.0,100.0,nan,,ok
2346.606108,nan,,cache-references:u,cache-references,0.0,100.0,nan,,ok
2346.606108,nan,,cache-misses:u,cache-misses,0.0,100.0,nan,,ok
2346.606108,nan,,stalled-cycles-frontend:u,stalled-cycles-frontend,0.0,100.0,nan,,ok
2357.645525,0.0,,instructions:u,instructions,2999750.0,55.0,nan,,ok
2357.645525,0.0,,cycles:u,cycles,2457347.0,45.0,nan,,ok
2357.645525,0.0,,branches:u,branches,2457347.0,45.0,nan,,ok
2357.645525,0.0,,branch-misses:u,branch-misses,2457347.0,45.0,nan,,ok
2357.645525,0.0,,L1-dcache-loads:u,l1-dcache-loads,2442628.0,44.0,nan,,ok
2357.645525,0.0,,cache-references:u,cache-references,2441351.0,44.0,nan,,ok
2357.645525,0.0,,cache-misses:u,cache-misses,2983754.0,54.0,nan,,ok
2357.645525,0.0,,stalled-cycles-frontend:u,stalled-cycles-frontend,1998480.0,36.0,nan,,ok
2368.7076180000004,nan,,instructions:u,instructions,0.0,100.0,nan,,ok
2368.7076180000004,nan,,cycles:u,cycles,0.0,100.0,nan,,ok
2368.7076180000004,nan,,branches:u,branches,0.0,100.0,nan,,ok
2368.7076180000004,nan,,branch-misses:u,branch-misses,0.0,100.0,nan,,ok
2368.7076180000004,nan,,L1-dcache-loads:u,l1-dcache-loads,0.0,100.0,nan,,ok
2368.7076180000004,nan,,cache-references:u,cache-references,0.0,100.0,nan,,ok
2368.7076180000004,nan,,cache-misses:u,cache-misses,0.0,100.0,nan,,ok
2368.7076180000004,nan,,stalled-cycles-frontend:u,stalled-cycles-frontend,0.0,100.0,nan,,ok
2379.4897549999996,nan,,instructions:u,instructions,0.0,100.0,nan,,ok
2379.4897549999996,nan,,cycles:u,cycles,0.0,100.0,nan,,ok
2379.4897549999996,nan,,branches:u,branches,0.0,100.0,nan,,ok
2379.4897549999996,nan,,branch-misses:u,branch-misses,0.0,100.0,nan,,ok
2379.4897549999996,nan,,L1-dcache-loads:u,l1-dcache-loads,0.0,100.0,nan,,ok
2379.4897549999996,nan,,cache-references:u,cache-references,0.0,100.0,nan,,ok
2379.4897549999996,nan,,cache-misses:u,cache-misses,0.0,100.0,nan,,ok
2379.4897549999996,nan,,stalled-cycles-frontend:u,stalled-cycles-frontend,0.0,100.0,nan,,ok
2390.1438599999997,nan,,instructions:u,instructions,0.0,100.0,nan,,ok
2390.1438599999997,nan,,cycles:u,cycles,0.0,100.0,nan,,ok
2390.1438599999997,nan,,branches:u,branches,0.0,100.0,nan,,ok
2390.1438599999997,nan,,branch-misses:u,branch-misses,0.0,100.0,nan,,ok
2390.1438599999997,nan,,L1-dcache-loads:u,l1-dcache-loads,0.0,100.0,nan,,ok
2390.1438599999997,nan,,cache-references:u,cache-references,0.0,100.0,nan,,ok
2390.1438599999997,nan,,cache-misses:u,cache-misses,0.0,100.0,nan,,ok
2390.1438599999997,nan,,stalled-cycles-frontend:u,stalled-cycles-frontend,0.0,100.0,nan,,ok
2400.7488989999997,nan,,instructions:u,instructions,0.0,0.0,nan,,ok
2400.7488989999997,0.0,,cycles:u,cycles,984918.0,22.0,nan,,ok
2400.7488989999997,0.0,,branches:u,branches,1981363.0,44.0,nan,,ok
2400.7488989999997,0.0,,branch-misses:u,branch-misses,2980998.0,66.0,nan,,ok
2400.7488989999997,0.0,,L1-dcache-loads:u,l1-dcache-loads,3986425.0,89.0,nan,,ok
2400.7488989999997,0.0,,cache-references:u,cache-references,4460537.0,100.0,nan,,ok
2400.7488989999997,0.0,,cache-misses:u,cache-misses,3475619.0,77.0,nan,,ok
2400.7488989999997,nan,,stalled-cycles-frontend:u,stalled-cycles-frontend,0.0,0.0,nan,,ok
2411.9440390000004,nan,,instructions:u,instructions,0.0,100.0,nan,,ok
2411.9440390000004,nan,,cycles:u,cycles,0.0,100.0,nan,,ok
2411.9440390000004,nan,,branches:u,branches,0.0,100.0,nan,,ok
2411.9440390000004,nan,,branch-misses:u,branch-misses,0.0,100.0,nan,,ok
2411.9440390000004,nan,,L1-dcache-loads:u,l1-dcache-loads,0.0,100.0,nan,,ok
2411.9440390000004,nan,,cache-references:u,cache-references,0.0,100.0,nan,,ok
2411.9440390000004,nan,,cache-misses:u,cache-misses,0.0,100.0,nan,,ok
2411.9440390000004,nan,,stalled-cycles-frontend:u,stalled-cycles-frontend,0.0,100.0,nan,,ok
2422.616134,nan,,instructions:u,instructions,0.0,100.0,nan,,ok
2422.616134,nan,,cycles:u,cycles,0.0,100.0,nan,,ok
2422.616134,nan,,branches:u,branches,0.0,100.0,nan,,ok
2422.616134,nan,,branch-misses:u,branch-misses,0.0,100.0,nan,,ok
2422.616134,nan,,L1-dcache-loads:u,l1-dcache-loads,0.0,100.0,nan,,ok
2422.616134,nan,,cache-references:u,cache-references,0.0,100.0,nan,,ok
2422.616134,nan,,cache-misses:u,cache-misses,0.0,100.0,nan,,ok
2422.616134,nan,,stalled-cycles-frontend:u,stalled-cycles-frontend,0.0,100.0,nan,,ok
2433.6292780000003,0.0,,instructions:u,instructions,2330833.0,70.0,nan,,ok
2433.6292780000003,0.0,,cycles:u,cycles,1350385.0,40.0,nan,,ok
2433.6292780000003,0.0,,branches:u,branches,1364818.0,40.0,nan,,ok
2433.6292780000003,0.0,,branch-misses:u,branch-misses,1376854.0,41.0,nan,,ok
2433.6292780000003,0.0,,L1-dcache-loads:u,l1-dcache-loads,392357.0,11.0,nan,,ok
2433.6292780000003,0.0,,cache-references:u,cache-references,978066.0,28.0,nan,,ok
2433.6292780000003,0.0,,cache-misses:u,cache-misses,1978903.0,58.0,nan,,ok
2433.6292780000003,0.0,,stalled-cycles-frontend:u,stalled-cycles-frontend,1998965.0,58.0,nan,,ok
2444.6233629999997,0.0,,instructions:u,instructions,675595.0,95.0,nan,,ok
2444.6233629999997,0.0,,cycles:u,cycles,685966.0,100.0,nan,,ok
2444.6233629999997,0.0,,branches:u,branches,671533.0,100.0,nan,,ok
2444.6233629999997,0.0,,branch-misses:u,branch-misses,659497.0,100.0,nan,,ok
2444.6233629999997,0.0,,L1-dcache-loads:u,l1-dcache-loads,645866.0,100.0,nan,,ok
2444.6233629999997,0.0,,cache-references:u,cache-references,30760.0,4.0,nan,,ok
2444.6233629999997,nan,,cache-misses:u,cache-misses,0.0,0.0,nan,,ok
2444.6233629999997,nan,,stalled-cycles-frontend:u,stalled-cycles-frontend,0.0,0.0,nan,,ok
2455.227958,nan,,instructions:u,instructions,0.0,100.0,nan,,ok
2455.227958,nan,,cycles:u,cycles,0.0,100.0,nan,,ok
2455.227958,nan,,branches:u,branches,0.0,100.0,nan,,ok
2455.227958,nan,,branch-misses:u,branch-misses,0.0,100.0,nan,,ok
2455.227958,nan,,L1-dcache-loads:u,l1-dcache-loads,0.0,100.0,nan,,ok
2455.227958,nan,,cache-references:u,cache-references,0.0,100.0,nan,,ok
2455.227958,nan,,cache-misses:u,cache-misses,0.0,100.0,nan,,ok
2455.227958,nan,,stalled-cycles-frontend:u,stalled-cycles-frontend,0.0,100.0,nan,,ok
2465.8905729999997,nan,,instructions:u,instructions,0.0,100.0,nan,,ok
2465.8905729999997,nan,,cycles:u,cycles,0.0,100.0,nan,,ok
2465.8905729999997,nan,,branches:u,branches,0.0,100.0,nan,,ok
2465.8905729999997,nan,,branch-misses:u,branch-misses,0.0,100.0,nan,,ok
2465.8905729999997,nan,,L1-dcache-loads:u,l1-dcache-loads,0.0,100.0,nan,,ok
2465.8905729999997,nan,,cache-references:u,cache-references,0.0,100.0,nan,,ok
2465.8905729999997,nan,,cache-misses:u,cache-misses,0.0,100.0,nan,,ok
2465.8905729999997,nan,,stalled-cycles-frontend:u,stalled-cycles-frontend,0.0,100.0,nan,,ok
2476.570808,0.0,,instructions:u,instructions,953089.0,16.0,nan,,ok
2476.570808,0.0,,cycles:u,cycles,987991.0,16.0,nan,,ok
2476.570808,0.0,,branches:u,branches,1987416.0,33.0,nan,,ok
2476.570808,0.0,,branch-misses:u,branch-misses,2987251.0,50.0,nan,,ok
2476.570808,0.0,,L1-dcache-loads:u,l1-dcache-loads,3992031.0,67.0,nan,,ok
2476.570808,0.0,,cache-references:u,cache-references,4987057.0,83.0,nan,,ok
2476.570808,0.0,,cache-misses:u,cache-misses,4952155.0,83.0,nan,,ok
2476.570808,0.0,,stalled-cycles-frontend:u,stalled-cycles-frontend,953089.0,16.0,nan,,ok
2487.53613,nan,,instructions:u,instructions,0.0,100.0,nan,,ok
2487.53613,nan,,cycles:u,cycles,0.0,100.0,nan,,ok
2487.53613,nan,,branches:u,branches,0.0,100.0,nan,,ok
2487.53613,nan,,branch-misses:u,branch-misses,0.0,100.0,nan,,ok
2487.53613,nan,,L1-dcache-loads:u,l1-dcache-loads,0.0,100.0,nan,,ok
2487.53613,nan,,cache-references:u,cache-references,0.0,100.0,nan,,ok
2487.53613,nan,,cache-misses:u,cache-misses,0.0,100.0,nan,,ok
2487.53613,nan,,stalled-cycles-frontend:u,stalled-cycles-frontend,0.0,100.0,nan,,ok
2498.318663,nan,,instructions:u,instructions,0.0,100.0,nan,,ok
2498.318663,nan,,cycles:u,cycles,0.0,100.0,nan,,ok
2498.318663,nan,,branches:u,branches,0.0,100.0,nan,,ok
2498.318663,nan,,branch-misses:u,branch-misses,0.0,100.0,nan,,ok
2498.318663,nan,,L1-dcache-loads:u,l1-dcache-loads,0.0,100.0,nan,,ok
2498.318663,nan,,cache-references:u,cache-references,0.0,100.0,nan,,ok
2498.318663,nan,,cache-misses:u,cache-misses,0.0,100.0,nan,,ok
2498.318663,nan,,stalled-cycles-frontend:u,stalled-cycles-frontend,0.0,100.0,nan,,ok
2509.120034,nan,,instructions:u,instructions,0.0,100.0,nan,,ok
2509.120034,nan,,cycles:u,cycles,0.0,100.0,nan,,ok
2509.120034,nan,,branches:u,branches,0.0,100.0,nan,,ok
2509.120034,nan,,branch-misses:u,branch-misses,0.0,100.0,nan,,ok
2509.120034,nan,,L1-dcache-loads:u,l1-dcache-loads,0.0,100.0,nan,,ok
2509.120034,nan,,cache-references:u,cache-references,0.0,100.0,nan,,ok
2509.120034,nan,,cache-misses:u,cache-misses,0.0,100.0,nan,,ok
2509.120034,nan,,stalled-cycles-frontend:u,stalled-cycles-frontend,0.0,100.0,nan,,ok
2520.1603370000003,nan,,instructions:u,instructions,0.0,100.0,nan,,ok
2520.1603370000003,nan,,cycles:u,cycles,0.0,100.0,nan,,ok
2520.1603370000003,nan,,branches:u,branches,0.0,100.0,nan,,ok
2520.1603370000003,nan,,branch-misses:u,branch-misses,0.0,100.0,nan,,ok
2520.1603370000003,nan,,L1-dcache-loads:u,l1-dcache-loads,0.0,100.0,nan,,ok
2520.1603370000003,nan,,cache-references:u,cache-references,0.0,100.0,nan,,ok
2520.1603370000003,nan,,cache-misses:u,cache-misses,0.0,100.0,nan,,ok
2520.1603370000003,nan,,stalled-cycles-frontend:u,stalled-cycles-frontend,0.0,100.0,nan,,ok
2530.955763,0.0,,instructions:u,instructions,2983563.0,82.0,nan,,ok
2530.955763,0.0,,cycles:u,cycles,2685742.0,73.0,nan,,ok
2530.955763,0.0,,branches:u,branches,2737489.0,73.0,nan,,ok
2530.955763,0.0,,branch-misses:u,branch-misses,2768320.0,73.0,nan,,ok
2530.955763,0.0,,L1-dcache-loads:u,l1-dcache-loads,1789169.0,47.0,nan,,ok
2530.955763,0.0,,cache-references:u,cache-references,827166.0,21.0,nan,,ok
2530.955763,0.0,,cache-misses:u,cache-misses,979718.0,25.0,nan,,ok
2530.955763,0.0,,stalled-cycles-frontend:u,stalled-cycles-frontend,1989104.0,51.0,nan,,ok
2542.0959700000003,nan,,instructions:u,instructions,0.0,0.0,nan,,ok
2542.0959700000003,0.0,,cycles:u,cycles,325511.0,14.0,nan,,ok
2542.0959700000003,0.0,,branches:u,branches,1262614.0,56.0,nan,,ok
2542.0959700000003,0.0,,branch-misses:u,branch-misses,2207738.0,100.0,nan,,ok
2542.0959700000003,0.0,,L1-dcache-loads:u,l1-dcache-loads,2177503.0,100.0,nan,,ok
2542.0959700000003,0.0,,cache-references:u,cache-references,2145047.0,100.0,nan,,ok
2542.0959700000003,0.0,,cache-misses:u,cache-misses,1964805.0,92.0,nan,,ok
2542.0959700000003,nan,,stalled-cycles-frontend:u,stalled-cycles-frontend,0.0,0.0,nan,,ok
2553.137086,nan,,instructions:u,instructions,0.0,100.0,nan,,ok
2553.137086,nan,,cycles:u,cycles,0.0,100.0,nan,,ok
2553.137086,nan,,branches:u,branches,0.0,100.0,nan,,ok
2553.137086,nan,,branch-misses:u,branch-misses,0.0,100.0,nan,,ok
2553.137086,nan,,L1-dcache-loads:u,l1-dcache-loads,0.0,100.0,nan,,ok
2553.137086,nan,,cache-references:u,cache-references,0.0,100.0,nan,,ok
2553.137086,nan,,cache-misses:u,cache-misses,0.0,100.0,nan,,ok
2553.137086,nan,,stalled-cycles-frontend:u,stalled-cycles-frontend,0.0,100.0,nan,,ok
2564.005897,nan,,instructions:u,instructions,0.0,100.0,nan,,ok
2564.005897,nan,,cycles:u,cycles,0.0,100.0,nan,,ok
2564.005897,nan,,branches:u,branches,0.0,100.0,nan,,ok
2564.005897,nan,,branch-misses:u,branch-misses,0.0,100.0,nan,,ok
2564.005897,nan,,L1-dcache-loads:u,l1-dcache-loads,0.0,100.0,nan,,ok
2564.005897,nan,,cache-references:u,cache-references,0.0,100.0,nan,,ok
2564.005897,nan,,cache-misses:u,cache-misses,0.0,100.0,nan,,ok
2564.005897,nan,,stalled-cycles-frontend:u,stalled-cycles-frontend,0.0,100.0,nan,,ok
2574.662514,nan,,instructions:u,instructions,0.0,100.0,nan,,ok
2574.662514,nan,,cycles:u,cycles,0.0,100.0,nan,,ok
2574.662514,nan,,branches:u,branches,0.0,100.0,nan,,ok
2574.662514,nan,,branch-misses:u,branch-misses,0.0,100.0,nan,,ok
2574.662514,nan,,L1-dcache-loads:u,l1-dcache-loads,0.0,100.0,nan,,ok
2574.662514,nan,,cache-references:u,cache-references,0.0,100.0,nan,,ok
2574.662514,nan,,cache-misses:u,cache-misses,0.0,100.0,nan,,ok
2574.662514,nan,,stalled-cycles-frontend:u,stalled-cycles-frontend,0.0,100.0,nan,,ok
2585.739706,nan,,instructions:u,instructions,0.0,100.0,nan,,ok
2585.739706,nan,,cycles:u,cycles,0.0,100.0,nan,,ok
2585.739706,nan,,branches:u,branches,0.0,100.0,nan,,ok
2585.739706,nan,,branch-misses:u,branch-misses,0.0,100.0,nan,,ok
2585.739706,nan,,L1-dcache-loads:u,l1-dcache-loads,0.0,100.0,nan,,ok
2585.739706,nan,,cache-references:u,cache-references,0.0,100.0,nan,,ok
2585.739706,nan,,cache-misses:u,cache-misses,0.0,100.0,nan,,ok
2585.739706,nan,,stalled-cycles-frontend:u,stalled-cycles-frontend,0.0,100.0,nan,,ok
2596.6934570000003,nan,,instructions:u,instructions,0.0,100.0,nan,,ok
2596.6934570000003,nan,,cycles:u,cycles,0.0,100.0,nan,,ok
2596.6934570000003,nan,,branches:u,branches,0.0,100.0,nan,,ok
2596.6934570000003,nan,,branch-misses:u,branch-misses,0.0,100.0,nan,,ok
2596.6934570000003,nan,,L1-dcache-loads:u,l1-dcache-loads,0.0,100.0,nan,,ok
2596.6934570000003,nan,,cache-references:u,cache-references,0.0,100.0,nan,,ok
2596.6934570000003,nan,,cache-misses:u,cache-misses,0.0,100.0,nan,,ok
2596.6934570000003,nan,,stalled-cycles-frontend:u,stalled-cycles-frontend,0.0,100.0,nan,,ok
2607.530293,nan,,instructions:u,instructions,0.0,0.0,nan,,ok
2607.530293,nan,,cycles:u,cycles,0.0,0.0,nan,,ok
2607.530293,nan,,branches:u,branches,0.0,0.0,nan,,ok
2607.530293,0.0,,branch-misses:u,branch-misses,984956.0,43.0,nan,,ok
2607.530293,0.0,,L1-dcache-loads:u,l1-dcache-loads,1980313.0,87.0,nan,,ok
2607.530293,0.0,,cache-references:u,cache-references,2270066.0,100.0,nan,,ok
2607.530293,0.0,,cache-misses:u,cache-misses,2285171.0,100.0,nan,,ok
2607.530293,nan,,stalled-cycles-frontend:u,stalled-cycles-frontend,0.0,0.0,nan,,ok
2618.390339,0.0,,instructions:u,instructions,2676763.0,77.0,nan,,ok
2618.390339,0.0,,cycles:u,cycles,1676065.0,48.0,nan,,ok
2618.390339,0.0,,branches:u,branches,1676065.0,48.0,nan,,ok
2618.390339,0.0,,branch-misses:u,branch-misses,1676065.0,49.0,nan,,ok
2618.390339,0.0,,L1-dcache-loads:u,l1-dcache-loads,681643.0,19.0,nan,,ok
2618.390339,0.0,,cache-references:u,cache-references,715041.0,21.0,nan,,ok
2618.390339,0.0,,cache-misses:u,cache-misses,1700634.0,50.0,nan,,ok
2618.390339,0.0,,stalled-cycles-frontend:u,stalled-cycles-frontend,1995120.0,59.0,nan,,ok
2629.25476,nan,,instructions:u,instructions,0.0,100.0,nan,,ok
2629.25476,nan,,cycles:u,cycles,0.0,100.0,nan,,ok
2629.25476,nan,,branches:u,branches,0.0,100.0,nan,,ok
2629.25476,nan,,branch-misses:u,branch-misses,0.0,100.0,nan,,ok
2629.25476,nan,,L1-dcache-loads:u,l1-dcache-loads,0.0,100.0,nan,,ok
2629.25476,nan,,cache-references:u,cache-references,0.0,100.0,nan,,ok
2629.25476,nan,,cache-misses:u,cache-misses,0.0,100.0,nan,,ok
2629.25476,nan,,stalled-cycles-frontend:u,stalled-cycles-frontend,0.0,100.0,nan,,ok
2640.128761,nan,,instructions:u,instructions,0.0,100.0,nan,,ok
2640.128761,nan,,cycles:u,cycles,0.0,100.0,nan,,ok
2640.128761,nan,,branches:u,branches,0.0,100.0,nan,,ok
2640.128761,nan,,branch-misses:u,branch-misses,0.0,100.0,nan,,ok
2640.128761,nan,,L1-dcache-loads:u,l1-dcache-loads,0.0,100.0,nan,,ok
2640.128761,nan,,cache-references:u,cache-references,0.0,100.0,nan,,ok
2640.128761,nan,,cache-misses:u,cache-misses,0.0,100.0,nan,,ok
2640.128761,nan,,stalled-cycles-frontend:u,stalled-cycles-frontend,0.0,100.0,nan,,ok
2650.913547,0.0,,instructions:u,instructions,146589.0,3.0,nan,,ok
2650.913547,0.0,,cycles:u,cycles,1141146.0,24.0,nan,,ok
2650.913547,0.0,,branches:u,branches,2141449.0,45.0,nan,,ok
2650.913547,0.0,,branch-misses:u,branch-misses,3140597.0,67.0,nan,,ok
2650.913547,0.0,,L1-dcache-loads:u,l1-dcache-loads,4145430.0,88.0,nan,,ok
2650.913547,0.0,,cache-references:u,cache-references,4537051.0,96.0,nan,,ok
2650.913547,0.0,,cache-misses:u,cache-misses,3542494.0,75.0,nan,,ok
2650.913547,nan,,stalled-cycles-frontend:u,stalled-cycles-frontend,0.0,0.0,nan,,ok
2661.702628,nan,,instructions:u,instructions,0.0,100.0,nan,,ok
2661.702628,nan,,cycles:u,cycles,0.0,100.0,nan,,ok
2661.702628,nan,,branches:u,branches,0.0,100.0,nan,,ok
2661.702628,nan,,branch-misses:u,branch-misses,0.0,100.0,nan,,ok
2661.702628,nan,,L1-dcache-loads:u,l1-dcache-loads,0.0,100.0,nan,,ok
2661.702628,nan,,cache-references:u,cache-references,0.0,100.0,nan,,ok
2661.702628,nan,,cache-misses:u,cache-misses,0.0,100.0,nan,,ok
2661.702628,nan,,stalled-cycles-frontend:u,stalled-cycles-frontend,0.0,100.0,nan,,ok
2672.487287,nan,,instructions:u,instructions,0.0,100.0,nan,,ok
2672.487287,nan,,cycles:u,cycles,0.0,100.0,nan,,ok
2672.487287,nan,,branches:u,branches,0.0,100.0,nan,,ok
2672.487287,nan,,branch-misses:u,branch-misses,0.0,100.0,nan,,ok
2672.487287,nan,,L1-dcache-loads:u,l1-dcache-loads,0.0,100.0,nan,,ok
2672.487287,nan,,cache-references:u,cache-references,0.0,100.0,nan,,ok
2672.487287,nan,,cache-misses:u,cache-misses,0.0,100.0,nan,,ok
2672.487287,nan,,stalled-cycles-frontend:u,stalled-cycles-frontend,0.0,100.0,nan,,ok
2683.097638,0.0,,instructions:u,instructions,785794.0,44.0,nan,,ok
2683.097638,nan,,cycles:u,cycles,0.0,0.0,nan,,ok
2683.097638,nan,,branches:u,branches,0.0,0.0,nan,,ok
2683.097638,nan,,branch-misses:u,branch-misses,0.0,0.0,nan,,ok
2683.097638,nan,,L1-dcache-loads:u,l1-dcache-loads,0.0,0.0,nan,,ok
2683.097638,0.0,,cache-references:u,cache-references,980734.0,54.0,nan,,ok
2683.097638,0.0,,cache-misses:u,cache-misses,1828676.0,100.0,nan,,ok
2683.097638,0.0,,stalled-cycles-frontend:u,stalled-cycles-frontend,865789.0,46.0,nan,,ok
2693.923124,0.0,,instructions:u,instructions,2216627.0,61.0,nan,,ok
2693.923124,0.0,,cycles:u,cycles,3007352.0,83.0,nan,,ok
2693.923124,0.0,,branches:u,branches,3399539.0,94.0,nan,,ok
2693.923124,0.0,,branch-misses:u,branch-misses,3399539.0,94.0,nan,,ok
2693.923124,0.0,,L1-dcache-loads:u,l1-dcache-loads,2393317.0,66.0,nan,,ok
2693.923124,0.0,,cache-references:u,cache-references,1392754.0,39.0,nan,,ok
2693.923124,0.0,,cache-misses:u,cache-misses,539881.0,15.0,nan,,ok
2693.923124,0.0,,stalled-cycles-frontend:u,stalled-cycles-frontend,1136069.0,32.0,nan,,ok
2704.787127,nan,,instructions:u,instructions,0.0,100.0,nan,,ok
2704.787127,nan,,cycles:u,cycles,0.0,100.0,nan,,ok
2704.787127,nan,,branches:u,branches,0.0,100.0,nan,,ok
2704.787127,nan,,branch-misses:u,branch-misses,0.0,100.0,nan,,ok
2704.787127,nan,,L1-dcache-loads:u,l1-dcache-loads,0.0,100.0,nan,,ok
2704.787127,nan,,cache-references:u,cache-references,0.0,100.0,nan,,ok
2704.787127,nan,,cache-misses:u,cache-misses,0.0,100.0,nan,,ok
2704.787127,nan,,stalled-cycles-frontend:u,stalled-cycles-frontend,0.0,100.0,nan,,ok
2715.6792090000004,nan,,instructions:u,instructions,0.0,100.0,nan,,ok
2715.6792090000004,nan,,cycles:u,cycles,0.0,100.0,nan,,ok
2715.6792090000004,nan,,branches:u,branches,0.0,100.0,nan,,ok
2715.6792090000004,nan,,branch-misses:u,branch-misses,0.0,100.0,nan,,ok
2715.6792090000004,nan,,L1-dcache-loads:u,l1-dcache-loads,0.0,100.0,nan,,ok
2715.6792090000004,nan,,cache-references:u,cache-references,0.0,100.0,nan,,ok
2715.6792090000004,nan,,cache-misses:u,cache-misses,0.0,100.0,nan,,ok
2715.6792090000004,nan,,stalled-cycles-frontend:u,stalled-cycles-frontend,0.0,100.0,nan,,ok
2726.395401,nan,,instructions:u,instructions,0.0,0.0,nan,,ok
2726.395401,nan,,cycles:u,cycles,0.0,0.0,nan,,ok
2726.395401,0.0,,branches:u,branches,954808.0,28.0,nan,,ok
2726.395401,0.0,,branch-misses:u,branch-misses,1951180.0,58.0,nan,,ok
2726.395401,0.0,,L1-dcache-loads:u,l1-dcache-loads,2947918.0,88.0,nan,,ok
2726.395401,0.0,,cache-references:u,cache-references,3345488.0,100.0,nan,,ok
2726.395401,0.0,,cache-misses:u,cache-misses,3345488.0,100.0,nan,,ok
2726.395401,nan,,stalled-cycles-frontend:u,stalled-cycles-frontend,0.0,0.0,nan,,ok
2737.392839,nan,,instructions:u,instructions,0.0,100.0,nan,,ok
2737.392839,nan,,cycles:u,cycles,0.0,100.0,nan,,ok
2737.392839,nan,,branches:u,branches,0.0,100.0,nan,,ok
2737.392839,nan,,branch-misses:u,branch-misses,0.0,100.0,nan,,ok
2737.392839,nan,,L1-dcache-loads:u,l1-dcache-loads,0.0,100.0,nan,,ok
2737.392839,nan,,cache-references:u,cache-references,0.0,100.0,nan,,ok
2737.392839,nan,,cache-misses:u,cache-misses,0.0,100.0,nan,,ok
2737.392839,nan,,stalled-cycles-frontend:u,stalled-cycles-frontend,0.0,100.0,nan,,ok
2747.9057930000004,9734.0,,instructions:u,instructions,4409992.0,53.0,0.03,insn per cycle,ok
2747.9057930000004,nan,,,,nan,nan,48.37,stalled cycles per insn,unknown
2747.9057930000004,326652.0,,cycles:u,cycles,4276506.0,51.0,nan,,ok
2747.9057930000004,1324.0,,branches:u,branches,5276444.0,63.0,nan,,ok
2747.9057930000004,303.0,,branch-misses:u,branch-misses,6134967.0,74.0,22.89,of all branches,ok
2747.9057930000004,718.0,,L1-dcache-loads:u,l1-dcache-loads,4130562.0,50.0,nan,,ok
2747.9057930000004,550.0,,cache-references:u,cache-references,3839384.0,46.0,nan,,ok
2747.9057930000004,800.0,,cache-misses:u,cache-misses,3972870.0,56.0,145.45,of all cache refs,ok
2747.9057930000004,470800.0,,stalled-cycles-frontend:u,stalled-cycles-frontend,3132558.0,39.0,144.13,frontend cycles idle,ok
