timestamp_ms,value,unit,event_name,event_name_normalized,runtime_ns,enabled_pct,metric_value,metric_unit,status
13.531963,0.0,,instructions:u,instructions,484458.0,68.0,nan,,ok
13.531963,0.0,,cycles:u,cycles,703597.0,100.0,nan,,ok
13.531963,0.0,,branches:u,branches,703597.0,100.0,nan,,ok
13.531963,0.0,,branch-misses:u,branch-misses,703597.0,100.0,nan,,ok
13.531963,0.0,,L1-dcache-loads:u,l1-dcache-loads,703597.0,100.0,nan,,ok
13.531963,0.0,,cache-references:u,cache-references,219139.0,31.0,nan,,ok
13.531963,nan,,cache-misses:u,cache-misses,0.0,0.0,nan,,ok
13.531963,nan,,stalled-cycles-frontend:u,stalled-cycles-frontend,0.0,0.0,nan,,ok
31.48136,nan,,instructions:u,instructions,0.0,100.0,nan,,ok
31.48136,nan,,cycles:u,cycles,0.0,100.0,nan,,ok
31.48136,nan,,branches:u,branches,0.0,100.0,nan,,ok
31.48136,nan,,branch-misses:u,branch-misses,0.0,100.0,nan,,ok
31.48136,nan,,L1-dcache-loads:u,l1-dcache-loads,0.0,100.0,nan,,ok
31.48136,nan,,cache-references:u,cache-references,0.0,100.0,nan,,ok
31.48136,nan,,cache-misses:u,cache-misses,0.0,100.0,nan,,ok
31.48136,nan,,stalled-cycles-frontend:u,stalled-cycles-frontend,0.0,100.0,nan,,ok
81.560326,nan,,instructions:u,instructions,0.0,100.0,nan,,ok
81.560326,nan,,cycles:u,cycles,0.0,100.0,nan,,ok
81.560326,nan,,branches:u,branches,0.0,100.0,nan,,ok
81.560326,nan,,branch-misses:u,branch-misses,0.0,100.0,nan,,ok
81.560326,nan,,L1-dcache-loads:u,l1-dcache-loads,0.0,100.0,nan,,ok
81.560326,nan,,cache-references:u,cache-references,0.0,100.0,nan,,ok
81.560326,nan,,cache-misses:u,cache-misses,0.0,100.0,nan,,ok
81.560326,nan,,stalled-cycles-frontend:u,stalled-cycles-frontend,0.0,100.0,nan,,ok
98.512949,nan,,instructions:u,instructions,0.0,0.0,nan,,ok
98.512949,280466.0,,cycles:u,cycles,675510.0,20.0,nan,,ok
98.512949,43725.0,,branches:u,branches,1674186.0,50.0,nan,,ok
98.512949,6371.0,,branch-misses:u,branch-misses,2675820.0,80.0,14.57,of all branches,ok
98.512949,158481.0,,L1-dcache-loads:u,l1-dcache-loads,3334297.0,100.0,nan,,ok
98.512949,21565.0,,cache-references:u,cache-references,3334297.0,100.0,nan,,ok
98.512949,4890.0,,cache-misses:u,cache-misses,2658787.0,79.0,22.68,of all cache refs,ok
98.512949,nan,,stalled-cycles-frontend:u,stalled-cycles-frontend,0.0,0.0,nan,,ok
110.50280099999999,nan,,instructions:u,instructions,0.0,0.0,nan,,ok
110.50280099999999,nan,,cycles:u,cycles,0.0,0.0,nan,,ok
110.50280099999999,nan,,branches:u,branches,0.0,0.0,nan,,ok
110.50280099999999,nan,,branch-misses:u,branch-misses,0.0,0.0,nan,,ok
110.50280099999999,294.0,,L1-dcache-loads:u,l1-dcache-loads,664378.0,71.0,nan,,ok
110.50280099999999,172.0,,cache-references:u,cache-references,930428.0,100.0,nan,,ok
110.50280099999999,145.0,,cache-misses:u,cache-misses,930428.0,100.0,84.3,of all cache refs,ok
110.50280099999999,nan,,stalled-cycles-frontend:u,stalled-cycles-frontend,0.0,0.0,nan,,ok
131.493606,0.0,,instructions:u,instructions,1125159.0,53.0,nan,,ok
131.493606,0.0,,cycles:u,cycles,124526.0,5.0,nan,,ok
131.493606,0.0,,branches:u,branches,124526.0,5.0,nan,,ok
131.493606,0.0,,branch-misses:u,branch-misses,124526.0,5.0,nan,,ok
131.493606,nan,,L1-dcache-loads:u,l1-dcache-loads,0.0,0.0,nan,,ok
131.493606,0.0,,cache-references:u,cache-references,974119.0,46.0,nan,,ok
131.493606,0.0,,cache-misses:u,cache-misses,1974752.0,94.0,nan,,ok
131.493606,0.0,,stalled-cycles-frontend:u,stalled-cycles-frontend,1125159.0,53.0,nan,,ok
149.529013,0.0,,instructions:u,instructions,1793361.0,78.0,nan,,ok
149.529013,0.0,,cycles:u,cycles,2294138.0,100.0,nan,,ok
149.529013,0.0,,branches:u,branches,2294138.0,100.0,nan,,ok
149.529013,0.0,,branch-misses:u,branch-misses,2294138.0,100.0,nan,,ok
149.529013,0.0,,L1-dcache-loads:u,l1-dcache-loads,1614845.0,70.0,nan,,ok
149.529013,0.0,,cache-references:u,cache-references,500777.0,21.0,nan,,ok
149.529013,nan,,cache-misses:u,cache-misses,0.0,0.0,nan,,ok
149.529013,0.0,,stalled-cycles-frontend:u,stalled-cycles-frontend,679293.0,29.0,nan,,ok
165.524088,1249006.0,,instructions:u,instructions,4049806.0,30.0,0.1,insn per cycle,ok
165.524088,nan,,,,nan,nan,2.52,stalled cycles per insn,unknown
165.524088,12678460.0,,cycles:u,cycles,3153911.0,23.0,nan,,ok
165.524088,205538.0,,branches:u,branches,5177956.0,39.0,nan,,ok
165.524088,11015.0,,branch-misses:u,branch-misses,7155650.0,54.0,5.36,of all branches,ok
165.524088,317109.0,,L1-dcache-loads:u,l1-dcache-loads,8107893.0,61.0,nan,,ok
165.524088,27330.0,,cache-references:u,cache-references,9102640.0,69.0,nan,,ok
165.524088,4796.0,,cache-misses:u,cache-misses,9998535.0,76.0,17.55,of all cache refs,ok
165.524088,3147800.0,,stalled-cycles-frontend:u,stalled-cycles-frontend,3046777.0,23.0,24.83,frontend cycles idle,ok
198.514154,17651596.0,,instructions:u,instructions,7011894.0,41.0,0.58,insn per cycle,ok
198.514154,nan,,,,nan,nan,0.39,stalled cycles per insn,unknown
198.514154,30617947.0,,cycles:u,cycles,7000763.0,41.0,nan,,ok
198.514154,3237964.0,,branches:u,branches,9027947.0,52.0,nan,,ok
198.514154,58708.0,,branch-misses:u,branch-misses,11054926.0,64.0,1.81,of all branches,ok
198.514154,4975584.0,,L1-dcache-loads:u,l1-dcache-loads,10072281.0,59.0,nan,,ok
198.514154,158365.0,,cache-references:u,cache-references,10047331.0,58.0,nan,,ok
198.514154,9562.0,,cache-misses:u,cache-misses,10058462.0,58.0,6.04,of all cache refs,ok
198.514154,6875203.0,,stalled-cycles-frontend:u,stalled-cycles-frontend,4990223.0,29.0,22.45,frontend cycles idle,ok
211.49117,1324393.0,,instructions:u,instructions,2705293.0,35.0,0.13,insn per cycle,ok
211.49117,nan,,,,nan,nan,3.76,stalled cycles per insn,unknown
211.49117,10033528.0,,cycles:u,cycles,2763176.0,35.0,nan,,ok
211.49117,476903.0,,branches:u,branches,3800239.0,48.0,nan,,ok
211.49117,11444.0,,branch-misses:u,branch-misses,4839364.0,61.0,2.4,of all branches,ok
211.49117,1020709.0,,L1-dcache-loads:u,l1-dcache-loads,4875540.0,61.0,nan,,ok
211.49117,37009.0,,cache-references:u,cache-references,5001119.0,63.0,nan,,ok
211.49117,4878.0,,cache-misses:u,cache-misses,4994528.0,63.0,13.18,of all cache refs,ok
211.49117,4982277.0,,stalled-cycles-frontend:u,stalled-cycles-frontend,1996215.0,25.0,49.66,frontend cycles idle,ok
240.51618299999998,0.0,,instructions:u,instructions,1397631.0,20.0,0.0,insn per cycle,ok
240.51618299999998,840914.0,,cycles:u,cycles,2270692.0,33.0,nan,,ok
240.51618299999998,6882.0,,branches:u,branches,3235274.0,48.0,nan,,ok
240.51618299999998,1825.0,,branch-misses:u,branch-misses,4190279.0,62.0,26.52,of all branches,ok
240.51618299999998,114886.0,,L1-dcache-loads:u,l1-dcache-loads,5145749.0,77.0,nan,,ok
240.51618299999998,16819.0,,cache-references:u,cache-references,5409718.0,81.0,nan,,ok
240.51618299999998,3105.0,,cache-misses:u,cache-misses,4485365.0,68.0,18.46,of all cache refs,ok
240.51618299999998,0.0,,stalled-cycles-frontend:u,stalled-cycles-frontend,491611.0,7.0,nan,,ok
257.509556,342197.0,,instructions:u,instructions,4538810.0,38.0,0.03,insn per cycle,ok
257.509556,nan,,,,nan,nan,3.86,stalled cycles per insn,unknown
257.509556,10790676.0,,cycles:u,cycles,5385653.0,45.0,nan,,ok
257.509556,202591.0,,branches:u,branches,7381552.0,62.0,nan,,ok
257.509556,13494.0,,branch-misses:u,branch-misses,8605007.0,73.0,6.66,of all branches,ok
257.509556,401469.0,,L1-dcache-loads:u,l1-dcache-loads,8223767.0,69.0,nan,,ok
257.509556,53604.0,,cache-references:u,cache-references,7214642.0,61.0,nan,,ok
257.509556,4427.0,,cache-misses:u,cache-misses,6367799.0,54.0,8.26,of all cache refs,ok
257.509556,1320936.0,,stalled-cycles-frontend:u,stalled-cycles-frontend,2537043.0,21.0,12.24,frontend cycles idle,ok
271.589429,2054547.0,,instructions:u,instructions,3562743.0,31.0,0.28,insn per cycle,ok
271.589429,nan,,,,nan,nan,2.23,stalled cycles per insn,unknown
271.589429,7224542.0,,cycles:u,cycles,2708921.0,23.0,nan,,ok
271.589429,216078.0,,branches:u,branches,3754895.0,33.0,nan,,ok
271.589429,13239.0,,branch-misses:u,branch-misses,5847923.0,51.0,6.13,of all branches,ok
271.589429,522012.0,,L1-dcache-loads:u,l1-dcache-loads,6899476.0,60.0,nan,,ok
271.589429,41403.0,,cache-references:u,cache-references,7724329.0,67.0,nan,,ok
271.589429,7989.0,,cache-misses:u,cache-misses,8626643.0,75.0,19.3,of all cache refs,ok
271.589429,4577794.0,,stalled-cycles-frontend:u,stalled-cycles-frontend,2924049.0,25.0,63.36,frontend cycles idle,ok
311.544877,894269.0,,instructions:u,instructions,13382472.0,41.0,0.07,insn per cycle,ok
311.544877,nan,,,,nan,nan,6.68,stalled cycles per insn,unknown
311.544877,13478499.0,,cycles:u,cycles,11936642.0,36.0,nan,,ok
311.544877,335046.0,,branches:u,branches,15493966.0,48.0,nan,,ok
311.544877,29436.0,,branch-misses:u,branch-misses,19865738.0,61.0,8.79,of all branches,ok
311.544877,1031779.0,,L1-dcache-loads:u,l1-dcache-loads,19648839.0,62.0,nan,,ok
311.544877,148167.0,,cache-references:u,cache-references,18954082.0,62.0,nan,,ok
311.544877,22494.0,,cache-misses:u,cache-misses,20351420.0,67.0,15.18,of all cache refs,ok
311.544877,5972439.0,,stalled-cycles-frontend:u,stalled-cycles-frontend,8498951.0,26.0,44.31,frontend cycles idle,ok
337.516598,1005898.0,,instructions:u,instructions,7778599.0,39.0,0.12,insn per cycle,ok
337.516598,nan,,,,nan,nan,8.67,stalled cycles per insn,unknown
337.516598,8409974.0,,cycles:u,cycles,7385077.0,35.0,nan,,ok
337.516598,151433.0,,branches:u,branches,10422490.0,48.0,nan,,ok
337.516598,11871.0,,branch-misses:u,branch-misses,12615905.0,57.0,7.84,of all branches,ok
337.516598,348735.0,,L1-dcache-loads:u,l1-dcache-loads,13036207.0,59.0,nan,,ok
337.516598,71272.0,,cache-references:u,cache-references,14125005.0,64.0,nan,,ok
337.516598,14985.0,,cache-misses:u,cache-misses,14573858.0,65.0,21.03,of all cache refs,ok
337.516598,8725919.0,,stalled-cycles-frontend:u,stalled-cycles-frontend,6013232.0,27.0,103.76,frontend cycles idle,ok
362.52645700000005,1427064.0,,instructions:u,instructions,7766378.0,50.0,0.11,insn per cycle,ok
362.52645700000005,nan,,,,nan,nan,6.57,stalled cycles per insn,unknown
362.52645700000005,13422167.0,,cycles:u,cycles,10699434.0,61.0,nan,,ok
362.52645700000005,338968.0,,branches:u,branches,14472029.0,75.0,nan,,ok
362.52645700000005,22749.0,,branch-misses:u,branch-misses,17347301.0,85.0,6.71,of all branches,ok
362.52645700000005,713885.0,,L1-dcache-loads:u,l1-dcache-loads,17761411.0,83.0,nan,,ok
362.52645700000005,82131.0,,cache-references:u,cache-references,13910279.0,64.0,nan,,ok
362.52645700000005,11317.0,,cache-misses:u,cache-misses,10949251.0,50.0,13.78,of all cache refs,ok
362.52645700000005,9372137.0,,stalled-cycles-frontend:u,stalled-cycles-frontend,2520900.0,12.0,69.83,frontend cycles idle,ok
376.50368899999995,579156.0,,instructions:u,instructions,5066597.0,43.0,0.08,insn per cycle,ok
376.50368899999995,nan,,,,nan,nan,7.91,stalled cycles per insn,unknown
376.50368899999995,7026395.0,,cycles:u,cycles,4077308.0,34.0,nan,,ok
376.50368899999995,125669.0,,branches:u,branches,5095317.0,43.0,nan,,ok
376.50368899999995,7201.0,,branch-misses:u,branch-misses,6948285.0,59.0,5.73,of all branches,ok
376.50368899999995,169286.0,,L1-dcache-loads:u,l1-dcache-loads,6096825.0,52.0,nan,,ok
376.50368899999995,15174.0,,cache-references:u,cache-references,6524680.0,56.0,nan,,ok
376.50368899999995,3604.0,,cache-misses:u,cache-misses,7500818.0,64.0,23.75,of all cache refs,ok
376.50368899999995,4582747.0,,stalled-cycles-frontend:u,stalled-cycles-frontend,4003035.0,34.0,65.22,frontend cycles idle,ok
391.520698,534328.0,,instructions:u,instructions,4541756.0,44.0,0.13,insn per cycle,ok
391.520698,nan,,,,nan,nan,7.73,stalled cycles per insn,unknown
391.520698,3986839.0,,cycles:u,cycles,5533061.0,48.0,nan,,ok
391.520698,77433.0,,branches:u,branches,6711782.0,54.0,nan,,ok
391.520698,6688.0,,branch-misses:u,branch-misses,9209904.0,69.0,8.64,of all branches,ok
391.520698,254373.0,,L1-dcache-loads:u,l1-dcache-loads,9618386.0,72.0,nan,,ok
391.520698,45230.0,,cache-references:u,cache-references,8881599.0,66.0,nan,,ok
391.520698,8907.0,,cache-misses:u,cache-misses,7893025.0,58.0,19.69,of all cache refs,ok
391.520698,4129150.0,,stalled-cycles-frontend:u,stalled-cycles-frontend,2604117.0,19.0,103.57,frontend cycles idle,ok
404.530078,325488.0,,instructions:u,instructions,3499447.0,37.0,0.13,insn per cycle,ok
404.530078,nan,,,,nan,nan,2.91,stalled cycles per insn,unknown
404.530078,2466120.0,,cycles:u,cycles,2588463.0,27.0,nan,,ok
404.530078,94051.0,,branches:u,branches,3621150.0,38.0,nan,,ok
404.530078,7033.0,,branch-misses:u,branch-misses,4638302.0,48.0,7.48,of all branches,ok
404.530078,164140.0,,L1-dcache-loads:u,l1-dcache-loads,4756893.0,50.0,nan,,ok
404.530078,19029.0,,cache-references:u,cache-references,5850990.0,61.0,nan,,ok
404.530078,3481.0,,cache-misses:u,cache-misses,6793306.0,71.0,18.29,of all cache refs,ok
404.530078,947489.0,,stalled-cycles-frontend:u,stalled-cycles-frontend,2896655.0,30.0,38.42,frontend cycles idle,ok
433.551463,345890.0,,instructions:u,instructions,3879353.0,40.0,0.03,insn per cycle,ok
433.551463,nan,,,,nan,nan,18.04,stalled cycles per insn,unknown
433.551463,10197231.0,,cycles:u,cycles,5737669.0,54.0,nan,,ok
433.551463,191310.0,,branches:u,branches,7508332.0,68.0,nan,,ok
433.551463,8978.0,,branch-misses:u,branch-misses,9463255.0,86.0,4.69,of all branches,ok
433.551463,296694.0,,L1-dcache-loads:u,l1-dcache-loads,9219903.0,83.0,nan,,ok
433.551463,34067.0,,cache-references:u,cache-references,7275100.0,65.0,nan,,ok
433.551463,7423.0,,cache-misses:u,cache-misses,5395431.0,48.0,21.79,of all cache refs,ok
433.551463,6239825.0,,stalled-cycles-frontend:u,stalled-cycles-frontend,1734157.0,16.0,61.19,frontend cycles idle,ok
447.51782299999996,296925.0,,instructions:u,instructions,3000602.0,50.0,0.32,insn per cycle,ok
447.51782299999996,nan,,,,nan,nan,7.35,stalled cycles per insn,unknown
447.51782299999996,930732.0,,cycles:u,cycles,3012848.0,50.0,nan,,ok
447.51782299999996,46294.0,,branches:u,branches,3154198.0,53.0,nan,,ok
447.51782299999996,2861.0,,branch-misses:u,branch-misses,3154198.0,53.0,6.18,of all branches,ok
447.51782299999996,6283.0,,L1-dcache-loads:u,l1-dcache-loads,2843363.0,48.0,nan,,ok
447.51782299999996,6161.0,,cache-references:u,cache-references,2800051.0,48.0,nan,,ok
447.51782299999996,3569.0,,cache-misses:u,cache-misses,2760887.0,47.0,57.93,of all cache refs,ok
447.51782299999996,2183259.0,,stalled-cycles-frontend:u,stalled-cycles-frontend,2001948.0,34.0,234.57,frontend cycles idle,ok
470.512861,334925.0,,instructions:u,instructions,3885625.0,40.0,0.07,insn per cycle,ok
470.512861,nan,,,,nan,nan,7.29,stalled cycles per insn,unknown
470.512861,4674051.0,,cycles:u,cycles,3133125.0,29.0,nan,,ok
470.512861,97516.0,,branches:u,branches,5119897.0,43.0,nan,,ok
470.512861,8854.0,,branch-misses:u,branch-misses,7358924.0,58.0,9.08,of all branches,ok
470.512861,187268.0,,L1-dcache-loads:u,l1-dcache-loads,7788768.0,61.0,nan,,ok
470.512861,51464.0,,cache-references:u,cache-references,8793497.0,69.0,nan,,ok
470.512861,9033.0,,cache-misses:u,cache-misses,9545997.0,75.0,17.55,of all cache refs,ok
470.512861,2441431.0,,stalled-cycles-frontend:u,stalled-cycles-frontend,2887651.0,24.0,52.23,frontend cycles idle,ok
482.194389,952.0,,instructions:u,instructions,726739.0,100.0,nan,,ok
482.194389,nan,,,,nan,nan,169.15,stalled cycles per insn,unknown
482.194389,nan,,cycles:u,cycles,0.0,0.0,nan,,ok
482.194389,nan,,branches:u,branches,0.0,0.0,nan,,ok
482.194389,nan,,branch-misses:u,branch-misses,0.0,0.0,nan,,ok
482.194389,nan,,L1-dcache-loads:u,l1-dcache-loads,0.0,0.0,nan,,ok
482.194389,nan,,cache-references:u,cache-references,0.0,0.0,nan,,ok
482.194389,244.0,,cache-misses:u,cache-misses,769078.0,100.0,nan,,ok
482.194389,161032.0,,stalled-cycles-frontend:u,stalled-cycles-frontend,779224.0,100.0,nan,,ok
509.504371,640926.0,,instructions:u,instructions,5917712.0,39.0,0.07,insn per cycle,ok
509.504371,nan,,,,nan,nan,5.69,stalled cycles per insn,unknown
509.504371,9550945.0,,cycles:u,cycles,5991324.0,39.0,nan,,ok
509.504371,135316.0,,branches:u,branches,7981778.0,52.0,nan,,ok
509.504371,9349.0,,branch-misses:u,branch-misses,9996400.0,66.0,6.91,of all branches,ok
509.504371,330607.0,,L1-dcache-loads:u,l1-dcache-loads,10004327.0,66.0,nan,,ok
509.504371,30722.0,,cache-references:u,cache-references,9217783.0,61.0,nan,,ok
509.504371,3570.0,,cache-misses:u,cache-misses,9101832.0,60.0,11.62,of all cache refs,ok
509.504371,3647412.0,,stalled-cycles-frontend:u,stalled-cycles-frontend,3864056.0,25.0,38.19,frontend cycles idle,ok
536.3936689999999,379701.0,,instructions:u,instructions,4600035.0,99.0,0.21,insn per cycle,ok
536.3936689999999,nan,,,,nan,nan,7.37,stalled cycles per insn,unknown
536.3936689999999,1828198.0,,cycles:u,cycles,3598966.0,77.0,nan,,ok
536.3936689999999,68932.0,,branches:u,branches,3598966.0,77.0,nan,,ok
536.3936689999999,3604.0,,branch-misses:u,branch-misses,3598966.0,77.0,5.23,of all branches,ok
536.3936689999999,3427.0,,L1-dcache-loads:u,l1-dcache-loads,1608812.0,34.0,nan,,ok
536.3936689999999,0.0,,cache-references:u,cache-references,45740.0,1.0,nan,,ok
536.3936689999999,9732.0,,cache-misses:u,cache-misses,1046809.0,33.0,nan,,ok
536.3936689999999,2799477.0,,stalled-cycles-frontend:u,stalled-cycles-frontend,2991223.0,72.0,153.13,frontend cycles idle,ok
554.526637,112070.0,,instructions:u,instructions,1983269.0,42.0,0.04,insn per cycle,ok
554.526637,nan,,,,nan,nan,13.34,stalled cycles per insn,unknown
554.526637,2559259.0,,cycles:u,cycles,2984516.0,63.0,nan,,ok
554.526637,43022.0,,branches:u,branches,3983061.0,85.0,nan,,ok
554.526637,2513.0,,branch-misses:u,branch-misses,4668083.0,100.0,5.84,of all branches,ok
554.526637,113553.0,,L1-dcache-loads:u,l1-dcache-loads,3680922.0,78.0,nan,,ok
554.526637,9950.0,,cache-references:u,cache-references,2684814.0,57.0,nan,,ok
554.526637,0.0,,cache-misses:u,cache-misses,1683567.0,36.0,nan,,ok
554.526637,1495467.0,,stalled-cycles-frontend:u,stalled-cycles-frontend,987161.0,21.0,58.43,frontend cycles idle,ok
576.5205679999999,614626.0,,instructions:u,instructions,3118629.0,33.0,0.07,insn per cycle,ok
576.5205679999999,nan,,,,nan,nan,4.35,stalled cycles per insn,unknown
576.5205679999999,8476522.0,,cycles:u,cycles,4113793.0,39.0,nan,,ok
576.5205679999999,254139.0,,branches:u,branches,5743848.0,51.0,nan,,ok
576.5205679999999,13254.0,,branch-misses:u,branch-misses,7397575.0,66.0,5.22,of all branches,ok
576.5205679999999,389149.0,,L1-dcache-loads:u,l1-dcache-loads,7786684.0,70.0,nan,,ok
576.5205679999999,47013.0,,cache-references:u,cache-references,7957974.0,71.0,nan,,ok
576.5205679999999,5472.0,,cache-misses:u,cache-misses,6962810.0,62.0,11.64,of all cache refs,ok
576.5205679999999,2672525.0,,stalled-cycles-frontend:u,stalled-cycles-frontend,2008193.0,19.0,31.53,frontend cycles idle,ok
599.5833259999999,248176.0,,instructions:u,instructions,3007471.0,46.0,0.36,insn per cycle,ok
599.5833259999999,nan,,,,nan,nan,3.95,stalled cycles per insn,unknown
599.5833259999999,692605.0,,cycles:u,cycles,3001333.0,46.0,nan,,ok
599.5833259999999,26968.0,,branches:u,branches,3267159.0,50.0,nan,,ok
599.5833259999999,1452.0,,branch-misses:u,branch-misses,3419721.0,53.0,5.38,of all branches,ok
599.5833259999999,10473.0,,L1-dcache-loads:u,l1-dcache-loads,3414984.0,53.0,nan,,ok
599.5833259999999,13943.0,,cache-references:u,cache-references,3407960.0,53.0,nan,,ok
599.5833259999999,4224.0,,cache-misses:u,cache-misses,3414098.0,53.0,30.29,of all cache refs,ok
599.5833259999999,980577.0,,stalled-cycles-frontend:u,stalled-cycles-frontend,2004748.0,31.0,141.58,frontend cycles idle,ok
649.596451,1169602.0,,instructions:u,instructions,6784697.0,40.0,0.12,insn per cycle,ok
649.596451,nan,,,,nan,nan,10.37,stalled cycles per insn,unknown
649.596451,10059435.0,,cycles:u,cycles,7078440.0,40.0,nan,,ok
649.596451,202775.0,,branches:u,branches,9450130.0,54.0,nan,,ok
649.596451,13346.0,,branch-misses:u,branch-misses,11441595.0,65.0,6.58,of all branches,ok
649.596451,296080.0,,L1-dcache-loads:u,l1-dcache-loads,11445076.0,65.0,nan,,ok
649.596451,49355.0,,cache-references:u,cache-references,10629963.0,61.0,nan,,ok
649.596451,11180.0,,cache-misses:u,cache-misses,10336220.0,62.0,22.65,of all cache refs,ok
649.596451,12133766.0,,stalled-cycles-frontend:u,stalled-cycles-frontend,4002573.0,25.0,120.62,frontend cycles idle,ok
674.556311,291220.0,,instructions:u,instructions,3447931.0,25.0,0.04,insn per cycle,ok
674.556311,nan,,,,nan,nan,4.29,stalled cycles per insn,unknown
674.556311,7157510.0,,cycles:u,cycles,3374807.0,25.0,nan,,ok
674.556311,127944.0,,branches:u,branches,5382639.0,52.0,nan,,ok
674.556311,13188.0,,branch-misses:u,branch-misses,7378047.0,66.0,10.31,of all branches,ok
674.556311,482662.0,,L1-dcache-loads:u,l1-dcache-loads,8357880.0,68.0,nan,,ok
674.556311,53896.0,,cache-references:u,cache-references,9903156.0,75.0,nan,,ok
674.556311,7424.0,,cache-misses:u,cache-misses,9976280.0,74.0,13.77,of all cache refs,ok
674.556311,1248310.0,,stalled-cycles-frontend:u,stalled-cycles-frontend,2452577.0,18.0,17.44,frontend cycles idle,ok
698.5876979999999,165668.0,,instructions:u,instructions,3000806.0,34.0,0.03,insn per cycle,ok
698.5876979999999,nan,,,,nan,nan,28.63,stalled cycles per insn,unknown
698.5876979999999,5126881.0,,cycles:u,cycles,3004897.0,34.0,nan,,ok
698.5876979999999,70188.0,,branches:u,branches,4007161.0,46.0,nan,,ok
698.5876979999999,3458.0,,branch-misses:u,branch-misses,5007546.0,57.0,4.93,of all branches,ok
698.5876979999999,110792.0,,L1-dcache-loads:u,l1-dcache-loads,5671289.0,65.0,nan,,ok
698.5876979999999,8715.0,,cache-references:u,cache-references,5658343.0,65.0,nan,,ok
698.5876979999999,1935.0,,cache-misses:u,cache-misses,5654252.0,65.0,22.2,of all cache refs,ok
698.5876979999999,4743114.0,,stalled-cycles-frontend:u,stalled-cycles-frontend,2001942.0,23.0,92.51,frontend cycles idle,ok
711.530085,412108.0,,instructions:u,instructions,3004836.0,46.0,0.14,insn per cycle,ok
711.530085,nan,,,,nan,nan,4.65,stalled cycles per insn,unknown
711.530085,2958815.0,,cycles:u,cycles,3002162.0,46.0,nan,,ok
711.530085,83188.0,,branches:u,branches,3163011.0,48.0,nan,,ok
711.530085,6028.0,,branch-misses:u,branch-misses,3184128.0,48.0,7.25,of all branches,ok
711.530085,97635.0,,L1-dcache-loads:u,l1-dcache-loads,3548220.0,54.0,nan,,ok
711.530085,16990.0,,cache-references:u,cache-references,3564642.0,54.0,nan,,ok
711.530085,5440.0,,cache-misses:u,cache-misses,3585587.0,54.0,32.02,of all cache refs,ok
711.530085,1915866.0,,stalled-cycles-frontend:u,stalled-cycles-frontend,2002312.0,30.0,64.75,frontend cycles idle,ok
751.584622,924996.0,,instructions:u,instructions,5899102.0,54.0,0.12,insn per cycle,ok
751.584622,nan,,,,nan,nan,6.27,stalled cycles per insn,unknown
751.584622,7489951.0,,cycles:u,cycles,5867962.0,53.0,nan,,ok
751.584622,160583.0,,branches:u,branches,6963445.0,63.0,nan,,ok
751.584622,8965.0,,branch-misses:u,branch-misses,7943787.0,72.0,5.58,of all branches,ok
751.584622,388516.0,,L1-dcache-loads:u,l1-dcache-loads,7253971.0,66.0,nan,,ok
751.584622,28858.0,,cache-references:u,cache-references,5028704.0,46.0,nan,,ok
751.584622,4866.0,,cache-misses:u,cache-misses,5041573.0,46.0,16.86,of all cache refs,ok
751.584622,5797615.0,,stalled-cycles-frontend:u,stalled-cycles-frontend,2690666.0,24.0,77.41,frontend cycles idle,ok
764.591065,50076.0,,instructions:u,instructions,2991556.0,27.0,0.01,insn per cycle,ok
764.591065,nan,,,,nan,nan,30.74,stalled cycles per insn,unknown
764.591065,8424864.0,,cycles:u,cycles,3999327.0,36.0,nan,,ok
764.591065,253783.0,,branches:u,branches,6643357.0,60.0,nan,,ok
764.591065,11989.0,,branch-misses:u,branch-misses,8004224.0,72.0,4.72,of all branches,ok
764.591065,464002.0,,L1-dcache-loads:u,l1-dcache-loads,8064318.0,76.0,nan,,ok
764.591065,53973.0,,cache-references:u,cache-references,8068223.0,83.0,nan,,ok
764.591065,8532.0,,cache-misses:u,cache-misses,7084005.0,66.0,15.81,of all cache refs,ok
764.591065,1539210.0,,stalled-cycles-frontend:u,stalled-cycles-frontend,1968221.0,17.0,18.27,frontend cycles idle,ok
802.573146,294963.0,,instructions:u,instructions,1391917.0,19.0,0.23,insn per cycle,ok
802.573146,1256930.0,,cycles:u,cycles,2346547.0,32.0,nan,,ok
802.573146,46047.0,,branches:u,branches,3591910.0,50.0,nan,,ok
802.573146,4565.0,,branch-misses:u,branch-misses,5377505.0,75.0,9.91,of all branches,ok
802.573146,153542.0,,L1-dcache-loads:u,l1-dcache-loads,5844187.0,82.0,nan,,ok
802.573146,24331.0,,cache-references:u,cache-references,5731174.0,80.0,nan,,ok
802.573146,4431.0,,cache-misses:u,cache-misses,4779735.0,67.0,18.21,of all cache refs,ok
802.573146,0.0,,stalled-cycles-frontend:u,stalled-cycles-frontend,509972.0,7.0,nan,,ok
837.535491,113980.0,,instructions:u,instructions,4681601.0,38.0,0.02,insn per cycle,ok
837.535491,nan,,,,nan,nan,26.84,stalled cycles per insn,unknown
837.535491,5662346.0,,cycles:u,cycles,2443605.0,20.0,nan,,ok
837.535491,106245.0,,branches:u,branches,3154936.0,26.0,nan,,ok
837.535491,8601.0,,branch-misses:u,branch-misses,4733826.0,39.0,8.1,of all branches,ok
837.535491,494589.0,,L1-dcache-loads:u,l1-dcache-loads,4354296.0,38.0,nan,,ok
837.535491,54380.0,,cache-references:u,cache-references,7271447.0,71.0,nan,,ok
837.535491,8794.0,,cache-misses:u,cache-misses,9482699.0,85.0,16.17,of all cache refs,ok
837.535491,3058709.0,,stalled-cycles-frontend:u,stalled-cycles-frontend,4599346.0,38.0,54.02,frontend cycles idle,ok
876.5153730000001,1894987.0,,instructions:u,instructions,10849512.0,49.0,0.09,insn per cycle,ok
876.5153730000001,nan,,,,nan,nan,7.19,stalled cycles per insn,unknown
876.5153730000001,20924152.0,,cycles:u,cycles,12748761.0,53.0,nan,,ok
876.5153730000001,478187.0,,branches:u,branches,17751927.0,68.0,nan,,ok
876.5153730000001,28092.0,,branch-misses:u,branch-misses,21403809.0,77.0,5.87,of all branches,ok
876.5153730000001,758819.0,,L1-dcache-loads:u,l1-dcache-loads,19506873.0,70.0,nan,,ok
876.5153730000001,93761.0,,cache-references:u,cache-references,16777591.0,60.0,nan,,ok
876.5153730000001,18810.0,,cache-misses:u,cache-misses,14895925.0,53.0,20.06,of all cache refs,ok
876.5153730000001,13619519.0,,stalled-cycles-frontend:u,stalled-cycles-frontend,6703022.0,25.0,65.09,frontend cycles idle,ok
920.588921,2597838.0,,instructions:u,instructions,13645925.0,38.0,0.14,insn per cycle,ok
920.588921,nan,,,,nan,nan,5.88,stalled cycles per insn,unknown
920.588921,18503806.0,,cycles:u,cycles,12792584.0,37.0,nan,,ok
920.588921,464198.0,,branches:u,branches,16311927.0,51.0,nan,,ok
920.588921,25413.0,,branch-misses:u,branch-misses,20227369.0,62.0,5.47,of all branches,ok
920.588921,825023.0,,L1-dcache-loads:u,l1-dcache-loads,20043737.0,59.0,nan,,ok
920.588921,106104.0,,cache-references:u,cache-references,21624478.0,63.0,nan,,ok
920.588921,19892.0,,cache-misses:u,cache-misses,22460236.0,65.0,18.75,of all cache refs,ok
920.588921,15286073.0,,stalled-cycles-frontend:u,stalled-cycles-frontend,10344227.0,29.0,82.61,frontend cycles idle,ok
943.6049290000001,0.0,,instructions:u,instructions,849379.0,14.0,0.0,insn per cycle,ok
943.6049290000001,2292425.0,,cycles:u,cycles,970913.0,16.0,nan,,ok
943.6049290000001,36714.0,,branches:u,branches,1969007.0,33.0,nan,,ok
943.6049290000001,4939.0,,branch-misses:u,branch-misses,2968149.0,51.0,13.45,of all branches,ok
943.6049290000001,138697.0,,L1-dcache-loads:u,l1-dcache-loads,3967955.0,68.0,nan,,ok
943.6049290000001,15292.0,,cache-references:u,cache-references,4966508.0,85.0,nan,,ok
943.6049290000001,2133.0,,cache-misses:u,cache-misses,4844974.0,83.0,13.95,of all cache refs,ok
943.6049290000001,0.0,,stalled-cycles-frontend:u,stalled-cycles-frontend,849379.0,14.0,nan,,ok
985.556837,615726.0,,instructions:u,instructions,5962838.0,56.0,0.08,insn per cycle,ok
985.556837,nan,,,,nan,nan,5.31,stalled cycles per insn,unknown
985.556837,7499812.0,,cycles:u,cycles,4194460.0,36.0,nan,,ok
985.556837,166047.0,,branches:u,branches,5803674.0,46.0,nan,,ok
985.556837,14287.0,,branch-misses:u,branch-misses,7827518.0,57.0,8.6,of all branches,ok
985.556837,621537.0,,L1-dcache-loads:u,l1-dcache-loads,7830031.0,53.0,nan,,ok
985.556837,69281.0,,cache-references:u,cache-references,9384813.0,60.0,nan,,ok
985.556837,10305.0,,cache-misses:u,cache-misses,11179543.0,72.0,14.87,of all cache refs,ok
985.556837,3267107.0,,stalled-cycles-frontend:u,stalled-cycles-frontend,4806193.0,32.0,43.56,frontend cycles idle,ok
1016.5252199999999,699779.0,,instructions:u,instructions,5862698.0,51.0,0.09,insn per cycle,ok
1016.5252199999999,nan,,,,nan,nan,9.58,stalled cycles per insn,unknown
1016.5252199999999,7845760.0,,cycles:u,cycles,7640316.0,62.0,nan,,ok
1016.5252199999999,102589.0,,branches:u,branches,9259358.0,69.0,nan,,ok
1016.5252199999999,9131.0,,branch-misses:u,branch-misses,10648073.0,77.0,8.9,of all branches,ok
1016.5252199999999,185932.0,,L1-dcache-loads:u,l1-dcache-loads,9667938.0,70.0,nan,,ok
1016.5252199999999,20724.0,,cache-references:u,cache-references,7952345.0,58.0,nan,,ok
1016.5252199999999,6534.0,,cache-misses:u,cache-misses,6041464.0,44.0,31.53,of all cache refs,ok
1016.5252199999999,6706387.0,,stalled-cycles-frontend:u,stalled-cycles-frontend,3019976.0,22.0,85.48,frontend cycles idle,ok
1043.545988,0.0,,instructions:u,instructions,3004166.0,26.0,0.0,insn per cycle,ok
1043.545988,5858453.0,,cycles:u,cycles,3602216.0,32.0,nan,,ok
1043.545988,202012.0,,branches:u,branches,5561783.0,49.0,nan,,ok
1043.545988,7746.0,,branch-misses:u,branch-misses,7528060.0,67.0,3.83,of all branches,ok
1043.545988,374490.0,,L1-dcache-loads:u,l1-dcache-loads,7906392.0,71.0,nan,,ok
1043.545988,39168.0,,cache-references:u,cache-references,8075278.0,72.0,nan,,ok
1043.545988,4841.0,,cache-misses:u,cache-misses,7584139.0,68.0,12.36,of all cache refs,ok
1043.545988,0.0,,stalled-cycles-frontend:u,stalled-cycles-frontend,2002020.0,18.0,nan,,ok
1081.527817,875432.0,,instructions:u,instructions,5876636.0,47.0,0.14,insn per cycle,ok
1081.527817,nan,,,,nan,nan,10.85,stalled cycles per insn,unknown
1081.527817,6198178.0,,cycles:u,cycles,5599450.0,45.0,nan,,ok
1081.527817,195496.0,,branches:u,branches,6598953.0,53.0,nan,,ok
1081.527817,11580.0,,branch-misses:u,branch-misses,7599239.0,61.0,5.92,of all branches,ok
1081.527817,227538.0,,L1-dcache-loads:u,l1-dcache-loads,6595198.0,53.0,nan,,ok
1081.527817,39386.0,,cache-references:u,cache-references,6565103.0,56.0,nan,,ok
1081.527817,9012.0,,cache-misses:u,cache-misses,6842289.0,64.0,22.88,of all cache refs,ok
1081.527817,9494226.0,,stalled-cycles-frontend:u,stalled-cycles-frontend,4006770.0,34.0,153.18,frontend cycles idle,ok
1099.5428789999999,4850.0,,instructions:u,instructions,979452.0,18.0,0.0,insn per cycle,ok
1099.5428789999999,1444113.0,,cycles:u,cycles,1978405.0,37.0,nan,,ok
1099.5428789999999,16690.0,,branches:u,branches,2979721.0,56.0,nan,,ok
1099.5428789999999,3290.0,,branch-misses:u,branch-misses,3975321.0,75.0,19.71,of all branches,ok
1099.5428789999999,100139.0,,L1-dcache-loads:u,l1-dcache-loads,4977645.0,95.0,nan,,ok
1099.5428789999999,14868.0,,cache-references:u,cache-references,4252361.0,81.0,nan,,ok
1099.5428789999999,3293.0,,cache-misses:u,cache-misses,3253408.0,62.0,22.15,of all cache refs,ok
1099.5428789999999,nan,,stalled-cycles-frontend:u,stalled-cycles-frontend,0.0,0.0,nan,,ok
1113.54692,208514.0,,instructions:u,instructions,2988858.0,37.0,0.04,insn per cycle,ok
1113.54692,nan,,,,nan,nan,6.04,stalled cycles per insn,unknown
1113.54692,4715015.0,,cycles:u,cycles,3004036.0,37.0,nan,,ok
1113.54692,46774.0,,branches:u,branches,4003049.0,50.0,nan,,ok
1113.54692,4732.0,,branch-misses:u,branch-misses,5000672.0,62.0,10.12,of all branches,ok
1113.54692,181485.0,,L1-dcache-loads:u,l1-dcache-loads,4988469.0,62.0,nan,,ok
1113.54692,23641.0,,cache-references:u,cache-references,5044147.0,62.0,nan,,ok
1113.54692,3767.0,,cache-misses:u,cache-misses,5053518.0,62.0,15.93,of all cache refs,ok
1113.54692,1258671.0,,stalled-cycles-frontend:u,stalled-cycles-frontend,1988872.0,24.0,26.69,frontend cycles idle,ok
1159.517011,998494.0,,instructions:u,instructions,8305769.0,42.0,0.13,insn per cycle,ok
1159.517011,nan,,,,nan,nan,5.61,stalled cycles per insn,unknown
1159.517011,7546322.0,,cycles:u,cycles,6019402.0,31.0,nan,,ok
1159.517011,193464.0,,branches:u,branches,8019144.0,41.0,nan,,ok
1159.517011,15056.0,,branch-misses:u,branch-misses,9606479.0,49.0,7.78,of all branches,ok
1159.517011,579503.0,,L1-dcache-loads:u,l1-dcache-loads,9302374.0,48.0,nan,,ok
1159.517011,53508.0,,cache-references:u,cache-references,11029520.0,61.0,nan,,ok
1159.517011,11856.0,,cache-misses:u,cache-misses,13291338.0,69.0,22.16,of all cache refs,ok
1159.517011,5600219.0,,stalled-cycles-frontend:u,stalled-cycles-frontend,6312432.0,32.0,74.21,frontend cycles idle,ok
1185.5558509999998,10201.0,,instructions:u,instructions,2271447.0,33.0,0.0,insn per cycle,ok
1185.5558509999998,nan,,,,nan,nan,103.79,stalled cycles per insn,unknown
1185.5558509999998,2290946.0,,cycles:u,cycles,1572556.0,22.0,nan,,ok
1185.5558509999998,214598.0,,branches:u,branches,2574267.0,37.0,nan,,ok
1185.5558509999998,10390.0,,branch-misses:u,branch-misses,3577524.0,52.0,4.84,of all branches,ok
1185.5558509999998,349445.0,,L1-dcache-loads:u,l1-dcache-loads,3569423.0,59.0,nan,,ok
1185.5558509999998,23939.0,,cache-references:u,cache-references,4568137.0,89.0,nan,,ok
1185.5558509999998,4780.0,,cache-misses:u,cache-misses,5267028.0,87.0,19.97,of all cache refs,ok
1185.5558509999998,1058731.0,,stalled-cycles-frontend:u,stalled-cycles-frontend,2271447.0,33.0,46.21,frontend cycles idle,ok
1211.5290169999998,193494.0,,instructions:u,instructions,3006878.0,53.0,nan,,ok
1211.5290169999998,nan,,,,nan,nan,4.07,stalled cycles per insn,unknown
1211.5290169999998,0.0,,cycles:u,cycles,2611543.0,46.0,nan,,ok
1211.5290169999998,0.0,,branches:u,branches,2611543.0,46.0,nan,,ok
1211.5290169999998,0.0,,branch-misses:u,branch-misses,2611543.0,46.0,nan,,ok
1211.5290169999998,20697.0,,L1-dcache-loads:u,l1-dcache-loads,2580953.0,46.0,nan,,ok
1211.5290169999998,18105.0,,cache-references:u,cache-references,2585620.0,46.0,nan,,ok
1211.5290169999998,4645.0,,cache-misses:u,cache-misses,2980955.0,53.0,25.66,of all cache refs,ok
1211.5290169999998,787964.0,,stalled-cycles-frontend:u,stalled-cycles-frontend,2014121.0,36.0,nan,,ok
1249.598105,298301.0,,instructions:u,instructions,1033146.0,14.0,nan,,ok
1249.598105,nan,,,,nan,nan,7.86,stalled cycles per insn,unknown
1249.598105,0.0,,cycles:u,cycles,992184.0,13.0,nan,,ok
1249.598105,0.0,,branches:u,branches,1986251.0,27.0,nan,,ok
1249.598105,3227.0,,branch-misses:u,branch-misses,4145961.0,58.0,nan,,ok
1249.598105,36276.0,,L1-dcache-loads:u,l1-dcache-loads,5107612.0,71.0,nan,,ok
1249.598105,9928.0,,cache-references:u,cache-references,6108138.0,85.0,nan,,ok
1249.598105,3709.0,,cache-misses:u,cache-misses,6149100.0,86.0,37.36,of all cache refs,ok
1249.598105,2345341.0,,stalled-cycles-frontend:u,stalled-cycles-frontend,1033146.0,14.0,nan,,ok
1280.588089,174742.0,,instructions:u,instructions,3179564.0,62.0,0.09,insn per cycle,ok
1280.588089,nan,,,,nan,nan,7.48,stalled cycles per insn,unknown
1280.588089,1903737.0,,cycles:u,cycles,4197229.0,81.0,nan,,ok
1280.588089,43799.0,,branches:u,branches,4899103.0,94.0,nan,,ok
1280.588089,5028.0,,branch-misses:u,branch-misses,5206589.0,100.0,11.48,of all branches,ok
1280.588089,143029.0,,L1-dcache-loads:u,l1-dcache-loads,3933035.0,75.0,nan,,ok
1280.588089,32511.0,,cache-references:u,cache-references,2069149.0,47.0,nan,,ok
1280.588089,12737.0,,cache-misses:u,cache-misses,1072165.0,26.0,39.18,of all cache refs,ok
1280.588089,1306294.0,,stalled-cycles-frontend:u,stalled-cycles-frontend,1298669.0,29.0,68.62,frontend cycles idle,ok
1299.575247,nan,,instructions:u,instructions,0.0,0.0,nan,,ok
1299.575247,nan,,cycles:u,cycles,0.0,0.0,nan,,ok
1299.575247,nan,,branches:u,branches,0.0,0.0,nan,,ok
1299.575247,4262.0,,branch-misses:u,branch-misses,694071.0,62.0,nan,,ok
1299.575247,112518.0,,L1-dcache-loads:u,l1-dcache-loads,1091279.0,100.0,nan,,ok
1299.575247,9476.0,,cache-references:u,cache-references,1074270.0,100.0,nan,,ok
1299.575247,1000.0,,cache-misses:u,cache-misses,1053589.0,100.0,10.55,of all cache refs,ok
1299.575247,nan,,stalled-cycles-frontend:u,stalled-cycles-frontend,0.0,0.0,nan,,ok
1345.581951,0.0,,instructions:u,instructions,2379408.0,44.0,nan,,ok
1345.581951,0.0,,cycles:u,cycles,1376054.0,25.0,nan,,ok
1345.581951,0.0,,branches:u,branches,1376054.0,25.0,nan,,ok
1345.581951,578.0,,branch-misses:u,branch-misses,2362418.0,44.0,nan,,ok
1345.581951,64246.0,,L1-dcache-loads:u,l1-dcache-loads,2267682.0,42.0,nan,,ok
1345.581951,23540.0,,cache-references:u,cache-references,2983355.0,55.0,nan,,ok
1345.581951,3435.0,,cache-misses:u,cache-misses,3986709.0,74.0,14.59,of all cache refs,ok
1345.581951,0.0,,stalled-cycles-frontend:u,stalled-cycles-frontend,2090866.0,38.0,nan,,ok
1372.532923,295438.0,,instructions:u,instructions,1021963.0,24.0,0.09,insn per cycle,ok
1372.532923,3198744.0,,cycles:u,cycles,2023020.0,38.0,nan,,ok
1372.532923,133713.0,,branches:u,branches,3028146.0,48.0,nan,,ok
1372.532923,11738.0,,branch-misses:u,branch-misses,4021946.0,55.0,8.78,of all branches,ok
1372.532923,266663.0,,L1-dcache-loads:u,l1-dcache-loads,5580025.0,71.0,nan,,ok
1372.532923,52019.0,,cache-references:u,cache-references,6813365.0,86.0,nan,,ok
1372.532923,11102.0,,cache-misses:u,cache-misses,5812308.0,74.0,21.34,of all cache refs,ok
1372.532923,nan,,stalled-cycles-frontend:u,stalled-cycles-frontend,0.0,0.0,nan,,ok
1414.5570579999999,244251.0,,instructions:u,instructions,3002343.0,65.0,0.19,insn per cycle,ok
1414.5570579999999,nan,,,,nan,nan,8.96,stalled cycles per insn,unknown
1414.5570579999999,1261974.0,,cycles:u,cycles,2458190.0,53.0,nan,,ok
1414.5570579999999,54842.0,,branches:u,branches,2663630.0,57.0,nan,,ok
1414.5570579999999,3290.0,,branch-misses:u,branch-misses,2676428.0,57.0,6.0,of all branches,ok
1414.5570579999999,116535.0,,L1-dcache-loads:u,l1-dcache-loads,1698620.0,36.0,nan,,ok
1414.5570579999999,2680.0,,cache-references:u,cache-references,1704979.0,36.0,nan,,ok
1414.5570579999999,3199.0,,cache-misses:u,cache-misses,2272320.0,48.0,119.37,of all cache refs,ok
1414.5570579999999,2188968.0,,stalled-cycles-frontend:u,stalled-cycles-frontend,2004625.0,42.0,173.46,frontend cycles idle,ok
1436.522747,572489.0,,instructions:u,instructions,1130660.0,20.0,0.37,insn per cycle,ok
1436.522747,nan,,,,nan,nan,2.52,stalled cycles per insn,unknown
1436.522747,1534941.0,,cycles:u,cycles,170331.0,3.0,nan,,ok
1436.522747,12136.0,,branches:u,branches,983363.0,17.0,nan,,ok
1436.522747,3977.0,,branch-misses:u,branch-misses,2498407.0,45.0,32.77,of all branches,ok
1436.522747,38221.0,,L1-dcache-loads:u,l1-dcache-loads,3245091.0,59.0,nan,,ok
1436.522747,10700.0,,cache-references:u,cache-references,4227744.0,77.0,nan,,ok
1436.522747,3775.0,,cache-misses:u,cache-misses,5197170.0,95.0,35.28,of all cache refs,ok
1436.522747,1440553.0,,stalled-cycles-frontend:u,stalled-cycles-frontend,1284171.0,23.0,93.85,frontend cycles idle,ok
1467.525309,956383.0,,instructions:u,instructions,8551398.0,66.0,0.12,insn per cycle,ok
1467.525309,nan,,,,nan,nan,7.42,stalled cycles per insn,unknown
1467.525309,8270347.0,,cycles:u,cycles,8548846.0,61.0,nan,,ok
1467.525309,178835.0,,branches:u,branches,10563351.0,71.0,nan,,ok
1467.525309,10052.0,,branch-misses:u,branch-misses,11392809.0,76.0,5.62,of all branches,ok
1467.525309,214206.0,,L1-dcache-loads:u,l1-dcache-loads,7287321.0,48.0,nan,,ok
1467.525309,22597.0,,cache-references:u,cache-references,6340712.0,42.0,nan,,ok
1467.525309,11014.0,,cache-misses:u,cache-misses,6347550.0,42.0,48.74,of all cache refs,ok
1467.525309,7099280.0,,stalled-cycles-frontend:u,stalled-cycles-frontend,6280094.0,42.0,85.84,frontend cycles idle,ok
1506.52393,605175.0,,instructions:u,instructions,3655961.0,36.0,0.14,insn per cycle,ok
1506.52393,nan,,,,nan,nan,3.81,stalled cycles per insn,unknown
1506.52393,4352406.0,,cycles:u,cycles,3622146.0,36.0,nan,,ok
1506.52393,179601.0,,branches:u,branches,4854511.0,49.0,nan,,ok
1506.52393,16146.0,,branch-misses:u,branch-misses,5831877.0,59.0,8.99,of all branches,ok
1506.52393,383735.0,,L1-dcache-loads:u,l1-dcache-loads,6079472.0,66.0,nan,,ok
1506.52393,49227.0,,cache-references:u,cache-references,6275754.0,69.0,nan,,ok
1506.52393,9309.0,,cache-misses:u,cache-misses,6272998.0,69.0,18.91,of all cache refs,ok
1506.52393,2305248.0,,stalled-cycles-frontend:u,stalled-cycles-frontend,2738464.0,28.0,52.96,frontend cycles idle,ok
1528.541868,0.0,,instructions:u,instructions,996249.0,86.0,nan,,ok
1528.541868,0.0,,cycles:u,cycles,1187562.0,100.0,nan,,ok
1528.541868,0.0,,branches:u,branches,1216414.0,100.0,nan,,ok
1528.541868,0.0,,branch-misses:u,branch-misses,1252115.0,100.0,nan,,ok
1528.541868,0.0,,L1-dcache-loads:u,l1-dcache-loads,1287767.0,100.0,nan,,ok
1528.541868,0.0,,cache-references:u,cache-references,320099.0,24.0,nan,,ok
1528.541868,nan,,cache-misses:u,cache-misses,0.0,0.0,nan,,ok
1528.541868,nan,,stalled-cycles-frontend:u,stalled-cycles-frontend,0.0,0.0,nan,,ok
1555.562552,1816688.0,,instructions:u,instructions,8267207.0,39.0,0.24,insn per cycle,ok
1555.562552,nan,,,,nan,nan,4.41,stalled cycles per insn,unknown
1555.562552,7504753.0,,cycles:u,cycles,8077356.0,38.0,nan,,ok
1555.562552,186705.0,,branches:u,branches,10664472.0,50.0,nan,,ok
1555.562552,15321.0,,branch-misses:u,branch-misses,12461689.0,58.0,8.21,of all branches,ok
1555.562552,379180.0,,L1-dcache-loads:u,l1-dcache-loads,11779684.0,55.0,nan,,ok
1555.562552,67063.0,,cache-references:u,cache-references,12907438.0,61.0,nan,,ok
1555.562552,16693.0,,cache-misses:u,cache-misses,13251356.0,66.0,24.89,of all cache refs,ok
1555.562552,8004517.0,,stalled-cycles-frontend:u,stalled-cycles-frontend,5917342.0,28.0,106.66,frontend cycles idle,ok
1597.538314,1226864.0,,instructions:u,instructions,4756063.0,32.0,0.09,insn per cycle,ok
1597.538314,nan,,,,nan,nan,7.44,stalled cycles per insn,unknown
1597.538314,14213570.0,,cycles:u,cycles,6890505.0,44.0,nan,,ok
1597.538314,371802.0,,branches:u,branches,10629664.0,61.0,nan,,ok
1597.538314,22547.0,,branch-misses:u,branch-misses,12982100.0,71.0,6.06,of all branches,ok
1597.538314,776128.0,,L1-dcache-loads:u,l1-dcache-loads,12944076.0,69.0,nan,,ok
1597.538314,85666.0,,cache-references:u,cache-references,13719587.0,74.0,nan,,ok
1597.538314,16398.0,,cache-misses:u,cache-misses,11559864.0,62.0,19.14,of all cache refs,ok
1597.538314,9127940.0,,stalled-cycles-frontend:u,stalled-cycles-frontend,2759257.0,15.0,64.22,frontend cycles idle,ok
1611.5187740000001,90096.0,,instructions:u,instructions,3001815.0,62.0,0.03,insn per cycle,ok
1611.5187740000001,nan,,,,nan,nan,31.55,stalled cycles per insn,unknown
1611.5187740000001,3219113.0,,cycles:u,cycles,2997192.0,62.0,nan,,ok
1611.5187740000001,42639.0,,branches:u,branches,3596642.0,75.0,nan,,ok
1611.5187740000001,2581.0,,branch-misses:u,branch-misses,3596642.0,75.0,6.05,of all branches,ok
1611.5187740000001,133625.0,,L1-dcache-loads:u,l1-dcache-loads,2598038.0,54.0,nan,,ok
1611.5187740000001,12178.0,,cache-references:u,cache-references,1778550.0,37.0,nan,,ok
1611.5187740000001,3415.0,,cache-misses:u,cache-misses,1783173.0,37.0,28.04,of all cache refs,ok
1611.5187740000001,2842160.0,,stalled-cycles-frontend:u,stalled-cycles-frontend,2000742.0,41.0,88.29,frontend cycles idle,ok
1641.537324,1121962.0,,instructions:u,instructions,5875516.0,62.0,0.14,insn per cycle,ok
1641.537324,nan,,,,nan,nan,7.25,stalled cycles per insn,unknown
1641.537324,8103110.0,,cycles:u,cycles,5382588.0,51.0,nan,,ok
1641.537324,202419.0,,branches:u,branches,6400739.0,58.0,nan,,ok
1641.537324,10297.0,,branch-misses:u,branch-misses,7400305.0,67.0,5.09,of all branches,ok
1641.537324,227069.0,,L1-dcache-loads:u,l1-dcache-loads,6148472.0,55.0,nan,,ok
1641.537324,15667.0,,cache-references:u,cache-references,5145740.0,46.0,nan,,ok
1641.537324,9987.0,,cache-misses:u,cache-misses,5638668.0,51.0,63.75,of all cache refs,ok
1641.537324,8135037.0,,stalled-cycles-frontend:u,stalled-cycles-frontend,3874329.0,37.0,100.39,frontend cycles idle,ok
1684.7477660000002,751072.0,,instructions:u,instructions,3998090.0,36.0,0.12,insn per cycle,ok
1684.7477660000002,nan,,,,nan,nan,3.2,stalled cycles per insn,unknown
1684.7477660000002,6394826.0,,cycles:u,cycles,5245149.0,43.0,nan,,ok
1684.7477660000002,297392.0,,branches:u,branches,7720470.0,61.0,nan,,ok
1684.7477660000002,14861.0,,branch-misses:u,branch-misses,9981494.0,79.0,5.0,of all branches,ok
1684.7477660000002,457059.0,,L1-dcache-loads:u,l1-dcache-loads,9984630.0,79.0,nan,,ok
1684.7477660000002,60254.0,,cache-references:u,cache-references,8532984.0,68.0,nan,,ok
1684.7477660000002,9519.0,,cache-misses:u,cache-misses,7285925.0,58.0,15.8,of all cache refs,ok
1684.7477660000002,2405745.0,,stalled-cycles-frontend:u,stalled-cycles-frontend,1999260.0,16.0,37.62,frontend cycles idle,ok
1733.543206,217148.0,,instructions:u,instructions,4213482.0,39.0,0.05,insn per cycle,ok
1733.543206,nan,,,,nan,nan,3.97,stalled cycles per insn,unknown
1733.543206,4138493.0,,cycles:u,cycles,4212946.0,39.0,nan,,ok
1733.543206,110338.0,,branches:u,branches,5212771.0,48.0,nan,,ok
1733.543206,8848.0,,branch-misses:u,branch-misses,7211266.0,67.0,8.02,of all branches,ok
1733.543206,276088.0,,L1-dcache-loads:u,l1-dcache-loads,6445118.0,60.0,nan,,ok
1733.543206,50514.0,,cache-references:u,cache-references,6444348.0,60.0,nan,,ok
1733.543206,6226.0,,cache-misses:u,cache-misses,6444884.0,60.0,12.33,of all cache refs,ok
1733.543206,862179.0,,stalled-cycles-frontend:u,stalled-cycles-frontend,3211568.0,30.0,20.83,frontend cycles idle,ok
1763.5293000000001,21952.0,,instructions:u,instructions,2092072.0,51.0,nan,,ok
1763.5293000000001,nan,,,,nan,nan,50.16,stalled cycles per insn,unknown
1763.5293000000001,0.0,,cycles:u,cycles,26265.0,0.0,nan,,ok
1763.5293000000001,0.0,,branches:u,branches,26265.0,0.0,nan,,ok
1763.5293000000001,1020.0,,branch-misses:u,branch-misses,784125.0,16.0,nan,,ok
1763.5293000000001,67714.0,,L1-dcache-loads:u,l1-dcache-loads,2728726.0,46.0,nan,,ok
1763.5293000000001,31591.0,,cache-references:u,cache-references,4402040.0,67.0,nan,,ok
1763.5293000000001,5779.0,,cache-misses:u,cache-misses,6467847.0,99.0,18.29,of all cache refs,ok
1763.5293000000001,1101143.0,,stalled-cycles-frontend:u,stalled-cycles-frontend,2092072.0,35.0,nan,,ok
1781.582029,235875.0,,instructions:u,instructions,1997411.0,63.0,0.14,insn per cycle,ok
1781.582029,nan,,,,nan,nan,12.66,stalled cycles per insn,unknown
1781.582029,1685466.0,,cycles:u,cycles,2997377.0,95.0,nan,,ok
1781.582029,33960.0,,branches:u,branches,3140898.0,100.0,nan,,ok
1781.582029,2196.0,,branch-misses:u,branch-misses,3140898.0,100.0,6.47,of all branches,ok
1781.582029,105508.0,,L1-dcache-loads:u,l1-dcache-loads,2144927.0,68.0,nan,,ok
1781.582029,0.0,,cache-references:u,cache-references,1143487.0,36.0,nan,,ok
1781.582029,0.0,,cache-misses:u,cache-misses,143521.0,4.0,nan,,ok
1781.582029,2985671.0,,stalled-cycles-frontend:u,stalled-cycles-frontend,995971.0,31.0,177.14,frontend cycles idle,ok
1841.542414,1058363.0,,instructions:u,instructions,4790456.0,48.0,0.13,insn per cycle,ok
1841.542414,nan,,,,nan,nan,4.56,stalled cycles per insn,unknown
1841.542414,8386568.0,,cycles:u,cycles,3859984.0,39.0,nan,,ok
1841.542414,224701.0,,branches:u,branches,4841341.0,49.0,nan,,ok
1841.542414,13693.0,,branch-misses:u,branch-misses,5841521.0,59.0,6.09,of all branches,ok
1841.542414,372017.0,,L1-dcache-loads:u,l1-dcache-loads,5081214.0,55.0,nan,,ok
1841.542414,26660.0,,cache-references:u,cache-references,5084683.0,62.0,nan,,ok
1841.542414,7220.0,,cache-misses:u,cache-misses,6015155.0,65.0,27.08,of all cache refs,ok
1841.542414,4825821.0,,stalled-cycles-frontend:u,stalled-cycles-frontend,3791868.0,38.0,57.54,frontend cycles idle,ok
1865.572137,58934.0,,instructions:u,instructions,993974.0,24.0,0.03,insn per cycle,ok
1865.572137,2298663.0,,cycles:u,cycles,1996562.0,49.0,nan,,ok
1865.572137,49077.0,,branches:u,branches,2989519.0,74.0,nan,,ok
1865.572137,2551.0,,branch-misses:u,branch-misses,3988201.0,99.0,5.2,of all branches,ok
1865.572137,95919.0,,L1-dcache-loads:u,l1-dcache-loads,4024159.0,100.0,nan,,ok
1865.572137,11703.0,,cache-references:u,cache-references,3030185.0,75.0,nan,,ok
1865.572137,1103.0,,cache-misses:u,cache-misses,2027597.0,50.0,9.42,of all cache refs,ok
1865.572137,nan,,stalled-cycles-frontend:u,stalled-cycles-frontend,0.0,0.0,nan,,ok
1899.525278,nan,,instructions:u,instructions,0.0,0.0,nan,,ok
1899.525278,nan,,cycles:u,cycles,0.0,0.0,nan,,ok
1899.525278,nan,,branches:u,branches,0.0,0.0,nan,,ok
1899.525278,nan,,branch-misses:u,branch-misses,0.0,0.0,nan,,ok
1899.525278,0.0,,L1-dcache-loads:u,l1-dcache-loads,995570.0,74.0,nan,,ok
1899.525278,0.0,,cache-references:u,cache-references,1339603.0,100.0,nan,,ok
1899.525278,0.0,,cache-misses:u,cache-misses,1339603.0,100.0,nan,,ok
1899.525278,nan,,stalled-cycles-frontend:u,stalled-cycles-frontend,0.0,0.0,nan,,ok
1921.549342,328234.0,,instructions:u,instructions,3000505.0,80.0,0.17,insn per cycle,ok
1921.549342,nan,,,,nan,nan,2.98,stalled cycles per insn,unknown
1921.549342,1909171.0,,cycles:u,cycles,2034556.0,54.0,nan,,ok
1921.549342,66209.0,,branches:u,branches,2034556.0,54.0,nan,,ok
1921.549342,5533.0,,branch-misses:u,branch-misses,2034556.0,54.0,8.36,of all branches,ok
1921.549342,311327.0,,L1-dcache-loads:u,l1-dcache-loads,1031459.0,27.0,nan,,ok
1921.549342,750.0,,cache-references:u,cache-references,730996.0,19.0,nan,,ok
1921.549342,1926.0,,cache-misses:u,cache-misses,1696945.0,45.0,256.8,of all cache refs,ok
1921.549342,976826.0,,stalled-cycles-frontend:u,stalled-cycles-frontend,2001963.0,53.0,51.16,frontend cycles idle,ok
1937.597672,nan,,instructions:u,instructions,0.0,0.0,nan,,ok
1937.597672,2225210.0,,cycles:u,cycles,1531323.0,43.0,nan,,ok
1937.597672,146142.0,,branches:u,branches,4216534.0,91.0,nan,,ok
1937.597672,8122.0,,branch-misses:u,branch-misses,5671184.0,100.0,5.56,of all branches,ok
1937.597672,307118.0,,L1-dcache-loads:u,l1-dcache-loads,6729737.0,100.0,nan,,ok
1937.597672,37126.0,,cache-references:u,cache-references,7661126.0,100.0,nan,,ok
1937.597672,7588.0,,cache-misses:u,cache-misses,6191406.0,80.0,20.44,of all cache refs,ok
1937.597672,nan,,stalled-cycles-frontend:u,stalled-cycles-frontend,0.0,0.0,nan,,ok
1954.537567,nan,,instructions:u,instructions,0.0,0.0,nan,,ok
1954.537567,nan,,cycles:u,cycles,0.0,0.0,nan,,ok
1954.537567,nan,,branches:u,branches,0.0,0.0,nan,,ok
1954.537567,0.0,,branch-misses:u,branch-misses,547089.0,55.0,nan,,ok
1954.537567,1165.0,,L1-dcache-loads:u,l1-dcache-loads,932006.0,100.0,nan,,ok
1954.537567,734.0,,cache-references:u,cache-references,885139.0,100.0,nan,,ok
1954.537567,150.0,,cache-misses:u,cache-misses,823536.0,100.0,20.44,of all cache refs,ok
1954.537567,nan,,stalled-cycles-frontend:u,stalled-cycles-frontend,0.0,0.0,nan,,ok
1970.594745,60495.0,,instructions:u,instructions,1052086.0,26.0,nan,,ok
1970.594745,nan,,,,nan,nan,13.18,stalled cycles per insn,unknown
1970.594745,0.0,,cycles:u,cycles,49998.0,1.0,nan,,ok
1970.594745,0.0,,branches:u,branches,49998.0,1.0,nan,,ok
1970.594745,156.0,,branch-misses:u,branch-misses,1028951.0,25.0,nan,,ok
1970.594745,29575.0,,L1-dcache-loads:u,l1-dcache-loads,1977759.0,49.0,nan,,ok
1970.594745,10460.0,,cache-references:u,cache-references,2973650.0,73.0,nan,,ok
1970.594745,2138.0,,cache-misses:u,cache-misses,3975738.0,98.0,20.44,of all cache refs,ok
1970.594745,797600.0,,stalled-cycles-frontend:u,stalled-cycles-frontend,1052086.0,26.0,nan,,ok
1984.572659,nan,,instructions:u,instructions,0.0,100.0,nan,,ok
1984.572659,nan,,cycles:u,cycles,0.0,100.0,nan,,ok
1984.572659,nan,,branches:u,branches,0.0,100.0,nan,,ok
1984.572659,nan,,branch-misses:u,branch-misses,0.0,100.0,nan,,ok
1984.572659,nan,,L1-dcache-loads:u,l1-dcache-loads,0.0,100.0,nan,,ok
1984.572659,nan,,cache-references:u,cache-references,0.0,100.0,nan,,ok
1984.572659,nan,,cache-misses:u,cache-misses,0.0,100.0,nan,,ok
1984.572659,nan,,stalled-cycles-frontend:u,stalled-cycles-frontend,0.0,100.0,nan,,ok
2003.5348740000002,111271.0,,instructions:u,instructions,1992142.0,82.0,0.15,insn per cycle,ok
2003.5348740000002,nan,,,,nan,nan,6.22,stalled cycles per insn,unknown
2003.5348740000002,741230.0,,cycles:u,cycles,2405444.0,100.0,nan,,ok
2003.5348740000002,21283.0,,branches:u,branches,2405444.0,100.0,nan,,ok
2003.5348740000002,1261.0,,branch-misses:u,branch-misses,2405444.0,100.0,5.92,of all branches,ok
2003.5348740000002,0.0,,L1-dcache-loads:u,l1-dcache-loads,1413750.0,58.0,nan,,ok
2003.5348740000002,0.0,,cache-references:u,cache-references,413302.0,17.0,nan,,ok
2003.5348740000002,nan,,cache-misses:u,cache-misses,0.0,0.0,nan,,ok
2003.5348740000002,691882.0,,stalled-cycles-frontend:u,stalled-cycles-frontend,991694.0,41.0,93.34,frontend cycles idle,ok
2017.6212260000002,nan,,instructions:u,instructions,0.0,100.0,nan,,ok
2017.6212260000002,nan,,cycles:u,cycles,0.0,100.0,nan,,ok
2017.6212260000002,nan,,branches:u,branches,0.0,100.0,nan,,ok
2017.6212260000002,nan,,branch-misses:u,branch-misses,0.0,100.0,nan,,ok
2017.6212260000002,nan,,L1-dcache-loads:u,l1-dcache-loads,0.0,100.0,nan,,ok
2017.6212260000002,nan,,cache-references:u,cache-references,0.0,100.0,nan,,ok
2017.6212260000002,nan,,cache-misses:u,cache-misses,0.0,100.0,nan,,ok
2017.6212260000002,nan,,stalled-cycles-frontend:u,stalled-cycles-frontend,0.0,100.0,nan,,ok
2031.515663,nan,,instructions:u,instructions,0.0,0.0,nan,,ok
2031.515663,323177.0,,cycles:u,cycles,780278.0,41.0,nan,,ok
2031.515663,35202.0,,branches:u,branches,1779241.0,94.0,nan,,ok
2031.515663,2845.0,,branch-misses:u,branch-misses,1902172.0,100.0,8.08,of all branches,ok
2031.515663,63742.0,,L1-dcache-loads:u,l1-dcache-loads,1919768.0,100.0,nan,,ok
2031.515663,7302.0,,cache-references:u,cache-references,1939137.0,100.0,nan,,ok
2031.515663,3104.0,,cache-misses:u,cache-misses,1173858.0,60.0,42.51,of all cache refs,ok
2031.515663,nan,,stalled-cycles-frontend:u,stalled-cycles-frontend,0.0,0.0,nan,,ok
2045.537815,nan,,instructions:u,instructions,0.0,0.0,nan,,ok
2045.537815,nan,,cycles:u,cycles,0.0,0.0,nan,,ok
2045.537815,nan,,branches:u,branches,0.0,0.0,nan,,ok
2045.537815,3963.0,,branch-misses:u,branch-misses,877099.0,46.0,nan,,ok
2045.537815,88311.0,,L1-dcache-loads:u,l1-dcache-loads,1861501.0,98.0,nan,,ok
2045.537815,12729.0,,cache-references:u,cache-references,1865796.0,100.0,nan,,ok
2045.537815,1638.0,,cache-misses:u,cache-misses,1850797.0,100.0,12.87,of all cache refs,ok
2045.537815,nan,,stalled-cycles-frontend:u,stalled-cycles-frontend,0.0,0.0,nan,,ok
2063.528769,8822.0,,instructions:u,instructions,1126271.0,53.0,nan,,ok
2063.528769,nan,,,,nan,nan,51.15,stalled cycles per insn,unknown
2063.528769,0.0,,cycles:u,cycles,159195.0,7.0,nan,,ok
2063.528769,0.0,,branches:u,branches,181771.0,8.0,nan,,ok
2063.528769,0.0,,branch-misses:u,branch-misses,212076.0,9.0,nan,,ok
2063.528769,nan,,L1-dcache-loads:u,l1-dcache-loads,0.0,0.0,nan,,ok
2063.528769,3917.0,,cache-references:u,cache-references,982873.0,44.0,nan,,ok
2063.528769,1616.0,,cache-misses:u,cache-misses,1983622.0,88.0,41.26,of all cache refs,ok
2063.528769,451286.0,,stalled-cycles-frontend:u,stalled-cycles-frontend,1283786.0,56.0,nan,,ok
2077.533433,0.0,,instructions:u,instructions,1153642.0,100.0,nan,,ok
2077.533433,0.0,,cycles:u,cycles,1119969.0,100.0,nan,,ok
2077.533433,0.0,,branches:u,branches,1097393.0,100.0,nan,,ok
2077.533433,0.0,,branch-misses:u,branch-misses,1067088.0,100.0,nan,,ok
2077.533433,0.0,,L1-dcache-loads:u,l1-dcache-loads,270521.0,25.0,nan,,ok
2077.533433,nan,,cache-references:u,cache-references,0.0,0.0,nan,,ok
2077.533433,nan,,cache-misses:u,cache-misses,0.0,0.0,nan,,ok
2077.533433,0.0,,stalled-cycles-frontend:u,stalled-cycles-frontend,725606.0,72.0,nan,,ok
2090.516758,444113.0,,instructions:u,instructions,2480689.0,67.0,1.48,insn per cycle,ok
2090.516758,nan,,,,nan,nan,2.68,stalled cycles per insn,unknown
2090.516758,300556.0,,cycles:u,cycles,1474231.0,40.0,nan,,ok
2090.516758,381.0,,branches:u,branches,1474231.0,40.0,nan,,ok
2090.516758,118.0,,branch-misses:u,branch-misses,1474231.0,40.0,30.97,of all branches,ok
2090.516758,845.0,,L1-dcache-loads:u,l1-dcache-loads,609192.0,16.0,nan,,ok
2090.516758,24690.0,,cache-references:u,cache-references,1171376.0,36.0,nan,,ok
2090.516758,6491.0,,cache-misses:u,cache-misses,2177834.0,67.0,26.29,of all cache refs,ok
2090.516758,1190606.0,,stalled-cycles-frontend:u,stalled-cycles-frontend,2042463.0,63.0,396.13,frontend cycles idle,ok
2103.525018,nan,,instructions:u,instructions,0.0,100.0,nan,,ok
2103.525018,nan,,cycles:u,cycles,0.0,100.0,nan,,ok
2103.525018,nan,,branches:u,branches,0.0,100.0,nan,,ok
2103.525018,nan,,branch-misses:u,branch-misses,0.0,100.0,nan,,ok
2103.525018,nan,,L1-dcache-loads:u,l1-dcache-loads,0.0,100.0,nan,,ok
2103.525018,nan,,cache-references:u,cache-references,0.0,100.0,nan,,ok
2103.525018,nan,,cache-misses:u,cache-misses,0.0,100.0,nan,,ok
2103.525018,nan,,stalled-cycles-frontend:u,stalled-cycles-frontend,0.0,100.0,nan,,ok
2117.578763,95356.0,,instructions:u,instructions,2980328.0,59.0,0.03,insn per cycle,ok
2117.578763,nan,,,,nan,nan,14.62,stalled cycles per insn,unknown
2117.578763,2899790.0,,cycles:u,cycles,3000692.0,59.0,nan,,ok
2117.578763,46091.0,,branches:u,branches,4000821.0,79.0,nan,,ok
2117.578763,3120.0,,branch-misses:u,branch-misses,4042250.0,80.0,6.77,of all branches,ok
2117.578763,142291.0,,L1-dcache-loads:u,l1-dcache-loads,3045338.0,60.0,nan,,ok
2117.578763,11986.0,,cache-references:u,cache-references,2045295.0,40.0,nan,,ok
2117.578763,344.0,,cache-misses:u,cache-misses,2024931.0,40.0,2.87,of all cache refs,ok
2117.578763,1393947.0,,stalled-cycles-frontend:u,stalled-cycles-frontend,1980285.0,39.0,48.07,frontend cycles idle,ok
2133.520239,nan,,instructions:u,instructions,0.0,100.0,nan,,ok
2133.520239,nan,,cycles:u,cycles,0.0,100.0,nan,,ok
2133.520239,nan,,branches:u,branches,0.0,100.0,nan,,ok
2133.520239,nan,,branch-misses:u,branch-misses,0.0,100.0,nan,,ok
2133.520239,nan,,L1-dcache-loads:u,l1-dcache-loads,0.0,100.0,nan,,ok
2133.520239,nan,,cache-references:u,cache-references,0.0,100.0,nan,,ok
2133.520239,nan,,cache-misses:u,cache-misses,0.0,100.0,nan,,ok
2133.520239,nan,,stalled-cycles-frontend:u,stalled-cycles-frontend,0.0,100.0,nan,,ok
2155.558649,698001.0,,instructions:u,instructions,3001582.0,43.0,0.19,insn per cycle,ok
2155.558649,nan,,,,nan,nan,2.99,stalled cycles per insn,unknown
2155.558649,3590437.0,,cycles:u,cycles,2470837.0,35.0,nan,,ok
2155.558649,114864.0,,branches:u,branches,2470837.0,35.0,nan,,ok
2155.558649,5979.0,,branch-misses:u,branch-misses,3463361.0,50.0,5.21,of all branches,ok
2155.558649,93295.0,,L1-dcache-loads:u,l1-dcache-loads,3456463.0,50.0,nan,,ok
2155.558649,6143.0,,cache-references:u,cache-references,3867016.0,56.0,nan,,ok
2155.558649,3514.0,,cache-misses:u,cache-misses,4397761.0,64.0,57.2,of all cache refs,ok
2155.558649,2086312.0,,stalled-cycles-frontend:u,stalled-cycles-frontend,1998874.0,29.0,58.11,frontend cycles idle,ok
2169.529053,2756.0,,instructions:u,instructions,1671650.0,100.0,0.01,insn per cycle,ok
2169.529053,nan,,,,nan,nan,117.33,stalled cycles per insn,unknown
2169.529053,307388.0,,cycles:u,cycles,1705633.0,100.0,nan,,ok
2169.529053,647.0,,branches:u,branches,1734223.0,100.0,nan,,ok
2169.529053,176.0,,branch-misses:u,branch-misses,1772440.0,100.0,27.2,of all branches,ok
2169.529053,775.0,,L1-dcache-loads:u,l1-dcache-loads,934608.0,51.0,nan,,ok
2169.529053,3100.0,,cache-references:u,cache-references,154352.0,15.0,nan,,ok
2169.529053,nan,,cache-misses:u,cache-misses,0.0,0.0,nan,,ok
2169.529053,323354.0,,stalled-cycles-frontend:u,stalled-cycles-frontend,868198.0,82.0,105.19,frontend cycles idle,ok
2183.674943,402364.0,,instructions:u,instructions,2822294.0,34.0,0.06,insn per cycle,ok
2183.674943,nan,,,,nan,nan,0.96,stalled cycles per insn,unknown
2183.674943,6722160.0,,cycles:u,cycles,3651173.0,39.0,nan,,ok
2183.674943,262875.0,,branches:u,branches,5770434.0,56.0,nan,,ok
2183.674943,15560.0,,branch-misses:u,branch-misses,8316179.0,73.0,5.92,of all branches,ok
2183.674943,473515.0,,L1-dcache-loads:u,l1-dcache-loads,9269180.0,75.0,nan,,ok
2183.674943,70110.0,,cache-references:u,cache-references,9487239.0,77.0,nan,,ok
2183.674943,7775.0,,cache-misses:u,cache-misses,8834248.0,71.0,11.09,of all cache refs,ok
2183.674943,387683.0,,stalled-cycles-frontend:u,stalled-cycles-frontend,2002015.0,17.0,5.77,frontend cycles idle,ok
2207.543127,980736.0,,instructions:u,instructions,6579749.0,36.0,0.17,insn per cycle,ok
2207.543127,nan,,,,nan,nan,5.17,stalled cycles per insn,unknown
2207.543127,5670257.0,,cycles:u,cycles,4863943.0,26.0,nan,,ok
2207.543127,200755.0,,branches:u,branches,6766271.0,37.0,nan,,ok
2207.543127,25386.0,,branch-misses:u,branch-misses,9453811.0,52.0,12.65,of all branches,ok
2207.543127,751223.0,,L1-dcache-loads:u,l1-dcache-loads,10624272.0,58.0,nan,,ok
2207.543127,84367.0,,cache-references:u,cache-references,11334676.0,66.0,nan,,ok
2207.543127,16837.0,,cache-misses:u,cache-misses,13081404.0,81.0,19.96,of all cache refs,ok
2207.543127,5065530.0,,stalled-cycles-frontend:u,stalled-cycles-frontend,4827634.0,28.0,89.34,frontend cycles idle,ok
2230.5395529999996,583009.0,,instructions:u,instructions,8321314.0,47.0,0.09,insn per cycle,ok
2230.5395529999996,nan,,,,nan,nan,5.83,stalled cycles per insn,unknown
2230.5395529999996,6500035.0,,cycles:u,cycles,8450563.0,45.0,nan,,ok
2230.5395529999996,164783.0,,branches:u,branches,11904135.0,60.0,nan,,ok
2230.5395529999996,12036.0,,branch-misses:u,branch-misses,13119911.0,67.0,7.3,of all branches,ok
2230.5395529999996,335931.0,,L1-dcache-loads:u,l1-dcache-loads,12298562.0,62.0,nan,,ok
2230.5395529999996,77938.0,,cache-references:u,cache-references,11312762.0,57.0,nan,,ok
2230.5395529999996,15352.0,,cache-misses:u,cache-misses,11111071.0,56.0,19.7,of all cache refs,ok
2230.5395529999996,3401747.0,,stalled-cycles-frontend:u,stalled-cycles-frontend,5209675.0,27.0,52.33,frontend cycles idle,ok
2252.536032,1218398.0,,instructions:u,instructions,6580891.0,65.0,0.16,insn per cycle,ok
2252.536032,nan,,,,nan,nan,6.77,stalled cycles per insn,unknown
2252.536032,7733282.0,,cycles:u,cycles,6589533.0,60.0,nan,,ok
2252.536032,262499.0,,branches:u,branches,7589826.0,63.0,nan,,ok
2252.536032,12630.0,,branch-misses:u,branch-misses,9056777.0,71.0,4.81,of all branches,ok
2252.536032,181941.0,,L1-dcache-loads:u,l1-dcache-loads,7005595.0,55.0,nan,,ok
2252.536032,27008.0,,cache-references:u,cache-references,5984983.0,47.0,nan,,ok
2252.536032,10490.0,,cache-misses:u,cache-misses,5962342.0,47.0,38.84,of all cache refs,ok
2252.536032,8245983.0,,stalled-cycles-frontend:u,stalled-cycles-frontend,4577296.0,38.0,106.63,frontend cycles idle,ok
2283.560191,1308200.0,,instructions:u,instructions,6806724.0,35.0,0.22,insn per cycle,ok
2283.560191,nan,,,,nan,nan,4.26,stalled cycles per insn,unknown
2283.560191,6000788.0,,cycles:u,cycles,7706572.0,40.0,nan,,ok
2283.560191,168508.0,,branches:u,branches,9988271.0,52.0,nan,,ok
2283.560191,16668.0,,branch-misses:u,branch-misses,12015065.0,62.0,9.89,of all branches,ok
2283.560191,479153.0,,L1-dcache-loads:u,l1-dcache-loads,12043756.0,62.0,nan,,ok
2283.560191,61927.0,,cache-references:u,cache-references,12351276.0,67.0,nan,,ok
2283.560191,16081.0,,cache-misses:u,cache-misses,11477232.0,66.0,25.97,of all cache refs,ok
2283.560191,5577114.0,,stalled-cycles-frontend:u,stalled-cycles-frontend,4016262.0,21.0,92.94,frontend cycles idle,ok
2298.530445,343644.0,,instructions:u,instructions,5006165.0,36.0,0.05,insn per cycle,ok
2298.530445,nan,,,,nan,nan,9.91,stalled cycles per insn,unknown
2298.530445,7049419.0,,cycles:u,cycles,3358825.0,24.0,nan,,ok
2298.530445,100935.0,,branches:u,branches,5055839.0,36.0,nan,,ok
2298.530445,7780.0,,branch-misses:u,branch-misses,7026097.0,51.0,7.71,of all branches,ok
2298.530445,263614.0,,L1-dcache-loads:u,l1-dcache-loads,7661436.0,57.0,nan,,ok
2298.530445,55294.0,,cache-references:u,cache-references,8652996.0,70.0,nan,,ok
2298.530445,9761.0,,cache-misses:u,cache-misses,10292593.0,77.0,17.65,of all cache refs,ok
2298.530445,3406876.0,,stalled-cycles-frontend:u,stalled-cycles-frontend,4003634.0,29.0,48.33,frontend cycles idle,ok
2324.545292,1275826.0,,instructions:u,instructions,8869555.0,48.0,0.13,insn per cycle,ok
2324.545292,nan,,,,nan,nan,7.18,stalled cycles per insn,unknown
2324.545292,9566186.0,,cycles:u,cycles,9702684.0,49.0,nan,,ok
2324.545292,294813.0,,branches:u,branches,12794125.0,62.0,nan,,ok
2324.545292,17444.0,,branch-misses:u,branch-misses,15047802.0,70.0,5.92,of all branches,ok
2324.545292,416785.0,,L1-dcache-loads:u,l1-dcache-loads,14200660.0,64.0,nan,,ok
2324.545292,68274.0,,cache-references:u,cache-references,13203771.0,59.0,nan,,ok
2324.545292,16387.0,,cache-misses:u,cache-misses,12385190.0,56.0,24.0,of all cache refs,ok
2324.545292,9163843.0,,stalled-cycles-frontend:u,stalled-cycles-frontend,5863619.0,27.0,95.79,frontend cycles idle,ok
2351.627837,738851.0,,instructions:u,instructions,2624108.0,21.0,0.06,insn per cycle,ok
2351.627837,nan,,,,nan,nan,3.4,stalled cycles per insn,unknown
2351.627837,13281662.0,,cycles:u,cycles,3344942.0,27.0,nan,,ok
2351.627837,294494.0,,branches:u,branches,5334872.0,44.0,nan,,ok
2351.627837,13456.0,,branch-misses:u,branch-misses,7687636.0,63.0,4.57,of all branches,ok
2351.627837,407460.0,,L1-dcache-loads:u,l1-dcache-loads,8864678.0,78.0,nan,,ok
2351.627837,42229.0,,cache-references:u,cache-references,9390126.0,91.0,nan,,ok
2351.627837,4841.0,,cache-misses:u,cache-misses,8671407.0,77.0,11.46,of all cache refs,ok
2351.627837,2515190.0,,stalled-cycles-frontend:u,stalled-cycles-frontend,1780829.0,14.0,18.94,frontend cycles idle,ok
2374.521545,191620.0,,instructions:u,instructions,3343201.0,41.0,0.05,insn per cycle,ok
2374.521545,nan,,,,nan,nan,1.28,stalled cycles per insn,unknown
2374.521545,3985352.0,,cycles:u,cycles,3351020.0,41.0,nan,,ok
2374.521545,82391.0,,branches:u,branches,4344634.0,53.0,nan,,ok
2374.521545,7978.0,,branch-misses:u,branch-misses,5345481.0,65.0,9.68,of all branches,ok
2374.521545,213079.0,,L1-dcache-loads:u,l1-dcache-loads,4997371.0,61.0,nan,,ok
2374.521545,27600.0,,cache-references:u,cache-references,4754820.0,58.0,nan,,ok
2374.521545,2308.0,,cache-misses:u,cache-misses,4736139.0,58.0,8.36,of all cache refs,ok
2374.521545,245990.0,,stalled-cycles-frontend:u,stalled-cycles-frontend,2346721.0,29.0,6.17,frontend cycles idle,ok
2392.52081,8703.0,,instructions:u,instructions,3285595.0,50.0,nan,,ok
2392.52081,nan,,,,nan,nan,85.33,stalled cycles per insn,unknown
2392.52081,0.0,,cycles:u,cycles,1683182.0,25.0,nan,,ok
2392.52081,0.0,,branches:u,branches,1683182.0,25.0,nan,,ok
2392.52081,1299.0,,branch-misses:u,branch-misses,2402862.0,37.0,nan,,ok
2392.52081,599819.0,,L1-dcache-loads:u,l1-dcache-loads,2400237.0,37.0,nan,,ok
2392.52081,48087.0,,cache-references:u,cache-references,3154891.0,54.0,nan,,ok
2392.52081,5112.0,,cache-misses:u,cache-misses,4733442.0,100.0,10.63,of all cache refs,ok
2392.52081,742646.0,,stalled-cycles-frontend:u,stalled-cycles-frontend,2604778.0,45.0,nan,,ok
2418.540114,317075.0,,instructions:u,instructions,2997407.0,48.0,0.2,insn per cycle,ok
2418.540114,nan,,,,nan,nan,9.16,stalled cycles per insn,unknown
2418.540114,1569937.0,,cycles:u,cycles,3004399.0,48.0,nan,,ok
2418.540114,40471.0,,branches:u,branches,4073551.0,65.0,nan,,ok
2418.540114,2413.0,,branch-misses:u,branch-misses,4242078.0,68.0,5.96,of all branches,ok
2418.540114,16647.0,,L1-dcache-loads:u,l1-dcache-loads,3259678.0,52.0,nan,,ok
2418.540114,5128.0,,cache-references:u,cache-references,3268560.0,52.0,nan,,ok
2418.540114,3607.0,,cache-misses:u,cache-misses,3286973.0,52.0,70.34,of all cache refs,ok
2418.540114,2904744.0,,stalled-cycles-frontend:u,stalled-cycles-frontend,2000883.0,31.0,185.02,frontend cycles idle,ok
2441.552905,nan,,instructions:u,instructions,0.0,0.0,nan,,ok
2441.552905,nan,,cycles:u,cycles,0.0,0.0,nan,,ok
2441.552905,nan,,branches:u,branches,0.0,0.0,nan,,ok
2441.552905,2215.0,,branch-misses:u,branch-misses,2073679.0,62.0,nan,,ok
2441.552905,23835.0,,L1-dcache-loads:u,l1-dcache-loads,3049028.0,91.0,nan,,ok
2441.552905,4631.0,,cache-references:u,cache-references,3347029.0,100.0,nan,,ok
2441.552905,1455.0,,cache-misses:u,cache-misses,3360201.0,100.0,31.42,of all cache refs,ok
2441.552905,nan,,stalled-cycles-frontend:u,stalled-cycles-frontend,0.0,0.0,nan,,ok
2484.532063,1491035.0,,instructions:u,instructions,6953178.0,49.0,0.13,insn per cycle,ok
2484.532063,nan,,,,nan,nan,5.25,stalled cycles per insn,unknown
2484.532063,11368795.0,,cycles:u,cycles,8086039.0,54.0,nan,,ok
2484.532063,250023.0,,branches:u,branches,9080583.0,61.0,nan,,ok
2484.532063,13592.0,,branch-misses:u,branch-misses,10084739.0,68.0,5.44,of all branches,ok
2484.532063,507604.0,,L1-dcache-loads:u,l1-dcache-loads,9083615.0,61.0,nan,,ok
2484.532063,34414.0,,cache-references:u,cache-references,7766309.0,52.0,nan,,ok
2484.532063,10010.0,,cache-misses:u,cache-misses,6594871.0,48.0,29.09,of all cache refs,ok
2484.532063,7834664.0,,stalled-cycles-frontend:u,stalled-cycles-frontend,3958148.0,31.0,68.91,frontend cycles idle,ok
2498.518319,144321.0,,instructions:u,instructions,5332440.0,51.0,0.04,insn per cycle,ok
2498.518319,nan,,,,nan,nan,12.27,stalled cycles per insn,unknown
2498.518319,3829103.0,,cycles:u,cycles,4142834.0,40.0,nan,,ok
2498.518319,74551.0,,branches:u,branches,5160424.0,49.0,nan,,ok
2498.518319,6499.0,,branch-misses:u,branch-misses,6173556.0,59.0,8.72,of all branches,ok
2498.518319,255443.0,,L1-dcache-loads:u,l1-dcache-loads,5165406.0,49.0,nan,,ok
2498.518319,39079.0,,cache-references:u,cache-references,4995884.0,48.0,nan,,ok
2498.518319,3896.0,,cache-misses:u,cache-misses,6213503.0,59.0,9.97,of all cache refs,ok
2498.518319,1770210.0,,stalled-cycles-frontend:u,stalled-cycles-frontend,4220560.0,41.0,46.23,frontend cycles idle,ok
2520.631876,493194.0,,instructions:u,instructions,1360404.0,18.0,nan,,ok
2520.631876,nan,,,,nan,nan,0.87,stalled cycles per insn,unknown
2520.631876,0.0,,cycles:u,cycles,423830.0,5.0,nan,,ok
2520.631876,58494.0,,branches:u,branches,1476252.0,20.0,nan,,ok
2520.631876,13461.0,,branch-misses:u,branch-misses,2514003.0,34.0,23.01,of all branches,ok
2520.631876,413000.0,,L1-dcache-loads:u,l1-dcache-loads,4482992.0,60.0,nan,,ok
2520.631876,42255.0,,cache-references:u,cache-references,5852343.0,79.0,nan,,ok
2520.631876,7405.0,,cache-misses:u,cache-misses,6805328.0,92.0,17.52,of all cache refs,ok
2520.631876,426752.0,,stalled-cycles-frontend:u,stalled-cycles-frontend,1569513.0,21.0,nan,,ok
2551.519616,723520.0,,instructions:u,instructions,5331705.0,38.0,0.07,insn per cycle,ok
2551.519616,nan,,,,nan,nan,11.65,stalled cycles per insn,unknown
2551.519616,11123674.0,,cycles:u,cycles,6016742.0,43.0,nan,,ok
2551.519616,254976.0,,branches:u,branches,7958373.0,63.0,nan,,ok
2551.519616,13519.0,,branch-misses:u,branch-misses,9466737.0,75.0,5.3,of all branches,ok
2551.519616,453214.0,,L1-dcache-loads:u,l1-dcache-loads,7872534.0,62.0,nan,,ok
2551.519616,50976.0,,cache-references:u,cache-references,8666103.0,64.0,nan,,ok
2551.519616,10160.0,,cache-misses:u,cache-misses,7936642.0,57.0,19.93,of all cache refs,ok
2551.519616,8431902.0,,stalled-cycles-frontend:u,stalled-cycles-frontend,3763448.0,27.0,75.8,frontend cycles idle,ok
2565.545233,473035.0,,instructions:u,instructions,1151574.0,22.0,nan,,ok
2565.545233,nan,,,,nan,nan,1.8,stalled cycles per insn,unknown
2565.545233,0.0,,cycles:u,cycles,184237.0,3.0,nan,,ok
2565.545233,466.0,,branches:u,branches,1187614.0,22.0,nan,,ok
2565.545233,624.0,,branch-misses:u,branch-misses,2207509.0,42.0,133.91,of all branches,ok
2565.545233,20576.0,,L1-dcache-loads:u,l1-dcache-loads,2970872.0,56.0,nan,,ok
2565.545233,11108.0,,cache-references:u,cache-references,3972790.0,75.0,nan,,ok
2565.545233,2685.0,,cache-misses:u,cache-misses,4970662.0,94.0,24.17,of all cache refs,ok
2565.545233,853306.0,,stalled-cycles-frontend:u,stalled-cycles-frontend,1305634.0,24.0,nan,,ok
2596.5611590000003,900187.0,,instructions:u,instructions,7070281.0,47.0,0.36,insn per cycle,ok
2596.5611590000003,nan,,,,nan,nan,4.81,stalled cycles per insn,unknown
2596.5611590000003,2509205.0,,cycles:u,cycles,6957280.0,45.0,nan,,ok
2596.5611590000003,72462.0,,branches:u,branches,7978242.0,52.0,nan,,ok
2596.5611590000003,6667.0,,branch-misses:u,branch-misses,9209828.0,60.0,9.2,of all branches,ok
2596.5611590000003,204912.0,,L1-dcache-loads:u,l1-dcache-loads,8471631.0,55.0,nan,,ok
2596.5611590000003,52265.0,,cache-references:u,cache-references,8117335.0,53.0,nan,,ok
2596.5611590000003,12663.0,,cache-misses:u,cache-misses,8250677.0,55.0,24.23,of all cache refs,ok
2596.5611590000003,4334204.0,,stalled-cycles-frontend:u,stalled-cycles-frontend,4696031.0,33.0,172.73,frontend cycles idle,ok
2627.5635359999997,23716.0,,instructions:u,instructions,3300068.0,39.0,0.01,insn per cycle,ok
2627.5635359999997,nan,,,,nan,nan,54.53,stalled cycles per insn,unknown
2627.5635359999997,3860787.0,,cycles:u,cycles,3857868.0,46.0,nan,,ok
2627.5635359999997,21170.0,,branches:u,branches,4825196.0,58.0,nan,,ok
2627.5635359999997,3554.0,,branch-misses:u,branch-misses,5799483.0,70.0,16.79,of all branches,ok
2627.5635359999997,132998.0,,L1-dcache-loads:u,l1-dcache-loads,5799868.0,71.0,nan,,ok
2627.5635359999997,16935.0,,cache-references:u,cache-references,4993444.0,61.0,nan,,ok
2627.5635359999997,1083.0,,cache-misses:u,cache-misses,4384768.0,53.0,6.4,of all cache refs,ok
2627.5635359999997,1293156.0,,stalled-cycles-frontend:u,stalled-cycles-frontend,1370465.0,16.0,33.49,frontend cycles idle,ok
2653.517779,372188.0,,instructions:u,instructions,3479550.0,49.0,0.05,insn per cycle,ok
2653.517779,nan,,,,nan,nan,7.11,stalled cycles per insn,unknown
2653.517779,6936641.0,,cycles:u,cycles,3966596.0,49.0,nan,,ok
2653.517779,163649.0,,branches:u,branches,5360555.0,59.0,nan,,ok
2653.517779,13348.0,,branch-misses:u,branch-misses,6963461.0,69.0,8.16,of all branches,ok
2653.517779,525871.0,,L1-dcache-loads:u,l1-dcache-loads,7966630.0,72.0,nan,,ok
2653.517779,57183.0,,cache-references:u,cache-references,7868767.0,69.0,nan,,ok
2653.517779,8149.0,,cache-misses:u,cache-misses,7381721.0,65.0,14.25,of all cache refs,ok
2653.517779,2647964.0,,stalled-cycles-frontend:u,stalled-cycles-frontend,2066308.0,18.0,38.17,frontend cycles idle,ok
2670.5287700000003,188959.0,,instructions:u,instructions,3005308.0,62.0,0.65,insn per cycle,ok
2670.5287700000003,nan,,,,nan,nan,3.61,stalled cycles per insn,unknown
2670.5287700000003,292283.0,,cycles:u,cycles,2521084.0,52.0,nan,,ok
2670.5287700000003,8292.0,,branches:u,branches,2833886.0,58.0,nan,,ok
2670.5287700000003,586.0,,branch-misses:u,branch-misses,2833886.0,58.0,7.07,of all branches,ok
2670.5287700000003,0.0,,L1-dcache-loads:u,l1-dcache-loads,1833226.0,37.0,nan,,ok
2670.5287700000003,17914.0,,cache-references:u,cache-references,1823119.0,37.0,nan,,ok
2670.5287700000003,4882.0,,cache-misses:u,cache-misses,2307343.0,47.0,27.25,of all cache refs,ok
2670.5287700000003,682514.0,,stalled-cycles-frontend:u,stalled-cycles-frontend,1998600.0,41.0,233.51,frontend cycles idle,ok
2692.53703,326173.0,,instructions:u,instructions,4757395.0,58.0,0.18,insn per cycle,ok
2692.53703,nan,,,,nan,nan,4.5,stalled cycles per insn,unknown
2692.53703,1835467.0,,cycles:u,cycles,2813533.0,34.0,nan,,ok
2692.53703,94294.0,,branches:u,branches,3201580.0,39.0,nan,,ok
2692.53703,5646.0,,branch-misses:u,branch-misses,4246433.0,51.0,5.99,of all branches,ok
2692.53703,132034.0,,L1-dcache-loads:u,l1-dcache-loads,3274048.0,39.0,nan,,ok
2692.53703,22881.0,,cache-references:u,cache-references,3332695.0,41.0,nan,,ok
2692.53703,5548.0,,cache-misses:u,cache-misses,5319101.0,75.0,24.25,of all cache refs,ok
2692.53703,1468487.0,,stalled-cycles-frontend:u,stalled-cycles-frontend,3996125.0,49.0,80.01,frontend cycles idle,ok
2706.530542,187651.0,,instructions:u,instructions,3858396.0,32.0,0.02,insn per cycle,ok
2706.530542,nan,,,,nan,nan,27.07,stalled cycles per insn,unknown
2706.530542,10608871.0,,cycles:u,cycles,4813143.0,40.0,nan,,ok
2706.530542,157531.0,,branches:u,branches,6758088.0,57.0,nan,,ok
2706.530542,11275.0,,branch-misses:u,branch-misses,8564515.0,72.0,7.16,of all branches,ok
2706.530542,458824.0,,L1-dcache-loads:u,l1-dcache-loads,8523008.0,72.0,nan,,ok
2706.530542,41374.0,,cache-references:u,cache-references,8060671.0,68.0,nan,,ok
2706.530542,4870.0,,cache-misses:u,cache-misses,7063380.0,60.0,11.77,of all cache refs,ok
2706.530542,5079467.0,,stalled-cycles-frontend:u,stalled-cycles-frontend,2002635.0,17.0,47.88,frontend cycles idle,ok
2735.525875,376597.0,,instructions:u,instructions,3001019.0,47.0,0.12,insn per cycle,ok
2735.525875,nan,,,,nan,nan,5.1,stalled cycles per insn,unknown
2735.525875,3151812.0,,cycles:u,cycles,2146793.0,33.0,nan,,ok
2735.525875,79925.0,,branches:u,branches,2172301.0,33.0,nan,,ok
2735.525875,5381.0,,branch-misses:u,branch-misses,3462490.0,53.0,6.73,of all branches,ok
2735.525875,87644.0,,L1-dcache-loads:u,l1-dcache-loads,3486504.0,53.0,nan,,ok
2735.525875,20543.0,,cache-references:u,cache-references,3515625.0,53.0,nan,,ok
2735.525875,5505.0,,cache-misses:u,cache-misses,4262936.0,65.0,26.8,of all cache refs,ok
2735.525875,1920574.0,,stalled-cycles-frontend:u,stalled-cycles-frontend,2008742.0,30.0,60.94,frontend cycles idle,ok
2753.524845,806230.0,,instructions:u,instructions,3282171.0,69.0,0.18,insn per cycle,ok
2753.524845,nan,,,,nan,nan,7.98,stalled cycles per insn,unknown
2753.524845,4555791.0,,cycles:u,cycles,3422430.0,61.0,nan,,ok
2753.524845,171865.0,,branches:u,branches,4319983.0,66.0,nan,,ok
2753.524845,7962.0,,branch-misses:u,branch-misses,4291629.0,66.0,4.63,of all branches,ok
2753.524845,34114.0,,L1-dcache-loads:u,l1-dcache-loads,2818882.0,43.0,nan,,ok
2753.524845,11569.0,,cache-references:u,cache-references,3121783.0,48.0,nan,,ok
2753.524845,5573.0,,cache-misses:u,cache-misses,3088439.0,48.0,48.17,of all cache refs,ok
2753.524845,6431418.0,,stalled-cycles-frontend:u,stalled-cycles-frontend,2605592.0,47.0,141.17,frontend cycles idle,ok
2775.5524689999997,950852.0,,instructions:u,instructions,3479608.0,36.0,0.18,insn per cycle,ok
2775.5524689999997,nan,,,,nan,nan,2.53,stalled cycles per insn,unknown
2775.5524689999997,5370370.0,,cycles:u,cycles,4242903.0,44.0,nan,,ok
2775.5524689999997,137147.0,,branches:u,branches,5248165.0,54.0,nan,,ok
2775.5524689999997,10693.0,,branch-misses:u,branch-misses,6248169.0,65.0,7.8,of all branches,ok
2775.5524689999997,268168.0,,L1-dcache-loads:u,l1-dcache-loads,6248577.0,65.0,nan,,ok
2775.5524689999997,25552.0,,cache-references:u,cache-references,6092484.0,63.0,nan,,ok
2775.5524689999997,4804.0,,cache-misses:u,cache-misses,5329189.0,55.0,18.8,of all cache refs,ok
2775.5524689999997,2407118.0,,stalled-cycles-frontend:u,stalled-cycles-frontend,2002529.0,20.0,44.82,frontend cycles idle,ok
2802.528675,nan,,instructions:u,instructions,0.0,0.0,nan,,ok
2802.528675,5406084.0,,cycles:u,cycles,1965008.0,38.0,nan,,ok
2802.528675,207570.0,,branches:u,branches,3578322.0,63.0,nan,,ok
2802.528675,7363.0,,branch-misses:u,branch-misses,4577774.0,80.0,3.55,of all branches,ok
2802.528675,246129.0,,L1-dcache-loads:u,l1-dcache-loads,5672247.0,100.0,nan,,ok
2802.528675,24920.0,,cache-references:u,cache-references,5672247.0,100.0,nan,,ok
2802.528675,1762.0,,cache-misses:u,cache-misses,3707239.0,65.0,7.07,of all cache refs,ok
2802.528675,nan,,stalled-cycles-frontend:u,stalled-cycles-frontend,0.0,0.0,nan,,ok
2816.505521,34902.0,,instructions:u,instructions,1498893.0,33.0,nan,,ok
2816.505521,nan,,,,nan,nan,18.23,stalled cycles per insn,unknown
2816.505521,0.0,,cycles:u,cycles,498363.0,11.0,nan,,ok
2816.505521,0.0,,branches:u,branches,498363.0,11.0,nan,,ok
2816.505521,108.0,,branch-misses:u,branch-misses,1483040.0,33.0,nan,,ok
2816.505521,19548.0,,L1-dcache-loads:u,l1-dcache-loads,1982720.0,44.0,nan,,ok
2816.505521,9835.0,,cache-references:u,cache-references,2981323.0,66.0,nan,,ok
2816.505521,2145.0,,cache-misses:u,cache-misses,3981853.0,88.0,21.81,of all cache refs,ok
2816.505521,636209.0,,stalled-cycles-frontend:u,stalled-cycles-frontend,1498893.0,33.0,nan,,ok
2837.524845,75381.0,,instructions:u,instructions,1157391.0,21.0,0.02,insn per cycle,ok
2837.524845,nan,,,,nan,nan,14.77,stalled cycles per insn,unknown
2837.524845,3156835.0,,cycles:u,cycles,2155494.0,40.0,nan,,ok
2837.524845,42725.0,,branches:u,branches,3158253.0,59.0,nan,,ok
2837.524845,2073.0,,branch-misses:u,branch-misses,4153725.0,77.0,4.85,of all branches,ok
2837.524845,72743.0,,L1-dcache-loads:u,l1-dcache-loads,5191842.0,96.0,nan,,ok
2837.524845,4223.0,,cache-references:u,cache-references,4195108.0,78.0,nan,,ok
2837.524845,0.0,,cache-misses:u,cache-misses,3197005.0,59.0,nan,,ok
2837.524845,1113464.0,,stalled-cycles-frontend:u,stalled-cycles-frontend,160657.0,3.0,35.27,frontend cycles idle,ok
2851.5242390000003,245404.0,,instructions:u,instructions,3001611.0,52.0,0.07,insn per cycle,ok
2851.5242390000003,nan,,,,nan,nan,2.9,stalled cycles per insn,unknown
2851.5242390000003,3375116.0,,cycles:u,cycles,3001036.0,52.0,nan,,ok
2851.5242390000003,55463.0,,branches:u,branches,3594712.0,62.0,nan,,ok
2851.5242390000003,4422.0,,branch-misses:u,branch-misses,3594712.0,62.0,7.97,of all branches,ok
2851.5242390000003,126761.0,,L1-dcache-loads:u,l1-dcache-loads,2722543.0,47.0,nan,,ok
2851.5242390000003,12593.0,,cache-references:u,cache-references,2722595.0,47.0,nan,,ok
2851.5242390000003,2978.0,,cache-misses:u,cache-misses,2723170.0,47.0,23.65,of all cache refs,ok
2851.5242390000003,712072.0,,stalled-cycles-frontend:u,stalled-cycles-frontend,2003637.0,35.0,21.1,frontend cycles idle,ok
2885.526953,1149007.0,,instructions:u,instructions,4699872.0,37.0,0.09,insn per cycle,ok
2885.526953,nan,,,,nan,nan,10.65,stalled cycles per insn,unknown
2885.526953,13305695.0,,cycles:u,cycles,4705553.0,37.0,nan,,ok
2885.526953,245583.0,,branches:u,branches,6178523.0,49.0,nan,,ok
2885.526953,11504.0,,branch-misses:u,branch-misses,7351739.0,58.0,4.68,of all branches,ok
2885.526953,391648.0,,L1-dcache-loads:u,l1-dcache-loads,7046531.0,58.0,nan,,ok
2885.526953,28455.0,,cache-references:u,cache-references,7772730.0,70.0,nan,,ok
2885.526953,6285.0,,cache-misses:u,cache-misses,7767049.0,64.0,22.09,of all cache refs,ok
2885.526953,12237177.0,,stalled-cycles-frontend:u,stalled-cycles-frontend,3423888.0,27.0,91.97,frontend cycles idle,ok
2908.530223,0.0,,instructions:u,instructions,1966354.0,28.0,0.0,insn per cycle,ok
2908.530223,2000595.0,,cycles:u,cycles,1779619.0,25.0,nan,,ok
2908.530223,28477.0,,branches:u,branches,2779719.0,39.0,nan,,ok
2908.530223,2907.0,,branch-misses:u,branch-misses,3777151.0,54.0,10.21,of all branches,ok
2908.530223,168651.0,,L1-dcache-loads:u,l1-dcache-loads,3989909.0,57.0,nan,,ok
2908.530223,19084.0,,cache-references:u,cache-references,4985439.0,71.0,nan,,ok
2908.530223,1854.0,,cache-misses:u,cache-misses,5172174.0,74.0,9.71,of all cache refs,ok
2908.530223,0.0,,stalled-cycles-frontend:u,stalled-cycles-frontend,1966354.0,28.0,nan,,ok
2926.537122,nan,,instructions:u,instructions,0.0,100.0,nan,,ok
2926.537122,nan,,cycles:u,cycles,0.0,100.0,nan,,ok
2926.537122,nan,,branches:u,branches,0.0,100.0,nan,,ok
2926.537122,nan,,branch-misses:u,branch-misses,0.0,100.0,nan,,ok
2926.537122,nan,,L1-dcache-loads:u,l1-dcache-loads,0.0,100.0,nan,,ok
2926.537122,nan,,cache-references:u,cache-references,0.0,100.0,nan,,ok
2926.537122,nan,,cache-misses:u,cache-misses,0.0,100.0,nan,,ok
2926.537122,nan,,stalled-cycles-frontend:u,stalled-cycles-frontend,0.0,100.0,nan,,ok
2956.552898,745321.0,,instructions:u,instructions,1989402.0,26.0,0.14,insn per cycle,ok
2956.552898,nan,,,,nan,nan,2.59,stalled cycles per insn,unknown
2956.552898,5162187.0,,cycles:u,cycles,2983425.0,39.0,nan,,ok
2956.552898,126505.0,,branches:u,branches,3987121.0,52.0,nan,,ok
2956.552898,7974.0,,branch-misses:u,branch-misses,5990234.0,79.0,6.3,of all branches,ok
2956.552898,166124.0,,L1-dcache-loads:u,l1-dcache-loads,6390869.0,84.0,nan,,ok
2956.552898,19352.0,,cache-references:u,cache-references,5623437.0,73.0,nan,,ok
2956.552898,2613.0,,cache-misses:u,cache-misses,4664504.0,60.0,13.5,of all cache refs,ok
2956.552898,1928839.0,,stalled-cycles-frontend:u,stalled-cycles-frontend,986098.0,12.0,37.36,frontend cycles idle,ok
2982.553009,857311.0,,instructions:u,instructions,2999433.0,61.0,0.26,insn per cycle,ok
2982.553009,nan,,,,nan,nan,5.58,stalled cycles per insn,unknown
2982.553009,3244409.0,,cycles:u,cycles,2506301.0,51.0,nan,,ok
2982.553009,35179.0,,branches:u,branches,2506301.0,51.0,nan,,ok
2982.553009,2197.0,,branch-misses:u,branch-misses,2506301.0,51.0,6.25,of all branches,ok
2982.553009,14963.0,,L1-dcache-loads:u,l1-dcache-loads,1893935.0,38.0,nan,,ok
2982.553009,21390.0,,cache-references:u,cache-references,2391046.0,44.0,nan,,ok
2982.553009,7244.0,,cache-misses:u,cache-misses,2849088.0,53.0,33.87,of all cache refs,ok
2982.553009,4782039.0,,stalled-cycles-frontend:u,stalled-cycles-frontend,2005548.0,40.0,147.39,frontend cycles idle,ok
3000.5359559999997,9399.0,,instructions:u,instructions,1721143.0,25.0,0.0,insn per cycle,ok
3000.5359559999997,2908036.0,,cycles:u,cycles,1986646.0,29.0,nan,,ok
3000.5359559999997,11018.0,,branches:u,branches,2987048.0,44.0,nan,,ok
3000.5359559999997,1832.0,,branch-misses:u,branch-misses,3988014.0,59.0,16.63,of all branches,ok
3000.5359559999997,129953.0,,L1-dcache-loads:u,l1-dcache-loads,4983042.0,74.0,nan,,ok
3000.5359559999997,16046.0,,cache-references:u,cache-references,5002730.0,74.0,nan,,ok
3000.5359559999997,2517.0,,cache-misses:u,cache-misses,4737227.0,70.0,15.69,of all cache refs,ok
3000.5359559999997,0.0,,stalled-cycles-frontend:u,stalled-cycles-frontend,736332.0,10.0,nan,,ok
3030.529745,184729.0,,instructions:u,instructions,2790552.0,37.0,0.07,insn per cycle,ok
3030.529745,nan,,,,nan,nan,6.45,stalled cycles per insn,unknown
3030.529745,2503234.0,,cycles:u,cycles,3002966.0,40.0,nan,,ok
3030.529745,61730.0,,branches:u,branches,4003633.0,53.0,nan,,ok
3030.529745,5013.0,,branch-misses:u,branch-misses,5002781.0,67.0,8.12,of all branches,ok
3030.529745,173269.0,,L1-dcache-loads:u,l1-dcache-loads,4997228.0,67.0,nan,,ok
3030.529745,30908.0,,cache-references:u,cache-references,4663227.0,62.0,nan,,ok
3030.529745,4910.0,,cache-misses:u,cache-misses,4450813.0,59.0,15.89,of all cache refs,ok
3030.529745,1192183.0,,stalled-cycles-frontend:u,stalled-cycles-frontend,1788838.0,23.0,47.63,frontend cycles idle,ok
3056.52176,849783.0,,instructions:u,instructions,3124148.0,49.0,0.11,insn per cycle,ok
3056.52176,nan,,,,nan,nan,10.01,stalled cycles per insn,unknown
3056.52176,7816874.0,,cycles:u,cycles,4449738.0,57.0,nan,,ok
3056.52176,154574.0,,branches:u,branches,5632983.0,71.0,nan,,ok
3056.52176,6133.0,,branch-misses:u,branch-misses,6319981.0,80.0,3.97,of all branches,ok
3056.52176,226165.0,,L1-dcache-loads:u,l1-dcache-loads,5381235.0,68.0,nan,,ok
3056.52176,21828.0,,cache-references:u,cache-references,4763770.0,60.0,nan,,ok
3056.52176,8045.0,,cache-misses:u,cache-misses,3438180.0,43.0,36.86,of all cache refs,ok
3056.52176,8509687.0,,stalled-cycles-frontend:u,stalled-cycles-frontend,1950793.0,25.0,108.86,frontend cycles idle,ok
3070.567486,nan,,instructions:u,instructions,0.0,100.0,nan,,ok
3070.567486,nan,,cycles:u,cycles,0.0,100.0,nan,,ok
3070.567486,nan,,branches:u,branches,0.0,100.0,nan,,ok
3070.567486,nan,,branch-misses:u,branch-misses,0.0,100.0,nan,,ok
3070.567486,nan,,L1-dcache-loads:u,l1-dcache-loads,0.0,100.0,nan,,ok
3070.567486,nan,,cache-references:u,cache-references,0.0,100.0,nan,,ok
3070.567486,nan,,cache-misses:u,cache-misses,0.0,100.0,nan,,ok
3070.567486,nan,,stalled-cycles-frontend:u,stalled-cycles-frontend,0.0,100.0,nan,,ok
3084.52978,0.0,,instructions:u,instructions,2578460.0,37.0,0.0,insn per cycle,ok
3084.52978,307356.0,,cycles:u,cycles,1905833.0,27.0,nan,,ok
3084.52978,5430.0,,branches:u,branches,2900310.0,42.0,nan,,ok
3084.52978,1531.0,,branch-misses:u,branch-misses,3888444.0,56.0,28.2,of all branches,ok
3084.52978,139749.0,,L1-dcache-loads:u,l1-dcache-loads,3874399.0,56.0,nan,,ok
3084.52978,23548.0,,cache-references:u,cache-references,4299753.0,62.0,nan,,ok
3084.52978,3484.0,,cache-misses:u,cache-misses,4972380.0,72.0,14.8,of all cache refs,ok
3084.52978,0.0,,stalled-cycles-frontend:u,stalled-cycles-frontend,2001557.0,29.0,nan,,ok
3114.531798,11001.0,,instructions:u,instructions,273020.0,5.0,0.0,insn per cycle,ok
3114.531798,nan,,,,nan,nan,94.09,stalled cycles per insn,unknown
3114.531798,3144011.0,,cycles:u,cycles,438506.0,9.0,nan,,ok
3114.531798,131424.0,,branches:u,branches,1439980.0,30.0,nan,,ok
3114.531798,11136.0,,branch-misses:u,branch-misses,3246877.0,58.0,8.47,of all branches,ok
3114.531798,352954.0,,L1-dcache-loads:u,l1-dcache-loads,4270796.0,76.0,nan,,ok
3114.531798,51930.0,,cache-references:u,cache-references,5282150.0,95.0,nan,,ok
3114.531798,8900.0,,cache-misses:u,cache-misses,5116664.0,92.0,17.14,of all cache refs,ok
3114.531798,1035128.0,,stalled-cycles-frontend:u,stalled-cycles-frontend,273020.0,5.0,32.92,frontend cycles idle,ok
3137.5507159999997,526261.0,,instructions:u,instructions,3191427.0,33.0,0.33,insn per cycle,ok
3137.5507159999997,nan,,,,nan,nan,7.51,stalled cycles per insn,unknown
3137.5507159999997,1584155.0,,cycles:u,cycles,3005569.0,31.0,nan,,ok
3137.5507159999997,57907.0,,branches:u,branches,4008395.0,42.0,nan,,ok
3137.5507159999997,5930.0,,branch-misses:u,branch-misses,5272520.0,55.0,10.24,of all branches,ok
3137.5507159999997,130944.0,,L1-dcache-loads:u,l1-dcache-loads,5261348.0,55.0,nan,,ok
3137.5507159999997,22981.0,,cache-references:u,cache-references,6240291.0,65.0,nan,,ok
3137.5507159999997,8433.0,,cache-misses:u,cache-misses,6567605.0,68.0,36.7,of all cache refs,ok
3137.5507159999997,3951355.0,,stalled-cycles-frontend:u,stalled-cycles-frontend,2361420.0,24.0,249.43,frontend cycles idle,ok
3172.537729,381848.0,,instructions:u,instructions,4748279.0,57.0,0.04,insn per cycle,ok
3172.537729,nan,,,,nan,nan,10.09,stalled cycles per insn,unknown
3172.537729,9457205.0,,cycles:u,cycles,5246685.0,63.0,nan,,ok
3172.537729,192271.0,,branches:u,branches,6248319.0,75.0,nan,,ok
3172.537729,8664.0,,branch-misses:u,branch-misses,7267632.0,88.0,4.51,of all branches,ok
3172.537729,383207.0,,L1-dcache-loads:u,l1-dcache-loads,5257832.0,64.0,nan,,ok
3172.537729,42938.0,,cache-references:u,cache-references,3561748.0,47.0,nan,,ok
3172.537729,1269.0,,cache-misses:u,cache-misses,2921886.0,45.0,2.96,of all cache refs,ok
3172.537729,3851817.0,,stalled-cycles-frontend:u,stalled-cycles-frontend,2885717.0,38.0,40.73,frontend cycles idle,ok
3198.535537,0.0,,instructions:u,instructions,449907.0,10.0,nan,,ok
3198.535537,nan,,cycles:u,cycles,0.0,0.0,nan,,ok
3198.535537,2606.0,,branches:u,branches,976595.0,22.0,nan,,ok
3198.535537,1154.0,,branch-misses:u,branch-misses,1974714.0,44.0,44.28,of all branches,ok
3198.535537,43104.0,,L1-dcache-loads:u,l1-dcache-loads,2979115.0,67.0,nan,,ok
3198.535537,15137.0,,cache-references:u,cache-references,3969872.0,89.0,nan,,ok
3198.535537,2501.0,,cache-misses:u,cache-misses,4419779.0,100.0,16.52,of all cache refs,ok
3198.535537,0.0,,stalled-cycles-frontend:u,stalled-cycles-frontend,449907.0,10.0,nan,,ok
3233.521536,705058.0,,instructions:u,instructions,3409134.0,76.0,0.27,insn per cycle,ok
3233.521536,nan,,,,nan,nan,1.26,stalled cycles per insn,unknown
3233.521536,2618713.0,,cycles:u,cycles,2700631.0,52.0,nan,,ok
3233.521536,124639.0,,branches:u,branches,2700631.0,52.0,nan,,ok
3233.521536,10164.0,,branch-misses:u,branch-misses,2700631.0,52.0,8.15,of all branches,ok
3233.521536,237542.0,,L1-dcache-loads:u,l1-dcache-loads,1731170.0,33.0,nan,,ok
3233.521536,51706.0,,cache-references:u,cache-references,1730422.0,33.0,nan,,ok
3233.521536,8233.0,,cache-misses:u,cache-misses,2438925.0,54.0,15.92,of all cache refs,ok
3233.521536,890708.0,,stalled-cycles-frontend:u,stalled-cycles-frontend,2406812.0,69.0,34.01,frontend cycles idle,ok
3247.5304340000002,110520.0,,instructions:u,instructions,2949216.0,50.0,0.03,insn per cycle,ok
3247.5304340000002,nan,,,,nan,nan,21.81,stalled cycles per insn,unknown
3247.5304340000002,3974597.0,,cycles:u,cycles,2999149.0,51.0,nan,,ok
3247.5304340000002,52591.0,,branches:u,branches,3998942.0,68.0,nan,,ok
3247.5304340000002,3001.0,,branch-misses:u,branch-misses,4866199.0,83.0,5.71,of all branches,ok
3247.5304340000002,126800.0,,L1-dcache-loads:u,l1-dcache-loads,3864013.0,66.0,nan,,ok
3247.5304340000002,9895.0,,cache-references:u,cache-references,2866935.0,49.0,nan,,ok
3247.5304340000002,555.0,,cache-misses:u,cache-misses,2817002.0,48.0,5.61,of all cache refs,ok
3247.5304340000002,2410722.0,,stalled-cycles-frontend:u,stalled-cycles-frontend,1952138.0,33.0,60.65,frontend cycles idle,ok
3273.520456,368602.0,,instructions:u,instructions,2929714.0,50.0,0.13,insn per cycle,ok
3273.520456,nan,,,,nan,nan,3.66,stalled cycles per insn,unknown
3273.520456,2798778.0,,cycles:u,cycles,1933755.0,33.0,nan,,ok
3273.520456,69626.0,,branches:u,branches,1933755.0,33.0,nan,,ok
3273.520456,2822.0,,branch-misses:u,branch-misses,2770701.0,48.0,4.05,of all branches,ok
3273.520456,106289.0,,L1-dcache-loads:u,l1-dcache-loads,2754744.0,47.0,nan,,ok
3273.520456,20092.0,,cache-references:u,cache-references,2829787.0,49.0,nan,,ok
3273.520456,5532.0,,cache-misses:u,cache-misses,3825746.0,66.0,27.53,of all cache refs,ok
3273.520456,1348072.0,,stalled-cycles-frontend:u,stalled-cycles-frontend,2001674.0,34.0,48.17,frontend cycles idle,ok
3308.566018,7649.0,,instructions:u,instructions,2813298.0,36.0,0.0,insn per cycle,ok
3308.566018,nan,,,,nan,nan,65.45,stalled cycles per insn,unknown
3308.566018,4587432.0,,cycles:u,cycles,1828116.0,23.0,nan,,ok
3308.566018,20297.0,,branches:u,branches,2823110.0,36.0,nan,,ok
3308.566018,3897.0,,branch-misses:u,branch-misses,3822456.0,48.0,19.2,of all branches,ok
3308.566018,252279.0,,L1-dcache-loads:u,l1-dcache-loads,4123927.0,54.0,nan,,ok
3308.566018,30435.0,,cache-references:u,cache-references,4995659.0,75.0,nan,,ok
3308.566018,5475.0,,cache-misses:u,cache-misses,5980841.0,78.0,17.99,of all cache refs,ok
3308.566018,500648.0,,stalled-cycles-frontend:u,stalled-cycles-frontend,2690790.0,34.0,10.91,frontend cycles idle,ok
3322.524467,632.0,,instructions:u,instructions,1065304.0,100.0,0.0,insn per cycle,ok
3322.524467,nan,,,,nan,nan,494.5,stalled cycles per insn,unknown
3322.524467,277611.0,,cycles:u,cycles,1065304.0,100.0,nan,,ok
3322.524467,154.0,,branches:u,branches,1065304.0,100.0,nan,,ok
3322.524467,52.0,,branch-misses:u,branch-misses,1065304.0,100.0,33.77,of all branches,ok
3322.524467,1145.0,,L1-dcache-loads:u,l1-dcache-loads,719729.0,67.0,nan,,ok
3322.524467,nan,,cache-references:u,cache-references,0.0,0.0,nan,,ok
3322.524467,nan,,cache-misses:u,cache-misses,0.0,0.0,nan,,ok
3322.524467,312524.0,,stalled-cycles-frontend:u,stalled-cycles-frontend,345575.0,32.0,112.58,frontend cycles idle,ok
3348.514894,198295.0,,instructions:u,instructions,3004543.0,76.0,0.15,insn per cycle,ok
3348.514894,nan,,,,nan,nan,12.61,stalled cycles per insn,unknown
3348.514894,1301292.0,,cycles:u,cycles,2039586.0,51.0,nan,,ok
3348.514894,51599.0,,branches:u,branches,2039586.0,51.0,nan,,ok
3348.514894,3236.0,,branch-misses:u,branch-misses,2039586.0,51.0,6.27,of all branches,ok
3348.514894,4456.0,,L1-dcache-loads:u,l1-dcache-loads,1043324.0,26.0,nan,,ok
3348.514894,15823.0,,cache-references:u,cache-references,928982.0,23.0,nan,,ok
3348.514894,3771.0,,cache-misses:u,cache-misses,1893939.0,48.0,23.83,of all cache refs,ok
3348.514894,2501213.0,,stalled-cycles-frontend:u,stalled-cycles-frontend,1999081.0,50.0,192.21,frontend cycles idle,ok
3378.514894,489911.0,,instructions:u,instructions,925153.0,15.0,nan,,ok
3378.514894,nan,,,,nan,nan,2.64,stalled cycles per insn,unknown
3378.514894,0.0,,cycles:u,cycles,90099.0,1.0,nan,,ok
3378.514894,48841.0,,branches:u,branches,2194961.0,35.0,nan,,ok
3378.514894,3487.0,,branch-misses:u,branch-misses,3190291.0,52.0,7.14,of all branches,ok
3378.514894,114107.0,,L1-dcache-loads:u,l1-dcache-loads,4189397.0,68.0,nan,,ok
3378.514894,18975.0,,cache-references:u,cache-references,5188928.0,84.0,nan,,ok
3378.514894,4076.0,,cache-misses:u,cache-misses,6023982.0,98.0,21.48,of all cache refs,ok
3378.514894,1291153.0,,stalled-cycles-frontend:u,stalled-cycles-frontend,925153.0,15.0,nan,,ok
3392.536349,72850.0,,instructions:u,instructions,2311168.0,100.0,0.03,insn per cycle,ok
3392.536349,nan,,,,nan,nan,54.18,stalled cycles per insn,unknown
3392.536349,2521983.0,,cycles:u,cycles,3183152.0,94.0,nan,,ok
3392.536349,18455.0,,branches:u,branches,3510544.0,95.0,nan,,ok
3392.536349,1763.0,,branch-misses:u,branch-misses,3535730.0,95.0,9.55,of all branches,ok
3392.536349,20339.0,,L1-dcache-loads:u,l1-dcache-loads,2564916.0,68.0,nan,,ok
3392.536349,0.0,,cache-references:u,cache-references,1296069.0,34.0,nan,,ok
3392.536349,697.0,,cache-misses:u,cache-misses,465787.0,12.0,nan,,ok
3392.536349,3946685.0,,stalled-cycles-frontend:u,stalled-cycles-frontend,1175890.0,33.0,156.49,frontend cycles idle,ok
3418.52218,1070363.0,,instructions:u,instructions,1414988.0,17.0,0.13,insn per cycle,ok
3418.52218,8358168.0,,cycles:u,cycles,3448781.0,42.0,nan,,ok
3418.52218,213932.0,,branches:u,branches,4619987.0,56.0,nan,,ok
3418.52218,8324.0,,branch-misses:u,branch-misses,5590207.0,68.0,3.89,of all branches,ok
3418.52218,387180.0,,L1-dcache-loads:u,l1-dcache-loads,6555117.0,80.0,nan,,ok
3418.52218,30323.0,,cache-references:u,cache-references,6830614.0,84.0,nan,,ok
3418.52218,4190.0,,cache-misses:u,cache-misses,4755119.0,58.0,13.82,of all cache refs,ok
3418.52218,0.0,,stalled-cycles-frontend:u,stalled-cycles-frontend,555962.0,6.0,nan,,ok
3431.557294,nan,,instructions:u,instructions,0.0,100.0,nan,,ok
3431.557294,nan,,cycles:u,cycles,0.0,100.0,nan,,ok
3431.557294,nan,,branches:u,branches,0.0,100.0,nan,,ok
3431.557294,nan,,branch-misses:u,branch-misses,0.0,100.0,nan,,ok
3431.557294,nan,,L1-dcache-loads:u,l1-dcache-loads,0.0,100.0,nan,,ok
3431.557294,nan,,cache-references:u,cache-references,0.0,100.0,nan,,ok
3431.557294,nan,,cache-misses:u,cache-misses,0.0,100.0,nan,,ok
3431.557294,nan,,stalled-cycles-frontend:u,stalled-cycles-frontend,0.0,100.0,nan,,ok
3452.536192,404789.0,,instructions:u,instructions,2872543.0,47.0,0.11,insn per cycle,ok
3452.536192,nan,,,,nan,nan,2.55,stalled cycles per insn,unknown
3452.536192,3677675.0,,cycles:u,cycles,3003356.0,49.0,nan,,ok
3452.536192,58190.0,,branches:u,branches,4005997.0,65.0,nan,,ok
3452.536192,5834.0,,branch-misses:u,branch-misses,5002162.0,82.0,10.03,of all branches,ok
3452.536192,201471.0,,L1-dcache-loads:u,l1-dcache-loads,4209756.0,69.0,nan,,ok
3452.536192,29668.0,,cache-references:u,cache-references,3211239.0,52.0,nan,,ok
3452.536192,3667.0,,cache-misses:u,cache-misses,3080426.0,50.0,12.36,of all cache refs,ok
3452.536192,1033410.0,,stalled-cycles-frontend:u,stalled-cycles-frontend,1874026.0,30.0,28.1,frontend cycles idle,ok
3470.550158,nan,,instructions:u,instructions,0.0,0.0,nan,,ok
3470.550158,nan,,cycles:u,cycles,0.0,0.0,nan,,ok
3470.550158,1430.0,,branches:u,branches,977188.0,45.0,nan,,ok
3470.550158,181.0,,branch-misses:u,branch-misses,1974795.0,90.0,12.66,of all branches,ok
3470.550158,2224.0,,L1-dcache-loads:u,l1-dcache-loads,2219497.0,100.0,nan,,ok
3470.550158,1202.0,,cache-references:u,cache-references,2246771.0,100.0,nan,,ok
3470.550158,688.0,,cache-misses:u,cache-misses,2273340.0,100.0,57.24,of all cache refs,ok
3470.550158,nan,,stalled-cycles-frontend:u,stalled-cycles-frontend,0.0,0.0,nan,,ok
3492.533953,1033167.0,,instructions:u,instructions,5135832.0,45.0,0.24,insn per cycle,ok
3492.533953,nan,,,,nan,nan,5.51,stalled cycles per insn,unknown
3492.533953,4318661.0,,cycles:u,cycles,4235876.0,37.0,nan,,ok
3492.533953,35602.0,,branches:u,branches,5259526.0,46.0,nan,,ok
3492.533953,2734.0,,branch-misses:u,branch-misses,6286594.0,55.0,7.68,of all branches,ok
3492.533953,51479.0,,L1-dcache-loads:u,l1-dcache-loads,6699843.0,53.0,nan,,ok
3492.533953,21581.0,,cache-references:u,cache-references,7756516.0,59.0,nan,,ok
3492.533953,7877.0,,cache-misses:u,cache-misses,8670669.0,66.0,36.5,of all cache refs,ok
3492.533953,5693354.0,,stalled-cycles-frontend:u,stalled-cycles-frontend,3913776.0,31.0,131.83,frontend cycles idle,ok
3526.5246220000004,811645.0,,instructions:u,instructions,6967552.0,44.0,0.22,insn per cycle,ok
3526.5246220000004,nan,,,,nan,nan,6.54,stalled cycles per insn,unknown
3526.5246220000004,3712738.0,,cycles:u,cycles,6131200.0,36.0,nan,,ok
3526.5246220000004,108533.0,,branches:u,branches,8551919.0,50.0,nan,,ok
3526.5246220000004,10747.0,,branch-misses:u,branch-misses,10534770.0,61.0,9.9,of all branches,ok
3526.5246220000004,338282.0,,L1-dcache-loads:u,l1-dcache-loads,10487275.0,61.0,nan,,ok
3526.5246220000004,53282.0,,cache-references:u,cache-references,10068229.0,59.0,nan,,ok
3526.5246220000004,14960.0,,cache-misses:u,cache-misses,10888176.0,64.0,28.08,of all cache refs,ok
3526.5246220000004,5304913.0,,stalled-cycles-frontend:u,stalled-cycles-frontend,4899387.0,29.0,142.88,frontend cycles idle,ok
3544.5284269999997,79029.0,,instructions:u,instructions,3450726.0,75.0,0.03,insn per cycle,ok
3544.5284269999997,nan,,,,nan,nan,15.48,stalled cycles per insn,unknown
3544.5284269999997,2587108.0,,cycles:u,cycles,3459892.0,75.0,nan,,ok
3544.5284269999997,46789.0,,branches:u,branches,3614466.0,78.0,nan,,ok
3544.5284269999997,3263.0,,branch-misses:u,branch-misses,3620248.0,78.0,6.97,of all branches,ok
3544.5284269999997,170317.0,,L1-dcache-loads:u,l1-dcache-loads,2385564.0,51.0,nan,,ok
3544.5284269999997,17207.0,,cache-references:u,cache-references,1246512.0,26.0,nan,,ok
3544.5284269999997,495.0,,cache-misses:u,cache-misses,1234914.0,26.0,2.88,of all cache refs,ok
3544.5284269999997,1223392.0,,stalled-cycles-frontend:u,stalled-cycles-frontend,2194766.0,47.0,47.29,frontend cycles idle,ok
3566.5321630000003,1262321.0,,instructions:u,instructions,6666858.0,36.0,0.11,insn per cycle,ok
3566.5321630000003,nan,,,,nan,nan,5.45,stalled cycles per insn,unknown
3566.5321630000003,11148099.0,,cycles:u,cycles,6709752.0,36.0,nan,,ok
3566.5321630000003,327558.0,,branches:u,branches,9673695.0,52.0,nan,,ok
3566.5321630000003,13634.0,,branch-misses:u,branch-misses,12198560.0,65.0,4.16,of all branches,ok
3566.5321630000003,459376.0,,L1-dcache-loads:u,l1-dcache-loads,12507385.0,67.0,nan,,ok
3566.5321630000003,38618.0,,cache-references:u,cache-references,11848152.0,63.0,nan,,ok
3566.5321630000003,7668.0,,cache-misses:u,cache-misses,11813012.0,63.0,19.86,of all cache refs,ok
3566.5321630000003,6884875.0,,stalled-cycles-frontend:u,stalled-cycles-frontend,4007282.0,22.0,61.76,frontend cycles idle,ok
3596.541416,1354611.0,,instructions:u,instructions,9007849.0,38.0,0.08,insn per cycle,ok
3596.541416,nan,,,,nan,nan,5.72,stalled cycles per insn,unknown
3596.541416,16151698.0,,cycles:u,cycles,10003953.0,41.0,nan,,ok
3596.541416,379516.0,,branches:u,branches,13536990.0,54.0,nan,,ok
3596.541416,24066.0,,branch-misses:u,branch-misses,15725891.0,63.0,6.34,of all branches,ok
3596.541416,694641.0,,L1-dcache-loads:u,l1-dcache-loads,15689564.0,63.0,nan,,ok
3596.541416,62351.0,,cache-references:u,cache-references,15867572.0,63.0,nan,,ok
3596.541416,7294.0,,cache-misses:u,cache-misses,14874228.0,59.0,11.7,of all cache refs,ok
3596.541416,7745041.0,,stalled-cycles-frontend:u,stalled-cycles-frontend,6013984.0,24.0,47.95,frontend cycles idle,ok
3610.554013,1686015.0,,instructions:u,instructions,4510625.0,35.0,0.21,insn per cycle,ok
3610.554013,nan,,,,nan,nan,4.24,stalled cycles per insn,unknown
3610.554013,8208490.0,,cycles:u,cycles,3507622.0,27.0,nan,,ok
3610.554013,357181.0,,branches:u,branches,4501090.0,35.0,nan,,ok
3610.554013,11818.0,,branch-misses:u,branch-misses,6345078.0,50.0,3.31,of all branches,ok
3610.554013,228949.0,,L1-dcache-loads:u,l1-dcache-loads,6704313.0,56.0,nan,,ok
3610.554013,31285.0,,cache-references:u,cache-references,8178098.0,74.0,nan,,ok
3610.554013,5876.0,,cache-misses:u,cache-misses,9180756.0,76.0,18.78,of all cache refs,ok
3610.554013,7149586.0,,stalled-cycles-frontend:u,stalled-cycles-frontend,3701136.0,29.0,87.1,frontend cycles idle,ok
3636.50871,417487.0,,instructions:u,instructions,8613133.0,43.0,0.03,insn per cycle,ok
3636.50871,nan,,,,nan,nan,7.72,stalled cycles per insn,unknown
3636.50871,13191211.0,,cycles:u,cycles,9406018.0,45.0,nan,,ok
3636.50871,180154.0,,branches:u,branches,11427644.0,55.0,nan,,ok
3636.50871,16328.0,,branch-misses:u,branch-misses,13406503.0,64.0,9.06,of all branches,ok
3636.50871,471542.0,,L1-dcache-loads:u,l1-dcache-loads,12711582.0,61.0,nan,,ok
3636.50871,54513.0,,cache-references:u,cache-references,12012253.0,58.0,nan,,ok
3636.50871,4918.0,,cache-misses:u,cache-misses,11263469.0,56.0,9.02,of all cache refs,ok
3636.50871,3221123.0,,stalled-cycles-frontend:u,stalled-cycles-frontend,4890799.0,26.0,24.42,frontend cycles idle,ok
3649.539913,175335.0,,instructions:u,instructions,5978773.0,53.0,0.03,insn per cycle,ok
3649.539913,nan,,,,nan,nan,11.18,stalled cycles per insn,unknown
3649.539913,6011081.0,,cycles:u,cycles,5252374.0,47.0,nan,,ok
3649.539913,62971.0,,branches:u,branches,6287834.0,56.0,nan,,ok
3649.539913,5095.0,,branch-misses:u,branch-misses,7311049.0,65.0,8.09,of all branches,ok
3649.539913,191166.0,,L1-dcache-loads:u,l1-dcache-loads,6285551.0,56.0,nan,,ok
3649.539913,22218.0,,cache-references:u,cache-references,5299982.0,47.0,nan,,ok
3649.539913,1251.0,,cache-misses:u,cache-misses,5828114.0,51.0,5.63,of all cache refs,ok
3649.539913,1960389.0,,stalled-cycles-frontend:u,stalled-cycles-frontend,3870511.0,34.0,32.61,frontend cycles idle,ok
3675.525123,1449418.0,,instructions:u,instructions,6509361.0,38.0,0.08,insn per cycle,ok
3675.525123,nan,,,,nan,nan,8.93,stalled cycles per insn,unknown
3675.525123,17180729.0,,cycles:u,cycles,6316619.0,37.0,nan,,ok
3675.525123,332108.0,,branches:u,branches,8857918.0,52.0,nan,,ok
3675.525123,14069.0,,branch-misses:u,branch-misses,10825730.0,63.0,4.24,of all branches,ok
3675.525123,459725.0,,L1-dcache-loads:u,l1-dcache-loads,10868769.0,64.0,nan,,ok
3675.525123,39740.0,,cache-references:u,cache-references,10430792.0,64.0,nan,,ok
3675.525123,6801.0,,cache-misses:u,cache-misses,10772758.0,70.0,17.11,of all cache refs,ok
3675.525123,12946144.0,,stalled-cycles-frontend:u,stalled-cycles-frontend,4006879.0,24.0,75.35,frontend cycles idle,ok
3702.550643,455142.0,,instructions:u,instructions,7389676.0,35.0,0.04,insn per cycle,ok
3702.550643,nan,,,,nan,nan,16.2,stalled cycles per insn,unknown
3702.550643,11092177.0,,cycles:u,cycles,7033620.0,33.0,nan,,ok
3702.550643,165791.0,,branches:u,branches,9443933.0,45.0,nan,,ok
3702.550643,12854.0,,branch-misses:u,branch-misses,12455940.0,59.0,7.75,of all branches,ok
3702.550643,425392.0,,L1-dcache-loads:u,l1-dcache-loads,12435216.0,59.0,nan,,ok
3702.550643,54237.0,,cache-references:u,cache-references,13463974.0,64.0,nan,,ok
3702.550643,8886.0,,cache-misses:u,cache-misses,13820649.0,69.0,16.38,of all cache refs,ok
3702.550643,7371048.0,,stalled-cycles-frontend:u,stalled-cycles-frontend,5368758.0,25.0,66.45,frontend cycles idle,ok
3725.520596,279194.0,,instructions:u,instructions,7980694.0,57.0,0.04,insn per cycle,ok
3725.520596,nan,,,,nan,nan,20.87,stalled cycles per insn,unknown
3725.520596,7932390.0,,cycles:u,cycles,7044808.0,47.0,nan,,ok
3725.520596,53555.0,,branches:u,branches,9081509.0,56.0,nan,,ok
3725.520596,9592.0,,branch-misses:u,branch-misses,11113251.0,65.0,17.91,of all branches,ok
3725.520596,338262.0,,L1-dcache-loads:u,l1-dcache-loads,10855618.0,60.0,nan,,ok
3725.520596,71709.0,,cache-references:u,cache-references,10977310.0,57.0,nan,,ok
3725.520596,10044.0,,cache-misses:u,cache-misses,11754549.0,62.0,14.01,of all cache refs,ok
3725.520596,5825763.0,,stalled-cycles-frontend:u,stalled-cycles-frontend,5387500.0,29.0,73.44,frontend cycles idle,ok
3756.529268,398635.0,,instructions:u,instructions,7525191.0,31.0,0.03,insn per cycle,ok
3756.529268,nan,,,,nan,nan,9.16,stalled cycles per insn,unknown
3756.529268,11901026.0,,cycles:u,cycles,9365811.0,38.0,nan,,ok
3756.529268,204601.0,,branches:u,branches,12329169.0,50.0,nan,,ok
3756.529268,17849.0,,branch-misses:u,branch-misses,15289062.0,63.0,8.72,of all branches,ok
3756.529268,584609.0,,L1-dcache-loads:u,l1-dcache-loads,16516880.0,68.0,nan,,ok
3756.529268,69415.0,,cache-references:u,cache-references,16687332.0,68.0,nan,,ok
3756.529268,8880.0,,cache-misses:u,cache-misses,15001484.0,63.0,12.79,of all cache refs,ok
3756.529268,3652819.0,,stalled-cycles-frontend:u,stalled-cycles-frontend,4507990.0,19.0,30.69,frontend cycles idle,ok
3779.541016,1819093.0,,instructions:u,instructions,8998765.0,45.0,0.21,insn per cycle,ok
3779.541016,nan,,,,nan,nan,6.53,stalled cycles per insn,unknown
3779.541016,8694843.0,,cycles:u,cycles,8751000.0,44.0,nan,,ok
3779.541016,228467.0,,branches:u,branches,10110616.0,51.0,nan,,ok
3779.541016,13271.0,,branch-misses:u,branch-misses,11898331.0,60.0,5.81,of all branches,ok
3779.541016,130769.0,,L1-dcache-loads:u,l1-dcache-loads,10916126.0,55.0,nan,,ok
3779.541016,39493.0,,cache-references:u,cache-references,10709641.0,54.0,nan,,ok
3779.541016,11962.0,,cache-misses:u,cache-misses,10956965.0,55.0,30.29,of all cache refs,ok
3779.541016,11873038.0,,stalled-cycles-frontend:u,stalled-cycles-frontend,5995759.0,30.0,136.55,frontend cycles idle,ok
3798.506756,113339.0,,instructions:u,instructions,5962477.0,37.0,0.02,insn per cycle,ok
3798.506756,nan,,,,nan,nan,31.71,stalled cycles per insn,unknown
3798.506756,6854242.0,,cycles:u,cycles,5999455.0,37.0,nan,,ok
3798.506756,108288.0,,branches:u,branches,8799336.0,52.0,nan,,ok
3798.506756,8448.0,,branch-misses:u,branch-misses,11779630.0,66.0,7.8,of all branches,ok
3798.506756,357216.0,,L1-dcache-loads:u,l1-dcache-loads,11463483.0,63.0,nan,,ok
3798.506756,53063.0,,cache-references:u,cache-references,12080123.0,66.0,nan,,ok
3798.506756,7100.0,,cache-misses:u,cache-misses,12054557.0,66.0,13.38,of all cache refs,ok
3798.506756,3593869.0,,stalled-cycles-frontend:u,stalled-cycles-frontend,4638287.0,26.0,52.43,frontend cycles idle,ok
3820.5354319999997,621208.0,,instructions:u,instructions,5993786.0,39.0,0.04,insn per cycle,ok
3820.5354319999997,nan,,,,nan,nan,17.07,stalled cycles per insn,unknown
3820.5354319999997,15385183.0,,cycles:u,cycles,7494984.0,45.0,nan,,ok
3820.5354319999997,146864.0,,branches:u,branches,10485543.0,60.0,nan,,ok
3820.5354319999997,10879.0,,branch-misses:u,branch-misses,12792928.0,72.0,7.41,of all branches,ok
3820.5354319999997,409883.0,,L1-dcache-loads:u,l1-dcache-loads,12752612.0,72.0,nan,,ok
3820.5354319999997,43047.0,,cache-references:u,cache-references,11744692.0,66.0,nan,,ok
3820.5354319999997,7938.0,,cache-misses:u,cache-misses,10231445.0,57.0,18.44,of all cache refs,ok
3820.5354319999997,10606616.0,,stalled-cycles-frontend:u,stalled-cycles-frontend,3742703.0,21.0,68.94,frontend cycles idle,ok
3842.524553,618808.0,,instructions:u,instructions,8566301.0,59.0,0.05,insn per cycle,ok
3842.524553,nan,,,,nan,nan,18.26,stalled cycles per insn,unknown
3842.524553,12791300.0,,cycles:u,cycles,7146407.0,46.0,nan,,ok
3842.524553,196655.0,,branches:u,branches,9156756.0,55.0,nan,,ok
3842.524553,13615.0,,branch-misses:u,branch-misses,11181954.0,64.0,6.92,of all branches,ok
3842.524553,316489.0,,L1-dcache-loads:u,l1-dcache-loads,10160995.0,55.0,nan,,ok
3842.524553,36114.0,,cache-references:u,cache-references,9722007.0,52.0,nan,,ok
3842.524553,5391.0,,cache-misses:u,cache-misses,11144380.0,60.0,14.93,of all cache refs,ok
3842.524553,11297352.0,,stalled-cycles-frontend:u,stalled-cycles-frontend,6453891.0,37.0,88.32,frontend cycles idle,ok
3856.513847,460323.0,,instructions:u,instructions,2186826.0,30.0,0.05,insn per cycle,ok
3856.513847,nan,,,,nan,nan,2.9,stalled cycles per insn,unknown
3856.513847,9991213.0,,cycles:u,cycles,2187710.0,30.0,nan,,ok
3856.513847,246371.0,,branches:u,branches,3167661.0,44.0,nan,,ok
3856.513847,8059.0,,branch-misses:u,branch-misses,4139993.0,58.0,3.27,of all branches,ok
3856.513847,284874.0,,L1-dcache-loads:u,l1-dcache-loads,4869523.0,68.0,nan,,ok
3856.513847,17535.0,,cache-references:u,cache-references,4996220.0,70.0,nan,,ok
3856.513847,1324.0,,cache-misses:u,cache-misses,4970035.0,70.0,7.55,of all cache refs,ok
3856.513847,1334505.0,,stalled-cycles-frontend:u,stalled-cycles-frontend,1225278.0,17.0,13.36,frontend cycles idle,ok
3873.518753,397031.0,,instructions:u,instructions,3004355.0,37.0,0.21,insn per cycle,ok
3873.518753,nan,,,,nan,nan,8.87,stalled cycles per insn,unknown
3873.518753,1875755.0,,cycles:u,cycles,2994491.0,37.0,nan,,ok
3873.518753,53406.0,,branches:u,branches,3998569.0,49.0,nan,,ok
3873.518753,2632.0,,branch-misses:u,branch-misses,5094878.0,62.0,4.93,of all branches,ok
3873.518753,110750.0,,L1-dcache-loads:u,l1-dcache-loads,5121552.0,63.0,nan,,ok
3873.518753,6746.0,,cache-references:u,cache-references,5138226.0,63.0,nan,,ok
3873.518753,3016.0,,cache-misses:u,cache-misses,5170284.0,63.0,44.71,of all cache refs,ok
3873.518753,3521393.0,,stalled-cycles-frontend:u,stalled-cycles-frontend,2004941.0,24.0,187.73,frontend cycles idle,ok
3887.514049,nan,,instructions:u,instructions,0.0,0.0,nan,,ok
3887.514049,nan,,cycles:u,cycles,0.0,0.0,nan,,ok
3887.514049,nan,,branches:u,branches,0.0,0.0,nan,,ok
3887.514049,0.0,,branch-misses:u,branch-misses,503664.0,100.0,nan,,ok
3887.514049,0.0,,L1-dcache-loads:u,l1-dcache-loads,518182.0,100.0,nan,,ok
3887.514049,0.0,,cache-references:u,cache-references,526095.0,100.0,nan,,ok
3887.514049,0.0,,cache-misses:u,cache-misses,532931.0,100.0,nan,,ok
3887.514049,nan,,stalled-cycles-frontend:u,stalled-cycles-frontend,0.0,0.0,nan,,ok
3901.52819,864728.0,,instructions:u,instructions,3782675.0,35.0,0.08,insn per cycle,ok
3901.52819,nan,,,,nan,nan,3.23,stalled cycles per insn,unknown
3901.52819,11510107.0,,cycles:u,cycles,3782632.0,34.0,nan,,ok
3901.52819,360633.0,,branches:u,branches,5507977.0,50.0,nan,,ok
3901.52819,16835.0,,branch-misses:u,branch-misses,7192716.0,66.0,4.67,of all branches,ok
3901.52819,555666.0,,L1-dcache-loads:u,l1-dcache-loads,7610256.0,70.0,nan,,ok
3901.52819,64300.0,,cache-references:u,cache-references,6944592.0,68.0,nan,,ok
3901.52819,7774.0,,cache-misses:u,cache-misses,6929972.0,76.0,12.09,of all cache refs,ok
3901.52819,2789900.0,,stalled-cycles-frontend:u,stalled-cycles-frontend,2131353.0,21.0,24.24,frontend cycles idle,ok
3918.516361,549457.0,,instructions:u,instructions,3004099.0,34.0,0.17,insn per cycle,ok
3918.516361,nan,,,,nan,nan,5.31,stalled cycles per insn,unknown
3918.516361,3158421.0,,cycles:u,cycles,2772821.0,29.0,nan,,ok
3918.516361,68610.0,,branches:u,branches,4533446.0,43.0,nan,,ok
3918.516361,6568.0,,branch-misses:u,branch-misses,6533109.0,57.0,9.57,of all branches,ok
3918.516361,194788.0,,L1-dcache-loads:u,l1-dcache-loads,8732077.0,73.0,nan,,ok
3918.516361,33619.0,,cache-references:u,cache-references,8846168.0,74.0,nan,,ok
3918.516361,9748.0,,cache-misses:u,cache-misses,9083699.0,76.0,29.0,of all cache refs,ok
3918.516361,2920115.0,,stalled-cycles-frontend:u,stalled-cycles-frontend,2003407.0,17.0,92.45,frontend cycles idle,ok
3931.514998,923836.0,,instructions:u,instructions,4277161.0,40.0,0.15,insn per cycle,ok
3931.514998,nan,,,,nan,nan,10.85,stalled cycles per insn,unknown
3931.514998,6209620.0,,cycles:u,cycles,4342264.0,41.0,nan,,ok
3931.514998,124627.0,,branches:u,branches,5339259.0,50.0,nan,,ok
3931.514998,7020.0,,branch-misses:u,branch-misses,6339660.0,60.0,5.63,of all branches,ok
3931.514998,170701.0,,L1-dcache-loads:u,l1-dcache-loads,6335708.0,60.0,nan,,ok
3931.514998,23620.0,,cache-references:u,cache-references,6187465.0,59.0,nan,,ok
3931.514998,5033.0,,cache-misses:u,cache-misses,6101742.0,58.0,21.31,of all cache refs,ok
3931.514998,10025804.0,,stalled-cycles-frontend:u,stalled-cycles-frontend,2678600.0,25.0,161.46,frontend cycles idle,ok
3945.520842,216796.0,,instructions:u,instructions,5910763.0,53.0,0.05,insn per cycle,ok
3945.520842,nan,,,,nan,nan,11.76,stalled cycles per insn,unknown
3945.520842,4552935.0,,cycles:u,cycles,5160691.0,46.0,nan,,ok
3945.520842,79232.0,,branches:u,branches,6184946.0,55.0,nan,,ok
3945.520842,6938.0,,branch-misses:u,branch-misses,7214174.0,64.0,8.76,of all branches,ok
3945.520842,201962.0,,L1-dcache-loads:u,l1-dcache-loads,6242677.0,55.0,nan,,ok
3945.520842,33925.0,,cache-references:u,cache-references,5274688.0,47.0,nan,,ok
3945.520842,4571.0,,cache-misses:u,cache-misses,5902776.0,52.0,13.47,of all cache refs,ok
3945.520842,2548881.0,,stalled-cycles-frontend:u,stalled-cycles-frontend,3912536.0,34.0,55.98,frontend cycles idle,ok
3976.623746,1872934.0,,instructions:u,instructions,8681985.0,35.0,0.17,insn per cycle,ok
3976.623746,nan,,,,nan,nan,6.56,stalled cycles per insn,unknown
3976.623746,11089223.0,,cycles:u,cycles,9334616.0,37.0,nan,,ok
3976.623746,301550.0,,branches:u,branches,12589825.0,49.0,nan,,ok
3976.623746,19941.0,,branch-misses:u,branch-misses,16168516.0,64.0,6.61,of all branches,ok
3976.623746,619512.0,,L1-dcache-loads:u,l1-dcache-loads,15679872.0,62.0,nan,,ok
3976.623746,85418.0,,cache-references:u,cache-references,16483386.0,65.0,nan,,ok
3976.623746,17881.0,,cache-misses:u,cache-misses,15996704.0,68.0,20.93,of all cache refs,ok
3976.623746,12284355.0,,stalled-cycles-frontend:u,stalled-cycles-frontend,6493221.0,26.0,110.78,frontend cycles idle,ok
3999.5452889999997,1284387.0,,instructions:u,instructions,6191837.0,35.0,0.12,insn per cycle,ok
3999.5452889999997,nan,,,,nan,nan,4.84,stalled cycles per insn,unknown
3999.5452889999997,11160706.0,,cycles:u,cycles,7172033.0,39.0,nan,,ok
3999.5452889999997,371268.0,,branches:u,branches,8912065.0,48.0,nan,,ok
3999.5452889999997,16872.0,,branch-misses:u,branch-misses,11075874.0,59.0,4.54,of all branches,ok
3999.5452889999997,490458.0,,L1-dcache-loads:u,l1-dcache-loads,12335113.0,66.0,nan,,ok
3999.5452889999997,47493.0,,cache-references:u,cache-references,12307708.0,66.0,nan,,ok
3999.5452889999997,8848.0,,cache-misses:u,cache-misses,11304216.0,61.0,18.63,of all cache refs,ok
3999.5452889999997,6222174.0,,stalled-cycles-frontend:u,stalled-cycles-frontend,4006394.0,21.0,55.75,frontend cycles idle,ok
4021.515183,709519.0,,instructions:u,instructions,7367010.0,43.0,0.1,insn per cycle,ok
4021.515183,nan,,,,nan,nan,6.92,stalled cycles per insn,unknown
4021.515183,7055840.0,,cycles:u,cycles,6686972.0,37.0,nan,,ok
4021.515183,158527.0,,branches:u,branches,10028777.0,53.0,nan,,ok
4021.515183,12080.0,,branch-misses:u,branch-misses,11625167.0,60.0,7.62,of all branches,ok
4021.515183,351924.0,,L1-dcache-loads:u,l1-dcache-loads,10911210.0,56.0,nan,,ok
4021.515183,61554.0,,cache-references:u,cache-references,11714462.0,61.0,nan,,ok
4021.515183,12873.0,,cache-misses:u,cache-misses,12401518.0,64.0,20.91,of all cache refs,ok
4021.515183,4907625.0,,stalled-cycles-frontend:u,stalled-cycles-frontend,5458710.0,29.0,69.55,frontend cycles idle,ok
4039.638269,1732540.0,,instructions:u,instructions,8063595.0,59.0,0.18,insn per cycle,ok
4039.638269,nan,,,,nan,nan,3.79,stalled cycles per insn,unknown
4039.638269,9814820.0,,cycles:u,cycles,7909309.0,55.0,nan,,ok
4039.638269,335507.0,,branches:u,branches,8956227.0,62.0,nan,,ok
4039.638269,16198.0,,branch-misses:u,branch-misses,9965043.0,69.0,4.83,of all branches,ok
4039.638269,366869.0,,L1-dcache-loads:u,l1-dcache-loads,7244310.0,50.0,nan,,ok
4039.638269,21356.0,,cache-references:u,cache-references,6076652.0,42.0,nan,,ok
4039.638269,10720.0,,cache-misses:u,cache-misses,6298114.0,46.0,50.2,of all cache refs,ok
4039.638269,6572184.0,,stalled-cycles-frontend:u,stalled-cycles-frontend,5630022.0,44.0,66.96,frontend cycles idle,ok
4084.5192170000005,383011.0,,instructions:u,instructions,3793144.0,30.0,0.55,insn per cycle,ok
4084.5192170000005,nan,,,,nan,nan,5.15,stalled cycles per insn,unknown
4084.5192170000005,690115.0,,cycles:u,cycles,5889638.0,48.0,nan,,ok
4084.5192170000005,3606.0,,branches:u,branches,7841867.0,64.0,nan,,ok
4084.5192170000005,750.0,,branch-misses:u,branch-misses,8864278.0,72.0,20.8,of all branches,ok
4084.5192170000005,33860.0,,L1-dcache-loads:u,l1-dcache-loads,8816249.0,72.0,nan,,ok
4084.5192170000005,15506.0,,cache-references:u,cache-references,8550666.0,70.0,nan,,ok
4084.5192170000005,5492.0,,cache-misses:u,cache-misses,6359309.0,52.0,35.42,of all cache refs,ok
4084.5192170000005,1974332.0,,stalled-cycles-frontend:u,stalled-cycles-frontend,2007050.0,16.0,286.09,frontend cycles idle,ok
4099.567367,268512.0,,instructions:u,instructions,2977109.0,47.0,0.04,insn per cycle,ok
4099.567367,nan,,,,nan,nan,6.6,stalled cycles per insn,unknown
4099.567367,6168077.0,,cycles:u,cycles,3347101.0,46.0,nan,,ok
4099.567367,97375.0,,branches:u,branches,4568888.0,55.0,nan,,ok
4099.567367,7359.0,,branch-misses:u,branch-misses,6262359.0,67.0,7.56,of all branches,ok
4099.567367,201980.0,,L1-dcache-loads:u,l1-dcache-loads,7287651.0,70.0,nan,,ok
4099.567367,29073.0,,cache-references:u,cache-references,7588159.0,71.0,nan,,ok
4099.567367,4115.0,,cache-misses:u,cache-misses,7245017.0,68.0,14.15,of all cache refs,ok
4099.567367,1773179.0,,stalled-cycles-frontend:u,stalled-cycles-frontend,1977415.0,19.0,28.75,frontend cycles idle,ok
4122.522666,446436.0,,instructions:u,instructions,3002160.0,32.0,0.12,insn per cycle,ok
4122.522666,nan,,,,nan,nan,7.59,stalled cycles per insn,unknown
4122.522666,3768364.0,,cycles:u,cycles,2141836.0,23.0,nan,,ok
4122.522666,174154.0,,branches:u,branches,2887270.0,31.0,nan,,ok
4122.522666,13544.0,,branch-misses:u,branch-misses,3877092.0,41.0,7.78,of all branches,ok
4122.522666,436503.0,,L1-dcache-loads:u,l1-dcache-loads,5819011.0,62.0,nan,,ok
4122.522666,38803.0,,cache-references:u,cache-references,6253970.0,67.0,nan,,ok
4122.522666,6499.0,,cache-misses:u,cache-misses,7023563.0,76.0,16.75,of all cache refs,ok
4122.522666,3389645.0,,stalled-cycles-frontend:u,stalled-cycles-frontend,2006565.0,21.0,89.95,frontend cycles idle,ok
4157.611997,1520315.0,,instructions:u,instructions,5940158.0,49.0,0.33,insn per cycle,ok
4157.611997,nan,,,,nan,nan,6.08,stalled cycles per insn,unknown
4157.611997,4646538.0,,cycles:u,cycles,5002663.0,38.0,nan,,ok
4157.611997,92784.0,,branches:u,branches,7731031.0,55.0,nan,,ok
4157.611997,7735.0,,branch-misses:u,branch-misses,9712581.0,64.0,8.34,of all branches,ok
4157.611997,132075.0,,L1-dcache-loads:u,l1-dcache-loads,9668109.0,60.0,nan,,ok
4157.611997,27915.0,,cache-references:u,cache-references,10968856.0,64.0,nan,,ok
4157.611997,12864.0,,cache-misses:u,cache-misses,11970232.0,70.0,46.08,of all cache refs,ok
4157.611997,9237288.0,,stalled-cycles-frontend:u,stalled-cycles-frontend,4810172.0,30.0,198.8,frontend cycles idle,ok
4181.553191,21781.0,,instructions:u,instructions,5161075.0,50.0,0.01,insn per cycle,ok
4181.553191,nan,,,,nan,nan,48.71,stalled cycles per insn,unknown
4181.553191,3490323.0,,cycles:u,cycles,5371558.0,51.0,nan,,ok
4181.553191,16731.0,,branches:u,branches,6410966.0,61.0,nan,,ok
4181.553191,1560.0,,branch-misses:u,branch-misses,7450202.0,71.0,9.32,of all branches,ok
4181.553191,46916.0,,L1-dcache-loads:u,l1-dcache-loads,6507774.0,62.0,nan,,ok
4181.553191,19740.0,,cache-references:u,cache-references,5341768.0,50.0,nan,,ok
4181.553191,2691.0,,cache-misses:u,cache-misses,4998930.0,47.0,13.63,of all cache refs,ok
4181.553191,1060994.0,,stalled-cycles-frontend:u,stalled-cycles-frontend,2967189.0,28.0,30.4,frontend cycles idle,ok
4207.517787,347483.0,,instructions:u,instructions,2998786.0,37.0,0.08,insn per cycle,ok
4207.517787,nan,,,,nan,nan,4.77,stalled cycles per insn,unknown
4207.517787,4289999.0,,cycles:u,cycles,2915871.0,36.0,nan,,ok
4207.517787,43522.0,,branches:u,branches,3889737.0,49.0,nan,,ok
4207.517787,2099.0,,branch-misses:u,branch-misses,5087974.0,64.0,4.82,of all branches,ok
4207.517787,36686.0,,L1-dcache-loads:u,l1-dcache-loads,4903938.0,62.0,nan,,ok
4207.517787,5697.0,,cache-references:u,cache-references,4906323.0,62.0,nan,,ok
4207.517787,2173.0,,cache-misses:u,cache-misses,5034961.0,63.0,38.14,of all cache refs,ok
4207.517787,1658177.0,,stalled-cycles-frontend:u,stalled-cycles-frontend,2002069.0,25.0,38.65,frontend cycles idle,ok
4226.542732000001,569289.0,,instructions:u,instructions,4505048.0,34.0,0.05,insn per cycle,ok
4226.542732000001,nan,,,,nan,nan,11.83,stalled cycles per insn,unknown
4226.542732000001,10934571.0,,cycles:u,cycles,5422830.0,38.0,nan,,ok
4226.542732000001,378274.0,,branches:u,branches,7630662.0,50.0,nan,,ok
4226.542732000001,15752.0,,branch-misses:u,branch-misses,10639865.0,66.0,4.16,of all branches,ok
4226.542732000001,541794.0,,L1-dcache-loads:u,l1-dcache-loads,11052634.0,68.0,nan,,ok
4226.542732000001,61105.0,,cache-references:u,cache-references,11536564.0,71.0,nan,,ok
4226.542732000001,8485.0,,cache-misses:u,cache-misses,10741597.0,66.0,13.89,of all cache refs,ok
4226.542732000001,6736187.0,,stalled-cycles-frontend:u,stalled-cycles-frontend,3338191.0,20.0,61.6,frontend cycles idle,ok
4245.540131000001,1111459.0,,instructions:u,instructions,6672504.0,37.0,0.07,insn per cycle,ok
4245.540131000001,nan,,,,nan,nan,10.82,stalled cycles per insn,unknown
4245.540131000001,16852224.0,,cycles:u,cycles,6622372.0,36.0,nan,,ok
4245.540131000001,177459.0,,branches:u,branches,8598321.0,48.0,nan,,ok
4245.540131000001,8745.0,,branch-misses:u,branch-misses,10680990.0,59.0,4.93,of all branches,ok
4245.540131000001,222310.0,,L1-dcache-loads:u,l1-dcache-loads,11103378.0,65.0,nan,,ok
4245.540131000001,44247.0,,cache-references:u,cache-references,11366664.0,70.0,nan,,ok
4245.540131000001,9302.0,,cache-misses:u,cache-misses,11404712.0,66.0,21.02,of all cache refs,ok
4245.540131000001,12022775.0,,stalled-cycles-frontend:u,stalled-cycles-frontend,4499763.0,25.0,71.34,frontend cycles idle,ok
4275.525382,1115971.0,,instructions:u,instructions,8690937.0,34.0,0.27,insn per cycle,ok
4275.525382,nan,,,,nan,nan,4.3,stalled cycles per insn,unknown
4275.525382,4107566.0,,cycles:u,cycles,6717821.0,26.0,nan,,ok
4275.525382,99856.0,,branches:u,branches,9954987.0,39.0,nan,,ok
4275.525382,17280.0,,branch-misses:u,branch-misses,12987334.0,51.0,17.3,of all branches,ok
4275.525382,584338.0,,L1-dcache-loads:u,l1-dcache-loads,14611308.0,59.0,nan,,ok
4275.525382,79021.0,,cache-references:u,cache-references,16338149.0,69.0,nan,,ok
4275.525382,17770.0,,cache-misses:u,cache-misses,18325814.0,74.0,22.49,of all cache refs,ok
4275.525382,4798721.0,,stalled-cycles-frontend:u,stalled-cycles-frontend,6860402.0,27.0,116.83,frontend cycles idle,ok
4297.522345,1038167.0,,instructions:u,instructions,6897222.0,49.0,0.14,insn per cycle,ok
4297.522345,nan,,,,nan,nan,9.58,stalled cycles per insn,unknown
4297.522345,7495719.0,,cycles:u,cycles,6842593.0,46.0,nan,,ok
4297.522345,142580.0,,branches:u,branches,8138529.0,52.0,nan,,ok
4297.522345,8369.0,,branch-misses:u,branch-misses,9617410.0,61.0,5.87,of all branches,ok
4297.522345,122921.0,,L1-dcache-loads:u,l1-dcache-loads,9521840.0,61.0,nan,,ok
4297.522345,45746.0,,cache-references:u,cache-references,8822134.0,56.0,nan,,ok
4297.522345,11300.0,,cache-misses:u,cache-misses,8838115.0,56.0,24.7,of all cache refs,ok
4297.522345,9947810.0,,stalled-cycles-frontend:u,stalled-cycles-frontend,4023714.0,27.0,132.71,frontend cycles idle,ok
4311.542024,238891.0,,instructions:u,instructions,2116268.0,65.0,0.13,insn per cycle,ok
4311.542024,nan,,,,nan,nan,2.63,stalled cycles per insn,unknown
4311.542024,1775769.0,,cycles:u,cycles,3114562.0,95.0,nan,,ok
4311.542024,53418.0,,branches:u,branches,3303646.0,100.0,nan,,ok
4311.542024,4664.0,,branch-misses:u,branch-misses,3326105.0,100.0,8.73,of all branches,ok
4311.542024,130395.0,,L1-dcache-loads:u,l1-dcache-loads,2239708.0,66.0,nan,,ok
4311.542024,17348.0,,cache-references:u,cache-references,1275826.0,37.0,nan,,ok
4311.542024,4251.0,,cache-misses:u,cache-misses,308355.0,9.0,24.5,of all cache refs,ok
4311.542024,628351.0,,stalled-cycles-frontend:u,stalled-cycles-frontend,1116172.0,32.0,35.38,frontend cycles idle,ok
4325.521381,10177.0,,instructions:u,instructions,2309166.0,21.0,0.0,insn per cycle,ok
4325.521381,nan,,,,nan,nan,48.23,stalled cycles per insn,unknown
4325.521381,8157852.0,,cycles:u,cycles,2305725.0,21.0,nan,,ok
4325.521381,245570.0,,branches:u,branches,4120074.0,38.0,nan,,ok
4325.521381,12110.0,,branch-misses:u,branch-misses,6104783.0,57.0,4.93,of all branches,ok
4325.521381,403436.0,,L1-dcache-loads:u,l1-dcache-loads,7253411.0,68.0,nan,,ok
4325.521381,43219.0,,cache-references:u,cache-references,8265586.0,78.0,nan,,ok
4325.521381,3230.0,,cache-misses:u,cache-misses,8238204.0,86.0,7.47,of all cache refs,ok
4325.521381,490830.0,,stalled-cycles-frontend:u,stalled-cycles-frontend,2000524.0,19.0,6.02,frontend cycles idle,ok
4343.545566999999,90253.0,,instructions:u,instructions,2160582.0,42.0,0.03,insn per cycle,ok
4343.545566999999,nan,,,,nan,nan,41.37,stalled cycles per insn,unknown
4343.545566999999,3346787.0,,cycles:u,cycles,1204117.0,23.0,nan,,ok
4343.545566999999,28826.0,,branches:u,branches,1241821.0,24.0,nan,,ok
4343.545566999999,1099.0,,branch-misses:u,branch-misses,2199138.0,42.0,3.81,of all branches,ok
4343.545566999999,14572.0,,L1-dcache-loads:u,l1-dcache-loads,2241649.0,42.0,nan,,ok
4343.545566999999,6811.0,,cache-references:u,cache-references,2915688.0,55.0,nan,,ok
4343.545566999999,1915.0,,cache-misses:u,cache-misses,3918502.0,74.0,28.12,of all cache refs,ok
4343.545566999999,3733605.0,,stalled-cycles-frontend:u,stalled-cycles-frontend,2001614.0,37.0,111.56,frontend cycles idle,ok
4366.534675999999,614844.0,,instructions:u,instructions,3842032.0,43.0,0.18,insn per cycle,ok
4366.534675999999,nan,,,,nan,nan,3.47,stalled cycles per insn,unknown
4366.534675999999,3411120.0,,cycles:u,cycles,3957158.0,44.0,nan,,ok
4366.534675999999,81742.0,,branches:u,branches,4859457.0,54.0,nan,,ok
4366.534675999999,7153.0,,branch-misses:u,branch-misses,5855569.0,66.0,8.75,of all branches,ok
4366.534675999999,215635.0,,L1-dcache-loads:u,l1-dcache-loads,5844077.0,66.0,nan,,ok
4366.534675999999,20407.0,,cache-references:u,cache-references,5191158.0,58.0,nan,,ok
4366.534675999999,6356.0,,cache-misses:u,cache-misses,4915813.0,55.0,31.15,of all cache refs,ok
4366.534675999999,2132098.0,,stalled-cycles-frontend:u,stalled-cycles-frontend,2004033.0,22.0,62.5,frontend cycles idle,ok
4397.519333,1301422.0,,instructions:u,instructions,5951321.0,49.0,0.2,insn per cycle,ok
4397.519333,nan,,,,nan,nan,6.45,stalled cycles per insn,unknown
4397.519333,6487266.0,,cycles:u,cycles,6387715.0,49.0,nan,,ok
4397.519333,213645.0,,branches:u,branches,7809569.0,59.0,nan,,ok
4397.519333,10656.0,,branch-misses:u,branch-misses,8768946.0,67.0,4.99,of all branches,ok
4397.519333,262554.0,,L1-dcache-loads:u,l1-dcache-loads,7788242.0,59.0,nan,,ok
4397.519333,20436.0,,cache-references:u,cache-references,7082421.0,54.0,nan,,ok
4397.519333,8081.0,,cache-misses:u,cache-misses,6759897.0,51.0,39.54,of all cache refs,ok
4397.519333,8400669.0,,stalled-cycles-frontend:u,stalled-cycles-frontend,3959561.0,31.0,129.49,frontend cycles idle,ok
4415.559843999999,1140994.0,,instructions:u,instructions,5718325.0,42.0,0.29,insn per cycle,ok
4415.559843999999,nan,,,,nan,nan,3.26,stalled cycles per insn,unknown
4415.559843999999,3953188.0,,cycles:u,cycles,5098060.0,37.0,nan,,ok
4415.559843999999,117471.0,,branches:u,branches,6192102.0,45.0,nan,,ok
4415.559843999999,8068.0,,branch-misses:u,branch-misses,7755979.0,56.0,6.87,of all branches,ok
4415.559843999999,210867.0,,L1-dcache-loads:u,l1-dcache-loads,7394576.0,54.0,nan,,ok
4415.559843999999,44637.0,,cache-references:u,cache-references,7810761.0,59.0,nan,,ok
4415.559843999999,9969.0,,cache-misses:u,cache-misses,8469638.0,69.0,22.33,of all cache refs,ok
4415.559843999999,3724494.0,,stalled-cycles-frontend:u,stalled-cycles-frontend,4043165.0,30.0,94.21,frontend cycles idle,ok
4437.528298,1982321.0,,instructions:u,instructions,6678563.0,40.0,0.13,insn per cycle,ok
4437.528298,nan,,,,nan,nan,6.39,stalled cycles per insn,unknown
4437.528298,15733708.0,,cycles:u,cycles,7800522.0,44.0,nan,,ok
4437.528298,318599.0,,branches:u,branches,10753664.0,57.0,nan,,ok
4437.528298,16797.0,,branch-misses:u,branch-misses,13580493.0,71.0,5.27,of all branches,ok
4437.528298,459159.0,,L1-dcache-loads:u,l1-dcache-loads,13551021.0,70.0,nan,,ok
4437.528298,43233.0,,cache-references:u,cache-references,12488816.0,65.0,nan,,ok
4437.528298,9836.0,,cache-misses:u,cache-misses,11422239.0,59.0,22.75,of all cache refs,ok
4437.528298,12657819.0,,stalled-cycles-frontend:u,stalled-cycles-frontend,3950186.0,21.0,80.45,frontend cycles idle,ok
4460.580374,844544.0,,instructions:u,instructions,8459062.0,44.0,0.18,insn per cycle,ok
4460.580374,nan,,,,nan,nan,5.74,stalled cycles per insn,unknown
4460.580374,4784821.0,,cycles:u,cycles,7286764.0,38.0,nan,,ok
4460.580374,309606.0,,branches:u,branches,10332543.0,54.0,nan,,ok
4460.580374,21653.0,,branch-misses:u,branch-misses,12663208.0,66.0,6.99,of all branches,ok
4460.580374,643691.0,,L1-dcache-loads:u,l1-dcache-loads,11326590.0,59.0,nan,,ok
4460.580374,72559.0,,cache-references:u,cache-references,10788093.0,58.0,nan,,ok
4460.580374,16041.0,,cache-misses:u,cache-misses,11898733.0,67.0,22.11,of all cache refs,ok
4460.580374,4845003.0,,stalled-cycles-frontend:u,stalled-cycles-frontend,5765604.0,30.0,101.26,frontend cycles idle,ok
4484.567504000001,915431.0,,instructions:u,instructions,7849720.0,41.0,0.12,insn per cycle,ok
4484.567504000001,nan,,,,nan,nan,4.43,stalled cycles per insn,unknown
4484.567504000001,7490871.0,,cycles:u,cycles,5305656.0,28.0,nan,,ok
4484.567504000001,146474.0,,branches:u,branches,6339827.0,33.0,nan,,ok
4484.567504000001,8452.0,,branch-misses:u,branch-misses,9293024.0,49.0,5.77,of all branches,ok
4484.567504000001,358702.0,,L1-dcache-loads:u,l1-dcache-loads,9290093.0,49.0,nan,,ok
4484.567504000001,73492.0,,cache-references:u,cache-references,10853804.0,57.0,nan,,ok
4484.567504000001,13742.0,,cache-misses:u,cache-misses,13400320.0,75.0,18.7,of all cache refs,ok
4484.567504000001,4054204.0,,stalled-cycles-frontend:u,stalled-cycles-frontend,6579751.0,35.0,54.12,frontend cycles idle,ok
4502.609702,1369231.0,,instructions:u,instructions,7480812.0,56.0,0.13,insn per cycle,ok
4502.609702,nan,,,,nan,nan,5.07,stalled cycles per insn,unknown
4502.609702,10674955.0,,cycles:u,cycles,9016723.0,63.0,nan,,ok
4502.609702,306685.0,,branches:u,branches,10896617.0,71.0,nan,,ok
4502.609702,17319.0,,branch-misses:u,branch-misses,11992458.0,77.0,5.65,of all branches,ok
4502.609702,670823.0,,L1-dcache-loads:u,l1-dcache-loads,10986458.0,71.0,nan,,ok
4502.609702,59759.0,,cache-references:u,cache-references,8102233.0,52.0,nan,,ok
4502.609702,7648.0,,cache-misses:u,cache-misses,6570388.0,42.0,12.8,of all cache refs,ok
4502.609702,6942832.0,,stalled-cycles-frontend:u,stalled-cycles-frontend,3430684.0,22.0,65.04,frontend cycles idle,ok
4533.563407,301664.0,,instructions:u,instructions,6557509.0,48.0,0.04,insn per cycle,ok
4533.563407,nan,,,,nan,nan,15.3,stalled cycles per insn,unknown
4533.563407,7119767.0,,cycles:u,cycles,4971067.0,36.0,nan,,ok
4533.563407,131279.0,,branches:u,branches,7629709.0,53.0,nan,,ok
4533.563407,9570.0,,branch-misses:u,branch-misses,10554433.0,69.0,7.29,of all branches,ok
4533.563407,403327.0,,L1-dcache-loads:u,l1-dcache-loads,9100832.0,59.0,nan,,ok
4533.563407,62085.0,,cache-references:u,cache-references,8631710.0,56.0,nan,,ok
4533.563407,10038.0,,cache-misses:u,cache-misses,10179298.0,67.0,16.17,of all cache refs,ok
4533.563407,4616185.0,,stalled-cycles-frontend:u,stalled-cycles-frontend,5133807.0,34.0,64.84,frontend cycles idle,ok
4561.6639079999995,517834.0,,instructions:u,instructions,3532755.0,27.0,0.04,insn per cycle,ok
4561.6639079999995,nan,,,,nan,nan,4.45,stalled cycles per insn,unknown
4561.6639079999995,11955339.0,,cycles:u,cycles,4489002.0,34.0,nan,,ok
4561.6639079999995,305495.0,,branches:u,branches,6484902.0,64.0,nan,,ok
4561.6639079999995,13634.0,,branch-misses:u,branch-misses,8486487.0,76.0,4.46,of all branches,ok
4561.6639079999995,493747.0,,L1-dcache-loads:u,l1-dcache-loads,9116342.0,75.0,nan,,ok
4561.6639079999995,53052.0,,cache-references:u,cache-references,9674489.0,73.0,nan,,ok
4561.6639079999995,5168.0,,cache-misses:u,cache-misses,8759828.0,66.0,9.74,of all cache refs,ok
4561.6639079999995,2303748.0,,stalled-cycles-frontend:u,stalled-cycles-frontend,2046597.0,15.0,19.27,frontend cycles idle,ok
4597.554788,589744.0,,instructions:u,instructions,4539352.0,32.0,0.21,insn per cycle,ok
4597.554788,nan,,,,nan,nan,3.66,stalled cycles per insn,unknown
4597.554788,2868501.0,,cycles:u,cycles,3651701.0,27.0,nan,,ok
4597.554788,94643.0,,branches:u,branches,4680096.0,45.0,nan,,ok
4597.554788,5492.0,,branch-misses:u,branch-misses,6689681.0,58.0,5.8,of all branches,ok
4597.554788,255044.0,,L1-dcache-loads:u,l1-dcache-loads,7564100.0,61.0,nan,,ok
4597.554788,66202.0,,cache-references:u,cache-references,9177149.0,68.0,nan,,ok
4597.554788,14270.0,,cache-misses:u,cache-misses,10065894.0,72.0,21.56,of all cache refs,ok
4597.554788,2155771.0,,stalled-cycles-frontend:u,stalled-cycles-frontend,3362871.0,24.0,75.15,frontend cycles idle,ok
4611.656519,659390.0,,instructions:u,instructions,820935.0,33.0,0.23,insn per cycle,ok
4611.656519,2867924.0,,cycles:u,cycles,1774854.0,73.0,nan,,ok
4611.656519,56558.0,,branches:u,branches,2287673.0,96.0,nan,,ok
4611.656519,2724.0,,branch-misses:u,branch-misses,2338988.0,100.0,4.82,of all branches,ok
4611.656519,97475.0,,L1-dcache-loads:u,l1-dcache-loads,2299015.0,100.0,nan,,ok
4611.656519,5975.0,,cache-references:u,cache-references,1642070.0,72.0,nan,,ok
4611.656519,567.0,,cache-misses:u,cache-misses,645471.0,28.0,9.49,of all cache refs,ok
4611.656519,nan,,stalled-cycles-frontend:u,stalled-cycles-frontend,0.0,0.0,nan,,ok
4627.568545,0.0,,instructions:u,instructions,1215853.0,19.0,0.0,insn per cycle,ok
4627.568545,1389267.0,,cycles:u,cycles,1213978.0,19.0,nan,,ok
4627.568545,28273.0,,branches:u,branches,2251143.0,35.0,nan,,ok
4627.568545,2132.0,,branch-misses:u,branch-misses,3278353.0,52.0,7.54,of all branches,ok
4627.568545,156907.0,,L1-dcache-loads:u,l1-dcache-loads,3926904.0,62.0,nan,,ok
4627.568545,17651.0,,cache-references:u,cache-references,4930983.0,77.0,nan,,ok
4627.568545,2697.0,,cache-misses:u,cache-misses,4997499.0,78.0,15.28,of all cache refs,ok
4627.568545,0.0,,stalled-cycles-frontend:u,stalled-cycles-frontend,1450688.0,22.0,nan,,ok
4647.04979,338982.0,,instructions:u,instructions,3796405.0,57.0,0.09,insn per cycle,ok
4647.04979,nan,,,,nan,nan,2.92,stalled cycles per insn,unknown
4647.04979,3572151.0,,cycles:u,cycles,3513772.0,46.0,nan,,ok
4647.04979,118027.0,,branches:u,branches,4470581.0,52.0,nan,,ok
4647.04979,10061.0,,branch-misses:u,branch-misses,6209734.0,65.0,8.52,of all branches,ok
4647.04979,378533.0,,L1-dcache-loads:u,l1-dcache-loads,6682890.0,64.0,nan,,ok
4647.04979,64430.0,,cache-references:u,cache-references,6674070.0,64.0,nan,,ok
4647.04979,8577.0,,cache-misses:u,cache-misses,6892062.0,67.0,13.31,of all cache refs,ok
4647.04979,991007.0,,stalled-cycles-frontend:u,stalled-cycles-frontend,2558329.0,27.0,27.74,frontend cycles idle,ok
4660.40071,nan,,instructions:u,instructions,0.0,100.0,nan,,ok
4660.40071,nan,,cycles:u,cycles,0.0,100.0,nan,,ok
4660.40071,nan,,branches:u,branches,0.0,100.0,nan,,ok
4660.40071,nan,,branch-misses:u,branch-misses,0.0,100.0,nan,,ok
4660.40071,nan,,L1-dcache-loads:u,l1-dcache-loads,0.0,100.0,nan,,ok
4660.40071,nan,,cache-references:u,cache-references,0.0,100.0,nan,,ok
4660.40071,nan,,cache-misses:u,cache-misses,0.0,100.0,nan,,ok
4660.40071,nan,,stalled-cycles-frontend:u,stalled-cycles-frontend,0.0,100.0,nan,,ok
4674.49388,423059.0,,instructions:u,instructions,6351440.0,58.0,0.08,insn per cycle,ok
4674.49388,nan,,,,nan,nan,7.8,stalled cycles per insn,unknown
4674.49388,5572558.0,,cycles:u,cycles,5758832.0,50.0,nan,,ok
4674.49388,93152.0,,branches:u,branches,6806138.0,59.0,nan,,ok
4674.49388,5970.0,,branch-misses:u,branch-misses,7434077.0,64.0,6.41,of all branches,ok
4674.49388,226513.0,,L1-dcache-loads:u,l1-dcache-loads,5951954.0,51.0,nan,,ok
4674.49388,36400.0,,cache-references:u,cache-references,4972605.0,42.0,nan,,ok
4674.49388,7314.0,,cache-misses:u,cache-misses,5640550.0,50.0,20.09,of all cache refs,ok
4674.49388,3301861.0,,stalled-cycles-frontend:u,stalled-cycles-frontend,4717192.0,46.0,59.25,frontend cycles idle,ok
4691.639684,1757087.0,,instructions:u,instructions,5614596.0,37.0,0.17,insn per cycle,ok
4691.639684,nan,,,,nan,nan,3.25,stalled cycles per insn,unknown
4691.639684,10120046.0,,cycles:u,cycles,6072237.0,42.0,nan,,ok
4691.639684,209240.0,,branches:u,branches,7155690.0,64.0,nan,,ok
4691.639684,12806.0,,branch-misses:u,branch-misses,9329275.0,75.0,6.12,of all branches,ok
4691.639684,524211.0,,L1-dcache-loads:u,l1-dcache-loads,9742736.0,73.0,nan,,ok
4691.639684,62266.0,,cache-references:u,cache-references,9774162.0,68.0,nan,,ok
4691.639684,11220.0,,cache-misses:u,cache-misses,9052839.0,59.0,18.02,of all cache refs,ok
4691.639684,5714083.0,,stalled-cycles-frontend:u,stalled-cycles-frontend,3274857.0,21.0,56.46,frontend cycles idle,ok
4707.505086,3327.0,,instructions:u,instructions,849537.0,18.0,0.0,insn per cycle,ok
4707.505086,nan,,,,nan,nan,130.6,stalled cycles per insn,unknown
4707.505086,5788041.0,,cycles:u,cycles,758265.0,17.0,nan,,ok
4707.505086,175142.0,,branches:u,branches,1057453.0,24.0,nan,,ok
4707.505086,6964.0,,branch-misses:u,branch-misses,1616660.0,37.0,3.98,of all branches,ok
4707.505086,338098.0,,L1-dcache-loads:u,l1-dcache-loads,2368806.0,56.0,nan,,ok
4707.505086,24473.0,,cache-references:u,cache-references,3336713.0,79.0,nan,,ok
4707.505086,3626.0,,cache-misses:u,cache-misses,3616330.0,87.0,14.82,of all cache refs,ok
4707.505086,434506.0,,stalled-cycles-frontend:u,stalled-cycles-frontend,849537.0,20.0,7.51,frontend cycles idle,ok
4718.885071,nan,,instructions:u,instructions,0.0,100.0,nan,,ok
4718.885071,nan,,cycles:u,cycles,0.0,100.0,nan,,ok
4718.885071,nan,,branches:u,branches,0.0,100.0,nan,,ok
4718.885071,nan,,branch-misses:u,branch-misses,0.0,100.0,nan,,ok
4718.885071,nan,,L1-dcache-loads:u,l1-dcache-loads,0.0,100.0,nan,,ok
4718.885071,nan,,cache-references:u,cache-references,0.0,100.0,nan,,ok
4718.885071,nan,,cache-misses:u,cache-misses,0.0,100.0,nan,,ok
4718.885071,nan,,stalled-cycles-frontend:u,stalled-cycles-frontend,0.0,100.0,nan,,ok
4732.545026999999,204355.0,,instructions:u,instructions,3011972.0,72.0,0.18,insn per cycle,ok
4732.545026999999,nan,,,,nan,nan,8.11,stalled cycles per insn,unknown
4732.545026999999,1123468.0,,cycles:u,cycles,2168643.0,52.0,nan,,ok
4732.545026999999,46113.0,,branches:u,branches,2168643.0,52.0,nan,,ok
4732.545026999999,2709.0,,branch-misses:u,branch-misses,2168643.0,52.0,5.87,of all branches,ok
4732.545026999999,0.0,,L1-dcache-loads:u,l1-dcache-loads,1154286.0,27.0,nan,,ok
4732.545026999999,16522.0,,cache-references:u,cache-references,1142945.0,27.0,nan,,ok
4732.545026999999,4198.0,,cache-misses:u,cache-misses,1986274.0,47.0,25.41,of all cache refs,ok
4732.545026999999,1657041.0,,stalled-cycles-frontend:u,stalled-cycles-frontend,2008630.0,48.0,147.49,frontend cycles idle,ok
4746.515044,nan,,instructions:u,instructions,0.0,100.0,nan,,ok
4746.515044,nan,,cycles:u,cycles,0.0,100.0,nan,,ok
4746.515044,nan,,branches:u,branches,0.0,100.0,nan,,ok
4746.515044,nan,,branch-misses:u,branch-misses,0.0,100.0,nan,,ok
4746.515044,nan,,L1-dcache-loads:u,l1-dcache-loads,0.0,100.0,nan,,ok
4746.515044,nan,,cache-references:u,cache-references,0.0,100.0,nan,,ok
4746.515044,nan,,cache-misses:u,cache-misses,0.0,100.0,nan,,ok
4746.515044,nan,,stalled-cycles-frontend:u,stalled-cycles-frontend,0.0,100.0,nan,,ok
4759.067156,nan,,instructions:u,instructions,0.0,100.0,nan,,ok
4759.067156,nan,,cycles:u,cycles,0.0,100.0,nan,,ok
4759.067156,nan,,branches:u,branches,0.0,100.0,nan,,ok
4759.067156,nan,,branch-misses:u,branch-misses,0.0,100.0,nan,,ok
4759.067156,nan,,L1-dcache-loads:u,l1-dcache-loads,0.0,100.0,nan,,ok
4759.067156,nan,,cache-references:u,cache-references,0.0,100.0,nan,,ok
4759.067156,nan,,cache-misses:u,cache-misses,0.0,100.0,nan,,ok
4759.067156,nan,,stalled-cycles-frontend:u,stalled-cycles-frontend,0.0,100.0,nan,,ok
4771.509373,0.0,,instructions:u,instructions,33137.0,0.0,0.0,insn per cycle,ok
4771.509373,300014.0,,cycles:u,cycles,731887.0,15.0,nan,,ok
4771.509373,50991.0,,branches:u,branches,1732808.0,36.0,nan,,ok
4771.509373,4634.0,,branch-misses:u,branch-misses,2734293.0,57.0,9.09,of all branches,ok
4771.509373,105081.0,,L1-dcache-loads:u,l1-dcache-loads,3729786.0,78.0,nan,,ok
4771.509373,15855.0,,cache-references:u,cache-references,4732184.0,99.0,nan,,ok
4771.509373,4040.0,,cache-misses:u,cache-misses,4033434.0,84.0,25.48,of all cache refs,ok
4771.509373,0.0,,stalled-cycles-frontend:u,stalled-cycles-frontend,33137.0,0.0,nan,,ok
4784.251159,665557.0,,instructions:u,instructions,3459108.0,100.0,0.16,insn per cycle,ok
4784.251159,nan,,,,nan,nan,2.42,stalled cycles per insn,unknown
4784.251159,4148781.0,,cycles:u,cycles,2513928.0,71.0,nan,,ok
4784.251159,184656.0,,branches:u,branches,2550485.0,72.0,nan,,ok
4784.251159,7167.0,,branch-misses:u,branch-misses,2578179.0,72.0,3.88,of all branches,ok
4784.251159,474118.0,,L1-dcache-loads:u,l1-dcache-loads,1044434.0,37.0,nan,,ok
4784.251159,5989.0,,cache-references:u,cache-references,60409.0,3.0,nan,,ok
4784.251159,3974.0,,cache-misses:u,cache-misses,985593.0,35.0,66.35,of all cache refs,ok
4784.251159,1610978.0,,stalled-cycles-frontend:u,stalled-cycles-frontend,2589304.0,70.0,38.83,frontend cycles idle,ok
4796.8954889999995,205343.0,,instructions:u,instructions,138946.0,4.0,0.13,insn per cycle,ok
4796.8954889999995,1558000.0,,cycles:u,cycles,1092883.0,33.0,nan,,ok
4796.8954889999995,7728.0,,branches:u,branches,2047496.0,63.0,nan,,ok
4796.8954889999995,347.0,,branch-misses:u,branch-misses,3062036.0,95.0,4.49,of all branches,ok
4796.8954889999995,11143.0,,L1-dcache-loads:u,l1-dcache-loads,3137618.0,100.0,nan,,ok
4796.8954889999995,2463.0,,cache-references:u,cache-references,3112893.0,100.0,nan,,ok
4796.8954889999995,207.0,,cache-misses:u,cache-misses,2178952.0,70.0,8.4,of all cache refs,ok
4796.8954889999995,nan,,stalled-cycles-frontend:u,stalled-cycles-frontend,0.0,0.0,nan,,ok
4812.531277,0.0,,instructions:u,instructions,1174990.0,19.0,0.0,insn per cycle,ok
4812.531277,1441448.0,,cycles:u,cycles,901196.0,15.0,nan,,ok
4812.531277,31893.0,,branches:u,branches,1896960.0,32.0,nan,,ok
4812.531277,5339.0,,branch-misses:u,branch-misses,2893637.0,49.0,16.74,of all branches,ok
4812.531277,153267.0,,L1-dcache-loads:u,l1-dcache-loads,3719336.0,63.0,nan,,ok
4812.531277,18227.0,,cache-references:u,cache-references,4717763.0,80.0,nan,,ok
4812.531277,2630.0,,cache-misses:u,cache-misses,4991557.0,84.0,14.43,of all cache refs,ok
4812.531277,0.0,,stalled-cycles-frontend:u,stalled-cycles-frontend,1174990.0,19.0,nan,,ok
4827.539642,361343.0,,instructions:u,instructions,2887281.0,36.0,0.14,insn per cycle,ok
4827.539642,nan,,,,nan,nan,3.5,stalled cycles per insn,unknown
4827.539642,2603545.0,,cycles:u,cycles,2917010.0,36.0,nan,,ok
4827.539642,81544.0,,branches:u,branches,3955094.0,49.0,nan,,ok
4827.539642,5688.0,,branch-misses:u,branch-misses,4988682.0,62.0,6.98,of all branches,ok
4827.539642,175447.0,,L1-dcache-loads:u,l1-dcache-loads,5004625.0,62.0,nan,,ok
4827.539642,24135.0,,cache-references:u,cache-references,5000254.0,62.0,nan,,ok
4827.539642,3974.0,,cache-misses:u,cache-misses,5008380.0,62.0,16.47,of all cache refs,ok
4827.539642,1263751.0,,stalled-cycles-frontend:u,stalled-cycles-frontend,2096148.0,25.0,48.54,frontend cycles idle,ok
4841.5429699999995,519419.0,,instructions:u,instructions,4051827.0,79.0,2.22,insn per cycle,ok
4841.5429699999995,nan,,,,nan,nan,1.86,stalled cycles per insn,unknown
4841.5429699999995,233629.0,,cycles:u,cycles,3016727.0,59.0,nan,,ok
4841.5429699999995,998.0,,branches:u,branches,2975382.0,59.0,nan,,ok
4841.5429699999995,197.0,,branch-misses:u,branch-misses,2942097.0,59.0,19.74,of all branches,ok
4841.5429699999995,4615.0,,L1-dcache-loads:u,l1-dcache-loads,1238974.0,25.0,nan,,ok
4841.5429699999995,38042.0,,cache-references:u,cache-references,1018032.0,22.0,nan,,ok
4841.5429699999995,7587.0,,cache-misses:u,cache-misses,2015277.0,53.0,19.94,of all cache refs,ok
4841.5429699999995,965112.0,,stalled-cycles-frontend:u,stalled-cycles-frontend,2628168.0,59.0,413.1,frontend cycles idle,ok
4861.538973,357164.0,,instructions:u,instructions,4100977.0,47.0,0.08,insn per cycle,ok
4861.538973,nan,,,,nan,nan,6.55,stalled cycles per insn,unknown
4861.538973,4568609.0,,cycles:u,cycles,3206692.0,36.0,nan,,ok
4861.538973,75851.0,,branches:u,branches,4230557.0,48.0,nan,,ok
4861.538973,4347.0,,branch-misses:u,branch-misses,5261356.0,59.0,5.73,of all branches,ok
4861.538973,171313.0,,L1-dcache-loads:u,l1-dcache-loads,4612243.0,52.0,nan,,ok
4861.538973,18339.0,,cache-references:u,cache-references,4605010.0,52.0,nan,,ok
4861.538973,4393.0,,cache-misses:u,cache-misses,5535083.0,62.0,23.95,of all cache refs,ok
4861.538973,2338115.0,,stalled-cycles-frontend:u,stalled-cycles-frontend,3279022.0,36.0,51.18,frontend cycles idle,ok
4876.513561000001,201547.0,,instructions:u,instructions,1832574.0,53.0,0.12,insn per cycle,ok
4876.513561000001,nan,,,,nan,nan,4.57,stalled cycles per insn,unknown
4876.513561000001,1679911.0,,cycles:u,cycles,2798195.0,82.0,nan,,ok
4876.513561000001,41084.0,,branches:u,branches,3352714.0,100.0,nan,,ok
4876.513561000001,3050.0,,branch-misses:u,branch-misses,3320584.0,100.0,7.42,of all branches,ok
4876.513561000001,98219.0,,L1-dcache-loads:u,l1-dcache-loads,2582623.0,78.0,nan,,ok
4876.513561000001,13470.0,,cache-references:u,cache-references,1586331.0,48.0,nan,,ok
4876.513561000001,1844.0,,cache-misses:u,cache-misses,584922.0,17.0,13.69,of all cache refs,ok
4876.513561000001,920342.0,,stalled-cycles-frontend:u,stalled-cycles-frontend,663022.0,20.0,54.79,frontend cycles idle,ok
4891.5073680000005,37165.0,,instructions:u,instructions,2195533.0,38.0,0.03,insn per cycle,ok
4891.5073680000005,nan,,,,nan,nan,15.52,stalled cycles per insn,unknown
4891.5073680000005,1411703.0,,cycles:u,cycles,2132113.0,31.0,nan,,ok
4891.5073680000005,6525.0,,branches:u,branches,2683647.0,40.0,nan,,ok
4891.5073680000005,3613.0,,branch-misses:u,branch-misses,3684433.0,55.0,55.37,of all branches,ok
4891.5073680000005,231897.0,,L1-dcache-loads:u,l1-dcache-loads,4154166.0,62.0,nan,,ok
4891.5073680000005,33363.0,,cache-references:u,cache-references,4488285.0,67.0,nan,,ok
4891.5073680000005,6130.0,,cache-misses:u,cache-misses,4551705.0,79.0,18.37,of all cache refs,ok
4891.5073680000005,576731.0,,stalled-cycles-frontend:u,stalled-cycles-frontend,1526355.0,30.0,40.85,frontend cycles idle,ok
4917.5444449999995,535993.0,,instructions:u,instructions,5660362.0,53.0,0.09,insn per cycle,ok
4917.5444449999995,nan,,,,nan,nan,7.31,stalled cycles per insn,unknown
4917.5444449999995,5967489.0,,cycles:u,cycles,4665225.0,44.0,nan,,ok
4917.5444449999995,139239.0,,branches:u,branches,5665035.0,53.0,nan,,ok
4917.5444449999995,7923.0,,branch-misses:u,branch-misses,6809269.0,64.0,5.69,of all branches,ok
4917.5444449999995,228178.0,,L1-dcache-loads:u,l1-dcache-loads,5500026.0,52.0,nan,,ok
4917.5444449999995,24463.0,,cache-references:u,cache-references,4830467.0,46.0,nan,,ok
4917.5444449999995,5737.0,,cache-misses:u,cache-misses,5825604.0,55.0,23.45,of all cache refs,ok
4917.5444449999995,3919212.0,,stalled-cycles-frontend:u,stalled-cycles-frontend,3992247.0,38.0,65.68,frontend cycles idle,ok
4932.570524,10177.0,,instructions:u,instructions,3061337.0,37.0,0.0,insn per cycle,ok
4932.570524,nan,,,,nan,nan,98.05,stalled cycles per insn,unknown
4932.570524,4732305.0,,cycles:u,cycles,3694410.0,41.0,nan,,ok
4932.570524,36582.0,,branches:u,branches,4692061.0,52.0,nan,,ok
4932.570524,4501.0,,branch-misses:u,branch-misses,5684074.0,63.0,12.3,of all branches,ok
4932.570524,170510.0,,L1-dcache-loads:u,l1-dcache-loads,6178480.0,69.0,nan,,ok
4932.570524,35056.0,,cache-references:u,cache-references,5828225.0,65.0,nan,,ok
4932.570524,4518.0,,cache-misses:u,cache-misses,5195152.0,64.0,12.89,of all cache refs,ok
4932.570524,997839.0,,stalled-cycles-frontend:u,stalled-cycles-frontend,1709901.0,24.0,21.09,frontend cycles idle,ok
4972.583104,600494.0,,instructions:u,instructions,5985291.0,41.0,0.07,insn per cycle,ok
4972.583104,nan,,,,nan,nan,8.34,stalled cycles per insn,unknown
4972.583104,8714728.0,,cycles:u,cycles,6014594.0,41.0,nan,,ok
4972.583104,139006.0,,branches:u,branches,8004882.0,55.0,nan,,ok
4972.583104,8761.0,,branch-misses:u,branch-misses,9372884.0,64.0,6.3,of all branches,ok
4972.583104,281858.0,,L1-dcache-loads:u,l1-dcache-loads,8423696.0,58.0,nan,,ok
4972.583104,30505.0,,cache-references:u,cache-references,8579809.0,58.0,nan,,ok
4972.583104,5596.0,,cache-misses:u,cache-misses,8604642.0,58.0,18.34,of all cache refs,ok
4972.583104,5010007.0,,stalled-cycles-frontend:u,stalled-cycles-frontend,3983953.0,27.0,57.49,frontend cycles idle,ok
5001.533652,1607012.0,,instructions:u,instructions,5493675.0,45.0,0.19,insn per cycle,ok
5001.533652,nan,,,,nan,nan,5.68,stalled cycles per insn,unknown
5001.533652,8315457.0,,cycles:u,cycles,5738453.0,46.0,nan,,ok
5001.533652,253803.0,,branches:u,branches,7469494.0,60.0,nan,,ok
5001.533652,8966.0,,branch-misses:u,branch-misses,9132430.0,70.0,3.53,of all branches,ok
5001.533652,118118.0,,L1-dcache-loads:u,l1-dcache-loads,9016653.0,66.0,nan,,ok
5001.533652,22309.0,,cache-references:u,cache-references,7994531.0,58.0,nan,,ok
5001.533652,8030.0,,cache-misses:u,cache-misses,7731082.0,56.0,35.99,of all cache refs,ok
5001.533652,9124189.0,,stalled-cycles-frontend:u,stalled-cycles-frontend,3662279.0,28.0,109.73,frontend cycles idle,ok
5032.517065999999,134443.0,,instructions:u,instructions,3717818.0,50.0,0.05,insn per cycle,ok
5032.517065999999,nan,,,,nan,nan,1.81,stalled cycles per insn,unknown
5032.517065999999,2499875.0,,cycles:u,cycles,3682170.0,44.0,nan,,ok
5032.517065999999,108434.0,,branches:u,branches,5266325.0,56.0,nan,,ok
5032.517065999999,11939.0,,branch-misses:u,branch-misses,7240485.0,70.0,11.01,of all branches,ok
5032.517065999999,481626.0,,L1-dcache-loads:u,l1-dcache-loads,7967389.0,71.0,nan,,ok
5032.517065999999,64657.0,,cache-references:u,cache-references,7731280.0,68.0,nan,,ok
5032.517065999999,9834.0,,cache-misses:u,cache-misses,7731463.0,68.0,15.21,of all cache refs,ok
5032.517065999999,243843.0,,stalled-cycles-frontend:u,stalled-cycles-frontend,2189451.0,19.0,9.75,frontend cycles idle,ok
5045.497714,26257.0,,instructions:u,instructions,2428825.0,39.0,0.01,insn per cycle,ok
5045.497714,nan,,,,nan,nan,52.18,stalled cycles per insn,unknown
5045.497714,3556635.0,,cycles:u,cycles,2999773.0,48.0,nan,,ok
5045.497714,46892.0,,branches:u,branches,4000255.0,64.0,nan,,ok
5045.497714,3158.0,,branch-misses:u,branch-misses,4999236.0,80.0,6.73,of all branches,ok
5045.497714,121126.0,,L1-dcache-loads:u,l1-dcache-loads,4774994.0,76.0,nan,,ok
5045.497714,16774.0,,cache-references:u,cache-references,3778560.0,60.0,nan,,ok
5045.497714,1238.0,,cache-misses:u,cache-misses,3207612.0,51.0,7.38,of all cache refs,ok
5045.497714,1370079.0,,stalled-cycles-frontend:u,stalled-cycles-frontend,1432391.0,23.0,38.52,frontend cycles idle,ok
5059.518354,nan,,instructions:u,instructions,0.0,100.0,nan,,ok
5059.518354,nan,,cycles:u,cycles,0.0,100.0,nan,,ok
5059.518354,nan,,branches:u,branches,0.0,100.0,nan,,ok
5059.518354,nan,,branch-misses:u,branch-misses,0.0,100.0,nan,,ok
5059.518354,nan,,L1-dcache-loads:u,l1-dcache-loads,0.0,100.0,nan,,ok
5059.518354,nan,,cache-references:u,cache-references,0.0,100.0,nan,,ok
5059.518354,nan,,cache-misses:u,cache-misses,0.0,100.0,nan,,ok
5059.518354,nan,,stalled-cycles-frontend:u,stalled-cycles-frontend,0.0,100.0,nan,,ok
5082.556707,537130.0,,instructions:u,instructions,4723317.0,28.0,0.03,insn per cycle,ok
5082.556707,nan,,,,nan,nan,4.94,stalled cycles per insn,unknown
5082.556707,16824319.0,,cycles:u,cycles,5100206.0,30.0,nan,,ok
5082.556707,316992.0,,branches:u,branches,7114535.0,42.0,nan,,ok
5082.556707,12052.0,,branch-misses:u,branch-misses,9096225.0,54.0,3.8,of all branches,ok
5082.556707,412526.0,,L1-dcache-loads:u,l1-dcache-loads,10618358.0,64.0,nan,,ok
5082.556707,45024.0,,cache-references:u,cache-references,11832673.0,76.0,nan,,ok
5082.556707,6414.0,,cache-misses:u,cache-misses,11455784.0,69.0,14.25,of all cache refs,ok
5082.556707,2653339.0,,stalled-cycles-frontend:u,stalled-cycles-frontend,3189506.0,19.0,15.77,frontend cycles idle,ok
5105.559713,483821.0,,instructions:u,instructions,3524649.0,40.0,0.1,insn per cycle,ok
5105.559713,nan,,,,nan,nan,1.87,stalled cycles per insn,unknown
5105.559713,4737154.0,,cycles:u,cycles,2998851.0,34.0,nan,,ok
5105.559713,106629.0,,branches:u,branches,3999155.0,45.0,nan,,ok
5105.559713,6763.0,,branch-misses:u,branch-misses,5150611.0,59.0,6.34,of all branches,ok
5105.559713,232070.0,,L1-dcache-loads:u,l1-dcache-loads,5153611.0,59.0,nan,,ok
5105.559713,37395.0,,cache-references:u,cache-references,5169255.0,59.0,nan,,ok
5105.559713,5839.0,,cache-misses:u,cache-misses,5695053.0,65.0,15.61,of all cache refs,ok
5105.559713,906795.0,,stalled-cycles-frontend:u,stalled-cycles-frontend,2525694.0,29.0,19.14,frontend cycles idle,ok
5132.5216359999995,1740807.0,,instructions:u,instructions,10191149.0,44.0,0.14,insn per cycle,ok
5132.5216359999995,nan,,,,nan,nan,4.55,stalled cycles per insn,unknown
5132.5216359999995,12367594.0,,cycles:u,cycles,8698727.0,38.0,nan,,ok
5132.5216359999995,192238.0,,branches:u,branches,10738414.0,46.0,nan,,ok
5132.5216359999995,10158.0,,branch-misses:u,branch-misses,13571967.0,59.0,5.28,of all branches,ok
5132.5216359999995,231418.0,,L1-dcache-loads:u,l1-dcache-loads,12072301.0,52.0,nan,,ok
5132.5216359999995,32015.0,,cache-references:u,cache-references,12625934.0,55.0,nan,,ok
5132.5216359999995,10581.0,,cache-misses:u,cache-misses,14168418.0,64.0,33.05,of all cache refs,ok
5132.5216359999995,7915011.0,,stalled-cycles-frontend:u,stalled-cycles-frontend,8014815.0,34.0,64.0,frontend cycles idle,ok
5154.5590600000005,1352499.0,,instructions:u,instructions,7056296.0,44.0,0.15,insn per cycle,ok
5154.5590600000005,nan,,,,nan,nan,3.8,stalled cycles per insn,unknown
5154.5590600000005,9164181.0,,cycles:u,cycles,8043344.0,48.0,nan,,ok
5154.5590600000005,303286.0,,branches:u,branches,10312303.0,58.0,nan,,ok
5154.5590600000005,16236.0,,branch-misses:u,branch-misses,12726394.0,67.0,5.35,of all branches,ok
5154.5590600000005,459090.0,,L1-dcache-loads:u,l1-dcache-loads,13411023.0,69.0,nan,,ok
5154.5590600000005,60985.0,,cache-references:u,cache-references,12384038.0,63.0,nan,,ok
5154.5590600000005,10253.0,,cache-misses:u,cache-misses,11388759.0,58.0,16.81,of all cache refs,ok
5154.5590600000005,5146148.0,,stalled-cycles-frontend:u,stalled-cycles-frontend,4028557.0,21.0,56.16,frontend cycles idle,ok
5186.542625,290496.0,,instructions:u,instructions,4109413.0,40.0,0.12,insn per cycle,ok
5186.542625,nan,,,,nan,nan,4.88,stalled cycles per insn,unknown
5186.542625,2366296.0,,cycles:u,cycles,3927304.0,39.0,nan,,ok
5186.542625,55066.0,,branches:u,branches,4405003.0,44.0,nan,,ok
5186.542625,6547.0,,branch-misses:u,branch-misses,5361504.0,54.0,11.89,of all branches,ok
5186.542625,429175.0,,L1-dcache-loads:u,l1-dcache-loads,5482045.0,55.0,nan,,ok
5186.542625,58455.0,,cache-references:u,cache-references,5920485.0,63.0,nan,,ok
5186.542625,11616.0,,cache-misses:u,cache-misses,6060763.0,64.0,19.87,of all cache refs,ok
5186.542625,1418483.0,,stalled-cycles-frontend:u,stalled-cycles-frontend,2409812.0,25.0,59.95,frontend cycles idle,ok
5213.587563,475668.0,,instructions:u,instructions,1780177.0,26.0,0.18,insn per cycle,ok
5213.587563,nan,,,,nan,nan,3.34,stalled cycles per insn,unknown
5213.587563,2605442.0,,cycles:u,cycles,1721930.0,25.0,nan,,ok
5213.587563,87102.0,,branches:u,branches,2720816.0,40.0,nan,,ok
5213.587563,6840.0,,branch-misses:u,branch-misses,3716868.0,55.0,7.85,of all branches,ok
5213.587563,136139.0,,L1-dcache-loads:u,l1-dcache-loads,3941037.0,58.0,nan,,ok
5213.587563,16870.0,,cache-references:u,cache-references,4939133.0,73.0,nan,,ok
5213.587563,4342.0,,cache-misses:u,cache-misses,4997380.0,74.0,25.74,of all cache refs,ok
5213.587563,1587599.0,,stalled-cycles-frontend:u,stalled-cycles-frontend,1780177.0,26.0,60.93,frontend cycles idle,ok
5227.562607000001,301669.0,,instructions:u,instructions,4508110.0,67.0,0.04,insn per cycle,ok
5227.562607000001,nan,,,,nan,nan,10.08,stalled cycles per insn,unknown
5227.562607000001,7095686.0,,cycles:u,cycles,5800189.0,76.0,nan,,ok
5227.562607000001,179296.0,,branches:u,branches,7086952.0,93.0,nan,,ok
5227.562607000001,6845.0,,branch-misses:u,branch-misses,7132323.0,93.0,3.82,of all branches,ok
5227.562607000001,388462.0,,L1-dcache-loads:u,l1-dcache-loads,5428835.0,70.0,nan,,ok
5227.562607000001,33005.0,,cache-references:u,cache-references,3200814.0,41.0,nan,,ok
5227.562607000001,2655.0,,cache-misses:u,cache-misses,1945119.0,28.0,8.04,of all cache refs,ok
5227.562607000001,3040846.0,,stalled-cycles-frontend:u,stalled-cycles-frontend,2238437.0,37.0,42.85,frontend cycles idle,ok
5267.509440000001,909541.0,,instructions:u,instructions,2784955.0,22.0,0.12,insn per cycle,ok
5267.509440000001,nan,,,,nan,nan,2.33,stalled cycles per insn,unknown
5267.509440000001,7874467.0,,cycles:u,cycles,3064531.0,24.0,nan,,ok
5267.509440000001,160140.0,,branches:u,branches,5772186.0,46.0,nan,,ok
5267.509440000001,11123.0,,branch-misses:u,branch-misses,8655415.0,69.0,6.95,of all branches,ok
5267.509440000001,307041.0,,L1-dcache-loads:u,l1-dcache-loads,9549654.0,76.0,nan,,ok
5267.509440000001,36630.0,,cache-references:u,cache-references,9654922.0,77.0,nan,,ok
5267.509440000001,5191.0,,cache-misses:u,cache-misses,9362784.0,75.0,14.17,of all cache refs,ok
5267.509440000001,2120579.0,,stalled-cycles-frontend:u,stalled-cycles-frontend,1789194.0,14.0,26.93,frontend cycles idle,ok
5281.511247,1260447.0,,instructions:u,instructions,2908726.0,37.0,0.16,insn per cycle,ok
5281.511247,nan,,,,nan,nan,4.31,stalled cycles per insn,unknown
5281.511247,7942045.0,,cycles:u,cycles,2904910.0,37.0,nan,,ok
5281.511247,169805.0,,branches:u,branches,3903271.0,49.0,nan,,ok
5281.511247,5941.0,,branch-misses:u,branch-misses,4849325.0,61.0,3.5,of all branches,ok
5281.511247,242304.0,,L1-dcache-loads:u,l1-dcache-loads,4932185.0,62.0,nan,,ok
5281.511247,18583.0,,cache-references:u,cache-references,5243702.0,64.0,nan,,ok
5281.511247,6207.0,,cache-misses:u,cache-misses,5223696.0,64.0,33.4,of all cache refs,ok
5281.511247,5428442.0,,stalled-cycles-frontend:u,stalled-cycles-frontend,1913855.0,24.0,68.35,frontend cycles idle,ok
5312.542147,226024.0,,instructions:u,instructions,2128820.0,29.0,0.07,insn per cycle,ok
5312.542147,nan,,,,nan,nan,1.84,stalled cycles per insn,unknown
5312.542147,3181891.0,,cycles:u,cycles,2174250.0,30.0,nan,,ok
5312.542147,65806.0,,branches:u,branches,3210247.0,44.0,nan,,ok
5312.542147,5128.0,,branch-misses:u,branch-misses,4239366.0,58.0,7.79,of all branches,ok
5312.542147,170792.0,,L1-dcache-loads:u,l1-dcache-loads,4332109.0,59.0,nan,,ok
5312.542147,20778.0,,cache-references:u,cache-references,4993971.0,68.0,nan,,ok
5312.542147,1899.0,,cache-misses:u,cache-misses,4992172.0,68.0,9.14,of all cache refs,ok
5312.542147,415803.0,,stalled-cycles-frontend:u,stalled-cycles-frontend,1931697.0,26.0,13.07,frontend cycles idle,ok
5336.537139,571166.0,,instructions:u,instructions,3008266.0,46.0,0.12,insn per cycle,ok
5336.537139,nan,,,,nan,nan,6.7,stalled cycles per insn,unknown
5336.537139,4579982.0,,cycles:u,cycles,3010500.0,40.0,nan,,ok
5336.537139,168931.0,,branches:u,branches,4034677.0,47.0,nan,,ok
5336.537139,13074.0,,branch-misses:u,branch-misses,5798888.0,60.0,7.74,of all branches,ok
5336.537139,681304.0,,L1-dcache-loads:u,l1-dcache-loads,6567224.0,63.0,nan,,ok
5336.537139,62862.0,,cache-references:u,cache-references,7232513.0,70.0,nan,,ok
5336.537139,10089.0,,cache-misses:u,cache-misses,7241794.0,70.0,16.05,of all cache refs,ok
5336.537139,3826585.0,,stalled-cycles-frontend:u,stalled-cycles-frontend,1999324.0,20.0,83.55,frontend cycles idle,ok
5371.576941,2158004.0,,instructions:u,instructions,6237339.0,37.0,0.26,insn per cycle,ok
5371.576941,nan,,,,nan,nan,4.19,stalled cycles per insn,unknown
5371.576941,8433042.0,,cycles:u,cycles,7569883.0,43.0,nan,,ok
5371.576941,236045.0,,branches:u,branches,9584025.0,54.0,nan,,ok
5371.576941,12549.0,,branch-misses:u,branch-misses,11544636.0,65.0,5.32,of all branches,ok
5371.576941,435977.0,,L1-dcache-loads:u,l1-dcache-loads,12083074.0,68.0,nan,,ok
5371.576941,47285.0,,cache-references:u,cache-references,11504762.0,65.0,nan,,ok
5371.576941,15965.0,,cache-misses:u,cache-misses,10152423.0,60.0,33.76,of all cache refs,ok
5371.576941,9035655.0,,stalled-cycles-frontend:u,stalled-cycles-frontend,3426753.0,21.0,107.15,frontend cycles idle,ok
5390.507997000001,180131.0,,instructions:u,instructions,2802497.0,33.0,0.08,insn per cycle,ok
5390.507997000001,2147353.0,,cycles:u,cycles,2804401.0,33.0,nan,,ok
5390.507997000001,55648.0,,branches:u,branches,3805900.0,46.0,nan,,ok
5390.507997000001,5516.0,,branch-misses:u,branch-misses,4801439.0,58.0,9.91,of all branches,ok
5390.507997000001,191777.0,,L1-dcache-loads:u,l1-dcache-loads,5332554.0,65.0,nan,,ok
5390.507997000001,31709.0,,cache-references:u,cache-references,5335661.0,65.0,nan,,ok
5390.507997000001,4427.0,,cache-misses:u,cache-misses,5298406.0,65.0,13.96,of all cache refs,ok
5390.507997000001,0.0,,stalled-cycles-frontend:u,stalled-cycles-frontend,1469192.0,18.0,nan,,ok
5413.544677,820888.0,,instructions:u,instructions,2999859.0,78.0,0.26,insn per cycle,ok
5413.544677,nan,,,,nan,nan,9.09,stalled cycles per insn,unknown
5413.544677,3129342.0,,cycles:u,cycles,2557746.0,66.0,nan,,ok
5413.544677,169719.0,,branches:u,branches,3531353.0,73.0,nan,,ok
5413.544677,4921.0,,branch-misses:u,branch-misses,4530132.0,78.0,2.9,of all branches,ok
5413.544677,5780.0,,L1-dcache-loads:u,l1-dcache-loads,4529664.0,66.0,nan,,ok
5413.544677,3870.0,,cache-references:u,cache-references,3921719.0,56.0,nan,,ok
5413.544677,5978.0,,cache-misses:u,cache-misses,4363832.0,63.0,154.47,of all cache refs,ok
5413.544677,7462940.0,,stalled-cycles-frontend:u,stalled-cycles-frontend,2002405.0,29.0,238.48,frontend cycles idle,ok
5431.588675999999,1240.0,,instructions:u,instructions,183757.0,3.0,0.0,insn per cycle,ok
5431.588675999999,2726951.0,,cycles:u,cycles,1170493.0,22.0,nan,,ok
5431.588675999999,24482.0,,branches:u,branches,2172406.0,41.0,nan,,ok
5431.588675999999,2094.0,,branch-misses:u,branch-misses,3172689.0,60.0,8.55,of all branches,ok
5431.588675999999,122611.0,,L1-dcache-loads:u,l1-dcache-loads,4167073.0,79.0,nan,,ok
5431.588675999999,14147.0,,cache-references:u,cache-references,5112931.0,96.0,nan,,ok
5431.588675999999,2049.0,,cache-misses:u,cache-misses,4156552.0,78.0,14.48,of all cache refs,ok
5431.588675999999,nan,,stalled-cycles-frontend:u,stalled-cycles-frontend,0.0,0.0,nan,,ok
5449.527975999999,424339.0,,instructions:u,instructions,2980344.0,75.0,0.23,insn per cycle,ok
5449.527975999999,nan,,,,nan,nan,2.77,stalled cycles per insn,unknown
5449.527975999999,1807763.0,,cycles:u,cycles,2116444.0,53.0,nan,,ok
5449.527975999999,75652.0,,branches:u,branches,2149434.0,54.0,nan,,ok
5449.527975999999,5667.0,,branch-misses:u,branch-misses,2189401.0,54.0,7.49,of all branches,ok
5449.527975999999,113440.0,,L1-dcache-loads:u,l1-dcache-loads,1214549.0,30.0,nan,,ok
5449.527975999999,10514.0,,cache-references:u,cache-references,1027711.0,25.0,nan,,ok
5449.527975999999,5790.0,,cache-misses:u,cache-misses,1720364.0,42.0,55.07,of all cache refs,ok
5449.527975999999,1175915.0,,stalled-cycles-frontend:u,stalled-cycles-frontend,2005092.0,50.0,65.05,frontend cycles idle,ok
5463.563809,7771.0,,instructions:u,instructions,238634.0,6.0,0.0,insn per cycle,ok
5463.563809,5670552.0,,cycles:u,cycles,2050409.0,45.0,nan,,ok
5463.563809,118921.0,,branches:u,branches,4031641.0,73.0,nan,,ok
5463.563809,6488.0,,branch-misses:u,branch-misses,5978019.0,92.0,5.46,of all branches,ok
5463.563809,221274.0,,L1-dcache-loads:u,l1-dcache-loads,6674390.0,100.0,nan,,ok
5463.563809,32739.0,,cache-references:u,cache-references,6397969.0,96.0,nan,,ok
5463.563809,3203.0,,cache-misses:u,cache-misses,4727084.0,71.0,9.78,of all cache refs,ok
5463.563809,nan,,stalled-cycles-frontend:u,stalled-cycles-frontend,0.0,0.0,nan,,ok
5481.563225999999,647969.0,,instructions:u,instructions,3755276.0,44.0,0.17,insn per cycle,ok
5481.563225999999,nan,,,,nan,nan,1.47,stalled cycles per insn,unknown
5481.563225999999,3780284.0,,cycles:u,cycles,3765067.0,44.0,nan,,ok
5481.563225999999,155334.0,,branches:u,branches,4399600.0,52.0,nan,,ok
5481.563225999999,10776.0,,branch-misses:u,branch-misses,5393083.0,64.0,6.94,of all branches,ok
5481.563225999999,295547.0,,L1-dcache-loads:u,l1-dcache-loads,4628589.0,55.0,nan,,ok
5481.563225999999,47000.0,,cache-references:u,cache-references,4638555.0,55.0,nan,,ok
5481.563225999999,5436.0,,cache-misses:u,cache-misses,4628764.0,55.0,11.57,of all cache refs,ok
5481.563225999999,954313.0,,stalled-cycles-frontend:u,stalled-cycles-frontend,2760603.0,32.0,25.24,frontend cycles idle,ok
5495.530702,nan,,instructions:u,instructions,0.0,0.0,nan,,ok
5495.530702,nan,,cycles:u,cycles,0.0,0.0,nan,,ok
5495.530702,127228.0,,branches:u,branches,901699.0,47.0,nan,,ok
5495.530702,5948.0,,branch-misses:u,branch-misses,1901133.0,100.0,4.68,of all branches,ok
5495.530702,211745.0,,L1-dcache-loads:u,l1-dcache-loads,2636675.0,100.0,nan,,ok
5495.530702,30902.0,,cache-references:u,cache-references,2636675.0,100.0,nan,,ok
5495.530702,5176.0,,cache-misses:u,cache-misses,2636675.0,100.0,16.75,of all cache refs,ok
5495.530702,nan,,stalled-cycles-frontend:u,stalled-cycles-frontend,0.0,0.0,nan,,ok
5515.5149,224038.0,,instructions:u,instructions,3011015.0,47.0,0.47,insn per cycle,ok
5515.5149,nan,,,,nan,nan,6.5,stalled cycles per insn,unknown
5515.5149,480948.0,,cycles:u,cycles,2371631.0,37.0,nan,,ok
5515.5149,2542.0,,branches:u,branches,2371631.0,37.0,nan,,ok
5515.5149,648.0,,branch-misses:u,branch-misses,3362378.0,52.0,25.49,of all branches,ok
5515.5149,45034.0,,L1-dcache-loads:u,l1-dcache-loads,3363242.0,52.0,nan,,ok
5515.5149,16876.0,,cache-references:u,cache-references,3349258.0,52.0,nan,,ok
5515.5149,3831.0,,cache-misses:u,cache-misses,3988642.0,62.0,22.7,of all cache refs,ok
5515.5149,1456796.0,,stalled-cycles-frontend:u,stalled-cycles-frontend,2000212.0,31.0,302.9,frontend cycles idle,ok
5526.937325999999,nan,,instructions:u,instructions,0.0,0.0,nan,,ok
5526.937325999999,846667.0,,cycles:u,cycles,1566854.0,50.0,nan,,ok
5526.937325999999,28572.0,,branches:u,branches,2565938.0,82.0,nan,,ok
5526.937325999999,2883.0,,branch-misses:u,branch-misses,3132764.0,100.0,10.09,of all branches,ok
5526.937325999999,66394.0,,L1-dcache-loads:u,l1-dcache-loads,3153865.0,100.0,nan,,ok
5526.937325999999,7527.0,,cache-references:u,cache-references,3181199.0,100.0,nan,,ok
5526.937325999999,2310.0,,cache-misses:u,cache-misses,1643839.0,51.0,30.69,of all cache refs,ok
5526.937325999999,nan,,stalled-cycles-frontend:u,stalled-cycles-frontend,0.0,0.0,nan,,ok
5538.080986,4092.0,,instructions:u,instructions,838913.0,15.0,nan,,ok
5538.080986,nan,,,,nan,nan,118.3,stalled cycles per insn,unknown
5538.080986,nan,,cycles:u,cycles,0.0,0.0,nan,,ok
5538.080986,nan,,branches:u,branches,0.0,0.0,nan,,ok
5538.080986,2204.0,,branch-misses:u,branch-misses,548922.0,17.0,nan,,ok
5538.080986,302775.0,,L1-dcache-loads:u,l1-dcache-loads,2532410.0,62.0,nan,,ok
5538.080986,52805.0,,cache-references:u,cache-references,4500218.0,89.0,nan,,ok
5538.080986,6994.0,,cache-misses:u,cache-misses,5309637.0,100.0,13.24,of all cache refs,ok
5538.080986,484082.0,,stalled-cycles-frontend:u,stalled-cycles-frontend,838913.0,15.0,nan,,ok
5548.809547,240560.0,,instructions:u,instructions,3000760.0,64.0,0.21,insn per cycle,ok
5548.809547,nan,,,,nan,nan,10.3,stalled cycles per insn,unknown
5548.809547,1153775.0,,cycles:u,cycles,2640920.0,57.0,nan,,ok
5548.809547,56322.0,,branches:u,branches,2640920.0,57.0,nan,,ok
5548.809547,3586.0,,branch-misses:u,branch-misses,2640920.0,57.0,6.37,of all branches,ok
5548.809547,0.0,,L1-dcache-loads:u,l1-dcache-loads,1639903.0,35.0,nan,,ok
5548.809547,6045.0,,cache-references:u,cache-references,1631094.0,35.0,nan,,ok
5548.809547,3164.0,,cache-misses:u,cache-misses,1990934.0,42.0,52.34,of all cache refs,ok
5548.809547,2478139.0,,stalled-cycles-frontend:u,stalled-cycles-frontend,2000536.0,43.0,214.79,frontend cycles idle,ok
5559.70262,nan,,instructions:u,instructions,0.0,100.0,nan,,ok
5559.70262,nan,,cycles:u,cycles,0.0,100.0,nan,,ok
5559.70262,nan,,branches:u,branches,0.0,100.0,nan,,ok
5559.70262,nan,,branch-misses:u,branch-misses,0.0,100.0,nan,,ok
5559.70262,nan,,L1-dcache-loads:u,l1-dcache-loads,0.0,100.0,nan,,ok
5559.70262,nan,,cache-references:u,cache-references,0.0,100.0,nan,,ok
5559.70262,nan,,cache-misses:u,cache-misses,0.0,100.0,nan,,ok
5559.70262,nan,,stalled-cycles-frontend:u,stalled-cycles-frontend,0.0,100.0,nan,,ok
5571.200957,nan,,instructions:u,instructions,0.0,100.0,nan,,ok
5571.200957,nan,,cycles:u,cycles,0.0,100.0,nan,,ok
5571.200957,nan,,branches:u,branches,0.0,100.0,nan,,ok
5571.200957,nan,,branch-misses:u,branch-misses,0.0,100.0,nan,,ok
5571.200957,nan,,L1-dcache-loads:u,l1-dcache-loads,0.0,100.0,nan,,ok
5571.200957,nan,,cache-references:u,cache-references,0.0,100.0,nan,,ok
5571.200957,nan,,cache-misses:u,cache-misses,0.0,0.0,nan,,ok
5571.200957,nan,,stalled-cycles-frontend:u,stalled-cycles-frontend,0.0,0.0,nan,,ok
5582.707672,nan,,instructions:u,instructions,0.0,0.0,nan,,ok
5582.707672,906808.0,,cycles:u,cycles,1305764.0,36.0,nan,,ok
5582.707672,64073.0,,branches:u,branches,2303485.0,64.0,nan,,ok
5582.707672,6699.0,,branch-misses:u,branch-misses,3314606.0,93.0,10.46,of all branches,ok
5582.707672,157367.0,,L1-dcache-loads:u,l1-dcache-loads,3561181.0,100.0,nan,,ok
5582.707672,23932.0,,cache-references:u,cache-references,3561181.0,100.0,nan,,ok
5582.707672,4265.0,,cache-misses:u,cache-misses,2255417.0,63.0,17.82,of all cache refs,ok
5582.707672,nan,,stalled-cycles-frontend:u,stalled-cycles-frontend,0.0,0.0,nan,,ok
5593.8654559999995,nan,,instructions:u,instructions,0.0,100.0,nan,,ok
5593.8654559999995,nan,,cycles:u,cycles,0.0,100.0,nan,,ok
5593.8654559999995,nan,,branches:u,branches,0.0,100.0,nan,,ok
5593.8654559999995,nan,,branch-misses:u,branch-misses,0.0,100.0,nan,,ok
5593.8654559999995,nan,,L1-dcache-loads:u,l1-dcache-loads,0.0,100.0,nan,,ok
5593.8654559999995,nan,,cache-references:u,cache-references,0.0,100.0,nan,,ok
5593.8654559999995,nan,,cache-misses:u,cache-misses,0.0,100.0,nan,,ok
5593.8654559999995,nan,,stalled-cycles-frontend:u,stalled-cycles-frontend,0.0,100.0,nan,,ok
5604.982963,606037.0,,instructions:u,instructions,3542461.0,68.0,1.8,insn per cycle,ok
5604.982963,nan,,,,nan,nan,3.43,stalled cycles per insn,unknown
5604.982963,336904.0,,cycles:u,cycles,1554657.0,30.0,nan,,ok
5604.982963,1008.0,,branches:u,branches,1554657.0,30.0,nan,,ok
5604.982963,218.0,,branch-misses:u,branch-misses,1554657.0,30.0,21.63,of all branches,ok
5604.982963,51598.0,,L1-dcache-loads:u,l1-dcache-loads,1117851.0,21.0,nan,,ok
5604.982963,32235.0,,cache-references:u,cache-references,1613371.0,39.0,nan,,ok
5604.982963,7192.0,,cache-misses:u,cache-misses,3601175.0,70.0,22.31,of all cache refs,ok
5604.982963,2078504.0,,stalled-cycles-frontend:u,stalled-cycles-frontend,3037737.0,58.0,616.94,frontend cycles idle,ok
5616.680067,nan,,instructions:u,instructions,0.0,100.0,nan,,ok
5616.680067,nan,,cycles:u,cycles,0.0,100.0,nan,,ok
5616.680067,nan,,branches:u,branches,0.0,100.0,nan,,ok
5616.680067,nan,,branch-misses:u,branch-misses,0.0,100.0,nan,,ok
5616.680067,nan,,L1-dcache-loads:u,l1-dcache-loads,0.0,100.0,nan,,ok
5616.680067,nan,,cache-references:u,cache-references,0.0,100.0,nan,,ok
5616.680067,nan,,cache-misses:u,cache-misses,0.0,100.0,nan,,ok
5616.680067,nan,,stalled-cycles-frontend:u,stalled-cycles-frontend,0.0,100.0,nan,,ok
5627.7691540000005,37116.0,,instructions:u,instructions,1990931.0,59.0,0.02,insn per cycle,ok
5627.7691540000005,nan,,,,nan,nan,29.05,stalled cycles per insn,unknown
5627.7691540000005,2204314.0,,cycles:u,cycles,2990665.0,89.0,nan,,ok
5627.7691540000005,12492.0,,branches:u,branches,3378396.0,100.0,nan,,ok
5627.7691540000005,1134.0,,branch-misses:u,branch-misses,3401333.0,100.0,9.08,of all branches,ok
5627.7691540000005,27398.0,,L1-dcache-loads:u,l1-dcache-loads,2440991.0,71.0,nan,,ok
5627.7691540000005,6744.0,,cache-references:u,cache-references,1462377.0,42.0,nan,,ok
5627.7691540000005,690.0,,cache-misses:u,cache-misses,482867.0,13.0,10.23,of all cache refs,ok
5627.7691540000005,1078208.0,,stalled-cycles-frontend:u,stalled-cycles-frontend,989079.0,28.0,48.91,frontend cycles idle,ok
5638.745803,nan,,instructions:u,instructions,0.0,0.0,nan,,ok
5638.745803,nan,,cycles:u,cycles,0.0,0.0,nan,,ok
5638.745803,115185.0,,branches:u,branches,614779.0,20.0,nan,,ok
5638.745803,2970.0,,branch-misses:u,branch-misses,1589833.0,52.0,2.58,of all branches,ok
5638.745803,83188.0,,L1-dcache-loads:u,l1-dcache-loads,2558306.0,84.0,nan,,ok
5638.745803,5613.0,,cache-references:u,cache-references,2989426.0,100.0,nan,,ok
5638.745803,495.0,,cache-misses:u,cache-misses,2969202.0,100.0,8.82,of all cache refs,ok
5638.745803,nan,,stalled-cycles-frontend:u,stalled-cycles-frontend,0.0,0.0,nan,,ok
5649.618179,nan,,instructions:u,instructions,0.0,0.0,nan,,ok
5649.618179,nan,,cycles:u,cycles,0.0,0.0,nan,,ok
5649.618179,nan,,branches:u,branches,0.0,0.0,nan,,ok
5649.618179,nan,,branch-misses:u,branch-misses,0.0,0.0,nan,,ok
5649.618179,nan,,L1-dcache-loads:u,l1-dcache-loads,0.0,0.0,nan,,ok
5649.618179,0.0,,cache-references:u,cache-references,350366.0,100.0,nan,,ok
5649.618179,0.0,,cache-misses:u,cache-misses,350366.0,100.0,nan,,ok
5649.618179,nan,,stalled-cycles-frontend:u,stalled-cycles-frontend,0.0,0.0,nan,,ok
5661.289635,423850.0,,instructions:u,instructions,2995533.0,57.0,0.15,insn per cycle,ok
5661.289635,nan,,,,nan,nan,2.87,stalled cycles per insn,unknown
5661.289635,2761574.0,,cycles:u,cycles,3003189.0,57.0,nan,,ok
5661.289635,77504.0,,branches:u,branches,3197315.0,61.0,nan,,ok
5661.289635,5936.0,,branch-misses:u,branch-misses,3197315.0,61.0,7.66,of all branches,ok
5661.289635,178593.0,,L1-dcache-loads:u,l1-dcache-loads,2196075.0,42.0,nan,,ok
5661.289635,19266.0,,cache-references:u,cache-references,2185861.0,42.0,nan,,ok
5661.289635,5100.0,,cache-misses:u,cache-misses,2178205.0,42.0,26.47,of all cache refs,ok
5661.289635,1217155.0,,stalled-cycles-frontend:u,stalled-cycles-frontend,1994020.0,38.0,44.07,frontend cycles idle,ok
5672.481756,13886.0,,instructions:u,instructions,1076343.0,19.0,0.01,insn per cycle,ok
5672.481756,1299507.0,,cycles:u,cycles,1648554.0,26.0,nan,,ok
5672.481756,70142.0,,branches:u,branches,2582458.0,42.0,nan,,ok
5672.481756,5503.0,,branch-misses:u,branch-misses,3437583.0,55.0,7.85,of all branches,ok
5672.481756,260836.0,,L1-dcache-loads:u,l1-dcache-loads,3998369.0,64.0,nan,,ok
5672.481756,32467.0,,cache-references:u,cache-references,5016754.0,81.0,nan,,ok
5672.481756,7296.0,,cache-misses:u,cache-misses,4554225.0,82.0,22.47,of all cache refs,ok
5672.481756,0.0,,stalled-cycles-frontend:u,stalled-cycles-frontend,233695.0,5.0,nan,,ok
5683.47811,632.0,,instructions:u,instructions,674495.0,100.0,nan,,ok
5683.47811,nan,,,,nan,nan,143.17,stalled cycles per insn,unknown
5683.47811,nan,,cycles:u,cycles,0.0,0.0,nan,,ok
5683.47811,nan,,branches:u,branches,0.0,0.0,nan,,ok
5683.47811,nan,,branch-misses:u,branch-misses,0.0,0.0,nan,,ok
5683.47811,nan,,L1-dcache-loads:u,l1-dcache-loads,0.0,0.0,nan,,ok
5683.47811,nan,,cache-references:u,cache-references,0.0,0.0,nan,,ok
5683.47811,171.0,,cache-misses:u,cache-misses,564813.0,100.0,nan,,ok
5683.47811,90484.0,,stalled-cycles-frontend:u,stalled-cycles-frontend,538462.0,100.0,nan,,ok
5694.798326,nan,,instructions:u,instructions,0.0,100.0,nan,,ok
5694.798326,nan,,cycles:u,cycles,0.0,100.0,nan,,ok
5694.798326,nan,,branches:u,branches,0.0,100.0,nan,,ok
5694.798326,nan,,branch-misses:u,branch-misses,0.0,100.0,nan,,ok
5694.798326,nan,,L1-dcache-loads:u,l1-dcache-loads,0.0,100.0,nan,,ok
5694.798326,nan,,cache-references:u,cache-references,0.0,100.0,nan,,ok
5694.798326,nan,,cache-misses:u,cache-misses,0.0,100.0,nan,,ok
5694.798326,nan,,stalled-cycles-frontend:u,stalled-cycles-frontend,0.0,100.0,nan,,ok
5705.542149,185694.0,,instructions:u,instructions,3003984.0,87.0,0.1,insn per cycle,ok
5705.542149,nan,,,,nan,nan,8.15,stalled cycles per insn,unknown
5705.542149,1829082.0,,cycles:u,cycles,2045277.0,59.0,nan,,ok
5705.542149,54845.0,,branches:u,branches,2045277.0,59.0,nan,,ok
5705.542149,3418.0,,branch-misses:u,branch-misses,2045277.0,59.0,6.23,of all branches,ok
5705.542149,204636.0,,L1-dcache-loads:u,l1-dcache-loads,1039579.0,30.0,nan,,ok
5705.542149,1709.0,,cache-references:u,cache-references,443588.0,12.0,nan,,ok
5705.542149,3166.0,,cache-misses:u,cache-misses,1402295.0,40.0,185.25,of all cache refs,ok
5705.542149,1512481.0,,stalled-cycles-frontend:u,stalled-cycles-frontend,2011724.0,58.0,82.69,frontend cycles idle,ok
5717.478573,nan,,instructions:u,instructions,0.0,100.0,nan,,ok
5717.478573,nan,,cycles:u,cycles,0.0,100.0,nan,,ok
5717.478573,nan,,branches:u,branches,0.0,100.0,nan,,ok
5717.478573,nan,,branch-misses:u,branch-misses,0.0,100.0,nan,,ok
5717.478573,nan,,L1-dcache-loads:u,l1-dcache-loads,0.0,100.0,nan,,ok
5717.478573,nan,,cache-references:u,cache-references,0.0,100.0,nan,,ok
5717.478573,nan,,cache-misses:u,cache-misses,0.0,100.0,nan,,ok
5717.478573,nan,,stalled-cycles-frontend:u,stalled-cycles-frontend,0.0,100.0,nan,,ok
5728.545669,nan,,instructions:u,instructions,0.0,0.0,nan,,ok
5728.545669,0.0,,cycles:u,cycles,970603.0,23.0,nan,,ok
5728.545669,0.0,,branches:u,branches,1963159.0,47.0,nan,,ok
5728.545669,0.0,,branch-misses:u,branch-misses,2965568.0,71.0,nan,,ok
5728.545669,0.0,,L1-dcache-loads:u,l1-dcache-loads,3968856.0,95.0,nan,,ok
5728.545669,0.0,,cache-references:u,cache-references,4166914.0,100.0,nan,,ok
5728.545669,0.0,,cache-misses:u,cache-misses,3196311.0,76.0,nan,,ok
5728.545669,nan,,stalled-cycles-frontend:u,stalled-cycles-frontend,0.0,0.0,nan,,ok
5740.236409,119543.0,,instructions:u,instructions,1866926.0,61.0,0.06,insn per cycle,ok
5740.236409,nan,,,,nan,nan,5.66,stalled cycles per insn,unknown
5740.236409,2147628.0,,cycles:u,cycles,907945.0,29.0,nan,,ok
5740.236409,49200.0,,branches:u,branches,934514.0,30.0,nan,,ok
5740.236409,2673.0,,branch-misses:u,branch-misses,972375.0,30.0,5.43,of all branches,ok
5740.236409,nan,,L1-dcache-loads:u,l1-dcache-loads,0.0,0.0,nan,,ok
5740.236409,3530.0,,cache-references:u,cache-references,1173985.0,36.0,nan,,ok
5740.236409,1524.0,,cache-misses:u,cache-misses,2175272.0,67.0,43.17,of all cache refs,ok
5740.236409,676380.0,,stalled-cycles-frontend:u,stalled-cycles-frontend,2006245.0,61.0,31.49,frontend cycles idle,ok
5752.024416,286521.0,,instructions:u,instructions,1137083.0,36.0,0.16,insn per cycle,ok
5752.024416,1748224.0,,cycles:u,cycles,2098122.0,68.0,nan,,ok
5752.024416,48145.0,,branches:u,branches,3022955.0,100.0,nan,,ok
5752.024416,3721.0,,branch-misses:u,branch-misses,2985094.0,100.0,7.73,of all branches,ok
5752.024416,101632.0,,L1-dcache-loads:u,l1-dcache-loads,2952511.0,99.0,nan,,ok
5752.024416,15795.0,,cache-references:u,cache-references,1954747.0,66.0,nan,,ok
5752.024416,989.0,,cache-misses:u,cache-misses,951402.0,32.0,6.26,of all cache refs,ok
5752.024416,nan,,stalled-cycles-frontend:u,stalled-cycles-frontend,0.0,0.0,nan,,ok
5763.307474,4877.0,,instructions:u,instructions,858435.0,56.0,nan,,ok
5763.307474,nan,,,,nan,nan,50.82,stalled cycles per insn,unknown
5763.307474,nan,,cycles:u,cycles,0.0,0.0,nan,,ok
5763.307474,5270.0,,branches:u,branches,701194.0,100.0,nan,,ok
5763.307474,609.0,,branch-misses:u,branch-misses,724633.0,100.0,11.56,of all branches,ok
5763.307474,14827.0,,L1-dcache-loads:u,l1-dcache-loads,746029.0,100.0,nan,,ok
5763.307474,5551.0,,cache-references:u,cache-references,785402.0,100.0,nan,,ok
5763.307474,2495.0,,cache-misses:u,cache-misses,1671221.0,100.0,44.95,of all cache refs,ok
5763.307474,247865.0,,stalled-cycles-frontend:u,stalled-cycles-frontend,858435.0,50.0,nan,,ok
5774.726412,nan,,instructions:u,instructions,0.0,0.0,nan,,ok
5774.726412,nan,,cycles:u,cycles,0.0,0.0,nan,,ok
5774.726412,30865.0,,branches:u,branches,84208.0,2.0,nan,,ok
5774.726412,9494.0,,branch-misses:u,branch-misses,1065548.0,33.0,30.76,of all branches,ok
5774.726412,366468.0,,L1-dcache-loads:u,l1-dcache-loads,2044322.0,64.0,nan,,ok
5774.726412,21903.0,,cache-references:u,cache-references,3128554.0,100.0,nan,,ok
5774.726412,2804.0,,cache-misses:u,cache-misses,3101170.0,100.0,12.8,of all cache refs,ok
5774.726412,nan,,stalled-cycles-frontend:u,stalled-cycles-frontend,0.0,0.0,nan,,ok
5786.096173,290163.0,,instructions:u,instructions,3010014.0,53.0,0.1,insn per cycle,ok
5786.096173,nan,,,,nan,nan,10.38,stalled cycles per insn,unknown
5786.096173,3038501.0,,cycles:u,cycles,2734441.0,47.0,nan,,ok
5786.096173,67896.0,,branches:u,branches,2759130.0,48.0,nan,,ok
5786.096173,4199.0,,branch-misses:u,branch-misses,2792783.0,48.0,6.18,of all branches,ok
5786.096173,148778.0,,L1-dcache-loads:u,l1-dcache-loads,2800255.0,48.0,nan,,ok
5786.096173,6103.0,,cache-references:u,cache-references,2805006.0,48.0,nan,,ok
5786.096173,2577.0,,cache-misses:u,cache-misses,2975606.0,51.0,42.23,of all cache refs,ok
5786.096173,3011144.0,,stalled-cycles-frontend:u,stalled-cycles-frontend,1999072.0,34.0,99.1,frontend cycles idle,ok
5797.340545,nan,,instructions:u,instructions,0.0,0.0,nan,,ok
5797.340545,0.0,,cycles:u,cycles,277370.0,13.0,nan,,ok
5797.340545,0.0,,branches:u,branches,1244023.0,60.0,nan,,ok
5797.340545,0.0,,branch-misses:u,branch-misses,2031898.0,100.0,nan,,ok
5797.340545,0.0,,L1-dcache-loads:u,l1-dcache-loads,2005400.0,100.0,nan,,ok
5797.340545,0.0,,cache-references:u,cache-references,1985267.0,100.0,nan,,ok
5797.340545,0.0,,cache-misses:u,cache-misses,1812870.0,92.0,nan,,ok
5797.340545,nan,,stalled-cycles-frontend:u,stalled-cycles-frontend,0.0,0.0,nan,,ok
5808.394995,nan,,instructions:u,instructions,0.0,100.0,nan,,ok
5808.394995,nan,,cycles:u,cycles,0.0,100.0,nan,,ok
5808.394995,nan,,branches:u,branches,0.0,100.0,nan,,ok
5808.394995,nan,,branch-misses:u,branch-misses,0.0,100.0,nan,,ok
5808.394995,nan,,L1-dcache-loads:u,l1-dcache-loads,0.0,100.0,nan,,ok
5808.394995,nan,,cache-references:u,cache-references,0.0,100.0,nan,,ok
5808.394995,nan,,cache-misses:u,cache-misses,0.0,100.0,nan,,ok
5808.394995,nan,,stalled-cycles-frontend:u,stalled-cycles-frontend,0.0,100.0,nan,,ok
5819.064507,166798.0,,instructions:u,instructions,178887.0,6.0,nan,,ok
5819.064507,nan,,,,nan,nan,1.69,stalled cycles per insn,unknown
5819.064507,nan,,cycles:u,cycles,0.0,0.0,nan,,ok
5819.064507,nan,,branches:u,branches,0.0,0.0,nan,,ok
5819.064507,4993.0,,branch-misses:u,branch-misses,782235.0,26.0,nan,,ok
5819.064507,127838.0,,L1-dcache-loads:u,l1-dcache-loads,1782190.0,60.0,nan,,ok
5819.064507,15225.0,,cache-references:u,cache-references,2782702.0,93.0,nan,,ok
5819.064507,3672.0,,cache-misses:u,cache-misses,2961589.0,100.0,24.12,of all cache refs,ok
5819.064507,281561.0,,stalled-cycles-frontend:u,stalled-cycles-frontend,178887.0,6.0,nan,,ok
5830.007078000001,38230.0,,instructions:u,instructions,942952.0,100.0,0.09,insn per cycle,ok
5830.007078000001,nan,,,,nan,nan,4.37,stalled cycles per insn,unknown
5830.007078000001,409868.0,,cycles:u,cycles,862090.0,91.0,nan,,ok
5830.007078000001,8987.0,,branches:u,branches,862090.0,91.0,nan,,ok
5830.007078000001,927.0,,branch-misses:u,branch-misses,862090.0,91.0,10.31,of all branches,ok
5830.007078000001,nan,,L1-dcache-loads:u,l1-dcache-loads,0.0,0.0,nan,,ok
5830.007078000001,nan,,cache-references:u,cache-references,0.0,0.0,nan,,ok
5830.007078000001,0.0,,cache-misses:u,cache-misses,80862.0,8.0,nan,,ok
5830.007078000001,167192.0,,stalled-cycles-frontend:u,stalled-cycles-frontend,942952.0,100.0,40.79,frontend cycles idle,ok
5841.13191,2579.0,,instructions:u,instructions,984070.0,100.0,0.02,insn per cycle,ok
5841.13191,nan,,,,nan,nan,80.64,stalled cycles per insn,unknown
5841.13191,140932.0,,cycles:u,cycles,984070.0,100.0,nan,,ok
5841.13191,557.0,,branches:u,branches,984070.0,100.0,nan,,ok
5841.13191,71.0,,branch-misses:u,branch-misses,984070.0,100.0,12.75,of all branches,ok
5841.13191,212.0,,L1-dcache-loads:u,l1-dcache-loads,514367.0,52.0,nan,,ok
5841.13191,nan,,cache-references:u,cache-references,0.0,0.0,nan,,ok
5841.13191,nan,,cache-misses:u,cache-misses,0.0,0.0,nan,,ok
5841.13191,207973.0,,stalled-cycles-frontend:u,stalled-cycles-frontend,469703.0,47.0,147.57,frontend cycles idle,ok
5852.308158,128244.0,,instructions:u,instructions,636726.0,41.0,0.17,insn per cycle,ok
5852.308158,749052.0,,cycles:u,cycles,636726.0,41.0,nan,,ok
5852.308158,30075.0,,branches:u,branches,636726.0,41.0,nan,,ok
5852.308158,2372.0,,branch-misses:u,branch-misses,636726.0,41.0,7.89,of all branches,ok
5852.308158,52790.0,,L1-dcache-loads:u,l1-dcache-loads,636726.0,40.0,nan,,ok
5852.308158,1963.0,,cache-references:u,cache-references,946959.0,59.0,nan,,ok
5852.308158,1080.0,,cache-misses:u,cache-misses,975740.0,60.0,55.02,of all cache refs,ok
5852.308158,0.0,,stalled-cycles-frontend:u,stalled-cycles-frontend,50052.0,2.0,nan,,ok
5863.243098,92593.0,,instructions:u,instructions,1394271.0,26.0,0.01,insn per cycle,ok
5863.243098,8029473.0,,cycles:u,cycles,1912744.0,39.0,nan,,ok
5863.243098,193740.0,,branches:u,branches,2914255.0,62.0,nan,,ok
5863.243098,6842.0,,branch-misses:u,branch-misses,3912235.0,83.0,3.53,of all branches,ok
5863.243098,255311.0,,L1-dcache-loads:u,l1-dcache-loads,4640228.0,98.0,nan,,ok
5863.243098,26682.0,,cache-references:u,cache-references,3833895.0,80.0,nan,,ok
5863.243098,2167.0,,cache-misses:u,cache-misses,3286641.0,63.0,8.12,of all cache refs,ok
5863.243098,0.0,,stalled-cycles-frontend:u,stalled-cycles-frontend,428852.0,8.0,nan,,ok
5874.5026689999995,nan,,instructions:u,instructions,0.0,0.0,nan,,ok
5874.5026689999995,nan,,cycles:u,cycles,0.0,0.0,nan,,ok
5874.5026689999995,nan,,branches:u,branches,0.0,0.0,nan,,ok
5874.5026689999995,15.0,,branch-misses:u,branch-misses,204850.0,58.0,nan,,ok
5874.5026689999995,1311.0,,L1-dcache-loads:u,l1-dcache-loads,371574.0,100.0,nan,,ok
5874.5026689999995,641.0,,cache-references:u,cache-references,394741.0,100.0,nan,,ok
5874.5026689999995,140.0,,cache-misses:u,cache-misses,418477.0,100.0,21.84,of all cache refs,ok
5874.5026689999995,nan,,stalled-cycles-frontend:u,stalled-cycles-frontend,0.0,0.0,nan,,ok
5886.321638,314117.0,,instructions:u,instructions,3009645.0,37.0,0.19,insn per cycle,ok
5886.321638,nan,,,,nan,nan,4.0,stalled cycles per insn,unknown
5886.321638,1638970.0,,cycles:u,cycles,4011384.0,50.0,nan,,ok
5886.321638,94348.0,,branches:u,branches,5011541.0,63.0,nan,,ok
5886.321638,6952.0,,branch-misses:u,branch-misses,5280406.0,66.0,7.37,of all branches,ok
5886.321638,145054.0,,L1-dcache-loads:u,l1-dcache-loads,4901694.0,62.0,nan,,ok
5886.321638,28614.0,,cache-references:u,cache-references,4866273.0,61.0,nan,,ok
5886.321638,8292.0,,cache-misses:u,cache-misses,3840798.0,48.0,28.98,of all cache refs,ok
5886.321638,1257648.0,,stalled-cycles-frontend:u,stalled-cycles-frontend,2004717.0,25.0,76.73,frontend cycles idle,ok
5897.3598870000005,1229779.0,,instructions:u,instructions,1477005.0,28.0,0.16,insn per cycle,ok
5897.3598870000005,nan,,,,nan,nan,4.43,stalled cycles per insn,unknown
5897.3598870000005,7525663.0,,cycles:u,cycles,579568.0,11.0,nan,,ok
5897.3598870000005,214634.0,,branches:u,branches,610458.0,13.0,nan,,ok
5897.3598870000005,8125.0,,branch-misses:u,branch-misses,1795853.0,39.0,3.79,of all branches,ok
5897.3598870000005,127624.0,,L1-dcache-loads:u,l1-dcache-loads,2085383.0,45.0,nan,,ok
5897.3598870000005,24228.0,,cache-references:u,cache-references,3650332.0,71.0,nan,,ok
5897.3598870000005,6893.0,,cache-misses:u,cache-misses,4624804.0,87.0,28.45,of all cache refs,ok
5897.3598870000005,5447382.0,,stalled-cycles-frontend:u,stalled-cycles-frontend,1517328.0,28.0,72.38,frontend cycles idle,ok
5908.572927,399121.0,,instructions:u,instructions,878530.0,12.0,0.06,insn per cycle,ok
5908.572927,6391809.0,,cycles:u,cycles,2395791.0,34.0,nan,,ok
5908.572927,29236.0,,branches:u,branches,4421940.0,63.0,nan,,ok
5908.572927,2990.0,,branch-misses:u,branch-misses,5138944.0,73.0,10.23,of all branches,ok
5908.572927,140308.0,,L1-dcache-loads:u,l1-dcache-loads,6721589.0,95.0,nan,,ok
5908.572927,20311.0,,cache-references:u,cache-references,6344108.0,89.0,nan,,ok
5908.572927,3996.0,,cache-misses:u,cache-misses,4772499.0,67.0,19.67,of all cache refs,ok
5908.572927,nan,,stalled-cycles-frontend:u,stalled-cycles-frontend,0.0,0.0,nan,,ok
5920.50904,313668.0,,instructions:u,instructions,2856500.0,42.0,0.1,insn per cycle,ok
5920.50904,nan,,,,nan,nan,4.39,stalled cycles per insn,unknown
5920.50904,3276511.0,,cycles:u,cycles,3471467.0,63.0,nan,,ok
5920.50904,91817.0,,branches:u,branches,4471510.0,69.0,nan,,ok
5920.50904,7210.0,,branch-misses:u,branch-misses,4618942.0,70.0,7.85,of all branches,ok
5920.50904,173443.0,,L1-dcache-loads:u,l1-dcache-loads,3238521.0,49.0,nan,,ok
5920.50904,29468.0,,cache-references:u,cache-references,3648035.0,56.0,nan,,ok
5920.50904,3912.0,,cache-misses:u,cache-misses,3010381.0,46.0,13.28,of all cache refs,ok
5920.50904,1376124.0,,stalled-cycles-frontend:u,stalled-cycles-frontend,2085210.0,32.0,42.0,frontend cycles idle,ok
5932.933689,185638.0,,instructions:u,instructions,3142200.0,29.0,0.02,insn per cycle,ok
5932.933689,nan,,,,nan,nan,14.84,stalled cycles per insn,unknown
5932.933689,7801141.0,,cycles:u,cycles,3548310.0,33.0,nan,,ok
5932.933689,219552.0,,branches:u,branches,5546446.0,52.0,nan,,ok
5932.933689,12268.0,,branch-misses:u,branch-misses,7164832.0,68.0,5.59,of all branches,ok
5932.933689,526616.0,,L1-dcache-loads:u,l1-dcache-loads,7348035.0,70.0,nan,,ok
5932.933689,43210.0,,cache-references:u,cache-references,7341861.0,70.0,nan,,ok
5932.933689,4870.0,,cache-misses:u,cache-misses,6935751.0,66.0,11.27,of all cache refs,ok
5932.933689,2753948.0,,stalled-cycles-frontend:u,stalled-cycles-frontend,2140060.0,20.0,35.3,frontend cycles idle,ok
5944.750245,993864.0,,instructions:u,instructions,6016553.0,66.0,0.35,insn per cycle,ok
5944.750245,nan,,,,nan,nan,2.45,stalled cycles per insn,unknown
5944.750245,2821893.0,,cycles:u,cycles,4055497.0,40.0,nan,,ok
5944.750245,100512.0,,branches:u,branches,4280543.0,41.0,nan,,ok
5944.750245,7702.0,,branch-misses:u,branch-misses,4304503.0,41.0,7.66,of all branches,ok
5944.750245,186488.0,,L1-dcache-loads:u,l1-dcache-loads,3190194.0,30.0,nan,,ok
5944.750245,51242.0,,cache-references:u,cache-references,4202713.0,40.0,nan,,ok
5944.750245,11166.0,,cache-misses:u,cache-misses,6200996.0,59.0,21.79,of all cache refs,ok
5944.750245,2436580.0,,stalled-cycles-frontend:u,stalled-cycles-frontend,5152587.0,50.0,86.35,frontend cycles idle,ok
5957.668106,390838.0,,instructions:u,instructions,4180584.0,41.0,0.07,insn per cycle,ok
5957.668106,nan,,,,nan,nan,5.72,stalled cycles per insn,unknown
5957.668106,5249415.0,,cycles:u,cycles,5615084.0,55.0,nan,,ok
5957.668106,107579.0,,branches:u,branches,7028650.0,69.0,nan,,ok
5957.668106,7581.0,,branch-misses:u,branch-misses,8038014.0,79.0,7.05,of all branches,ok
5957.668106,244208.0,,L1-dcache-loads:u,l1-dcache-loads,7435292.0,73.0,nan,,ok
5957.668106,27557.0,,cache-references:u,cache-references,6035334.0,59.0,nan,,ok
5957.668106,3584.0,,cache-misses:u,cache-misses,4563607.0,45.0,13.01,of all cache refs,ok
5957.668106,2235534.0,,stalled-cycles-frontend:u,stalled-cycles-frontend,2052463.0,20.0,42.59,frontend cycles idle,ok
5970.223836,nan,,instructions:u,instructions,0.0,0.0,nan,,ok
5970.223836,nan,,cycles:u,cycles,0.0,0.0,nan,,ok
5970.223836,0.0,,branches:u,branches,25343.0,100.0,nan,,ok
5970.223836,nan,,branch-misses:u,branch-misses,0.0,100.0,nan,,ok
5970.223836,nan,,L1-dcache-loads:u,l1-dcache-loads,0.0,100.0,nan,,ok
5970.223836,nan,,cache-references:u,cache-references,0.0,100.0,nan,,ok
5970.223836,nan,,cache-misses:u,cache-misses,0.0,100.0,nan,,ok
5970.223836,nan,,stalled-cycles-frontend:u,stalled-cycles-frontend,0.0,100.0,nan,,ok
5982.654917,1059680.0,,instructions:u,instructions,5377486.0,57.0,0.16,insn per cycle,ok
5982.654917,nan,,,,nan,nan,5.35,stalled cycles per insn,unknown
5982.654917,6811610.0,,cycles:u,cycles,4389455.0,43.0,nan,,ok
5982.654917,216039.0,,branches:u,branches,5403545.0,53.0,nan,,ok
5982.654917,8268.0,,branch-misses:u,branch-misses,6410747.0,62.0,3.83,of all branches,ok
5982.654917,101429.0,,L1-dcache-loads:u,l1-dcache-loads,5040659.0,49.0,nan,,ok
5982.654917,11022.0,,cache-references:u,cache-references,4767665.0,46.0,nan,,ok
5982.654917,6152.0,,cache-misses:u,cache-misses,5781942.0,61.0,55.82,of all cache refs,ok
5982.654917,5672013.0,,stalled-cycles-frontend:u,stalled-cycles-frontend,4188584.0,49.0,83.27,frontend cycles idle,ok
5994.504442,202917.0,,instructions:u,instructions,756662.0,28.0,0.27,insn per cycle,ok
5994.504442,741225.0,,cycles:u,cycles,1731444.0,65.0,nan,,ok
5994.504442,10612.0,,branches:u,branches,1993978.0,76.0,nan,,ok
5994.504442,524.0,,branch-misses:u,branch-misses,2584638.0,100.0,4.94,of all branches,ok
5994.504442,14900.0,,L1-dcache-loads:u,l1-dcache-loads,2566784.0,100.0,nan,,ok
5994.504442,990.0,,cache-references:u,cache-references,1900475.0,74.0,nan,,ok
5994.504442,432.0,,cache-misses:u,cache-misses,899447.0,35.0,43.64,of all cache refs,ok
5994.504442,nan,,stalled-cycles-frontend:u,stalled-cycles-frontend,0.0,0.0,nan,,ok
6007.090362999999,48.0,,instructions:u,instructions,1854455.0,27.0,0.0,insn per cycle,ok
6007.090362999999,1100600.0,,cycles:u,cycles,1861046.0,27.0,nan,,ok
6007.090362999999,4284.0,,branches:u,branches,2881650.0,42.0,nan,,ok
6007.090362999999,1078.0,,branch-misses:u,branch-misses,3874620.0,56.0,25.16,of all branches,ok
6007.090362999999,52119.0,,L1-dcache-loads:u,l1-dcache-loads,4248499.0,62.0,nan,,ok
6007.090362999999,19559.0,,cache-references:u,cache-references,4997341.0,72.0,nan,,ok
6007.090362999999,3082.0,,cache-misses:u,cache-misses,4990750.0,72.0,15.76,of all cache refs,ok
6007.090362999999,0.0,,stalled-cycles-frontend:u,stalled-cycles-frontend,1605002.0,23.0,nan,,ok
6019.606051000001,0.0,,instructions:u,instructions,466782.0,100.0,nan,,ok
6019.606051000001,0.0,,cycles:u,cycles,466782.0,100.0,nan,,ok
6019.606051000001,0.0,,branches:u,branches,466782.0,100.0,nan,,ok
6019.606051000001,0.0,,branch-misses:u,branch-misses,466782.0,100.0,nan,,ok
6019.606051000001,nan,,L1-dcache-loads:u,l1-dcache-loads,0.0,0.0,nan,,ok
6019.606051000001,nan,,cache-references:u,cache-references,0.0,0.0,nan,,ok
6019.606051000001,nan,,cache-misses:u,cache-misses,0.0,0.0,nan,,ok
6019.606051000001,0.0,,stalled-cycles-frontend:u,stalled-cycles-frontend,466782.0,100.0,nan,,ok
6032.411467,630586.0,,instructions:u,instructions,4057487.0,35.0,0.1,insn per cycle,ok
6032.411467,nan,,,,nan,nan,11.46,stalled cycles per insn,unknown
6032.411467,6499954.0,,cycles:u,cycles,3102981.0,27.0,nan,,ok
6032.411467,114498.0,,branches:u,branches,4136728.0,36.0,nan,,ok
6032.411467,7922.0,,branch-misses:u,branch-misses,5394823.0,47.0,6.92,of all branches,ok
6032.411467,242120.0,,L1-dcache-loads:u,l1-dcache-loads,6233089.0,56.0,nan,,ok
6032.411467,45343.0,,cache-references:u,cache-references,7234712.0,72.0,nan,,ok
6032.411467,8766.0,,cache-misses:u,cache-misses,8236567.0,74.0,19.33,of all cache refs,ok
6032.411467,7229318.0,,stalled-cycles-frontend:u,stalled-cycles-frontend,3220104.0,28.0,111.22,frontend cycles idle,ok
6045.626983,16225.0,,instructions:u,instructions,2952537.0,69.0,0.04,insn per cycle,ok
6045.626983,nan,,,,nan,nan,21.12,stalled cycles per insn,unknown
6045.626983,412762.0,,cycles:u,cycles,3676887.0,87.0,nan,,ok
6045.626983,1956.0,,branches:u,branches,4191594.0,100.0,nan,,ok
6045.626983,171.0,,branch-misses:u,branch-misses,4161840.0,100.0,8.74,of all branches,ok
6045.626983,2066.0,,L1-dcache-loads:u,l1-dcache-loads,2316861.0,55.0,nan,,ok
6045.626983,2348.0,,cache-references:u,cache-references,1314898.0,31.0,nan,,ok
6045.626983,1276.0,,cache-misses:u,cache-misses,543199.0,13.0,54.34,of all cache refs,ok
6045.626983,342690.0,,stalled-cycles-frontend:u,stalled-cycles-frontend,1788434.0,43.0,83.02,frontend cycles idle,ok
6059.851536,59847.0,,instructions:u,instructions,1926291.0,27.0,0.01,insn per cycle,ok
6059.851536,nan,,,,nan,nan,24.26,stalled cycles per insn,unknown
6059.851536,4615351.0,,cycles:u,cycles,2927309.0,42.0,nan,,ok
6059.851536,21592.0,,branches:u,branches,3927754.0,56.0,nan,,ok
6059.851536,3544.0,,branch-misses:u,branch-misses,4927091.0,71.0,16.41,of all branches,ok
6059.851536,130844.0,,L1-dcache-loads:u,l1-dcache-loads,4996687.0,72.0,nan,,ok
6059.851536,12890.0,,cache-references:u,cache-references,4987236.0,72.0,nan,,ok
6059.851536,1035.0,,cache-misses:u,cache-misses,3986218.0,57.0,8.03,of all cache refs,ok
6059.851536,1452060.0,,stalled-cycles-frontend:u,stalled-cycles-frontend,928350.0,13.0,31.46,frontend cycles idle,ok
6075.5447939999995,0.0,,instructions:u,instructions,28019.0,8.0,nan,,ok
6075.5447939999995,nan,,cycles:u,cycles,0.0,0.0,nan,,ok
6075.5447939999995,nan,,branches:u,branches,0.0,0.0,nan,,ok
6075.5447939999995,nan,,branch-misses:u,branch-misses,0.0,0.0,nan,,ok
6075.5447939999995,nan,,L1-dcache-loads:u,l1-dcache-loads,0.0,0.0,nan,,ok
6075.5447939999995,0.0,,cache-references:u,cache-references,309816.0,91.0,nan,,ok
6075.5447939999995,0.0,,cache-misses:u,cache-misses,337835.0,100.0,nan,,ok
6075.5447939999995,0.0,,stalled-cycles-frontend:u,stalled-cycles-frontend,28019.0,8.0,nan,,ok
6090.526101,350576.0,,instructions:u,instructions,5669746.0,41.0,0.11,insn per cycle,ok
6090.526101,nan,,,,nan,nan,7.56,stalled cycles per insn,unknown
6090.526101,3254628.0,,cycles:u,cycles,4704088.0,34.0,nan,,ok
6090.526101,58560.0,,branches:u,branches,6520817.0,47.0,nan,,ok
6090.526101,8230.0,,branch-misses:u,branch-misses,8518392.0,62.0,14.05,of all branches,ok
6090.526101,510601.0,,L1-dcache-loads:u,l1-dcache-loads,8515393.0,62.0,nan,,ok
6090.526101,59193.0,,cache-references:u,cache-references,7972249.0,61.0,nan,,ok
6090.526101,9980.0,,cache-misses:u,cache-misses,8966252.0,74.0,16.86,of all cache refs,ok
6090.526101,2650114.0,,stalled-cycles-frontend:u,stalled-cycles-frontend,3964378.0,30.0,81.43,frontend cycles idle,ok
6103.52581,920.0,,instructions:u,instructions,1968785.0,68.0,0.0,insn per cycle,ok
6103.52581,nan,,,,nan,nan,267.6,stalled cycles per insn,unknown
6103.52581,612092.0,,cycles:u,cycles,965050.0,33.0,nan,,ok
6103.52581,454.0,,branches:u,branches,965050.0,33.0,nan,,ok
6103.52581,143.0,,branch-misses:u,branch-misses,965050.0,34.0,31.5,of all branches,ok
6103.52581,nan,,L1-dcache-loads:u,l1-dcache-loads,0.0,0.0,nan,,ok
6103.52581,0.0,,cache-references:u,cache-references,836058.0,29.0,nan,,ok
6103.52581,0.0,,cache-misses:u,cache-misses,1811448.0,65.0,nan,,ok
6103.52581,246188.0,,stalled-cycles-frontend:u,stalled-cycles-frontend,1968785.0,71.0,40.22,frontend cycles idle,ok
6116.590585,402722.0,,instructions:u,instructions,3013965.0,38.0,0.18,insn per cycle,ok
6116.590585,nan,,,,nan,nan,7.49,stalled cycles per insn,unknown
6116.590585,2264759.0,,cycles:u,cycles,2997983.0,38.0,nan,,ok
6116.590585,51455.0,,branches:u,branches,3999175.0,50.0,nan,,ok
6116.590585,2554.0,,branch-misses:u,branch-misses,5007057.0,63.0,4.96,of all branches,ok
6116.590585,98009.0,,L1-dcache-loads:u,l1-dcache-loads,4892464.0,62.0,nan,,ok
6116.590585,4479.0,,cache-references:u,cache-references,4861251.0,61.0,nan,,ok
6116.590585,3040.0,,cache-misses:u,cache-misses,4877233.0,61.0,67.87,of all cache refs,ok
6116.590585,3018230.0,,stalled-cycles-frontend:u,stalled-cycles-frontend,2000259.0,25.0,133.27,frontend cycles idle,ok
6131.542416,nan,,instructions:u,instructions,0.0,0.0,nan,,ok
6131.542416,nan,,cycles:u,cycles,0.0,0.0,nan,,ok
6131.542416,nan,,branches:u,branches,0.0,0.0,nan,,ok
6131.542416,nan,,branch-misses:u,branch-misses,0.0,0.0,nan,,ok
6131.542416,0.0,,L1-dcache-loads:u,l1-dcache-loads,403857.0,36.0,nan,,ok
6131.542416,0.0,,cache-references:u,cache-references,1100542.0,100.0,nan,,ok
6131.542416,0.0,,cache-misses:u,cache-misses,1100542.0,100.0,nan,,ok
6131.542416,nan,,stalled-cycles-frontend:u,stalled-cycles-frontend,0.0,0.0,nan,,ok
6154.548031,798820.0,,instructions:u,instructions,4606845.0,47.0,0.08,insn per cycle,ok
6154.548031,nan,,,,nan,nan,4.47,stalled cycles per insn,unknown
6154.548031,10227493.0,,cycles:u,cycles,5186973.0,48.0,nan,,ok
6154.548031,244383.0,,branches:u,branches,7190351.0,61.0,nan,,ok
6154.548031,13417.0,,branch-misses:u,branch-misses,9182445.0,72.0,5.49,of all branches,ok
6154.548031,466717.0,,L1-dcache-loads:u,l1-dcache-loads,9053077.0,71.0,nan,,ok
6154.548031,40242.0,,cache-references:u,cache-references,8126239.0,63.0,nan,,ok
6154.548031,5888.0,,cache-misses:u,cache-misses,7546111.0,59.0,14.63,of all cache refs,ok
6154.548031,3568774.0,,stalled-cycles-frontend:u,stalled-cycles-frontend,2608098.0,20.0,34.89,frontend cycles idle,ok
6173.522882,368337.0,,instructions:u,instructions,3002470.0,41.0,0.2,insn per cycle,ok
6173.522882,nan,,,,nan,nan,9.11,stalled cycles per insn,unknown
6173.522882,1870895.0,,cycles:u,cycles,2999645.0,41.0,nan,,ok
6173.522882,46622.0,,branches:u,branches,4130020.0,57.0,nan,,ok
6173.522882,2814.0,,branch-misses:u,branch-misses,4249230.0,58.0,6.04,of all branches,ok
6173.522882,41958.0,,L1-dcache-loads:u,l1-dcache-loads,4250305.0,58.0,nan,,ok
6173.522882,5805.0,,cache-references:u,cache-references,4232220.0,58.0,nan,,ok
6173.522882,3151.0,,cache-misses:u,cache-misses,4235045.0,58.0,54.28,of all cache refs,ok
6173.522882,3355297.0,,stalled-cycles-frontend:u,stalled-cycles-frontend,2001160.0,27.0,179.34,frontend cycles idle,ok
6187.521968,579202.0,,instructions:u,instructions,5746541.0,72.0,0.06,insn per cycle,ok
6187.521968,nan,,,,nan,nan,12.47,stalled cycles per insn,unknown
6187.521968,9989314.0,,cycles:u,cycles,5110126.0,57.0,nan,,ok
6187.521968,178468.0,,branches:u,branches,6135230.0,61.0,nan,,ok
6187.521968,10903.0,,branch-misses:u,branch-misses,7209663.0,65.0,6.11,of all branches,ok
6187.521968,400665.0,,L1-dcache-loads:u,l1-dcache-loads,7224508.0,60.0,nan,,ok
6187.521968,34402.0,,cache-references:u,cache-references,6987179.0,54.0,nan,,ok
6187.521968,5298.0,,cache-misses:u,cache-misses,7539167.0,59.0,15.4,of all cache refs,ok
6187.521968,7220583.0,,stalled-cycles-frontend:u,stalled-cycles-frontend,3751971.0,31.0,72.28,frontend cycles idle,ok
6209.563729,667118.0,,instructions:u,instructions,6009114.0,34.0,0.09,insn per cycle,ok
6209.563729,nan,,,,nan,nan,4.91,stalled cycles per insn,unknown
6209.563729,7823558.0,,cycles:u,cycles,6224490.0,35.0,nan,,ok
6209.563729,134763.0,,branches:u,branches,8528017.0,48.0,nan,,ok
6209.563729,8404.0,,branch-misses:u,branch-misses,12190848.0,69.0,6.24,of all branches,ok
6209.563729,362488.0,,L1-dcache-loads:u,l1-dcache-loads,12201866.0,69.0,nan,,ok
6209.563729,58240.0,,cache-references:u,cache-references,11607322.0,65.0,nan,,ok
6209.563729,13989.0,,cache-misses:u,cache-misses,11515925.0,66.0,24.02,of all cache refs,ok
6209.563729,3277054.0,,stalled-cycles-frontend:u,stalled-cycles-frontend,4012584.0,24.0,41.89,frontend cycles idle,ok
6236.542001,304426.0,,instructions:u,instructions,3312882.0,36.0,nan,,ok
6236.542001,nan,,,,nan,nan,3.56,stalled cycles per insn,unknown
6236.542001,0.0,,cycles:u,cycles,1816246.0,20.0,nan,,ok
6236.542001,0.0,,branches:u,branches,1816246.0,20.0,nan,,ok
6236.542001,10771.0,,branch-misses:u,branch-misses,4388920.0,48.0,nan,,ok
6236.542001,366451.0,,L1-dcache-loads:u,l1-dcache-loads,5307111.0,59.0,nan,,ok
6236.542001,41941.0,,cache-references:u,cache-references,5590974.0,62.0,nan,,ok
6236.542001,7041.0,,cache-misses:u,cache-misses,7048058.0,79.0,16.79,of all cache refs,ok
6236.542001,1084330.0,,stalled-cycles-frontend:u,stalled-cycles-frontend,2479028.0,28.0,nan,,ok
6255.523578,20883.0,,instructions:u,instructions,1244554.0,19.0,0.01,insn per cycle,ok
6255.523578,nan,,,,nan,nan,113.74,stalled cycles per insn,unknown
6255.523578,1990592.0,,cycles:u,cycles,1494090.0,26.0,nan,,ok
6255.523578,43500.0,,branches:u,branches,2494973.0,90.0,nan,,ok
6255.523578,5409.0,,branch-misses:u,branch-misses,3494797.0,92.0,12.43,of all branches,ok
6255.523578,147501.0,,L1-dcache-loads:u,l1-dcache-loads,4496014.0,93.0,nan,,ok
6255.523578,25113.0,,cache-references:u,cache-references,5086760.0,87.0,nan,,ok
6255.523578,4979.0,,cache-misses:u,cache-misses,4943307.0,76.0,19.83,of all cache refs,ok
6255.523578,2375187.0,,stalled-cycles-frontend:u,stalled-cycles-frontend,876136.0,13.0,119.32,frontend cycles idle,ok
6269.5230759999995,233912.0,,instructions:u,instructions,2883455.0,47.0,0.02,insn per cycle,ok
6269.5230759999995,nan,,,,nan,nan,38.46,stalled cycles per insn,unknown
6269.5230759999995,12883375.0,,cycles:u,cycles,3000436.0,49.0,nan,,ok
6269.5230759999995,174941.0,,branches:u,branches,5195067.0,86.0,nan,,ok
6269.5230759999995,6287.0,,branch-misses:u,branch-misses,5195067.0,86.0,3.59,of all branches,ok
6269.5230759999995,325471.0,,L1-dcache-loads:u,l1-dcache-loads,4193810.0,69.0,nan,,ok
6269.5230759999995,30079.0,,cache-references:u,cache-references,3180948.0,53.0,nan,,ok
6269.5230759999995,3565.0,,cache-misses:u,cache-misses,2957884.0,49.0,11.85,of all cache refs,ok
6269.5230759999995,8995448.0,,stalled-cycles-frontend:u,stalled-cycles-frontend,1742322.0,29.0,69.82,frontend cycles idle,ok
6283.546699,nan,,instructions:u,instructions,0.0,0.0,nan,,ok
6283.546699,nan,,cycles:u,cycles,0.0,0.0,nan,,ok
6283.546699,28.0,,branches:u,branches,712398.0,38.0,nan,,ok
6283.546699,42.0,,branch-misses:u,branch-misses,1711437.0,90.0,150.0,of all branches,ok
6283.546699,2739.0,,L1-dcache-loads:u,l1-dcache-loads,1917938.0,100.0,nan,,ok
6283.546699,1232.0,,cache-references:u,cache-references,1950387.0,100.0,nan,,ok
6283.546699,247.0,,cache-misses:u,cache-misses,1986803.0,100.0,20.05,of all cache refs,ok
6283.546699,nan,,stalled-cycles-frontend:u,stalled-cycles-frontend,0.0,0.0,nan,,ok
6297.574232,868018.0,,instructions:u,instructions,5997606.0,47.0,0.18,insn per cycle,ok
6297.574232,nan,,,,nan,nan,4.66,stalled cycles per insn,unknown
6297.574232,4876700.0,,cycles:u,cycles,5257395.0,41.0,nan,,ok
6297.574232,142543.0,,branches:u,branches,6295822.0,49.0,nan,,ok
6297.574232,9400.0,,branch-misses:u,branch-misses,6866538.0,54.0,6.59,of all branches,ok
6297.574232,167520.0,,L1-dcache-loads:u,l1-dcache-loads,6681493.0,52.0,nan,,ok
6297.574232,16253.0,,cache-references:u,cache-references,6698147.0,52.0,nan,,ok
6297.574232,6077.0,,cache-misses:u,cache-misses,7274223.0,57.0,37.39,of all cache refs,ok
6297.574232,4041535.0,,stalled-cycles-frontend:u,stalled-cycles-frontend,4016003.0,31.0,82.87,frontend cycles idle,ok
6328.549900999999,11598.0,,instructions:u,instructions,255886.0,4.0,0.0,insn per cycle,ok
6328.549900999999,nan,,,,nan,nan,149.61,stalled cycles per insn,unknown
6328.549900999999,2846855.0,,cycles:u,cycles,748889.0,14.0,nan,,ok
6328.549900999999,26609.0,,branches:u,branches,1941555.0,31.0,nan,,ok
6328.549900999999,7412.0,,branch-misses:u,branch-misses,3581134.0,52.0,27.86,of all branches,ok
6328.549900999999,310085.0,,L1-dcache-loads:u,l1-dcache-loads,5273533.0,77.0,nan,,ok
6328.549900999999,28910.0,,cache-references:u,cache-references,6563099.0,96.0,nan,,ok
6328.549900999999,6147.0,,cache-misses:u,cache-misses,6228364.0,91.0,21.26,of all cache refs,ok
6328.549900999999,1735150.0,,stalled-cycles-frontend:u,stalled-cycles-frontend,255886.0,4.0,60.95,frontend cycles idle,ok
6347.690031,180404.0,,instructions:u,instructions,3004096.0,62.0,0.26,insn per cycle,ok
6347.690031,nan,,,,nan,nan,4.12,stalled cycles per insn,unknown
6347.690031,693206.0,,cycles:u,cycles,3032974.0,62.0,nan,,ok
6347.690031,34940.0,,branches:u,branches,3089865.0,63.0,nan,,ok
6347.690031,3180.0,,branch-misses:u,branch-misses,3163972.0,64.0,9.1,of all branches,ok
6347.690031,44330.0,,L1-dcache-loads:u,l1-dcache-loads,2209137.0,44.0,nan,,ok
6347.690031,19045.0,,cache-references:u,cache-references,1929658.0,39.0,nan,,ok
6347.690031,5510.0,,cache-misses:u,cache-misses,1648051.0,33.0,28.93,of all cache refs,ok
6347.690031,743015.0,,stalled-cycles-frontend:u,stalled-cycles-frontend,2009873.0,40.0,107.19,frontend cycles idle,ok
6383.539365,1184389.0,,instructions:u,instructions,8549128.0,43.0,0.11,insn per cycle,ok
6383.539365,nan,,,,nan,nan,4.09,stalled cycles per insn,unknown
6383.539365,10528944.0,,cycles:u,cycles,8554602.0,43.0,nan,,ok
6383.539365,266662.0,,branches:u,branches,10555992.0,54.0,nan,,ok
6383.539365,16585.0,,branch-misses:u,branch-misses,12480679.0,64.0,6.22,of all branches,ok
6383.539365,675940.0,,L1-dcache-loads:u,l1-dcache-loads,11699753.0,63.0,nan,,ok
6383.539365,57718.0,,cache-references:u,cache-references,10701290.0,61.0,nan,,ok
6383.539365,7253.0,,cache-misses:u,cache-misses,10917996.0,59.0,12.57,of all cache refs,ok
6383.539365,4840840.0,,stalled-cycles-frontend:u,stalled-cycles-frontend,5595093.0,29.0,45.98,frontend cycles idle,ok
6403.526049,276705.0,,instructions:u,instructions,3763206.0,32.0,0.12,insn per cycle,ok
6403.526049,nan,,,,nan,nan,10.34,stalled cycles per insn,unknown
6403.526049,2294886.0,,cycles:u,cycles,2034771.0,17.0,nan,,ok
6403.526049,114965.0,,branches:u,branches,3614094.0,31.0,nan,,ok
6403.526049,10095.0,,branch-misses:u,branch-misses,5605474.0,48.0,8.78,of all branches,ok
6403.526049,350714.0,,L1-dcache-loads:u,l1-dcache-loads,6647983.0,58.0,nan,,ok
6403.526049,55203.0,,cache-references:u,cache-references,7840571.0,76.0,nan,,ok
6403.526049,10010.0,,cache-misses:u,cache-misses,9569006.0,84.0,18.13,of all cache refs,ok
6403.526049,2862381.0,,stalled-cycles-frontend:u,stalled-cycles-frontend,2961479.0,25.0,124.73,frontend cycles idle,ok
6416.516747000001,847.0,,instructions:u,instructions,3477129.0,39.0,0.0,insn per cycle,ok
6416.516747000001,741432.0,,cycles:u,cycles,3534527.0,40.0,nan,,ok
6416.516747000001,17462.0,,branches:u,branches,4559192.0,51.0,nan,,ok
6416.516747000001,1553.0,,branch-misses:u,branch-misses,5575083.0,63.0,8.89,of all branches,ok
6416.516747000001,149552.0,,L1-dcache-loads:u,l1-dcache-loads,5578572.0,63.0,nan,,ok
6416.516747000001,21462.0,,cache-references:u,cache-references,5384662.0,60.0,nan,,ok
6416.516747000001,3256.0,,cache-misses:u,cache-misses,5244572.0,59.0,15.17,of all cache refs,ok
6416.516747000001,0.0,,stalled-cycles-frontend:u,stalled-cycles-frontend,2266291.0,25.0,nan,,ok
6428.502488,939164.0,,instructions:u,instructions,4513140.0,40.0,0.07,insn per cycle,ok
6428.502488,nan,,,,nan,nan,8.72,stalled cycles per insn,unknown
6428.502488,13393374.0,,cycles:u,cycles,5232527.0,46.0,nan,,ok
6428.502488,254953.0,,branches:u,branches,6217728.0,55.0,nan,,ok
6428.502488,13671.0,,branch-misses:u,branch-misses,7193932.0,64.0,5.36,of all branches,ok
6428.502488,522177.0,,L1-dcache-loads:u,l1-dcache-loads,6577224.0,62.0,nan,,ok
6428.502488,39267.0,,cache-references:u,cache-references,6559467.0,69.0,nan,,ok
6428.502488,8108.0,,cache-misses:u,cache-misses,5922772.0,56.0,20.65,of all cache refs,ok
6428.502488,8193598.0,,stalled-cycles-frontend:u,stalled-cycles-frontend,3521190.0,31.0,61.18,frontend cycles idle,ok
6439.1198620000005,0.0,,instructions:u,instructions,2299157.0,26.0,0.0,insn per cycle,ok
6439.1198620000005,1825178.0,,cycles:u,cycles,3076358.0,35.0,nan,,ok
6439.1198620000005,52250.0,,branches:u,branches,4776243.0,54.0,nan,,ok
6439.1198620000005,4281.0,,branch-misses:u,branch-misses,5797501.0,65.0,8.19,of all branches,ok
6439.1198620000005,184534.0,,L1-dcache-loads:u,l1-dcache-loads,5820970.0,66.0,nan,,ok
6439.1198620000005,23490.0,,cache-references:u,cache-references,6538183.0,73.0,nan,,ok
6439.1198620000005,3639.0,,cache-misses:u,cache-misses,5778257.0,65.0,15.49,of all cache refs,ok
6439.1198620000005,0.0,,stalled-cycles-frontend:u,stalled-cycles-frontend,1998497.0,22.0,nan,,ok
6449.897790999999,462695.0,,instructions:u,instructions,2094638.0,23.0,0.31,insn per cycle,ok
6449.897790999999,nan,,,,nan,nan,3.41,stalled cycles per insn,unknown
6449.897790999999,1500558.0,,cycles:u,cycles,1401277.0,15.0,nan,,ok
6449.897790999999,16445.0,,branches:u,branches,2692099.0,29.0,nan,,ok
6449.897790999999,5083.0,,branch-misses:u,branch-misses,4676370.0,51.0,30.91,of all branches,ok
6449.897790999999,225064.0,,L1-dcache-loads:u,l1-dcache-loads,6007628.0,66.0,nan,,ok
6449.897790999999,33573.0,,cache-references:u,cache-references,6917255.0,77.0,nan,,ok
6449.897790999999,6581.0,,cache-misses:u,cache-misses,7628128.0,96.0,19.6,of all cache refs,ok
6449.897790999999,1579420.0,,stalled-cycles-frontend:u,stalled-cycles-frontend,2002245.0,22.0,105.26,frontend cycles idle,ok
6460.957912999999,62180.0,,instructions:u,instructions,2998583.0,31.0,0.08,insn per cycle,ok
6460.957912999999,nan,,,,nan,nan,16.26,stalled cycles per insn,unknown
6460.957912999999,775639.0,,cycles:u,cycles,3273677.0,34.0,nan,,ok
6460.957912999999,4952.0,,branches:u,branches,4273620.0,45.0,nan,,ok
6460.957912999999,1829.0,,branch-misses:u,branch-misses,5276421.0,56.0,36.93,of all branches,ok
6460.957912999999,173649.0,,L1-dcache-loads:u,l1-dcache-loads,5800747.0,61.0,nan,,ok
6460.957912999999,40669.0,,cache-references:u,cache-references,6409988.0,68.0,nan,,ok
6460.957912999999,6908.0,,cache-misses:u,cache-misses,6123986.0,65.0,16.99,of all cache refs,ok
6460.957912999999,1011135.0,,stalled-cycles-frontend:u,stalled-cycles-frontend,1998708.0,21.0,130.36,frontend cycles idle,ok
6472.004915,150330.0,,instructions:u,instructions,3196124.0,44.0,0.07,insn per cycle,ok
6472.004915,2206016.0,,cycles:u,cycles,3204421.0,44.0,nan,,ok
6472.004915,71460.0,,branches:u,branches,4205765.0,58.0,nan,,ok
6472.004915,6582.0,,branch-misses:u,branch-misses,5203898.0,71.0,9.21,of all branches,ok
6472.004915,210424.0,,L1-dcache-loads:u,l1-dcache-loads,4639810.0,63.0,nan,,ok
6472.004915,29223.0,,cache-references:u,cache-references,4056314.0,55.0,nan,,ok
6472.004915,2930.0,,cache-misses:u,cache-misses,4049272.0,55.0,10.03,of all cache refs,ok
6472.004915,0.0,,stalled-cycles-frontend:u,stalled-cycles-frontend,2218464.0,30.0,nan,,ok
6483.184865,1319191.0,,instructions:u,instructions,3395514.0,33.0,0.12,insn per cycle,ok
6483.184865,nan,,,,nan,nan,5.76,stalled cycles per insn,unknown
6483.184865,10955214.0,,cycles:u,cycles,4555188.0,48.0,nan,,ok
6483.184865,229247.0,,branches:u,branches,5558350.0,69.0,nan,,ok
6483.184865,7714.0,,branch-misses:u,branch-misses,6558056.0,82.0,3.36,of all branches,ok
6483.184865,341868.0,,L1-dcache-loads:u,l1-dcache-loads,6714159.0,80.0,nan,,ok
6483.184865,33606.0,,cache-references:u,cache-references,6715229.0,72.0,nan,,ok
6483.184865,4885.0,,cache-misses:u,cache-misses,5562659.0,54.0,14.54,of all cache refs,ok
6483.184865,7595271.0,,stalled-cycles-frontend:u,stalled-cycles-frontend,2393130.0,23.0,69.33,frontend cycles idle,ok
6494.387721,239814.0,,instructions:u,instructions,2432566.0,28.0,0.06,insn per cycle,ok
6494.387721,nan,,,,nan,nan,0.12,stalled cycles per insn,unknown
6494.387721,4219169.0,,cycles:u,cycles,2432903.0,28.0,nan,,ok
6494.387721,104557.0,,branches:u,branches,3431360.0,39.0,nan,,ok
6494.387721,9382.0,,branch-misses:u,branch-misses,4430577.0,51.0,8.97,of all branches,ok
6494.387721,234205.0,,L1-dcache-loads:u,l1-dcache-loads,5084052.0,58.0,nan,,ok
6494.387721,34198.0,,cache-references:u,cache-references,6150753.0,71.0,nan,,ok
6494.387721,3031.0,,cache-misses:u,cache-misses,6197106.0,71.0,8.86,of all cache refs,ok
6494.387721,29766.0,,stalled-cycles-frontend:u,stalled-cycles-frontend,1632470.0,18.0,0.71,frontend cycles idle,ok
6505.414943,40471.0,,instructions:u,instructions,5341806.0,52.0,0.01,insn per cycle,ok
6505.414943,nan,,,,nan,nan,48.14,stalled cycles per insn,unknown
6505.414943,3471420.0,,cycles:u,cycles,4498040.0,43.0,nan,,ok
6505.414943,34694.0,,branches:u,branches,5524861.0,53.0,nan,,ok
6505.414943,5033.0,,branch-misses:u,branch-misses,6561051.0,63.0,14.51,of all branches,ok
6505.414943,464939.0,,L1-dcache-loads:u,l1-dcache-loads,5593020.0,54.0,nan,,ok
6505.414943,49047.0,,cache-references:u,cache-references,5037745.0,51.0,nan,,ok
6505.414943,6619.0,,cache-misses:u,cache-misses,5674926.0,64.0,13.5,of all cache refs,ok
6505.414943,1948235.0,,stalled-cycles-frontend:u,stalled-cycles-frontend,3650644.0,37.0,56.12,frontend cycles idle,ok
6516.698823,157960.0,,instructions:u,instructions,3008130.0,30.0,0.1,insn per cycle,ok
6516.698823,nan,,,,nan,nan,6.44,stalled cycles per insn,unknown
6516.698823,1515144.0,,cycles:u,cycles,3870042.0,39.0,nan,,ok
6516.698823,14350.0,,branches:u,branches,5418763.0,55.0,nan,,ok
6516.698823,1126.0,,branch-misses:u,branch-misses,6730268.0,69.0,7.85,of all branches,ok
6516.698823,34690.0,,L1-dcache-loads:u,l1-dcache-loads,6685963.0,69.0,nan,,ok
6516.698823,13198.0,,cache-references:u,cache-references,6644154.0,68.0,nan,,ok
6516.698823,2197.0,,cache-misses:u,cache-misses,5909899.0,61.0,16.65,of all cache refs,ok
6516.698823,1016878.0,,stalled-cycles-frontend:u,stalled-cycles-frontend,2007983.0,20.0,67.11,frontend cycles idle,ok
6527.6867,183742.0,,instructions:u,instructions,3164380.0,54.0,0.05,insn per cycle,ok
6527.6867,nan,,,,nan,nan,7.0,stalled cycles per insn,unknown
6527.6867,3479434.0,,cycles:u,cycles,2998899.0,43.0,nan,,ok
6527.6867,79789.0,,branches:u,branches,4011362.0,51.0,nan,,ok
6527.6867,7379.0,,branch-misses:u,branch-misses,5485446.0,62.0,9.25,of all branches,ok
6527.6867,157846.0,,L1-dcache-loads:u,l1-dcache-loads,6214163.0,65.0,nan,,ok
6527.6867,26275.0,,cache-references:u,cache-references,6392086.0,66.0,nan,,ok
6527.6867,4218.0,,cache-misses:u,cache-misses,6557567.0,68.0,16.05,of all cache refs,ok
6527.6867,1286227.0,,stalled-cycles-frontend:u,stalled-cycles-frontend,2148629.0,24.0,36.97,frontend cycles idle,ok
6538.525253999999,1196609.0,,instructions:u,instructions,3136359.0,37.0,0.18,insn per cycle,ok
6538.525253999999,nan,,,,nan,nan,4.85,stalled cycles per insn,unknown
6538.525253999999,6629293.0,,cycles:u,cycles,3604486.0,43.0,nan,,ok
6538.525253999999,183948.0,,branches:u,branches,4607247.0,55.0,nan,,ok
6538.525253999999,11273.0,,branch-misses:u,branch-misses,5608801.0,67.0,6.13,of all branches,ok
6538.525253999999,282250.0,,L1-dcache-loads:u,l1-dcache-loads,5169509.0,62.0,nan,,ok
6538.525253999999,24006.0,,cache-references:u,cache-references,5167134.0,62.0,nan,,ok
6538.525253999999,4156.0,,cache-misses:u,cache-misses,4699007.0,56.0,17.31,of all cache refs,ok
6538.525253999999,5801921.0,,stalled-cycles-frontend:u,stalled-cycles-frontend,2131801.0,25.0,87.52,frontend cycles idle,ok
6549.7229609999995,188124.0,,instructions:u,instructions,4132889.0,43.0,0.06,insn per cycle,ok
6549.7229609999995,nan,,,,nan,nan,8.03,stalled cycles per insn,unknown
6549.7229609999995,2905762.0,,cycles:u,cycles,4474961.0,47.0,nan,,ok
6549.7229609999995,107094.0,,branches:u,branches,5487522.0,57.0,nan,,ok
6549.7229609999995,8475.0,,branch-misses:u,branch-misses,6514982.0,68.0,7.91,of all branches,ok
6549.7229609999995,226687.0,,L1-dcache-loads:u,l1-dcache-loads,6415292.0,67.0,nan,,ok
6549.7229609999995,29832.0,,cache-references:u,cache-references,5409866.0,62.0,nan,,ok
6549.7229609999995,2108.0,,cache-misses:u,cache-misses,4999644.0,65.0,7.07,of all cache refs,ok
6549.7229609999995,1509878.0,,stalled-cycles-frontend:u,stalled-cycles-frontend,2078398.0,24.0,51.96,frontend cycles idle,ok
6560.48252,170089.0,,instructions:u,instructions,3015086.0,28.0,0.02,insn per cycle,ok
6560.48252,nan,,,,nan,nan,29.71,stalled cycles per insn,unknown
6560.48252,7194246.0,,cycles:u,cycles,3711217.0,35.0,nan,,ok
6560.48252,198372.0,,branches:u,branches,5682127.0,54.0,nan,,ok
6560.48252,10271.0,,branch-misses:u,branch-misses,7657752.0,73.0,5.18,of all branches,ok
6560.48252,506658.0,,L1-dcache-loads:u,l1-dcache-loads,7446171.0,71.0,nan,,ok
6560.48252,47558.0,,cache-references:u,cache-references,7450595.0,71.0,nan,,ok
6560.48252,7237.0,,cache-misses:u,cache-misses,6838750.0,65.0,15.22,of all cache refs,ok
6560.48252,5053738.0,,stalled-cycles-frontend:u,stalled-cycles-frontend,2007657.0,19.0,70.25,frontend cycles idle,ok
6571.659964,661989.0,,instructions:u,instructions,3161468.0,36.0,0.12,insn per cycle,ok
6571.659964,nan,,,,nan,nan,2.9,stalled cycles per insn,unknown
6571.659964,5558793.0,,cycles:u,cycles,3002353.0,34.0,nan,,ok
6571.659964,93897.0,,branches:u,branches,4001740.0,45.0,nan,,ok
6571.659964,6106.0,,branch-misses:u,branch-misses,5001918.0,57.0,6.5,of all branches,ok
6571.659964,108223.0,,L1-dcache-loads:u,l1-dcache-loads,5872643.0,67.0,nan,,ok
6571.659964,15953.0,,cache-references:u,cache-references,5562162.0,63.0,nan,,ok
6571.659964,2015.0,,cache-misses:u,cache-misses,5723771.0,65.0,12.63,of all cache refs,ok
6571.659964,1917270.0,,stalled-cycles-frontend:u,stalled-cycles-frontend,2159781.0,24.0,34.49,frontend cycles idle,ok
6582.656714,6186.0,,instructions:u,instructions,2160183.0,39.0,nan,,ok
6582.656714,nan,,,,nan,nan,57.78,stalled cycles per insn,unknown
6582.656714,0.0,,cycles:u,cycles,71436.0,1.0,nan,,ok
6582.656714,0.0,,branches:u,branches,71436.0,1.0,nan,,ok
6582.656714,2263.0,,branch-misses:u,branch-misses,535729.0,9.0,nan,,ok
6582.656714,511202.0,,L1-dcache-loads:u,l1-dcache-loads,1463838.0,27.0,nan,,ok
6582.656714,34771.0,,cache-references:u,cache-references,3167156.0,74.0,nan,,ok
6582.656714,4789.0,,cache-misses:u,cache-misses,5237273.0,100.0,13.77,of all cache refs,ok
6582.656714,357434.0,,stalled-cycles-frontend:u,stalled-cycles-frontend,2160183.0,40.0,nan,,ok
6593.547433000001,nan,,instructions:u,instructions,0.0,100.0,nan,,ok
6593.547433000001,nan,,cycles:u,cycles,0.0,100.0,nan,,ok
6593.547433000001,nan,,branches:u,branches,0.0,100.0,nan,,ok
6593.547433000001,nan,,branch-misses:u,branch-misses,0.0,100.0,nan,,ok
6593.547433000001,nan,,L1-dcache-loads:u,l1-dcache-loads,0.0,100.0,nan,,ok
6593.547433000001,nan,,cache-references:u,cache-references,0.0,100.0,nan,,ok
6593.547433000001,nan,,cache-misses:u,cache-misses,0.0,100.0,nan,,ok
6593.547433000001,nan,,stalled-cycles-frontend:u,stalled-cycles-frontend,0.0,100.0,nan,,ok
6604.164762,295762.0,,instructions:u,instructions,2994567.0,51.0,0.1,insn per cycle,ok
6604.164762,nan,,,,nan,nan,8.83,stalled cycles per insn,unknown
6604.164762,2973107.0,,cycles:u,cycles,3002820.0,51.0,nan,,ok
6604.164762,49244.0,,branches:u,branches,4001902.0,69.0,nan,,ok
6604.164762,2667.0,,branch-misses:u,branch-misses,4771784.0,81.0,5.42,of all branches,ok
6604.164762,109162.0,,L1-dcache-loads:u,l1-dcache-loads,3778203.0,64.0,nan,,ok
6604.164762,1813.0,,cache-references:u,cache-references,2874119.0,48.0,nan,,ok
6604.164762,1858.0,,cache-misses:u,cache-misses,2892663.0,49.0,102.48,of all cache refs,ok
6604.164762,2610767.0,,stalled-cycles-frontend:u,stalled-cycles-frontend,2007695.0,33.0,87.81,frontend cycles idle,ok
6614.932016,nan,,instructions:u,instructions,0.0,0.0,nan,,ok
6614.932016,nan,,cycles:u,cycles,0.0,0.0,nan,,ok
6614.932016,nan,,branches:u,branches,0.0,0.0,nan,,ok
6614.932016,0.0,,branch-misses:u,branch-misses,239087.0,14.0,nan,,ok
6614.932016,0.0,,L1-dcache-loads:u,l1-dcache-loads,1213465.0,72.0,nan,,ok
6614.932016,0.0,,cache-references:u,cache-references,1657488.0,100.0,nan,,ok
6614.932016,0.0,,cache-misses:u,cache-misses,1630691.0,100.0,nan,,ok
6614.932016,nan,,stalled-cycles-frontend:u,stalled-cycles-frontend,0.0,0.0,nan,,ok
6625.964968,nan,,instructions:u,instructions,0.0,0.0,nan,,ok
6625.964968,nan,,cycles:u,cycles,0.0,0.0,nan,,ok
6625.964968,nan,,branches:u,branches,0.0,0.0,nan,,ok
6625.964968,nan,,branch-misses:u,branch-misses,0.0,0.0,nan,,ok
6625.964968,nan,,L1-dcache-loads:u,l1-dcache-loads,0.0,0.0,nan,,ok
6625.964968,0.0,,cache-references:u,cache-references,1309909.0,100.0,nan,,ok
6625.964968,0.0,,cache-misses:u,cache-misses,1309909.0,100.0,nan,,ok
6625.964968,nan,,stalled-cycles-frontend:u,stalled-cycles-frontend,0.0,0.0,nan,,ok
6637.153101,nan,,instructions:u,instructions,0.0,100.0,nan,,ok
6637.153101,nan,,cycles:u,cycles,0.0,100.0,nan,,ok
6637.153101,nan,,branches:u,branches,0.0,100.0,nan,,ok
6637.153101,nan,,branch-misses:u,branch-misses,0.0,100.0,nan,,ok
6637.153101,nan,,L1-dcache-loads:u,l1-dcache-loads,0.0,100.0,nan,,ok
6637.153101,nan,,cache-references:u,cache-references,0.0,100.0,nan,,ok
6637.153101,nan,,cache-misses:u,cache-misses,0.0,100.0,nan,,ok
6637.153101,nan,,stalled-cycles-frontend:u,stalled-cycles-frontend,0.0,100.0,nan,,ok
6647.967434,720819.0,,instructions:u,instructions,5124450.0,67.0,0.07,insn per cycle,ok
6647.967434,nan,,,,nan,nan,6.89,stalled cycles per insn,unknown
6647.967434,9851955.0,,cycles:u,cycles,6010275.0,69.0,nan,,ok
6647.967434,235839.0,,branches:u,branches,7572033.0,78.0,nan,,ok
6647.967434,12896.0,,branch-misses:u,branch-misses,7649924.0,78.0,5.47,of all branches,ok
6647.967434,551213.0,,L1-dcache-loads:u,l1-dcache-loads,5665178.0,57.0,nan,,ok
6647.967434,40301.0,,cache-references:u,cache-references,4677004.0,47.0,nan,,ok
6647.967434,5191.0,,cache-misses:u,cache-misses,3806576.0,38.0,12.88,of all cache refs,ok
6647.967434,4968945.0,,stalled-cycles-frontend:u,stalled-cycles-frontend,3124557.0,31.0,50.44,frontend cycles idle,ok
6658.7766679999995,nan,,instructions:u,instructions,0.0,0.0,nan,,ok
6658.7766679999995,nan,,cycles:u,cycles,0.0,0.0,nan,,ok
6658.7766679999995,0.0,,branches:u,branches,440835.0,31.0,nan,,ok
6658.7766679999995,48.0,,branch-misses:u,branch-misses,1378079.0,100.0,nan,,ok
6658.7766679999995,1160.0,,L1-dcache-loads:u,l1-dcache-loads,1355386.0,100.0,nan,,ok
6658.7766679999995,728.0,,cache-references:u,cache-references,1333988.0,100.0,nan,,ok
6658.7766679999995,189.0,,cache-misses:u,cache-misses,1318591.0,100.0,25.96,of all cache refs,ok
6658.7766679999995,nan,,stalled-cycles-frontend:u,stalled-cycles-frontend,0.0,0.0,nan,,ok
6669.732841,394.0,,instructions:u,instructions,2313141.0,36.0,nan,,ok
6669.732841,nan,,,,nan,nan,124.8,stalled cycles per insn,unknown
6669.732841,0.0,,cycles:u,cycles,1335900.0,21.0,nan,,ok
6669.732841,313.0,,branches:u,branches,2346621.0,36.0,nan,,ok
6669.732841,559.0,,branch-misses:u,branch-misses,3373650.0,52.0,178.59,of all branches,ok
6669.732841,46275.0,,L1-dcache-loads:u,l1-dcache-loads,3396681.0,53.0,nan,,ok
6669.732841,22562.0,,cache-references:u,cache-references,3984178.0,62.0,nan,,ok
6669.732841,3179.0,,cache-misses:u,cache-misses,4984354.0,77.0,14.09,of all cache refs,ok
6669.732841,49173.0,,stalled-cycles-frontend:u,stalled-cycles-frontend,2002619.0,31.0,nan,,ok
6680.751559,0.0,,instructions:u,instructions,688627.0,61.0,nan,,ok
6680.751559,0.0,,cycles:u,cycles,1093739.0,100.0,nan,,ok
6680.751559,0.0,,branches:u,branches,1066959.0,100.0,nan,,ok
6680.751559,0.0,,branch-misses:u,branch-misses,1041544.0,100.0,nan,,ok
6680.751559,0.0,,L1-dcache-loads:u,l1-dcache-loads,1013232.0,100.0,nan,,ok
6680.751559,0.0,,cache-references:u,cache-references,428047.0,42.0,nan,,ok
6680.751559,nan,,cache-misses:u,cache-misses,0.0,0.0,nan,,ok
6680.751559,nan,,stalled-cycles-frontend:u,stalled-cycles-frontend,0.0,0.0,nan,,ok
6691.402933,nan,,instructions:u,instructions,0.0,0.0,nan,,ok
6691.402933,841833.0,,cycles:u,cycles,1381681.0,31.0,nan,,ok
6691.402933,34225.0,,branches:u,branches,2379817.0,54.0,nan,,ok
6691.402933,2911.0,,branch-misses:u,branch-misses,3380735.0,76.0,8.51,of all branches,ok
6691.402933,65770.0,,L1-dcache-loads:u,l1-dcache-loads,4378155.0,99.0,nan,,ok
6691.402933,7716.0,,cache-references:u,cache-references,4441957.0,100.0,nan,,ok
6691.402933,2381.0,,cache-misses:u,cache-misses,3073936.0,68.0,30.86,of all cache refs,ok
6691.402933,nan,,stalled-cycles-frontend:u,stalled-cycles-frontend,0.0,0.0,nan,,ok
6702.495495,357581.0,,instructions:u,instructions,3531199.0,53.0,0.15,insn per cycle,ok
6702.495495,nan,,,,nan,nan,3.81,stalled cycles per insn,unknown
6702.495495,2359803.0,,cycles:u,cycles,3008556.0,42.0,nan,,ok
6702.495495,61424.0,,branches:u,branches,3008556.0,42.0,nan,,ok
6702.495495,4306.0,,branch-misses:u,branch-misses,3125015.0,44.0,7.01,of all branches,ok
6702.495495,129101.0,,L1-dcache-loads:u,l1-dcache-loads,2594035.0,36.0,nan,,ok
6702.495495,33838.0,,cache-references:u,cache-references,3499113.0,49.0,nan,,ok
6702.495495,7909.0,,cache-misses:u,cache-misses,4008096.0,61.0,23.37,of all cache refs,ok
6702.495495,1363166.0,,stalled-cycles-frontend:u,stalled-cycles-frontend,2532066.0,45.0,57.77,frontend cycles idle,ok
6713.235418,286146.0,,instructions:u,instructions,2998816.0,66.0,0.09,insn per cycle,ok
6713.235418,nan,,,,nan,nan,21.61,stalled cycles per insn,unknown
6713.235418,3252247.0,,cycles:u,cycles,2551365.0,56.0,nan,,ok
6713.235418,30377.0,,branches:u,branches,2713059.0,60.0,nan,,ok
6713.235418,1847.0,,branch-misses:u,branch-misses,2713059.0,60.0,6.08,of all branches,ok
6713.235418,3059.0,,L1-dcache-loads:u,l1-dcache-loads,1710209.0,38.0,nan,,ok
6713.235418,17173.0,,cache-references:u,cache-references,1485446.0,33.0,nan,,ok
6713.235418,5746.0,,cache-misses:u,cache-misses,1932897.0,43.0,33.46,of all cache refs,ok
6713.235418,6182649.0,,stalled-cycles-frontend:u,stalled-cycles-frontend,2000356.0,44.0,190.1,frontend cycles idle,ok
6724.234892,nan,,instructions:u,instructions,0.0,100.0,nan,,ok
6724.234892,nan,,cycles:u,cycles,0.0,100.0,nan,,ok
6724.234892,nan,,branches:u,branches,0.0,100.0,nan,,ok
6724.234892,nan,,branch-misses:u,branch-misses,0.0,100.0,nan,,ok
6724.234892,nan,,L1-dcache-loads:u,l1-dcache-loads,0.0,100.0,nan,,ok
6724.234892,nan,,cache-references:u,cache-references,0.0,100.0,nan,,ok
6724.234892,nan,,cache-misses:u,cache-misses,0.0,100.0,nan,,ok
6724.234892,nan,,stalled-cycles-frontend:u,stalled-cycles-frontend,0.0,100.0,nan,,ok
6735.066354,923.0,,instructions:u,instructions,3967512.0,43.0,0.0,insn per cycle,ok
6735.066354,1174953.0,,cycles:u,cycles,4204210.0,45.0,nan,,ok
6735.066354,9388.0,,branches:u,branches,5202664.0,56.0,nan,,ok
6735.066354,1559.0,,branch-misses:u,branch-misses,6202997.0,67.0,16.61,of all branches,ok
6735.066354,56152.0,,L1-dcache-loads:u,l1-dcache-loads,6204155.0,67.0,nan,,ok
6735.066354,24113.0,,cache-references:u,cache-references,5234755.0,56.0,nan,,ok
6735.066354,4072.0,,cache-misses:u,cache-misses,4998057.0,54.0,16.89,of all cache refs,ok
6735.066354,0.0,,stalled-cycles-frontend:u,stalled-cycles-frontend,2008599.0,21.0,nan,,ok
6745.678510000001,nan,,instructions:u,instructions,0.0,0.0,nan,,ok
6745.678510000001,0.0,,cycles:u,cycles,264096.0,100.0,nan,,ok
6745.678510000001,0.0,,branches:u,branches,285009.0,100.0,nan,,ok
6745.678510000001,0.0,,branch-misses:u,branch-misses,299536.0,100.0,nan,,ok
6745.678510000001,0.0,,L1-dcache-loads:u,l1-dcache-loads,314974.0,100.0,nan,,ok
6745.678510000001,0.0,,cache-references:u,cache-references,332770.0,100.0,nan,,ok
6745.678510000001,nan,,cache-misses:u,cache-misses,0.0,0.0,nan,,ok
6745.678510000001,nan,,stalled-cycles-frontend:u,stalled-cycles-frontend,0.0,0.0,nan,,ok
6756.519032,nan,,instructions:u,instructions,0.0,0.0,nan,,ok
6756.519032,0.0,,cycles:u,cycles,731385.0,66.0,nan,,ok
6756.519032,0.0,,branches:u,branches,1072285.0,100.0,nan,,ok
6756.519032,0.0,,branch-misses:u,branch-misses,1057758.0,100.0,nan,,ok
6756.519032,0.0,,L1-dcache-loads:u,l1-dcache-loads,1042320.0,100.0,nan,,ok
6756.519032,0.0,,cache-references:u,cache-references,1065242.0,100.0,nan,,ok
6756.519032,0.0,,cache-misses:u,cache-misses,426368.0,39.0,nan,,ok
6756.519032,nan,,stalled-cycles-frontend:u,stalled-cycles-frontend,0.0,0.0,nan,,ok
6767.400577,393767.0,,instructions:u,instructions,3003084.0,38.0,0.14,insn per cycle,ok
6767.400577,nan,,,,nan,nan,5.0,stalled cycles per insn,unknown
6767.400577,2755374.0,,cycles:u,cycles,3005934.0,38.0,nan,,ok
6767.400577,77627.0,,branches:u,branches,3896379.0,49.0,nan,,ok
6767.400577,5293.0,,branch-misses:u,branch-misses,4916214.0,62.0,6.82,of all branches,ok
6767.400577,125006.0,,L1-dcache-loads:u,l1-dcache-loads,4945290.0,62.0,nan,,ok
6767.400577,19692.0,,cache-references:u,cache-references,4930336.0,62.0,nan,,ok
6767.400577,5734.0,,cache-misses:u,cache-misses,4924039.0,62.0,29.12,of all cache refs,ok
6767.400577,1970626.0,,stalled-cycles-frontend:u,stalled-cycles-frontend,2000969.0,25.0,71.52,frontend cycles idle,ok
6778.777425,1693.0,,instructions:u,instructions,1849565.0,37.0,0.0,insn per cycle,ok
6778.777425,nan,,,,nan,nan,219.06,stalled cycles per insn,unknown
6778.777425,770142.0,,cycles:u,cycles,848079.0,17.0,nan,,ok
6778.777425,472.0,,branches:u,branches,1909850.0,32.0,nan,,ok
6778.777425,600.0,,branch-misses:u,branch-misses,3018576.0,50.0,127.12,of all branches,ok
6778.777425,158527.0,,L1-dcache-loads:u,l1-dcache-loads,3141278.0,52.0,nan,,ok
6778.777425,33600.0,,cache-references:u,cache-references,4111423.0,68.0,nan,,ok
6778.777425,5208.0,,cache-misses:u,cache-misses,5092519.0,85.0,15.5,of all cache refs,ok
6778.777425,370866.0,,stalled-cycles-frontend:u,stalled-cycles-frontend,1849565.0,31.0,48.16,frontend cycles idle,ok
6789.611637,nan,,instructions:u,instructions,0.0,100.0,nan,,ok
6789.611637,nan,,cycles:u,cycles,0.0,100.0,nan,,ok
6789.611637,nan,,branches:u,branches,0.0,100.0,nan,,ok
6789.611637,nan,,branch-misses:u,branch-misses,0.0,100.0,nan,,ok
6789.611637,nan,,L1-dcache-loads:u,l1-dcache-loads,0.0,100.0,nan,,ok
6789.611637,nan,,cache-references:u,cache-references,0.0,100.0,nan,,ok
6789.611637,nan,,cache-misses:u,cache-misses,0.0,100.0,nan,,ok
6789.611637,nan,,stalled-cycles-frontend:u,stalled-cycles-frontend,0.0,100.0,nan,,ok
6800.422544,63206.0,,instructions:u,instructions,3102357.0,34.0,0.01,insn per cycle,ok
6800.422544,nan,,,,nan,nan,84.45,stalled cycles per insn,unknown
6800.422544,7660537.0,,cycles:u,cycles,3000519.0,32.0,nan,,ok
6800.422544,23083.0,,branches:u,branches,3997072.0,43.0,nan,,ok
6800.422544,3262.0,,branch-misses:u,branch-misses,4999819.0,54.0,14.13,of all branches,ok
6800.422544,155851.0,,L1-dcache-loads:u,l1-dcache-loads,5003616.0,54.0,nan,,ok
6800.422544,14944.0,,cache-references:u,cache-references,5979990.0,65.0,nan,,ok
6800.422544,2069.0,,cache-misses:u,cache-misses,6180582.0,67.0,13.85,of all cache refs,ok
6800.422544,5337991.0,,stalled-cycles-frontend:u,stalled-cycles-frontend,2220799.0,24.0,69.68,frontend cycles idle,ok
6811.664909,0.0,,instructions:u,instructions,820146.0,100.0,nan,,ok
6811.664909,nan,,cycles:u,cycles,0.0,0.0,nan,,ok
6811.664909,nan,,branches:u,branches,0.0,0.0,nan,,ok
6811.664909,nan,,branch-misses:u,branch-misses,0.0,0.0,nan,,ok
6811.664909,nan,,L1-dcache-loads:u,l1-dcache-loads,0.0,0.0,nan,,ok
6811.664909,nan,,cache-references:u,cache-references,0.0,0.0,nan,,ok
6811.664909,0.0,,cache-misses:u,cache-misses,721392.0,100.0,nan,,ok
6811.664909,0.0,,stalled-cycles-frontend:u,stalled-cycles-frontend,700942.0,100.0,nan,,ok
6822.540559,453635.0,,instructions:u,instructions,3469039.0,52.0,0.12,insn per cycle,ok
6822.540559,nan,,,,nan,nan,3.02,stalled cycles per insn,unknown
6822.540559,3842971.0,,cycles:u,cycles,3480086.0,52.0,nan,,ok
6822.540559,78301.0,,branches:u,branches,4484030.0,67.0,nan,,ok
6822.540559,5333.0,,branch-misses:u,branch-misses,5479089.0,82.0,6.81,of all branches,ok
6822.540559,163046.0,,L1-dcache-loads:u,l1-dcache-loads,4642564.0,69.0,nan,,ok
6822.540559,19969.0,,cache-references:u,cache-references,3184158.0,47.0,nan,,ok
6822.540559,2164.0,,cache-misses:u,cache-misses,3195765.0,47.0,10.84,of all cache refs,ok
6822.540559,1368182.0,,stalled-cycles-frontend:u,stalled-cycles-frontend,1990214.0,29.0,35.6,frontend cycles idle,ok
6833.420708000001,131985.0,,instructions:u,instructions,1558043.0,18.0,0.01,insn per cycle,ok
6833.420708000001,nan,,,,nan,nan,5.08,stalled cycles per insn,unknown
6833.420708000001,13740088.0,,cycles:u,cycles,2222809.0,27.0,nan,,ok
6833.420708000001,63557.0,,branches:u,branches,3224444.0,51.0,nan,,ok
6833.420708000001,5771.0,,branch-misses:u,branch-misses,4220020.0,67.0,9.08,of all branches,ok
6833.420708000001,326002.0,,L1-dcache-loads:u,l1-dcache-loads,5836945.0,81.0,nan,,ok
6833.420708000001,28183.0,,cache-references:u,cache-references,6893598.0,84.0,nan,,ok
6833.420708000001,4323.0,,cache-misses:u,cache-misses,6206178.0,73.0,15.34,of all cache refs,ok
6833.420708000001,671025.0,,stalled-cycles-frontend:u,stalled-cycles-frontend,560714.0,6.0,4.88,frontend cycles idle,ok
6844.399131,nan,,instructions:u,instructions,0.0,100.0,nan,,ok
6844.399131,nan,,cycles:u,cycles,0.0,100.0,nan,,ok
6844.399131,nan,,branches:u,branches,0.0,100.0,nan,,ok
6844.399131,nan,,branch-misses:u,branch-misses,0.0,100.0,nan,,ok
6844.399131,nan,,L1-dcache-loads:u,l1-dcache-loads,0.0,100.0,nan,,ok
6844.399131,nan,,cache-references:u,cache-references,0.0,100.0,nan,,ok
6844.399131,nan,,cache-misses:u,cache-misses,0.0,100.0,nan,,ok
6844.399131,nan,,stalled-cycles-frontend:u,stalled-cycles-frontend,0.0,100.0,nan,,ok
6855.336414,83146.0,,instructions:u,instructions,930663.0,32.0,nan,,ok
6855.336414,nan,,,,nan,nan,28.34,stalled cycles per insn,unknown
6855.336414,nan,,cycles:u,cycles,0.0,0.0,nan,,ok
6855.336414,nan,,branches:u,branches,0.0,0.0,nan,,ok
6855.336414,nan,,branch-misses:u,branch-misses,0.0,0.0,nan,,ok
6855.336414,18244.0,,L1-dcache-loads:u,l1-dcache-loads,928819.0,31.0,nan,,ok
6855.336414,7757.0,,cache-references:u,cache-references,1922858.0,64.0,nan,,ok
6855.336414,1976.0,,cache-misses:u,cache-misses,2926644.0,98.0,25.47,of all cache refs,ok
6855.336414,2356066.0,,stalled-cycles-frontend:u,stalled-cycles-frontend,1082417.0,36.0,nan,,ok
6866.527761,226226.0,,instructions:u,instructions,2078283.0,44.0,0.09,insn per cycle,ok
6866.527761,nan,,,,nan,nan,3.4,stalled cycles per insn,unknown
6866.527761,2437678.0,,cycles:u,cycles,2997987.0,64.0,nan,,ok
6866.527761,31186.0,,branches:u,branches,4000293.0,86.0,nan,,ok
6866.527761,1657.0,,branch-misses:u,branch-misses,4602364.0,99.0,5.31,of all branches,ok
6866.527761,88649.0,,L1-dcache-loads:u,l1-dcache-loads,3599692.0,78.0,nan,,ok
6866.527761,2226.0,,cache-references:u,cache-references,2597204.0,56.0,nan,,ok
6866.527761,0.0,,cache-misses:u,cache-misses,1604377.0,35.0,nan,,ok
6866.527761,769612.0,,stalled-cycles-frontend:u,stalled-cycles-frontend,924041.0,20.0,31.57,frontend cycles idle,ok
6877.528119,415666.0,,instructions:u,instructions,3006074.0,44.0,0.13,insn per cycle,ok
6877.528119,nan,,,,nan,nan,4.29,stalled cycles per insn,unknown
6877.528119,3144163.0,,cycles:u,cycles,3011827.0,44.0,nan,,ok
6877.528119,80431.0,,branches:u,branches,3126837.0,46.0,nan,,ok
6877.528119,5510.0,,branch-misses:u,branch-misses,3754928.0,55.0,6.85,of all branches,ok
6877.528119,163673.0,,L1-dcache-loads:u,l1-dcache-loads,3771964.0,55.0,nan,,ok
6877.528119,20569.0,,cache-references:u,cache-references,3789028.0,55.0,nan,,ok
6877.528119,3890.0,,cache-misses:u,cache-misses,3806476.0,55.0,18.91,of all cache refs,ok
6877.528119,1783637.0,,stalled-cycles-frontend:u,stalled-cycles-frontend,2004691.0,29.0,56.73,frontend cycles idle,ok
6888.56276,2005.0,,instructions:u,instructions,1174375.0,49.0,nan,,ok
6888.56276,nan,,,,nan,nan,28.92,stalled cycles per insn,unknown
6888.56276,0.0,,cycles:u,cycles,207982.0,8.0,nan,,ok
6888.56276,18339.0,,branches:u,branches,623714.0,25.0,nan,,ok
6888.56276,1309.0,,branch-misses:u,branch-misses,630341.0,26.0,7.14,of all branches,ok
6888.56276,52107.0,,L1-dcache-loads:u,l1-dcache-loads,361077.0,14.0,nan,,ok
6888.56276,5842.0,,cache-references:u,cache-references,1126339.0,46.0,nan,,ok
6888.56276,1036.0,,cache-misses:u,cache-misses,2104328.0,100.0,17.73,of all cache refs,ok
6888.56276,57982.0,,stalled-cycles-frontend:u,stalled-cycles-frontend,1272871.0,53.0,nan,,ok
6899.955145,2800.0,,instructions:u,instructions,2559889.0,43.0,0.0,insn per cycle,ok
6899.955145,nan,,,,nan,nan,142.97,stalled cycles per insn,unknown
6899.955145,966974.0,,cycles:u,cycles,1526076.0,25.0,nan,,ok
6899.955145,5395.0,,branches:u,branches,1847832.0,31.0,nan,,ok
6899.955145,3592.0,,branch-misses:u,branch-misses,2823923.0,48.0,66.58,of all branches,ok
6899.955145,245563.0,,L1-dcache-loads:u,l1-dcache-loads,2757850.0,47.0,nan,,ok
6899.955145,38992.0,,cache-references:u,cache-references,3344650.0,57.0,nan,,ok
6899.955145,6481.0,,cache-misses:u,cache-misses,4343666.0,74.0,16.62,of all cache refs,ok
6899.955145,400303.0,,stalled-cycles-frontend:u,stalled-cycles-frontend,2053287.0,35.0,41.4,frontend cycles idle,ok
6910.875413000001,nan,,instructions:u,instructions,0.0,100.0,nan,,ok
6910.875413000001,nan,,cycles:u,cycles,0.0,100.0,nan,,ok
6910.875413000001,nan,,branches:u,branches,0.0,100.0,nan,,ok
6910.875413000001,nan,,branch-misses:u,branch-misses,0.0,100.0,nan,,ok
6910.875413000001,nan,,L1-dcache-loads:u,l1-dcache-loads,0.0,100.0,nan,,ok
6910.875413000001,nan,,cache-references:u,cache-references,0.0,100.0,nan,,ok
6910.875413000001,nan,,cache-misses:u,cache-misses,0.0,100.0,nan,,ok
6910.875413000001,nan,,stalled-cycles-frontend:u,stalled-cycles-frontend,0.0,100.0,nan,,ok
6921.795002,114634.0,,instructions:u,instructions,2988422.0,48.0,0.03,insn per cycle,ok
6921.795002,nan,,,,nan,nan,25.99,stalled cycles per insn,unknown
6921.795002,3968597.0,,cycles:u,cycles,3006428.0,48.0,nan,,ok
6921.795002,53949.0,,branches:u,branches,4000357.0,64.0,nan,,ok
6921.795002,2825.0,,branch-misses:u,branch-misses,4997821.0,81.0,5.24,of all branches,ok
6921.795002,124444.0,,L1-dcache-loads:u,l1-dcache-loads,4168351.0,67.0,nan,,ok
6921.795002,10627.0,,cache-references:u,cache-references,3172910.0,51.0,nan,,ok
6921.795002,1027.0,,cache-misses:u,cache-misses,3154904.0,51.0,9.66,of all cache refs,ok
6921.795002,2979222.0,,stalled-cycles-frontend:u,stalled-cycles-frontend,1992981.0,32.0,75.07,frontend cycles idle,ok
6932.673847,nan,,instructions:u,instructions,0.0,100.0,nan,,ok
6932.673847,nan,,cycles:u,cycles,0.0,100.0,nan,,ok
6932.673847,nan,,branches:u,branches,0.0,100.0,nan,,ok
6932.673847,nan,,branch-misses:u,branch-misses,0.0,100.0,nan,,ok
6932.673847,nan,,L1-dcache-loads:u,l1-dcache-loads,0.0,100.0,nan,,ok
6932.673847,nan,,cache-references:u,cache-references,0.0,100.0,nan,,ok
6932.673847,nan,,cache-misses:u,cache-misses,0.0,100.0,nan,,ok
6932.673847,nan,,stalled-cycles-frontend:u,stalled-cycles-frontend,0.0,100.0,nan,,ok
6943.609946,115923.0,,instructions:u,instructions,2206569.0,61.0,0.16,insn per cycle,ok
6943.609946,nan,,,,nan,nan,6.47,stalled cycles per insn,unknown
6943.609946,725022.0,,cycles:u,cycles,1234689.0,34.0,nan,,ok
6943.609946,4294.0,,branches:u,branches,1257287.0,34.0,nan,,ok
6943.609946,932.0,,branch-misses:u,branch-misses,1278984.0,35.0,21.7,of all branches,ok
6943.609946,6515.0,,L1-dcache-loads:u,l1-dcache-loads,1280696.0,35.0,nan,,ok
6943.609946,118.0,,cache-references:u,cache-references,1359483.0,37.0,nan,,ok
6943.609946,1378.0,,cache-misses:u,cache-misses,2356710.0,64.0,1167.8,of all cache refs,ok
6943.609946,750461.0,,stalled-cycles-frontend:u,stalled-cycles-frontend,2001085.0,54.0,103.51,frontend cycles idle,ok
6954.504937000001,560316.0,,instructions:u,instructions,906396.0,15.0,0.11,insn per cycle,ok
6954.504937000001,nan,,,,nan,nan,2.66,stalled cycles per insn,unknown
6954.504937000001,5066027.0,,cycles:u,cycles,1773017.0,30.0,nan,,ok
6954.504937000001,47236.0,,branches:u,branches,2745719.0,46.0,nan,,ok
6954.504937000001,4050.0,,branch-misses:u,branch-misses,3725406.0,63.0,8.57,of all branches,ok
6954.504937000001,131893.0,,L1-dcache-loads:u,l1-dcache-loads,4711481.0,80.0,nan,,ok
6954.504937000001,17892.0,,cache-references:u,cache-references,5002837.0,86.0,nan,,ok
6954.504937000001,2309.0,,cache-misses:u,cache-misses,4110869.0,70.0,12.91,of all cache refs,ok
6954.504937000001,1492857.0,,stalled-cycles-frontend:u,stalled-cycles-frontend,113109.0,1.0,29.47,frontend cycles idle,ok
6965.477303,nan,,instructions:u,instructions,0.0,100.0,nan,,ok
6965.477303,nan,,cycles:u,cycles,0.0,100.0,nan,,ok
6965.477303,nan,,branches:u,branches,0.0,100.0,nan,,ok
6965.477303,nan,,branch-misses:u,branch-misses,0.0,100.0,nan,,ok
6965.477303,nan,,L1-dcache-loads:u,l1-dcache-loads,0.0,100.0,nan,,ok
6965.477303,nan,,cache-references:u,cache-references,0.0,100.0,nan,,ok
6965.477303,nan,,cache-misses:u,cache-misses,0.0,100.0,nan,,ok
6965.477303,nan,,stalled-cycles-frontend:u,stalled-cycles-frontend,0.0,100.0,nan,,ok
6976.419741,296292.0,,instructions:u,instructions,3303584.0,66.0,0.05,insn per cycle,ok
6976.419741,nan,,,,nan,nan,18.92,stalled cycles per insn,unknown
6976.419741,6097193.0,,cycles:u,cycles,4987959.0,82.0,nan,,ok
6976.419741,174366.0,,branches:u,branches,6644039.0,94.0,nan,,ok
6976.419741,6502.0,,branch-misses:u,branch-misses,7179369.0,95.0,3.73,of all branches,ok
6976.419741,346943.0,,L1-dcache-loads:u,l1-dcache-loads,6190748.0,82.0,nan,,ok
6976.419741,24562.0,,cache-references:u,cache-references,4205294.0,56.0,nan,,ok
6976.419741,696.0,,cache-misses:u,cache-misses,2520919.0,33.0,2.83,of all cache refs,ok
6976.419741,5605112.0,,stalled-cycles-frontend:u,stalled-cycles-frontend,1318130.0,18.0,91.93,frontend cycles idle,ok
6987.71374,nan,,instructions:u,instructions,0.0,0.0,nan,,ok
6987.71374,nan,,cycles:u,cycles,0.0,0.0,nan,,ok
6987.71374,nan,,branches:u,branches,0.0,0.0,nan,,ok
6987.71374,0.0,,branch-misses:u,branch-misses,12649.0,100.0,nan,,ok
6987.71374,nan,,L1-dcache-loads:u,l1-dcache-loads,0.0,100.0,nan,,ok
6987.71374,nan,,cache-references:u,cache-references,0.0,100.0,nan,,ok
6987.71374,nan,,cache-misses:u,cache-misses,0.0,100.0,nan,,ok
6987.71374,nan,,stalled-cycles-frontend:u,stalled-cycles-frontend,0.0,100.0,nan,,ok
6998.524062,nan,,instructions:u,instructions,0.0,0.0,nan,,ok
6998.524062,193384.0,,cycles:u,cycles,973637.0,91.0,nan,,ok
6998.524062,73.0,,branches:u,branches,1089036.0,100.0,nan,,ok
6998.524062,25.0,,branch-misses:u,branch-misses,1114379.0,100.0,34.25,of all branches,ok
6998.524062,1439.0,,L1-dcache-loads:u,l1-dcache-loads,1138425.0,100.0,nan,,ok
6998.524062,655.0,,cache-references:u,cache-references,1161011.0,100.0,nan,,ok
6998.524062,11.0,,cache-misses:u,cache-misses,207826.0,17.0,1.68,of all cache refs,ok
6998.524062,nan,,stalled-cycles-frontend:u,stalled-cycles-frontend,0.0,0.0,nan,,ok
7009.494981999999,320618.0,,instructions:u,instructions,2051775.0,34.0,0.3,insn per cycle,ok
7009.494981999999,nan,,,,nan,nan,2.96,stalled cycles per insn,unknown
7009.494981999999,1066561.0,,cycles:u,cycles,1054687.0,17.0,nan,,ok
7009.494981999999,15934.0,,branches:u,branches,1954588.0,32.0,nan,,ok
7009.494981999999,1138.0,,branch-misses:u,branch-misses,2917355.0,49.0,7.14,of all branches,ok
7009.494981999999,31200.0,,L1-dcache-loads:u,l1-dcache-loads,2883626.0,48.0,nan,,ok
7009.494981999999,11953.0,,cache-references:u,cache-references,3812169.0,65.0,nan,,ok
7009.494981999999,2724.0,,cache-misses:u,cache-misses,4788805.0,81.0,22.79,of all cache refs,ok
7009.494981999999,949762.0,,stalled-cycles-frontend:u,stalled-cycles-frontend,2002750.0,34.0,89.05,frontend cycles idle,ok
7020.701707,nan,,instructions:u,instructions,0.0,100.0,nan,,ok
7020.701707,nan,,cycles:u,cycles,0.0,100.0,nan,,ok
7020.701707,nan,,branches:u,branches,0.0,100.0,nan,,ok
7020.701707,nan,,branch-misses:u,branch-misses,0.0,100.0,nan,,ok
7020.701707,nan,,L1-dcache-loads:u,l1-dcache-loads,0.0,100.0,nan,,ok
7020.701707,nan,,cache-references:u,cache-references,0.0,100.0,nan,,ok
7020.701707,nan,,cache-misses:u,cache-misses,0.0,100.0,nan,,ok
7020.701707,nan,,stalled-cycles-frontend:u,stalled-cycles-frontend,0.0,100.0,nan,,ok
7031.4132660000005,0.0,,instructions:u,instructions,970334.0,33.0,nan,,ok
7031.4132660000005,0.0,,cycles:u,cycles,1974166.0,67.0,nan,,ok
7031.4132660000005,0.0,,branches:u,branches,2205847.0,75.0,nan,,ok
7031.4132660000005,0.0,,branch-misses:u,branch-misses,2903997.0,100.0,nan,,ok
7031.4132660000005,0.0,,L1-dcache-loads:u,l1-dcache-loads,2903997.0,100.0,nan,,ok
7031.4132660000005,0.0,,cache-references:u,cache-references,1933663.0,66.0,nan,,ok
7031.4132660000005,0.0,,cache-misses:u,cache-misses,929831.0,32.0,nan,,ok
7031.4132660000005,nan,,stalled-cycles-frontend:u,stalled-cycles-frontend,0.0,0.0,nan,,ok
7042.14594,532729.0,,instructions:u,instructions,1730819.0,36.0,0.23,insn per cycle,ok
7042.14594,nan,,,,nan,nan,3.02,stalled cycles per insn,unknown
7042.14594,2356686.0,,cycles:u,cycles,759295.0,16.0,nan,,ok
7042.14594,84540.0,,branches:u,branches,781175.0,16.0,nan,,ok
7042.14594,7263.0,,branch-misses:u,branch-misses,1766899.0,37.0,8.59,of all branches,ok
7042.14594,53022.0,,L1-dcache-loads:u,l1-dcache-loads,1958973.0,40.0,nan,,ok
7042.14594,9204.0,,cache-references:u,cache-references,2957317.0,61.0,nan,,ok
7042.14594,3840.0,,cache-misses:u,cache-misses,3961085.0,82.0,41.72,of all cache refs,ok
7042.14594,1606746.0,,stalled-cycles-frontend:u,stalled-cycles-frontend,1863710.0,38.0,68.18,frontend cycles idle,ok
7053.310134,85389.0,,instructions:u,instructions,1271672.0,60.0,0.09,insn per cycle,ok
7053.310134,nan,,,,nan,nan,4.23,stalled cycles per insn,unknown
7053.310134,929277.0,,cycles:u,cycles,2072723.0,100.0,nan,,ok
7053.310134,18930.0,,branches:u,branches,2050843.0,100.0,nan,,ok
7053.310134,1083.0,,branch-misses:u,branch-misses,2025989.0,100.0,5.72,of all branches,ok
7053.310134,28484.0,,L1-dcache-loads:u,l1-dcache-loads,1831796.0,91.0,nan,,ok
7053.310134,6605.0,,cache-references:u,cache-references,833295.0,41.0,nan,,ok
7053.310134,nan,,cache-misses:u,cache-misses,0.0,0.0,nan,,ok
7053.310134,361055.0,,stalled-cycles-frontend:u,stalled-cycles-frontend,140280.0,7.0,38.85,frontend cycles idle,ok
7064.300246,nan,,instructions:u,instructions,0.0,0.0,nan,,ok
7064.300246,1671223.0,,cycles:u,cycles,926170.0,51.0,nan,,ok
7064.300246,31260.0,,branches:u,branches,1824067.0,100.0,nan,,ok
7064.300246,2483.0,,branch-misses:u,branch-misses,2807714.0,100.0,7.94,of all branches,ok
7064.300246,69652.0,,L1-dcache-loads:u,l1-dcache-loads,3823925.0,100.0,nan,,ok
7064.300246,13085.0,,cache-references:u,cache-references,4123384.0,100.0,nan,,ok
7064.300246,3976.0,,cache-misses:u,cache-misses,3214177.0,77.0,30.39,of all cache refs,ok
7064.300246,nan,,stalled-cycles-frontend:u,stalled-cycles-frontend,0.0,0.0,nan,,ok
7075.349071,nan,,instructions:u,instructions,0.0,0.0,nan,,ok
7075.349071,nan,,cycles:u,cycles,0.0,0.0,nan,,ok
7075.349071,135116.0,,branches:u,branches,101038.0,3.0,nan,,ok
7075.349071,9620.0,,branch-misses:u,branch-misses,1084369.0,37.0,7.12,of all branches,ok
7075.349071,277559.0,,L1-dcache-loads:u,l1-dcache-loads,2064694.0,71.0,nan,,ok
7075.349071,13490.0,,cache-references:u,cache-references,2871638.0,100.0,nan,,ok
7075.349071,1181.0,,cache-misses:u,cache-misses,2854675.0,100.0,8.75,of all cache refs,ok
7075.349071,nan,,stalled-cycles-frontend:u,stalled-cycles-frontend,0.0,0.0,nan,,ok
7086.327928000001,nan,,instructions:u,instructions,0.0,0.0,nan,,ok
7086.327928000001,nan,,cycles:u,cycles,0.0,0.0,nan,,ok
7086.327928000001,nan,,branches:u,branches,0.0,0.0,nan,,ok
7086.327928000001,nan,,branch-misses:u,branch-misses,0.0,0.0,nan,,ok
7086.327928000001,18219.0,,L1-dcache-loads:u,l1-dcache-loads,971515.0,51.0,nan,,ok
7086.327928000001,7210.0,,cache-references:u,cache-references,1929219.0,100.0,nan,,ok
7086.327928000001,1861.0,,cache-misses:u,cache-misses,1949711.0,100.0,25.81,of all cache refs,ok
7086.327928000001,0.0,,stalled-cycles-frontend:u,stalled-cycles-frontend,39140.0,1.0,nan,,ok
7097.256927,149051.0,,instructions:u,instructions,3003537.0,79.0,0.16,insn per cycle,ok
7097.256927,nan,,,,nan,nan,5.35,stalled cycles per insn,unknown
7097.256927,929800.0,,cycles:u,cycles,2648170.0,70.0,nan,,ok
7097.256927,34560.0,,branches:u,branches,2648170.0,70.0,nan,,ok
7097.256927,2021.0,,branch-misses:u,branch-misses,2648170.0,71.0,5.85,of all branches,ok
7097.256927,0.0,,L1-dcache-loads:u,l1-dcache-loads,1650725.0,44.0,nan,,ok
7097.256927,0.0,,cache-references:u,cache-references,687548.0,18.0,nan,,ok
7097.256927,520.0,,cache-misses:u,cache-misses,1022423.0,27.0,nan,,ok
7097.256927,797888.0,,stalled-cycles-frontend:u,stalled-cycles-frontend,1961470.0,54.0,85.81,frontend cycles idle,ok
7108.229477,nan,,instructions:u,instructions,0.0,0.0,nan,,ok
7108.229477,0.0,,cycles:u,cycles,293369.0,100.0,nan,,ok
7108.229477,0.0,,branches:u,branches,293369.0,100.0,nan,,ok
7108.229477,0.0,,branch-misses:u,branch-misses,293369.0,100.0,nan,,ok
7108.229477,0.0,,L1-dcache-loads:u,l1-dcache-loads,293369.0,100.0,nan,,ok
7108.229477,0.0,,cache-references:u,cache-references,293369.0,100.0,nan,,ok
7108.229477,nan,,cache-misses:u,cache-misses,0.0,0.0,nan,,ok
7108.229477,nan,,stalled-cycles-frontend:u,stalled-cycles-frontend,0.0,0.0,nan,,ok
7119.224065,356883.0,,instructions:u,instructions,2125431.0,31.0,0.12,insn per cycle,ok
7119.224065,nan,,,,nan,nan,4.63,stalled cycles per insn,unknown
7119.224065,3004096.0,,cycles:u,cycles,1795284.0,26.0,nan,,ok
7119.224065,70325.0,,branches:u,branches,2791682.0,41.0,nan,,ok
7119.224065,5079.0,,branch-misses:u,branch-misses,3793989.0,55.0,7.22,of all branches,ok
7119.224065,138884.0,,L1-dcache-loads:u,l1-dcache-loads,3793443.0,55.0,nan,,ok
7119.224065,15416.0,,cache-references:u,cache-references,4667910.0,68.0,nan,,ok
7119.224065,4111.0,,cache-misses:u,cache-misses,4998057.0,73.0,26.67,of all cache refs,ok
7119.224065,1651113.0,,stalled-cycles-frontend:u,stalled-cycles-frontend,2001363.0,29.0,54.96,frontend cycles idle,ok
7129.897696999999,nan,,instructions:u,instructions,0.0,100.0,nan,,ok
7129.897696999999,nan,,cycles:u,cycles,0.0,100.0,nan,,ok
7129.897696999999,nan,,branches:u,branches,0.0,100.0,nan,,ok
7129.897696999999,nan,,branch-misses:u,branch-misses,0.0,100.0,nan,,ok
7129.897696999999,nan,,L1-dcache-loads:u,l1-dcache-loads,0.0,100.0,nan,,ok
7129.897696999999,nan,,cache-references:u,cache-references,0.0,100.0,nan,,ok
7129.897696999999,nan,,cache-misses:u,cache-misses,0.0,100.0,nan,,ok
7129.897696999999,nan,,stalled-cycles-frontend:u,stalled-cycles-frontend,0.0,100.0,nan,,ok
7140.547715000001,512.0,,instructions:u,instructions,990059.0,32.0,0.0,insn per cycle,ok
7140.547715000001,1139975.0,,cycles:u,cycles,1978533.0,64.0,nan,,ok
7140.547715000001,16911.0,,branches:u,branches,2979166.0,97.0,nan,,ok
7140.547715000001,1234.0,,branch-misses:u,branch-misses,3056391.0,100.0,7.3,of all branches,ok
7140.547715000001,31027.0,,L1-dcache-loads:u,l1-dcache-loads,3056391.0,100.0,nan,,ok
7140.547715000001,8676.0,,cache-references:u,cache-references,2066332.0,67.0,nan,,ok
7140.547715000001,1267.0,,cache-misses:u,cache-misses,1077858.0,35.0,14.6,of all cache refs,ok
7140.547715000001,nan,,stalled-cycles-frontend:u,stalled-cycles-frontend,0.0,0.0,nan,,ok
7151.483085,698756.0,,instructions:u,instructions,3213428.0,49.0,0.23,insn per cycle,ok
7151.483085,nan,,,,nan,nan,6.73,stalled cycles per insn,unknown
7151.483085,2985544.0,,cycles:u,cycles,1964418.0,31.0,nan,,ok
7151.483085,27030.0,,branches:u,branches,1964418.0,37.0,nan,,ok
7151.483085,1516.0,,branch-misses:u,branch-misses,2298724.0,43.0,5.61,of all branches,ok
7151.483085,69855.0,,L1-dcache-loads:u,l1-dcache-loads,2294189.0,43.0,nan,,ok
7151.483085,31983.0,,cache-references:u,cache-references,3317025.0,52.0,nan,,ok
7151.483085,6784.0,,cache-misses:u,cache-misses,4566035.0,69.0,21.21,of all cache refs,ok
7151.483085,4701944.0,,stalled-cycles-frontend:u,stalled-cycles-frontend,2253198.0,34.0,157.49,frontend cycles idle,ok
7162.153301,631.0,,instructions:u,instructions,394364.0,100.0,0.0,insn per cycle,ok
7162.153301,132577.0,,cycles:u,cycles,394364.0,100.0,nan,,ok
7162.153301,153.0,,branches:u,branches,394364.0,100.0,nan,,ok
7162.153301,46.0,,branch-misses:u,branch-misses,394364.0,100.0,30.07,of all branches,ok
7162.153301,1067.0,,L1-dcache-loads:u,l1-dcache-loads,394364.0,100.0,nan,,ok
7162.153301,nan,,cache-references:u,cache-references,0.0,0.0,nan,,ok
7162.153301,nan,,cache-misses:u,cache-misses,0.0,0.0,nan,,ok
7162.153301,nan,,stalled-cycles-frontend:u,stalled-cycles-frontend,0.0,0.0,nan,,ok
7172.816938999999,44.0,,instructions:u,instructions,382745.0,100.0,0.0,insn per cycle,ok
7172.816938999999,nan,,,,nan,nan,654.07,stalled cycles per insn,unknown
7172.816938999999,30733.0,,cycles:u,cycles,409745.0,100.0,nan,,ok
7172.816938999999,23.0,,branches:u,branches,431030.0,100.0,nan,,ok
7172.816938999999,12.0,,branch-misses:u,branch-misses,451668.0,100.0,52.17,of all branches,ok
7172.816938999999,nan,,L1-dcache-loads:u,l1-dcache-loads,0.0,0.0,nan,,ok
7172.816938999999,nan,,cache-references:u,cache-references,0.0,0.0,nan,,ok
7172.816938999999,nan,,cache-misses:u,cache-misses,0.0,0.0,nan,,ok
7172.816938999999,28779.0,,stalled-cycles-frontend:u,stalled-cycles-frontend,490656.0,100.0,93.64,frontend cycles idle,ok
7183.535549,6287.0,,instructions:u,instructions,1605289.0,42.0,0.0,insn per cycle,ok
7183.535549,nan,,,,nan,nan,170.32,stalled cycles per insn,unknown
7183.535549,1619255.0,,cycles:u,cycles,2599320.0,69.0,nan,,ok
7183.535549,4405.0,,branches:u,branches,3560224.0,96.0,nan,,ok
7183.535549,527.0,,branch-misses:u,branch-misses,3679072.0,100.0,11.96,of all branches,ok
7183.535549,15222.0,,L1-dcache-loads:u,l1-dcache-loads,3139777.0,85.0,nan,,ok
7183.535549,6630.0,,cache-references:u,cache-references,2142706.0,58.0,nan,,ok
7183.535549,2096.0,,cache-misses:u,cache-misses,1121675.0,30.0,31.61,of all cache refs,ok
7183.535549,1070801.0,,stalled-cycles-frontend:u,stalled-cycles-frontend,500307.0,13.0,66.13,frontend cycles idle,ok
7194.261751,nan,,instructions:u,instructions,0.0,0.0,nan,,ok
7194.261751,nan,,cycles:u,cycles,0.0,0.0,nan,,ok
7194.261751,nan,,branches:u,branches,0.0,0.0,nan,,ok
7194.261751,1067.0,,branch-misses:u,branch-misses,990316.0,34.0,nan,,ok
7194.261751,20309.0,,L1-dcache-loads:u,l1-dcache-loads,1983709.0,69.0,nan,,ok
7194.261751,5311.0,,cache-references:u,cache-references,2889858.0,100.0,nan,,ok
7194.261751,1420.0,,cache-misses:u,cache-misses,2914720.0,100.0,26.74,of all cache refs,ok
7194.261751,nan,,stalled-cycles-frontend:u,stalled-cycles-frontend,0.0,0.0,nan,,ok
7204.958268,105324.0,,instructions:u,instructions,3003610.0,90.0,nan,,ok
7204.958268,nan,,,,nan,nan,4.51,stalled cycles per insn,unknown
7204.958268,0.0,,cycles:u,cycles,2156154.0,65.0,nan,,ok
7204.958268,0.0,,branches:u,branches,2156154.0,65.0,nan,,ok
7204.958268,0.0,,branch-misses:u,branch-misses,2156154.0,65.0,nan,,ok
7204.958268,0.0,,L1-dcache-loads:u,l1-dcache-loads,1158192.0,35.0,nan,,ok
7204.958268,0.0,,cache-references:u,cache-references,249653.0,7.0,nan,,ok
7204.958268,1454.0,,cache-misses:u,cache-misses,1072247.0,33.0,nan,,ok
7204.958268,475289.0,,stalled-cycles-frontend:u,stalled-cycles-frontend,2000691.0,62.0,nan,,ok
7215.665875,nan,,instructions:u,instructions,0.0,100.0,nan,,ok
7215.665875,nan,,cycles:u,cycles,0.0,100.0,nan,,ok
7215.665875,nan,,branches:u,branches,0.0,100.0,nan,,ok
7215.665875,nan,,branch-misses:u,branch-misses,0.0,100.0,nan,,ok
7215.665875,nan,,L1-dcache-loads:u,l1-dcache-loads,0.0,100.0,nan,,ok
7215.665875,nan,,cache-references:u,cache-references,0.0,100.0,nan,,ok
7215.665875,nan,,cache-misses:u,cache-misses,0.0,100.0,nan,,ok
7215.665875,nan,,stalled-cycles-frontend:u,stalled-cycles-frontend,0.0,100.0,nan,,ok
7226.321744,111935.0,,instructions:u,instructions,874549.0,54.0,0.05,insn per cycle,ok
7226.321744,2282657.0,,cycles:u,cycles,2498796.0,100.0,nan,,ok
7226.321744,81700.0,,branches:u,branches,3498463.0,100.0,nan,,ok
7226.321744,8100.0,,branch-misses:u,branch-misses,4496009.0,100.0,9.91,of all branches,ok
7226.321744,249414.0,,L1-dcache-loads:u,l1-dcache-loads,5495107.0,100.0,nan,,ok
7226.321744,35067.0,,cache-references:u,cache-references,5201021.0,85.0,nan,,ok
7226.321744,7407.0,,cache-misses:u,cache-misses,3576774.0,58.0,21.12,of all cache refs,ok
7226.321744,nan,,stalled-cycles-frontend:u,stalled-cycles-frontend,0.0,0.0,nan,,ok
7237.2055550000005,nan,,instructions:u,instructions,0.0,0.0,nan,,ok
7237.2055550000005,165868.0,,cycles:u,cycles,566312.0,20.0,nan,,ok
7237.2055550000005,157576.0,,branches:u,branches,1566928.0,57.0,nan,,ok
7237.2055550000005,3528.0,,branch-misses:u,branch-misses,2725552.0,100.0,2.24,of all branches,ok
7237.2055550000005,161415.0,,L1-dcache-loads:u,l1-dcache-loads,2725552.0,100.0,nan,,ok
7237.2055550000005,13126.0,,cache-references:u,cache-references,2725552.0,100.0,nan,,ok
7237.2055550000005,3872.0,,cache-misses:u,cache-misses,2159240.0,79.0,29.5,of all cache refs,ok
7237.2055550000005,nan,,stalled-cycles-frontend:u,stalled-cycles-frontend,0.0,0.0,nan,,ok
7248.035994000001,nan,,instructions:u,instructions,0.0,0.0,nan,,ok
7248.035994000001,nan,,cycles:u,cycles,0.0,0.0,nan,,ok
7248.035994000001,nan,,branches:u,branches,0.0,0.0,nan,,ok
7248.035994000001,274.0,,branch-misses:u,branch-misses,983182.0,38.0,nan,,ok
7248.035994000001,18245.0,,L1-dcache-loads:u,l1-dcache-loads,1978236.0,77.0,nan,,ok
7248.035994000001,6261.0,,cache-references:u,cache-references,2579853.0,100.0,nan,,ok
7248.035994000001,1452.0,,cache-misses:u,cache-misses,2603635.0,100.0,23.19,of all cache refs,ok
7248.035994000001,nan,,stalled-cycles-frontend:u,stalled-cycles-frontend,0.0,0.0,nan,,ok
7259.094287,235711.0,,instructions:u,instructions,3001048.0,50.0,0.22,insn per cycle,ok
7259.094287,nan,,,,nan,nan,5.03,stalled cycles per insn,unknown
7259.094287,1093849.0,,cycles:u,cycles,2998805.0,50.0,nan,,ok
7259.094287,33181.0,,branches:u,branches,3998952.0,67.0,nan,,ok
7259.094287,1676.0,,branch-misses:u,branch-misses,4532164.0,77.0,5.05,of all branches,ok
7259.094287,0.0,,L1-dcache-loads:u,l1-dcache-loads,3530747.0,60.0,nan,,ok
7259.094287,2300.0,,cache-references:u,cache-references,2837036.0,48.0,nan,,ok
7259.094287,1627.0,,cache-misses:u,cache-misses,2815497.0,48.0,70.74,of all cache refs,ok
7259.094287,1186025.0,,stalled-cycles-frontend:u,stalled-cycles-frontend,2005263.0,34.0,108.43,frontend cycles idle,ok
7270.19307,nan,,instructions:u,instructions,0.0,0.0,nan,,ok
7270.19307,nan,,cycles:u,cycles,0.0,0.0,nan,,ok
7270.19307,nan,,branches:u,branches,0.0,0.0,nan,,ok
7270.19307,1388.0,,branch-misses:u,branch-misses,1084908.0,100.0,nan,,ok
7270.19307,16523.0,,L1-dcache-loads:u,l1-dcache-loads,1107917.0,100.0,nan,,ok
7270.19307,1243.0,,cache-references:u,cache-references,1131693.0,100.0,nan,,ok
7270.19307,440.0,,cache-misses:u,cache-misses,1152773.0,100.0,35.4,of all cache refs,ok
7270.19307,nan,,stalled-cycles-frontend:u,stalled-cycles-frontend,0.0,0.0,nan,,ok
7281.200425999999,478641.0,,instructions:u,instructions,3004428.0,38.0,0.12,insn per cycle,ok
7281.200425999999,nan,,,,nan,nan,4.96,stalled cycles per insn,unknown
7281.200425999999,3934249.0,,cycles:u,cycles,3000377.0,34.0,nan,,ok
7281.200425999999,100922.0,,branches:u,branches,4000745.0,41.0,nan,,ok
7281.200425999999,9426.0,,branch-misses:u,branch-misses,5853735.0,54.0,9.34,of all branches,ok
7281.200425999999,544307.0,,L1-dcache-loads:u,l1-dcache-loads,6823709.0,64.0,nan,,ok
7281.200425999999,50269.0,,cache-references:u,cache-references,7638551.0,71.0,nan,,ok
7281.200425999999,9510.0,,cache-misses:u,cache-misses,7636451.0,71.0,18.92,of all cache refs,ok
7281.200425999999,2374803.0,,stalled-cycles-frontend:u,stalled-cycles-frontend,2000841.0,20.0,60.36,frontend cycles idle,ok
7292.377526,nan,,instructions:u,instructions,0.0,0.0,nan,,ok
7292.377526,nan,,cycles:u,cycles,0.0,0.0,nan,,ok
7292.377526,nan,,branches:u,branches,0.0,0.0,nan,,ok
7292.377526,nan,,branch-misses:u,branch-misses,0.0,0.0,nan,,ok
7292.377526,nan,,L1-dcache-loads:u,l1-dcache-loads,0.0,0.0,nan,,ok
7292.377526,765.0,,cache-references:u,cache-references,185147.0,100.0,nan,,ok
7292.377526,173.0,,cache-misses:u,cache-misses,170218.0,100.0,22.61,of all cache refs,ok
7292.377526,nan,,stalled-cycles-frontend:u,stalled-cycles-frontend,0.0,0.0,nan,,ok
7303.320444,143046.0,,instructions:u,instructions,3000943.0,38.0,0.04,insn per cycle,ok
7303.320444,nan,,,,nan,nan,32.21,stalled cycles per insn,unknown
7303.320444,3788084.0,,cycles:u,cycles,3001761.0,38.0,nan,,ok
7303.320444,64230.0,,branches:u,branches,4003182.0,51.0,nan,,ok
7303.320444,3202.0,,branch-misses:u,branch-misses,5003002.0,63.0,4.99,of all branches,ok
7303.320444,118564.0,,L1-dcache-loads:u,l1-dcache-loads,4953788.0,62.0,nan,,ok
7303.320444,10991.0,,cache-references:u,cache-references,4887919.0,61.0,nan,,ok
7303.320444,2513.0,,cache-misses:u,cache-misses,4933785.0,62.0,22.86,of all cache refs,ok
7303.320444,4607233.0,,stalled-cycles-frontend:u,stalled-cycles-frontend,2003587.0,25.0,121.62,frontend cycles idle,ok
7314.334956,299532.0,,instructions:u,instructions,1848766.0,23.0,0.07,insn per cycle,ok
7314.334956,nan,,,,nan,nan,0.28,stalled cycles per insn,unknown
7314.334956,4369372.0,,cycles:u,cycles,2450844.0,31.0,nan,,ok
7314.334956,127668.0,,branches:u,branches,3444267.0,43.0,nan,,ok
7314.334956,9819.0,,branch-misses:u,branch-misses,4445479.0,56.0,7.69,of all branches,ok
7314.334956,248640.0,,L1-dcache-loads:u,l1-dcache-loads,5035008.0,64.0,nan,,ok
7314.334956,27080.0,,cache-references:u,cache-references,6004477.0,76.0,nan,,ok
7314.334956,3013.0,,cache-misses:u,cache-misses,5395795.0,68.0,11.13,of all cache refs,ok
7314.334956,82973.0,,stalled-cycles-frontend:u,stalled-cycles-frontend,911353.0,11.0,1.9,frontend cycles idle,ok
7325.519996999999,876119.0,,instructions:u,instructions,4807078.0,47.0,0.06,insn per cycle,ok
7325.519996999999,nan,,,,nan,nan,8.73,stalled cycles per insn,unknown
7325.519996999999,15447769.0,,cycles:u,cycles,3165951.0,33.0,nan,,ok
7325.519996999999,320628.0,,branches:u,branches,3932319.0,41.0,nan,,ok
7325.519996999999,11067.0,,branch-misses:u,branch-misses,4967668.0,52.0,3.45,of all branches,ok
7325.519996999999,443098.0,,L1-dcache-loads:u,l1-dcache-loads,4751861.0,50.0,nan,,ok
7325.519996999999,40781.0,,cache-references:u,cache-references,5230594.0,55.0,nan,,ok
7325.519996999999,5264.0,,cache-misses:u,cache-misses,6868272.0,67.0,12.91,of all cache refs,ok
7325.519996999999,7652558.0,,stalled-cycles-frontend:u,stalled-cycles-frontend,3893937.0,38.0,49.54,frontend cycles idle,ok
7336.515152,319004.0,,instructions:u,instructions,2982867.0,39.0,6.95,insn per cycle,ok
7336.515152,nan,,,,nan,nan,4.12,stalled cycles per insn,unknown
7336.515152,45882.0,,cycles:u,cycles,2967493.0,38.0,nan,,ok
7336.515152,174.0,,branches:u,branches,3364284.0,44.0,nan,,ok
7336.515152,2382.0,,branch-misses:u,branch-misses,4591601.0,60.0,1368.97,of all branches,ok
7336.515152,33578.0,,L1-dcache-loads:u,l1-dcache-loads,4647583.0,61.0,nan,,ok
7336.515152,5256.0,,cache-references:u,cache-references,4638608.0,61.0,nan,,ok
7336.515152,3557.0,,cache-misses:u,cache-misses,4644434.0,61.0,67.68,of all cache refs,ok
7336.515152,1314181.0,,stalled-cycles-frontend:u,stalled-cycles-frontend,1959046.0,25.0,2864.26,frontend cycles idle,ok
7347.502508,416069.0,,instructions:u,instructions,4248067.0,48.0,0.11,insn per cycle,ok
7347.502508,nan,,,,nan,nan,4.06,stalled cycles per insn,unknown
7347.502508,3768358.0,,cycles:u,cycles,4467329.0,45.0,nan,,ok
7347.502508,115450.0,,branches:u,branches,5472633.0,56.0,nan,,ok
7347.502508,12037.0,,branch-misses:u,branch-misses,6474491.0,66.0,10.43,of all branches,ok
7347.502508,443230.0,,L1-dcache-loads:u,l1-dcache-loads,5654964.0,58.0,nan,,ok
7347.502508,41492.0,,cache-references:u,cache-references,5476616.0,56.0,nan,,ok
7347.502508,6201.0,,cache-misses:u,cache-misses,5260901.0,59.0,14.95,of all cache refs,ok
7347.502508,1687553.0,,stalled-cycles-frontend:u,stalled-cycles-frontend,3039093.0,39.0,44.78,frontend cycles idle,ok
7358.577284,225859.0,,instructions:u,instructions,2777578.0,35.0,0.04,insn per cycle,ok
7358.577284,nan,,,,nan,nan,2.57,stalled cycles per insn,unknown
7358.577284,5194762.0,,cycles:u,cycles,2042684.0,26.0,nan,,ok
7358.577284,92204.0,,branches:u,branches,3042415.0,39.0,nan,,ok
7358.577284,4730.0,,branch-misses:u,branch-misses,4032789.0,52.0,5.13,of all branches,ok
7358.577284,147708.0,,L1-dcache-loads:u,l1-dcache-loads,4818622.0,62.0,nan,,ok
7358.577284,14182.0,,cache-references:u,cache-references,4993013.0,64.0,nan,,ok
7358.577284,1875.0,,cache-misses:u,cache-misses,5717811.0,73.0,13.22,of all cache refs,ok
7358.577284,579457.0,,stalled-cycles-frontend:u,stalled-cycles-frontend,1947683.0,25.0,11.15,frontend cycles idle,ok
7369.326484,755346.0,,instructions:u,instructions,4782252.0,82.0,0.1,insn per cycle,ok
7369.326484,nan,,,,nan,nan,13.55,stalled cycles per insn,unknown
7369.326484,7699882.0,,cycles:u,cycles,4792489.0,70.0,nan,,ok
7369.326484,207563.0,,branches:u,branches,5797202.0,74.0,nan,,ok
7369.326484,9625.0,,branch-misses:u,branch-misses,6866084.0,77.0,4.64,of all branches,ok
7369.326484,277563.0,,L1-dcache-loads:u,l1-dcache-loads,5955119.0,60.0,nan,,ok
7369.326484,26729.0,,cache-references:u,cache-references,5004851.0,51.0,nan,,ok
7369.326484,6070.0,,cache-misses:u,cache-misses,4882994.0,49.0,22.71,of all cache refs,ok
7369.326484,10238199.0,,stalled-cycles-frontend:u,stalled-cycles-frontend,2779748.0,31.0,132.97,frontend cycles idle,ok
7380.477459,291755.0,,instructions:u,instructions,3080000.0,28.0,0.03,insn per cycle,ok
7380.477459,nan,,,,nan,nan,15.21,stalled cycles per insn,unknown
7380.477459,8862506.0,,cycles:u,cycles,4046385.0,38.0,nan,,ok
7380.477459,176534.0,,branches:u,branches,6022479.0,56.0,nan,,ok
7380.477459,6110.0,,branch-misses:u,branch-misses,7938755.0,75.0,3.46,of all branches,ok
7380.477459,287426.0,,L1-dcache-loads:u,l1-dcache-loads,7539052.0,71.0,nan,,ok
7380.477459,18164.0,,cache-references:u,cache-references,7574040.0,71.0,nan,,ok
7380.477459,1206.0,,cache-misses:u,cache-misses,6715497.0,63.0,6.64,of all cache refs,ok
7380.477459,4436541.0,,stalled-cycles-frontend:u,stalled-cycles-frontend,2006104.0,18.0,50.06,frontend cycles idle,ok
7391.421128,446535.0,,instructions:u,instructions,2999630.0,50.0,0.13,insn per cycle,ok
7391.421128,nan,,,,nan,nan,5.18,stalled cycles per insn,unknown
7391.421128,3379630.0,,cycles:u,cycles,3004429.0,43.0,nan,,ok
7391.421128,74368.0,,branches:u,branches,4666505.0,58.0,nan,,ok
7391.421128,5736.0,,branch-misses:u,branch-misses,5404470.0,62.0,7.71,of all branches,ok
7391.421128,96545.0,,L1-dcache-loads:u,l1-dcache-loads,5300157.0,61.0,nan,,ok
7391.421128,18886.0,,cache-references:u,cache-references,5601504.0,65.0,nan,,ok
7391.421128,5527.0,,cache-misses:u,cache-misses,5608056.0,65.0,29.27,of all cache refs,ok
7391.421128,2312173.0,,stalled-cycles-frontend:u,stalled-cycles-frontend,2000361.0,25.0,68.41,frontend cycles idle,ok
7402.475446,1357.0,,instructions:u,instructions,3125046.0,30.0,0.0,insn per cycle,ok
7402.475446,1168314.0,,cycles:u,cycles,3124087.0,30.0,nan,,ok
7402.475446,3870.0,,branches:u,branches,4127316.0,40.0,nan,,ok
7402.475446,2946.0,,branch-misses:u,branch-misses,6061047.0,59.0,76.12,of all branches,ok
7402.475446,369633.0,,L1-dcache-loads:u,l1-dcache-loads,7036030.0,69.0,nan,,ok
7402.475446,45484.0,,cache-references:u,cache-references,6992701.0,69.0,nan,,ok
7402.475446,7644.0,,cache-misses:u,cache-misses,6990183.0,69.0,16.81,of all cache refs,ok
7402.475446,0.0,,stalled-cycles-frontend:u,stalled-cycles-frontend,2001485.0,19.0,nan,,ok
7413.654128,3.0,,instructions:u,instructions,2752565.0,32.0,0.0,insn per cycle,ok
7413.654128,1511933.0,,cycles:u,cycles,3813889.0,45.0,nan,,ok
7413.654128,58595.0,,branches:u,branches,4812139.0,57.0,nan,,ok
7413.654128,4932.0,,branch-misses:u,branch-misses,5817370.0,69.0,8.42,of all branches,ok
7413.654128,156815.0,,L1-dcache-loads:u,l1-dcache-loads,5819077.0,69.0,nan,,ok
7413.654128,28814.0,,cache-references:u,cache-references,5644199.0,67.0,nan,,ok
7413.654128,5569.0,,cache-misses:u,cache-misses,4583210.0,54.0,19.33,of all cache refs,ok
7413.654128,0.0,,stalled-cycles-frontend:u,stalled-cycles-frontend,1395599.0,16.0,nan,,ok
7424.4305620000005,509328.0,,instructions:u,instructions,4269358.0,60.0,0.08,insn per cycle,ok
7424.4305620000005,nan,,,,nan,nan,9.65,stalled cycles per insn,unknown
7424.4305620000005,6779536.0,,cycles:u,cycles,4672487.0,57.0,nan,,ok
7424.4305620000005,212632.0,,branches:u,branches,5740578.0,70.0,nan,,ok
7424.4305620000005,10091.0,,branch-misses:u,branch-misses,5829676.0,71.0,4.75,of all branches,ok
7424.4305620000005,341158.0,,L1-dcache-loads:u,l1-dcache-loads,4519628.0,55.0,nan,,ok
7424.4305620000005,35190.0,,cache-references:u,cache-references,3906336.0,47.0,nan,,ok
7424.4305620000005,7371.0,,cache-misses:u,cache-misses,3502374.0,42.0,20.95,of all cache refs,ok
7424.4305620000005,4914424.0,,stalled-cycles-frontend:u,stalled-cycles-frontend,2925429.0,36.0,72.49,frontend cycles idle,ok
7435.57169,nan,,instructions:u,instructions,0.0,0.0,nan,,ok
7435.57169,nan,,cycles:u,cycles,0.0,0.0,nan,,ok
7435.57169,nan,,branches:u,branches,0.0,0.0,nan,,ok
7435.57169,70.0,,branch-misses:u,branch-misses,1149198.0,100.0,nan,,ok
7435.57169,1617.0,,L1-dcache-loads:u,l1-dcache-loads,1131441.0,100.0,nan,,ok
7435.57169,996.0,,cache-references:u,cache-references,1111720.0,100.0,nan,,ok
7435.57169,194.0,,cache-misses:u,cache-misses,1087588.0,100.0,19.48,of all cache refs,ok
7435.57169,nan,,stalled-cycles-frontend:u,stalled-cycles-frontend,0.0,0.0,nan,,ok
7446.35406,nan,,instructions:u,instructions,0.0,0.0,nan,,ok
7446.35406,nan,,cycles:u,cycles,0.0,0.0,nan,,ok
7446.35406,nan,,branches:u,branches,0.0,0.0,nan,,ok
7446.35406,356.0,,branch-misses:u,branch-misses,985303.0,50.0,nan,,ok
7446.35406,16287.0,,L1-dcache-loads:u,l1-dcache-loads,1983851.0,98.0,nan,,ok
7446.35406,6095.0,,cache-references:u,cache-references,2037743.0,100.0,nan,,ok
7446.35406,1460.0,,cache-misses:u,cache-misses,2058537.0,100.0,23.95,of all cache refs,ok
7446.35406,nan,,stalled-cycles-frontend:u,stalled-cycles-frontend,0.0,0.0,nan,,ok
7457.4511330000005,513450.0,,instructions:u,instructions,2935525.0,32.0,0.2,insn per cycle,ok
7457.4511330000005,nan,,,,nan,nan,1.31,stalled cycles per insn,unknown
7457.4511330000005,2601079.0,,cycles:u,cycles,2822779.0,31.0,nan,,ok
7457.4511330000005,94781.0,,branches:u,branches,3823152.0,42.0,nan,,ok
7457.4511330000005,6498.0,,branch-misses:u,branch-misses,4828157.0,53.0,6.86,of all branches,ok
7457.4511330000005,205998.0,,L1-dcache-loads:u,l1-dcache-loads,4818768.0,54.0,nan,,ok
7457.4511330000005,35455.0,,cache-references:u,cache-references,5953902.0,66.0,nan,,ok
7457.4511330000005,4952.0,,cache-misses:u,cache-misses,6045854.0,68.0,13.97,of all cache refs,ok
7457.4511330000005,671696.0,,stalled-cycles-frontend:u,stalled-cycles-frontend,2113280.0,23.0,25.82,frontend cycles idle,ok
7468.376502,nan,,instructions:u,instructions,0.0,100.0,nan,,ok
7468.376502,nan,,cycles:u,cycles,0.0,100.0,nan,,ok
7468.376502,nan,,branches:u,branches,0.0,100.0,nan,,ok
7468.376502,nan,,branch-misses:u,branch-misses,0.0,100.0,nan,,ok
7468.376502,nan,,L1-dcache-loads:u,l1-dcache-loads,0.0,100.0,nan,,ok
7468.376502,nan,,cache-references:u,cache-references,0.0,100.0,nan,,ok
7468.376502,nan,,cache-misses:u,cache-misses,0.0,100.0,nan,,ok
7468.376502,nan,,stalled-cycles-frontend:u,stalled-cycles-frontend,0.0,100.0,nan,,ok
7479.060907,486385.0,,instructions:u,instructions,2569406.0,38.0,0.04,insn per cycle,ok
7479.060907,nan,,,,nan,nan,16.79,stalled cycles per insn,unknown
7479.060907,12969260.0,,cycles:u,cycles,3000142.0,44.0,nan,,ok
7479.060907,266837.0,,branches:u,branches,4001048.0,59.0,nan,,ok
7479.060907,7623.0,,branch-misses:u,branch-misses,5707756.0,76.0,2.86,of all branches,ok
7479.060907,322297.0,,L1-dcache-loads:u,l1-dcache-loads,6359615.0,78.0,nan,,ok
7479.060907,22125.0,,cache-references:u,cache-references,5521460.0,68.0,nan,,ok
7479.060907,3455.0,,cache-misses:u,cache-misses,5090724.0,62.0,15.62,of all cache refs,ok
7479.060907,8166456.0,,stalled-cycles-frontend:u,stalled-cycles-frontend,1570550.0,21.0,62.97,frontend cycles idle,ok
7490.09534,nan,,instructions:u,instructions,0.0,0.0,nan,,ok
7490.09534,nan,,cycles:u,cycles,0.0,0.0,nan,,ok
7490.09534,nan,,branches:u,branches,0.0,0.0,nan,,ok
7490.09534,nan,,branch-misses:u,branch-misses,0.0,0.0,nan,,ok
7490.09534,nan,,L1-dcache-loads:u,l1-dcache-loads,0.0,0.0,nan,,ok
7490.09534,nan,,cache-references:u,cache-references,0.0,100.0,nan,,ok
7490.09534,nan,,cache-misses:u,cache-misses,0.0,100.0,nan,,ok
7490.09534,nan,,stalled-cycles-frontend:u,stalled-cycles-frontend,0.0,100.0,nan,,ok
7500.9456119999995,273459.0,,instructions:u,instructions,2991849.0,43.0,0.1,insn per cycle,ok
7500.9456119999995,nan,,,,nan,nan,5.49,stalled cycles per insn,unknown
7500.9456119999995,2708191.0,,cycles:u,cycles,2909992.0,42.0,nan,,ok
7500.9456119999995,57839.0,,branches:u,branches,2909992.0,42.0,nan,,ok
7500.9456119999995,2880.0,,branch-misses:u,branch-misses,3903119.0,56.0,4.98,of all branches,ok
7500.9456119999995,103406.0,,L1-dcache-loads:u,l1-dcache-loads,3897417.0,56.0,nan,,ok
7500.9456119999995,13061.0,,cache-references:u,cache-references,3909282.0,56.0,nan,,ok
7500.9456119999995,3420.0,,cache-misses:u,cache-misses,3991139.0,57.0,26.18,of all cache refs,ok
7500.9456119999995,1502583.0,,stalled-cycles-frontend:u,stalled-cycles-frontend,1995228.0,28.0,55.48,frontend cycles idle,ok
7511.8972189999995,nan,,instructions:u,instructions,0.0,0.0,nan,,ok
7511.8972189999995,1475879.0,,cycles:u,cycles,990757.0,28.0,nan,,ok
7511.8972189999995,35336.0,,branches:u,branches,1988205.0,57.0,nan,,ok
7511.8972189999995,4038.0,,branch-misses:u,branch-misses,2994548.0,86.0,11.43,of all branches,ok
7511.8972189999995,111196.0,,L1-dcache-loads:u,l1-dcache-loads,3502470.0,100.0,nan,,ok
7511.8972189999995,13574.0,,cache-references:u,cache-references,3523686.0,100.0,nan,,ok
7511.8972189999995,3776.0,,cache-misses:u,cache-misses,2551175.0,72.0,27.82,of all cache refs,ok
7511.8972189999995,nan,,stalled-cycles-frontend:u,stalled-cycles-frontend,0.0,0.0,nan,,ok
7522.806249,135923.0,,instructions:u,instructions,1371045.0,47.0,0.09,insn per cycle,ok
7522.806249,nan,,,,nan,nan,4.7,stalled cycles per insn,unknown
7522.806249,1522902.0,,cycles:u,cycles,368660.0,12.0,nan,,ok
7522.806249,20378.0,,branches:u,branches,368660.0,12.0,nan,,ok
7522.806249,1660.0,,branch-misses:u,branch-misses,368660.0,12.0,8.15,of all branches,ok
7522.806249,60820.0,,L1-dcache-loads:u,l1-dcache-loads,484530.0,16.0,nan,,ok
7522.806249,6958.0,,cache-references:u,cache-references,1460256.0,51.0,nan,,ok
7522.806249,94.0,,cache-misses:u,cache-misses,2444395.0,86.0,1.35,of all cache refs,ok
7522.806249,638247.0,,stalled-cycles-frontend:u,stalled-cycles-frontend,1371045.0,49.0,41.91,frontend cycles idle,ok
7534.00054,136668.0,,instructions:u,instructions,2717636.0,44.0,0.02,insn per cycle,ok
7534.00054,nan,,,,nan,nan,20.91,stalled cycles per insn,unknown
7534.00054,9070199.0,,cycles:u,cycles,2887238.0,54.0,nan,,ok
7534.00054,153784.0,,branches:u,branches,3890874.0,90.0,nan,,ok
7534.00054,5509.0,,branch-misses:u,branch-misses,4311990.0,100.0,3.58,of all branches,ok
7534.00054,292832.0,,L1-dcache-loads:u,l1-dcache-loads,3449633.0,79.0,nan,,ok
7534.00054,27694.0,,cache-references:u,cache-references,3466560.0,64.0,nan,,ok
7534.00054,2895.0,,cache-misses:u,cache-misses,3321552.0,53.0,10.45,of all cache refs,ok
7534.00054,2858186.0,,stalled-cycles-frontend:u,stalled-cycles-frontend,1717039.0,27.0,31.51,frontend cycles idle,ok
7545.102806,nan,,instructions:u,instructions,0.0,0.0,nan,,ok
7545.102806,nan,,cycles:u,cycles,0.0,0.0,nan,,ok
7545.102806,nan,,branches:u,branches,0.0,0.0,nan,,ok
7545.102806,0.0,,branch-misses:u,branch-misses,366089.0,22.0,nan,,ok
7545.102806,238.0,,L1-dcache-loads:u,l1-dcache-loads,1338196.0,83.0,nan,,ok
7545.102806,766.0,,cache-references:u,cache-references,1572143.0,100.0,nan,,ok
7545.102806,120.0,,cache-misses:u,cache-misses,1547549.0,100.0,15.67,of all cache refs,ok
7545.102806,nan,,stalled-cycles-frontend:u,stalled-cycles-frontend,0.0,0.0,nan,,ok
7555.8881360000005,285534.0,,instructions:u,instructions,3000802.0,41.0,0.14,insn per cycle,ok
7555.8881360000005,nan,,,,nan,nan,6.22,stalled cycles per insn,unknown
7555.8881360000005,2105949.0,,cycles:u,cycles,3002419.0,40.0,nan,,ok
7555.8881360000005,44729.0,,branches:u,branches,3525538.0,47.0,nan,,ok
7555.8881360000005,2161.0,,branch-misses:u,branch-misses,4411289.0,59.0,4.83,of all branches,ok
7555.8881360000005,16144.0,,L1-dcache-loads:u,l1-dcache-loads,4438920.0,59.0,nan,,ok
7555.8881360000005,12999.0,,cache-references:u,cache-references,4461756.0,59.0,nan,,ok
7555.8881360000005,3534.0,,cache-misses:u,cache-misses,4494395.0,59.0,27.19,of all cache refs,ok
7555.8881360000005,1776943.0,,stalled-cycles-frontend:u,stalled-cycles-frontend,2001120.0,26.0,84.38,frontend cycles idle,ok
7567.211482000001,nan,,instructions:u,instructions,0.0,0.0,nan,,ok
7567.211482000001,nan,,cycles:u,cycles,0.0,0.0,nan,,ok
7567.211482000001,0.0,,branches:u,branches,482762.0,23.0,nan,,ok
7567.211482000001,0.0,,branch-misses:u,branch-misses,1442959.0,72.0,nan,,ok
7567.211482000001,0.0,,L1-dcache-loads:u,l1-dcache-loads,1967544.0,100.0,nan,,ok
7567.211482000001,0.0,,cache-references:u,cache-references,1944472.0,100.0,nan,,ok
7567.211482000001,0.0,,cache-misses:u,cache-misses,1910216.0,100.0,nan,,ok
7567.211482000001,nan,,stalled-cycles-frontend:u,stalled-cycles-frontend,0.0,0.0,nan,,ok
7578.157245,458806.0,,instructions:u,instructions,2999157.0,52.0,0.15,insn per cycle,ok
7578.157245,nan,,,,nan,nan,4.06,stalled cycles per insn,unknown
7578.157245,3054247.0,,cycles:u,cycles,2747050.0,47.0,nan,,ok
7578.157245,78277.0,,branches:u,branches,2771161.0,48.0,nan,,ok
7578.157245,5357.0,,branch-misses:u,branch-misses,2798033.0,48.0,6.84,of all branches,ok
7578.157245,130252.0,,L1-dcache-loads:u,l1-dcache-loads,2819216.0,48.0,nan,,ok
7578.157245,16490.0,,cache-references:u,cache-references,2837587.0,48.0,nan,,ok
7578.157245,5378.0,,cache-misses:u,cache-misses,2996440.0,51.0,32.61,of all cache refs,ok
7578.157245,1863830.0,,stalled-cycles-frontend:u,stalled-cycles-frontend,1996617.0,34.0,61.02,frontend cycles idle,ok
7589.288145,965618.0,,instructions:u,instructions,3005691.0,55.0,0.22,insn per cycle,ok
7589.288145,nan,,,,nan,nan,10.21,stalled cycles per insn,unknown
7589.288145,4461187.0,,cycles:u,cycles,3040729.0,53.0,nan,,ok
7589.288145,152899.0,,branches:u,branches,4766032.0,71.0,nan,,ok
7589.288145,6195.0,,branch-misses:u,branch-misses,5677914.0,75.0,4.05,of all branches,ok
7589.288145,31341.0,,L1-dcache-loads:u,l1-dcache-loads,4654845.0,61.0,nan,,ok
7589.288145,9479.0,,cache-references:u,cache-references,4507031.0,59.0,nan,,ok
7589.288145,5719.0,,cache-misses:u,cache-misses,4565247.0,60.0,60.33,of all cache refs,ok
7589.288145,9859881.0,,stalled-cycles-frontend:u,stalled-cycles-frontend,2003018.0,30.0,221.01,frontend cycles idle,ok
7600.516458,4517.0,,instructions:u,instructions,551070.0,20.0,0.0,insn per cycle,ok
7600.516458,1380294.0,,cycles:u,cycles,1551186.0,58.0,nan,,ok
7600.516458,13247.0,,branches:u,branches,2550411.0,95.0,nan,,ok
7600.516458,1183.0,,branch-misses:u,branch-misses,2696690.0,100.0,8.93,of all branches,ok
7600.516458,31799.0,,L1-dcache-loads:u,l1-dcache-loads,2720829.0,100.0,nan,,ok
7600.516458,10983.0,,cache-references:u,cache-references,2197454.0,79.0,nan,,ok
7600.516458,1835.0,,cache-misses:u,cache-misses,1219710.0,44.0,16.71,of all cache refs,ok
7600.516458,nan,,stalled-cycles-frontend:u,stalled-cycles-frontend,0.0,0.0,nan,,ok
7611.529097,0.0,,instructions:u,instructions,386684.0,11.0,nan,,ok
7611.529097,nan,,cycles:u,cycles,0.0,0.0,nan,,ok
7611.529097,nan,,branches:u,branches,0.0,0.0,nan,,ok
7611.529097,4138.0,,branch-misses:u,branch-misses,858226.0,26.0,nan,,ok
7611.529097,117295.0,,L1-dcache-loads:u,l1-dcache-loads,1829959.0,56.0,nan,,ok
7611.529097,5125.0,,cache-references:u,cache-references,2799418.0,87.0,nan,,ok
7611.529097,445.0,,cache-misses:u,cache-misses,3163730.0,100.0,8.68,of all cache refs,ok
7611.529097,0.0,,stalled-cycles-frontend:u,stalled-cycles-frontend,386684.0,12.0,nan,,ok
7622.414624,0.0,,instructions:u,instructions,2987736.0,63.0,nan,,ok
7622.414624,0.0,,cycles:u,cycles,3001005.0,64.0,nan,,ok
7622.414624,0.0,,branches:u,branches,3688256.0,78.0,nan,,ok
7622.414624,0.0,,branch-misses:u,branch-misses,3688256.0,78.0,nan,,ok
7622.414624,0.0,,L1-dcache-loads:u,l1-dcache-loads,2686279.0,57.0,nan,,ok
7622.414624,0.0,,cache-references:u,cache-references,1683948.0,36.0,nan,,ok
7622.414624,0.0,,cache-misses:u,cache-misses,1670679.0,35.0,nan,,ok
7622.414624,0.0,,stalled-cycles-frontend:u,stalled-cycles-frontend,1985405.0,42.0,nan,,ok
7633.345109999999,52587.0,,instructions:u,instructions,1262448.0,16.0,nan,,ok
7633.345109999999,nan,,,,nan,nan,28.19,stalled cycles per insn,unknown
7633.345109999999,0.0,,cycles:u,cycles,257536.0,3.0,nan,,ok
7633.345109999999,112205.0,,branches:u,branches,1318197.0,17.0,nan,,ok
7633.345109999999,12233.0,,branch-misses:u,branch-misses,3314548.0,42.0,10.9,of all branches,ok
7633.345109999999,593893.0,,L1-dcache-loads:u,l1-dcache-loads,5055500.0,67.0,nan,,ok
7633.345109999999,46109.0,,cache-references:u,cache-references,6516869.0,100.0,nan,,ok
7633.345109999999,8613.0,,cache-misses:u,cache-misses,7541029.0,100.0,18.68,of all cache refs,ok
7633.345109999999,1482558.0,,stalled-cycles-frontend:u,stalled-cycles-frontend,1289841.0,16.0,nan,,ok
7644.214977,471294.0,,instructions:u,instructions,3006618.0,34.0,0.12,insn per cycle,ok
7644.214977,nan,,,,nan,nan,7.71,stalled cycles per insn,unknown
7644.214977,3921385.0,,cycles:u,cycles,2994988.0,34.0,nan,,ok
7644.214977,97383.0,,branches:u,branches,4845508.0,55.0,nan,,ok
7644.214977,6425.0,,branch-misses:u,branch-misses,5766197.0,66.0,6.6,of all branches,ok
7644.214977,201744.0,,L1-dcache-loads:u,l1-dcache-loads,5768005.0,66.0,nan,,ok
7644.214977,15625.0,,cache-references:u,cache-references,5684392.0,65.0,nan,,ok
7644.214977,4586.0,,cache-misses:u,cache-misses,5697558.0,65.0,29.35,of all cache refs,ok
7644.214977,3633935.0,,stalled-cycles-frontend:u,stalled-cycles-frontend,1975761.0,22.0,92.67,frontend cycles idle,ok
7655.343934,1166267.0,,instructions:u,instructions,6005144.0,68.0,0.13,insn per cycle,ok
7655.343934,nan,,,,nan,nan,5.63,stalled cycles per insn,unknown
7655.343934,8716661.0,,cycles:u,cycles,5983886.0,61.0,nan,,ok
7655.343934,229759.0,,branches:u,branches,6439462.0,66.0,nan,,ok
7655.343934,9997.0,,branch-misses:u,branch-misses,6452612.0,66.0,4.35,of all branches,ok
7655.343934,408054.0,,L1-dcache-loads:u,l1-dcache-loads,4568281.0,47.0,nan,,ok
7655.343934,12470.0,,cache-references:u,cache-references,3695835.0,38.0,nan,,ok
7655.343934,6644.0,,cache-misses:u,cache-misses,3709387.0,42.0,53.28,of all cache refs,ok
7655.343934,6565907.0,,stalled-cycles-frontend:u,stalled-cycles-frontend,4005583.0,51.0,75.33,frontend cycles idle,ok
7666.280454,54866.0,,instructions:u,instructions,2998277.0,29.0,nan,,ok
7666.280454,nan,,,,nan,nan,12.79,stalled cycles per insn,unknown
7666.280454,0.0,,cycles:u,cycles,2997724.0,29.0,nan,,ok
7666.280454,17.0,,branches:u,branches,4074921.0,40.0,nan,,ok
7666.280454,1482.0,,branch-misses:u,branch-misses,6061362.0,59.0,8717.65,of all branches,ok
7666.280454,45428.0,,L1-dcache-loads:u,l1-dcache-loads,7139719.0,70.0,nan,,ok
7666.280454,18661.0,,cache-references:u,cache-references,7148152.0,70.0,nan,,ok
7666.280454,2956.0,,cache-misses:u,cache-misses,7135627.0,70.0,15.84,of all cache refs,ok
7666.280454,701542.0,,stalled-cycles-frontend:u,stalled-cycles-frontend,2004391.0,19.0,nan,,ok
7677.468407,333413.0,,instructions:u,instructions,3000597.0,67.0,0.09,insn per cycle,ok
7677.468407,nan,,,,nan,nan,5.16,stalled cycles per insn,unknown
7677.468407,3706401.0,,cycles:u,cycles,3002906.0,55.0,nan,,ok
7677.468407,98962.0,,branches:u,branches,4007808.0,62.0,nan,,ok
7677.468407,6298.0,,branch-misses:u,branch-misses,5013512.0,67.0,6.36,of all branches,ok
7677.468407,126884.0,,L1-dcache-loads:u,l1-dcache-loads,5068535.0,62.0,nan,,ok
7677.468407,16577.0,,cache-references:u,cache-references,5050011.0,62.0,nan,,ok
7677.468407,2859.0,,cache-misses:u,cache-misses,5047702.0,62.0,17.25,of all cache refs,ok
7677.468407,1720317.0,,stalled-cycles-frontend:u,stalled-cycles-frontend,1999622.0,27.0,46.41,frontend cycles idle,ok
7688.409234,nan,,instructions:u,instructions,0.0,0.0,nan,,ok
7688.409234,3440238.0,,cycles:u,cycles,720880.0,20.0,nan,,ok
7688.409234,108618.0,,branches:u,branches,1710124.0,47.0,nan,,ok
7688.409234,7422.0,,branch-misses:u,branch-misses,2084479.0,58.0,6.83,of all branches,ok
7688.409234,298157.0,,L1-dcache-loads:u,l1-dcache-loads,3083988.0,86.0,nan,,ok
7688.409234,27804.0,,cache-references:u,cache-references,3583032.0,100.0,nan,,ok
7688.409234,6603.0,,cache-misses:u,cache-misses,2862152.0,79.0,23.75,of all cache refs,ok
7688.409234,nan,,stalled-cycles-frontend:u,stalled-cycles-frontend,0.0,0.0,nan,,ok
7699.297949,19216.0,,instructions:u,instructions,886465.0,31.0,nan,,ok
7699.297949,nan,,,,nan,nan,68.58,stalled cycles per insn,unknown
7699.297949,nan,,cycles:u,cycles,0.0,0.0,nan,,ok
7699.297949,nan,,branches:u,branches,0.0,0.0,nan,,ok
7699.297949,nan,,branch-misses:u,branch-misses,0.0,0.0,nan,,ok
7699.297949,4073.0,,L1-dcache-loads:u,l1-dcache-loads,980124.0,33.0,nan,,ok
7699.297949,2700.0,,cache-references:u,cache-references,1970777.0,67.0,nan,,ok
7699.297949,720.0,,cache-misses:u,cache-misses,2927209.0,100.0,26.67,of all cache refs,ok
7699.297949,1317906.0,,stalled-cycles-frontend:u,stalled-cycles-frontend,977281.0,33.0,nan,,ok
7710.4832559999995,129648.0,,instructions:u,instructions,2425703.0,32.0,0.02,insn per cycle,ok
7710.4832559999995,nan,,,,nan,nan,32.34,stalled cycles per insn,unknown
7710.4832559999995,5750361.0,,cycles:u,cycles,3003472.0,40.0,nan,,ok
7710.4832559999995,64533.0,,branches:u,branches,3996781.0,54.0,nan,,ok
7710.4832559999995,3298.0,,branch-misses:u,branch-misses,4996248.0,67.0,5.11,of all branches,ok
7710.4832559999995,121890.0,,L1-dcache-loads:u,l1-dcache-loads,5001078.0,67.0,nan,,ok
7710.4832559999995,9399.0,,cache-references:u,cache-references,4989203.0,67.0,nan,,ok
7710.4832559999995,0.0,,cache-misses:u,cache-misses,4341467.0,59.0,nan,,ok
7710.4832559999995,4192523.0,,stalled-cycles-frontend:u,stalled-cycles-frontend,1327343.0,18.0,72.91,frontend cycles idle,ok
7721.3911880000005,0.0,,instructions:u,instructions,818194.0,100.0,nan,,ok
7721.3911880000005,nan,,cycles:u,cycles,0.0,0.0,nan,,ok
7721.3911880000005,nan,,branches:u,branches,0.0,0.0,nan,,ok
7721.3911880000005,nan,,branch-misses:u,branch-misses,0.0,0.0,nan,,ok
7721.3911880000005,nan,,L1-dcache-loads:u,l1-dcache-loads,0.0,0.0,nan,,ok
7721.3911880000005,nan,,cache-references:u,cache-references,0.0,0.0,nan,,ok
7721.3911880000005,0.0,,cache-misses:u,cache-misses,818194.0,100.0,nan,,ok
7721.3911880000005,0.0,,stalled-cycles-frontend:u,stalled-cycles-frontend,818194.0,100.0,nan,,ok
7732.061027000001,512065.0,,instructions:u,instructions,3149388.0,38.0,0.12,insn per cycle,ok
7732.061027000001,nan,,,,nan,nan,4.63,stalled cycles per insn,unknown
7732.061027000001,4322616.0,,cycles:u,cycles,2999267.0,36.0,nan,,ok
7732.061027000001,74198.0,,branches:u,branches,4001200.0,49.0,nan,,ok
7732.061027000001,5877.0,,branch-misses:u,branch-misses,5001263.0,61.0,7.92,of all branches,ok
7732.061027000001,166168.0,,L1-dcache-loads:u,l1-dcache-loads,5001182.0,61.0,nan,,ok
7732.061027000001,22476.0,,cache-references:u,cache-references,4994916.0,61.0,nan,,ok
7732.061027000001,2846.0,,cache-misses:u,cache-misses,5145037.0,63.0,12.66,of all cache refs,ok
7732.061027000001,2369317.0,,stalled-cycles-frontend:u,stalled-cycles-frontend,2149024.0,26.0,54.81,frontend cycles idle,ok
7742.878409,882119.0,,instructions:u,instructions,3247672.0,84.0,0.2,insn per cycle,ok
7742.878409,nan,,,,nan,nan,3.92,stalled cycles per insn,unknown
7742.878409,4438833.0,,cycles:u,cycles,2923800.0,85.0,nan,,ok
7742.878409,180492.0,,branches:u,branches,2923800.0,93.0,nan,,ok
7742.878409,6193.0,,branch-misses:u,branch-misses,2923800.0,93.0,3.43,of all branches,ok
7742.878409,104604.0,,L1-dcache-loads:u,l1-dcache-loads,1310399.0,41.0,nan,,ok
7742.878409,11102.0,,cache-references:u,cache-references,600916.0,17.0,nan,,ok
7742.878409,4636.0,,cache-misses:u,cache-misses,924788.0,24.0,41.76,of all cache refs,ok
7742.878409,3454153.0,,stalled-cycles-frontend:u,stalled-cycles-frontend,2249362.0,58.0,77.82,frontend cycles idle,ok
7753.905761,2401.0,,instructions:u,instructions,469913.0,100.0,0.02,insn per cycle,ok
7753.905761,132625.0,,cycles:u,cycles,496256.0,100.0,nan,,ok
7753.905761,580.0,,branches:u,branches,512241.0,100.0,nan,,ok
7753.905761,91.0,,branch-misses:u,branch-misses,529239.0,100.0,15.69,of all branches,ok
7753.905761,4027.0,,L1-dcache-loads:u,l1-dcache-loads,550118.0,100.0,nan,,ok
7753.905761,nan,,cache-references:u,cache-references,0.0,0.0,nan,,ok
7753.905761,nan,,cache-misses:u,cache-misses,0.0,0.0,nan,,ok
7753.905761,nan,,stalled-cycles-frontend:u,stalled-cycles-frontend,0.0,0.0,nan,,ok
7764.98604,504679.0,,instructions:u,instructions,3793993.0,40.0,0.09,insn per cycle,ok
7764.98604,nan,,,,nan,nan,2.61,stalled cycles per insn,unknown
7764.98604,5770591.0,,cycles:u,cycles,4072893.0,43.0,nan,,ok
7764.98604,105299.0,,branches:u,branches,5075620.0,54.0,nan,,ok
7764.98604,9083.0,,branch-misses:u,branch-misses,6084536.0,65.0,8.63,of all branches,ok
7764.98604,226807.0,,L1-dcache-loads:u,l1-dcache-loads,6071588.0,64.0,nan,,ok
7764.98604,19955.0,,cache-references:u,cache-references,5661745.0,60.0,nan,,ok
7764.98604,1074.0,,cache-misses:u,cache-misses,5272534.0,56.0,5.38,of all cache refs,ok
7764.98604,1319104.0,,stalled-cycles-frontend:u,stalled-cycles-frontend,2278981.0,24.0,22.86,frontend cycles idle,ok
7775.941129999999,118985.0,,instructions:u,instructions,884102.0,8.0,0.01,insn per cycle,ok
7775.941129999999,nan,,,,nan,nan,24.72,stalled cycles per insn,unknown
7775.941129999999,10824728.0,,cycles:u,cycles,1397614.0,14.0,nan,,ok
7775.941129999999,74019.0,,branches:u,branches,3381875.0,51.0,nan,,ok
7775.941129999999,10158.0,,branch-misses:u,branch-misses,5355240.0,71.0,13.72,of all branches,ok
7775.941129999999,373238.0,,L1-dcache-loads:u,l1-dcache-loads,7364635.0,86.0,nan,,ok
7775.941129999999,41851.0,,cache-references:u,cache-references,8941434.0,93.0,nan,,ok
7775.941129999999,5835.0,,cache-misses:u,cache-misses,8590089.0,86.0,13.94,of all cache refs,ok
7775.941129999999,2941015.0,,stalled-cycles-frontend:u,stalled-cycles-frontend,979713.0,9.0,27.17,frontend cycles idle,ok
7786.8750789999995,462275.0,,instructions:u,instructions,2927620.0,32.0,0.22,insn per cycle,ok
7786.8750789999995,nan,,,,nan,nan,6.7,stalled cycles per insn,unknown
7786.8750789999995,2076314.0,,cycles:u,cycles,3003719.0,33.0,nan,,ok
7786.8750789999995,78922.0,,branches:u,branches,5074763.0,56.0,nan,,ok
7786.8750789999995,5538.0,,branch-misses:u,branch-misses,6071941.0,67.0,7.02,of all branches,ok
7786.8750789999995,110293.0,,L1-dcache-loads:u,l1-dcache-loads,6068317.0,67.0,nan,,ok
7786.8750789999995,14218.0,,cache-references:u,cache-references,6068678.0,67.0,nan,,ok
7786.8750789999995,5304.0,,cache-misses:u,cache-misses,6000170.0,66.0,37.3,of all cache refs,ok
7786.8750789999995,3098224.0,,stalled-cycles-frontend:u,stalled-cycles-frontend,1938001.0,21.0,149.22,frontend cycles idle,ok
7797.727988000001,910242.0,,instructions:u,instructions,5578343.0,73.0,0.16,insn per cycle,ok
7797.727988000001,nan,,,,nan,nan,7.99,stalled cycles per insn,unknown
7797.727988000001,5619374.0,,cycles:u,cycles,5332876.0,61.0,nan,,ok
7797.727988000001,164975.0,,branches:u,branches,6355604.0,65.0,nan,,ok
7797.727988000001,7392.0,,branch-misses:u,branch-misses,7116214.0,68.0,4.48,of all branches,ok
7797.727988000001,113127.0,,L1-dcache-loads:u,l1-dcache-loads,5911450.0,56.0,nan,,ok
7797.727988000001,20608.0,,cache-references:u,cache-references,4926817.0,47.0,nan,,ok
7797.727988000001,9494.0,,cache-misses:u,cache-misses,4979833.0,47.0,46.07,of all cache refs,ok
7797.727988000001,7270169.0,,stalled-cycles-frontend:u,stalled-cycles-frontend,3465916.0,35.0,129.38,frontend cycles idle,ok
7808.897655,580640.0,,instructions:u,instructions,3711948.0,42.0,0.25,insn per cycle,ok
7808.897655,nan,,,,nan,nan,1.94,stalled cycles per insn,unknown
7808.897655,2334239.0,,cycles:u,cycles,3410027.0,38.0,nan,,ok
7808.897655,70133.0,,branches:u,branches,4778402.0,54.0,nan,,ok
7808.897655,5476.0,,branch-misses:u,branch-misses,5768350.0,65.0,7.81,of all branches,ok
7808.897655,162223.0,,L1-dcache-loads:u,l1-dcache-loads,4506746.0,51.0,nan,,ok
7808.897655,22177.0,,cache-references:u,cache-references,4945910.0,56.0,nan,,ok
7808.897655,3443.0,,cache-misses:u,cache-misses,5376877.0,61.0,15.53,of all cache refs,ok
7808.897655,1126648.0,,stalled-cycles-frontend:u,stalled-cycles-frontend,3253585.0,37.0,48.27,frontend cycles idle,ok
7819.864780999999,357119.0,,instructions:u,instructions,2695609.0,36.0,0.04,insn per cycle,ok
7819.864780999999,nan,,,,nan,nan,17.75,stalled cycles per insn,unknown
7819.864780999999,8716249.0,,cycles:u,cycles,3701632.0,44.0,nan,,ok
7819.864780999999,377696.0,,branches:u,branches,5396492.0,57.0,nan,,ok
7819.864780999999,13512.0,,branch-misses:u,branch-misses,7384216.0,71.0,3.58,of all branches,ok
7819.864780999999,521126.0,,L1-dcache-loads:u,l1-dcache-loads,7881019.0,75.0,nan,,ok
7819.864780999999,48084.0,,cache-references:u,cache-references,7709446.0,74.0,nan,,ok
7819.864780999999,3798.0,,cache-misses:u,cache-misses,6703828.0,64.0,7.9,of all cache refs,ok
7819.864780999999,6338969.0,,stalled-cycles-frontend:u,stalled-cycles-frontend,1548129.0,14.0,72.73,frontend cycles idle,ok
7830.844398,412547.0,,instructions:u,instructions,3978293.0,42.0,0.06,insn per cycle,ok
7830.844398,nan,,,,nan,nan,3.7,stalled cycles per insn,unknown
7830.844398,6720635.0,,cycles:u,cycles,3972669.0,42.0,nan,,ok
7830.844398,86934.0,,branches:u,branches,4972817.0,52.0,nan,,ok
7830.844398,4577.0,,branch-misses:u,branch-misses,5969112.0,63.0,5.26,of all branches,ok
7830.844398,126730.0,,L1-dcache-loads:u,l1-dcache-loads,5481443.0,57.0,nan,,ok
7830.844398,8957.0,,cache-references:u,cache-references,5477949.0,57.0,nan,,ok
7830.844398,2388.0,,cache-misses:u,cache-misses,5483243.0,57.0,26.66,of all cache refs,ok
7830.844398,1526836.0,,stalled-cycles-frontend:u,stalled-cycles-frontend,2460546.0,26.0,22.72,frontend cycles idle,ok
7841.905223000001,372381.0,,instructions:u,instructions,584197.0,12.0,0.13,insn per cycle,ok
7841.905223000001,2835558.0,,cycles:u,cycles,1814682.0,32.0,nan,,ok
7841.905223000001,59947.0,,branches:u,branches,3798220.0,57.0,nan,,ok
7841.905223000001,11267.0,,branch-misses:u,branch-misses,5780000.0,75.0,18.79,of all branches,ok
7841.905223000001,367840.0,,L1-dcache-loads:u,l1-dcache-loads,8103935.0,93.0,nan,,ok
7841.905223000001,39253.0,,cache-references:u,cache-references,9114254.0,94.0,nan,,ok
7841.905223000001,6148.0,,cache-misses:u,cache-misses,7881051.0,81.0,15.66,of all cache refs,ok
7841.905223000001,nan,,stalled-cycles-frontend:u,stalled-cycles-frontend,0.0,0.0,nan,,ok
7852.847266000001,487383.0,,instructions:u,instructions,3009786.0,32.0,0.12,insn per cycle,ok
7852.847266000001,nan,,,,nan,nan,8.68,stalled cycles per insn,unknown
7852.847266000001,4136748.0,,cycles:u,cycles,2995686.0,32.0,nan,,ok
7852.847266000001,92713.0,,branches:u,branches,5176478.0,56.0,nan,,ok
7852.847266000001,8087.0,,branch-misses:u,branch-misses,6175967.0,67.0,8.72,of all branches,ok
7852.847266000001,270114.0,,L1-dcache-loads:u,l1-dcache-loads,6174479.0,67.0,nan,,ok
7852.847266000001,26750.0,,cache-references:u,cache-references,6123119.0,67.0,nan,,ok
7852.847266000001,6326.0,,cache-misses:u,cache-misses,6135632.0,67.0,23.65,of all cache refs,ok
7852.847266000001,4232127.0,,stalled-cycles-frontend:u,stalled-cycles-frontend,2014327.0,22.0,102.31,frontend cycles idle,ok
7863.934721,771950.0,,instructions:u,instructions,4944436.0,61.0,0.29,insn per cycle,ok
7863.934721,nan,,,,nan,nan,4.57,stalled cycles per insn,unknown
7863.934721,2656404.0,,cycles:u,cycles,3491135.0,43.0,nan,,ok
7863.934721,78413.0,,branches:u,branches,3511564.0,43.0,nan,,ok
7863.934721,4264.0,,branch-misses:u,branch-misses,3537908.0,44.0,5.44,of all branches,ok
7863.934721,40632.0,,L1-dcache-loads:u,l1-dcache-loads,2569085.0,35.0,nan,,ok
7863.934721,30171.0,,cache-references:u,cache-references,3090225.0,49.0,nan,,ok
7863.934721,9689.0,,cache-misses:u,cache-misses,4438209.0,60.0,32.11,of all cache refs,ok
7863.934721,3529697.0,,stalled-cycles-frontend:u,stalled-cycles-frontend,3931761.0,48.0,132.88,frontend cycles idle,ok
7874.941769,nan,,instructions:u,instructions,0.0,0.0,nan,,ok
7874.941769,136604.0,,cycles:u,cycles,442894.0,100.0,nan,,ok
7874.941769,153.0,,branches:u,branches,422465.0,100.0,nan,,ok
7874.941769,49.0,,branch-misses:u,branch-misses,396121.0,100.0,32.03,of all branches,ok
7874.941769,947.0,,L1-dcache-loads:u,l1-dcache-loads,376103.0,100.0,nan,,ok
7874.941769,677.0,,cache-references:u,cache-references,355732.0,100.0,nan,,ok
7874.941769,nan,,cache-misses:u,cache-misses,0.0,0.0,nan,,ok
7874.941769,nan,,stalled-cycles-frontend:u,stalled-cycles-frontend,0.0,0.0,nan,,ok
7885.739296,71753.0,,instructions:u,instructions,1477584.0,24.0,0.02,insn per cycle,ok
7885.739296,nan,,,,nan,nan,9.97,stalled cycles per insn,unknown
7885.739296,3712070.0,,cycles:u,cycles,2482092.0,41.0,nan,,ok
7885.739296,63821.0,,branches:u,branches,3479893.0,58.0,nan,,ok
7885.739296,3377.0,,branch-misses:u,branch-misses,4481006.0,74.0,5.29,of all branches,ok
7885.739296,118987.0,,L1-dcache-loads:u,l1-dcache-loads,4990733.0,83.0,nan,,ok
7885.739296,11841.0,,cache-references:u,cache-references,4509993.0,75.0,nan,,ok
7885.739296,1188.0,,cache-misses:u,cache-misses,3505485.0,58.0,10.03,of all cache refs,ok
7885.739296,715391.0,,stalled-cycles-frontend:u,stalled-cycles-frontend,483431.0,8.0,19.27,frontend cycles idle,ok
7896.825094999999,nan,,instructions:u,instructions,0.0,0.0,nan,,ok
7896.825094999999,nan,,cycles:u,cycles,0.0,0.0,nan,,ok
7896.825094999999,nan,,branches:u,branches,0.0,0.0,nan,,ok
7896.825094999999,nan,,branch-misses:u,branch-misses,0.0,0.0,nan,,ok
7896.825094999999,nan,,L1-dcache-loads:u,l1-dcache-loads,0.0,0.0,nan,,ok
7896.825094999999,788.0,,cache-references:u,cache-references,722733.0,100.0,nan,,ok
7896.825094999999,334.0,,cache-misses:u,cache-misses,753070.0,100.0,42.39,of all cache refs,ok
7896.825094999999,nan,,stalled-cycles-frontend:u,stalled-cycles-frontend,0.0,0.0,nan,,ok
7907.622322,302772.0,,instructions:u,instructions,4205679.0,42.0,0.06,insn per cycle,ok
7907.622322,nan,,,,nan,nan,4.51,stalled cycles per insn,unknown
7907.622322,4811140.0,,cycles:u,cycles,3226752.0,32.0,nan,,ok
7907.622322,84110.0,,branches:u,branches,4267606.0,43.0,nan,,ok
7907.622322,6586.0,,branch-misses:u,branch-misses,5293414.0,53.0,7.83,of all branches,ok
7907.622322,226093.0,,L1-dcache-loads:u,l1-dcache-loads,5004815.0,50.0,nan,,ok
7907.622322,25174.0,,cache-references:u,cache-references,5545718.0,56.0,nan,,ok
7907.622322,2444.0,,cache-misses:u,cache-misses,6524135.0,66.0,9.71,of all cache refs,ok
7907.622322,1365538.0,,stalled-cycles-frontend:u,stalled-cycles-frontend,3323123.0,33.0,28.38,frontend cycles idle,ok
7918.716483,37697.0,,instructions:u,instructions,2081162.0,29.0,0.0,insn per cycle,ok
7918.716483,nan,,,,nan,nan,77.55,stalled cycles per insn,unknown
7918.716483,9076855.0,,cycles:u,cycles,2192870.0,30.0,nan,,ok
7918.716483,25969.0,,branches:u,branches,4138691.0,51.0,nan,,ok
7918.716483,4894.0,,branch-misses:u,branch-misses,5494557.0,65.0,18.85,of all branches,ok
7918.716483,391045.0,,L1-dcache-loads:u,l1-dcache-loads,5516765.0,65.0,nan,,ok
7918.716483,31591.0,,cache-references:u,cache-references,6396779.0,75.0,nan,,ok
7918.716483,5051.0,,cache-misses:u,cache-misses,6343820.0,75.0,15.99,of all cache refs,ok
7918.716483,2923510.0,,stalled-cycles-frontend:u,stalled-cycles-frontend,1953451.0,24.0,32.21,frontend cycles idle,ok
7929.866999,278682.0,,instructions:u,instructions,3145955.0,38.0,0.05,insn per cycle,ok
7929.866999,nan,,,,nan,nan,9.24,stalled cycles per insn,unknown
7929.866999,5346631.0,,cycles:u,cycles,3004457.0,36.0,nan,,ok
7929.866999,75037.0,,branches:u,branches,4005066.0,48.0,nan,,ok
7929.866999,4047.0,,branch-misses:u,branch-misses,5000027.0,61.0,5.39,of all branches,ok
7929.866999,145826.0,,L1-dcache-loads:u,l1-dcache-loads,5002836.0,61.0,nan,,ok
7929.866999,11705.0,,cache-references:u,cache-references,5053450.0,61.0,nan,,ok
7929.866999,1689.0,,cache-misses:u,cache-misses,5178182.0,63.0,14.43,of all cache refs,ok
7929.866999,2573635.0,,stalled-cycles-frontend:u,stalled-cycles-frontend,2122649.0,25.0,48.14,frontend cycles idle,ok
7940.89434,1473762.0,,instructions:u,instructions,5576613.0,68.0,0.19,insn per cycle,ok
7940.89434,nan,,,,nan,nan,6.35,stalled cycles per insn,unknown
7940.89434,7565673.0,,cycles:u,cycles,5996753.0,65.0,nan,,ok
7940.89434,299166.0,,branches:u,branches,6547005.0,69.0,nan,,ok
7940.89434,12137.0,,branch-misses:u,branch-misses,7008852.0,74.0,4.06,of all branches,ok
7940.89434,302392.0,,L1-dcache-loads:u,l1-dcache-loads,5502744.0,58.0,nan,,ok
7940.89434,14924.0,,cache-references:u,cache-references,3879321.0,41.0,nan,,ok
7940.89434,8834.0,,cache-misses:u,cache-misses,3400781.0,36.0,59.19,of all cache refs,ok
7940.89434,9356259.0,,stalled-cycles-frontend:u,stalled-cycles-frontend,3489610.0,38.0,123.67,frontend cycles idle,ok
7951.489362,130498.0,,instructions:u,instructions,3008742.0,37.0,0.02,insn per cycle,ok
7951.489362,nan,,,,nan,nan,34.95,stalled cycles per insn,unknown
7951.489362,5466799.0,,cycles:u,cycles,3003982.0,37.0,nan,,ok
7951.489362,70048.0,,branches:u,branches,4002229.0,49.0,nan,,ok
7951.489362,5250.0,,branch-misses:u,branch-misses,5372210.0,66.0,7.49,of all branches,ok
7951.489362,160979.0,,L1-dcache-loads:u,l1-dcache-loads,4996909.0,62.0,nan,,ok
7951.489362,13249.0,,cache-references:u,cache-references,4974994.0,62.0,nan,,ok
7951.489362,865.0,,cache-misses:u,cache-misses,4966344.0,62.0,6.53,of all cache refs,ok
7951.489362,4561312.0,,stalled-cycles-frontend:u,stalled-cycles-frontend,2009659.0,25.0,83.44,frontend cycles idle,ok
7962.01768,210507.0,,instructions:u,instructions,3447821.0,64.0,0.08,insn per cycle,ok
7962.01768,nan,,,,nan,nan,11.17,stalled cycles per insn,unknown
7962.01768,2774308.0,,cycles:u,cycles,3454545.0,54.0,nan,,ok
7962.01768,46667.0,,branches:u,branches,4471098.0,60.0,nan,,ok
7962.01768,5608.0,,branch-misses:u,branch-misses,5502619.0,65.0,12.02,of all branches,ok
7962.01768,139139.0,,L1-dcache-loads:u,l1-dcache-loads,6386444.0,68.0,nan,,ok
7962.01768,24591.0,,cache-references:u,cache-references,6399662.0,64.0,nan,,ok
7962.01768,5106.0,,cache-misses:u,cache-misses,6414176.0,64.0,20.76,of all cache refs,ok
7962.01768,2350337.0,,stalled-cycles-frontend:u,stalled-cycles-frontend,2003611.0,21.0,84.72,frontend cycles idle,ok
7972.92839,45199.0,,instructions:u,instructions,3399807.0,34.0,0.01,insn per cycle,ok
7972.92839,6341580.0,,cycles:u,cycles,4275524.0,43.0,nan,,ok
7972.92839,173093.0,,branches:u,branches,5862311.0,59.0,nan,,ok
7972.92839,8419.0,,branch-misses:u,branch-misses,6846306.0,69.0,4.86,of all branches,ok
7972.92839,329893.0,,L1-dcache-loads:u,l1-dcache-loads,6824868.0,69.0,nan,,ok
7972.92839,49314.0,,cache-references:u,cache-references,6501490.0,66.0,nan,,ok
7972.92839,4416.0,,cache-misses:u,cache-misses,5604535.0,57.0,8.95,of all cache refs,ok
7972.92839,0.0,,stalled-cycles-frontend:u,stalled-cycles-frontend,1998365.0,20.0,nan,,ok
7983.682081000001,544494.0,,instructions:u,instructions,2996396.0,33.0,0.12,insn per cycle,ok
7983.682081000001,nan,,,,nan,nan,4.04,stalled cycles per insn,unknown
7983.682081000001,4378855.0,,cycles:u,cycles,3734402.0,41.0,nan,,ok
7983.682081000001,92316.0,,branches:u,branches,5016367.0,55.0,nan,,ok
7983.682081000001,6474.0,,branch-misses:u,branch-misses,6041420.0,66.0,7.01,of all branches,ok
7983.682081000001,148461.0,,L1-dcache-loads:u,l1-dcache-loads,6064273.0,66.0,nan,,ok
7983.682081000001,15931.0,,cache-references:u,cache-references,6093494.0,67.0,nan,,ok
7983.682081000001,4199.0,,cache-misses:u,cache-misses,5382312.0,59.0,26.36,of all cache refs,ok
7983.682081000001,2201579.0,,stalled-cycles-frontend:u,stalled-cycles-frontend,2002094.0,21.0,50.28,frontend cycles idle,ok
7994.396769999999,2261560.0,,instructions:u,instructions,1416008.0,27.0,0.29,insn per cycle,ok
7994.396769999999,nan,,,,nan,nan,2.86,stalled cycles per insn,unknown
7994.396769999999,7831475.0,,cycles:u,cycles,418055.0,8.0,nan,,ok
7994.396769999999,133472.0,,branches:u,branches,1836407.0,31.0,nan,,ok
7994.396769999999,3770.0,,branch-misses:u,branch-misses,3794994.0,55.0,2.82,of all branches,ok
7994.396769999999,46280.0,,L1-dcache-loads:u,l1-dcache-loads,5345571.0,68.0,nan,,ok
7994.396769999999,14912.0,,cache-references:u,cache-references,7242808.0,83.0,nan,,ok
7994.396769999999,4148.0,,cache-misses:u,cache-misses,8213937.0,95.0,27.82,of all cache refs,ok
7994.396769999999,6474414.0,,stalled-cycles-frontend:u,stalled-cycles-frontend,1416008.0,18.0,82.67,frontend cycles idle,ok
8005.207134999999,2492.0,,instructions:u,instructions,4756774.0,48.0,0.0,insn per cycle,ok
8005.207134999999,nan,,,,nan,nan,52.01,stalled cycles per insn,unknown
8005.207134999999,978674.0,,cycles:u,cycles,4778698.0,48.0,nan,,ok
8005.207134999999,21519.0,,branches:u,branches,5809855.0,59.0,nan,,ok
8005.207134999999,3490.0,,branch-misses:u,branch-misses,6859909.0,69.0,16.22,of all branches,ok
8005.207134999999,162044.0,,L1-dcache-loads:u,l1-dcache-loads,6138386.0,62.0,nan,,ok
8005.207134999999,29102.0,,cache-references:u,cache-references,4999806.0,50.0,nan,,ok
8005.207134999999,3887.0,,cache-misses:u,cache-misses,5009473.0,50.0,13.36,of all cache refs,ok
8005.207134999999,129616.0,,stalled-cycles-frontend:u,stalled-cycles-frontend,2745588.0,27.0,13.24,frontend cycles idle,ok
8016.4126479999995,407511.0,,instructions:u,instructions,2167724.0,29.0,0.16,insn per cycle,ok
8016.4126479999995,nan,,,,nan,nan,3.89,stalled cycles per insn,unknown
8016.4126479999995,2559888.0,,cycles:u,cycles,2196035.0,30.0,nan,,ok
8016.4126479999995,15244.0,,branches:u,branches,3278887.0,44.0,nan,,ok
8016.4126479999995,3379.0,,branch-misses:u,branch-misses,4329262.0,59.0,22.17,of all branches,ok
8016.4126479999995,35611.0,,L1-dcache-loads:u,l1-dcache-loads,4324256.0,59.0,nan,,ok
8016.4126479999995,5434.0,,cache-references:u,cache-references,5118309.0,69.0,nan,,ok
8016.4126479999995,2598.0,,cache-misses:u,cache-misses,5120752.0,69.0,47.81,of all cache refs,ok
8016.4126479999995,1586464.0,,stalled-cycles-frontend:u,stalled-cycles-frontend,2003420.0,27.0,61.97,frontend cycles idle,ok
8027.589302000001,267395.0,,instructions:u,instructions,2654409.0,26.0,0.03,insn per cycle,ok
8027.589302000001,9569629.0,,cycles:u,cycles,3992311.0,41.0,nan,,ok
8027.589302000001,170546.0,,branches:u,branches,5950096.0,91.0,nan,,ok
8027.589302000001,7982.0,,branch-misses:u,branch-misses,7273418.0,97.0,4.68,of all branches,ok
8027.589302000001,346314.0,,L1-dcache-loads:u,l1-dcache-loads,8454090.0,99.0,nan,,ok
8027.589302000001,40195.0,,cache-references:u,cache-references,7616822.0,80.0,nan,,ok
8027.589302000001,2844.0,,cache-misses:u,cache-misses,6242137.0,61.0,7.08,of all cache refs,ok
8027.589302000001,0.0,,stalled-cycles-frontend:u,stalled-cycles-frontend,630595.0,6.0,nan,,ok
8038.835898,151859.0,,instructions:u,instructions,3373281.0,35.0,0.03,insn per cycle,ok
8038.835898,nan,,,,nan,nan,22.3,stalled cycles per insn,unknown
8038.835898,5687212.0,,cycles:u,cycles,3001125.0,31.0,nan,,ok
8038.835898,81705.0,,branches:u,branches,4003645.0,41.0,nan,,ok
8038.835898,4151.0,,branch-misses:u,branch-misses,5003517.0,52.0,5.08,of all branches,ok
8038.835898,125641.0,,L1-dcache-loads:u,l1-dcache-loads,5754578.0,60.0,nan,,ok
8038.835898,11280.0,,cache-references:u,cache-references,6119372.0,64.0,nan,,ok
8038.835898,718.0,,cache-misses:u,cache-misses,6465966.0,68.0,6.37,of all cache refs,ok
8038.835898,3386285.0,,stalled-cycles-frontend:u,stalled-cycles-frontend,2369240.0,25.0,59.54,frontend cycles idle,ok
8049.520734,226735.0,,instructions:u,instructions,4712967.0,48.0,0.06,insn per cycle,ok
8049.520734,nan,,,,nan,nan,5.83,stalled cycles per insn,unknown
8049.520734,3519687.0,,cycles:u,cycles,4050696.0,41.0,nan,,ok
8049.520734,71750.0,,branches:u,branches,5054127.0,52.0,nan,,ok
8049.520734,6546.0,,branch-misses:u,branch-misses,6051160.0,62.0,9.12,of all branches,ok
8049.520734,254283.0,,L1-dcache-loads:u,l1-dcache-loads,5038514.0,51.0,nan,,ok
8049.520734,33438.0,,cache-references:u,cache-references,4996941.0,51.0,nan,,ok
8049.520734,2936.0,,cache-misses:u,cache-misses,5659212.0,65.0,8.78,of all cache refs,ok
8049.520734,1321245.0,,stalled-cycles-frontend:u,stalled-cycles-frontend,3669564.0,37.0,37.54,frontend cycles idle,ok
8060.529013,1651.0,,instructions:u,instructions,1928546.0,38.0,0.0,insn per cycle,ok
8060.529013,nan,,,,nan,nan,198.81,stalled cycles per insn,unknown
8060.529013,728812.0,,cycles:u,cycles,930888.0,18.0,nan,,ok
8060.529013,4975.0,,branches:u,branches,1218938.0,24.0,nan,,ok
8060.529013,4140.0,,branch-misses:u,branch-misses,2213516.0,43.0,83.22,of all branches,ok
8060.529013,243974.0,,L1-dcache-loads:u,l1-dcache-loads,2065955.0,40.0,nan,,ok
8060.529013,45942.0,,cache-references:u,cache-references,3112452.0,61.0,nan,,ok
8060.529013,6825.0,,cache-misses:u,cache-misses,4110110.0,81.0,14.86,of all cache refs,ok
8060.529013,328236.0,,stalled-cycles-frontend:u,stalled-cycles-frontend,1928546.0,38.0,45.04,frontend cycles idle,ok
8071.625263999999,0.0,,instructions:u,instructions,160674.0,100.0,nan,,ok
8071.625263999999,nan,,cycles:u,cycles,0.0,0.0,nan,,ok
8071.625263999999,nan,,branches:u,branches,0.0,0.0,nan,,ok
8071.625263999999,nan,,branch-misses:u,branch-misses,0.0,0.0,nan,,ok
8071.625263999999,nan,,L1-dcache-loads:u,l1-dcache-loads,0.0,0.0,nan,,ok
8071.625263999999,nan,,cache-references:u,cache-references,0.0,0.0,nan,,ok
8071.625263999999,0.0,,cache-misses:u,cache-misses,219548.0,100.0,nan,,ok
8071.625263999999,0.0,,stalled-cycles-frontend:u,stalled-cycles-frontend,238852.0,100.0,nan,,ok
8082.264085000001,196450.0,,instructions:u,instructions,3850129.0,43.0,0.03,insn per cycle,ok
8082.264085000001,nan,,,,nan,nan,13.05,stalled cycles per insn,unknown
8082.264085000001,6710417.0,,cycles:u,cycles,2999365.0,33.0,nan,,ok
8082.264085000001,31827.0,,branches:u,branches,4002353.0,45.0,nan,,ok
8082.264085000001,4588.0,,branch-misses:u,branch-misses,4995517.0,56.0,14.42,of all branches,ok
8082.264085000001,163785.0,,L1-dcache-loads:u,l1-dcache-loads,4998425.0,56.0,nan,,ok
8082.264085000001,16040.0,,cache-references:u,cache-references,4997112.0,56.0,nan,,ok
8082.264085000001,2221.0,,cache-misses:u,cache-misses,5853871.0,66.0,13.85,of all cache refs,ok
8082.264085000001,2562820.0,,stalled-cycles-frontend:u,stalled-cycles-frontend,2853331.0,32.0,38.19,frontend cycles idle,ok
8093.120580000001,274648.0,,instructions:u,instructions,5161633.0,50.0,0.09,insn per cycle,ok
8093.120580000001,nan,,,,nan,nan,6.14,stalled cycles per insn,unknown
8093.120580000001,3032055.0,,cycles:u,cycles,5472528.0,51.0,nan,,ok
8093.120580000001,73172.0,,branches:u,branches,6474100.0,61.0,nan,,ok
8093.120580000001,5517.0,,branch-misses:u,branch-misses,7471616.0,70.0,7.54,of all branches,ok
8093.120580000001,204009.0,,L1-dcache-loads:u,l1-dcache-loads,6469489.0,61.0,nan,,ok
8093.120580000001,23832.0,,cache-references:u,cache-references,5476964.0,51.0,nan,,ok
8093.120580000001,1956.0,,cache-misses:u,cache-misses,5101200.0,50.0,8.21,of all cache refs,ok
8093.120580000001,1686676.0,,stalled-cycles-frontend:u,stalled-cycles-frontend,3083683.0,33.0,55.63,frontend cycles idle,ok
8104.129405,18124.0,,instructions:u,instructions,3413810.0,36.0,0.0,insn per cycle,ok
8104.129405,6892053.0,,cycles:u,cycles,3415244.0,36.0,nan,,ok
8104.129405,42631.0,,branches:u,branches,4413102.0,46.0,nan,,ok
8104.129405,6409.0,,branch-misses:u,branch-misses,5414394.0,57.0,15.03,of all branches,ok
8104.129405,468411.0,,L1-dcache-loads:u,l1-dcache-loads,5125560.0,54.0,nan,,ok
8104.129405,36788.0,,cache-references:u,cache-references,5998133.0,63.0,nan,,ok
8104.129405,4648.0,,cache-misses:u,cache-misses,5996699.0,63.0,12.63,of all cache refs,ok
8104.129405,0.0,,stalled-cycles-frontend:u,stalled-cycles-frontend,2292991.0,24.0,nan,,ok
8114.818886,317723.0,,instructions:u,instructions,2499652.0,33.0,0.31,insn per cycle,ok
8114.818886,nan,,,,nan,nan,4.2,stalled cycles per insn,unknown
8114.818886,1029049.0,,cycles:u,cycles,2552510.0,33.0,nan,,ok
8114.818886,848.0,,branches:u,branches,3564636.0,47.0,nan,,ok
8114.818886,686.0,,branch-misses:u,branch-misses,4593684.0,60.0,80.9,of all branches,ok
8114.818886,29901.0,,L1-dcache-loads:u,l1-dcache-loads,4593008.0,60.0,nan,,ok
8114.818886,14832.0,,cache-references:u,cache-references,4985371.0,65.0,nan,,ok
8114.818886,3855.0,,cache-misses:u,cache-misses,4967832.0,65.0,25.99,of all cache refs,ok
8114.818886,1333375.0,,stalled-cycles-frontend:u,stalled-cycles-frontend,1990444.0,26.0,129.57,frontend cycles idle,ok
8125.828862,206710.0,,instructions:u,instructions,2989776.0,33.0,0.08,insn per cycle,ok
8125.828862,nan,,,,nan,nan,12.35,stalled cycles per insn,unknown
8125.828862,2629768.0,,cycles:u,cycles,2974486.0,33.0,nan,,ok
8125.828862,55173.0,,branches:u,branches,5007995.0,55.0,nan,,ok
8125.828862,4739.0,,branch-misses:u,branch-misses,6003112.0,66.0,8.59,of all branches,ok
8125.828862,54307.0,,L1-dcache-loads:u,l1-dcache-loads,6006954.0,66.0,nan,,ok
8125.828862,12340.0,,cache-references:u,cache-references,6028839.0,66.0,nan,,ok
8125.828862,4142.0,,cache-misses:u,cache-misses,6034184.0,66.0,33.57,of all cache refs,ok
8125.828862,2553339.0,,stalled-cycles-frontend:u,stalled-cycles-frontend,1997599.0,22.0,97.09,frontend cycles idle,ok
8136.611533,212491.0,,instructions:u,instructions,3448889.0,63.0,0.02,insn per cycle,ok
8136.611533,nan,,,,nan,nan,32.82,stalled cycles per insn,unknown
8136.611533,8959227.0,,cycles:u,cycles,4588439.0,71.0,nan,,ok
8136.611533,198204.0,,branches:u,branches,6508917.0,88.0,nan,,ok
8136.611533,8187.0,,branch-misses:u,branch-misses,7500564.0,89.0,4.13,of all branches,ok
8136.611533,366357.0,,L1-dcache-loads:u,l1-dcache-loads,6723514.0,78.0,nan,,ok
8136.611533,37872.0,,cache-references:u,cache-references,5269584.0,61.0,nan,,ok
8136.611533,3457.0,,cache-misses:u,cache-misses,4115326.0,47.0,9.13,of all cache refs,ok
8136.611533,6974387.0,,stalled-cycles-frontend:u,stalled-cycles-frontend,1849469.0,22.0,77.85,frontend cycles idle,ok
8147.180390999999,356164.0,,instructions:u,instructions,3008503.0,33.0,0.15,insn per cycle,ok
8147.180390999999,nan,,,,nan,nan,5.2,stalled cycles per insn,unknown
8147.180390999999,2385486.0,,cycles:u,cycles,3000357.0,32.0,nan,,ok
8147.180390999999,46953.0,,branches:u,branches,5086394.0,55.0,nan,,ok
8147.180390999999,2795.0,,branch-misses:u,branch-misses,6073258.0,66.0,5.95,of all branches,ok
8147.180390999999,96711.0,,L1-dcache-loads:u,l1-dcache-loads,6059145.0,66.0,nan,,ok
8147.180390999999,11728.0,,cache-references:u,cache-references,6042524.0,66.0,nan,,ok
8147.180390999999,2478.0,,cache-misses:u,cache-misses,6040004.0,66.0,21.13,of all cache refs,ok
8147.180390999999,1853375.0,,stalled-cycles-frontend:u,stalled-cycles-frontend,2001425.0,22.0,77.69,frontend cycles idle,ok
8157.752564999999,417528.0,,instructions:u,instructions,3006503.0,39.0,0.13,insn per cycle,ok
8157.752564999999,nan,,,,nan,nan,5.03,stalled cycles per insn,unknown
8157.752564999999,3306325.0,,cycles:u,cycles,2990313.0,39.0,nan,,ok
8157.752564999999,77798.0,,branches:u,branches,3629809.0,47.0,nan,,ok
8157.752564999999,7257.0,,branch-misses:u,branch-misses,4659002.0,60.0,9.33,of all branches,ok
8157.752564999999,149467.0,,L1-dcache-loads:u,l1-dcache-loads,4685823.0,60.0,nan,,ok
8157.752564999999,18302.0,,cache-references:u,cache-references,4694606.0,60.0,nan,,ok
8157.752564999999,3650.0,,cache-misses:u,cache-misses,4731533.0,61.0,19.94,of all cache refs,ok
8157.752564999999,2102036.0,,stalled-cycles-frontend:u,stalled-cycles-frontend,2002897.0,25.0,63.58,frontend cycles idle,ok
8168.473647000001,14596.0,,instructions:u,instructions,2685984.0,41.0,0.01,insn per cycle,ok
8168.473647000001,nan,,,,nan,nan,70.33,stalled cycles per insn,unknown
8168.473647000001,1191996.0,,cycles:u,cycles,1707853.0,26.0,nan,,ok
8168.473647000001,15336.0,,branches:u,branches,3147205.0,44.0,nan,,ok
8168.473647000001,2847.0,,branch-misses:u,branch-misses,5136121.0,63.0,18.56,of all branches,ok
8168.473647000001,224775.0,,L1-dcache-loads:u,l1-dcache-loads,5496312.0,60.0,nan,,ok
8168.473647000001,36808.0,,cache-references:u,cache-references,7161958.0,72.0,nan,,ok
8168.473647000001,6019.0,,cache-misses:u,cache-misses,8145635.0,82.0,16.35,of all cache refs,ok
8168.473647000001,1026485.0,,stalled-cycles-frontend:u,stalled-cycles-frontend,2639760.0,28.0,86.11,frontend cycles idle,ok
8179.20226,298732.0,,instructions:u,instructions,3018211.0,36.0,0.08,insn per cycle,ok
8179.20226,nan,,,,nan,nan,8.3,stalled cycles per insn,unknown
8179.20226,3621378.0,,cycles:u,cycles,4716483.0,56.0,nan,,ok
8179.20226,79142.0,,branches:u,branches,5729414.0,68.0,nan,,ok
8179.20226,5103.0,,branch-misses:u,branch-misses,6732019.0,80.0,6.45,of all branches,ok
8179.20226,124091.0,,L1-dcache-loads:u,l1-dcache-loads,6735586.0,80.0,nan,,ok
8179.20226,11566.0,,cache-references:u,cache-references,5491609.0,65.0,nan,,ok
8179.20226,1108.0,,cache-misses:u,cache-misses,3660215.0,43.0,9.58,of all cache refs,ok
8179.20226,2479146.0,,stalled-cycles-frontend:u,stalled-cycles-frontend,1073606.0,12.0,68.46,frontend cycles idle,ok
8189.940836,418253.0,,instructions:u,instructions,3993534.0,48.0,0.08,insn per cycle,ok
8189.940836,nan,,,,nan,nan,8.72,stalled cycles per insn,unknown
8189.940836,5274927.0,,cycles:u,cycles,4046433.0,42.0,nan,,ok
8189.940836,87848.0,,branches:u,branches,5038249.0,52.0,nan,,ok
8189.940836,7284.0,,branch-misses:u,branch-misses,6030322.0,63.0,8.29,of all branches,ok
8189.940836,163350.0,,L1-dcache-loads:u,l1-dcache-loads,5445326.0,57.0,nan,,ok
8189.940836,15911.0,,cache-references:u,cache-references,5412595.0,57.0,nan,,ok
8189.940836,3725.0,,cache-misses:u,cache-misses,5486204.0,63.0,23.41,of all cache refs,ok
8189.940836,3646933.0,,stalled-cycles-frontend:u,stalled-cycles-frontend,3087514.0,43.0,69.14,frontend cycles idle,ok
8200.647275,1390924.0,,instructions:u,instructions,2293013.0,29.0,0.14,insn per cycle,ok
8200.647275,nan,,,,nan,nan,3.76,stalled cycles per insn,unknown
8200.647275,10156520.0,,cycles:u,cycles,3237431.0,41.0,nan,,ok
8200.647275,324647.0,,branches:u,branches,4212677.0,53.0,nan,,ok
8200.647275,13700.0,,branch-misses:u,branch-misses,5200817.0,66.0,4.22,of all branches,ok
8200.647275,521676.0,,L1-dcache-loads:u,l1-dcache-loads,5726100.0,73.0,nan,,ok
8200.647275,42475.0,,cache-references:u,cache-references,5597911.0,71.0,nan,,ok
8200.647275,3338.0,,cache-misses:u,cache-misses,4633824.0,59.0,7.86,of all cache refs,ok
8200.647275,5225137.0,,stalled-cycles-frontend:u,stalled-cycles-frontend,1192867.0,15.0,51.45,frontend cycles idle,ok
8211.358219,360143.0,,instructions:u,instructions,1614774.0,29.0,0.09,insn per cycle,ok
8211.358219,nan,,,,nan,nan,7.28,stalled cycles per insn,unknown
8211.358219,4088181.0,,cycles:u,cycles,2668066.0,40.0,nan,,ok
8211.358219,90443.0,,branches:u,branches,4623803.0,61.0,nan,,ok
8211.358219,8624.0,,branch-misses:u,branch-misses,6621708.0,77.0,9.54,of all branches,ok
8211.358219,205580.0,,L1-dcache-loads:u,l1-dcache-loads,8017543.0,83.0,nan,,ok
8211.358219,35914.0,,cache-references:u,cache-references,8287761.0,83.0,nan,,ok
8211.358219,7318.0,,cache-misses:u,cache-misses,7298087.0,73.0,20.38,of all cache refs,ok
8211.358219,2622735.0,,stalled-cycles-frontend:u,stalled-cycles-frontend,674895.0,6.0,64.15,frontend cycles idle,ok
8222.106355,1109008.0,,instructions:u,instructions,5702937.0,56.0,0.2,insn per cycle,ok
8222.106355,nan,,,,nan,nan,5.83,stalled cycles per insn,unknown
8222.106355,5515199.0,,cycles:u,cycles,4731982.0,46.0,nan,,ok
8222.106355,97250.0,,branches:u,branches,5082842.0,50.0,nan,,ok
8222.106355,3652.0,,branch-misses:u,branch-misses,6102079.0,60.0,3.76,of all branches,ok
8222.106355,46239.0,,L1-dcache-loads:u,l1-dcache-loads,5118068.0,50.0,nan,,ok
8222.106355,22472.0,,cache-references:u,cache-references,4344937.0,42.0,nan,,ok
8222.106355,5289.0,,cache-misses:u,cache-misses,5278226.0,52.0,23.54,of all cache refs,ok
8222.106355,6468950.0,,stalled-cycles-frontend:u,stalled-cycles-frontend,3937699.0,39.0,117.29,frontend cycles idle,ok
8232.859100000001,490020.0,,instructions:u,instructions,2723996.0,39.0,0.26,insn per cycle,ok
8232.859100000001,nan,,,,nan,nan,3.24,stalled cycles per insn,unknown
8232.859100000001,1914014.0,,cycles:u,cycles,2725277.0,39.0,nan,,ok
8232.859100000001,37316.0,,branches:u,branches,3446176.0,50.0,nan,,ok
8232.859100000001,3257.0,,branch-misses:u,branch-misses,3927034.0,57.0,8.73,of all branches,ok
8232.859100000001,78956.0,,L1-dcache-loads:u,l1-dcache-loads,3829109.0,56.0,nan,,ok
8232.859100000001,4638.0,,cache-references:u,cache-references,4132386.0,60.0,nan,,ok
8232.859100000001,3285.0,,cache-misses:u,cache-misses,4125623.0,60.0,70.83,of all cache refs,ok
8232.859100000001,1589567.0,,stalled-cycles-frontend:u,stalled-cycles-frontend,1997981.0,29.0,83.05,frontend cycles idle,ok
8243.504823000001,453946.0,,instructions:u,instructions,611235.0,10.0,0.14,insn per cycle,ok
8243.504823000001,3137541.0,,cycles:u,cycles,2592565.0,39.0,nan,,ok
8243.504823000001,54320.0,,branches:u,branches,4578159.0,60.0,nan,,ok
8243.504823000001,4321.0,,branch-misses:u,branch-misses,6560453.0,76.0,7.95,of all branches,ok
8243.504823000001,161620.0,,L1-dcache-loads:u,l1-dcache-loads,8543768.0,89.0,nan,,ok
8243.504823000001,24048.0,,cache-references:u,cache-references,9010419.0,94.0,nan,,ok
8243.504823000001,5527.0,,cache-misses:u,cache-misses,7008619.0,73.0,22.98,of all cache refs,ok
8243.504823000001,nan,,stalled-cycles-frontend:u,stalled-cycles-frontend,0.0,0.0,nan,,ok
8254.159696,306685.0,,instructions:u,instructions,2430108.0,59.0,1.09,insn per cycle,ok
8254.159696,nan,,,,nan,nan,7.14,stalled cycles per insn,unknown
8254.159696,282124.0,,cycles:u,cycles,1906114.0,46.0,nan,,ok
8254.159696,327.0,,branches:u,branches,1906114.0,46.0,nan,,ok
8254.159696,102.0,,branch-misses:u,branch-misses,1906114.0,46.0,31.19,of all branches,ok
8254.159696,5120.0,,L1-dcache-loads:u,l1-dcache-loads,908090.0,22.0,nan,,ok
8254.159696,15920.0,,cache-references:u,cache-references,1627152.0,40.0,nan,,ok
8254.159696,4387.0,,cache-misses:u,cache-misses,2151146.0,53.0,27.56,of all cache refs,ok
8254.159696,2190528.0,,stalled-cycles-frontend:u,stalled-cycles-frontend,1997498.0,49.0,776.44,frontend cycles idle,ok
8264.814952,9181.0,,instructions:u,instructions,1999606.0,84.0,0.01,insn per cycle,ok
8264.814952,nan,,,,nan,nan,65.93,stalled cycles per insn,unknown
8264.814952,1095218.0,,cycles:u,cycles,2382766.0,100.0,nan,,ok
8264.814952,3045.0,,branches:u,branches,2402227.0,100.0,nan,,ok
8264.814952,392.0,,branch-misses:u,branch-misses,2418861.0,100.0,12.87,of all branches,ok
8264.814952,13522.0,,L1-dcache-loads:u,l1-dcache-loads,1446074.0,59.0,nan,,ok
8264.814952,6085.0,,cache-references:u,cache-references,458981.0,18.0,nan,,ok
8264.814952,nan,,cache-misses:u,cache-misses,0.0,0.0,nan,,ok
8264.814952,605320.0,,stalled-cycles-frontend:u,stalled-cycles-frontend,992754.0,40.0,55.27,frontend cycles idle,ok
8275.513964,10.0,,instructions:u,instructions,2784968.0,39.0,0.0,insn per cycle,ok
8275.513964,nan,,,,nan,nan,1348.2,stalled cycles per insn,unknown
8275.513964,1553450.0,,cycles:u,cycles,2393035.0,33.0,nan,,ok
8275.513964,15004.0,,branches:u,branches,3370824.0,47.0,nan,,ok
8275.513964,1089.0,,branch-misses:u,branch-misses,4560725.0,64.0,7.26,of all branches,ok
8275.513964,32347.0,,L1-dcache-loads:u,l1-dcache-loads,3998605.0,57.0,nan,,ok
8275.513964,17288.0,,cache-references:u,cache-references,4202829.0,60.0,nan,,ok
8275.513964,2596.0,,cache-misses:u,cache-misses,4670583.0,66.0,15.02,of all cache refs,ok
8275.513964,13482.0,,stalled-cycles-frontend:u,stalled-cycles-frontend,2010894.0,28.0,0.87,frontend cycles idle,ok
8286.149523,nan,,instructions:u,instructions,0.0,100.0,nan,,ok
8286.149523,nan,,cycles:u,cycles,0.0,100.0,nan,,ok
8286.149523,nan,,branches:u,branches,0.0,100.0,nan,,ok
8286.149523,nan,,branch-misses:u,branch-misses,0.0,100.0,nan,,ok
8286.149523,nan,,L1-dcache-loads:u,l1-dcache-loads,0.0,100.0,nan,,ok
8286.149523,nan,,cache-references:u,cache-references,0.0,100.0,nan,,ok
8286.149523,nan,,cache-misses:u,cache-misses,0.0,100.0,nan,,ok
8286.149523,nan,,stalled-cycles-frontend:u,stalled-cycles-frontend,0.0,100.0,nan,,ok
8296.698214999999,0.0,,instructions:u,instructions,452262.0,21.0,0.0,insn per cycle,ok
8296.698214999999,1172171.0,,cycles:u,cycles,1676456.0,56.0,nan,,ok
8296.698214999999,90904.0,,branches:u,branches,3687997.0,92.0,nan,,ok
8296.698214999999,8762.0,,branch-misses:u,branch-misses,5000211.0,100.0,9.64,of all branches,ok
8296.698214999999,293923.0,,L1-dcache-loads:u,l1-dcache-loads,6017643.0,100.0,nan,,ok
8296.698214999999,39872.0,,cache-references:u,cache-references,5872434.0,92.0,nan,,ok
8296.698214999999,8253.0,,cache-misses:u,cache-misses,4667080.0,73.0,20.7,of all cache refs,ok
8296.698214999999,nan,,stalled-cycles-frontend:u,stalled-cycles-frontend,0.0,0.0,nan,,ok
8307.431417,2534.0,,instructions:u,instructions,908256.0,24.0,0.0,insn per cycle,ok
8307.431417,nan,,,,nan,nan,311.44,stalled cycles per insn,unknown
8307.431417,997560.0,,cycles:u,cycles,81088.0,2.0,nan,,ok
8307.431417,1959.0,,branches:u,branches,81088.0,2.0,nan,,ok
8307.431417,7124.0,,branch-misses:u,branch-misses,764850.0,21.0,363.65,of all branches,ok
8307.431417,316055.0,,L1-dcache-loads:u,l1-dcache-loads,1658311.0,46.0,nan,,ok
8307.431417,14692.0,,cache-references:u,cache-references,2637770.0,74.0,nan,,ok
8307.431417,1335.0,,cache-misses:u,cache-misses,3446098.0,97.0,9.09,of all cache refs,ok
8307.431417,789182.0,,stalled-cycles-frontend:u,stalled-cycles-frontend,908256.0,25.0,79.11,frontend cycles idle,ok
8318.145038,235608.0,,instructions:u,instructions,2999337.0,60.0,0.22,insn per cycle,ok
8318.145038,nan,,,,nan,nan,7.57,stalled cycles per insn,unknown
8318.145038,1065226.0,,cycles:u,cycles,2379411.0,48.0,nan,,ok
8318.145038,50418.0,,branches:u,branches,2379411.0,48.0,nan,,ok
8318.145038,2992.0,,branch-misses:u,branch-misses,2379411.0,48.0,5.93,of all branches,ok
8318.145038,7105.0,,L1-dcache-loads:u,l1-dcache-loads,1938379.0,39.0,nan,,ok
8318.145038,14682.0,,cache-references:u,cache-references,1942446.0,39.0,nan,,ok
8318.145038,3776.0,,cache-misses:u,cache-misses,2562372.0,51.0,25.72,of all cache refs,ok
8318.145038,1784250.0,,stalled-cycles-frontend:u,stalled-cycles-frontend,2004900.0,40.0,167.5,frontend cycles idle,ok
8328.819169999999,nan,,instructions:u,instructions,0.0,0.0,nan,,ok
8328.819169999999,0.0,,cycles:u,cycles,484580.0,74.0,nan,,ok
8328.819169999999,0.0,,branches:u,branches,649993.0,100.0,nan,,ok
8328.819169999999,0.0,,branch-misses:u,branch-misses,649993.0,100.0,nan,,ok
8328.819169999999,0.0,,L1-dcache-loads:u,l1-dcache-loads,649993.0,100.0,nan,,ok
8328.819169999999,0.0,,cache-references:u,cache-references,649993.0,100.0,nan,,ok
8328.819169999999,0.0,,cache-misses:u,cache-misses,165413.0,25.0,nan,,ok
8328.819169999999,nan,,stalled-cycles-frontend:u,stalled-cycles-frontend,0.0,0.0,nan,,ok
8339.420656,415001.0,,instructions:u,instructions,3003861.0,41.0,0.1,insn per cycle,ok
8339.420656,nan,,,,nan,nan,4.61,stalled cycles per insn,unknown
8339.420656,4001713.0,,cycles:u,cycles,2496361.0,34.0,nan,,ok
8339.420656,129782.0,,branches:u,branches,3197209.0,44.0,nan,,ok
8339.420656,7885.0,,branch-misses:u,branch-misses,4196230.0,58.0,6.08,of all branches,ok
8339.420656,171314.0,,L1-dcache-loads:u,l1-dcache-loads,4195789.0,58.0,nan,,ok
8339.420656,17920.0,,cache-references:u,cache-references,4191101.0,58.0,nan,,ok
8339.420656,4437.0,,cache-misses:u,cache-misses,4698601.0,65.0,24.76,of all cache refs,ok
8339.420656,1913812.0,,stalled-cycles-frontend:u,stalled-cycles-frontend,2002189.0,27.0,47.82,frontend cycles idle,ok
8350.103672,2756.0,,instructions:u,instructions,646911.0,100.0,0.01,insn per cycle,ok
8350.103672,nan,,,,nan,nan,107.95,stalled cycles per insn,unknown
8350.103672,329822.0,,cycles:u,cycles,681343.0,100.0,nan,,ok
8350.103672,647.0,,branches:u,branches,697991.0,100.0,nan,,ok
8350.103672,163.0,,branch-misses:u,branch-misses,712718.0,100.0,25.19,of all branches,ok
8350.103672,nan,,L1-dcache-loads:u,l1-dcache-loads,0.0,0.0,nan,,ok
8350.103672,nan,,cache-references:u,cache-references,0.0,0.0,nan,,ok
8350.103672,nan,,cache-misses:u,cache-misses,0.0,0.0,nan,,ok
8350.103672,297512.0,,stalled-cycles-frontend:u,stalled-cycles-frontend,763103.0,100.0,90.2,frontend cycles idle,ok
8360.806857,0.0,,instructions:u,instructions,908772.0,19.0,0.0,insn per cycle,ok
8360.806857,2947661.0,,cycles:u,cycles,1741625.0,36.0,nan,,ok
8360.806857,54517.0,,branches:u,branches,2718990.0,57.0,nan,,ok
8360.806857,6973.0,,branch-misses:u,branch-misses,3703874.0,79.0,12.79,of all branches,ok
8360.806857,266619.0,,L1-dcache-loads:u,l1-dcache-loads,4419650.0,94.0,nan,,ok
8360.806857,26213.0,,cache-references:u,cache-references,3845285.0,93.0,nan,,ok
8360.806857,4213.0,,cache-misses:u,cache-misses,2978000.0,77.0,16.07,of all cache refs,ok
8360.806857,0.0,,stalled-cycles-frontend:u,stalled-cycles-frontend,218215.0,5.0,nan,,ok
8371.431314000001,311100.0,,instructions:u,instructions,1025470.0,34.0,nan,,ok
8371.431314000001,nan,,,,nan,nan,1.56,stalled cycles per insn,unknown
8371.431314000001,0.0,,cycles:u,cycles,56014.0,1.0,nan,,ok
8371.431314000001,0.0,,branches:u,branches,76375.0,2.0,nan,,ok
8371.431314000001,0.0,,branch-misses:u,branch-misses,96733.0,3.0,nan,,ok
8371.431314000001,33595.0,,L1-dcache-loads:u,l1-dcache-loads,985165.0,31.0,nan,,ok
8371.431314000001,13947.0,,cache-references:u,cache-references,1984335.0,63.0,nan,,ok
8371.431314000001,2677.0,,cache-misses:u,cache-misses,2984541.0,95.0,19.19,of all cache refs,ok
8371.431314000001,484644.0,,stalled-cycles-frontend:u,stalled-cycles-frontend,1151524.0,36.0,nan,,ok
8382.192151,0.0,,instructions:u,instructions,1528179.0,100.0,nan,,ok
8382.192151,0.0,,cycles:u,cycles,1497429.0,100.0,nan,,ok
8382.192151,0.0,,branches:u,branches,1477068.0,100.0,nan,,ok
8382.192151,0.0,,branch-misses:u,branch-misses,1456710.0,100.0,nan,,ok
8382.192151,0.0,,L1-dcache-loads:u,l1-dcache-loads,551977.0,38.0,nan,,ok
8382.192151,nan,,cache-references:u,cache-references,0.0,0.0,nan,,ok
8382.192151,nan,,cache-misses:u,cache-misses,0.0,0.0,nan,,ok
8382.192151,0.0,,stalled-cycles-frontend:u,stalled-cycles-frontend,850148.0,60.0,nan,,ok
8392.808438,271227.0,,instructions:u,instructions,750586.0,22.0,0.23,insn per cycle,ok
8392.808438,1172272.0,,cycles:u,cycles,1750583.0,51.0,nan,,ok
8392.808438,37702.0,,branches:u,branches,2998024.0,88.0,nan,,ok
8392.808438,3120.0,,branch-misses:u,branch-misses,3409461.0,100.0,8.28,of all branches,ok
8392.808438,74328.0,,L1-dcache-loads:u,l1-dcache-loads,3429493.0,100.0,nan,,ok
8392.808438,8549.0,,cache-references:u,cache-references,2697299.0,78.0,nan,,ok
8392.808438,2382.0,,cache-misses:u,cache-misses,1717154.0,49.0,27.86,of all cache refs,ok
8392.808438,nan,,stalled-cycles-frontend:u,stalled-cycles-frontend,0.0,0.0,nan,,ok
8403.476918999999,1119672.0,,instructions:u,instructions,4216856.0,53.0,0.74,insn per cycle,ok
8403.476918999999,nan,,,,nan,nan,2.24,stalled cycles per insn,unknown
8403.476918999999,1513408.0,,cycles:u,cycles,2223832.0,28.0,nan,,ok
8403.476918999999,19741.0,,branches:u,branches,2223832.0,28.0,nan,,ok
8403.476918999999,2117.0,,branch-misses:u,branch-misses,2810573.0,35.0,10.72,of all branches,ok
8403.476918999999,33556.0,,L1-dcache-loads:u,l1-dcache-loads,2180413.0,27.0,nan,,ok
8403.476918999999,30504.0,,cache-references:u,cache-references,3626995.0,49.0,nan,,ok
8403.476918999999,6273.0,,cache-misses:u,cache-misses,5600167.0,89.0,20.56,of all cache refs,ok
8403.476918999999,2503518.0,,stalled-cycles-frontend:u,stalled-cycles-frontend,3674004.0,50.0,165.42,frontend cycles idle,ok
8414.132859000001,nan,,instructions:u,instructions,0.0,100.0,nan,,ok
8414.132859000001,nan,,cycles:u,cycles,0.0,100.0,nan,,ok
8414.132859000001,nan,,branches:u,branches,0.0,100.0,nan,,ok
8414.132859000001,nan,,branch-misses:u,branch-misses,0.0,100.0,nan,,ok
8414.132859000001,nan,,L1-dcache-loads:u,l1-dcache-loads,0.0,100.0,nan,,ok
8414.132859000001,nan,,cache-references:u,cache-references,0.0,100.0,nan,,ok
8414.132859000001,nan,,cache-misses:u,cache-misses,0.0,100.0,nan,,ok
8414.132859000001,nan,,stalled-cycles-frontend:u,stalled-cycles-frontend,0.0,100.0,nan,,ok
8424.735553999999,548666.0,,instructions:u,instructions,3465383.0,38.0,0.12,insn per cycle,ok
8424.735553999999,nan,,,,nan,nan,4.82,stalled cycles per insn,unknown
8424.735553999999,4511298.0,,cycles:u,cycles,3320731.0,36.0,nan,,ok
8424.735553999999,101709.0,,branches:u,branches,4340005.0,47.0,nan,,ok
8424.735553999999,5615.0,,branch-misses:u,branch-misses,5357305.0,59.0,5.52,of all branches,ok
8424.735553999999,180805.0,,L1-dcache-loads:u,l1-dcache-loads,5543401.0,61.0,nan,,ok
8424.735553999999,21407.0,,cache-references:u,cache-references,5545366.0,61.0,nan,,ok
8424.735553999999,6215.0,,cache-misses:u,cache-misses,5712303.0,62.0,29.03,of all cache refs,ok
8424.735553999999,2645486.0,,stalled-cycles-frontend:u,stalled-cycles-frontend,2570069.0,28.0,58.64,frontend cycles idle,ok
8435.435747,1828887.0,,instructions:u,instructions,4047801.0,48.0,0.31,insn per cycle,ok
8435.435747,nan,,,,nan,nan,3.32,stalled cycles per insn,unknown
8435.435747,5843690.0,,cycles:u,cycles,5028949.0,59.0,nan,,ok
8435.435747,322210.0,,branches:u,branches,6017486.0,71.0,nan,,ok
8435.435747,11195.0,,branch-misses:u,branch-misses,6993147.0,83.0,3.47,of all branches,ok
8435.435747,304252.0,,L1-dcache-loads:u,l1-dcache-loads,6701081.0,79.0,nan,,ok
8435.435747,22088.0,,cache-references:u,cache-references,4431196.0,57.0,nan,,ok
8435.435747,2590.0,,cache-misses:u,cache-misses,3451059.0,48.0,11.73,of all cache refs,ok
8435.435747,6067294.0,,stalled-cycles-frontend:u,stalled-cycles-frontend,1570006.0,20.0,103.83,frontend cycles idle,ok
8446.176712,293693.0,,instructions:u,instructions,4329599.0,46.0,0.05,insn per cycle,ok
8446.176712,nan,,,,nan,nan,4.82,stalled cycles per insn,unknown
8446.176712,5522851.0,,cycles:u,cycles,2534287.0,27.0,nan,,ok
8446.176712,91278.0,,branches:u,branches,3388642.0,36.0,nan,,ok
8446.176712,6466.0,,branch-misses:u,branch-misses,4385945.0,47.0,7.08,of all branches,ok
8446.176712,132505.0,,L1-dcache-loads:u,l1-dcache-loads,4052821.0,45.0,nan,,ok
8446.176712,20284.0,,cache-references:u,cache-references,4944232.0,62.0,nan,,ok
8446.176712,2590.0,,cache-misses:u,cache-misses,6716248.0,75.0,12.77,of all cache refs,ok
8446.176712,1415801.0,,stalled-cycles-frontend:u,stalled-cycles-frontend,3329950.0,36.0,25.64,frontend cycles idle,ok
8456.848704,736926.0,,instructions:u,instructions,3299976.0,37.0,0.07,insn per cycle,ok
8456.848704,nan,,,,nan,nan,3.53,stalled cycles per insn,unknown
8456.848704,9831970.0,,cycles:u,cycles,3320261.0,37.0,nan,,ok
8456.848704,377357.0,,branches:u,branches,4123445.0,46.0,nan,,ok
8456.848704,15910.0,,branch-misses:u,branch-misses,5134706.0,57.0,4.22,of all branches,ok
8456.848704,683499.0,,L1-dcache-loads:u,l1-dcache-loads,5146121.0,57.0,nan,,ok
8456.848704,61919.0,,cache-references:u,cache-references,5618122.0,62.0,nan,,ok
8456.848704,8282.0,,cache-misses:u,cache-misses,5627005.0,62.0,13.38,of all cache refs,ok
8456.848704,2598109.0,,stalled-cycles-frontend:u,stalled-cycles-frontend,2007115.0,22.0,26.43,frontend cycles idle,ok
8467.639631999999,312050.0,,instructions:u,instructions,868842.0,20.0,0.19,insn per cycle,ok
8467.639631999999,nan,,,,nan,nan,4.39,stalled cycles per insn,unknown
8467.639631999999,1685120.0,,cycles:u,cycles,1528696.0,28.0,nan,,ok
8467.639631999999,42064.0,,branches:u,branches,2010513.0,36.0,nan,,ok
8467.639631999999,7120.0,,branch-misses:u,branch-misses,3001008.0,54.0,16.93,of all branches,ok
8467.639631999999,364913.0,,L1-dcache-loads:u,l1-dcache-loads,4184952.0,76.0,nan,,ok
8467.639631999999,33401.0,,cache-references:u,cache-references,4689012.0,85.0,nan,,ok
8467.639631999999,8174.0,,cache-misses:u,cache-misses,3999990.0,73.0,24.47,of all cache refs,ok
8467.639631999999,1370519.0,,stalled-cycles-frontend:u,stalled-cycles-frontend,306077.0,5.0,81.33,frontend cycles idle,ok
8478.260540000001,nan,,instructions:u,instructions,0.0,100.0,nan,,ok
8478.260540000001,nan,,cycles:u,cycles,0.0,100.0,nan,,ok
8478.260540000001,nan,,branches:u,branches,0.0,100.0,nan,,ok
8478.260540000001,nan,,branch-misses:u,branch-misses,0.0,100.0,nan,,ok
8478.260540000001,nan,,L1-dcache-loads:u,l1-dcache-loads,0.0,100.0,nan,,ok
8478.260540000001,nan,,cache-references:u,cache-references,0.0,100.0,nan,,ok
8478.260540000001,nan,,cache-misses:u,cache-misses,0.0,100.0,nan,,ok
8478.260540000001,nan,,stalled-cycles-frontend:u,stalled-cycles-frontend,0.0,100.0,nan,,ok
8488.859964,219825.0,,instructions:u,instructions,2429809.0,71.0,0.17,insn per cycle,ok
8488.859964,nan,,,,nan,nan,6.27,stalled cycles per insn,unknown
8488.859964,1326567.0,,cycles:u,cycles,1459783.0,42.0,nan,,ok
8488.859964,57962.0,,branches:u,branches,1473514.0,42.0,nan,,ok
8488.859964,3272.0,,branch-misses:u,branch-misses,1488972.0,42.0,5.65,of all branches,ok
8488.859964,0.0,,L1-dcache-loads:u,l1-dcache-loads,500601.0,14.0,nan,,ok
8488.859964,13118.0,,cache-references:u,cache-references,985704.0,28.0,nan,,ok
8488.859964,3449.0,,cache-misses:u,cache-misses,1979307.0,56.0,26.29,of all cache refs,ok
8488.859964,1377741.0,,stalled-cycles-frontend:u,stalled-cycles-frontend,1998301.0,56.0,103.86,frontend cycles idle,ok
8499.622566,2306134.0,,instructions:u,instructions,2850578.0,34.0,0.68,insn per cycle,ok
8499.622566,nan,,,,nan,nan,2.25,stalled cycles per insn,unknown
8499.622566,3399908.0,,cycles:u,cycles,3563524.0,44.0,nan,,ok
8499.622566,204814.0,,branches:u,branches,4553285.0,90.0,nan,,ok
8499.622566,8520.0,,branch-misses:u,branch-misses,5536594.0,91.0,4.16,of all branches,ok
8499.622566,177065.0,,L1-dcache-loads:u,l1-dcache-loads,5512449.0,78.0,nan,,ok
8499.622566,34253.0,,cache-references:u,cache-references,5454950.0,68.0,nan,,ok
8499.622566,11954.0,,cache-misses:u,cache-misses,4718427.0,57.0,34.9,of all cache refs,ok
8499.622566,5189996.0,,stalled-cycles-frontend:u,stalled-cycles-frontend,1717704.0,20.0,152.65,frontend cycles idle,ok
8510.277393,nan,,instructions:u,instructions,0.0,100.0,nan,,ok
8510.277393,nan,,cycles:u,cycles,0.0,100.0,nan,,ok
8510.277393,nan,,branches:u,branches,0.0,100.0,nan,,ok
8510.277393,nan,,branch-misses:u,branch-misses,0.0,100.0,nan,,ok
8510.277393,nan,,L1-dcache-loads:u,l1-dcache-loads,0.0,100.0,nan,,ok
8510.277393,nan,,cache-references:u,cache-references,0.0,100.0,nan,,ok
8510.277393,nan,,cache-misses:u,cache-misses,0.0,100.0,nan,,ok
8510.277393,nan,,stalled-cycles-frontend:u,stalled-cycles-frontend,0.0,100.0,nan,,ok
8520.890496,339620.0,,instructions:u,instructions,2152064.0,30.0,0.08,insn per cycle,ok
8520.890496,nan,,,,nan,nan,5.67,stalled cycles per insn,unknown
8520.890496,4409046.0,,cycles:u,cycles,2662453.0,37.0,nan,,ok
8520.890496,71490.0,,branches:u,branches,3665856.0,52.0,nan,,ok
8520.890496,3890.0,,branch-misses:u,branch-misses,4655513.0,65.0,5.44,of all branches,ok
8520.890496,132249.0,,L1-dcache-loads:u,l1-dcache-loads,4888080.0,69.0,nan,,ok
8520.890496,11113.0,,cache-references:u,cache-references,4867380.0,68.0,nan,,ok
8520.890496,2830.0,,cache-misses:u,cache-misses,4418866.0,62.0,25.47,of all cache refs,ok
8520.890496,1926653.0,,stalled-cycles-frontend:u,stalled-cycles-frontend,1215107.0,17.0,43.7,frontend cycles idle,ok
8531.651452,746715.0,,instructions:u,instructions,3777564.0,39.0,0.11,insn per cycle,ok
8531.651452,nan,,,,nan,nan,2.04,stalled cycles per insn,unknown
8531.651452,6878955.0,,cycles:u,cycles,3872598.0,38.0,nan,,ok
8531.651452,351851.0,,branches:u,branches,5610496.0,55.0,nan,,ok
8531.651452,13763.0,,branch-misses:u,branch-misses,6604029.0,65.0,3.91,of all branches,ok
8531.651452,518192.0,,L1-dcache-loads:u,l1-dcache-loads,6322446.0,62.0,nan,,ok
8531.651452,60460.0,,cache-references:u,cache-references,6297930.0,62.0,nan,,ok
8531.651452,6163.0,,cache-misses:u,cache-misses,6161717.0,64.0,10.19,of all cache refs,ok
8531.651452,1520667.0,,stalled-cycles-frontend:u,stalled-cycles-frontend,2761266.0,32.0,22.11,frontend cycles idle,ok
8542.353291,454662.0,,instructions:u,instructions,2327544.0,39.0,0.13,insn per cycle,ok
8542.353291,nan,,,,nan,nan,2.3,stalled cycles per insn,unknown
8542.353291,3442860.0,,cycles:u,cycles,3309788.0,48.0,nan,,ok
8542.353291,156899.0,,branches:u,branches,5189558.0,66.0,nan,,ok
8542.353291,14419.0,,branch-misses:u,branch-misses,6818877.0,80.0,9.19,of all branches,ok
8542.353291,483221.0,,L1-dcache-loads:u,l1-dcache-loads,6543287.0,77.0,nan,,ok
8542.353291,57999.0,,cache-references:u,cache-references,6241840.0,73.0,nan,,ok
8542.353291,9231.0,,cache-misses:u,cache-misses,5249304.0,61.0,15.92,of all cache refs,ok
8542.353291,1046726.0,,stalled-cycles-frontend:u,stalled-cycles-frontend,1241996.0,15.0,30.4,frontend cycles idle,ok
8553.011294999998,607804.0,,instructions:u,instructions,5581447.0,56.0,0.22,insn per cycle,ok
8553.011294999998,nan,,,,nan,nan,4.23,stalled cycles per insn,unknown
8553.011294999998,2774843.0,,cycles:u,cycles,4385661.0,44.0,nan,,ok
8553.011294999998,88365.0,,branches:u,branches,4727634.0,48.0,nan,,ok
8553.011294999998,7199.0,,branch-misses:u,branch-misses,5741726.0,58.0,8.15,of all branches,ok
8553.011294999998,120957.0,,L1-dcache-loads:u,l1-dcache-loads,4773179.0,48.0,nan,,ok
8553.011294999998,22220.0,,cache-references:u,cache-references,4163849.0,42.0,nan,,ok
8553.011294999998,9267.0,,cache-misses:u,cache-misses,5371284.0,54.0,41.71,of all cache refs,ok
8553.011294999998,2573963.0,,stalled-cycles-frontend:u,stalled-cycles-frontend,4011537.0,40.0,92.76,frontend cycles idle,ok
8563.779643,325634.0,,instructions:u,instructions,4070436.0,52.0,0.14,insn per cycle,ok
8563.779643,nan,,,,nan,nan,6.02,stalled cycles per insn,unknown
8563.779643,2391247.0,,cycles:u,cycles,3978504.0,47.0,nan,,ok
8563.779643,71672.0,,branches:u,branches,4341070.0,51.0,nan,,ok
8563.779643,7466.0,,branch-misses:u,branch-misses,4734140.0,56.0,10.42,of all branches,ok
8563.779643,244379.0,,L1-dcache-loads:u,l1-dcache-loads,4708919.0,56.0,nan,,ok
8563.779643,50176.0,,cache-references:u,cache-references,4378892.0,52.0,nan,,ok
8563.779643,9342.0,,cache-misses:u,cache-misses,4467421.0,57.0,18.62,of all cache refs,ok
8563.779643,1960035.0,,stalled-cycles-frontend:u,stalled-cycles-frontend,2646286.0,35.0,81.97,frontend cycles idle,ok
8574.870339000001,1389730.0,,instructions:u,instructions,4543175.0,45.0,0.11,insn per cycle,ok
8574.870339000001,nan,,,,nan,nan,3.81,stalled cycles per insn,unknown
8574.870339000001,12740328.0,,cycles:u,cycles,4245582.0,42.0,nan,,ok
8574.870339000001,304968.0,,branches:u,branches,5249743.0,52.0,nan,,ok
8574.870339000001,11008.0,,branch-misses:u,branch-misses,6191128.0,62.0,3.61,of all branches,ok
8574.870339000001,498066.0,,L1-dcache-loads:u,l1-dcache-loads,5612477.0,56.0,nan,,ok
8574.870339000001,34654.0,,cache-references:u,cache-references,5372194.0,55.0,nan,,ok
8574.870339000001,5093.0,,cache-misses:u,cache-misses,5661637.0,65.0,14.7,of all cache refs,ok
8574.870339000001,5297196.0,,stalled-cycles-frontend:u,stalled-cycles-frontend,3299003.0,34.0,41.58,frontend cycles idle,ok
8585.594776,377503.0,,instructions:u,instructions,2872725.0,31.0,0.38,insn per cycle,ok
8585.594776,nan,,,,nan,nan,3.97,stalled cycles per insn,unknown
8585.594776,984109.0,,cycles:u,cycles,3250305.0,35.0,nan,,ok
8585.594776,53917.0,,branches:u,branches,4253158.0,47.0,nan,,ok
8585.594776,6024.0,,branch-misses:u,branch-misses,5247733.0,58.0,11.17,of all branches,ok
8585.594776,151679.0,,L1-dcache-loads:u,l1-dcache-loads,5795766.0,64.0,nan,,ok
8585.594776,28950.0,,cache-references:u,cache-references,6187549.0,68.0,nan,,ok
8585.594776,8209.0,,cache-misses:u,cache-misses,5815144.0,64.0,28.36,of all cache refs,ok
8585.594776,1498022.0,,stalled-cycles-frontend:u,stalled-cycles-frontend,2004593.0,22.0,152.22,frontend cycles idle,ok
8596.438831,457234.0,,instructions:u,instructions,2113725.0,25.0,0.1,insn per cycle,ok
8596.438831,nan,,,,nan,nan,3.66,stalled cycles per insn,unknown
8596.438831,4603705.0,,cycles:u,cycles,1647597.0,20.0,nan,,ok
8596.438831,252298.0,,branches:u,branches,3788082.0,46.0,nan,,ok
8596.438831,10629.0,,branch-misses:u,branch-misses,4789445.0,58.0,4.21,of all branches,ok
8596.438831,387186.0,,L1-dcache-loads:u,l1-dcache-loads,5786141.0,70.0,nan,,ok
8596.438831,39653.0,,cache-references:u,cache-references,6066244.0,75.0,nan,,ok
8596.438831,5303.0,,cache-misses:u,cache-misses,6533945.0,92.0,13.37,of all cache refs,ok
8596.438831,1672373.0,,stalled-cycles-frontend:u,stalled-cycles-frontend,1999010.0,24.0,36.33,frontend cycles idle,ok
8607.372417,nan,,instructions:u,instructions,0.0,0.0,nan,,ok
8607.372417,nan,,cycles:u,cycles,0.0,0.0,nan,,ok
8607.372417,nan,,branches:u,branches,0.0,0.0,nan,,ok
8607.372417,nan,,branch-misses:u,branch-misses,0.0,0.0,nan,,ok
8607.372417,nan,,L1-dcache-loads:u,l1-dcache-loads,0.0,0.0,nan,,ok
8607.372417,759.0,,cache-references:u,cache-references,294716.0,100.0,nan,,ok
8607.372417,165.0,,cache-misses:u,cache-misses,277468.0,100.0,21.74,of all cache refs,ok
8607.372417,nan,,stalled-cycles-frontend:u,stalled-cycles-frontend,0.0,0.0,nan,,ok
8618.025214,257067.0,,instructions:u,instructions,3000082.0,56.0,0.23,insn per cycle,ok
8618.025214,nan,,,,nan,nan,4.28,stalled cycles per insn,unknown
8618.025214,1118179.0,,cycles:u,cycles,2359299.0,44.0,nan,,ok
8618.025214,56062.0,,branches:u,branches,2359299.0,44.0,nan,,ok
8618.025214,3222.0,,branch-misses:u,branch-misses,2359299.0,44.0,5.75,of all branches,ok
8618.025214,8893.0,,L1-dcache-loads:u,l1-dcache-loads,2336472.0,43.0,nan,,ok
8618.025214,13570.0,,cache-references:u,cache-references,2338881.0,43.0,nan,,ok
8618.025214,3497.0,,cache-misses:u,cache-misses,2979664.0,55.0,25.77,of all cache refs,ok
8618.025214,1100038.0,,stalled-cycles-frontend:u,stalled-cycles-frontend,2001798.0,37.0,98.38,frontend cycles idle,ok
8628.869147,nan,,instructions:u,instructions,0.0,100.0,nan,,ok
8628.869147,nan,,cycles:u,cycles,0.0,100.0,nan,,ok
8628.869147,nan,,branches:u,branches,0.0,100.0,nan,,ok
8628.869147,nan,,branch-misses:u,branch-misses,0.0,100.0,nan,,ok
8628.869147,nan,,L1-dcache-loads:u,l1-dcache-loads,0.0,100.0,nan,,ok
8628.869147,nan,,cache-references:u,cache-references,0.0,100.0,nan,,ok
8628.869147,nan,,cache-misses:u,cache-misses,0.0,100.0,nan,,ok
8628.869147,nan,,stalled-cycles-frontend:u,stalled-cycles-frontend,0.0,100.0,nan,,ok
8639.529571000001,607269.0,,instructions:u,instructions,3049315.0,34.0,0.18,insn per cycle,ok
8639.529571000001,nan,,,,nan,nan,4.44,stalled cycles per insn,unknown
8639.529571000001,3292056.0,,cycles:u,cycles,2914907.0,32.0,nan,,ok
8639.529571000001,90673.0,,branches:u,branches,3912839.0,43.0,nan,,ok
8639.529571000001,5892.0,,branch-misses:u,branch-misses,4912066.0,55.0,6.5,of all branches,ok
8639.529571000001,152245.0,,L1-dcache-loads:u,l1-dcache-loads,4909660.0,55.0,nan,,ok
8639.529571000001,22585.0,,cache-references:u,cache-references,5832352.0,73.0,nan,,ok
8639.529571000001,7094.0,,cache-misses:u,cache-misses,6020757.0,86.0,31.41,of all cache refs,ok
8639.529571000001,2694381.0,,stalled-cycles-frontend:u,stalled-cycles-frontend,2168207.0,27.0,81.84,frontend cycles idle,ok
8650.219293,783827.0,,instructions:u,instructions,2904621.0,94.0,0.9,insn per cycle,ok
8650.219293,nan,,,,nan,nan,2.1,stalled cycles per insn,unknown
8650.219293,870542.0,,cycles:u,cycles,2168991.0,70.0,nan,,ok
8650.219293,17437.0,,branches:u,branches,2168991.0,71.0,nan,,ok
8650.219293,1102.0,,branch-misses:u,branch-misses,2168991.0,71.0,6.32,of all branches,ok
8650.219293,2533.0,,L1-dcache-loads:u,l1-dcache-loads,1168299.0,38.0,nan,,ok
8650.219293,6191.0,,cache-references:u,cache-references,168739.0,5.0,nan,,ok
8650.219293,4129.0,,cache-misses:u,cache-misses,850372.0,28.0,66.69,of all cache refs,ok
8650.219293,1644958.0,,stalled-cycles-frontend:u,stalled-cycles-frontend,1836235.0,61.0,188.96,frontend cycles idle,ok
8661.091008,nan,,instructions:u,instructions,0.0,100.0,nan,,ok
8661.091008,nan,,cycles:u,cycles,0.0,100.0,nan,,ok
8661.091008,nan,,branches:u,branches,0.0,100.0,nan,,ok
8661.091008,nan,,branch-misses:u,branch-misses,0.0,100.0,nan,,ok
8661.091008,nan,,L1-dcache-loads:u,l1-dcache-loads,0.0,100.0,nan,,ok
8661.091008,nan,,cache-references:u,cache-references,0.0,100.0,nan,,ok
8661.091008,nan,,cache-misses:u,cache-misses,0.0,100.0,nan,,ok
8661.091008,nan,,stalled-cycles-frontend:u,stalled-cycles-frontend,0.0,100.0,nan,,ok
8671.80815,160131.0,,instructions:u,instructions,2010001.0,28.0,0.05,insn per cycle,ok
8671.80815,nan,,,,nan,nan,9.25,stalled cycles per insn,unknown
8671.80815,3272293.0,,cycles:u,cycles,2972447.0,42.0,nan,,ok
8671.80815,65738.0,,branches:u,branches,3969867.0,56.0,nan,,ok
8671.80815,3622.0,,branch-misses:u,branch-misses,4970965.0,70.0,5.51,of all branches,ok
8671.80815,132426.0,,L1-dcache-loads:u,l1-dcache-loads,4997011.0,71.0,nan,,ok
8671.80815,10054.0,,cache-references:u,cache-references,4998954.0,71.0,nan,,ok
8671.80815,925.0,,cache-misses:u,cache-misses,4036508.0,57.0,9.2,of all cache refs,ok
8671.80815,1481027.0,,stalled-cycles-frontend:u,stalled-cycles-frontend,1014926.0,14.0,45.26,frontend cycles idle,ok
8682.976476,272237.0,,instructions:u,instructions,2969271.0,66.0,0.09,insn per cycle,ok
8682.976476,nan,,,,nan,nan,3.6,stalled cycles per insn,unknown
8682.976476,2931905.0,,cycles:u,cycles,3006973.0,66.0,nan,,ok
8682.976476,45920.0,,branches:u,branches,3558544.0,78.0,nan,,ok
8682.976476,3814.0,,branch-misses:u,branch-misses,3571147.0,78.0,8.31,of all branches,ok
8682.976476,152910.0,,L1-dcache-loads:u,l1-dcache-loads,2577656.0,56.0,nan,,ok
8682.976476,16538.0,,cache-references:u,cache-references,1593905.0,34.0,nan,,ok
8682.976476,4482.0,,cache-misses:u,cache-misses,1569113.0,34.0,27.1,of all cache refs,ok
8682.976476,979646.0,,stalled-cycles-frontend:u,stalled-cycles-frontend,1970061.0,42.0,33.41,frontend cycles idle,ok
8693.640780000002,183194.0,,instructions:u,instructions,3003230.0,39.0,0.05,insn per cycle,ok
8693.640780000002,nan,,,,nan,nan,20.49,stalled cycles per insn,unknown
8693.640780000002,4066936.0,,cycles:u,cycles,3095592.0,40.0,nan,,ok
8693.640780000002,124399.0,,branches:u,branches,4756879.0,58.0,nan,,ok
8693.640780000002,13709.0,,branch-misses:u,branch-misses,6764266.0,73.0,11.02,of all branches,ok
8693.640780000002,524845.0,,L1-dcache-loads:u,l1-dcache-loads,7496307.0,75.0,nan,,ok
8693.640780000002,59203.0,,cache-references:u,cache-references,6895717.0,69.0,nan,,ok
8693.640780000002,7930.0,,cache-misses:u,cache-misses,6804626.0,68.0,13.39,of all cache refs,ok
8693.640780000002,3754125.0,,stalled-cycles-frontend:u,stalled-cycles-frontend,1999574.0,21.0,92.31,frontend cycles idle,ok
8704.329844,386260.0,,instructions:u,instructions,3003450.0,32.0,0.05,insn per cycle,ok
8704.329844,nan,,,,nan,nan,4.87,stalled cycles per insn,unknown
8704.329844,7396882.0,,cycles:u,cycles,3000734.0,32.0,nan,,ok
8704.329844,81551.0,,branches:u,branches,4787008.0,51.0,nan,,ok
8704.329844,6867.0,,branch-misses:u,branch-misses,6269720.0,67.0,8.42,of all branches,ok
8704.329844,178926.0,,L1-dcache-loads:u,l1-dcache-loads,6263365.0,67.0,nan,,ok
8704.329844,24436.0,,cache-references:u,cache-references,6264158.0,67.0,nan,,ok
8704.329844,3480.0,,cache-misses:u,cache-misses,6279159.0,67.0,14.24,of all cache refs,ok
8704.329844,1881215.0,,stalled-cycles-frontend:u,stalled-cycles-frontend,2008735.0,21.0,25.43,frontend cycles idle,ok
8715.092113,1907173.0,,instructions:u,instructions,2753499.0,29.0,0.46,insn per cycle,ok
8715.092113,nan,,,,nan,nan,4.08,stalled cycles per insn,unknown
8715.092113,4139495.0,,cycles:u,cycles,2754520.0,29.0,nan,,ok
8715.092113,52131.0,,branches:u,branches,3757942.0,40.0,nan,,ok
8715.092113,5243.0,,branch-misses:u,branch-misses,4828231.0,51.0,10.06,of all branches,ok
8715.092113,172175.0,,L1-dcache-loads:u,l1-dcache-loads,6296311.0,63.0,nan,,ok
8715.092113,29415.0,,cache-references:u,cache-references,7246676.0,72.0,nan,,ok
8715.092113,8530.0,,cache-misses:u,cache-misses,7241530.0,72.0,29.0,of all cache refs,ok
8715.092113,7782518.0,,stalled-cycles-frontend:u,stalled-cycles-frontend,1996636.0,21.0,188.01,frontend cycles idle,ok
8726.038954,0.0,,instructions:u,instructions,2053824.0,31.0,0.0,insn per cycle,ok
8726.038954,909783.0,,cycles:u,cycles,2818598.0,43.0,nan,,ok
8726.038954,42846.0,,branches:u,branches,3818901.0,59.0,nan,,ok
8726.038954,4557.0,,branch-misses:u,branch-misses,4817574.0,74.0,10.64,of all branches,ok
8726.038954,120156.0,,L1-dcache-loads:u,l1-dcache-loads,4444120.0,68.0,nan,,ok
8726.038954,15786.0,,cache-references:u,cache-references,4381282.0,68.0,nan,,ok
8726.038954,4046.0,,cache-misses:u,cache-misses,3612037.0,56.0,25.63,of all cache refs,ok
8726.038954,0.0,,stalled-cycles-frontend:u,stalled-cycles-frontend,1687605.0,26.0,nan,,ok
8736.657062,1820286.0,,instructions:u,instructions,2857714.0,29.0,0.12,insn per cycle,ok
8736.657062,nan,,,,nan,nan,1.55,stalled cycles per insn,unknown
8736.657062,15439374.0,,cycles:u,cycles,2650787.0,27.0,nan,,ok
8736.657062,496612.0,,branches:u,branches,3655054.0,37.0,nan,,ok
8736.657062,12362.0,,branch-misses:u,branch-misses,5022191.0,52.0,2.49,of all branches,ok
8736.657062,570478.0,,L1-dcache-loads:u,l1-dcache-loads,5741556.0,61.0,nan,,ok
8736.657062,33063.0,,cache-references:u,cache-references,6724081.0,80.0,nan,,ok
8736.657062,4071.0,,cache-misses:u,cache-misses,6960502.0,74.0,12.31,of all cache refs,ok
8736.657062,2812514.0,,stalled-cycles-frontend:u,stalled-cycles-frontend,1915840.0,19.0,18.22,frontend cycles idle,ok
8747.299979,358862.0,,instructions:u,instructions,2802492.0,30.0,0.43,insn per cycle,ok
8747.299979,nan,,,,nan,nan,4.28,stalled cycles per insn,unknown
8747.299979,839128.0,,cycles:u,cycles,3004160.0,33.0,nan,,ok
8747.299979,66915.0,,branches:u,branches,5417038.0,59.0,nan,,ok
8747.299979,6570.0,,branch-misses:u,branch-misses,6417213.0,70.0,9.82,of all branches,ok
8747.299979,150870.0,,L1-dcache-loads:u,l1-dcache-loads,6410706.0,70.0,nan,,ok
8747.299979,21623.0,,cache-references:u,cache-references,6298740.0,69.0,nan,,ok
8747.299979,5643.0,,cache-misses:u,cache-misses,6065442.0,66.0,26.1,of all cache refs,ok
8747.299979,1535629.0,,stalled-cycles-frontend:u,stalled-cycles-frontend,1729804.0,19.0,183.0,frontend cycles idle,ok
8758.053664000001,188145.0,,instructions:u,instructions,4131899.0,47.0,0.07,insn per cycle,ok
8758.053664000001,nan,,,,nan,nan,9.72,stalled cycles per insn,unknown
8758.053664000001,2669128.0,,cycles:u,cycles,3624886.0,37.0,nan,,ok
8758.053664000001,25660.0,,branches:u,branches,4167388.0,42.0,nan,,ok
8758.053664000001,6346.0,,branch-misses:u,branch-misses,5182816.0,52.0,24.73,of all branches,ok
8758.053664000001,534075.0,,L1-dcache-loads:u,l1-dcache-loads,4562843.0,46.0,nan,,ok
8758.053664000001,45702.0,,cache-references:u,cache-references,5640802.0,57.0,nan,,ok
8758.053664000001,7077.0,,cache-misses:u,cache-misses,6147251.0,62.0,15.49,of all cache refs,ok
8758.053664000001,1828787.0,,stalled-cycles-frontend:u,stalled-cycles-frontend,3186352.0,32.0,68.52,frontend cycles idle,ok
8768.718011,543595.0,,instructions:u,instructions,2672691.0,34.0,0.14,insn per cycle,ok
8768.718011,nan,,,,nan,nan,3.45,stalled cycles per insn,unknown
8768.718011,3870997.0,,cycles:u,cycles,2876531.0,36.0,nan,,ok
8768.718011,87727.0,,branches:u,branches,3884059.0,49.0,nan,,ok
8768.718011,5066.0,,branch-misses:u,branch-misses,4902112.0,62.0,5.77,of all branches,ok
8768.718011,129215.0,,L1-dcache-loads:u,l1-dcache-loads,5524868.0,70.0,nan,,ok
8768.718011,11220.0,,cache-references:u,cache-references,5105446.0,65.0,nan,,ok
8768.718011,2938.0,,cache-misses:u,cache-misses,4905153.0,62.0,26.19,of all cache refs,ok
8768.718011,1874663.0,,stalled-cycles-frontend:u,stalled-cycles-frontend,1716451.0,21.0,48.43,frontend cycles idle,ok
8779.669338,845400.0,,instructions:u,instructions,4542348.0,79.0,0.14,insn per cycle,ok
8779.669338,nan,,,,nan,nan,6.07,stalled cycles per insn,unknown
8779.669338,5941351.0,,cycles:u,cycles,5259853.0,77.0,nan,,ok
8779.669338,150148.0,,branches:u,branches,6511531.0,84.0,nan,,ok
8779.669338,8442.0,,branch-misses:u,branch-misses,7501396.0,85.0,5.62,of all branches,ok
8779.669338,334126.0,,L1-dcache-loads:u,l1-dcache-loads,6659807.0,71.0,nan,,ok
8779.669338,29684.0,,cache-references:u,cache-references,4912661.0,52.0,nan,,ok
8779.669338,9314.0,,cache-misses:u,cache-misses,4176439.0,44.0,31.38,of all cache refs,ok
8779.669338,5134927.0,,stalled-cycles-frontend:u,stalled-cycles-frontend,2446350.0,28.0,86.43,frontend cycles idle,ok
8790.792384,nan,,instructions:u,instructions,0.0,0.0,nan,,ok
8790.792384,nan,,cycles:u,cycles,0.0,0.0,nan,,ok
8790.792384,54.0,,branches:u,branches,777889.0,54.0,nan,,ok
8790.792384,66.0,,branch-misses:u,branch-misses,1410469.0,100.0,122.22,of all branches,ok
8790.792384,2027.0,,L1-dcache-loads:u,l1-dcache-loads,1410897.0,100.0,nan,,ok
8790.792384,1142.0,,cache-references:u,cache-references,1429643.0,100.0,nan,,ok
8790.792384,235.0,,cache-misses:u,cache-misses,1444036.0,100.0,20.58,of all cache refs,ok
8790.792384,nan,,stalled-cycles-frontend:u,stalled-cycles-frontend,0.0,0.0,nan,,ok
8801.519181,324132.0,,instructions:u,instructions,2996816.0,32.0,0.37,insn per cycle,ok
8801.519181,nan,,,,nan,nan,5.87,stalled cycles per insn,unknown
8801.519181,869742.0,,cycles:u,cycles,3379564.0,37.0,nan,,ok
8801.519181,49935.0,,branches:u,branches,5007579.0,55.0,nan,,ok
8801.519181,4575.0,,branch-misses:u,branch-misses,6106697.0,67.0,9.16,of all branches,ok
8801.519181,83321.0,,L1-dcache-loads:u,l1-dcache-loads,6092427.0,66.0,nan,,ok
8801.519181,21682.0,,cache-references:u,cache-references,6110631.0,67.0,nan,,ok
8801.519181,6166.0,,cache-misses:u,cache-misses,5731235.0,62.0,28.44,of all cache refs,ok
8801.519181,1903918.0,,stalled-cycles-frontend:u,stalled-cycles-frontend,2011139.0,22.0,218.91,frontend cycles idle,ok
8812.497567999999,350213.0,,instructions:u,instructions,3874386.0,43.0,0.1,insn per cycle,ok
8812.497567999999,nan,,,,nan,nan,11.98,stalled cycles per insn,unknown
8812.497567999999,3420174.0,,cycles:u,cycles,1884906.0,21.0,nan,,ok
8812.497567999999,25823.0,,branches:u,branches,1918348.0,21.0,nan,,ok
8812.497567999999,5228.0,,branch-misses:u,branch-misses,2898571.0,32.0,20.25,of all branches,ok
8812.497567999999,408940.0,,L1-dcache-loads:u,l1-dcache-loads,2916857.0,35.0,nan,,ok
8812.497567999999,50415.0,,cache-references:u,cache-references,4895746.0,69.0,nan,,ok
8812.497567999999,8120.0,,cache-misses:u,cache-misses,6895062.0,85.0,16.11,of all cache refs,ok
8812.497567999999,4197062.0,,stalled-cycles-frontend:u,stalled-cycles-frontend,4027867.0,45.0,122.71,frontend cycles idle,ok
8823.402159000001,10299.0,,instructions:u,instructions,3210087.0,61.0,0.02,insn per cycle,ok
8823.402159000001,nan,,,,nan,nan,66.01,stalled cycles per insn,unknown
8823.402159000001,480814.0,,cycles:u,cycles,4175713.0,81.0,nan,,ok
8823.402159000001,1709.0,,branches:u,branches,5119444.0,100.0,nan,,ok
8823.402159000001,281.0,,branch-misses:u,branch-misses,5076830.0,100.0,16.44,of all branches,ok
8823.402159000001,5336.0,,L1-dcache-loads:u,l1-dcache-loads,3281215.0,64.0,nan,,ok
8823.402159000001,1921.0,,cache-references:u,cache-references,1970380.0,39.0,nan,,ok
8823.402159000001,758.0,,cache-misses:u,cache-misses,977173.0,19.0,39.46,of all cache refs,ok
8823.402159000001,679883.0,,stalled-cycles-frontend:u,stalled-cycles-frontend,1745771.0,34.0,141.4,frontend cycles idle,ok
8834.344561,36573.0,,instructions:u,instructions,524010.0,17.0,0.02,insn per cycle,ok
8834.344561,2017486.0,,cycles:u,cycles,2095017.0,69.0,nan,,ok
8834.344561,35462.0,,branches:u,branches,3034583.0,100.0,nan,,ok
8834.344561,2521.0,,branch-misses:u,branch-misses,3052769.0,100.0,7.11,of all branches,ok
8834.344561,94455.0,,L1-dcache-loads:u,l1-dcache-loads,3068035.0,100.0,nan,,ok
8834.344561,14499.0,,cache-references:u,cache-references,2590370.0,83.0,nan,,ok
8834.344561,2212.0,,cache-misses:u,cache-misses,1040005.0,33.0,15.26,of all cache refs,ok
8834.344561,nan,,stalled-cycles-frontend:u,stalled-cycles-frontend,0.0,0.0,nan,,ok
8845.285718,834353.0,,instructions:u,instructions,3144055.0,37.0,0.23,insn per cycle,ok
8845.285718,nan,,,,nan,nan,2.33,stalled cycles per insn,unknown
8845.285718,3649368.0,,cycles:u,cycles,2617626.0,29.0,nan,,ok
8845.285718,125148.0,,branches:u,branches,2884604.0,32.0,nan,,ok
8845.285718,11070.0,,branch-misses:u,branch-misses,4874356.0,55.0,8.85,of all branches,ok
8845.285718,466710.0,,L1-dcache-loads:u,l1-dcache-loads,5713075.0,64.0,nan,,ok
8845.285718,55707.0,,cache-references:u,cache-references,5667862.0,64.0,nan,,ok
8845.285718,8856.0,,cache-misses:u,cache-misses,6190136.0,74.0,15.9,of all cache refs,ok
8845.285718,1946060.0,,stalled-cycles-frontend:u,stalled-cycles-frontend,2137848.0,29.0,53.33,frontend cycles idle,ok
8856.31943,76876.0,,instructions:u,instructions,1149436.0,54.0,nan,,ok
8856.31943,nan,,,,nan,nan,13.55,stalled cycles per insn,unknown
8856.31943,0.0,,cycles:u,cycles,146466.0,6.0,nan,,ok
8856.31943,0.0,,branches:u,branches,146466.0,7.0,nan,,ok
8856.31943,0.0,,branch-misses:u,branch-misses,146466.0,7.0,nan,,ok
8856.31943,0.0,,L1-dcache-loads:u,l1-dcache-loads,113709.0,5.0,nan,,ok
8856.31943,9375.0,,cache-references:u,cache-references,899076.0,43.0,nan,,ok
8856.31943,1300.0,,cache-misses:u,cache-misses,1885559.0,92.0,13.87,of all cache refs,ok
8856.31943,1041603.0,,stalled-cycles-frontend:u,stalled-cycles-frontend,1149436.0,56.0,nan,,ok
8867.309404,0.0,,instructions:u,instructions,407433.0,100.0,nan,,ok
8867.309404,0.0,,cycles:u,cycles,407433.0,100.0,nan,,ok
8867.309404,0.0,,branches:u,branches,407433.0,100.0,nan,,ok
8867.309404,0.0,,branch-misses:u,branch-misses,407433.0,100.0,nan,,ok
8867.309404,nan,,L1-dcache-loads:u,l1-dcache-loads,0.0,0.0,nan,,ok
8867.309404,nan,,cache-references:u,cache-references,0.0,0.0,nan,,ok
8867.309404,nan,,cache-misses:u,cache-misses,0.0,0.0,nan,,ok
8867.309404,0.0,,stalled-cycles-frontend:u,stalled-cycles-frontend,407433.0,100.0,nan,,ok
8878.020036,1101.0,,instructions:u,instructions,1349243.0,100.0,0.01,insn per cycle,ok
8878.020036,76961.0,,cycles:u,cycles,1349243.0,100.0,nan,,ok
8878.020036,222.0,,branches:u,branches,1349243.0,100.0,nan,,ok
8878.020036,33.0,,branch-misses:u,branch-misses,1349243.0,100.0,14.86,of all branches,ok
8878.020036,799.0,,L1-dcache-loads:u,l1-dcache-loads,791305.0,58.0,nan,,ok
8878.020036,nan,,cache-references:u,cache-references,0.0,0.0,nan,,ok
8878.020036,nan,,cache-misses:u,cache-misses,0.0,0.0,nan,,ok
8878.020036,0.0,,stalled-cycles-frontend:u,stalled-cycles-frontend,557938.0,41.0,nan,,ok
8888.511382,385795.0,,instructions:u,instructions,633357.0,9.0,0.14,insn per cycle,ok
8888.511382,nan,,,,nan,nan,6.74,stalled cycles per insn,unknown
8888.511382,2702918.0,,cycles:u,cycles,1560767.0,23.0,nan,,ok
8888.511382,64454.0,,branches:u,branches,2563136.0,39.0,nan,,ok
8888.511382,3001.0,,branch-misses:u,branch-misses,3561117.0,54.0,4.66,of all branches,ok
8888.511382,111950.0,,L1-dcache-loads:u,l1-dcache-loads,5449647.0,83.0,nan,,ok
8888.511382,14691.0,,cache-references:u,cache-references,5881667.0,89.0,nan,,ok
8888.511382,2830.0,,cache-misses:u,cache-misses,4998166.0,76.0,19.26,of all cache refs,ok
8888.511382,2600701.0,,stalled-cycles-frontend:u,stalled-cycles-frontend,130830.0,1.0,96.22,frontend cycles idle,ok
8899.045955,533610.0,,instructions:u,instructions,6677729.0,72.0,0.12,insn per cycle,ok
8899.045955,nan,,,,nan,nan,4.53,stalled cycles per insn,unknown
8899.045955,4365685.0,,cycles:u,cycles,5211097.0,52.0,nan,,ok
8899.045955,144409.0,,branches:u,branches,5221039.0,52.0,nan,,ok
8899.045955,11288.0,,branch-misses:u,branch-misses,5232843.0,53.0,7.82,of all branches,ok
8899.045955,333817.0,,L1-dcache-loads:u,l1-dcache-loads,4215488.0,42.0,nan,,ok
8899.045955,86586.0,,cache-references:u,cache-references,3229113.0,32.0,nan,,ok
8899.045955,10067.0,,cache-misses:u,cache-misses,4610852.0,49.0,11.63,of all cache refs,ok
8899.045955,2416909.0,,stalled-cycles-frontend:u,stalled-cycles-frontend,4617357.0,55.0,55.36,frontend cycles idle,ok
8909.581875,421050.0,,instructions:u,instructions,3002972.0,47.0,0.23,insn per cycle,ok
8909.581875,nan,,,,nan,nan,3.38,stalled cycles per insn,unknown
8909.581875,1815439.0,,cycles:u,cycles,3222037.0,45.0,nan,,ok
8909.581875,51509.0,,branches:u,branches,3944701.0,55.0,nan,,ok
8909.581875,3953.0,,branch-misses:u,branch-misses,4066063.0,57.0,7.67,of all branches,ok
8909.581875,64455.0,,L1-dcache-loads:u,l1-dcache-loads,4057167.0,57.0,nan,,ok
8909.581875,13870.0,,cache-references:u,cache-references,4050712.0,57.0,nan,,ok
8909.581875,5785.0,,cache-misses:u,cache-misses,3929017.0,55.0,41.71,of all cache refs,ok
8909.581875,1423208.0,,stalled-cycles-frontend:u,stalled-cycles-frontend,2076294.0,39.0,78.39,frontend cycles idle,ok
8920.182559,1622850.0,,instructions:u,instructions,5164717.0,52.0,0.15,insn per cycle,ok
8920.182559,nan,,,,nan,nan,4.32,stalled cycles per insn,unknown
8920.182559,10901774.0,,cycles:u,cycles,4331949.0,44.0,nan,,ok
8920.182559,414884.0,,branches:u,branches,4947856.0,50.0,nan,,ok
8920.182559,13556.0,,branch-misses:u,branch-misses,5947546.0,60.0,3.27,of all branches,ok
8920.182559,685170.0,,L1-dcache-loads:u,l1-dcache-loads,4943781.0,50.0,nan,,ok
8920.182559,51988.0,,cache-references:u,cache-references,4619924.0,47.0,nan,,ok
8920.182559,6594.0,,cache-misses:u,cache-misses,5396306.0,55.0,12.68,of all cache refs,ok
8920.182559,7009329.0,,stalled-cycles-frontend:u,stalled-cycles-frontend,3769070.0,38.0,64.3,frontend cycles idle,ok
8930.716799,275384.0,,instructions:u,instructions,1915878.0,24.0,0.09,insn per cycle,ok
8930.716799,nan,,,,nan,nan,5.63,stalled cycles per insn,unknown
8930.716799,3094466.0,,cycles:u,cycles,2443907.0,31.0,nan,,ok
8930.716799,51817.0,,branches:u,branches,3732120.0,48.0,nan,,ok
8930.716799,5689.0,,branch-misses:u,branch-misses,4746684.0,61.0,10.98,of all branches,ok
8930.716799,139795.0,,L1-dcache-loads:u,l1-dcache-loads,4963633.0,71.0,nan,,ok
8930.716799,24879.0,,cache-references:u,cache-references,5862416.0,98.0,nan,,ok
8930.716799,5624.0,,cache-misses:u,cache-misses,5351535.0,76.0,22.61,of all cache refs,ok
8930.716799,1550370.0,,stalled-cycles-frontend:u,stalled-cycles-frontend,1797374.0,23.0,50.1,frontend cycles idle,ok
8941.32111,159094.0,,instructions:u,instructions,3001429.0,33.0,0.02,insn per cycle,ok
8941.32111,nan,,,,nan,nan,26.46,stalled cycles per insn,unknown
8941.32111,6445565.0,,cycles:u,cycles,3008651.0,33.0,nan,,ok
8941.32111,100198.0,,branches:u,branches,4706222.0,52.0,nan,,ok
8941.32111,12463.0,,branch-misses:u,branch-misses,6595948.0,73.0,12.44,of all branches,ok
8941.32111,512966.0,,L1-dcache-loads:u,l1-dcache-loads,6353965.0,70.0,nan,,ok
8941.32111,55580.0,,cache-references:u,cache-references,6019591.0,66.0,nan,,ok
8941.32111,4297.0,,cache-misses:u,cache-misses,6017316.0,66.0,7.73,of all cache refs,ok
8941.32111,4210275.0,,stalled-cycles-frontend:u,stalled-cycles-frontend,2010163.0,22.0,65.32,frontend cycles idle,ok
8951.964399,366150.0,,instructions:u,instructions,2490688.0,32.0,0.1,insn per cycle,ok
8951.964399,nan,,,,nan,nan,3.17,stalled cycles per insn,unknown
8951.964399,3819468.0,,cycles:u,cycles,2998518.0,39.0,nan,,ok
8951.964399,95403.0,,branches:u,branches,3994289.0,52.0,nan,,ok
8951.964399,8826.0,,branch-misses:u,branch-misses,5093863.0,66.0,9.25,of all branches,ok
8951.964399,194794.0,,L1-dcache-loads:u,l1-dcache-loads,5643810.0,74.0,nan,,ok
8951.964399,28535.0,,cache-references:u,cache-references,5117820.0,67.0,nan,,ok
8951.964399,2337.0,,cache-misses:u,cache-misses,4606885.0,60.0,8.19,of all cache refs,ok
8951.964399,1159556.0,,stalled-cycles-frontend:u,stalled-cycles-frontend,1480610.0,19.0,30.36,frontend cycles idle,ok
8962.907374,1189694.0,,instructions:u,instructions,2999776.0,34.0,0.18,insn per cycle,ok
8962.907374,nan,,,,nan,nan,6.88,stalled cycles per insn,unknown
8962.907374,6774524.0,,cycles:u,cycles,3523303.0,40.0,nan,,ok
8962.907374,155813.0,,branches:u,branches,4525881.0,52.0,nan,,ok
8962.907374,8873.0,,branch-misses:u,branch-misses,5523808.0,63.0,5.69,of all branches,ok
8962.907374,183167.0,,L1-dcache-loads:u,l1-dcache-loads,6089994.0,66.0,nan,,ok
8962.907374,48564.0,,cache-references:u,cache-references,6171409.0,67.0,nan,,ok
8962.907374,9210.0,,cache-misses:u,cache-misses,5650815.0,61.0,18.96,of all cache refs,ok
8962.907374,8188370.0,,stalled-cycles-frontend:u,stalled-cycles-frontend,2001915.0,21.0,120.87,frontend cycles idle,ok
8974.056171,697564.0,,instructions:u,instructions,3631766.0,44.0,0.09,insn per cycle,ok
8974.056171,nan,,,,nan,nan,2.75,stalled cycles per insn,unknown
8974.056171,7882398.0,,cycles:u,cycles,4612220.0,50.0,nan,,ok
8974.056171,399800.0,,branches:u,branches,5250860.0,57.0,nan,,ok
8974.056171,17698.0,,branch-misses:u,branch-misses,5259666.0,57.0,4.43,of all branches,ok
8974.056171,656688.0,,L1-dcache-loads:u,l1-dcache-loads,4714479.0,52.0,nan,,ok
8974.056171,54953.0,,cache-references:u,cache-references,5426479.0,59.0,nan,,ok
8974.056171,6160.0,,cache-misses:u,cache-misses,4443730.0,54.0,11.21,of all cache refs,ok
8974.056171,1916863.0,,stalled-cycles-frontend:u,stalled-cycles-frontend,1984874.0,28.0,24.32,frontend cycles idle,ok
8984.825926,347134.0,,instructions:u,instructions,2547740.0,28.0,0.2,insn per cycle,ok
8984.825926,nan,,,,nan,nan,1.56,stalled cycles per insn,unknown
8984.825926,1740938.0,,cycles:u,cycles,2551886.0,28.0,nan,,ok
8984.825926,95101.0,,branches:u,branches,3911232.0,43.0,nan,,ok
8984.825926,6767.0,,branch-misses:u,branch-misses,5912766.0,66.0,7.12,of all branches,ok
8984.825926,184758.0,,L1-dcache-loads:u,l1-dcache-loads,5904245.0,66.0,nan,,ok
8984.825926,36714.0,,cache-references:u,cache-references,6359183.0,71.0,nan,,ok
8984.825926,5520.0,,cache-misses:u,cache-misses,6371795.0,71.0,15.04,of all cache refs,ok
8984.825926,540929.0,,stalled-cycles-frontend:u,stalled-cycles-frontend,2000729.0,22.0,31.07,frontend cycles idle,ok
8995.626449,494876.0,,instructions:u,instructions,3071681.0,31.0,0.21,insn per cycle,ok
8995.626449,nan,,,,nan,nan,7.81,stalled cycles per insn,unknown
8995.626449,2403303.0,,cycles:u,cycles,2219264.0,23.0,nan,,ok
8995.626449,76288.0,,branches:u,branches,2805054.0,39.0,nan,,ok
8995.626449,10347.0,,branch-misses:u,branch-misses,4395436.0,57.0,13.56,of all branches,ok
8995.626449,568727.0,,L1-dcache-loads:u,l1-dcache-loads,5399813.0,62.0,nan,,ok
8995.626449,69330.0,,cache-references:u,cache-references,6641939.0,68.0,nan,,ok
8995.626449,8910.0,,cache-misses:u,cache-misses,7398641.0,76.0,12.85,of all cache refs,ok
8995.626449,3863838.0,,stalled-cycles-frontend:u,stalled-cycles-frontend,2069768.0,21.0,160.77,frontend cycles idle,ok
9006.482246,30045.0,,instructions:u,instructions,1064443.0,29.0,0.03,insn per cycle,ok
9006.482246,nan,,,,nan,nan,65.31,stalled cycles per insn,unknown
9006.482246,1080640.0,,cycles:u,cycles,1610939.0,31.0,nan,,ok
9006.482246,95648.0,,branches:u,branches,2614595.0,42.0,nan,,ok
9006.482246,10154.0,,branch-misses:u,branch-misses,3620779.0,50.0,10.62,of all branches,ok
9006.482246,296487.0,,L1-dcache-loads:u,l1-dcache-loads,5289881.0,64.0,nan,,ok
9006.482246,63786.0,,cache-references:u,cache-references,7863408.0,87.0,nan,,ok
9006.482246,9001.0,,cache-misses:u,cache-misses,7403029.0,82.0,14.11,of all cache refs,ok
9006.482246,1962099.0,,stalled-cycles-frontend:u,stalled-cycles-frontend,1188273.0,14.0,181.57,frontend cycles idle,ok
9017.621740999999,787937.0,,instructions:u,instructions,4127873.0,43.0,0.22,insn per cycle,ok
9017.621740999999,nan,,,,nan,nan,4.04,stalled cycles per insn,unknown
9017.621740999999,3634418.0,,cycles:u,cycles,4114747.0,43.0,nan,,ok
9017.621740999999,112162.0,,branches:u,branches,5122175.0,54.0,nan,,ok
9017.621740999999,6278.0,,branch-misses:u,branch-misses,6444573.0,68.0,5.6,of all branches,ok
9017.621740999999,165553.0,,L1-dcache-loads:u,l1-dcache-loads,5572370.0,58.0,nan,,ok
9017.621740999999,17341.0,,cache-references:u,cache-references,5335261.0,56.0,nan,,ok
9017.621740999999,5821.0,,cache-misses:u,cache-misses,5341749.0,56.0,33.57,of all cache refs,ok
9017.621740999999,3186617.0,,stalled-cycles-frontend:u,stalled-cycles-frontend,2839951.0,30.0,87.68,frontend cycles idle,ok
9028.532428,2422620.0,,instructions:u,instructions,3426977.0,37.0,0.97,insn per cycle,ok
9028.532428,nan,,,,nan,nan,1.52,stalled cycles per insn,unknown
9028.532428,2499148.0,,cycles:u,cycles,3443979.0,37.0,nan,,ok
9028.532428,77379.0,,branches:u,branches,4428701.0,48.0,nan,,ok
9028.532428,6582.0,,branch-misses:u,branch-misses,6394001.0,69.0,8.51,of all branches,ok
9028.532428,250812.0,,L1-dcache-loads:u,l1-dcache-loads,6605598.0,71.0,nan,,ok
9028.532428,44173.0,,cache-references:u,cache-references,5844100.0,68.0,nan,,ok
9028.532428,10806.0,,cache-misses:u,cache-misses,5819712.0,67.0,24.46,of all cache refs,ok
9028.532428,3676746.0,,stalled-cycles-frontend:u,stalled-cycles-frontend,1744629.0,20.0,147.12,frontend cycles idle,ok
9039.23388,832574.0,,instructions:u,instructions,4140238.0,42.0,0.07,insn per cycle,ok
9039.23388,nan,,,,nan,nan,1.8,stalled cycles per insn,unknown
9039.23388,11545788.0,,cycles:u,cycles,3177079.0,32.0,nan,,ok
9039.23388,388691.0,,branches:u,branches,3935317.0,40.0,nan,,ok
9039.23388,15805.0,,branch-misses:u,branch-misses,4933399.0,50.0,4.07,of all branches,ok
9039.23388,679021.0,,L1-dcache-loads:u,l1-dcache-loads,4758494.0,50.0,nan,,ok
9039.23388,57357.0,,cache-references:u,cache-references,5618729.0,66.0,nan,,ok
9039.23388,4557.0,,cache-misses:u,cache-misses,6569124.0,69.0,7.94,of all cache refs,ok
9039.23388,1500133.0,,stalled-cycles-frontend:u,stalled-cycles-frontend,3146050.0,32.0,12.99,frontend cycles idle,ok
9050.311552000001,659601.0,,instructions:u,instructions,1332392.0,26.0,0.19,insn per cycle,ok
9050.311552000001,nan,,,,nan,nan,4.04,stalled cycles per insn,unknown
9050.311552000001,3407261.0,,cycles:u,cycles,2583765.0,43.0,nan,,ok
9050.311552000001,255458.0,,branches:u,branches,5558405.0,79.0,nan,,ok
9050.311552000001,15035.0,,branch-misses:u,branch-misses,7555368.0,94.0,5.89,of all branches,ok
9050.311552000001,417905.0,,L1-dcache-loads:u,l1-dcache-loads,8034887.0,95.0,nan,,ok
9050.311552000001,61156.0,,cache-references:u,cache-references,7058232.0,84.0,nan,,ok
9050.311552000001,8118.0,,cache-misses:u,cache-misses,5819611.0,69.0,13.27,of all cache refs,ok
9050.311552000001,2666029.0,,stalled-cycles-frontend:u,stalled-cycles-frontend,342196.0,4.0,78.25,frontend cycles idle,ok
9060.970331,nan,,instructions:u,instructions,0.0,0.0,nan,,ok
9060.970331,nan,,cycles:u,cycles,0.0,0.0,nan,,ok
9060.970331,nan,,branches:u,branches,0.0,0.0,nan,,ok
9060.970331,nan,,branch-misses:u,branch-misses,0.0,0.0,nan,,ok
9060.970331,1689.0,,L1-dcache-loads:u,l1-dcache-loads,106015.0,40.0,nan,,ok
9060.970331,725.0,,cache-references:u,cache-references,247557.0,100.0,nan,,ok
9060.970331,128.0,,cache-misses:u,cache-misses,234805.0,100.0,17.66,of all cache refs,ok
9060.970331,nan,,stalled-cycles-frontend:u,stalled-cycles-frontend,0.0,0.0,nan,,ok
9072.012040000001,287928.0,,instructions:u,instructions,1578801.0,36.0,0.23,insn per cycle,ok
9072.012040000001,nan,,,,nan,nan,2.83,stalled cycles per insn,unknown
9072.012040000001,1267233.0,,cycles:u,cycles,590136.0,13.0,nan,,ok
9072.012040000001,39425.0,,branches:u,branches,603126.0,14.0,nan,,ok
9072.012040000001,1489.0,,branch-misses:u,branch-misses,1315114.0,30.0,3.78,of all branches,ok
9072.012040000001,39782.0,,L1-dcache-loads:u,l1-dcache-loads,1705284.0,39.0,nan,,ok
9072.012040000001,15838.0,,cache-references:u,cache-references,2697765.0,62.0,nan,,ok
9072.012040000001,2781.0,,cache-misses:u,cache-misses,3700668.0,85.0,17.56,of all cache refs,ok
9072.012040000001,814414.0,,stalled-cycles-frontend:u,stalled-cycles-frontend,1649487.0,37.0,64.27,frontend cycles idle,ok
9082.733077,1998240.0,,instructions:u,instructions,3612525.0,39.0,0.48,insn per cycle,ok
9082.733077,nan,,,,nan,nan,3.65,stalled cycles per insn,unknown
9082.733077,4180714.0,,cycles:u,cycles,3382944.0,38.0,nan,,ok
9082.733077,126190.0,,branches:u,branches,4388587.0,75.0,nan,,ok
9082.733077,9289.0,,branch-misses:u,branch-misses,5392623.0,78.0,7.36,of all branches,ok
9082.733077,221853.0,,L1-dcache-loads:u,l1-dcache-loads,5653681.0,72.0,nan,,ok
9082.733077,39672.0,,cache-references:u,cache-references,5457224.0,61.0,nan,,ok
9082.733077,8942.0,,cache-misses:u,cache-misses,5688998.0,62.0,22.54,of all cache refs,ok
9082.733077,7300723.0,,stalled-cycles-frontend:u,stalled-cycles-frontend,1978288.0,21.0,174.63,frontend cycles idle,ok
9093.53751,557704.0,,instructions:u,instructions,3498269.0,36.0,0.13,insn per cycle,ok
9093.53751,nan,,,,nan,nan,4.05,stalled cycles per insn,unknown
9093.53751,4231464.0,,cycles:u,cycles,3508772.0,36.0,nan,,ok
9093.53751,114282.0,,branches:u,branches,4510676.0,47.0,nan,,ok
9093.53751,9596.0,,branch-misses:u,branch-misses,5503277.0,57.0,8.4,of all branches,ok
9093.53751,205889.0,,L1-dcache-loads:u,l1-dcache-loads,5885101.0,61.0,nan,,ok
9093.53751,38205.0,,cache-references:u,cache-references,6011749.0,63.0,nan,,ok
9093.53751,5805.0,,cache-misses:u,cache-misses,6007528.0,63.0,15.19,of all cache refs,ok
9093.53751,2260773.0,,stalled-cycles-frontend:u,stalled-cycles-frontend,2604106.0,27.0,53.43,frontend cycles idle,ok
9104.279469,616627.0,,instructions:u,instructions,3033160.0,39.0,0.07,insn per cycle,ok
9104.279469,nan,,,,nan,nan,3.95,stalled cycles per insn,unknown
9104.279469,8967824.0,,cycles:u,cycles,4088294.0,47.0,nan,,ok
9104.279469,305575.0,,branches:u,branches,6082719.0,62.0,nan,,ok
9104.279469,11384.0,,branch-misses:u,branch-misses,6802501.0,70.0,3.73,of all branches,ok
9104.279469,435843.0,,L1-dcache-loads:u,l1-dcache-loads,7489539.0,77.0,nan,,ok
9104.279469,44155.0,,cache-references:u,cache-references,6666028.0,68.0,nan,,ok
9104.279469,4272.0,,cache-misses:u,cache-misses,5668397.0,58.0,9.68,of all cache refs,ok
9104.279469,2438410.0,,stalled-cycles-frontend:u,stalled-cycles-frontend,1253662.0,12.0,27.19,frontend cycles idle,ok
9115.475621,377768.0,,instructions:u,instructions,4472772.0,47.0,0.42,insn per cycle,ok
9115.475621,nan,,,,nan,nan,3.74,stalled cycles per insn,unknown
9115.475621,908551.0,,cycles:u,cycles,4312586.0,45.0,nan,,ok
9115.475621,13984.0,,branches:u,branches,5384094.0,57.0,nan,,ok
9115.475621,3944.0,,branch-misses:u,branch-misses,6325620.0,66.0,28.2,of all branches,ok
9115.475621,108690.0,,L1-dcache-loads:u,l1-dcache-loads,5359840.0,56.0,nan,,ok
9115.475621,30398.0,,cache-references:u,cache-references,5048293.0,55.0,nan,,ok
9115.475621,8391.0,,cache-misses:u,cache-misses,5144864.0,63.0,27.6,of all cache refs,ok
9115.475621,1414327.0,,stalled-cycles-frontend:u,stalled-cycles-frontend,3040416.0,33.0,155.67,frontend cycles idle,ok
9126.542129000001,485211.0,,instructions:u,instructions,2997534.0,31.0,0.17,insn per cycle,ok
9126.542129000001,nan,,,,nan,nan,8.08,stalled cycles per insn,unknown
9126.542129000001,2806486.0,,cycles:u,cycles,3014434.0,32.0,nan,,ok
9126.542129000001,84604.0,,branches:u,branches,3587211.0,38.0,nan,,ok
9126.542129000001,9665.0,,branch-misses:u,branch-misses,4886779.0,52.0,11.42,of all branches,ok
9126.542129000001,625698.0,,L1-dcache-loads:u,l1-dcache-loads,6310056.0,67.0,nan,,ok
9126.542129000001,43772.0,,cache-references:u,cache-references,6294383.0,67.0,nan,,ok
9126.542129000001,5853.0,,cache-misses:u,cache-misses,6260882.0,67.0,13.37,of all cache refs,ok
9126.542129000001,3921686.0,,stalled-cycles-frontend:u,stalled-cycles-frontend,1997850.0,21.0,139.74,frontend cycles idle,ok
9137.191497,416529.0,,instructions:u,instructions,2979158.0,40.0,0.12,insn per cycle,ok
9137.191497,nan,,,,nan,nan,2.17,stalled cycles per insn,unknown
9137.191497,3422866.0,,cycles:u,cycles,2923780.0,35.0,nan,,ok
9137.191497,115800.0,,branches:u,branches,2923780.0,35.0,nan,,ok
9137.191497,12264.0,,branch-misses:u,branch-misses,3607112.0,43.0,10.59,of all branches,ok
9137.191497,265480.0,,L1-dcache-loads:u,l1-dcache-loads,4317290.0,51.0,nan,,ok
9137.191497,63993.0,,cache-references:u,cache-references,5304104.0,63.0,nan,,ok
9137.191497,9271.0,,cache-misses:u,cache-misses,5459042.0,73.0,14.49,of all cache refs,ok
9137.191497,902012.0,,stalled-cycles-frontend:u,stalled-cycles-frontend,2100244.0,32.0,26.35,frontend cycles idle,ok
9147.964241,371814.0,,instructions:u,instructions,4187770.0,46.0,0.09,insn per cycle,ok
9147.964241,nan,,,,nan,nan,7.96,stalled cycles per insn,unknown
9147.964241,3963207.0,,cycles:u,cycles,3614499.0,40.0,nan,,ok
9147.964241,86532.0,,branches:u,branches,4615604.0,51.0,nan,,ok
9147.964241,8648.0,,branch-misses:u,branch-misses,5456114.0,60.0,9.99,of all branches,ok
9147.964241,295284.0,,L1-dcache-loads:u,l1-dcache-loads,4839386.0,59.0,nan,,ok
9147.964241,31896.0,,cache-references:u,cache-references,4828031.0,68.0,nan,,ok
9147.964241,7798.0,,cache-misses:u,cache-misses,5377435.0,66.0,24.45,of all cache refs,ok
9147.964241,2959820.0,,stalled-cycles-frontend:u,stalled-cycles-frontend,3139473.0,34.0,74.68,frontend cycles idle,ok
9158.633796,742223.0,,instructions:u,instructions,2240877.0,80.0,0.28,insn per cycle,ok
9158.633796,nan,,,,nan,nan,3.75,stalled cycles per insn,unknown
9158.633796,2614856.0,,cycles:u,cycles,2307726.0,84.0,nan,,ok
9158.633796,145053.0,,branches:u,branches,2307726.0,84.0,nan,,ok
9158.633796,6398.0,,branch-misses:u,branch-misses,2307726.0,84.0,4.41,of all branches,ok
9158.633796,200699.0,,L1-dcache-loads:u,l1-dcache-loads,1532298.0,56.0,nan,,ok
9158.633796,3842.0,,cache-references:u,cache-references,527698.0,19.0,nan,,ok
9158.633796,10235.0,,cache-misses:u,cache-misses,385156.0,14.0,266.4,of all cache refs,ok
9158.633796,2783341.0,,stalled-cycles-frontend:u,stalled-cycles-frontend,1148147.0,42.0,106.44,frontend cycles idle,ok
9169.286455,91966.0,,instructions:u,instructions,853632.0,18.0,0.03,insn per cycle,ok
9169.286455,3451528.0,,cycles:u,cycles,1871592.0,39.0,nan,,ok
9169.286455,61166.0,,branches:u,branches,2852174.0,60.0,nan,,ok
9169.286455,3204.0,,branch-misses:u,branch-misses,3849491.0,81.0,5.24,of all branches,ok
9169.286455,102377.0,,L1-dcache-loads:u,l1-dcache-loads,4763099.0,100.0,nan,,ok
9169.286455,11780.0,,cache-references:u,cache-references,3930893.0,82.0,nan,,ok
9169.286455,0.0,,cache-misses:u,cache-misses,2934929.0,61.0,nan,,ok
9169.286455,nan,,stalled-cycles-frontend:u,stalled-cycles-frontend,0.0,0.0,nan,,ok
9179.999687000001,481790.0,,instructions:u,instructions,3001117.0,37.0,0.11,insn per cycle,ok
9179.999687000001,nan,,,,nan,nan,3.73,stalled cycles per insn,unknown
9179.999687000001,4436365.0,,cycles:u,cycles,3004657.0,37.0,nan,,ok
9179.999687000001,79376.0,,branches:u,branches,4005822.0,49.0,nan,,ok
9179.999687000001,6538.0,,branch-misses:u,branch-misses,5030404.0,62.0,8.24,of all branches,ok
9179.999687000001,181965.0,,L1-dcache-loads:u,l1-dcache-loads,4667919.0,58.0,nan,,ok
9179.999687000001,21713.0,,cache-references:u,cache-references,5009106.0,62.0,nan,,ok
9179.999687000001,2613.0,,cache-misses:u,cache-misses,4995075.0,62.0,12.03,of all cache refs,ok
9179.999687000001,1795787.0,,stalled-cycles-frontend:u,stalled-cycles-frontend,2003391.0,25.0,40.48,frontend cycles idle,ok
9190.643872,169585.0,,instructions:u,instructions,3217641.0,32.0,0.03,insn per cycle,ok
9190.643872,nan,,,,nan,nan,19.9,stalled cycles per insn,unknown
9190.643872,5733743.0,,cycles:u,cycles,3270883.0,33.0,nan,,ok
9190.643872,104558.0,,branches:u,branches,4523393.0,55.0,nan,,ok
9190.643872,10242.0,,branch-misses:u,branch-misses,5541796.0,67.0,9.8,of all branches,ok
9190.643872,565101.0,,L1-dcache-loads:u,l1-dcache-loads,6014921.0,69.0,nan,,ok
9190.643872,51297.0,,cache-references:u,cache-references,6678724.0,68.0,nan,,ok
9190.643872,8068.0,,cache-misses:u,cache-misses,6630654.0,66.0,15.73,of all cache refs,ok
9190.643872,3374778.0,,stalled-cycles-frontend:u,stalled-cycles-frontend,2214600.0,22.0,58.86,frontend cycles idle,ok
9201.510758999999,435126.0,,instructions:u,instructions,3001346.0,42.0,0.14,insn per cycle,ok
9201.510758999999,nan,,,,nan,nan,4.82,stalled cycles per insn,unknown
9201.510758999999,3154424.0,,cycles:u,cycles,3003091.0,36.0,nan,,ok
9201.510758999999,57006.0,,branches:u,branches,4406375.0,50.0,nan,,ok
9201.510758999999,3731.0,,branch-misses:u,branch-misses,5390396.0,61.0,6.54,of all branches,ok
9201.510758999999,83366.0,,L1-dcache-loads:u,l1-dcache-loads,5709564.0,65.0,nan,,ok
9201.510758999999,16286.0,,cache-references:u,cache-references,5692573.0,65.0,nan,,ok
9201.510758999999,5035.0,,cache-misses:u,cache-misses,5674151.0,65.0,30.92,of all cache refs,ok
9201.510758999999,2097316.0,,stalled-cycles-frontend:u,stalled-cycles-frontend,2003502.0,25.0,66.49,frontend cycles idle,ok
9212.344319,1626481.0,,instructions:u,instructions,3692276.0,35.0,0.37,insn per cycle,ok
9212.344319,nan,,,,nan,nan,4.65,stalled cycles per insn,unknown
9212.344319,4347922.0,,cycles:u,cycles,3698792.0,35.0,nan,,ok
9212.344319,106905.0,,branches:u,branches,4697495.0,44.0,nan,,ok
9212.344319,8432.0,,branch-misses:u,branch-misses,5688261.0,54.0,7.89,of all branches,ok
9212.344319,185136.0,,L1-dcache-loads:u,l1-dcache-loads,6527981.0,62.0,nan,,ok
9212.344319,42958.0,,cache-references:u,cache-references,6812208.0,64.0,nan,,ok
9212.344319,7913.0,,cache-misses:u,cache-misses,6870029.0,65.0,18.42,of all cache refs,ok
9212.344319,7563860.0,,stalled-cycles-frontend:u,stalled-cycles-frontend,2052666.0,19.0,173.96,frontend cycles idle,ok
9223.196554,242378.0,,instructions:u,instructions,3770137.0,42.0,0.12,insn per cycle,ok
9223.196554,nan,,,,nan,nan,5.63,stalled cycles per insn,unknown
9223.196554,2017947.0,,cycles:u,cycles,3191656.0,35.0,nan,,ok
9223.196554,85825.0,,branches:u,branches,4207442.0,47.0,nan,,ok
9223.196554,7897.0,,branch-misses:u,branch-misses,5226120.0,58.0,9.2,of all branches,ok
9223.196554,223765.0,,L1-dcache-loads:u,l1-dcache-loads,4996282.0,56.0,nan,,ok
9223.196554,32446.0,,cache-references:u,cache-references,5030841.0,56.0,nan,,ok
9223.196554,4729.0,,cache-misses:u,cache-misses,5564974.0,63.0,14.57,of all cache refs,ok
9223.196554,1365746.0,,stalled-cycles-frontend:u,stalled-cycles-frontend,2825948.0,32.0,67.68,frontend cycles idle,ok
9233.993336,274183.0,,instructions:u,instructions,4231062.0,45.0,0.04,insn per cycle,ok
9233.993336,nan,,,,nan,nan,3.25,stalled cycles per insn,unknown
9233.993336,7138422.0,,cycles:u,cycles,4266392.0,45.0,nan,,ok
9233.993336,236283.0,,branches:u,branches,5640199.0,60.0,nan,,ok
9233.993336,9254.0,,branch-misses:u,branch-misses,6358087.0,67.0,3.92,of all branches,ok
9233.993336,407313.0,,L1-dcache-loads:u,l1-dcache-loads,6145110.0,65.0,nan,,ok
9233.993336,61303.0,,cache-references:u,cache-references,5102120.0,56.0,nan,,ok
9233.993336,5479.0,,cache-misses:u,cache-misses,5098041.0,57.0,8.94,of all cache refs,ok
9233.993336,890891.0,,stalled-cycles-frontend:u,stalled-cycles-frontend,2186555.0,24.0,12.48,frontend cycles idle,ok
9244.830667,341171.0,,instructions:u,instructions,3436485.0,36.0,0.12,insn per cycle,ok
9244.830667,nan,,,,nan,nan,3.2,stalled cycles per insn,unknown
9244.830667,2860480.0,,cycles:u,cycles,4151194.0,43.0,nan,,ok
9244.830667,65842.0,,branches:u,branches,5524747.0,58.0,nan,,ok
9244.830667,6879.0,,branch-misses:u,branch-misses,6533615.0,68.0,10.45,of all branches,ok
9244.830667,147785.0,,L1-dcache-loads:u,l1-dcache-loads,6538597.0,68.0,nan,,ok
9244.830667,22484.0,,cache-references:u,cache-references,6230319.0,65.0,nan,,ok
9244.830667,5946.0,,cache-misses:u,cache-misses,5507124.0,57.0,26.45,of all cache refs,ok
9244.830667,1091084.0,,stalled-cycles-frontend:u,stalled-cycles-frontend,2008691.0,20.0,38.14,frontend cycles idle,ok
9255.80214,126534.0,,instructions:u,instructions,3442232.0,39.0,0.02,insn per cycle,ok
9255.80214,nan,,,,nan,nan,14.83,stalled cycles per insn,unknown
9255.80214,5186071.0,,cycles:u,cycles,3003543.0,34.0,nan,,ok
9255.80214,73573.0,,branches:u,branches,4810589.0,52.0,nan,,ok
9255.80214,6155.0,,branch-misses:u,branch-misses,6172166.0,64.0,8.37,of all branches,ok
9255.80214,453531.0,,L1-dcache-loads:u,l1-dcache-loads,6161369.0,64.0,nan,,ok
9255.80214,59982.0,,cache-references:u,cache-references,6142368.0,64.0,nan,,ok
9255.80214,6720.0,,cache-misses:u,cache-misses,6555677.0,68.0,11.2,of all cache refs,ok
9255.80214,1877034.0,,stalled-cycles-frontend:u,stalled-cycles-frontend,2441234.0,26.0,36.19,frontend cycles idle,ok
9266.635536000002,422261.0,,instructions:u,instructions,3200024.0,45.0,0.19,insn per cycle,ok
9266.635536000002,nan,,,,nan,nan,5.89,stalled cycles per insn,unknown
9266.635536000002,2205614.0,,cycles:u,cycles,3000589.0,37.0,nan,,ok
9266.635536000002,36767.0,,branches:u,branches,3824601.0,46.0,nan,,ok
9266.635536000002,4875.0,,branch-misses:u,branch-misses,4800115.0,58.0,13.26,of all branches,ok
9266.635536000002,74932.0,,L1-dcache-loads:u,l1-dcache-loads,4778976.0,58.0,nan,,ok
9266.635536000002,17577.0,,cache-references:u,cache-references,4963266.0,60.0,nan,,ok
9266.635536000002,6040.0,,cache-misses:u,cache-misses,5206498.0,63.0,34.36,of all cache refs,ok
9266.635536000002,2487142.0,,stalled-cycles-frontend:u,stalled-cycles-frontend,2286503.0,28.0,112.76,frontend cycles idle,ok
9277.477040000002,1451911.0,,instructions:u,instructions,4842884.0,46.0,0.1,insn per cycle,ok
9277.477040000002,nan,,,,nan,nan,5.2,stalled cycles per insn,unknown
9277.477040000002,14495565.0,,cycles:u,cycles,4065328.0,38.0,nan,,ok
9277.477040000002,288665.0,,branches:u,branches,5075615.0,48.0,nan,,ok
9277.477040000002,9831.0,,branch-misses:u,branch-misses,6701446.0,64.0,3.41,of all branches,ok
9277.477040000002,434862.0,,L1-dcache-loads:u,l1-dcache-loads,5700123.0,54.0,nan,,ok
9277.477040000002,30171.0,,cache-references:u,cache-references,5607985.0,53.0,nan,,ok
9277.477040000002,6664.0,,cache-misses:u,cache-misses,6344861.0,60.0,22.09,of all cache refs,ok
9277.477040000002,7556609.0,,stalled-cycles-frontend:u,stalled-cycles-frontend,3731614.0,35.0,52.13,frontend cycles idle,ok
9288.483988,254753.0,,instructions:u,instructions,1102968.0,26.0,0.1,insn per cycle,ok
9288.483988,2429562.0,,cycles:u,cycles,2080185.0,40.0,nan,,ok
9288.483988,91153.0,,branches:u,branches,3234882.0,59.0,nan,,ok
9288.483988,12701.0,,branch-misses:u,branch-misses,5365699.0,83.0,13.93,of all branches,ok
9288.483988,423597.0,,L1-dcache-loads:u,l1-dcache-loads,7347726.0,99.0,nan,,ok
9288.483988,63139.0,,cache-references:u,cache-references,7188310.0,87.0,nan,,ok
9288.483988,9435.0,,cache-misses:u,cache-misses,6200036.0,75.0,14.94,of all cache refs,ok
9288.483988,nan,,stalled-cycles-frontend:u,stalled-cycles-frontend,0.0,0.0,nan,,ok
9299.07884,nan,,instructions:u,instructions,0.0,0.0,nan,,ok
9299.07884,nan,,cycles:u,cycles,0.0,0.0,nan,,ok
9299.07884,nan,,branches:u,branches,0.0,0.0,nan,,ok
9299.07884,nan,,branch-misses:u,branch-misses,0.0,0.0,nan,,ok
9299.07884,nan,,L1-dcache-loads:u,l1-dcache-loads,0.0,0.0,nan,,ok
9299.07884,751.0,,cache-references:u,cache-references,501818.0,100.0,nan,,ok
9299.07884,170.0,,cache-misses:u,cache-misses,492384.0,100.0,22.64,of all cache refs,ok
9299.07884,nan,,stalled-cycles-frontend:u,stalled-cycles-frontend,0.0,0.0,nan,,ok
9309.794523,nan,,instructions:u,instructions,0.0,0.0,nan,,ok
9309.794523,nan,,cycles:u,cycles,0.0,0.0,nan,,ok
9309.794523,nan,,branches:u,branches,0.0,0.0,nan,,ok
9309.794523,nan,,branch-misses:u,branch-misses,0.0,0.0,nan,,ok
9309.794523,3455.0,,L1-dcache-loads:u,l1-dcache-loads,964026.0,72.0,nan,,ok
9309.794523,1908.0,,cache-references:u,cache-references,1349090.0,100.0,nan,,ok
9309.794523,339.0,,cache-misses:u,cache-misses,1358776.0,100.0,17.77,of all cache refs,ok
9309.794523,nan,,stalled-cycles-frontend:u,stalled-cycles-frontend,0.0,0.0,nan,,ok
9320.337132,420513.0,,instructions:u,instructions,3008373.0,36.0,0.2,insn per cycle,ok
9320.337132,nan,,,,nan,nan,9.64,stalled cycles per insn,unknown
9320.337132,2054744.0,,cycles:u,cycles,2994907.0,36.0,nan,,ok
9320.337132,56380.0,,branches:u,branches,3992701.0,47.0,nan,,ok
9320.337132,3011.0,,branch-misses:u,branch-misses,4610845.0,55.0,5.34,of all branches,ok
9320.337132,156368.0,,L1-dcache-loads:u,l1-dcache-loads,4755134.0,57.0,nan,,ok
9320.337132,11399.0,,cache-references:u,cache-references,5326460.0,63.0,nan,,ok
9320.337132,4545.0,,cache-misses:u,cache-misses,5394149.0,64.0,39.87,of all cache refs,ok
9320.337132,4054797.0,,stalled-cycles-frontend:u,stalled-cycles-frontend,2057514.0,24.0,197.34,frontend cycles idle,ok
9331.369382,358443.0,,instructions:u,instructions,2998851.0,66.0,0.15,insn per cycle,ok
9331.369382,nan,,,,nan,nan,3.93,stalled cycles per insn,unknown
9331.369382,2401753.0,,cycles:u,cycles,3003367.0,66.0,nan,,ok
9331.369382,54168.0,,branches:u,branches,3407601.0,76.0,nan,,ok
9331.369382,4312.0,,branch-misses:u,branch-misses,3407601.0,76.0,7.96,of all branches,ok
9331.369382,102907.0,,L1-dcache-loads:u,l1-dcache-loads,2406506.0,53.0,nan,,ok
9331.369382,16184.0,,cache-references:u,cache-references,1440635.0,32.0,nan,,ok
9331.369382,3711.0,,cache-misses:u,cache-misses,1372210.0,31.0,22.93,of all cache refs,ok
9331.369382,1409498.0,,stalled-cycles-frontend:u,stalled-cycles-frontend,1950249.0,44.0,58.69,frontend cycles idle,ok
9342.171782,0.0,,instructions:u,instructions,1576333.0,42.0,nan,,ok
9342.171782,0.0,,cycles:u,cycles,581147.0,15.0,nan,,ok
9342.171782,477.0,,branches:u,branches,1051647.0,27.0,nan,,ok
9342.171782,1491.0,,branch-misses:u,branch-misses,1838163.0,48.0,312.58,of all branches,ok
9342.171782,48119.0,,L1-dcache-loads:u,l1-dcache-loads,1276690.0,39.0,nan,,ok
9342.171782,7023.0,,cache-references:u,cache-references,2257186.0,100.0,nan,,ok
9342.171782,2717.0,,cache-misses:u,cache-misses,3271215.0,100.0,38.69,of all cache refs,ok
9342.171782,0.0,,stalled-cycles-frontend:u,stalled-cycles-frontend,1576333.0,40.0,nan,,ok
9353.131711,nan,,instructions:u,instructions,0.0,0.0,nan,,ok
9353.131711,nan,,cycles:u,cycles,0.0,0.0,nan,,ok
9353.131711,nan,,branches:u,branches,0.0,0.0,nan,,ok
9353.131711,4913.0,,branch-misses:u,branch-misses,219339.0,9.0,nan,,ok
9353.131711,537057.0,,L1-dcache-loads:u,l1-dcache-loads,1194503.0,50.0,nan,,ok
9353.131711,21302.0,,cache-references:u,cache-references,2333472.0,100.0,nan,,ok
9353.131711,2687.0,,cache-misses:u,cache-misses,2314629.0,100.0,12.61,of all cache refs,ok
9353.131711,nan,,stalled-cycles-frontend:u,stalled-cycles-frontend,0.0,0.0,nan,,ok
9363.784266,60920.0,,instructions:u,instructions,2985492.0,69.0,0.02,insn per cycle,ok
9363.784266,nan,,,,nan,nan,20.71,stalled cycles per insn,unknown
9363.784266,2648605.0,,cycles:u,cycles,2364364.0,54.0,nan,,ok
9363.784266,21440.0,,branches:u,branches,2385149.0,54.0,nan,,ok
9363.784266,1815.0,,branch-misses:u,branch-misses,2400990.0,55.0,8.47,of all branches,ok
9363.784266,60219.0,,L1-dcache-loads:u,l1-dcache-loads,1410521.0,32.0,nan,,ok
9363.784266,6157.0,,cache-references:u,cache-references,1408571.0,32.0,nan,,ok
9363.784266,572.0,,cache-misses:u,cache-misses,1962187.0,44.0,9.29,of all cache refs,ok
9363.784266,1261460.0,,stalled-cycles-frontend:u,stalled-cycles-frontend,1988750.0,45.0,47.63,frontend cycles idle,ok
9374.776855,nan,,instructions:u,instructions,0.0,0.0,nan,,ok
9374.776855,2078698.0,,cycles:u,cycles,636553.0,13.0,nan,,ok
9374.776855,70832.0,,branches:u,branches,1617811.0,35.0,nan,,ok
9374.776855,2735.0,,branch-misses:u,branch-misses,2600915.0,57.0,3.86,of all branches,ok
9374.776855,91669.0,,L1-dcache-loads:u,l1-dcache-loads,3585256.0,78.0,nan,,ok
9374.776855,6261.0,,cache-references:u,cache-references,4523512.0,100.0,nan,,ok
9374.776855,365.0,,cache-misses:u,cache-misses,3954471.0,87.0,5.83,of all cache refs,ok
9374.776855,nan,,stalled-cycles-frontend:u,stalled-cycles-frontend,0.0,0.0,nan,,ok
9385.652509,239662.0,,instructions:u,instructions,1228436.0,46.0,0.08,insn per cycle,ok
9385.652509,nan,,,,nan,nan,2.25,stalled cycles per insn,unknown
9385.652509,3064534.0,,cycles:u,cycles,255822.0,9.0,nan,,ok
9385.652509,81458.0,,branches:u,branches,271681.0,10.0,nan,,ok
9385.652509,5952.0,,branch-misses:u,branch-misses,292313.0,10.0,7.31,of all branches,ok
9385.652509,nan,,L1-dcache-loads:u,l1-dcache-loads,0.0,0.0,nan,,ok
9385.652509,4144.0,,cache-references:u,cache-references,1428768.0,52.0,nan,,ok
9385.652509,2017.0,,cache-misses:u,cache-misses,2426205.0,88.0,48.67,of all cache refs,ok
9385.652509,538627.0,,stalled-cycles-frontend:u,stalled-cycles-frontend,1329713.0,48.0,17.58,frontend cycles idle,ok
9396.654514,1305008.0,,instructions:u,instructions,4484034.0,68.0,0.28,insn per cycle,ok
9396.654514,nan,,,,nan,nan,6.49,stalled cycles per insn,unknown
9396.654514,4652457.0,,cycles:u,cycles,5460824.0,72.0,nan,,ok
9396.654514,241543.0,,branches:u,branches,6687980.0,78.0,nan,,ok
9396.654514,9617.0,,branch-misses:u,branch-misses,7710322.0,80.0,3.98,of all branches,ok
9396.654514,139116.0,,L1-dcache-loads:u,l1-dcache-loads,6600128.0,65.0,nan,,ok
9396.654514,31745.0,,cache-references:u,cache-references,5770907.0,56.0,nan,,ok
9396.654514,8764.0,,cache-misses:u,cache-misses,4790408.0,47.0,27.61,of all cache refs,ok
9396.654514,8473535.0,,stalled-cycles-frontend:u,stalled-cycles-frontend,2677644.0,27.0,182.13,frontend cycles idle,ok
9407.700546999999,313853.0,,instructions:u,instructions,3427368.0,36.0,0.08,insn per cycle,ok
9407.700546999999,nan,,,,nan,nan,2.45,stalled cycles per insn,unknown
9407.700546999999,3924841.0,,cycles:u,cycles,3393534.0,35.0,nan,,ok
9407.700546999999,125992.0,,branches:u,branches,5154629.0,54.0,nan,,ok
9407.700546999999,9756.0,,branch-misses:u,branch-misses,6410482.0,68.0,7.74,of all branches,ok
9407.700546999999,252117.0,,L1-dcache-loads:u,l1-dcache-loads,5374289.0,57.0,nan,,ok
9407.700546999999,41582.0,,cache-references:u,cache-references,5971407.0,63.0,nan,,ok
9407.700546999999,3939.0,,cache-misses:u,cache-misses,6002772.0,63.0,9.47,of all cache refs,ok
9407.700546999999,768814.0,,stalled-cycles-frontend:u,stalled-cycles-frontend,3033245.0,32.0,19.59,frontend cycles idle,ok
9418.805278,879169.0,,instructions:u,instructions,4796534.0,51.0,0.36,insn per cycle,ok
9418.805278,nan,,,,nan,nan,4.12,stalled cycles per insn,unknown
9418.805278,2461340.0,,cycles:u,cycles,4972071.0,52.0,nan,,ok
9418.805278,59195.0,,branches:u,branches,5970317.0,63.0,nan,,ok
9418.805278,4394.0,,branch-misses:u,branch-misses,7076086.0,75.0,7.42,of all branches,ok
9418.805278,189560.0,,L1-dcache-loads:u,l1-dcache-loads,5599991.0,59.0,nan,,ok
9418.805278,46154.0,,cache-references:u,cache-references,4603054.0,48.0,nan,,ok
9418.805278,10281.0,,cache-misses:u,cache-misses,4424124.0,47.0,22.28,of all cache refs,ok
9418.805278,3625680.0,,stalled-cycles-frontend:u,stalled-cycles-frontend,2803258.0,34.0,147.31,frontend cycles idle,ok
9429.667037,462255.0,,instructions:u,instructions,3017311.0,41.0,0.13,insn per cycle,ok
9429.667037,nan,,,,nan,nan,4.01,stalled cycles per insn,unknown
9429.667037,3684485.0,,cycles:u,cycles,2268114.0,31.0,nan,,ok
9429.667037,121921.0,,branches:u,branches,2286512.0,31.0,nan,,ok
9429.667037,8229.0,,branch-misses:u,branch-misses,4238453.0,58.0,6.75,of all branches,ok
9429.667037,93827.0,,L1-dcache-loads:u,l1-dcache-loads,4245273.0,58.0,nan,,ok
9429.667037,16383.0,,cache-references:u,cache-references,4239849.0,58.0,nan,,ok
9429.667037,4304.0,,cache-misses:u,cache-misses,4885983.0,67.0,26.27,of all cache refs,ok
9429.667037,1853143.0,,stalled-cycles-frontend:u,stalled-cycles-frontend,1999102.0,27.0,50.3,frontend cycles idle,ok
9440.878550000001,1948384.0,,instructions:u,instructions,4218910.0,51.0,0.33,insn per cycle,ok
9440.878550000001,nan,,,,nan,nan,3.79,stalled cycles per insn,unknown
9440.878550000001,5861477.0,,cycles:u,cycles,4337195.0,49.0,nan,,ok
9440.878550000001,378341.0,,branches:u,branches,5320317.0,61.0,nan,,ok
9440.878550000001,12096.0,,branch-misses:u,branch-misses,6299910.0,72.0,3.2,of all branches,ok
9440.878550000001,144076.0,,L1-dcache-loads:u,l1-dcache-loads,6084000.0,69.0,nan,,ok
9440.878550000001,28248.0,,cache-references:u,cache-references,4387453.0,50.0,nan,,ok
9440.878550000001,8448.0,,cache-misses:u,cache-misses,4450648.0,53.0,29.91,of all cache refs,ok
9440.878550000001,7382325.0,,stalled-cycles-frontend:u,stalled-cycles-frontend,2445324.0,29.0,125.95,frontend cycles idle,ok
9451.912164,690509.0,,instructions:u,instructions,4394876.0,48.0,0.08,insn per cycle,ok
9451.912164,nan,,,,nan,nan,2.38,stalled cycles per insn,unknown
9451.912164,8425219.0,,cycles:u,cycles,4860731.0,48.0,nan,,ok
9451.912164,371228.0,,branches:u,branches,5738776.0,55.0,nan,,ok
9451.912164,18315.0,,branch-misses:u,branch-misses,6755701.0,65.0,4.93,of all branches,ok
9451.912164,650235.0,,L1-dcache-loads:u,l1-dcache-loads,6460535.0,63.0,nan,,ok
9451.912164,76334.0,,cache-references:u,cache-references,5853496.0,57.0,nan,,ok
9451.912164,5518.0,,cache-misses:u,cache-misses,5315750.0,51.0,7.23,of all cache refs,ok
9451.912164,1645494.0,,stalled-cycles-frontend:u,stalled-cycles-frontend,2783777.0,27.0,19.53,frontend cycles idle,ok
9462.987928,266040.0,,instructions:u,instructions,1556827.0,26.0,0.04,insn per cycle,ok
9462.987928,nan,,,,nan,nan,13.64,stalled cycles per insn,unknown
9462.987928,6377404.0,,cycles:u,cycles,3417391.0,50.0,nan,,ok
9462.987928,273208.0,,branches:u,branches,5406721.0,69.0,nan,,ok
9462.987928,16469.0,,branch-misses:u,branch-misses,7216132.0,81.0,6.03,of all branches,ok
9462.987928,499452.0,,L1-dcache-loads:u,l1-dcache-loads,8556153.0,88.0,nan,,ok
9462.987928,74710.0,,cache-references:u,cache-references,8189660.0,84.0,nan,,ok
9462.987928,6222.0,,cache-misses:u,cache-misses,6330006.0,65.0,8.33,of all cache refs,ok
9462.987928,3627484.0,,stalled-cycles-frontend:u,stalled-cycles-frontend,449578.0,5.0,56.88,frontend cycles idle,ok
9474.120857000002,417839.0,,instructions:u,instructions,4126059.0,42.0,0.22,insn per cycle,ok
9474.120857000002,nan,,,,nan,nan,4.45,stalled cycles per insn,unknown
9474.120857000002,1863692.0,,cycles:u,cycles,3861395.0,39.0,nan,,ok
9474.120857000002,95172.0,,branches:u,branches,4882706.0,50.0,nan,,ok
9474.120857000002,6884.0,,branch-misses:u,branch-misses,5889864.0,60.0,7.23,of all branches,ok
9474.120857000002,203765.0,,L1-dcache-loads:u,l1-dcache-loads,5141788.0,52.0,nan,,ok
9474.120857000002,32916.0,,cache-references:u,cache-references,5506822.0,56.0,nan,,ok
9474.120857000002,4896.0,,cache-misses:u,cache-misses,5772240.0,59.0,14.87,of all cache refs,ok
9474.120857000002,1857500.0,,stalled-cycles-frontend:u,stalled-cycles-frontend,3249856.0,33.0,99.67,frontend cycles idle,ok
9485.189754,323391.0,,instructions:u,instructions,3379371.0,37.0,0.4,insn per cycle,ok
9485.189754,nan,,,,nan,nan,4.31,stalled cycles per insn,unknown
9485.189754,801683.0,,cycles:u,cycles,2384430.0,26.0,nan,,ok
9485.189754,44942.0,,branches:u,branches,2995903.0,32.0,nan,,ok
9485.189754,7971.0,,branch-misses:u,branch-misses,3956815.0,43.0,17.74,of all branches,ok
9485.189754,471946.0,,L1-dcache-loads:u,l1-dcache-loads,5136401.0,56.0,nan,,ok
9485.189754,65498.0,,cache-references:u,cache-references,5695951.0,64.0,nan,,ok
9485.189754,10766.0,,cache-misses:u,cache-misses,6701529.0,78.0,16.44,of all cache refs,ok
9485.189754,1394539.0,,stalled-cycles-frontend:u,stalled-cycles-frontend,2191187.0,24.0,173.95,frontend cycles idle,ok
9496.326067,796956.0,,instructions:u,instructions,2934876.0,32.0,nan,,ok
9496.326067,nan,,,,nan,nan,5.84,stalled cycles per insn,unknown
9496.326067,0.0,,cycles:u,cycles,2006355.0,22.0,nan,,ok
9496.326067,59868.0,,branches:u,branches,2673691.0,29.0,nan,,ok
9496.326067,5222.0,,branch-misses:u,branch-misses,3661218.0,40.0,8.72,of all branches,ok
9496.326067,156019.0,,L1-dcache-loads:u,l1-dcache-loads,4262285.0,52.0,nan,,ok
9496.326067,25622.0,,cache-references:u,cache-references,6057244.0,84.0,nan,,ok
9496.326067,8560.0,,cache-misses:u,cache-misses,7023085.0,86.0,33.41,of all cache refs,ok
9496.326067,4653781.0,,stalled-cycles-frontend:u,stalled-cycles-frontend,2809384.0,31.0,nan,,ok
9507.317936,2051937.0,,instructions:u,instructions,3877704.0,41.0,0.33,insn per cycle,ok
9507.317936,nan,,,,nan,nan,1.96,stalled cycles per insn,unknown
9507.317936,6253817.0,,cycles:u,cycles,3821328.0,40.0,nan,,ok
9507.317936,348636.0,,branches:u,branches,4774089.0,50.0,nan,,ok
9507.317936,13047.0,,branch-misses:u,branch-misses,5681273.0,60.0,3.74,of all branches,ok
9507.317936,209515.0,,L1-dcache-loads:u,l1-dcache-loads,5544784.0,59.0,nan,,ok
9507.317936,43555.0,,cache-references:u,cache-references,5485613.0,58.0,nan,,ok
9507.317936,7217.0,,cache-misses:u,cache-misses,5493396.0,58.0,16.57,of all cache refs,ok
9507.317936,4017612.0,,stalled-cycles-frontend:u,stalled-cycles-frontend,2851176.0,30.0,64.24,frontend cycles idle,ok
9518.227447,1254052.0,,instructions:u,instructions,3611096.0,41.0,0.23,insn per cycle,ok
9518.227447,nan,,,,nan,nan,0.32,stalled cycles per insn,unknown
9518.227447,5510653.0,,cycles:u,cycles,4384085.0,50.0,nan,,ok
9518.227447,334422.0,,branches:u,branches,4954096.0,57.0,nan,,ok
9518.227447,11262.0,,branch-misses:u,branch-misses,5853876.0,67.0,3.37,of all branches,ok
9518.227447,527124.0,,L1-dcache-loads:u,l1-dcache-loads,5631218.0,65.0,nan,,ok
9518.227447,51226.0,,cache-references:u,cache-references,5105829.0,62.0,nan,,ok
9518.227447,4281.0,,cache-misses:u,cache-misses,4310034.0,53.0,8.36,of all cache refs,ok
9518.227447,406384.0,,stalled-cycles-frontend:u,stalled-cycles-frontend,2106633.0,25.0,7.37,frontend cycles idle,ok
9529.204476,680084.0,,instructions:u,instructions,3513056.0,45.0,0.14,insn per cycle,ok
9529.204476,nan,,,,nan,nan,2.21,stalled cycles per insn,unknown
9529.204476,4998189.0,,cycles:u,cycles,4000437.0,45.0,nan,,ok
9529.204476,254992.0,,branches:u,branches,6012615.0,61.0,nan,,ok
9529.204476,17114.0,,branch-misses:u,branch-misses,7233842.0,72.0,6.71,of all branches,ok
9529.204476,560725.0,,L1-dcache-loads:u,l1-dcache-loads,6406395.0,64.0,nan,,ok
9529.204476,78626.0,,cache-references:u,cache-references,6405434.0,64.0,nan,,ok
9529.204476,10387.0,,cache-misses:u,cache-misses,5936600.0,59.0,13.21,of all cache refs,ok
9529.204476,1506080.0,,stalled-cycles-frontend:u,stalled-cycles-frontend,2596584.0,26.0,30.13,frontend cycles idle,ok
9541.112645,644550.0,,instructions:u,instructions,4092689.0,57.0,0.2,insn per cycle,ok
9541.112645,nan,,,,nan,nan,2.27,stalled cycles per insn,unknown
9541.112645,3172559.0,,cycles:u,cycles,4092168.0,50.0,nan,,ok
9541.112645,178861.0,,branches:u,branches,5098704.0,55.0,nan,,ok
9541.112645,15019.0,,branch-misses:u,branch-misses,5869759.0,61.0,8.4,of all branches,ok
9541.112645,869703.0,,L1-dcache-loads:u,l1-dcache-loads,5575883.0,57.0,nan,,ok
9541.112645,104549.0,,cache-references:u,cache-references,5507347.0,57.0,nan,,ok
9541.112645,12138.0,,cache-misses:u,cache-misses,5509964.0,57.0,11.61,of all cache refs,ok
9541.112645,1465868.0,,stalled-cycles-frontend:u,stalled-cycles-frontend,2270129.0,24.0,46.2,frontend cycles idle,ok
9553.524696,1836532.0,,instructions:u,instructions,3159491.0,39.0,0.32,insn per cycle,ok
9553.524696,nan,,,,nan,nan,4.34,stalled cycles per insn,unknown
9553.524696,5688890.0,,cycles:u,cycles,4042153.0,45.0,nan,,ok
9553.524696,330227.0,,branches:u,branches,6021635.0,60.0,nan,,ok
9553.524696,16255.0,,branch-misses:u,branch-misses,7707691.0,72.0,4.92,of all branches,ok
9553.524696,344366.0,,L1-dcache-loads:u,l1-dcache-loads,7492270.0,70.0,nan,,ok
9553.524696,56600.0,,cache-references:u,cache-references,7444812.0,70.0,nan,,ok
9553.524696,9863.0,,cache-misses:u,cache-misses,6627783.0,62.0,17.43,of all cache refs,ok
9553.524696,7962494.0,,stalled-cycles-frontend:u,stalled-cycles-frontend,2203362.0,22.0,139.97,frontend cycles idle,ok
9566.315991,2108254.0,,instructions:u,instructions,4882308.0,45.0,0.26,insn per cycle,ok
9566.315991,nan,,,,nan,nan,2.59,stalled cycles per insn,unknown
9566.315991,8187995.0,,cycles:u,cycles,5395217.0,49.0,nan,,ok
9566.315991,323907.0,,branches:u,branches,6337975.0,58.0,nan,,ok
9566.315991,18014.0,,branch-misses:u,branch-misses,7338283.0,67.0,5.56,of all branches,ok
9566.315991,469543.0,,L1-dcache-loads:u,l1-dcache-loads,7190063.0,66.0,nan,,ok
9566.315991,46794.0,,cache-references:u,cache-references,5997405.0,60.0,nan,,ok
9566.315991,8458.0,,cache-misses:u,cache-misses,5418183.0,60.0,18.07,of all cache refs,ok
9566.315991,5462926.0,,stalled-cycles-frontend:u,stalled-cycles-frontend,2683856.0,26.0,66.72,frontend cycles idle,ok
9579.17735,481066.0,,instructions:u,instructions,4107570.0,39.0,0.14,insn per cycle,ok
9579.17735,nan,,,,nan,nan,3.0,stalled cycles per insn,unknown
9579.17735,3558915.0,,cycles:u,cycles,3014541.0,28.0,nan,,ok
9579.17735,347431.0,,branches:u,branches,4915156.0,45.0,nan,,ok
9579.17735,15007.0,,branch-misses:u,branch-misses,6256268.0,58.0,4.32,of all branches,ok
9579.17735,513071.0,,L1-dcache-loads:u,l1-dcache-loads,6060269.0,56.0,nan,,ok
9579.17735,77735.0,,cache-references:u,cache-references,6588105.0,61.0,nan,,ok
9579.17735,10324.0,,cache-misses:u,cache-misses,7661171.0,73.0,13.28,of all cache refs,ok
9579.17735,1441556.0,,stalled-cycles-frontend:u,stalled-cycles-frontend,3529224.0,36.0,40.51,frontend cycles idle,ok
9590.329047000001,1279562.0,,instructions:u,instructions,4483177.0,73.0,0.21,insn per cycle,ok
9590.329047000001,nan,,,,nan,nan,6.85,stalled cycles per insn,unknown
9590.329047000001,6042503.0,,cycles:u,cycles,4842758.0,68.0,nan,,ok
9590.329047000001,339064.0,,branches:u,branches,5868738.0,72.0,nan,,ok
9590.329047000001,14908.0,,branch-misses:u,branch-misses,6886408.0,75.0,4.4,of all branches,ok
9590.329047000001,312585.0,,L1-dcache-loads:u,l1-dcache-loads,6555083.0,66.0,nan,,ok
9590.329047000001,49547.0,,cache-references:u,cache-references,5271872.0,53.0,nan,,ok
9590.329047000001,8793.0,,cache-misses:u,cache-misses,4912817.0,49.0,17.75,of all cache refs,ok
9590.329047000001,8759602.0,,stalled-cycles-frontend:u,stalled-cycles-frontend,2257227.0,24.0,144.97,frontend cycles idle,ok
9601.310734,887014.0,,instructions:u,instructions,2740546.0,29.0,0.19,insn per cycle,ok
9601.310734,nan,,,,nan,nan,2.11,stalled cycles per insn,unknown
9601.310734,4667527.0,,cycles:u,cycles,4086547.0,44.0,nan,,ok
9601.310734,116918.0,,branches:u,branches,5974090.0,65.0,nan,,ok
9601.310734,10613.0,,branch-misses:u,branch-misses,6972721.0,75.0,9.08,of all branches,ok
9601.310734,327256.0,,L1-dcache-loads:u,l1-dcache-loads,6535174.0,71.0,nan,,ok
9601.310734,36481.0,,cache-references:u,cache-references,6515381.0,71.0,nan,,ok
9601.310734,4387.0,,cache-misses:u,cache-misses,5183278.0,56.0,12.03,of all cache refs,ok
9601.310734,1874576.0,,stalled-cycles-frontend:u,stalled-cycles-frontend,1641365.0,17.0,40.16,frontend cycles idle,ok
9612.331116,0.0,,instructions:u,instructions,2750708.0,34.0,0.0,insn per cycle,ok
9612.331116,1026412.0,,cycles:u,cycles,2180308.0,27.0,nan,,ok
9612.331116,367537.0,,branches:u,branches,3265845.0,41.0,nan,,ok
9612.331116,9795.0,,branch-misses:u,branch-misses,5215058.0,63.0,2.67,of all branches,ok
9612.331116,491673.0,,L1-dcache-loads:u,l1-dcache-loads,5254423.0,63.0,nan,,ok
9612.331116,64455.0,,cache-references:u,cache-references,5490586.0,66.0,nan,,ok
9612.331116,7447.0,,cache-misses:u,cache-misses,6046562.0,73.0,11.55,of all cache refs,ok
9612.331116,0.0,,stalled-cycles-frontend:u,stalled-cycles-frontend,2003244.0,24.0,nan,,ok
9623.055860999999,2397081.0,,instructions:u,instructions,1154243.0,14.0,0.65,insn per cycle,ok
9623.055860999999,nan,,,,nan,nan,2.14,stalled cycles per insn,unknown
9623.055860999999,3702528.0,,cycles:u,cycles,1282856.0,17.0,nan,,ok
9623.055860999999,80101.0,,branches:u,branches,2276639.0,50.0,nan,,ok
9623.055860999999,8528.0,,branch-misses:u,branch-misses,3276655.0,59.0,10.65,of all branches,ok
9623.055860999999,215402.0,,L1-dcache-loads:u,l1-dcache-loads,4881004.0,74.0,nan,,ok
9623.055860999999,36854.0,,cache-references:u,cache-references,6599759.0,87.0,nan,,ok
9623.055860999999,8459.0,,cache-misses:u,cache-misses,6543411.0,83.0,22.95,of all cache refs,ok
9623.055860999999,5127769.0,,stalled-cycles-frontend:u,stalled-cycles-frontend,972893.0,12.0,138.49,frontend cycles idle,ok
9634.106149000001,1141057.0,,instructions:u,instructions,4584053.0,46.0,0.37,insn per cycle,ok
9634.106149000001,nan,,,,nan,nan,2.2,stalled cycles per insn,unknown
9634.106149000001,3049762.0,,cycles:u,cycles,4230242.0,42.0,nan,,ok
9634.106149000001,104306.0,,branches:u,branches,5249153.0,53.0,nan,,ok
9634.106149000001,9179.0,,branch-misses:u,branch-misses,6272766.0,63.0,8.8,of all branches,ok
9634.106149000001,198764.0,,L1-dcache-loads:u,l1-dcache-loads,5301806.0,53.0,nan,,ok
9634.106149000001,34570.0,,cache-references:u,cache-references,5251782.0,53.0,nan,,ok
9634.106149000001,8532.0,,cache-misses:u,cache-misses,5555236.0,56.0,24.68,of all cache refs,ok
9634.106149000001,2511193.0,,stalled-cycles-frontend:u,stalled-cycles-frontend,3274442.0,33.0,82.34,frontend cycles idle,ok
9645.176559,2592852.0,,instructions:u,instructions,3857382.0,42.0,0.3,insn per cycle,ok
9645.176559,nan,,,,nan,nan,1.43,stalled cycles per insn,unknown
9645.176559,8646028.0,,cycles:u,cycles,3770018.0,41.0,nan,,ok
9645.176559,483535.0,,branches:u,branches,4770753.0,52.0,nan,,ok
9645.176559,16500.0,,branch-misses:u,branch-misses,5762078.0,62.0,3.41,of all branches,ok
9645.176559,784913.0,,L1-dcache-loads:u,l1-dcache-loads,5118612.0,55.0,nan,,ok
9645.176559,29586.0,,cache-references:u,cache-references,5291584.0,59.0,nan,,ok
9645.176559,4812.0,,cache-misses:u,cache-misses,5385867.0,60.0,16.26,of all cache refs,ok
9645.176559,3701392.0,,stalled-cycles-frontend:u,stalled-cycles-frontend,2691375.0,29.0,42.81,frontend cycles idle,ok
9656.312184,211451.0,,instructions:u,instructions,1440884.0,21.0,0.03,insn per cycle,ok
9656.312184,nan,,,,nan,nan,11.5,stalled cycles per insn,unknown
9656.312184,6594756.0,,cycles:u,cycles,3409739.0,43.0,nan,,ok
9656.312184,214610.0,,branches:u,branches,5396782.0,61.0,nan,,ok
9656.312184,12998.0,,branch-misses:u,branch-misses,7668112.0,81.0,6.06,of all branches,ok
9656.312184,410489.0,,L1-dcache-loads:u,l1-dcache-loads,9927739.0,98.0,nan,,ok
9656.312184,57266.0,,cache-references:u,cache-references,8764660.0,86.0,nan,,ok
9656.312184,5376.0,,cache-misses:u,cache-misses,6782945.0,67.0,9.39,of all cache refs,ok
9656.312184,2431248.0,,stalled-cycles-frontend:u,stalled-cycles-frontend,131990.0,1.0,36.87,frontend cycles idle,ok
9667.367797,319219.0,,instructions:u,instructions,3516833.0,58.0,0.11,insn per cycle,ok
9667.367797,nan,,,,nan,nan,4.1,stalled cycles per insn,unknown
9667.367797,2993994.0,,cycles:u,cycles,3510152.0,50.0,nan,,ok
9667.367797,98409.0,,branches:u,branches,4509655.0,56.0,nan,,ok
9667.367797,10652.0,,branch-misses:u,branch-misses,5509078.0,61.0,10.82,of all branches,ok
9667.367797,284632.0,,L1-dcache-loads:u,l1-dcache-loads,4918796.0,53.0,nan,,ok
9667.367797,61239.0,,cache-references:u,cache-references,5651916.0,61.0,nan,,ok
9667.367797,10446.0,,cache-misses:u,cache-misses,5642630.0,61.0,17.06,of all cache refs,ok
9667.367797,1308930.0,,stalled-cycles-frontend:u,stalled-cycles-frontend,2512552.0,28.0,43.72,frontend cycles idle,ok
9678.479848,426695.0,,instructions:u,instructions,1206280.0,86.0,1.52,insn per cycle,ok
9678.479848,nan,,,,nan,nan,1.3,stalled cycles per insn,unknown
9678.479848,280023.0,,cycles:u,cycles,204769.0,14.0,nan,,ok
9678.479848,1012.0,,branches:u,branches,204769.0,14.0,nan,,ok
9678.479848,319.0,,branch-misses:u,branch-misses,204769.0,14.0,31.52,of all branches,ok
9678.479848,nan,,L1-dcache-loads:u,l1-dcache-loads,0.0,0.0,nan,,ok
9678.479848,9447.0,,cache-references:u,cache-references,185642.0,13.0,nan,,ok
9678.479848,3213.0,,cache-misses:u,cache-misses,1187153.0,85.0,34.01,of all cache refs,ok
9678.479848,552592.0,,stalled-cycles-frontend:u,stalled-cycles-frontend,1206280.0,86.0,197.34,frontend cycles idle,ok
9689.582639999999,316145.0,,instructions:u,instructions,2983976.0,50.0,0.1,insn per cycle,ok
9689.582639999999,nan,,,,nan,nan,9.8,stalled cycles per insn,unknown
9689.582639999999,3160763.0,,cycles:u,cycles,2997966.0,50.0,nan,,ok
9689.582639999999,52514.0,,branches:u,branches,3999791.0,67.0,nan,,ok
9689.582639999999,5214.0,,branch-misses:u,branch-misses,4800194.0,80.0,9.93,of all branches,ok
9689.582639999999,141426.0,,L1-dcache-loads:u,l1-dcache-loads,4008702.0,66.0,nan,,ok
9689.582639999999,8093.0,,cache-references:u,cache-references,3029104.0,50.0,nan,,ok
9689.582639999999,3143.0,,cache-misses:u,cache-misses,3036763.0,50.0,38.84,of all cache refs,ok
9689.582639999999,3099588.0,,stalled-cycles-frontend:u,stalled-cycles-frontend,1987770.0,32.0,98.06,frontend cycles idle,ok
9700.651347,2215025.0,,instructions:u,instructions,3918459.0,38.0,0.26,insn per cycle,ok
9700.651347,nan,,,,nan,nan,1.59,stalled cycles per insn,unknown
9700.651347,8445556.0,,cycles:u,cycles,4555227.0,44.0,nan,,ok
9700.651347,415404.0,,branches:u,branches,6079352.0,60.0,nan,,ok
9700.651347,14730.0,,branch-misses:u,branch-misses,7079753.0,69.0,3.55,of all branches,ok
9700.651347,744912.0,,L1-dcache-loads:u,l1-dcache-loads,6353999.0,62.0,nan,,ok
9700.651347,59797.0,,cache-references:u,cache-references,6204110.0,62.0,nan,,ok
9700.651347,5993.0,,cache-misses:u,cache-misses,5562008.0,62.0,10.02,of all cache refs,ok
9700.651347,3524520.0,,stalled-cycles-frontend:u,stalled-cycles-frontend,2764329.0,27.0,41.73,frontend cycles idle,ok
9711.640479,1169896.0,,instructions:u,instructions,2338571.0,25.0,0.21,insn per cycle,ok
9711.640479,nan,,,,nan,nan,2.04,stalled cycles per insn,unknown
9711.640479,5491038.0,,cycles:u,cycles,1924829.0,21.0,nan,,ok
9711.640479,532632.0,,branches:u,branches,3608296.0,39.0,nan,,ok
9711.640479,19372.0,,branch-misses:u,branch-misses,4766044.0,52.0,3.64,of all branches,ok
9711.640479,683276.0,,L1-dcache-loads:u,l1-dcache-loads,5260344.0,58.0,nan,,ok
9711.640479,68547.0,,cache-references:u,cache-references,6650380.0,76.0,nan,,ok
9711.640479,7285.0,,cache-misses:u,cache-misses,7047807.0,92.0,10.63,of all cache refs,ok
9711.640479,2381456.0,,stalled-cycles-frontend:u,stalled-cycles-frontend,1997775.0,23.0,43.37,frontend cycles idle,ok
9722.525898,546378.0,,instructions:u,instructions,5635842.0,63.0,0.12,insn per cycle,ok
9722.525898,nan,,,,nan,nan,3.34,stalled cycles per insn,unknown
9722.525898,4511983.0,,cycles:u,cycles,4275944.0,45.0,nan,,ok
9722.525898,102562.0,,branches:u,branches,4293336.0,45.0,nan,,ok
9722.525898,9106.0,,branch-misses:u,branch-misses,4524850.0,47.0,8.88,of all branches,ok
9722.525898,210639.0,,L1-dcache-loads:u,l1-dcache-loads,3931054.0,41.0,nan,,ok
9722.525898,87043.0,,cache-references:u,cache-references,3923016.0,41.0,nan,,ok
9722.525898,11128.0,,cache-misses:u,cache-misses,5222859.0,57.0,12.78,of all cache refs,ok
9722.525898,1823749.0,,stalled-cycles-frontend:u,stalled-cycles-frontend,3611410.0,44.0,40.42,frontend cycles idle,ok
9733.407792,557057.0,,instructions:u,instructions,3814973.0,42.0,0.09,insn per cycle,ok
9733.407792,nan,,,,nan,nan,8.43,stalled cycles per insn,unknown
9733.407792,6260690.0,,cycles:u,cycles,3616812.0,39.0,nan,,ok
9733.407792,121921.0,,branches:u,branches,4620045.0,50.0,nan,,ok
9733.407792,7766.0,,branch-misses:u,branch-misses,5621248.0,61.0,6.37,of all branches,ok
9733.407792,204419.0,,L1-dcache-loads:u,l1-dcache-loads,4967824.0,54.0,nan,,ok
9733.407792,31794.0,,cache-references:u,cache-references,5169541.0,61.0,nan,,ok
9733.407792,4752.0,,cache-misses:u,cache-misses,5467446.0,73.0,14.95,of all cache refs,ok
9733.407792,4693828.0,,stalled-cycles-frontend:u,stalled-cycles-frontend,3130926.0,37.0,74.97,frontend cycles idle,ok
9744.513951,3830703.0,,instructions:u,instructions,2614965.0,28.0,0.55,insn per cycle,ok
9744.513951,nan,,,,nan,nan,0.46,stalled cycles per insn,unknown
9744.513951,6909840.0,,cycles:u,cycles,3567354.0,38.0,nan,,ok
9744.513951,507061.0,,branches:u,branches,4654208.0,50.0,nan,,ok
9744.513951,16066.0,,branch-misses:u,branch-misses,5644941.0,61.0,3.17,of all branches,ok
9744.513951,694095.0,,L1-dcache-loads:u,l1-dcache-loads,6634870.0,76.0,nan,,ok
9744.513951,38730.0,,cache-references:u,cache-references,6728922.0,88.0,nan,,ok
9744.513951,7591.0,,cache-misses:u,cache-misses,5746885.0,66.0,19.6,of all cache refs,ok
9744.513951,1768783.0,,stalled-cycles-frontend:u,stalled-cycles-frontend,1598638.0,17.0,25.6,frontend cycles idle,ok
9755.356228,809644.0,,instructions:u,instructions,2793901.0,35.0,0.17,insn per cycle,ok
9755.356228,nan,,,,nan,nan,1.87,stalled cycles per insn,unknown
9755.356228,4650533.0,,cycles:u,cycles,3004833.0,33.0,nan,,ok
9755.356228,281576.0,,branches:u,branches,4157880.0,45.0,nan,,ok
9755.356228,20524.0,,branch-misses:u,branch-misses,5775287.0,63.0,7.29,of all branches,ok
9755.356228,688463.0,,L1-dcache-loads:u,l1-dcache-loads,6371040.0,69.0,nan,,ok
9755.356228,92153.0,,cache-references:u,cache-references,6371033.0,69.0,nan,,ok
9755.356228,12074.0,,cache-misses:u,cache-misses,6192755.0,67.0,13.1,of all cache refs,ok
9755.356228,1510308.0,,stalled-cycles-frontend:u,stalled-cycles-frontend,1794081.0,20.0,32.48,frontend cycles idle,ok
9766.307089,1238829.0,,instructions:u,instructions,2719054.0,34.0,0.44,insn per cycle,ok
9766.307089,nan,,,,nan,nan,3.76,stalled cycles per insn,unknown
9766.307089,2790527.0,,cycles:u,cycles,2588515.0,32.0,nan,,ok
9766.307089,82313.0,,branches:u,branches,3611107.0,45.0,nan,,ok
9766.307089,4732.0,,branch-misses:u,branch-misses,4587815.0,57.0,5.75,of all branches,ok
9766.307089,200417.0,,L1-dcache-loads:u,l1-dcache-loads,4722498.0,59.0,nan,,ok
9766.307089,47841.0,,cache-references:u,cache-references,5273709.0,65.0,nan,,ok
9766.307089,10406.0,,cache-misses:u,cache-misses,5378199.0,67.0,21.75,of all cache refs,ok
9766.307089,4662605.0,,stalled-cycles-frontend:u,stalled-cycles-frontend,1715508.0,21.0,167.09,frontend cycles idle,ok
9777.271258,1608850.0,,instructions:u,instructions,6562804.0,68.0,0.23,insn per cycle,ok
9777.271258,nan,,,,nan,nan,3.9,stalled cycles per insn,unknown
9777.271258,7009295.0,,cycles:u,cycles,6372570.0,61.0,nan,,ok
9777.271258,367996.0,,branches:u,branches,7373846.0,71.0,nan,,ok
9777.271258,13956.0,,branch-misses:u,branch-misses,8284032.0,80.0,3.79,of all branches,ok
9777.271258,303689.0,,L1-dcache-loads:u,l1-dcache-loads,6316505.0,61.0,nan,,ok
9777.271258,41905.0,,cache-references:u,cache-references,3791129.0,36.0,nan,,ok
9777.271258,9168.0,,cache-misses:u,cache-misses,4010236.0,41.0,21.88,of all cache refs,ok
9777.271258,6281141.0,,stalled-cycles-frontend:u,stalled-cycles-frontend,3952450.0,45.0,89.61,frontend cycles idle,ok
9788.492164000001,784763.0,,instructions:u,instructions,3854325.0,45.0,0.09,insn per cycle,ok
9788.492164000001,nan,,,,nan,nan,2.31,stalled cycles per insn,unknown
9788.492164000001,8367505.0,,cycles:u,cycles,4745490.0,50.0,nan,,ok
9788.492164000001,368495.0,,branches:u,branches,5743898.0,61.0,nan,,ok
9788.492164000001,15391.0,,branch-misses:u,branch-misses,6510891.0,69.0,4.18,of all branches,ok
9788.492164000001,504793.0,,L1-dcache-loads:u,l1-dcache-loads,6450610.0,69.0,nan,,ok
9788.492164000001,58288.0,,cache-references:u,cache-references,5484360.0,58.0,nan,,ok
9788.492164000001,5567.0,,cache-misses:u,cache-misses,4575461.0,54.0,9.55,of all cache refs,ok
9788.492164000001,1812443.0,,stalled-cycles-frontend:u,stalled-cycles-frontend,2002277.0,26.0,21.66,frontend cycles idle,ok
9799.790586000001,481428.0,,instructions:u,instructions,2999267.0,41.0,0.1,insn per cycle,ok
9799.790586000001,nan,,,,nan,nan,3.24,stalled cycles per insn,unknown
9799.790586000001,4974231.0,,cycles:u,cycles,3002143.0,36.0,nan,,ok
9799.790586000001,133744.0,,branches:u,branches,4872754.0,53.0,nan,,ok
9799.790586000001,15914.0,,branch-misses:u,branch-misses,6664653.0,67.0,11.9,of all branches,ok
9799.790586000001,559852.0,,L1-dcache-loads:u,l1-dcache-loads,6908696.0,69.0,nan,,ok
9799.790586000001,83697.0,,cache-references:u,cache-references,6909372.0,69.0,nan,,ok
9799.790586000001,10292.0,,cache-misses:u,cache-misses,6900319.0,69.0,12.3,of all cache refs,ok
9799.790586000001,1560580.0,,stalled-cycles-frontend:u,stalled-cycles-frontend,2002309.0,21.0,31.37,frontend cycles idle,ok
9810.856794,481791.0,,instructions:u,instructions,2515772.0,38.0,0.15,insn per cycle,ok
9810.856794,nan,,,,nan,nan,2.34,stalled cycles per insn,unknown
9810.856794,3141388.0,,cycles:u,cycles,2099285.0,28.0,nan,,ok
9810.856794,176440.0,,branches:u,branches,3096640.0,36.0,nan,,ok
9810.856794,16280.0,,branch-misses:u,branch-misses,4094535.0,43.0,9.23,of all branches,ok
9810.856794,371225.0,,L1-dcache-loads:u,l1-dcache-loads,5317971.0,55.0,nan,,ok
9810.856794,94296.0,,cache-references:u,cache-references,7051715.0,73.0,nan,,ok
9810.856794,10905.0,,cache-misses:u,cache-misses,7513077.0,78.0,11.56,of all cache refs,ok
9810.856794,1126413.0,,stalled-cycles-frontend:u,stalled-cycles-frontend,2346942.0,24.0,35.86,frontend cycles idle,ok
9821.5034,164457.0,,instructions:u,instructions,3314168.0,100.0,0.09,insn per cycle,ok
9821.5034,nan,,,,nan,nan,14.6,stalled cycles per insn,unknown
9821.5034,1864721.0,,cycles:u,cycles,3395972.0,72.0,nan,,ok
9821.5034,97707.0,,branches:u,branches,4401052.0,77.0,nan,,ok
9821.5034,8694.0,,branch-misses:u,branch-misses,5396051.0,80.0,8.9,of all branches,ok
9821.5034,324402.0,,L1-dcache-loads:u,l1-dcache-loads,5398759.0,70.0,nan,,ok
9821.5034,40979.0,,cache-references:u,cache-references,5152649.0,61.0,nan,,ok
9821.5034,5911.0,,cache-misses:u,cache-misses,5041482.0,59.0,14.42,of all cache refs,ok
9821.5034,2400318.0,,stalled-cycles-frontend:u,stalled-cycles-frontend,2297130.0,29.0,128.72,frontend cycles idle,ok
9832.145897,1808756.0,,instructions:u,instructions,4621955.0,52.0,0.21,insn per cycle,ok
9832.145897,nan,,,,nan,nan,3.7,stalled cycles per insn,unknown
9832.145897,8822125.0,,cycles:u,cycles,3211645.0,36.0,nan,,ok
9832.145897,362554.0,,branches:u,branches,4223600.0,47.0,nan,,ok
9832.145897,17109.0,,branch-misses:u,branch-misses,5238562.0,58.0,4.72,of all branches,ok
9832.145897,282264.0,,L1-dcache-loads:u,l1-dcache-loads,4488844.0,50.0,nan,,ok
9832.145897,36850.0,,cache-references:u,cache-references,4218805.0,47.0,nan,,ok
9832.145897,9031.0,,cache-misses:u,cache-misses,5615897.0,63.0,24.51,of all cache refs,ok
9832.145897,6691779.0,,stalled-cycles-frontend:u,stalled-cycles-frontend,3634963.0,41.0,75.85,frontend cycles idle,ok
9842.856803,599786.0,,instructions:u,instructions,3595717.0,41.0,0.1,insn per cycle,ok
9842.856803,nan,,,,nan,nan,0.46,stalled cycles per insn,unknown
9842.856803,6119970.0,,cycles:u,cycles,4080908.0,46.0,nan,,ok
9842.856803,327875.0,,branches:u,branches,5064139.0,57.0,nan,,ok
9842.856803,16538.0,,branch-misses:u,branch-misses,5776032.0,65.0,5.04,of all branches,ok
9842.856803,536731.0,,L1-dcache-loads:u,l1-dcache-loads,5768932.0,65.0,nan,,ok
9842.856803,74726.0,,cache-references:u,cache-references,5231334.0,59.0,nan,,ok
9842.856803,4932.0,,cache-misses:u,cache-misses,4722241.0,55.0,6.6,of all cache refs,ok
9842.856803,276748.0,,stalled-cycles-frontend:u,stalled-cycles-frontend,1982825.0,26.0,4.52,frontend cycles idle,ok
9853.511671,682042.0,,instructions:u,instructions,1763999.0,29.0,0.14,insn per cycle,ok
9853.511671,nan,,,,nan,nan,3.2,stalled cycles per insn,unknown
9853.511671,4733569.0,,cycles:u,cycles,2682749.0,37.0,nan,,ok
9853.511671,166960.0,,branches:u,branches,4444558.0,54.0,nan,,ok
9853.511671,18169.0,,branch-misses:u,branch-misses,6323012.0,70.0,10.88,of all branches,ok
9853.511671,585265.0,,L1-dcache-loads:u,l1-dcache-loads,7311096.0,81.0,nan,,ok
9853.511671,73918.0,,cache-references:u,cache-references,7190684.0,79.0,nan,,ok
9853.511671,9483.0,,cache-misses:u,cache-misses,6335010.0,70.0,12.83,of all cache refs,ok
9853.511671,2185273.0,,stalled-cycles-frontend:u,stalled-cycles-frontend,845850.0,10.0,46.17,frontend cycles idle,ok
9864.183494,412431.0,,instructions:u,instructions,4516490.0,75.0,0.16,insn per cycle,ok
9864.183494,nan,,,,nan,nan,4.54,stalled cycles per insn,unknown
9864.183494,2515886.0,,cycles:u,cycles,3843455.0,54.0,nan,,ok
9864.183494,110713.0,,branches:u,branches,4856679.0,60.0,nan,,ok
9864.183494,11607.0,,branch-misses:u,branch-misses,5872715.0,65.0,10.48,of all branches,ok
9864.183494,335827.0,,L1-dcache-loads:u,l1-dcache-loads,4723930.0,51.0,nan,,ok
9864.183494,92552.0,,cache-references:u,cache-references,4664672.0,50.0,nan,,ok
9864.183494,11318.0,,cache-misses:u,cache-misses,5298980.0,57.0,12.23,of all cache refs,ok
9864.183494,1872729.0,,stalled-cycles-frontend:u,stalled-cycles-frontend,3476386.0,38.0,74.44,frontend cycles idle,ok
9874.918963,1561343.0,,instructions:u,instructions,3839369.0,41.0,0.19,insn per cycle,ok
9874.918963,nan,,,,nan,nan,4.87,stalled cycles per insn,unknown
9874.918963,8348930.0,,cycles:u,cycles,4629033.0,53.0,nan,,ok
9874.918963,167518.0,,branches:u,branches,5604429.0,99.0,nan,,ok
9874.918963,11546.0,,branch-misses:u,branch-misses,6558738.0,99.0,6.89,of all branches,ok
9874.918963,459284.0,,L1-dcache-loads:u,l1-dcache-loads,6378646.0,83.0,nan,,ok
9874.918963,41873.0,,cache-references:u,cache-references,5433846.0,63.0,nan,,ok
9874.918963,7860.0,,cache-misses:u,cache-misses,4569854.0,49.0,18.77,of all cache refs,ok
9874.918963,7604030.0,,stalled-cycles-frontend:u,stalled-cycles-frontend,1788974.0,19.0,91.08,frontend cycles idle,ok
9885.533639,690550.0,,instructions:u,instructions,2837005.0,31.0,0.17,insn per cycle,ok
9885.533639,nan,,,,nan,nan,1.43,stalled cycles per insn,unknown
9885.533639,3982520.0,,cycles:u,cycles,4293405.0,47.0,nan,,ok
9885.533639,129657.0,,branches:u,branches,5338020.0,58.0,nan,,ok
9885.533639,10668.0,,branch-misses:u,branch-misses,6340765.0,69.0,8.23,of all branches,ok
9885.533639,340503.0,,L1-dcache-loads:u,l1-dcache-loads,6298259.0,69.0,nan,,ok
9885.533639,40752.0,,cache-references:u,cache-references,6292080.0,68.0,nan,,ok
9885.533639,3658.0,,cache-misses:u,cache-misses,4902936.0,53.0,8.98,of all cache refs,ok
9885.533639,990592.0,,stalled-cycles-frontend:u,stalled-cycles-frontend,1836079.0,20.0,24.87,frontend cycles idle,ok
9896.258135,537888.0,,instructions:u,instructions,2603880.0,34.0,0.38,insn per cycle,ok
9896.258135,nan,,,,nan,nan,2.02,stalled cycles per insn,unknown
9896.258135,1399892.0,,cycles:u,cycles,1800547.0,23.0,nan,,ok
9896.258135,70353.0,,branches:u,branches,3690113.0,43.0,nan,,ok
9896.258135,7567.0,,branch-misses:u,branch-misses,5065205.0,57.0,10.76,of all branches,ok
9896.258135,489632.0,,L1-dcache-loads:u,l1-dcache-loads,4366030.0,49.0,nan,,ok
9896.258135,73092.0,,cache-references:u,cache-references,6131235.0,69.0,nan,,ok
9896.258135,8965.0,,cache-misses:u,cache-misses,6943263.0,78.0,12.27,of all cache refs,ok
9896.258135,1087065.0,,stalled-cycles-frontend:u,stalled-cycles-frontend,2718164.0,32.0,77.65,frontend cycles idle,ok
9907.037628,1721881.0,,instructions:u,instructions,3919119.0,52.0,0.39,insn per cycle,ok
9907.037628,nan,,,,nan,nan,2.62,stalled cycles per insn,unknown
9907.037628,4400201.0,,cycles:u,cycles,4889986.0,58.0,nan,,ok
9907.037628,137497.0,,branches:u,branches,6879934.0,73.0,nan,,ok
9907.037628,9852.0,,branch-misses:u,branch-misses,7711566.0,82.0,7.17,of all branches,ok
9907.037628,331097.0,,L1-dcache-loads:u,l1-dcache-loads,6859269.0,73.0,nan,,ok
9907.037628,52561.0,,cache-references:u,cache-references,5546047.0,59.0,nan,,ok
9907.037628,10052.0,,cache-misses:u,cache-misses,4549208.0,48.0,19.12,of all cache refs,ok
9907.037628,4505989.0,,stalled-cycles-frontend:u,stalled-cycles-frontend,1804317.0,19.0,102.4,frontend cycles idle,ok
9917.722564,1302464.0,,instructions:u,instructions,5307953.0,59.0,0.26,insn per cycle,ok
9917.722564,nan,,,,nan,nan,3.25,stalled cycles per insn,unknown
9917.722564,4942714.0,,cycles:u,cycles,4587335.0,51.0,nan,,ok
9917.722564,270025.0,,branches:u,branches,4924298.0,55.0,nan,,ok
9917.722564,15836.0,,branch-misses:u,branch-misses,5229742.0,58.0,5.86,of all branches,ok
9917.722564,325320.0,,L1-dcache-loads:u,l1-dcache-loads,4294955.0,53.0,nan,,ok
9917.722564,53070.0,,cache-references:u,cache-references,3668537.0,52.0,nan,,ok
9917.722564,12806.0,,cache-misses:u,cache-misses,4403784.0,54.0,24.13,of all cache refs,ok
9917.722564,4232711.0,,stalled-cycles-frontend:u,stalled-cycles-frontend,3665625.0,40.0,85.64,frontend cycles idle,ok
9928.44577,550593.0,,instructions:u,instructions,2643408.0,29.0,0.05,insn per cycle,ok
9928.44577,nan,,,,nan,nan,3.85,stalled cycles per insn,unknown
9928.44577,11491200.0,,cycles:u,cycles,2635235.0,29.0,nan,,ok
9928.44577,402483.0,,branches:u,branches,4975634.0,55.0,nan,,ok
9928.44577,14103.0,,branch-misses:u,branch-misses,6072471.0,67.0,3.5,of all branches,ok
9928.44577,531797.0,,L1-dcache-loads:u,l1-dcache-loads,6119739.0,75.0,nan,,ok
9928.44577,49571.0,,cache-references:u,cache-references,6348101.0,89.0,nan,,ok
9928.44577,5300.0,,cache-misses:u,cache-misses,6357027.0,78.0,10.69,of all cache refs,ok
9928.44577,2120344.0,,stalled-cycles-frontend:u,stalled-cycles-frontend,1876140.0,20.0,18.45,frontend cycles idle,ok
9939.162784,817614.0,,instructions:u,instructions,3001606.0,38.0,0.22,insn per cycle,ok
9939.162784,nan,,,,nan,nan,2.95,stalled cycles per insn,unknown
9939.162784,3647616.0,,cycles:u,cycles,3001199.0,33.0,nan,,ok
9939.162784,116122.0,,branches:u,branches,3686691.0,40.0,nan,,ok
9939.162784,13014.0,,branch-misses:u,branch-misses,5394396.0,59.0,11.21,of all branches,ok
9939.162784,475204.0,,L1-dcache-loads:u,l1-dcache-loads,5368985.0,59.0,nan,,ok
9939.162784,46808.0,,cache-references:u,cache-references,6055533.0,66.0,nan,,ok
9939.162784,10656.0,,cache-misses:u,cache-misses,6052526.0,66.0,22.77,of all cache refs,ok
9939.162784,2411664.0,,stalled-cycles-frontend:u,stalled-cycles-frontend,2001514.0,22.0,66.12,frontend cycles idle,ok
9949.866082,423183.0,,instructions:u,instructions,3002057.0,34.0,0.2,insn per cycle,ok
9949.866082,nan,,,,nan,nan,4.22,stalled cycles per insn,unknown
9949.866082,2133596.0,,cycles:u,cycles,3371812.0,38.0,nan,,ok
9949.866082,122957.0,,branches:u,branches,4375523.0,49.0,nan,,ok
9949.866082,12420.0,,branch-misses:u,branch-misses,5060108.0,57.0,10.1,of all branches,ok
9949.866082,401520.0,,L1-dcache-loads:u,l1-dcache-loads,5745716.0,65.0,nan,,ok
9949.866082,49470.0,,cache-references:u,cache-references,5744590.0,65.0,nan,,ok
9949.866082,8577.0,,cache-misses:u,cache-misses,5375849.0,61.0,17.34,of all cache refs,ok
9949.866082,1787181.0,,stalled-cycles-frontend:u,stalled-cycles-frontend,2002538.0,22.0,83.76,frontend cycles idle,ok
9960.743859,1412189.0,,instructions:u,instructions,2477863.0,35.0,0.45,insn per cycle,ok
9960.743859,nan,,,,nan,nan,3.58,stalled cycles per insn,unknown
9960.743859,3112992.0,,cycles:u,cycles,2812611.0,39.0,nan,,ok
9960.743859,99741.0,,branches:u,branches,3816248.0,53.0,nan,,ok
9960.743859,8850.0,,branch-misses:u,branch-misses,5417437.0,69.0,8.87,of all branches,ok
9960.743859,321990.0,,L1-dcache-loads:u,l1-dcache-loads,6089783.0,69.0,nan,,ok
9960.743859,63954.0,,cache-references:u,cache-references,6810934.0,73.0,nan,,ok
9960.743859,10396.0,,cache-misses:u,cache-misses,6473744.0,69.0,16.26,of all cache refs,ok
9960.743859,5058231.0,,stalled-cycles-frontend:u,stalled-cycles-frontend,1666281.0,19.0,162.49,frontend cycles idle,ok
9971.80615,2274808.0,,instructions:u,instructions,2890457.0,48.0,0.35,insn per cycle,ok
9971.80615,nan,,,,nan,nan,3.41,stalled cycles per insn,unknown
9971.80615,6513506.0,,cycles:u,cycles,5124924.0,75.0,nan,,ok
9971.80615,472118.0,,branches:u,branches,6359549.0,100.0,nan,,ok
9971.80615,23496.0,,branch-misses:u,branch-misses,7369587.0,100.0,4.98,of all branches,ok
9971.80615,969741.0,,L1-dcache-loads:u,l1-dcache-loads,7977193.0,92.0,nan,,ok
9971.80615,114651.0,,cache-references:u,cache-references,6918243.0,71.0,nan,,ok
9971.80615,11243.0,,cache-misses:u,cache-misses,4619033.0,47.0,9.81,of all cache refs,ok
9971.80615,7755444.0,,stalled-cycles-frontend:u,stalled-cycles-frontend,830335.0,9.0,119.07,frontend cycles idle,ok
9982.734021,nan,,instructions:u,instructions,0.0,0.0,nan,,ok
9982.734021,1641848.0,,cycles:u,cycles,784338.0,16.0,nan,,ok
9982.734021,223782.0,,branches:u,branches,2805852.0,48.0,nan,,ok
9982.734021,17205.0,,branch-misses:u,branch-misses,5151390.0,71.0,7.69,of all branches,ok
9982.734021,639063.0,,L1-dcache-loads:u,l1-dcache-loads,7139581.0,87.0,nan,,ok
9982.734021,90412.0,,cache-references:u,cache-references,8883188.0,100.0,nan,,ok
9982.734021,10544.0,,cache-misses:u,cache-misses,8153053.0,91.0,11.66,of all cache refs,ok
9982.734021,nan,,stalled-cycles-frontend:u,stalled-cycles-frontend,0.0,0.0,nan,,ok
9993.498803,1337808.0,,instructions:u,instructions,5244554.0,54.0,0.32,insn per cycle,ok
9993.498803,nan,,,,nan,nan,1.48,stalled cycles per insn,unknown
9993.498803,4145765.0,,cycles:u,cycles,2777953.0,28.0,nan,,ok
9993.498803,286648.0,,branches:u,branches,2777953.0,28.0,nan,,ok
9993.498803,27520.0,,branch-misses:u,branch-misses,3691734.0,38.0,9.6,of all branches,ok
9993.498803,1346392.0,,L1-dcache-loads:u,l1-dcache-loads,2668868.0,27.0,nan,,ok
9993.498803,147622.0,,cache-references:u,cache-references,4423696.0,48.0,nan,,ok
9993.498803,13229.0,,cache-misses:u,cache-misses,6954476.0,100.0,8.96,of all cache refs,ok
9993.498803,1982748.0,,stalled-cycles-frontend:u,stalled-cycles-frontend,4559126.0,50.0,47.83,frontend cycles idle,ok
10004.230599999999,1169252.0,,instructions:u,instructions,7093701.0,83.0,0.3,insn per cycle,ok
10004.230599999999,nan,,,,nan,nan,2.26,stalled cycles per insn,unknown
10004.230599999999,3951150.0,,cycles:u,cycles,6946125.0,73.0,nan,,ok
10004.230599999999,310131.0,,branches:u,branches,7296265.0,74.0,nan,,ok
10004.230599999999,22795.0,,branch-misses:u,branch-misses,7309492.0,74.0,7.35,of all branches,ok
10004.230599999999,607082.0,,L1-dcache-loads:u,l1-dcache-loads,5344240.0,54.0,nan,,ok
10004.230599999999,150838.0,,cache-references:u,cache-references,2848287.0,28.0,nan,,ok
10004.230599999999,15507.0,,cache-misses:u,cache-misses,2828819.0,28.0,10.28,of all cache refs,ok
10004.230599999999,2645958.0,,stalled-cycles-frontend:u,stalled-cycles-frontend,3875076.0,40.0,66.97,frontend cycles idle,ok
10015.231193,3080366.0,,instructions:u,instructions,4264394.0,64.0,0.61,insn per cycle,ok
10015.231193,nan,,,,nan,nan,1.79,stalled cycles per insn,unknown
10015.231193,5065811.0,,cycles:u,cycles,6209439.0,74.0,nan,,ok
10015.231193,452490.0,,branches:u,branches,8782166.0,92.0,nan,,ok
10015.231193,24555.0,,branch-misses:u,branch-misses,9230367.0,92.0,5.43,of all branches,ok
10015.231193,866080.0,,L1-dcache-loads:u,l1-dcache-loads,7708756.0,77.0,nan,,ok
10015.231193,75905.0,,cache-references:u,cache-references,5687549.0,57.0,nan,,ok
10015.231193,16312.0,,cache-misses:u,cache-misses,3862330.0,38.0,21.49,of all cache refs,ok
10015.231193,5527044.0,,stalled-cycles-frontend:u,stalled-cycles-frontend,2255366.0,24.0,109.1,frontend cycles idle,ok
10026.286589,282142.0,,instructions:u,instructions,456635.0,5.0,0.03,insn per cycle,ok
10026.286589,9666775.0,,cycles:u,cycles,1246969.0,16.0,nan,,ok
10026.286589,455922.0,,branches:u,branches,3245879.0,79.0,nan,,ok
10026.286589,19785.0,,branch-misses:u,branch-misses,6073572.0,100.0,4.34,of all branches,ok
10026.286589,960552.0,,L1-dcache-loads:u,l1-dcache-loads,8308925.0,100.0,nan,,ok
10026.286589,123278.0,,cache-references:u,cache-references,8987990.0,96.0,nan,,ok
10026.286589,13441.0,,cache-misses:u,cache-misses,8193673.0,86.0,10.9,of all cache refs,ok
10026.286589,0.0,,stalled-cycles-frontend:u,stalled-cycles-frontend,132557.0,1.0,nan,,ok
10037.045914,1243428.0,,instructions:u,instructions,4524022.0,47.0,0.37,insn per cycle,ok
10037.045914,nan,,,,nan,nan,1.46,stalled cycles per insn,unknown
10037.045914,3382163.0,,cycles:u,cycles,1959355.0,20.0,nan,,ok
10037.045914,230020.0,,branches:u,branches,1959355.0,20.0,nan,,ok
10037.045914,22471.0,,branch-misses:u,branch-misses,2595347.0,27.0,9.77,of all branches,ok
10037.045914,1257307.0,,L1-dcache-loads:u,l1-dcache-loads,3163158.0,34.0,nan,,ok
10037.045914,98188.0,,cache-references:u,cache-references,4988425.0,66.0,nan,,ok
10037.045914,11037.0,,cache-misses:u,cache-misses,7553127.0,100.0,11.24,of all cache refs,ok
10037.045914,1820344.0,,stalled-cycles-frontend:u,stalled-cycles-frontend,3948604.0,44.0,53.82,frontend cycles idle,ok
10047.836628000001,2130601.0,,instructions:u,instructions,6146341.0,64.0,0.54,insn per cycle,ok
10047.836628000001,nan,,,,nan,nan,1.02,stalled cycles per insn,unknown
10047.836628000001,3959830.0,,cycles:u,cycles,5487190.0,55.0,nan,,ok
10047.836628000001,329249.0,,branches:u,branches,5897454.0,59.0,nan,,ok
10047.836628000001,24770.0,,branch-misses:u,branch-misses,5907848.0,59.0,7.52,of all branches,ok
10047.836628000001,713010.0,,L1-dcache-loads:u,l1-dcache-loads,3837882.0,38.0,nan,,ok
10047.836628000001,172334.0,,cache-references:u,cache-references,3750424.0,37.0,nan,,ok
10047.836628000001,18696.0,,cache-misses:u,cache-misses,4409520.0,46.0,10.85,of all cache refs,ok
10047.836628000001,2177438.0,,stalled-cycles-frontend:u,stalled-cycles-frontend,4467886.0,52.0,54.99,frontend cycles idle,ok
10059.129034,1942595.0,,instructions:u,instructions,4792411.0,88.0,0.44,insn per cycle,ok
10059.129034,nan,,,,nan,nan,2.57,stalled cycles per insn,unknown
10059.129034,4423661.0,,cycles:u,cycles,6748632.0,97.0,nan,,ok
10059.129034,472615.0,,branches:u,branches,8134389.0,98.0,nan,,ok
10059.129034,26069.0,,branch-misses:u,branch-misses,9132944.0,98.0,5.52,of all branches,ok
10059.129034,530522.0,,L1-dcache-loads:u,l1-dcache-loads,6670501.0,70.0,nan,,ok
10059.129034,67988.0,,cache-references:u,cache-references,4637794.0,49.0,nan,,ok
10059.129034,11807.0,,cache-misses:u,cache-misses,2668615.0,28.0,17.37,of all cache refs,ok
10059.129034,4992063.0,,stalled-cycles-frontend:u,stalled-cycles-frontend,2771312.0,30.0,112.85,frontend cycles idle,ok
10070.544244,2854683.0,,instructions:u,instructions,4369720.0,70.0,0.52,insn per cycle,ok
10070.544244,nan,,,,nan,nan,1.9,stalled cycles per insn,unknown
10070.544244,5448952.0,,cycles:u,cycles,7016313.0,89.0,nan,,ok
10070.544244,679644.0,,branches:u,branches,9763068.0,99.0,nan,,ok
10070.544244,31872.0,,branch-misses:u,branch-misses,10405968.0,100.0,4.69,of all branches,ok
10070.544244,1002515.0,,L1-dcache-loads:u,l1-dcache-loads,8043974.0,77.0,nan,,ok
10070.544244,108237.0,,cache-references:u,cache-references,6057767.0,58.0,nan,,ok
10070.544244,14136.0,,cache-misses:u,cache-misses,3422609.0,32.0,13.06,of all cache refs,ok
10070.544244,5433553.0,,stalled-cycles-frontend:u,stalled-cycles-frontend,2372540.0,23.0,99.72,frontend cycles idle,ok
10082.103422999999,469717.0,,instructions:u,instructions,321882.0,6.0,0.08,insn per cycle,ok
10082.103422999999,5577011.0,,cycles:u,cycles,1562630.0,26.0,nan,,ok
10082.103422999999,855031.0,,branches:u,branches,3566107.0,52.0,nan,,ok
10082.103422999999,28757.0,,branch-misses:u,branch-misses,6203588.0,73.0,3.36,of all branches,ok
10082.103422999999,1338830.0,,L1-dcache-loads:u,l1-dcache-loads,9512650.0,94.0,nan,,ok
10082.103422999999,149882.0,,cache-references:u,cache-references,10491094.0,97.0,nan,,ok
10082.103422999999,16196.0,,cache-misses:u,cache-misses,9250531.0,85.0,10.81,of all cache refs,ok
10082.103422999999,nan,,stalled-cycles-frontend:u,stalled-cycles-frontend,0.0,0.0,nan,,ok
10093.01993,4902273.0,,instructions:u,instructions,2908241.0,31.0,0.66,insn per cycle,ok
10093.01993,nan,,,,nan,nan,0.56,stalled cycles per insn,unknown
10093.01993,7395130.0,,cycles:u,cycles,1013964.0,11.0,nan,,ok
10093.01993,1557403.0,,branches:u,branches,1758945.0,20.0,nan,,ok
10093.01993,42744.0,,branch-misses:u,branch-misses,3284480.0,38.0,2.74,of all branches,ok
10093.01993,2892201.0,,L1-dcache-loads:u,l1-dcache-loads,4248622.0,51.0,nan,,ok
10093.01993,181041.0,,cache-references:u,cache-references,6214709.0,82.0,nan,,ok
10093.01993,15037.0,,cache-misses:u,cache-misses,8110493.0,93.0,8.31,of all cache refs,ok
10093.01993,2769746.0,,stalled-cycles-frontend:u,stalled-cycles-frontend,2958994.0,32.0,37.45,frontend cycles idle,ok
10103.62145,819768.0,,instructions:u,instructions,2757921.0,49.0,0.22,insn per cycle,ok
10103.62145,nan,,,,nan,nan,6.17,stalled cycles per insn,unknown
10103.62145,3811084.0,,cycles:u,cycles,5328199.0,74.0,nan,,ok
10103.62145,286356.0,,branches:u,branches,7147721.0,86.0,nan,,ok
10103.62145,21528.0,,branch-misses:u,branch-misses,8474861.0,98.0,7.52,of all branches,ok
10103.62145,695385.0,,L1-dcache-loads:u,l1-dcache-loads,7759964.0,90.0,nan,,ok
10103.62145,79526.0,,cache-references:u,cache-references,5884347.0,68.0,nan,,ok
10103.62145,11642.0,,cache-misses:u,cache-misses,3310743.0,38.0,14.64,of all cache refs,ok
10103.62145,5061930.0,,stalled-cycles-frontend:u,stalled-cycles-frontend,820945.0,9.0,132.82,frontend cycles idle,ok
10114.283707,1630845.0,,instructions:u,instructions,1907922.0,22.0,0.32,insn per cycle,ok
10114.283707,nan,,,,nan,nan,0.24,stalled cycles per insn,unknown
10114.283707,5161769.0,,cycles:u,cycles,3524433.0,44.0,nan,,ok
10114.283707,187431.0,,branches:u,branches,4938373.0,100.0,nan,,ok
10114.283707,15466.0,,branch-misses:u,branch-misses,5934352.0,100.0,8.25,of all branches,ok
10114.283707,649805.0,,L1-dcache-loads:u,l1-dcache-loads,7964471.0,100.0,nan,,ok
10114.283707,95722.0,,cache-references:u,cache-references,7439599.0,82.0,nan,,ok
10114.283707,10794.0,,cache-misses:u,cache-misses,5813287.0,62.0,11.28,of all cache refs,ok
10114.283707,397221.0,,stalled-cycles-frontend:u,stalled-cycles-frontend,382273.0,4.0,7.7,frontend cycles idle,ok
10124.891599999999,522464.0,,instructions:u,instructions,1093557.0,18.0,0.15,insn per cycle,ok
10124.891599999999,nan,,,,nan,nan,1.8,stalled cycles per insn,unknown
10124.891599999999,3503843.0,,cycles:u,cycles,1656358.0,27.0,nan,,ok
10124.891599999999,264065.0,,branches:u,branches,3253192.0,46.0,nan,,ok
10124.891599999999,20512.0,,branch-misses:u,branch-misses,5468946.0,68.0,7.77,of all branches,ok
10124.891599999999,1209486.0,,L1-dcache-loads:u,l1-dcache-loads,7462198.0,83.0,nan,,ok
10124.891599999999,108067.0,,cache-references:u,cache-references,8103773.0,87.0,nan,,ok
10124.891599999999,14455.0,,cache-misses:u,cache-misses,7603286.0,82.0,13.38,of all cache refs,ok
10124.891599999999,939685.0,,stalled-cycles-frontend:u,stalled-cycles-frontend,521315.0,5.0,26.82,frontend cycles idle,ok
10135.50401,3782913.0,,instructions:u,instructions,3516289.0,35.0,0.43,insn per cycle,ok
10135.50401,nan,,,,nan,nan,0.28,stalled cycles per insn,unknown
10135.50401,8708718.0,,cycles:u,cycles,4319067.0,44.0,nan,,ok
10135.50401,488664.0,,branches:u,branches,5366837.0,54.0,nan,,ok
10135.50401,14161.0,,branch-misses:u,branch-misses,6813572.0,69.0,2.9,of all branches,ok
10135.50401,774830.0,,L1-dcache-loads:u,l1-dcache-loads,6816608.0,69.0,nan,,ok
10135.50401,105215.0,,cache-references:u,cache-references,6459227.0,65.0,nan,,ok
10135.50401,10147.0,,cache-misses:u,cache-misses,5602329.0,56.0,9.64,of all cache refs,ok
10135.50401,1044701.0,,stalled-cycles-frontend:u,stalled-cycles-frontend,2100818.0,21.0,12.0,frontend cycles idle,ok
10146.29837,2303837.0,,instructions:u,instructions,2342847.0,23.0,0.32,insn per cycle,ok
10146.29837,nan,,,,nan,nan,1.46,stalled cycles per insn,unknown
10146.29837,7131143.0,,cycles:u,cycles,2321880.0,23.0,nan,,ok
10146.29837,568772.0,,branches:u,branches,4253598.0,42.0,nan,,ok
10146.29837,29711.0,,branch-misses:u,branch-misses,6168545.0,61.0,5.22,of all branches,ok
10146.29837,1695575.0,,L1-dcache-loads:u,l1-dcache-loads,7317886.0,73.0,nan,,ok
10146.29837,139586.0,,cache-references:u,cache-references,7623433.0,76.0,nan,,ok
10146.29837,20659.0,,cache-misses:u,cache-misses,7645675.0,76.0,14.8,of all cache refs,ok
10146.29837,3366803.0,,stalled-cycles-frontend:u,stalled-cycles-frontend,1708874.0,17.0,47.21,frontend cycles idle,ok
10156.88387,2646346.0,,instructions:u,instructions,4428149.0,41.0,0.57,insn per cycle,ok
10156.88387,nan,,,,nan,nan,0.71,stalled cycles per insn,unknown
10156.88387,4662857.0,,cycles:u,cycles,3444427.0,32.0,nan,,ok
10156.88387,358585.0,,branches:u,branches,4462405.0,42.0,nan,,ok
10156.88387,32726.0,,branch-misses:u,branch-misses,5473142.0,51.0,9.13,of all branches,ok
10156.88387,551747.0,,L1-dcache-loads:u,l1-dcache-loads,5131549.0,48.0,nan,,ok
10156.88387,88917.0,,cache-references:u,cache-references,6128165.0,57.0,nan,,ok
10156.88387,290.0,,cache-misses:u,cache-misses,7121532.0,67.0,0.33,of all cache refs,ok
10156.88387,1877553.0,,stalled-cycles-frontend:u,stalled-cycles-frontend,3520863.0,33.0,40.27,frontend cycles idle,ok
10167.510483999999,5326026.0,,instructions:u,instructions,4572797.0,43.0,0.56,insn per cycle,ok
10167.510483999999,nan,,,,nan,nan,0.51,stalled cycles per insn,unknown
10167.510483999999,9459881.0,,cycles:u,cycles,5564669.0,52.0,nan,,ok
10167.510483999999,1054959.0,,branches:u,branches,6594582.0,62.0,nan,,ok
10167.510483999999,47403.0,,branch-misses:u,branch-misses,7579268.0,71.0,4.49,of all branches,ok
10167.510483999999,1644274.0,,L1-dcache-loads:u,l1-dcache-loads,7042330.0,66.0,nan,,ok
10167.510483999999,117855.0,,cache-references:u,cache-references,6054272.0,57.0,nan,,ok
10167.510483999999,5212.0,,cache-misses:u,cache-misses,5050948.0,47.0,4.42,of all cache refs,ok
10167.510483999999,2722152.0,,stalled-cycles-frontend:u,stalled-cycles-frontend,2499969.0,23.0,28.78,frontend cycles idle,ok
10178.008735000001,8798787.0,,instructions:u,instructions,3005637.0,28.0,0.39,insn per cycle,ok
10178.008735000001,nan,,,,nan,nan,0.85,stalled cycles per insn,unknown
10178.008735000001,22356741.0,,cycles:u,cycles,2995494.0,28.0,nan,,ok
10178.008735000001,1948596.0,,branches:u,branches,4959706.0,47.0,nan,,ok
10178.008735000001,79894.0,,branch-misses:u,branch-misses,6949382.0,66.0,4.1,of all branches,ok
10178.008735000001,6522829.0,,L1-dcache-loads:u,l1-dcache-loads,7487982.0,71.0,nan,,ok
10178.008735000001,485360.0,,cache-references:u,cache-references,7481032.0,71.0,nan,,ok
10178.008735000001,37949.0,,cache-misses:u,cache-misses,7490853.0,71.0,7.82,of all cache refs,ok
10178.008735000001,7447652.0,,stalled-cycles-frontend:u,stalled-cycles-frontend,2008197.0,19.0,33.31,frontend cycles idle,ok
10188.737615,7744035.0,,instructions:u,instructions,4292924.0,39.0,0.34,insn per cycle,ok
10188.737615,nan,,,,nan,nan,0.91,stalled cycles per insn,unknown
10188.737615,22575133.0,,cycles:u,cycles,3301835.0,30.0,nan,,ok
10188.737615,1869664.0,,branches:u,branches,4323274.0,40.0,nan,,ok
10188.737615,101859.0,,branch-misses:u,branch-misses,5358711.0,49.0,5.45,of all branches,ok
10188.737615,4179456.0,,L1-dcache-loads:u,l1-dcache-loads,5449858.0,50.0,nan,,ok
10188.737615,526146.0,,cache-references:u,cache-references,6441139.0,59.0,nan,,ok
10188.737615,28743.0,,cache-misses:u,cache-misses,7451629.0,68.0,5.46,of all cache refs,ok
10188.737615,7036499.0,,stalled-cycles-frontend:u,stalled-cycles-frontend,3429804.0,31.0,31.17,frontend cycles idle,ok
10199.453578,6814273.0,,instructions:u,instructions,4737705.0,44.0,0.37,insn per cycle,ok
10199.453578,nan,,,,nan,nan,0.94,stalled cycles per insn,unknown
10199.453578,18337622.0,,cycles:u,cycles,5693288.0,53.0,nan,,ok
10199.453578,1431456.0,,branches:u,branches,6751878.0,62.0,nan,,ok
10199.453578,117249.0,,branch-misses:u,branch-misses,7720595.0,72.0,8.19,of all branches,ok
10199.453578,5246031.0,,L1-dcache-loads:u,l1-dcache-loads,7101096.0,66.0,nan,,ok
10199.453578,501444.0,,cache-references:u,cache-references,6076086.0,56.0,nan,,ok
10199.453578,18933.0,,cache-misses:u,cache-misses,5108450.0,47.0,3.78,of all cache refs,ok
10199.453578,6414049.0,,stalled-cycles-frontend:u,stalled-cycles-frontend,2576139.0,24.0,34.98,frontend cycles idle,ok
10210.366551,6206358.0,,instructions:u,instructions,3008297.0,27.0,0.43,insn per cycle,ok
10210.366551,nan,,,,nan,nan,0.81,stalled cycles per insn,unknown
10210.366551,14525262.0,,cycles:u,cycles,3004199.0,27.0,nan,,ok
10210.366551,1013704.0,,branches:u,branches,4930797.0,45.0,nan,,ok
10210.366551,75931.0,,branch-misses:u,branch-misses,6916889.0,63.0,7.49,of all branches,ok
10210.366551,3128962.0,,L1-dcache-loads:u,l1-dcache-loads,7901876.0,72.0,nan,,ok
10210.366551,485519.0,,cache-references:u,cache-references,7980629.0,72.0,nan,,ok
10210.366551,42039.0,,cache-misses:u,cache-misses,8002678.0,72.0,8.66,of all cache refs,ok
10210.366551,5024677.0,,stalled-cycles-frontend:u,stalled-cycles-frontend,2003793.0,18.0,34.59,frontend cycles idle,ok
10221.475237,5520628.0,,instructions:u,instructions,5052406.0,45.0,0.26,insn per cycle,ok
10221.475237,nan,,,,nan,nan,1.09,stalled cycles per insn,unknown
10221.475237,21645813.0,,cycles:u,cycles,4102255.0,36.0,nan,,ok
10221.475237,1238702.0,,branches:u,branches,5133588.0,46.0,nan,,ok
10221.475237,76305.0,,branch-misses:u,branch-misses,6172031.0,55.0,6.16,of all branches,ok
10221.475237,3607625.0,,L1-dcache-loads:u,l1-dcache-loads,5211042.0,46.0,nan,,ok
10221.475237,557698.0,,cache-references:u,cache-references,5892857.0,52.0,nan,,ok
10221.475237,43116.0,,cache-misses:u,cache-misses,6867349.0,61.0,7.73,of all cache refs,ok
10221.475237,6002379.0,,stalled-cycles-frontend:u,stalled-cycles-frontend,3997656.0,35.0,27.73,frontend cycles idle,ok
10232.650555999999,3622002.0,,instructions:u,instructions,3950287.0,35.0,0.21,insn per cycle,ok
10232.650555999999,nan,,,,nan,nan,2.34,stalled cycles per insn,unknown
10232.650555999999,17533464.0,,cycles:u,cycles,4895418.0,43.0,nan,,ok
10232.650555999999,963798.0,,branches:u,branches,6854093.0,61.0,nan,,ok
10232.650555999999,81358.0,,branch-misses:u,branch-misses,8182267.0,73.0,8.44,of all branches,ok
10232.650555999999,3162930.0,,L1-dcache-loads:u,l1-dcache-loads,8183245.0,73.0,nan,,ok
10232.650555999999,529243.0,,cache-references:u,cache-references,7428750.0,66.0,nan,,ok
10232.650555999999,63114.0,,cache-misses:u,cache-misses,6453130.0,57.0,11.93,of all cache refs,ok
10232.650555999999,8474472.0,,stalled-cycles-frontend:u,stalled-cycles-frontend,2003048.0,17.0,48.33,frontend cycles idle,ok
10244.066175,6243725.0,,instructions:u,instructions,3721065.0,32.0,0.28,insn per cycle,ok
10244.066175,nan,,,,nan,nan,1.28,stalled cycles per insn,unknown
10244.066175,22457208.0,,cycles:u,cycles,3004641.0,26.0,nan,,ok
10244.066175,1590172.0,,branches:u,branches,3999380.0,34.0,nan,,ok
10244.066175,158042.0,,branch-misses:u,branch-misses,5654577.0,48.0,9.94,of all branches,ok
10244.066175,5438671.0,,L1-dcache-loads:u,l1-dcache-loads,6585859.0,56.0,nan,,ok
10244.066175,521392.0,,cache-references:u,cache-references,7566108.0,65.0,nan,,ok
10244.066175,33987.0,,cache-misses:u,cache-misses,8540153.0,73.0,6.52,of all cache refs,ok
10244.066175,7999159.0,,stalled-cycles-frontend:u,stalled-cycles-frontend,3151615.0,27.0,35.62,frontend cycles idle,ok
10255.58515,6123799.0,,instructions:u,instructions,5288848.0,46.0,0.27,insn per cycle,ok
10255.58515,nan,,,,nan,nan,1.26,stalled cycles per insn,unknown
10255.58515,22752544.0,,cycles:u,cycles,6001163.0,52.0,nan,,ok
10255.58515,1032399.0,,branches:u,branches,7187677.0,63.0,nan,,ok
10255.58515,96068.0,,branch-misses:u,branch-misses,8214575.0,72.0,9.31,of all branches,ok
10255.58515,2769989.0,,L1-dcache-loads:u,l1-dcache-loads,7235876.0,64.0,nan,,ok
10255.58515,610970.0,,cache-references:u,cache-references,6275238.0,55.0,nan,,ok
10255.58515,39766.0,,cache-misses:u,cache-misses,5311975.0,47.0,6.51,of all cache refs,ok
10255.58515,7712247.0,,stalled-cycles-frontend:u,stalled-cycles-frontend,2882518.0,25.0,33.9,frontend cycles idle,ok
10266.878555,4560465.0,,instructions:u,instructions,3007012.0,26.0,0.2,insn per cycle,ok
10266.878555,nan,,,,nan,nan,1.73,stalled cycles per insn,unknown
10266.878555,23246535.0,,cycles:u,cycles,3000104.0,26.0,nan,,ok
10266.878555,972273.0,,branches:u,branches,4810053.0,42.0,nan,,ok
10266.878555,95117.0,,branch-misses:u,branch-misses,6779405.0,59.0,9.78,of all branches,ok
10266.878555,3409653.0,,L1-dcache-loads:u,l1-dcache-loads,7757236.0,68.0,nan,,ok
10266.878555,484331.0,,cache-references:u,cache-references,8343360.0,73.0,nan,,ok
10266.878555,66289.0,,cache-misses:u,cache-misses,8354625.0,73.0,13.69,of all cache refs,ok
10266.878555,7909458.0,,stalled-cycles-frontend:u,stalled-cycles-frontend,2005032.0,17.0,34.02,frontend cycles idle,ok
10328.505261,35531696.0,,instructions:u,instructions,25021510.0,40.0,0.3,insn per cycle,ok
10328.505261,nan,,,,nan,nan,1.19,stalled cycles per insn,unknown
10328.505261,118578859.0,,cycles:u,cycles,25012080.0,40.0,nan,,ok
10328.505261,6035960.0,,branches:u,branches,32119857.0,52.0,nan,,ok
10328.505261,528823.0,,branch-misses:u,branch-misses,39135470.0,63.0,8.76,of all branches,ok
10328.505261,18006324.0,,L1-dcache-loads:u,l1-dcache-loads,38122216.0,61.0,nan,,ok
10328.505261,3073350.0,,cache-references:u,cache-references,36516181.0,59.0,nan,,ok
10328.505261,259473.0,,cache-misses:u,cache-misses,36506714.0,59.0,8.44,of all cache refs,ok
10328.505261,42441696.0,,stalled-cycles-frontend:u,stalled-cycles-frontend,16032480.0,26.0,35.79,frontend cycles idle,ok
10339.2607,7181127.0,,instructions:u,instructions,3000635.0,27.0,0.33,insn per cycle,ok
10339.2607,nan,,,,nan,nan,1.03,stalled cycles per insn,unknown
10339.2607,21602412.0,,cycles:u,cycles,2998389.0,27.0,nan,,ok
10339.2607,1171094.0,,branches:u,branches,4890991.0,45.0,nan,,ok
10339.2607,102491.0,,branch-misses:u,branch-misses,6867913.0,63.0,8.75,of all branches,ok
10339.2607,2801873.0,,L1-dcache-loads:u,l1-dcache-loads,7744640.0,72.0,nan,,ok
10339.2607,480898.0,,cache-references:u,cache-references,7746885.0,72.0,nan,,ok
10339.2607,72898.0,,cache-misses:u,cache-misses,7755584.0,72.0,15.16,of all cache refs,ok
10339.2607,7421380.0,,stalled-cycles-frontend:u,stalled-cycles-frontend,2005301.0,18.0,34.35,frontend cycles idle,ok
10350.00769,5230446.0,,instructions:u,instructions,4582762.0,42.0,0.21,insn per cycle,ok
10350.00769,nan,,,,nan,nan,1.47,stalled cycles per insn,unknown
10350.00769,24367198.0,,cycles:u,cycles,3606046.0,33.0,nan,,ok
10350.00769,612757.0,,branches:u,branches,4637779.0,43.0,nan,,ok
10350.00769,87167.0,,branch-misses:u,branch-misses,5651691.0,52.0,14.23,of all branches,ok
10350.00769,2315795.0,,L1-dcache-loads:u,l1-dcache-loads,5095402.0,47.0,nan,,ok
10350.00769,625892.0,,cache-references:u,cache-references,6069834.0,56.0,nan,,ok
10350.00769,61733.0,,cache-misses:u,cache-misses,7056337.0,65.0,9.86,of all cache refs,ok
10350.00769,7690781.0,,stalled-cycles-frontend:u,stalled-cycles-frontend,3744688.0,34.0,31.56,frontend cycles idle,ok
10361.087071,3658507.0,,instructions:u,instructions,4428219.0,40.0,0.18,insn per cycle,ok
10361.087071,nan,,,,nan,nan,1.74,stalled cycles per insn,unknown
10361.087071,20628005.0,,cycles:u,cycles,5382414.0,48.0,nan,,ok
10361.087071,694540.0,,branches:u,branches,7050126.0,63.0,nan,,ok
10361.087071,90933.0,,branch-misses:u,branch-misses,8040372.0,72.0,13.09,of all branches,ok
10361.087071,2563973.0,,L1-dcache-loads:u,l1-dcache-loads,7719361.0,69.0,nan,,ok
10361.087071,635600.0,,cache-references:u,cache-references,6747684.0,61.0,nan,,ok
10361.087071,40208.0,,cache-misses:u,cache-misses,5778526.0,52.0,6.33,of all cache refs,ok
10361.087071,6358185.0,,stalled-cycles-frontend:u,stalled-cycles-frontend,2268528.0,20.0,30.82,frontend cycles idle,ok
10371.819035,4513861.0,,instructions:u,instructions,3004467.0,30.0,0.24,insn per cycle,ok
10371.819035,nan,,,,nan,nan,1.45,stalled cycles per insn,unknown
10371.819035,18604293.0,,cycles:u,cycles,2998164.0,30.0,nan,,ok
10371.819035,958831.0,,branches:u,branches,4314658.0,44.0,nan,,ok
10371.819035,99023.0,,branch-misses:u,branch-misses,6293614.0,64.0,10.33,of all branches,ok
10371.819035,3189047.0,,L1-dcache-loads:u,l1-dcache-loads,6697165.0,69.0,nan,,ok
10371.819035,411676.0,,cache-references:u,cache-references,6675606.0,68.0,nan,,ok
10371.819035,55662.0,,cache-misses:u,cache-misses,6662008.0,68.0,13.52,of all cache refs,ok
10371.819035,6539140.0,,stalled-cycles-frontend:u,stalled-cycles-frontend,2004552.0,20.0,35.15,frontend cycles idle,ok
10382.720989,nan,,instructions:u,instructions,0.0,100.0,nan,,ok
10382.720989,nan,,cycles:u,cycles,0.0,100.0,nan,,ok
10382.720989,nan,,branches:u,branches,0.0,100.0,nan,,ok
10382.720989,nan,,branch-misses:u,branch-misses,0.0,100.0,nan,,ok
10382.720989,nan,,L1-dcache-loads:u,l1-dcache-loads,0.0,100.0,nan,,ok
10382.720989,nan,,cache-references:u,cache-references,0.0,100.0,nan,,ok
10382.720989,nan,,cache-misses:u,cache-misses,0.0,100.0,nan,,ok
10382.720989,nan,,stalled-cycles-frontend:u,stalled-cycles-frontend,0.0,100.0,nan,,ok
10394.176919,6024268.0,,instructions:u,instructions,3988278.0,38.0,0.32,insn per cycle,ok
10394.176919,nan,,,,nan,nan,0.97,stalled cycles per insn,unknown
10394.176919,19035859.0,,cycles:u,cycles,4987718.0,47.0,nan,,ok
10394.176919,871041.0,,branches:u,branches,6475843.0,61.0,nan,,ok
10394.176919,89537.0,,branch-misses:u,branch-misses,7500183.0,71.0,10.28,of all branches,ok
10394.176919,2574819.0,,L1-dcache-loads:u,l1-dcache-loads,7516246.0,71.0,nan,,ok
10394.176919,465682.0,,cache-references:u,cache-references,6545398.0,62.0,nan,,ok
10394.176919,44704.0,,cache-misses:u,cache-misses,5564461.0,52.0,9.6,of all cache refs,ok
10394.176919,5817438.0,,stalled-cycles-frontend:u,stalled-cycles-frontend,2003437.0,18.0,30.56,frontend cycles idle,ok
10405.049349,8577053.0,,instructions:u,instructions,3012539.0,29.0,0.48,insn per cycle,ok
10405.049349,nan,,,,nan,nan,0.97,stalled cycles per insn,unknown
10405.049349,17971683.0,,cycles:u,cycles,3003051.0,29.0,nan,,ok
10405.049349,1365023.0,,branches:u,branches,4144529.0,41.0,nan,,ok
10405.049349,99802.0,,branch-misses:u,branch-misses,6112157.0,60.0,7.31,of all branches,ok
10405.049349,2764968.0,,L1-dcache-loads:u,l1-dcache-loads,7081574.0,70.0,nan,,ok
10405.049349,399430.0,,cache-references:u,cache-references,7072501.0,70.0,nan,,ok
10405.049349,47594.0,,cache-misses:u,cache-misses,7084819.0,70.0,11.92,of all cache refs,ok
10405.049349,8312929.0,,stalled-cycles-frontend:u,stalled-cycles-frontend,2000600.0,19.0,46.26,frontend cycles idle,ok
10416.281593000002,5489799.0,,instructions:u,instructions,4858071.0,44.0,0.26,insn per cycle,ok
10416.281593000002,nan,,,,nan,nan,1.48,stalled cycles per insn,unknown
10416.281593000002,21002917.0,,cycles:u,cycles,3877178.0,35.0,nan,,ok
10416.281593000002,955446.0,,branches:u,branches,4544519.0,41.0,nan,,ok
10416.281593000002,95088.0,,branch-misses:u,branch-misses,5565976.0,51.0,9.95,of all branches,ok
10416.281593000002,3019100.0,,L1-dcache-loads:u,l1-dcache-loads,4924585.0,45.0,nan,,ok
10416.281593000002,613776.0,,cache-references:u,cache-references,5892878.0,54.0,nan,,ok
10416.281593000002,68149.0,,cache-misses:u,cache-misses,6873420.0,63.0,11.1,of all cache refs,ok
10416.281593000002,8115068.0,,stalled-cycles-frontend:u,stalled-cycles-frontend,3984120.0,36.0,38.64,frontend cycles idle,ok
10430.512794,6548062.0,,instructions:u,instructions,4101806.0,29.0,0.27,insn per cycle,ok
10430.512794,nan,,,,nan,nan,1.59,stalled cycles per insn,unknown
10430.512794,24209701.0,,cycles:u,cycles,4973155.0,35.0,nan,,ok
10430.512794,1240818.0,,branches:u,branches,6949760.0,49.0,nan,,ok
10430.512794,111917.0,,branch-misses:u,branch-misses,8925728.0,63.0,9.02,of all branches,ok
10430.512794,3872419.0,,L1-dcache-loads:u,l1-dcache-loads,9995138.0,70.0,nan,,ok
10430.512794,611711.0,,cache-references:u,cache-references,9999174.0,70.0,nan,,ok
10430.512794,74952.0,,cache-misses:u,cache-misses,9294701.0,65.0,12.25,of all cache refs,ok
10430.512794,10396418.0,,stalled-cycles-frontend:u,stalled-cycles-frontend,2196548.0,15.0,42.94,frontend cycles idle,ok
10441.904185,8187323.0,,instructions:u,instructions,5884467.0,51.0,0.38,insn per cycle,ok
10441.904185,nan,,,,nan,nan,1.22,stalled cycles per insn,unknown
10441.904185,21733179.0,,cycles:u,cycles,5515618.0,48.0,nan,,ok
10441.904185,2015145.0,,branches:u,branches,6537033.0,57.0,nan,,ok
10441.904185,164774.0,,branch-misses:u,branch-misses,7551307.0,66.0,8.18,of all branches,ok
10441.904185,6346903.0,,L1-dcache-loads:u,l1-dcache-loads,6569654.0,58.0,nan,,ok
10441.904185,397498.0,,cache-references:u,cache-references,5590973.0,49.0,nan,,ok
10441.904185,57326.0,,cache-misses:u,cache-misses,5695523.0,50.0,14.42,of all cache refs,ok
10441.904185,9998510.0,,stalled-cycles-frontend:u,stalled-cycles-frontend,3668862.0,32.0,46.01,frontend cycles idle,ok
10478.567792,27070369.0,,instructions:u,instructions,12175841.0,33.0,0.35,insn per cycle,ok
10478.567792,nan,,,,nan,nan,1.02,stalled cycles per insn,unknown
10478.567792,77570838.0,,cycles:u,cycles,12482804.0,34.0,nan,,ok
10478.567792,5441771.0,,branches:u,branches,17468092.0,47.0,nan,,ok
10478.567792,461930.0,,branch-misses:u,branch-misses,22444757.0,61.0,8.49,of all branches,ok
10478.567792,14901829.0,,L1-dcache-loads:u,l1-dcache-loads,23428133.0,63.0,nan,,ok
10478.567792,1355188.0,,cache-references:u,cache-references,24400286.0,66.0,nan,,ok
10478.567792,187633.0,,cache-misses:u,cache-misses,24280661.0,66.0,13.85,of all cache refs,ok
10478.567792,27570063.0,,stalled-cycles-frontend:u,stalled-cycles-frontend,8303200.0,22.0,35.54,frontend cycles idle,ok
10489.358203,5056889.0,,instructions:u,instructions,5774039.0,53.0,0.25,insn per cycle,ok
10489.358203,nan,,,,nan,nan,1.64,stalled cycles per insn,unknown
10489.358203,20513260.0,,cycles:u,cycles,4953081.0,45.0,nan,,ok
10489.358203,1084935.0,,branches:u,branches,6006061.0,55.0,nan,,ok
10489.358203,101285.0,,branch-misses:u,branch-misses,7027053.0,64.0,9.34,of all branches,ok
10489.358203,2962477.0,,L1-dcache-loads:u,l1-dcache-loads,6073618.0,56.0,nan,,ok
10489.358203,457849.0,,cache-references:u,cache-references,5075925.0,46.0,nan,,ok
10489.358203,50182.0,,cache-misses:u,cache-misses,5733216.0,53.0,10.96,of all cache refs,ok
10489.358203,8315798.0,,stalled-cycles-frontend:u,stalled-cycles-frontend,3705230.0,34.0,40.54,frontend cycles idle,ok
10504.411082,11759320.0,,instructions:u,instructions,3960553.0,28.0,0.42,insn per cycle,ok
10504.411082,nan,,,,nan,nan,0.69,stalled cycles per insn,unknown
10504.411082,27684447.0,,cycles:u,cycles,4041439.0,29.0,nan,,ok
10504.411082,2475645.0,,branches:u,branches,5988507.0,43.0,nan,,ok
10504.411082,224480.0,,branch-misses:u,branch-misses,7964504.0,57.0,9.07,of all branches,ok
10504.411082,7244010.0,,L1-dcache-loads:u,l1-dcache-loads,8931936.0,64.0,nan,,ok
10504.411082,601523.0,,cache-references:u,cache-references,9919593.0,71.0,nan,,ok
10504.411082,52535.0,,cache-misses:u,cache-misses,9891477.0,71.0,8.73,of all cache refs,ok
10504.411082,8105223.0,,stalled-cycles-frontend:u,stalled-cycles-frontend,2905382.0,21.0,29.28,frontend cycles idle,ok
10519.847243999999,7609066.0,,instructions:u,instructions,5159170.0,74.0,0.6,insn per cycle,ok
10519.847243999999,nan,,,,nan,nan,0.35,stalled cycles per insn,unknown
10519.847243999999,12626198.0,,cycles:u,cycles,3602673.0,51.0,nan,,ok
10519.847243999999,1880742.0,,branches:u,branches,3622152.0,51.0,nan,,ok
10519.847243999999,76057.0,,branch-misses:u,branch-misses,3640458.0,51.0,4.04,of all branches,ok
10519.847243999999,3293585.0,,L1-dcache-loads:u,l1-dcache-loads,2071576.0,29.0,nan,,ok
10519.847243999999,202396.0,,cache-references:u,cache-references,1921892.0,27.0,nan,,ok
10519.847243999999,21098.0,,cache-misses:u,cache-misses,3393166.0,47.0,10.42,of all cache refs,ok
10519.847243999999,2634272.0,,stalled-cycles-frontend:u,stalled-cycles-frontend,3990586.0,56.0,20.86,frontend cycles idle,ok
10531.233068000001,5866518.0,,instructions:u,instructions,3002082.0,26.0,0.28,insn per cycle,ok
10531.233068000001,nan,,,,nan,nan,1.0,stalled cycles per insn,unknown
10531.233068000001,21307413.0,,cycles:u,cycles,3558084.0,31.0,nan,,ok
10531.233068000001,1688402.0,,branches:u,branches,5539709.0,48.0,nan,,ok
10531.233068000001,90329.0,,branch-misses:u,branch-misses,7525737.0,66.0,5.35,of all branches,ok
10531.233068000001,3606196.0,,L1-dcache-loads:u,l1-dcache-loads,8392060.0,73.0,nan,,ok
10531.233068000001,548256.0,,cache-references:u,cache-references,8385443.0,73.0,nan,,ok
10531.233068000001,57905.0,,cache-misses:u,cache-misses,7937741.0,69.0,10.56,of all cache refs,ok
10531.233068000001,5839201.0,,stalled-cycles-frontend:u,stalled-cycles-frontend,2005123.0,17.0,27.4,frontend cycles idle,ok
10544.527024,1152392.0,,instructions:u,instructions,523632.0,12.0,0.13,insn per cycle,ok
10544.527024,9213813.0,,cycles:u,cycles,1523264.0,37.0,nan,,ok
10544.527024,493501.0,,branches:u,branches,2524692.0,62.0,nan,,ok
10544.527024,42776.0,,branch-misses:u,branch-misses,3524638.0,86.0,8.67,of all branches,ok
10544.527024,1168812.0,,L1-dcache-loads:u,l1-dcache-loads,3724961.0,92.0,nan,,ok
10544.527024,97314.0,,cache-references:u,cache-references,3486914.0,86.0,nan,,ok
10544.527024,26194.0,,cache-misses:u,cache-misses,2464205.0,61.0,26.92,of all cache refs,ok
10544.527024,nan,,stalled-cycles-frontend:u,stalled-cycles-frontend,0.0,0.0,nan,,ok
10560.517465,2959354.0,,instructions:u,instructions,2999294.0,36.0,0.16,insn per cycle,ok
10560.517465,nan,,,,nan,nan,2.4,stalled cycles per insn,unknown
10560.517465,18296298.0,,cycles:u,cycles,3000644.0,36.0,nan,,ok
10560.517465,696759.0,,branches:u,branches,4001896.0,47.0,nan,,ok
10560.517465,44543.0,,branch-misses:u,branch-misses,5001268.0,59.0,6.39,of all branches,ok
10560.517465,2448333.0,,L1-dcache-loads:u,l1-dcache-loads,4997478.0,58.0,nan,,ok
10560.517465,248890.0,,cache-references:u,cache-references,5629250.0,65.0,nan,,ok
10560.517465,42445.0,,cache-misses:u,cache-misses,5690655.0,65.0,17.05,of all cache refs,ok
10560.517465,7105221.0,,stalled-cycles-frontend:u,stalled-cycles-frontend,2001279.0,22.0,38.83,frontend cycles idle,ok
10576.546732,5084872.0,,instructions:u,instructions,6003702.0,37.0,0.16,insn per cycle,ok
10576.546732,nan,,,,nan,nan,1.27,stalled cycles per insn,unknown
10576.546732,31701549.0,,cycles:u,cycles,6021326.0,37.0,nan,,ok
10576.546732,1281053.0,,branches:u,branches,8006618.0,50.0,nan,,ok
10576.546732,84252.0,,branch-misses:u,branch-misses,10004859.0,63.0,6.58,of all branches,ok
10576.546732,3681257.0,,L1-dcache-loads:u,l1-dcache-loads,10006600.0,63.0,nan,,ok
10576.546732,568016.0,,cache-references:u,cache-references,9632945.0,61.0,nan,,ok
10576.546732,50940.0,,cache-misses:u,cache-misses,9581526.0,61.0,8.97,of all cache refs,ok
10576.546732,6477193.0,,stalled-cycles-frontend:u,stalled-cycles-frontend,4001135.0,25.0,20.43,frontend cycles idle,ok
10602.508265,10368243.0,,instructions:u,instructions,10111452.0,39.0,0.21,insn per cycle,ok
10602.508265,nan,,,,nan,nan,2.04,stalled cycles per insn,unknown
10602.508265,49348674.0,,cycles:u,cycles,9149270.0,35.0,nan,,ok
10602.508265,1875748.0,,branches:u,branches,12177960.0,47.0,nan,,ok
10602.508265,168027.0,,branch-misses:u,branch-misses,14769697.0,57.0,8.96,of all branches,ok
10602.508265,5768985.0,,L1-dcache-loads:u,l1-dcache-loads,14588483.0,57.0,nan,,ok
10602.508265,853890.0,,cache-references:u,cache-references,15238393.0,59.0,nan,,ok
10602.508265,131498.0,,cache-misses:u,cache-misses,16204398.0,63.0,15.4,of all cache refs,ok
10602.508265,21202496.0,,stalled-cycles-frontend:u,stalled-cycles-frontend,7281579.0,28.0,42.96,frontend cycles idle,ok
10617.511125,7343523.0,,instructions:u,instructions,4994909.0,33.0,0.23,insn per cycle,ok
10617.511125,nan,,,,nan,nan,2.05,stalled cycles per insn,unknown
10617.511125,31267077.0,,cycles:u,cycles,5863301.0,39.0,nan,,ok
10617.511125,2006150.0,,branches:u,branches,7833277.0,52.0,nan,,ok
10617.511125,117809.0,,branch-misses:u,branch-misses,9809045.0,65.0,5.87,of all branches,ok
10617.511125,4452422.0,,L1-dcache-loads:u,l1-dcache-loads,9996991.0,66.0,nan,,ok
10617.511125,454781.0,,cache-references:u,cache-references,9992304.0,66.0,nan,,ok
10617.511125,71949.0,,cache-misses:u,cache-misses,9231151.0,61.0,15.82,of all cache refs,ok
10617.511125,15035563.0,,stalled-cycles-frontend:u,stalled-cycles-frontend,2990630.0,19.0,48.09,frontend cycles idle,ok
10631.585787,7201610.0,,instructions:u,instructions,5903671.0,41.0,0.27,insn per cycle,ok
10631.585787,nan,,,,nan,nan,1.46,stalled cycles per insn,unknown
10631.585787,26857865.0,,cycles:u,cycles,6003777.0,42.0,nan,,ok
10631.585787,1397717.0,,branches:u,branches,8000026.0,56.0,nan,,ok
10631.585787,117291.0,,branch-misses:u,branch-misses,10002656.0,69.0,8.39,of all branches,ok
10631.585787,3738203.0,,L1-dcache-loads:u,l1-dcache-loads,9530216.0,66.0,nan,,ok
10631.585787,466793.0,,cache-references:u,cache-references,8589300.0,59.0,nan,,ok
10631.585787,77055.0,,cache-misses:u,cache-misses,8407178.0,58.0,16.51,of all cache refs,ok
10631.585787,10534393.0,,stalled-cycles-frontend:u,stalled-cycles-frontend,3731268.0,25.0,39.22,frontend cycles idle,ok
10703.508833,30257171.0,,instructions:u,instructions,26698185.0,37.0,0.23,insn per cycle,ok
10703.508833,nan,,,,nan,nan,1.72,stalled cycles per insn,unknown
10703.508833,131065602.0,,cycles:u,cycles,25739281.0,36.0,nan,,ok
10703.508833,5126084.0,,branches:u,branches,34152140.0,48.0,nan,,ok
10703.508833,435960.0,,branch-misses:u,branch-misses,41955503.0,59.0,8.5,of all branches,ok
10703.508833,14368379.0,,L1-dcache-loads:u,l1-dcache-loads,42378118.0,60.0,nan,,ok
10703.508833,2133060.0,,cache-references:u,cache-references,43497343.0,61.0,nan,,ok
10703.508833,293172.0,,cache-misses:u,cache-misses,44370852.0,63.0,13.74,of all cache refs,ok
10703.508833,51911327.0,,stalled-cycles-frontend:u,stalled-cycles-frontend,17856660.0,25.0,39.61,frontend cycles idle,ok
10716.519231,3523127.0,,instructions:u,instructions,3072192.0,23.0,0.15,insn per cycle,ok
10716.519231,nan,,,,nan,nan,2.58,stalled cycles per insn,unknown
10716.519231,24081671.0,,cycles:u,cycles,3801400.0,29.0,nan,,ok
10716.519231,578196.0,,branches:u,branches,5796250.0,44.0,nan,,ok
10716.519231,53342.0,,branch-misses:u,branch-misses,7813521.0,60.0,9.23,of all branches,ok
10716.519231,1770197.0,,L1-dcache-loads:u,l1-dcache-loads,8844121.0,68.0,nan,,ok
10716.519231,324730.0,,cache-references:u,cache-references,9764213.0,75.0,nan,,ok
10716.519231,44854.0,,cache-misses:u,cache-misses,9192991.0,70.0,13.81,of all cache refs,ok
10716.519231,9105268.0,,stalled-cycles-frontend:u,stalled-cycles-frontend,2227833.0,17.0,37.81,frontend cycles idle,ok
10729.653001,4894549.0,,instructions:u,instructions,5883881.0,44.0,0.21,insn per cycle,ok
10729.653001,nan,,,,nan,nan,2.12,stalled cycles per insn,unknown
10729.653001,23233489.0,,cycles:u,cycles,6004374.0,45.0,nan,,ok
10729.653001,985968.0,,branches:u,branches,8013912.0,61.0,nan,,ok
10729.653001,70178.0,,branch-misses:u,branch-misses,9282827.0,70.0,7.12,of all branches,ok
10729.653001,2705068.0,,L1-dcache-loads:u,l1-dcache-loads,8306918.0,63.0,nan,,ok
10729.653001,271101.0,,cache-references:u,cache-references,7333283.0,55.0,nan,,ok
10729.653001,38302.0,,cache-misses:u,cache-misses,7106573.0,54.0,14.13,of all cache refs,ok
10729.653001,10389320.0,,stalled-cycles-frontend:u,stalled-cycles-frontend,3721634.0,28.0,44.72,frontend cycles idle,ok
10743.523850000001,3019882.0,,instructions:u,instructions,5990751.0,43.0,0.11,insn per cycle,ok
10743.523850000001,nan,,,,nan,nan,5.04,stalled cycles per insn,unknown
10743.523850000001,28317367.0,,cycles:u,cycles,5186514.0,37.0,nan,,ok
10743.523850000001,744455.0,,branches:u,branches,6191387.0,44.0,nan,,ok
10743.523850000001,73350.0,,branch-misses:u,branch-misses,7934099.0,56.0,9.85,of all branches,ok
10743.523850000001,3229191.0,,L1-dcache-loads:u,l1-dcache-loads,7937929.0,56.0,nan,,ok
10743.523850000001,264389.0,,cache-references:u,cache-references,7954603.0,57.0,nan,,ok
10743.523850000001,44799.0,,cache-misses:u,cache-misses,8631592.0,61.0,16.94,of all cache refs,ok
10743.523850000001,15234485.0,,stalled-cycles-frontend:u,stalled-cycles-frontend,3992678.0,28.0,53.8,frontend cycles idle,ok
10789.495868,12546814.0,,instructions:u,instructions,16090847.0,35.0,0.15,insn per cycle,ok
10789.495868,nan,,,,nan,nan,2.83,stalled cycles per insn,unknown
10789.495868,84322324.0,,cycles:u,cycles,15775744.0,34.0,nan,,ok
10789.495868,2115250.0,,branches:u,branches,21782804.0,48.0,nan,,ok
10789.495868,226101.0,,branch-misses:u,branch-misses,27771513.0,61.0,10.69,of all branches,ok
10789.495868,7844039.0,,L1-dcache-loads:u,l1-dcache-loads,28154131.0,62.0,nan,,ok
10789.495868,1307354.0,,cache-references:u,cache-references,29055529.0,64.0,nan,,ok
10789.495868,160495.0,,cache-misses:u,cache-misses,29512552.0,65.0,12.28,of all cache refs,ok
10789.495868,35473865.0,,stalled-cycles-frontend:u,stalled-cycles-frontend,11235903.0,24.0,42.07,frontend cycles idle,ok
10802.51824,2739429.0,,instructions:u,instructions,4940797.0,37.0,0.11,insn per cycle,ok
10802.51824,nan,,,,nan,nan,3.02,stalled cycles per insn,unknown
10802.51824,24737878.0,,cycles:u,cycles,5900644.0,45.0,nan,,ok
10802.51824,535556.0,,branches:u,branches,7884426.0,60.0,nan,,ok
10802.51824,51455.0,,branch-misses:u,branch-misses,9849133.0,75.0,9.61,of all branches,ok
10802.51824,1840399.0,,L1-dcache-loads:u,l1-dcache-loads,9212234.0,70.0,nan,,ok
10802.51824,356526.0,,cache-references:u,cache-references,8248804.0,63.0,nan,,ok
10802.51824,34517.0,,cache-misses:u,cache-misses,7275346.0,55.0,9.68,of all cache refs,ok
10802.51824,8282408.0,,stalled-cycles-frontend:u,stalled-cycles-frontend,2793465.0,21.0,33.48,frontend cycles idle,ok
10820.522037,5195498.0,,instructions:u,instructions,6155839.0,35.0,0.15,insn per cycle,ok
10820.522037,nan,,,,nan,nan,2.69,stalled cycles per insn,unknown
10820.522037,33908668.0,,cycles:u,cycles,6150579.0,35.0,nan,,ok
10820.522037,884847.0,,branches:u,branches,8160185.0,47.0,nan,,ok
10820.522037,88272.0,,branch-misses:u,branch-misses,10147854.0,59.0,9.98,of all branches,ok
10820.522037,2919780.0,,L1-dcache-loads:u,l1-dcache-loads,10756932.0,62.0,nan,,ok
10820.522037,550018.0,,cache-references:u,cache-references,11045084.0,64.0,nan,,ok
10820.522037,27393.0,,cache-misses:u,cache-misses,11072071.0,64.0,4.98,of all cache refs,ok
10820.522037,14001049.0,,stalled-cycles-frontend:u,stalled-cycles-frontend,4169557.0,24.0,41.29,frontend cycles idle,ok
10870.516823000002,7142861.0,,instructions:u,instructions,16910975.0,35.0,0.08,insn per cycle,ok
10870.516823000002,nan,,,,nan,nan,4.93,stalled cycles per insn,unknown
10870.516823000002,84956620.0,,cycles:u,cycles,16753620.0,35.0,nan,,ok
10870.516823000002,1360388.0,,branches:u,branches,22589253.0,47.0,nan,,ok
10870.516823000002,159660.0,,branch-misses:u,branch-misses,28593777.0,60.0,11.74,of all branches,ok
10870.516823000002,5081477.0,,L1-dcache-loads:u,l1-dcache-loads,28617339.0,60.0,nan,,ok
10870.516823000002,993101.0,,cache-references:u,cache-references,30494163.0,64.0,nan,,ok
10870.516823000002,160536.0,,cache-misses:u,cache-misses,30756232.0,64.0,16.17,of all cache refs,ok
10870.516823000002,35246366.0,,stalled-cycles-frontend:u,stalled-cycles-frontend,12309725.0,25.0,41.49,frontend cycles idle,ok
10884.514617,2104187.0,,instructions:u,instructions,5896559.0,42.0,0.08,insn per cycle,ok
10884.514617,nan,,,,nan,nan,4.22,stalled cycles per insn,unknown
10884.514617,25841200.0,,cycles:u,cycles,6001556.0,42.0,nan,,ok
10884.514617,682206.0,,branches:u,branches,8000164.0,57.0,nan,,ok
10884.514617,63911.0,,branch-misses:u,branch-misses,9998783.0,71.0,9.37,of all branches,ok
10884.514617,2157574.0,,L1-dcache-loads:u,l1-dcache-loads,9162588.0,65.0,nan,,ok
10884.514617,291689.0,,cache-references:u,cache-references,8202999.0,58.0,nan,,ok
10884.514617,84468.0,,cache-misses:u,cache-misses,7969046.0,57.0,28.96,of all cache refs,ok
10884.514617,8877398.0,,stalled-cycles-frontend:u,stalled-cycles-frontend,3732300.0,26.0,34.35,frontend cycles idle,ok
10909.517743,4964496.0,,instructions:u,instructions,9017869.0,36.0,0.1,insn per cycle,ok
10909.517743,nan,,,,nan,nan,4.58,stalled cycles per insn,unknown
10909.517743,48883302.0,,cycles:u,cycles,9009537.0,36.0,nan,,ok
10909.517743,1071832.0,,branches:u,branches,12017356.0,48.0,nan,,ok
10909.517743,96451.0,,branch-misses:u,branch-misses,15011466.0,60.0,9.0,of all branches,ok
10909.517743,2995027.0,,L1-dcache-loads:u,l1-dcache-loads,15829356.0,63.0,nan,,ok
10909.517743,424615.0,,cache-references:u,cache-references,16003004.0,63.0,nan,,ok
10909.517743,79241.0,,cache-misses:u,cache-misses,16027029.0,64.0,18.66,of all cache refs,ok
10909.517743,22740651.0,,stalled-cycles-frontend:u,stalled-cycles-frontend,6011777.0,24.0,46.52,frontend cycles idle,ok
10923.512655999999,3941930.0,,instructions:u,instructions,6008470.0,45.0,0.16,insn per cycle,ok
10923.512655999999,nan,,,,nan,nan,2.62,stalled cycles per insn,unknown
10923.512655999999,24253394.0,,cycles:u,cycles,6112355.0,46.0,nan,,ok
10923.512655999999,592985.0,,branches:u,branches,7260299.0,55.0,nan,,ok
10923.512655999999,44605.0,,branch-misses:u,branch-misses,8287758.0,63.0,7.52,of all branches,ok
10923.512655999999,1313118.0,,L1-dcache-loads:u,l1-dcache-loads,7299122.0,55.0,nan,,ok
10923.512655999999,143553.0,,cache-references:u,cache-references,7089511.0,54.0,nan,,ok
10923.512655999999,18706.0,,cache-misses:u,cache-misses,6967751.0,53.0,13.03,of all cache refs,ok
10923.512655999999,10336605.0,,stalled-cycles-frontend:u,stalled-cycles-frontend,4007906.0,30.0,42.62,frontend cycles idle,ok
10952.550584,7414513.0,,instructions:u,instructions,9029100.0,32.0,0.13,insn per cycle,ok
10952.550584,nan,,,,nan,nan,3.36,stalled cycles per insn,unknown
10952.550584,57220795.0,,cycles:u,cycles,9005929.0,32.0,nan,,ok
10952.550584,1182975.0,,branches:u,branches,12868732.0,47.0,nan,,ok
10952.550584,110986.0,,branch-misses:u,branch-misses,16824047.0,61.0,9.38,of all branches,ok
10952.550584,3199684.0,,L1-dcache-loads:u,l1-dcache-loads,18122552.0,66.0,nan,,ok
10952.550584,517342.0,,cache-references:u,cache-references,18357406.0,67.0,nan,,ok
10952.550584,81669.0,,cache-misses:u,cache-misses,18388702.0,67.0,15.79,of all cache refs,ok
10952.550584,24912093.0,,stalled-cycles-frontend:u,stalled-cycles-frontend,6004957.0,21.0,43.54,frontend cycles idle,ok
10978.520801,6916560.0,,instructions:u,instructions,10120623.0,38.0,0.15,insn per cycle,ok
10978.520801,nan,,,,nan,nan,2.62,stalled cycles per insn,unknown
10978.520801,46496763.0,,cycles:u,cycles,9159203.0,35.0,nan,,ok
10978.520801,1007136.0,,branches:u,branches,12196983.0,46.0,nan,,ok
10978.520801,98763.0,,branch-misses:u,branch-misses,15229074.0,58.0,9.81,of all branches,ok
10978.520801,3038432.0,,L1-dcache-loads:u,l1-dcache-loads,14993593.0,57.0,nan,,ok
10978.520801,422023.0,,cache-references:u,cache-references,15702308.0,60.0,nan,,ok
10978.520801,62128.0,,cache-misses:u,cache-misses,16680778.0,64.0,14.72,of all cache refs,ok
10978.520801,18125146.0,,stalled-cycles-frontend:u,stalled-cycles-frontend,7292168.0,28.0,38.98,frontend cycles idle,ok
11004.535757,17488385.0,,instructions:u,instructions,10895321.0,41.0,0.33,insn per cycle,ok
11004.535757,nan,,,,nan,nan,0.83,stalled cycles per insn,unknown
11004.535757,53478997.0,,cycles:u,cycles,11038237.0,42.0,nan,,ok
11004.535757,3291103.0,,branches:u,branches,14066671.0,53.0,nan,,ok
11004.535757,185649.0,,branch-misses:u,branch-misses,17067937.0,65.0,5.64,of all branches,ok
11004.535757,6298355.0,,L1-dcache-loads:u,l1-dcache-loads,16323106.0,62.0,nan,,ok
11004.535757,477658.0,,cache-references:u,cache-references,15371248.0,58.0,nan,,ok
11004.535757,55881.0,,cache-misses:u,cache-misses,15002160.0,57.0,11.7,of all cache refs,ok
11004.535757,14485456.0,,stalled-cycles-frontend:u,stalled-cycles-frontend,6722727.0,25.0,27.09,frontend cycles idle,ok
11042.537672,17143338.0,,instructions:u,instructions,13143552.0,34.0,0.23,insn per cycle,ok
11042.537672,nan,,,,nan,nan,1.0,stalled cycles per insn,unknown
11042.537672,73273517.0,,cycles:u,cycles,13015058.0,34.0,nan,,ok
11042.537672,3493632.0,,branches:u,branches,18012891.0,47.0,nan,,ok
11042.537672,167376.0,,branch-misses:u,branch-misses,22986936.0,60.0,4.79,of all branches,ok
11042.537672,8002702.0,,L1-dcache-loads:u,l1-dcache-loads,23655159.0,62.0,nan,,ok
11042.537672,528865.0,,cache-references:u,cache-references,24618287.0,64.0,nan,,ok
11042.537672,56074.0,,cache-misses:u,cache-misses,24983862.0,65.0,10.6,of all cache refs,ok
11042.537672,17101919.0,,stalled-cycles-frontend:u,stalled-cycles-frontend,9395930.0,24.0,23.34,frontend cycles idle,ok
11080.528943,17645422.0,,instructions:u,instructions,13763915.0,40.0,0.28,insn per cycle,ok
11080.528943,nan,,,,nan,nan,0.92,stalled cycles per insn,unknown
11080.528943,62329686.0,,cycles:u,cycles,13862978.0,40.0,nan,,ok
11080.528943,3474935.0,,branches:u,branches,17870015.0,52.0,nan,,ok
11080.528943,194339.0,,branch-misses:u,branch-misses,21863028.0,64.0,5.59,of all branches,ok
11080.528943,9341255.0,,L1-dcache-loads:u,l1-dcache-loads,21137437.0,62.0,nan,,ok
11080.528943,576058.0,,cache-references:u,cache-references,20263673.0,59.0,nan,,ok
11080.528943,66808.0,,cache-misses:u,cache-misses,19990811.0,59.0,11.6,of all cache refs,ok
11080.528943,16178714.0,,stalled-cycles-frontend:u,stalled-cycles-frontend,8628532.0,25.0,25.96,frontend cycles idle,ok
11106.516732999999,6974072.0,,instructions:u,instructions,9024276.0,34.0,0.14,insn per cycle,ok
11106.516732999999,nan,,,,nan,nan,1.47,stalled cycles per insn,unknown
11106.516732999999,51588148.0,,cycles:u,cycles,9861720.0,37.0,nan,,ok
11106.516732999999,1716903.0,,branches:u,branches,13828296.0,53.0,nan,,ok
11106.516732999999,73236.0,,branch-misses:u,branch-misses,16966076.0,65.0,4.27,of all branches,ok
11106.516732999999,6112858.0,,L1-dcache-loads:u,l1-dcache-loads,16945046.0,65.0,nan,,ok
11106.516732999999,342675.0,,cache-references:u,cache-references,16923351.0,65.0,nan,,ok
11106.516732999999,51947.0,,cache-misses:u,cache-misses,16229102.0,62.0,15.16,of all cache refs,ok
11106.516732999999,10258294.0,,stalled-cycles-frontend:u,stalled-cycles-frontend,6013454.0,23.0,19.88,frontend cycles idle,ok
11120.525336,1400908.0,,instructions:u,instructions,5220156.0,39.0,0.06,insn per cycle,ok
11120.525336,nan,,,,nan,nan,9.55,stalled cycles per insn,unknown
11120.525336,25175097.0,,cycles:u,cycles,4307069.0,32.0,nan,,ok
11120.525336,644809.0,,branches:u,branches,5362770.0,40.0,nan,,ok
11120.525336,53785.0,,branch-misses:u,branch-misses,7258340.0,54.0,8.34,of all branches,ok
11120.525336,2065711.0,,L1-dcache-loads:u,l1-dcache-loads,7155424.0,54.0,nan,,ok
11120.525336,177152.0,,cache-references:u,cache-references,7792079.0,58.0,nan,,ok
11120.525336,28520.0,,cache-misses:u,cache-misses,8748140.0,66.0,16.1,of all cache refs,ok
11120.525336,13373706.0,,stalled-cycles-frontend:u,stalled-cycles-frontend,4073326.0,30.0,53.12,frontend cycles idle,ok
11170.576724,12241030.0,,instructions:u,instructions,18247585.0,37.0,0.13,insn per cycle,ok
11170.576724,nan,,,,nan,nan,3.43,stalled cycles per insn,unknown
11170.576724,97447230.0,,cycles:u,cycles,18302684.0,37.0,nan,,ok
11170.576724,2427886.0,,branches:u,branches,24179322.0,50.0,nan,,ok
11170.576724,209525.0,,branch-misses:u,branch-misses,30188462.0,62.0,8.63,of all branches,ok
11170.576724,7145006.0,,L1-dcache-loads:u,l1-dcache-loads,30209714.0,62.0,nan,,ok
11170.576724,958435.0,,cache-references:u,cache-references,29915038.0,62.0,nan,,ok
11170.576724,141391.0,,cache-misses:u,cache-misses,29869349.0,61.0,14.75,of all cache refs,ok
11170.576724,42001567.0,,stalled-cycles-frontend:u,stalled-cycles-frontend,11983220.0,24.0,43.1,frontend cycles idle,ok
11251.49923,17962340.0,,instructions:u,instructions,30793445.0,38.0,0.12,insn per cycle,ok
11251.49923,nan,,,,nan,nan,3.72,stalled cycles per insn,unknown
11251.49923,151165632.0,,cycles:u,cycles,30895724.0,38.0,nan,,ok
11251.49923,3485378.0,,branches:u,branches,40779432.0,50.0,nan,,ok
11251.49923,276050.0,,branch-misses:u,branch-misses,50739055.0,62.0,7.92,of all branches,ok
11251.49923,8868359.0,,L1-dcache-loads:u,l1-dcache-loads,50720212.0,62.0,nan,,ok
11251.49923,1204139.0,,cache-references:u,cache-references,50214688.0,62.0,nan,,ok
11251.49923,185806.0,,cache-misses:u,cache-misses,49894374.0,61.0,15.43,of all cache refs,ok
11251.49923,66865240.0,,stalled-cycles-frontend:u,stalled-cycles-frontend,19998784.0,24.0,44.23,frontend cycles idle,ok
11313.506301,15378609.0,,instructions:u,instructions,20884226.0,34.0,0.13,insn per cycle,ok
11313.506301,nan,,,,nan,nan,3.08,stalled cycles per insn,unknown
11313.506301,118824531.0,,cycles:u,cycles,21894798.0,36.0,nan,,ok
11313.506301,2639900.0,,branches:u,branches,29516844.0,49.0,nan,,ok
11313.506301,245882.0,,branch-misses:u,branch-misses,37474752.0,62.0,9.31,of all branches,ok
11313.506301,8463147.0,,L1-dcache-loads:u,l1-dcache-loads,38420545.0,64.0,nan,,ok
11313.506301,973766.0,,cache-references:u,cache-references,38696008.0,64.0,nan,,ok
11313.506301,121934.0,,cache-misses:u,cache-misses,37941712.0,63.0,12.52,of all cache refs,ok
11313.506301,47425477.0,,stalled-cycles-frontend:u,stalled-cycles-frontend,14029383.0,23.0,39.91,frontend cycles idle,ok
11325.502504,1368250.0,,instructions:u,instructions,4987246.0,47.0,0.07,insn per cycle,ok
11325.502504,nan,,,,nan,nan,7.36,stalled cycles per insn,unknown
11325.502504,18483740.0,,cycles:u,cycles,4719444.0,44.0,nan,,ok
11325.502504,269754.0,,branches:u,branches,5743699.0,54.0,nan,,ok
11325.502504,29024.0,,branch-misses:u,branch-misses,6779511.0,63.0,10.76,of all branches,ok
11325.502504,809229.0,,L1-dcache-loads:u,l1-dcache-loads,5786863.0,54.0,nan,,ok
11325.502504,201571.0,,cache-references:u,cache-references,5610281.0,52.0,nan,,ok
11325.502504,27453.0,,cache-misses:u,cache-misses,5782879.0,54.0,13.62,of all cache refs,ok
11325.502504,10064795.0,,stalled-cycles-frontend:u,stalled-cycles-frontend,3767839.0,35.0,54.45,frontend cycles idle,ok
11353.502381,5069811.0,,instructions:u,instructions,9378814.0,35.0,0.1,insn per cycle,ok
11353.502381,nan,,,,nan,nan,3.42,stalled cycles per insn,unknown
11353.502381,49843221.0,,cycles:u,cycles,10286147.0,38.0,nan,,ok
11353.502381,1289476.0,,branches:u,branches,14254424.0,54.0,nan,,ok
11353.502381,116684.0,,branch-misses:u,branch-misses,17359657.0,65.0,9.05,of all branches,ok
11353.502381,3752037.0,,L1-dcache-loads:u,l1-dcache-loads,17359015.0,65.0,nan,,ok
11353.502381,590177.0,,cache-references:u,cache-references,17104606.0,64.0,nan,,ok
11353.502381,82761.0,,cache-misses:u,cache-misses,16199673.0,61.0,14.02,of all cache refs,ok
11353.502381,17333332.0,,stalled-cycles-frontend:u,stalled-cycles-frontend,6015893.0,22.0,34.78,frontend cycles idle,ok
11365.509206,4084324.0,,instructions:u,instructions,4097283.0,34.0,0.16,insn per cycle,ok
11365.509206,nan,,,,nan,nan,1.47,stalled cycles per insn,unknown
11365.509206,25986114.0,,cycles:u,cycles,3134706.0,26.0,nan,,ok
11365.509206,448952.0,,branches:u,branches,4161940.0,34.0,nan,,ok
11365.509206,34207.0,,branch-misses:u,branch-misses,6052601.0,50.0,7.62,of all branches,ok
11365.509206,2042426.0,,L1-dcache-loads:u,l1-dcache-loads,6836139.0,56.0,nan,,ok
11365.509206,210766.0,,cache-references:u,cache-references,7816019.0,64.0,nan,,ok
11365.509206,43822.0,,cache-misses:u,cache-misses,8786765.0,72.0,20.79,of all cache refs,ok
11365.509206,6010841.0,,stalled-cycles-frontend:u,stalled-cycles-frontend,3271657.0,27.0,23.13,frontend cycles idle,ok
11382.528162999999,4841519.0,,instructions:u,instructions,6042187.0,37.0,0.14,insn per cycle,ok
11382.528162999999,nan,,,,nan,nan,2.31,stalled cycles per insn,unknown
11382.528162999999,34437798.0,,cycles:u,cycles,6070429.0,38.0,nan,,ok
11382.528162999999,859459.0,,branches:u,branches,8074323.0,50.0,nan,,ok
11382.528162999999,53955.0,,branch-misses:u,branch-misses,9978067.0,62.0,6.28,of all branches,ok
11382.528162999999,1428314.0,,L1-dcache-loads:u,l1-dcache-loads,9897903.0,61.0,nan,,ok
11382.528162999999,142936.0,,cache-references:u,cache-references,9893882.0,61.0,nan,,ok
11382.528162999999,21083.0,,cache-misses:u,cache-misses,9889629.0,61.0,14.75,of all cache refs,ok
11382.528162999999,11188010.0,,stalled-cycles-frontend:u,stalled-cycles-frontend,4090652.0,25.0,32.49,frontend cycles idle,ok
11405.491254999999,4255927.0,,instructions:u,instructions,7872328.0,41.0,0.11,insn per cycle,ok
11405.491254999999,nan,,,,nan,nan,3.0,stalled cycles per insn,unknown
11405.491254999999,38118839.0,,cycles:u,cycles,8808474.0,46.0,nan,,ok
11405.491254999999,651004.0,,branches:u,branches,10784304.0,57.0,nan,,ok
11405.491254999999,63188.0,,branch-misses:u,branch-misses,12749123.0,67.0,9.71,of all branches,ok
11405.491254999999,1885912.0,,L1-dcache-loads:u,l1-dcache-loads,12019348.0,64.0,nan,,ok
11405.491254999999,332679.0,,cache-references:u,cache-references,11013006.0,58.0,nan,,ok
11405.491254999999,45067.0,,cache-misses:u,cache-misses,10020657.0,53.0,13.55,of all cache refs,ok
11405.491254999999,12775726.0,,stalled-cycles-frontend:u,stalled-cycles-frontend,4644929.0,24.0,33.52,frontend cycles idle,ok
11419.798065,nan,,instructions:u,instructions,0.0,100.0,nan,,ok
11419.798065,nan,,cycles:u,cycles,0.0,100.0,nan,,ok
11419.798065,nan,,branches:u,branches,0.0,100.0,nan,,ok
11419.798065,nan,,branch-misses:u,branch-misses,0.0,100.0,nan,,ok
11419.798065,nan,,L1-dcache-loads:u,l1-dcache-loads,0.0,100.0,nan,,ok
11419.798065,nan,,cache-references:u,cache-references,0.0,100.0,nan,,ok
11419.798065,nan,,cache-misses:u,cache-misses,0.0,100.0,nan,,ok
11419.798065,nan,,stalled-cycles-frontend:u,stalled-cycles-frontend,0.0,100.0,nan,,ok
11433.727519,23905.0,,instructions:u,instructions,330240.0,7.0,0.01,insn per cycle,ok
11433.727519,nan,,,,nan,nan,69.22,stalled cycles per insn,unknown
11433.727519,3135554.0,,cycles:u,cycles,215510.0,5.0,nan,,ok
11433.727519,20911.0,,branches:u,branches,1173925.0,27.0,nan,,ok
11433.727519,5456.0,,branch-misses:u,branch-misses,2174201.0,50.0,26.09,of all branches,ok
11433.727519,232660.0,,L1-dcache-loads:u,l1-dcache-loads,2954914.0,68.0,nan,,ok
11433.727519,28046.0,,cache-references:u,cache-references,3955568.0,92.0,nan,,ok
11433.727519,8347.0,,cache-misses:u,cache-misses,4070298.0,94.0,29.76,of all cache refs,ok
11433.727519,1654638.0,,stalled-cycles-frontend:u,stalled-cycles-frontend,330240.0,7.0,52.77,frontend cycles idle,ok
11448.681544,nan,,instructions:u,instructions,0.0,0.0,nan,,ok
11448.681544,nan,,cycles:u,cycles,0.0,0.0,nan,,ok
11448.681544,nan,,branches:u,branches,0.0,0.0,nan,,ok
11448.681544,nan,,branch-misses:u,branch-misses,0.0,0.0,nan,,ok
11448.681544,410.0,,L1-dcache-loads:u,l1-dcache-loads,161183.0,100.0,nan,,ok
11448.681544,226.0,,cache-references:u,cache-references,161183.0,100.0,nan,,ok
11448.681544,60.0,,cache-misses:u,cache-misses,161183.0,100.0,26.55,of all cache refs,ok
11448.681544,nan,,stalled-cycles-frontend:u,stalled-cycles-frontend,0.0,0.0,nan,,ok
11463.427153999999,nan,,instructions:u,instructions,0.0,100.0,nan,,ok
11463.427153999999,nan,,cycles:u,cycles,0.0,100.0,nan,,ok
11463.427153999999,nan,,branches:u,branches,0.0,100.0,nan,,ok
11463.427153999999,nan,,branch-misses:u,branch-misses,0.0,100.0,nan,,ok
11463.427153999999,nan,,L1-dcache-loads:u,l1-dcache-loads,0.0,100.0,nan,,ok
11463.427153999999,nan,,cache-references:u,cache-references,0.0,100.0,nan,,ok
11463.427153999999,nan,,cache-misses:u,cache-misses,0.0,100.0,nan,,ok
11463.427153999999,nan,,stalled-cycles-frontend:u,stalled-cycles-frontend,0.0,100.0,nan,,ok
11475.123876,nan,,instructions:u,instructions,0.0,100.0,nan,,ok
11475.123876,nan,,cycles:u,cycles,0.0,100.0,nan,,ok
11475.123876,nan,,branches:u,branches,0.0,100.0,nan,,ok
11475.123876,nan,,branch-misses:u,branch-misses,0.0,100.0,nan,,ok
11475.123876,nan,,L1-dcache-loads:u,l1-dcache-loads,0.0,100.0,nan,,ok
11475.123876,nan,,cache-references:u,cache-references,0.0,100.0,nan,,ok
11475.123876,nan,,cache-misses:u,cache-misses,0.0,100.0,nan,,ok
11475.123876,nan,,stalled-cycles-frontend:u,stalled-cycles-frontend,0.0,100.0,nan,,ok
11486.625763,159093.0,,instructions:u,instructions,1736384.0,44.0,0.02,insn per cycle,ok
11486.625763,nan,,,,nan,nan,30.02,stalled cycles per insn,unknown
11486.625763,6499997.0,,cycles:u,cycles,2758640.0,69.0,nan,,ok
11486.625763,46068.0,,branches:u,branches,3743725.0,94.0,nan,,ok
11486.625763,5450.0,,branch-misses:u,branch-misses,4001880.0,100.0,11.83,of all branches,ok
11486.625763,177086.0,,L1-dcache-loads:u,l1-dcache-loads,3266204.0,81.0,nan,,ok
11486.625763,33001.0,,cache-references:u,cache-references,2310932.0,57.0,nan,,ok
11486.625763,9656.0,,cache-misses:u,cache-misses,1311828.0,32.0,29.26,of all cache refs,ok
11486.625763,4775259.0,,stalled-cycles-frontend:u,stalled-cycles-frontend,756398.0,18.0,73.47,frontend cycles idle,ok
11498.332337000002,3975843.0,,instructions:u,instructions,3944648.0,33.0,0.17,insn per cycle,ok
11498.332337000002,nan,,,,nan,nan,2.34,stalled cycles per insn,unknown
11498.332337000002,23311169.0,,cycles:u,cycles,3001630.0,25.0,nan,,ok
11498.332337000002,402370.0,,branches:u,branches,4031554.0,34.0,nan,,ok
11498.332337000002,37367.0,,branch-misses:u,branch-misses,5796263.0,49.0,9.29,of all branches,ok
11498.332337000002,1394440.0,,L1-dcache-loads:u,l1-dcache-loads,6714179.0,56.0,nan,,ok
11498.332337000002,166645.0,,cache-references:u,cache-references,7683041.0,65.0,nan,,ok
11498.332337000002,19090.0,,cache-misses:u,cache-misses,8662197.0,73.0,11.46,of all cache refs,ok
11498.332337000002,9298276.0,,stalled-cycles-frontend:u,stalled-cycles-frontend,3125055.0,26.0,39.89,frontend cycles idle,ok
11513.53003,774379.0,,instructions:u,instructions,2075894.0,98.0,0.17,insn per cycle,ok
11513.53003,nan,,,,nan,nan,1.15,stalled cycles per insn,unknown
11513.53003,4460643.0,,cycles:u,cycles,2055816.0,98.0,nan,,ok
11513.53003,148315.0,,branches:u,branches,2027722.0,100.0,nan,,ok
11513.53003,9115.0,,branch-misses:u,branch-misses,2000251.0,100.0,6.15,of all branches,ok
11513.53003,298998.0,,L1-dcache-loads:u,l1-dcache-loads,1056701.0,53.0,nan,,ok
11513.53003,0.0,,cache-references:u,cache-references,39212.0,1.0,nan,,ok
11513.53003,nan,,cache-misses:u,cache-misses,0.0,0.0,nan,,ok
11513.53003,890808.0,,stalled-cycles-frontend:u,stalled-cycles-frontend,876908.0,45.0,19.97,frontend cycles idle,ok
11525.314935999999,nan,,instructions:u,instructions,0.0,0.0,nan,,ok
11525.314935999999,6852754.0,,cycles:u,cycles,968299.0,29.0,nan,,ok
11525.314935999999,68048.0,,branches:u,branches,1954726.0,59.0,nan,,ok
11525.314935999999,12102.0,,branch-misses:u,branch-misses,2977795.0,89.0,17.78,of all branches,ok
11525.314935999999,399265.0,,L1-dcache-loads:u,l1-dcache-loads,3310980.0,100.0,nan,,ok
11525.314935999999,55304.0,,cache-references:u,cache-references,3310980.0,100.0,nan,,ok
11525.314935999999,12254.0,,cache-misses:u,cache-misses,2342681.0,70.0,22.16,of all cache refs,ok
11525.314935999999,nan,,stalled-cycles-frontend:u,stalled-cycles-frontend,0.0,0.0,nan,,ok
11536.720843,225819.0,,instructions:u,instructions,2422744.0,65.0,0.03,insn per cycle,ok
11536.720843,nan,,,,nan,nan,15.44,stalled cycles per insn,unknown
11536.720843,7428968.0,,cycles:u,cycles,2998633.0,80.0,nan,,ok
11536.720843,94692.0,,branches:u,branches,3347798.0,88.0,nan,,ok
11536.720843,8615.0,,branch-misses:u,branch-misses,3375891.0,88.0,9.1,of all branches,ok
11536.720843,311636.0,,L1-dcache-loads:u,l1-dcache-loads,2396338.0,62.0,nan,,ok
11536.720843,65065.0,,cache-references:u,cache-references,1436433.0,37.0,nan,,ok
11536.720843,7342.0,,cache-misses:u,cache-misses,880780.0,22.0,11.28,of all cache refs,ok
11536.720843,3487624.0,,stalled-cycles-frontend:u,stalled-cycles-frontend,1425002.0,36.0,46.95,frontend cycles idle,ok
11548.687653,6674370.0,,instructions:u,instructions,3319336.0,27.0,0.25,insn per cycle,ok
11548.687653,nan,,,,nan,nan,0.67,stalled cycles per insn,unknown
11548.687653,26421228.0,,cycles:u,cycles,3001985.0,24.0,nan,,ok
11548.687653,1102746.0,,branches:u,branches,4656139.0,38.0,nan,,ok
11548.687653,60726.0,,branch-misses:u,branch-misses,6623644.0,55.0,5.51,of all branches,ok
11548.687653,2139192.0,,L1-dcache-loads:u,l1-dcache-loads,7607919.0,63.0,nan,,ok
11548.687653,197767.0,,cache-references:u,cache-references,8558501.0,71.0,nan,,ok
11548.687653,25314.0,,cache-misses:u,cache-misses,9009437.0,75.0,12.8,of all cache refs,ok
11548.687653,4504440.0,,stalled-cycles-frontend:u,stalled-cycles-frontend,2517150.0,20.0,17.05,frontend cycles idle,ok
11562.511308,302870.0,,instructions:u,instructions,1988355.0,100.0,0.09,insn per cycle,ok
11562.511308,nan,,,,nan,nan,2.09,stalled cycles per insn,unknown
11562.511308,3230281.0,,cycles:u,cycles,1298598.0,66.0,nan,,ok
11562.511308,73060.0,,branches:u,branches,1298598.0,67.0,nan,,ok
11562.511308,5086.0,,branch-misses:u,branch-misses,1298598.0,68.0,6.96,of all branches,ok
11562.511308,90851.0,,L1-dcache-loads:u,l1-dcache-loads,300416.0,15.0,nan,,ok
11562.511308,nan,,cache-references:u,cache-references,0.0,0.0,nan,,ok
11562.511308,499.0,,cache-misses:u,cache-misses,535936.0,29.0,nan,,ok
11562.511308,633818.0,,stalled-cycles-frontend:u,stalled-cycles-frontend,1491442.0,83.0,19.62,frontend cycles idle,ok
11576.515967000001,2303618.0,,instructions:u,instructions,3289120.0,47.0,0.17,insn per cycle,ok
11576.515967000001,nan,,,,nan,nan,2.17,stalled cycles per insn,unknown
11576.515967000001,13286109.0,,cycles:u,cycles,3484131.0,50.0,nan,,ok
11576.515967000001,238095.0,,branches:u,branches,3677145.0,52.0,nan,,ok
11576.515967000001,22765.0,,branch-misses:u,branch-misses,3706692.0,53.0,9.56,of all branches,ok
11576.515967000001,527012.0,,L1-dcache-loads:u,l1-dcache-loads,3717093.0,53.0,nan,,ok
11576.515967000001,118662.0,,cache-references:u,cache-references,3755859.0,53.0,nan,,ok
11576.515967000001,23692.0,,cache-misses:u,cache-misses,3586774.0,50.0,19.97,of all cache refs,ok
11576.515967000001,5004837.0,,stalled-cycles-frontend:u,stalled-cycles-frontend,2292921.0,32.0,37.67,frontend cycles idle,ok
11590.513556,1369725.0,,instructions:u,instructions,2978972.0,42.0,0.1,insn per cycle,ok
11590.513556,nan,,,,nan,nan,3.36,stalled cycles per insn,unknown
11590.513556,13431803.0,,cycles:u,cycles,2057604.0,29.0,nan,,ok
11590.513556,240408.0,,branches:u,branches,2866298.0,41.0,nan,,ok
11590.513556,22464.0,,branch-misses:u,branch-misses,3836501.0,56.0,9.34,of all branches,ok
11590.513556,564732.0,,L1-dcache-loads:u,l1-dcache-loads,3800915.0,55.0,nan,,ok
11590.513556,88680.0,,cache-references:u,cache-references,3791070.0,55.0,nan,,ok
11590.513556,8532.0,,cache-misses:u,cache-misses,4686512.0,69.0,9.62,of all cache refs,ok
11590.513556,4604639.0,,stalled-cycles-frontend:u,stalled-cycles-frontend,1983202.0,29.0,34.28,frontend cycles idle,ok
11603.496232,148237.0,,instructions:u,instructions,1069382.0,51.0,0.05,insn per cycle,ok
11603.496232,nan,,,,nan,nan,15.03,stalled cycles per insn,unknown
11603.496232,2766989.0,,cycles:u,cycles,104762.0,5.0,nan,,ok
11603.496232,15172.0,,branches:u,branches,136222.0,6.0,nan,,ok
11603.496232,1423.0,,branch-misses:u,branch-misses,171257.0,7.0,9.38,of all branches,ok
11603.496232,nan,,L1-dcache-loads:u,l1-dcache-loads,0.0,0.0,nan,,ok
11603.496232,10898.0,,cache-references:u,cache-references,989057.0,45.0,nan,,ok
11603.496232,5537.0,,cache-misses:u,cache-misses,1985771.0,90.0,50.81,of all cache refs,ok
11603.496232,2228173.0,,stalled-cycles-frontend:u,stalled-cycles-frontend,1229354.0,55.0,80.53,frontend cycles idle,ok
11648.504784,3399974.0,,instructions:u,instructions,8969311.0,44.0,0.09,insn per cycle,ok
11648.504784,nan,,,,nan,nan,5.18,stalled cycles per insn,unknown
11648.504784,36631194.0,,cycles:u,cycles,8936930.0,44.0,nan,,ok
11648.504784,741942.0,,branches:u,branches,10889056.0,54.0,nan,,ok
11648.504784,64793.0,,branch-misses:u,branch-misses,12842728.0,64.0,8.73,of all branches,ok
11648.504784,2715229.0,,L1-dcache-loads:u,l1-dcache-loads,11975342.0,60.0,nan,,ok
11648.504784,275964.0,,cache-references:u,cache-references,11015127.0,55.0,nan,,ok
11648.504784,59957.0,,cache-misses:u,cache-misses,11015414.0,55.0,21.73,of all cache refs,ok
11648.504784,17615667.0,,stalled-cycles-frontend:u,stalled-cycles-frontend,5805660.0,29.0,48.09,frontend cycles idle,ok
11660.87852,420541.0,,instructions:u,instructions,1951071.0,58.0,0.06,insn per cycle,ok
11660.87852,nan,,,,nan,nan,6.65,stalled cycles per insn,unknown
11660.87852,6701671.0,,cycles:u,cycles,2942295.0,88.0,nan,,ok
11660.87852,77717.0,,branches:u,branches,3338557.0,100.0,nan,,ok
11660.87852,5766.0,,branch-misses:u,branch-misses,3338557.0,100.0,7.42,of all branches,ok
11660.87852,184025.0,,L1-dcache-loads:u,l1-dcache-loads,2389095.0,71.0,nan,,ok
11660.87852,18809.0,,cache-references:u,cache-references,1387486.0,41.0,nan,,ok
11660.87852,1491.0,,cache-misses:u,cache-misses,396262.0,11.0,7.93,of all cache refs,ok
11660.87852,2796669.0,,stalled-cycles-frontend:u,stalled-cycles-frontend,949462.0,28.0,41.73,frontend cycles idle,ok
11673.024567,494082.0,,instructions:u,instructions,983411.0,21.0,0.05,insn per cycle,ok
11673.024567,9945924.0,,cycles:u,cycles,1982822.0,43.0,nan,,ok
11673.024567,124251.0,,branches:u,branches,2979791.0,64.0,nan,,ok
11673.024567,11444.0,,branch-misses:u,branch-misses,3978013.0,85.0,9.21,of all branches,ok
11673.024567,307819.0,,L1-dcache-loads:u,l1-dcache-loads,4671860.0,100.0,nan,,ok
11673.024567,37478.0,,cache-references:u,cache-references,3721707.0,79.0,nan,,ok
11673.024567,8000.0,,cache-misses:u,cache-misses,2752135.0,58.0,21.35,of all cache refs,ok
11673.024567,nan,,stalled-cycles-frontend:u,stalled-cycles-frontend,0.0,0.0,nan,,ok
11686.508973,3134571.0,,instructions:u,instructions,5870262.0,47.0,0.13,insn per cycle,ok
11686.508973,nan,,,,nan,nan,3.72,stalled cycles per insn,unknown
11686.508973,24081799.0,,cycles:u,cycles,4885592.0,39.0,nan,,ok
11686.508973,886663.0,,branches:u,branches,5910405.0,48.0,nan,,ok
11686.508973,78965.0,,branch-misses:u,branch-misses,6936206.0,56.0,8.91,of all branches,ok
11686.508973,2287274.0,,L1-dcache-loads:u,l1-dcache-loads,6282401.0,51.0,nan,,ok
11686.508973,179865.0,,cache-references:u,cache-references,6266495.0,51.0,nan,,ok
11686.508973,49896.0,,cache-misses:u,cache-misses,7251422.0,59.0,27.74,of all cache refs,ok
11686.508973,11671974.0,,stalled-cycles-frontend:u,stalled-cycles-frontend,4006128.0,32.0,48.47,frontend cycles idle,ok
11715.52962,16760611.0,,instructions:u,instructions,9916893.0,36.0,0.31,insn per cycle,ok
11715.52962,nan,,,,nan,nan,0.84,stalled cycles per insn,unknown
11715.52962,54925387.0,,cycles:u,cycles,10852827.0,40.0,nan,,ok
11715.52962,2321542.0,,branches:u,branches,14861803.0,54.0,nan,,ok
11715.52962,140515.0,,branch-misses:u,branch-misses,18046471.0,66.0,6.05,of all branches,ok
11715.52962,4581691.0,,L1-dcache-loads:u,l1-dcache-loads,18050735.0,66.0,nan,,ok
11715.52962,635455.0,,cache-references:u,cache-references,17281627.0,63.0,nan,,ok
11715.52962,91428.0,,cache-misses:u,cache-misses,16346519.0,60.0,14.39,of all cache refs,ok
11715.52962,13995356.0,,stalled-cycles-frontend:u,stalled-cycles-frontend,6014159.0,22.0,25.48,frontend cycles idle,ok
11737.4989,11743912.0,,instructions:u,instructions,8105546.0,38.0,0.3,insn per cycle,ok
11737.4989,nan,,,,nan,nan,0.64,stalled cycles per insn,unknown
11737.4989,38586198.0,,cycles:u,cycles,7123729.0,34.0,nan,,ok
11737.4989,2946370.0,,branches:u,branches,9147933.0,43.0,nan,,ok
11737.4989,39516.0,,branch-misses:u,branch-misses,11921241.0,57.0,1.34,of all branches,ok
11737.4989,7224998.0,,L1-dcache-loads:u,l1-dcache-loads,11844237.0,56.0,nan,,ok
11737.4989,164845.0,,cache-references:u,cache-references,12675367.0,60.0,nan,,ok
11737.4989,12158.0,,cache-misses:u,cache-misses,13644248.0,65.0,7.38,of all cache refs,ok
11737.4989,7515220.0,,stalled-cycles-frontend:u,stalled-cycles-frontend,6046542.0,29.0,19.48,frontend cycles idle,ok
11750.510984,5520258.0,,instructions:u,instructions,3936931.0,30.0,0.24,insn per cycle,ok
11750.510984,nan,,,,nan,nan,0.06,stalled cycles per insn,unknown
11750.510984,23183521.0,,cycles:u,cycles,4922921.0,37.0,nan,,ok
11750.510984,1671470.0,,branches:u,branches,6901801.0,53.0,nan,,ok
11750.510984,56975.0,,branch-misses:u,branch-misses,8889159.0,68.0,3.41,of all branches,ok
11750.510984,4949610.0,,L1-dcache-loads:u,l1-dcache-loads,9879042.0,75.0,nan,,ok
11750.510984,193536.0,,cache-references:u,cache-references,9175311.0,70.0,nan,,ok
11750.510984,20952.0,,cache-misses:u,cache-misses,8195841.0,62.0,10.83,of all cache refs,ok
11750.510984,314884.0,,stalled-cycles-frontend:u,stalled-cycles-frontend,1999880.0,15.0,1.36,frontend cycles idle,ok
11764.500153,3420471.0,,instructions:u,instructions,5999797.0,42.0,0.13,insn per cycle,ok
11764.500153,nan,,,,nan,nan,3.24,stalled cycles per insn,unknown
11764.500153,26832661.0,,cycles:u,cycles,5998190.0,42.0,nan,,ok
11764.500153,645033.0,,branches:u,branches,7999045.0,56.0,nan,,ok
11764.500153,57917.0,,branch-misses:u,branch-misses,9184506.0,65.0,8.98,of all branches,ok
11764.500153,2004916.0,,L1-dcache-loads:u,l1-dcache-loads,8216089.0,58.0,nan,,ok
11764.500153,337779.0,,cache-references:u,cache-references,8075402.0,57.0,nan,,ok
11764.500153,32242.0,,cache-misses:u,cache-misses,8078538.0,57.0,9.55,of all cache refs,ok
11764.500153,11071317.0,,stalled-cycles-frontend:u,stalled-cycles-frontend,3995977.0,28.0,41.26,frontend cycles idle,ok
11794.509547,9842158.0,,instructions:u,instructions,12020977.0,40.0,0.16,insn per cycle,ok
11794.509547,nan,,,,nan,nan,2.67,stalled cycles per insn,unknown
11794.509547,62365456.0,,cycles:u,cycles,11096562.0,37.0,nan,,ok
11794.509547,2342592.0,,branches:u,branches,14130361.0,47.0,nan,,ok
11794.509547,175109.0,,branch-misses:u,branch-misses,17975632.0,60.0,7.48,of all branches,ok
11794.509547,6653339.0,,L1-dcache-loads:u,l1-dcache-loads,17945461.0,59.0,nan,,ok
11794.509547,765042.0,,cache-references:u,cache-references,17921519.0,59.0,nan,,ok
11794.509547,113314.0,,cache-misses:u,cache-misses,18722354.0,62.0,14.81,of all cache refs,ok
11794.509547,26255384.0,,stalled-cycles-frontend:u,stalled-cycles-frontend,8020595.0,26.0,42.1,frontend cycles idle,ok
11807.518925,3744401.0,,instructions:u,instructions,3106472.0,23.0,0.14,insn per cycle,ok
11807.518925,nan,,,,nan,nan,2.77,stalled cycles per insn,unknown
11807.518925,27347118.0,,cycles:u,cycles,3875328.0,29.0,nan,,ok
11807.518925,928019.0,,branches:u,branches,5850398.0,44.0,nan,,ok
11807.518925,97912.0,,branch-misses:u,branch-misses,7824178.0,60.0,10.55,of all branches,ok
11807.518925,3523446.0,,L1-dcache-loads:u,l1-dcache-loads,8837622.0,67.0,nan,,ok
11807.518925,499266.0,,cache-references:u,cache-references,9810419.0,75.0,nan,,ok
11807.518925,60836.0,,cache-misses:u,cache-misses,9234483.0,71.0,12.19,of all cache refs,ok
11807.518925,10386555.0,,stalled-cycles-frontend:u,stalled-cycles-frontend,2217994.0,17.0,37.98,frontend cycles idle,ok
11820.514025999999,3038668.0,,instructions:u,instructions,5897745.0,45.0,0.11,insn per cycle,ok
11820.514025999999,nan,,,,nan,nan,4.7,stalled cycles per insn,unknown
11820.514025999999,26445275.0,,cycles:u,cycles,6001523.0,46.0,nan,,ok
11820.514025999999,588998.0,,branches:u,branches,7997627.0,61.0,nan,,ok
11820.514025999999,59576.0,,branch-misses:u,branch-misses,9231921.0,70.0,10.11,of all branches,ok
11820.514025999999,1547586.0,,L1-dcache-loads:u,l1-dcache-loads,8263133.0,63.0,nan,,ok
11820.514025999999,197867.0,,cache-references:u,cache-references,7296249.0,55.0,nan,,ok
11820.514025999999,38420.0,,cache-misses:u,cache-misses,7128219.0,54.0,19.42,of all cache refs,ok
11820.514025999999,14296697.0,,stalled-cycles-frontend:u,stalled-cycles-frontend,3781697.0,28.0,54.06,frontend cycles idle,ok
11834.495549,6002205.0,,instructions:u,instructions,6033853.0,43.0,0.23,insn per cycle,ok
11834.495549,nan,,,,nan,nan,1.21,stalled cycles per insn,unknown
11834.495549,25874517.0,,cycles:u,cycles,5102888.0,36.0,nan,,ok
11834.495549,1033937.0,,branches:u,branches,6132591.0,43.0,nan,,ok
11834.495549,83494.0,,branch-misses:u,branch-misses,7926357.0,56.0,8.08,of all branches,ok
11834.495549,2835066.0,,L1-dcache-loads:u,l1-dcache-loads,7903725.0,56.0,nan,,ok
11834.495549,500594.0,,cache-references:u,cache-references,7880401.0,56.0,nan,,ok
11834.495549,73144.0,,cache-misses:u,cache-misses,8664859.0,62.0,14.61,of all cache refs,ok
11834.495549,7259580.0,,stalled-cycles-frontend:u,stalled-cycles-frontend,4024964.0,28.0,28.06,frontend cycles idle,ok
11884.511889000001,6952098.0,,instructions:u,instructions,15092569.0,38.0,0.14,insn per cycle,ok
11884.511889000001,nan,,,,nan,nan,3.41,stalled cycles per insn,unknown
11884.511889000001,48578816.0,,cycles:u,cycles,16593317.0,40.0,nan,,ok
11884.511889000001,1216409.0,,branches:u,branches,22396158.0,54.0,nan,,ok
11884.511889000001,123134.0,,branch-misses:u,branch-misses,27323665.0,64.0,10.12,of all branches,ok
11884.511889000001,3670390.0,,L1-dcache-loads:u,l1-dcache-loads,27511784.0,64.0,nan,,ok
11884.511889000001,566092.0,,cache-references:u,cache-references,27490472.0,64.0,nan,,ok
11884.511889000001,96469.0,,cache-misses:u,cache-misses,26105108.0,61.0,17.04,of all cache refs,ok
11884.511889000001,23678145.0,,stalled-cycles-frontend:u,stalled-cycles-frontend,10087072.0,24.0,48.74,frontend cycles idle,ok
11901.510961,0.0,,instructions:u,instructions,3002424.0,37.0,nan,,ok
11901.510961,0.0,,cycles:u,cycles,3005392.0,37.0,nan,,ok
11901.510961,0.0,,branches:u,branches,4000352.0,49.0,nan,,ok
11901.510961,0.0,,branch-misses:u,branch-misses,5106234.0,63.0,nan,,ok
11901.510961,0.0,,L1-dcache-loads:u,l1-dcache-loads,5119663.0,63.0,nan,,ok
11901.510961,0.0,,cache-references:u,cache-references,5125479.0,63.0,nan,,ok
11901.510961,0.0,,cache-misses:u,cache-misses,5138357.0,63.0,nan,,ok
11901.510961,0.0,,stalled-cycles-frontend:u,stalled-cycles-frontend,1998068.0,24.0,nan,,ok
11914.497091,0.0,,instructions:u,instructions,4480334.0,36.0,nan,,ok
11914.497091,0.0,,cycles:u,cycles,3500185.0,28.0,nan,,ok
11914.497091,0.0,,branches:u,branches,4512979.0,36.0,nan,,ok
11914.497091,0.0,,branch-misses:u,branch-misses,6611836.0,53.0,nan,,ok
11914.497091,0.0,,L1-dcache-loads:u,l1-dcache-loads,7283210.0,58.0,nan,,ok
11914.497091,0.0,,cache-references:u,cache-references,7860893.0,63.0,nan,,ok
11914.497091,0.0,,cache-misses:u,cache-misses,8853489.0,71.0,nan,,ok
11914.497091,0.0,,stalled-cycles-frontend:u,stalled-cycles-frontend,3202069.0,25.0,nan,,ok
11928.526617,0.0,,instructions:u,instructions,4052326.0,43.0,0.0,insn per cycle,ok
11928.526617,2777325.0,,cycles:u,cycles,4943022.0,48.0,nan,,ok
11928.526617,395807.0,,branches:u,branches,6703160.0,60.0,nan,,ok
11928.526617,13908.0,,branch-misses:u,branch-misses,8997358.0,74.0,3.51,of all branches,ok
11928.526617,710615.0,,L1-dcache-loads:u,l1-dcache-loads,8683237.0,69.0,nan,,ok
11928.526617,88992.0,,cache-references:u,cache-references,8483655.0,67.0,nan,,ok
11928.526617,7465.0,,cache-misses:u,cache-misses,7594828.0,60.0,8.39,of all cache refs,ok
11928.526617,0.0,,stalled-cycles-frontend:u,stalled-cycles-frontend,2802551.0,23.0,nan,,ok
11941.522859,560438.0,,instructions:u,instructions,3507925.0,38.0,0.28,insn per cycle,ok
11941.522859,nan,,,,nan,nan,5.37,stalled cycles per insn,unknown
11941.522859,2015399.0,,cycles:u,cycles,2898496.0,31.0,nan,,ok
11941.522859,84538.0,,branches:u,branches,4250264.0,45.0,nan,,ok
11941.522859,8951.0,,branch-misses:u,branch-misses,6249126.0,67.0,10.59,of all branches,ok
11941.522859,207091.0,,L1-dcache-loads:u,l1-dcache-loads,6474442.0,70.0,nan,,ok
11941.522859,31508.0,,cache-references:u,cache-references,5800449.0,62.0,nan,,ok
11941.522859,8676.0,,cache-misses:u,cache-misses,6379716.0,69.0,27.54,of all cache refs,ok
11941.522859,3008703.0,,stalled-cycles-frontend:u,stalled-cycles-frontend,2001578.0,24.0,149.29,frontend cycles idle,ok
11974.501088,371797.0,,instructions:u,instructions,7075729.0,52.0,0.22,insn per cycle,ok
11974.501088,nan,,,,nan,nan,8.32,stalled cycles per insn,unknown
11974.501088,1686264.0,,cycles:u,cycles,6561483.0,45.0,nan,,ok
11974.501088,78094.0,,branches:u,branches,8120723.0,53.0,nan,,ok
11974.501088,7259.0,,branch-misses:u,branch-misses,10378811.0,63.0,9.3,of all branches,ok
11974.501088,204874.0,,L1-dcache-loads:u,l1-dcache-loads,10017897.0,61.0,nan,,ok
11974.501088,33333.0,,cache-references:u,cache-references,9311571.0,56.0,nan,,ok
11974.501088,8685.0,,cache-misses:u,cache-misses,9825817.0,59.0,26.06,of all cache refs,ok
11974.501088,3093705.0,,stalled-cycles-frontend:u,stalled-cycles-frontend,4370198.0,28.0,183.47,frontend cycles idle,ok
11995.508904,6547004.0,,instructions:u,instructions,4597735.0,45.0,0.36,insn per cycle,ok
11995.508904,nan,,,,nan,nan,0.41,stalled cycles per insn,unknown
11995.508904,18146533.0,,cycles:u,cycles,3595342.0,35.0,nan,,ok
11995.508904,2287944.0,,branches:u,branches,4594117.0,45.0,nan,,ok
11995.508904,36508.0,,branch-misses:u,branch-misses,5597573.0,55.0,1.6,of all branches,ok
11995.508904,1965227.0,,L1-dcache-loads:u,l1-dcache-loads,5307773.0,52.0,nan,,ok
11995.508904,45160.0,,cache-references:u,cache-references,5443061.0,54.0,nan,,ok
11995.508904,6564.0,,cache-misses:u,cache-misses,6445454.0,64.0,14.53,of all cache refs,ok
11995.508904,2669826.0,,stalled-cycles-frontend:u,stalled-cycles-frontend,3288511.0,32.0,14.71,frontend cycles idle,ok
12010.506401,489778.0,,instructions:u,instructions,3003653.0,38.0,0.16,insn per cycle,ok
12010.506401,nan,,,,nan,nan,3.06,stalled cycles per insn,unknown
12010.506401,3060927.0,,cycles:u,cycles,3003393.0,38.0,nan,,ok
12010.506401,69969.0,,branches:u,branches,4000789.0,51.0,nan,,ok
12010.506401,2968.0,,branch-misses:u,branch-misses,4836003.0,61.0,4.24,of all branches,ok
12010.506401,17262.0,,L1-dcache-loads:u,l1-dcache-loads,4815582.0,61.0,nan,,ok
12010.506401,13781.0,,cache-references:u,cache-references,4810000.0,61.0,nan,,ok
12010.506401,3662.0,,cache-misses:u,cache-misses,4810260.0,61.0,26.57,of all cache refs,ok
12010.506401,1499298.0,,stalled-cycles-frontend:u,stalled-cycles-frontend,2001382.0,25.0,48.98,frontend cycles idle,ok
12024.501255000001,427648.0,,instructions:u,instructions,1086073.0,29.0,1.38,insn per cycle,ok
12024.501255000001,nan,,,,nan,nan,2.54,stalled cycles per insn,unknown
12024.501255000001,308784.0,,cycles:u,cycles,117271.0,3.0,nan,,ok
12024.501255000001,635.0,,branches:u,branches,135351.0,3.0,nan,,ok
12024.501255000001,64.0,,branch-misses:u,branch-misses,757856.0,20.0,10.08,of all branches,ok
12024.501255000001,58742.0,,L1-dcache-loads:u,l1-dcache-loads,1607037.0,42.0,nan,,ok
12024.501255000001,6860.0,,cache-references:u,cache-references,2605727.0,68.0,nan,,ok
12024.501255000001,2918.0,,cache-misses:u,cache-misses,3603975.0,94.0,42.54,of all cache refs,ok
12024.501255000001,1086109.0,,stalled-cycles-frontend:u,stalled-cycles-frontend,1211566.0,31.0,351.74,frontend cycles idle,ok
12037.533388,211499.0,,instructions:u,instructions,1916309.0,75.0,0.2,insn per cycle,ok
12037.533388,nan,,,,nan,nan,3.23,stalled cycles per insn,unknown
12037.533388,1044524.0,,cycles:u,cycles,2514589.0,100.0,nan,,ok
12037.533388,40652.0,,branches:u,branches,2496509.0,100.0,nan,,ok
12037.533388,3009.0,,branch-misses:u,branch-misses,2481239.0,100.0,7.4,of all branches,ok
12037.533388,52100.0,,L1-dcache-loads:u,l1-dcache-loads,1629801.0,66.0,nan,,ok
12037.533388,9073.0,,cache-references:u,cache-references,627726.0,25.0,nan,,ok
12037.533388,nan,,cache-misses:u,cache-misses,0.0,0.0,nan,,ok
12037.533388,684138.0,,stalled-cycles-frontend:u,stalled-cycles-frontend,788741.0,32.0,65.5,frontend cycles idle,ok
12066.505838,107111.0,,instructions:u,instructions,619415.0,17.0,0.04,insn per cycle,ok
12066.505838,2491119.0,,cycles:u,cycles,2741627.0,59.0,nan,,ok
12066.505838,48397.0,,branches:u,branches,4926577.0,100.0,nan,,ok
12066.505838,3000.0,,branch-misses:u,branch-misses,5186428.0,100.0,6.2,of all branches,ok
12066.505838,98590.0,,L1-dcache-loads:u,l1-dcache-loads,6202056.0,100.0,nan,,ok
12066.505838,16483.0,,cache-references:u,cache-references,5655331.0,90.0,nan,,ok
12066.505838,6951.0,,cache-misses:u,cache-misses,3551254.0,56.0,42.17,of all cache refs,ok
12066.505838,nan,,stalled-cycles-frontend:u,stalled-cycles-frontend,0.0,0.0,nan,,ok
12087.497807,nan,,instructions:u,instructions,0.0,0.0,nan,,ok
12087.497807,nan,,cycles:u,cycles,0.0,0.0,nan,,ok
12087.497807,4460.0,,branches:u,branches,617675.0,18.0,nan,,ok
12087.497807,3675.0,,branch-misses:u,branch-misses,1873184.0,57.0,82.4,of all branches,ok
12087.497807,70668.0,,L1-dcache-loads:u,l1-dcache-loads,2875280.0,88.0,nan,,ok
12087.497807,9488.0,,cache-references:u,cache-references,3233425.0,100.0,nan,,ok
12087.497807,3709.0,,cache-misses:u,cache-misses,3215290.0,100.0,39.09,of all cache refs,ok
12087.497807,nan,,stalled-cycles-frontend:u,stalled-cycles-frontend,0.0,0.0,nan,,ok
12100.540346000002,385557.0,,instructions:u,instructions,3006526.0,41.0,0.22,insn per cycle,ok
12100.540346000002,nan,,,,nan,nan,7.91,stalled cycles per insn,unknown
12100.540346000002,1793158.0,,cycles:u,cycles,2998942.0,41.0,nan,,ok
12100.540346000002,63912.0,,branches:u,branches,3999460.0,55.0,nan,,ok
12100.540346000002,3677.0,,branch-misses:u,branch-misses,4230669.0,58.0,5.75,of all branches,ok
12100.540346000002,120998.0,,L1-dcache-loads:u,l1-dcache-loads,4215119.0,58.0,nan,,ok
12100.540346000002,6381.0,,cache-references:u,cache-references,4210208.0,58.0,nan,,ok
12100.540346000002,2674.0,,cache-misses:u,cache-misses,4217792.0,58.0,41.91,of all cache refs,ok
12100.540346000002,3051127.0,,stalled-cycles-frontend:u,stalled-cycles-frontend,2002722.0,27.0,170.15,frontend cycles idle,ok
12113.502338,nan,,instructions:u,instructions,0.0,100.0,nan,,ok
12113.502338,nan,,cycles:u,cycles,0.0,100.0,nan,,ok
12113.502338,nan,,branches:u,branches,0.0,100.0,nan,,ok
12113.502338,nan,,branch-misses:u,branch-misses,0.0,100.0,nan,,ok
12113.502338,nan,,L1-dcache-loads:u,l1-dcache-loads,0.0,100.0,nan,,ok
12113.502338,nan,,cache-references:u,cache-references,0.0,100.0,nan,,ok
12113.502338,nan,,cache-misses:u,cache-misses,0.0,100.0,nan,,ok
12113.502338,nan,,stalled-cycles-frontend:u,stalled-cycles-frontend,0.0,100.0,nan,,ok
12126.503213,447096.0,,instructions:u,instructions,3004171.0,34.0,0.09,insn per cycle,ok
12126.503213,nan,,,,nan,nan,3.68,stalled cycles per insn,unknown
12126.503213,5250571.0,,cycles:u,cycles,3001252.0,34.0,nan,,ok
12126.503213,137524.0,,branches:u,branches,4000384.0,46.0,nan,,ok
12126.503213,10152.0,,branch-misses:u,branch-misses,5644415.0,65.0,7.38,of all branches,ok
12126.503213,178818.0,,L1-dcache-loads:u,l1-dcache-loads,5617469.0,64.0,nan,,ok
12126.503213,25249.0,,cache-references:u,cache-references,5639482.0,65.0,nan,,ok
12126.503213,3552.0,,cache-misses:u,cache-misses,5642401.0,65.0,14.07,of all cache refs,ok
12126.503213,1647381.0,,stalled-cycles-frontend:u,stalled-cycles-frontend,2029713.0,23.0,31.38,frontend cycles idle,ok
12155.503241,110307.0,,instructions:u,instructions,3663765.0,39.0,0.08,insn per cycle,ok
12155.503241,nan,,,,nan,nan,22.65,stalled cycles per insn,unknown
12155.503241,1447308.0,,cycles:u,cycles,2083910.0,23.0,nan,,ok
12155.503241,14902.0,,branches:u,branches,2101522.0,25.0,nan,,ok
12155.503241,2959.0,,branch-misses:u,branch-misses,4471704.0,54.0,19.86,of all branches,ok
12155.503241,86785.0,,L1-dcache-loads:u,l1-dcache-loads,4052549.0,49.0,nan,,ok
12155.503241,22941.0,,cache-references:u,cache-references,5775160.0,65.0,nan,,ok
12155.503241,6536.0,,cache-misses:u,cache-misses,7272837.0,76.0,28.49,of all cache refs,ok
12155.503241,2498176.0,,stalled-cycles-frontend:u,stalled-cycles-frontend,2663913.0,28.0,172.61,frontend cycles idle,ok
12168.694734,7819.0,,instructions:u,instructions,138181.0,5.0,nan,,ok
12168.694734,nan,,,,nan,nan,255.69,stalled cycles per insn,unknown
12168.694734,0.0,,cycles:u,cycles,926089.0,34.0,nan,,ok
12168.694734,0.0,,branches:u,branches,1899488.0,71.0,nan,,ok
12168.694734,42.0,,branch-misses:u,branch-misses,2618652.0,91.0,nan,,ok
12168.694734,22572.0,,L1-dcache-loads:u,l1-dcache-loads,3593912.0,93.0,nan,,ok
12168.694734,7494.0,,cache-references:u,cache-references,4245181.0,96.0,nan,,ok
12168.694734,2281.0,,cache-misses:u,cache-misses,3539451.0,81.0,30.44,of all cache refs,ok
12168.694734,1999267.0,,stalled-cycles-frontend:u,stalled-cycles-frontend,138181.0,3.0,nan,,ok
12209.59398,348525.0,,instructions:u,instructions,2039036.0,39.0,0.13,insn per cycle,ok
12209.59398,nan,,,,nan,nan,4.66,stalled cycles per insn,unknown
12209.59398,2709360.0,,cycles:u,cycles,1039324.0,20.0,nan,,ok
12209.59398,84283.0,,branches:u,branches,1039324.0,20.0,nan,,ok
12209.59398,4654.0,,branch-misses:u,branch-misses,1775362.0,34.0,5.52,of all branches,ok
12209.59398,57032.0,,L1-dcache-loads:u,l1-dcache-loads,2168721.0,41.0,nan,,ok
12209.59398,10957.0,,cache-references:u,cache-references,3132047.0,60.0,nan,,ok
12209.59398,3702.0,,cache-misses:u,cache-misses,4131759.0,79.0,33.79,of all cache refs,ok
12209.59398,1622471.0,,stalled-cycles-frontend:u,stalled-cycles-frontend,2004200.0,38.0,59.88,frontend cycles idle,ok
12221.785597,132272.0,,instructions:u,instructions,794052.0,32.0,0.12,insn per cycle,ok
12221.785597,1124440.0,,cycles:u,cycles,1792481.0,72.0,nan,,ok
12221.785597,25907.0,,branches:u,branches,2468417.0,100.0,nan,,ok
12221.785597,2022.0,,branch-misses:u,branch-misses,2468417.0,100.0,7.8,of all branches,ok
12221.785597,49276.0,,L1-dcache-loads:u,l1-dcache-loads,2468417.0,100.0,nan,,ok
12221.785597,8484.0,,cache-references:u,cache-references,1674365.0,67.0,nan,,ok
12221.785597,1581.0,,cache-misses:u,cache-misses,675936.0,27.0,18.64,of all cache refs,ok
12221.785597,nan,,stalled-cycles-frontend:u,stalled-cycles-frontend,0.0,0.0,nan,,ok
12232.81503,nan,,instructions:u,instructions,0.0,0.0,nan,,ok
12232.81503,nan,,cycles:u,cycles,0.0,0.0,nan,,ok
12232.81503,290.0,,branches:u,branches,707217.0,100.0,nan,,ok
12232.81503,78.0,,branch-misses:u,branch-misses,707217.0,100.0,26.9,of all branches,ok
12232.81503,843.0,,L1-dcache-loads:u,l1-dcache-loads,707217.0,100.0,nan,,ok
12232.81503,687.0,,cache-references:u,cache-references,707217.0,100.0,nan,,ok
12232.81503,254.0,,cache-misses:u,cache-misses,707217.0,100.0,36.97,of all cache refs,ok
12232.81503,nan,,stalled-cycles-frontend:u,stalled-cycles-frontend,0.0,0.0,nan,,ok
12244.322197000001,1407602.0,,instructions:u,instructions,2712059.0,38.0,0.22,insn per cycle,ok
12244.322197000001,nan,,,,nan,nan,6.05,stalled cycles per insn,unknown
12244.322197000001,6451624.0,,cycles:u,cycles,4262652.0,60.0,nan,,ok
12244.322197000001,177821.0,,branches:u,branches,5407584.0,74.0,nan,,ok
12244.322197000001,8110.0,,branch-misses:u,branch-misses,7020637.0,89.0,4.56,of all branches,ok
12244.322197000001,298692.0,,L1-dcache-loads:u,l1-dcache-loads,6803026.0,86.0,nan,,ok
12244.322197000001,18191.0,,cache-references:u,cache-references,5136915.0,65.0,nan,,ok
12244.322197000001,3088.0,,cache-misses:u,cache-misses,3586322.0,45.0,16.98,of all cache refs,ok
12244.322197000001,8511840.0,,stalled-cycles-frontend:u,stalled-cycles-frontend,1045948.0,14.0,131.93,frontend cycles idle,ok
12256.517243,2814.0,,instructions:u,instructions,432387.0,10.0,0.0,insn per cycle,ok
12256.517243,nan,,,,nan,nan,112.22,stalled cycles per insn,unknown
12256.517243,1451018.0,,cycles:u,cycles,969536.0,19.0,nan,,ok
12256.517243,5452.0,,branches:u,branches,2971427.0,50.0,nan,,ok
12256.517243,770.0,,branch-misses:u,branch-misses,4975036.0,72.0,14.12,of all branches,ok
12256.517243,17585.0,,L1-dcache-loads:u,l1-dcache-loads,6426895.0,87.0,nan,,ok
12256.517243,7019.0,,cache-references:u,cache-references,6891207.0,94.0,nan,,ok
12256.517243,1438.0,,cache-misses:u,cache-misses,6354058.0,86.0,20.49,of all cache refs,ok
12256.517243,315797.0,,stalled-cycles-frontend:u,stalled-cycles-frontend,432387.0,6.0,21.76,frontend cycles idle,ok
12267.889288999999,537449.0,,instructions:u,instructions,2853165.0,36.0,0.11,insn per cycle,ok
12267.889288999999,nan,,,,nan,nan,3.38,stalled cycles per insn,unknown
12267.889288999999,4835059.0,,cycles:u,cycles,3007168.0,38.0,nan,,ok
12267.889288999999,67280.0,,branches:u,branches,4009711.0,51.0,nan,,ok
12267.889288999999,5689.0,,branch-misses:u,branch-misses,5004364.0,63.0,8.46,of all branches,ok
12267.889288999999,191162.0,,L1-dcache-loads:u,l1-dcache-loads,4992700.0,63.0,nan,,ok
12267.889288999999,24647.0,,cache-references:u,cache-references,4994815.0,63.0,nan,,ok
12267.889288999999,2676.0,,cache-misses:u,cache-misses,4840812.0,61.0,10.86,of all cache refs,ok
12267.889288999999,1813914.0,,stalled-cycles-frontend:u,stalled-cycles-frontend,1857009.0,23.0,37.52,frontend cycles idle,ok
12280.184468,1275.0,,instructions:u,instructions,715205.0,100.0,0.02,insn per cycle,ok
12280.184468,nan,,,,nan,nan,50.15,stalled cycles per insn,unknown
12280.184468,76330.0,,cycles:u,cycles,674792.0,94.0,nan,,ok
12280.184468,307.0,,branches:u,branches,674792.0,94.0,nan,,ok
12280.184468,79.0,,branch-misses:u,branch-misses,674792.0,94.0,25.73,of all branches,ok
12280.184468,nan,,L1-dcache-loads:u,l1-dcache-loads,0.0,0.0,nan,,ok
12280.184468,nan,,cache-references:u,cache-references,0.0,0.0,nan,,ok
12280.184468,0.0,,cache-misses:u,cache-misses,40413.0,5.0,nan,,ok
12280.184468,63944.0,,stalled-cycles-frontend:u,stalled-cycles-frontend,715205.0,100.0,83.77,frontend cycles idle,ok
12292.689782,8318.0,,instructions:u,instructions,3345095.0,62.0,0.01,insn per cycle,ok
12292.689782,nan,,,,nan,nan,53.56,stalled cycles per insn,unknown
12292.689782,814099.0,,cycles:u,cycles,2844683.0,53.0,nan,,ok
12292.689782,3058.0,,branches:u,branches,2844683.0,53.0,nan,,ok
12292.689782,689.0,,branch-misses:u,branch-misses,2844683.0,53.0,22.53,of all branches,ok
12292.689782,24550.0,,L1-dcache-loads:u,l1-dcache-loads,2163586.0,40.0,nan,,ok
12292.689782,49486.0,,cache-references:u,cache-references,1996036.0,38.0,nan,,ok
12292.689782,5751.0,,cache-misses:u,cache-misses,2496448.0,55.0,11.62,of all cache refs,ok
12292.689782,445481.0,,stalled-cycles-frontend:u,stalled-cycles-frontend,2180962.0,42.0,54.72,frontend cycles idle,ok
12303.834061,3036.0,,instructions:u,instructions,992104.0,78.0,0.01,insn per cycle,ok
12303.834061,386636.0,,cycles:u,cycles,1268573.0,100.0,nan,,ok
12303.834061,888.0,,branches:u,branches,1268573.0,100.0,nan,,ok
12303.834061,164.0,,branch-misses:u,branch-misses,1268573.0,100.0,18.47,of all branches,ok
12303.834061,5272.0,,L1-dcache-loads:u,l1-dcache-loads,1268573.0,100.0,nan,,ok
12303.834061,1367.0,,cache-references:u,cache-references,276469.0,21.0,nan,,ok
12303.834061,nan,,cache-misses:u,cache-misses,0.0,0.0,nan,,ok
12303.834061,nan,,stalled-cycles-frontend:u,stalled-cycles-frontend,0.0,0.0,nan,,ok
12315.515383999998,100833.0,,instructions:u,instructions,4303277.0,46.0,0.03,insn per cycle,ok
12315.515383999998,nan,,,,nan,nan,23.2,stalled cycles per insn,unknown
12315.515383999998,3379342.0,,cycles:u,cycles,2991206.0,32.0,nan,,ok
12315.515383999998,22127.0,,branches:u,branches,3993209.0,43.0,nan,,ok
12315.515383999998,1737.0,,branch-misses:u,branch-misses,4989456.0,54.0,7.85,of all branches,ok
12315.515383999998,38319.0,,L1-dcache-loads:u,l1-dcache-loads,4633062.0,50.0,nan,,ok
12315.515383999998,10678.0,,cache-references:u,cache-references,4910345.0,53.0,nan,,ok
12315.515383999998,2641.0,,cache-misses:u,cache-misses,6222416.0,67.0,24.73,of all cache refs,ok
12315.515383999998,2339423.0,,stalled-cycles-frontend:u,stalled-cycles-frontend,3357011.0,36.0,69.23,frontend cycles idle,ok
12327.321530000001,0.0,,instructions:u,instructions,1048966.0,88.0,0.0,insn per cycle,ok
12327.321530000001,46775.0,,cycles:u,cycles,1182961.0,100.0,nan,,ok
12327.321530000001,107.0,,branches:u,branches,1182961.0,100.0,nan,,ok
12327.321530000001,39.0,,branch-misses:u,branch-misses,1182961.0,100.0,36.45,of all branches,ok
12327.321530000001,497.0,,L1-dcache-loads:u,l1-dcache-loads,556521.0,47.0,nan,,ok
12327.321530000001,896.0,,cache-references:u,cache-references,133995.0,17.0,nan,,ok
12327.321530000001,nan,,cache-misses:u,cache-misses,0.0,0.0,nan,,ok
12327.321530000001,0.0,,stalled-cycles-frontend:u,stalled-cycles-frontend,626440.0,82.0,nan,,ok
12338.743272,330474.0,,instructions:u,instructions,3582050.0,42.0,0.14,insn per cycle,ok
12338.743272,nan,,,,nan,nan,4.99,stalled cycles per insn,unknown
12338.743272,2400888.0,,cycles:u,cycles,3495222.0,41.0,nan,,ok
12338.743272,90757.0,,branches:u,branches,4483935.0,52.0,nan,,ok
12338.743272,6441.0,,branch-misses:u,branch-misses,5480070.0,64.0,7.1,of all branches,ok
12338.743272,167351.0,,L1-dcache-loads:u,l1-dcache-loads,4983614.0,58.0,nan,,ok
12338.743272,29753.0,,cache-references:u,cache-references,4903910.0,57.0,nan,,ok
12338.743272,5048.0,,cache-misses:u,cache-misses,4990738.0,58.0,16.97,of all cache refs,ok
12338.743272,1650524.0,,stalled-cycles-frontend:u,stalled-cycles-frontend,2504177.0,29.0,68.75,frontend cycles idle,ok
12349.865603,nan,,instructions:u,instructions,0.0,100.0,nan,,ok
12349.865603,nan,,cycles:u,cycles,0.0,100.0,nan,,ok
12349.865603,nan,,branches:u,branches,0.0,100.0,nan,,ok
12349.865603,nan,,branch-misses:u,branch-misses,0.0,100.0,nan,,ok
12349.865603,nan,,L1-dcache-loads:u,l1-dcache-loads,0.0,100.0,nan,,ok
12349.865603,nan,,cache-references:u,cache-references,0.0,100.0,nan,,ok
12349.865603,nan,,cache-misses:u,cache-misses,0.0,100.0,nan,,ok
12349.865603,nan,,stalled-cycles-frontend:u,stalled-cycles-frontend,0.0,100.0,nan,,ok
12361.554892999999,10204.0,,instructions:u,instructions,1896907.0,37.0,0.01,insn per cycle,ok
12361.554892999999,1926364.0,,cycles:u,cycles,2567395.0,50.0,nan,,ok
12361.554892999999,17958.0,,branches:u,branches,2827358.0,55.0,nan,,ok
12361.554892999999,2255.0,,branch-misses:u,branch-misses,3394171.0,66.0,12.56,of all branches,ok
12361.554892999999,121054.0,,L1-dcache-loads:u,l1-dcache-loads,5100444.0,100.0,nan,,ok
12361.554892999999,19061.0,,cache-references:u,cache-references,3203537.0,73.0,nan,,ok
12361.554892999999,3560.0,,cache-misses:u,cache-misses,2533049.0,79.0,18.68,of all cache refs,ok
12361.554892999999,nan,,stalled-cycles-frontend:u,stalled-cycles-frontend,0.0,0.0,nan,,ok
12372.161767,nan,,instructions:u,instructions,0.0,0.0,nan,,ok
12372.161767,nan,,cycles:u,cycles,0.0,0.0,nan,,ok
12372.161767,nan,,branches:u,branches,0.0,0.0,nan,,ok
12372.161767,nan,,branch-misses:u,branch-misses,0.0,0.0,nan,,ok
12372.161767,1188.0,,L1-dcache-loads:u,l1-dcache-loads,179689.0,100.0,nan,,ok
12372.161767,747.0,,cache-references:u,cache-references,179689.0,100.0,nan,,ok
12372.161767,239.0,,cache-misses:u,cache-misses,179689.0,100.0,31.99,of all cache refs,ok
12372.161767,nan,,stalled-cycles-frontend:u,stalled-cycles-frontend,0.0,0.0,nan,,ok
12382.959830000002,483887.0,,instructions:u,instructions,2993196.0,38.0,0.15,insn per cycle,ok
12382.959830000002,nan,,,,nan,nan,9.67,stalled cycles per insn,unknown
12382.959830000002,3313575.0,,cycles:u,cycles,3003809.0,38.0,nan,,ok
12382.959830000002,75294.0,,branches:u,branches,4002831.0,51.0,nan,,ok
12382.959830000002,3736.0,,branch-misses:u,branch-misses,4999373.0,64.0,4.96,of all branches,ok
12382.959830000002,152554.0,,L1-dcache-loads:u,l1-dcache-loads,4728276.0,61.0,nan,,ok
12382.959830000002,5120.0,,cache-references:u,cache-references,4734612.0,61.0,nan,,ok
12382.959830000002,2460.0,,cache-misses:u,cache-misses,4723999.0,61.0,48.05,of all cache refs,ok
12382.959830000002,4679113.0,,stalled-cycles-frontend:u,stalled-cycles-frontend,1989404.0,25.0,141.21,frontend cycles idle,ok
12394.609688999999,nan,,instructions:u,instructions,0.0,100.0,nan,,ok
12394.609688999999,nan,,cycles:u,cycles,0.0,100.0,nan,,ok
12394.609688999999,nan,,branches:u,branches,0.0,100.0,nan,,ok
12394.609688999999,nan,,branch-misses:u,branch-misses,0.0,100.0,nan,,ok
12394.609688999999,nan,,L1-dcache-loads:u,l1-dcache-loads,0.0,100.0,nan,,ok
12394.609688999999,nan,,cache-references:u,cache-references,0.0,100.0,nan,,ok
12394.609688999999,nan,,cache-misses:u,cache-misses,0.0,100.0,nan,,ok
12394.609688999999,nan,,stalled-cycles-frontend:u,stalled-cycles-frontend,0.0,100.0,nan,,ok
12405.308747,245235.0,,instructions:u,instructions,2738025.0,47.0,0.03,insn per cycle,ok
12405.308747,nan,,,,nan,nan,3.13,stalled cycles per insn,unknown
12405.308747,7095794.0,,cycles:u,cycles,2996177.0,52.0,nan,,ok
12405.308747,130430.0,,branches:u,branches,3778559.0,66.0,nan,,ok
12405.308747,5236.0,,branch-misses:u,branch-misses,3778559.0,66.0,4.01,of all branches,ok
12405.308747,430714.0,,L1-dcache-loads:u,l1-dcache-loads,2961933.0,51.0,nan,,ok
12405.308747,17197.0,,cache-references:u,cache-references,2984275.0,52.0,nan,,ok
12405.308747,3310.0,,cache-misses:u,cache-misses,2726123.0,47.0,19.25,of all cache refs,ok
12405.308747,767848.0,,stalled-cycles-frontend:u,stalled-cycles-frontend,1742068.0,30.0,10.82,frontend cycles idle,ok
12416.774723999999,nan,,instructions:u,instructions,0.0,0.0,nan,,ok
12416.774723999999,nan,,cycles:u,cycles,0.0,0.0,nan,,ok
12416.774723999999,58211.0,,branches:u,branches,628782.0,19.0,nan,,ok
12416.774723999999,4462.0,,branch-misses:u,branch-misses,1624580.0,50.0,7.67,of all branches,ok
12416.774723999999,95247.0,,L1-dcache-loads:u,l1-dcache-loads,2622547.0,81.0,nan,,ok
12416.774723999999,12337.0,,cache-references:u,cache-references,3233683.0,100.0,nan,,ok
12416.774723999999,1146.0,,cache-misses:u,cache-misses,3233683.0,100.0,9.29,of all cache refs,ok
12416.774723999999,nan,,stalled-cycles-frontend:u,stalled-cycles-frontend,0.0,0.0,nan,,ok
12428.936556,1097084.0,,instructions:u,instructions,5620997.0,76.0,0.32,insn per cycle,ok
12428.936556,nan,,,,nan,nan,2.61,stalled cycles per insn,unknown
12428.936556,3411284.0,,cycles:u,cycles,3613506.0,49.0,nan,,ok
12428.936556,188136.0,,branches:u,branches,3613506.0,49.0,nan,,ok
12428.936556,9060.0,,branch-misses:u,branch-misses,3613506.0,49.0,4.82,of all branches,ok
12428.936556,20465.0,,L1-dcache-loads:u,l1-dcache-loads,1233700.0,16.0,nan,,ok
12428.936556,65944.0,,cache-references:u,cache-references,1744486.0,25.0,nan,,ok
12428.936556,9100.0,,cache-misses:u,cache-misses,3751977.0,64.0,13.8,of all cache refs,ok
12428.936556,2859029.0,,stalled-cycles-frontend:u,stalled-cycles-frontend,4411933.0,65.0,83.81,frontend cycles idle,ok
12440.206308,2398.0,,instructions:u,instructions,219379.0,18.0,0.02,insn per cycle,ok
12440.206308,137458.0,,cycles:u,cycles,1004612.0,84.0,nan,,ok
12440.206308,1172.0,,branches:u,branches,1195935.0,100.0,nan,,ok
12440.206308,293.0,,branch-misses:u,branch-misses,1195935.0,100.0,25.0,of all branches,ok
12440.206308,5682.0,,L1-dcache-loads:u,l1-dcache-loads,1195935.0,100.0,nan,,ok
12440.206308,3357.0,,cache-references:u,cache-references,976556.0,81.0,nan,,ok
12440.206308,1431.0,,cache-misses:u,cache-misses,191323.0,15.0,42.63,of all cache refs,ok
12440.206308,nan,,stalled-cycles-frontend:u,stalled-cycles-frontend,0.0,0.0,nan,,ok
12452.176802,114273.0,,instructions:u,instructions,702491.0,12.0,0.05,insn per cycle,ok
12452.176802,2446129.0,,cycles:u,cycles,2581996.0,37.0,nan,,ok
12452.176802,31106.0,,branches:u,branches,3829238.0,55.0,nan,,ok
12452.176802,2449.0,,branch-misses:u,branch-misses,4826243.0,69.0,7.87,of all branches,ok
12452.176802,55011.0,,L1-dcache-loads:u,l1-dcache-loads,5846973.0,84.0,nan,,ok
12452.176802,12217.0,,cache-references:u,cache-references,6238475.0,89.0,nan,,ok
12452.176802,1113.0,,cache-misses:u,cache-misses,4358970.0,62.0,9.11,of all cache refs,ok
12452.176802,0.0,,stalled-cycles-frontend:u,stalled-cycles-frontend,114017.0,1.0,nan,,ok
12463.292511000001,nan,,instructions:u,instructions,0.0,100.0,nan,,ok
12463.292511000001,nan,,cycles:u,cycles,0.0,100.0,nan,,ok
12463.292511000001,nan,,branches:u,branches,0.0,100.0,nan,,ok
12463.292511000001,nan,,branch-misses:u,branch-misses,0.0,100.0,nan,,ok
12463.292511000001,nan,,L1-dcache-loads:u,l1-dcache-loads,0.0,100.0,nan,,ok
12463.292511000001,nan,,cache-references:u,cache-references,0.0,100.0,nan,,ok
12463.292511000001,nan,,cache-misses:u,cache-misses,0.0,100.0,nan,,ok
12463.292511000001,nan,,stalled-cycles-frontend:u,stalled-cycles-frontend,0.0,100.0,nan,,ok
12473.971692,324433.0,,instructions:u,instructions,2040026.0,30.0,0.09,insn per cycle,ok
12473.971692,nan,,,,nan,nan,3.6,stalled cycles per insn,unknown
12473.971692,3461135.0,,cycles:u,cycles,2653734.0,39.0,nan,,ok
12473.971692,112131.0,,branches:u,branches,3650995.0,54.0,nan,,ok
12473.971692,9108.0,,branch-misses:u,branch-misses,4647226.0,68.0,8.12,of all branches,ok
12473.971692,205300.0,,L1-dcache-loads:u,l1-dcache-loads,4655298.0,68.0,nan,,ok
12473.971692,26897.0,,cache-references:u,cache-references,4707033.0,69.0,nan,,ok
12473.971692,1770.0,,cache-misses:u,cache-misses,4093325.0,60.0,6.58,of all cache refs,ok
12473.971692,1167314.0,,stalled-cycles-frontend:u,stalled-cycles-frontend,1377543.0,20.0,33.73,frontend cycles idle,ok
12485.704496,0.0,,instructions:u,instructions,1171745.0,52.0,nan,,ok
12485.704496,0.0,,cycles:u,cycles,169714.0,7.0,nan,,ok
12485.704496,0.0,,branches:u,branches,169714.0,7.0,nan,,ok
12485.704496,0.0,,branch-misses:u,branch-misses,169714.0,7.0,nan,,ok
12485.704496,nan,,L1-dcache-loads:u,l1-dcache-loads,0.0,0.0,nan,,ok
12485.704496,3147.0,,cache-references:u,cache-references,1072118.0,47.0,nan,,ok
12485.704496,715.0,,cache-misses:u,cache-misses,2074149.0,92.0,22.72,of all cache refs,ok
12485.704496,0.0,,stalled-cycles-frontend:u,stalled-cycles-frontend,1171745.0,52.0,nan,,ok
12497.178235,0.0,,instructions:u,instructions,726052.0,11.0,nan,,ok
12497.178235,0.0,,cycles:u,cycles,726052.0,11.0,nan,,ok
12497.178235,1237.0,,branches:u,branches,1324172.0,21.0,nan,,ok
12497.178235,696.0,,branch-misses:u,branch-misses,2316500.0,37.0,56.27,of all branches,ok
12497.178235,9319.0,,L1-dcache-loads:u,l1-dcache-loads,3271468.0,52.0,nan,,ok
12497.178235,5648.0,,cache-references:u,cache-references,5479345.0,99.0,nan,,ok
12497.178235,1276.0,,cache-misses:u,cache-misses,5479345.0,100.0,22.59,of all cache refs,ok
12497.178235,0.0,,stalled-cycles-frontend:u,stalled-cycles-frontend,45494.0,0.0,nan,,ok
12508.627064,nan,,instructions:u,instructions,0.0,100.0,nan,,ok
12508.627064,nan,,cycles:u,cycles,0.0,100.0,nan,,ok
12508.627064,nan,,branches:u,branches,0.0,100.0,nan,,ok
12508.627064,nan,,branch-misses:u,branch-misses,0.0,100.0,nan,,ok
12508.627064,nan,,L1-dcache-loads:u,l1-dcache-loads,0.0,100.0,nan,,ok
12508.627064,nan,,cache-references:u,cache-references,0.0,100.0,nan,,ok
12508.627064,nan,,cache-misses:u,cache-misses,0.0,100.0,nan,,ok
12508.627064,nan,,stalled-cycles-frontend:u,stalled-cycles-frontend,0.0,100.0,nan,,ok
12519.435017,117929.0,,instructions:u,instructions,3877062.0,41.0,0.08,insn per cycle,ok
12519.435017,nan,,,,nan,nan,20.53,stalled cycles per insn,unknown
12519.435017,1438539.0,,cycles:u,cycles,3003208.0,32.0,nan,,ok
12519.435017,8516.0,,branches:u,branches,4001409.0,42.0,nan,,ok
12519.435017,656.0,,branch-misses:u,branch-misses,5380290.0,57.0,7.7,of all branches,ok
12519.435017,33907.0,,L1-dcache-loads:u,l1-dcache-loads,5364109.0,57.0,nan,,ok
12519.435017,12920.0,,cache-references:u,cache-references,5469378.0,58.0,nan,,ok
12519.435017,3797.0,,cache-misses:u,cache-misses,6343232.0,67.0,29.39,of all cache refs,ok
12519.435017,2421165.0,,stalled-cycles-frontend:u,stalled-cycles-frontend,2882031.0,30.0,168.31,frontend cycles idle,ok
12533.283926,nan,,instructions:u,instructions,0.0,0.0,nan,,ok
12533.283926,nan,,cycles:u,cycles,0.0,0.0,nan,,ok
12533.283926,nan,,branches:u,branches,0.0,0.0,nan,,ok
12533.283926,0.0,,branch-misses:u,branch-misses,1072800.0,100.0,nan,,ok
12533.283926,0.0,,L1-dcache-loads:u,l1-dcache-loads,1072800.0,100.0,nan,,ok
12533.283926,0.0,,cache-references:u,cache-references,1072800.0,100.0,nan,,ok
12533.283926,0.0,,cache-misses:u,cache-misses,1072800.0,100.0,nan,,ok
12533.283926,nan,,stalled-cycles-frontend:u,stalled-cycles-frontend,0.0,0.0,nan,,ok
12544.307626,223842.0,,instructions:u,instructions,2832178.0,40.0,0.12,insn per cycle,ok
12544.307626,nan,,,,nan,nan,1.67,stalled cycles per insn,unknown
12544.307626,1923102.0,,cycles:u,cycles,2918128.0,41.0,nan,,ok
12544.307626,90265.0,,branches:u,branches,3896602.0,55.0,nan,,ok
12544.307626,10788.0,,branch-misses:u,branch-misses,5107246.0,72.0,11.95,of all branches,ok
12544.307626,202624.0,,L1-dcache-loads:u,l1-dcache-loads,5190994.0,73.0,nan,,ok
12544.307626,28113.0,,cache-references:u,cache-references,4188764.0,59.0,nan,,ok
12544.307626,5477.0,,cache-misses:u,cache-misses,4102814.0,58.0,19.48,of all cache refs,ok
12544.307626,374307.0,,stalled-cycles-frontend:u,stalled-cycles-frontend,1829948.0,26.0,19.46,frontend cycles idle,ok
12554.96699,270479.0,,instructions:u,instructions,3000230.0,41.0,0.09,insn per cycle,ok
12554.96699,nan,,,,nan,nan,6.08,stalled cycles per insn,unknown
12554.96699,3157432.0,,cycles:u,cycles,2997374.0,41.0,nan,,ok
12554.96699,47785.0,,branches:u,branches,3999730.0,55.0,nan,,ok
12554.96699,4833.0,,branch-misses:u,branch-misses,4754837.0,66.0,10.11,of all branches,ok
12554.96699,147975.0,,L1-dcache-loads:u,l1-dcache-loads,4192193.0,58.0,nan,,ok
12554.96699,25906.0,,cache-references:u,cache-references,4193745.0,58.0,nan,,ok
12554.96699,4453.0,,cache-misses:u,cache-misses,4196601.0,58.0,17.19,of all cache refs,ok
12554.96699,1644787.0,,stalled-cycles-frontend:u,stalled-cycles-frontend,2001530.0,27.0,52.09,frontend cycles idle,ok
12567.190762999999,nan,,instructions:u,instructions,0.0,0.0,nan,,ok
12567.190762999999,nan,,cycles:u,cycles,0.0,0.0,nan,,ok
12567.190762999999,nan,,branches:u,branches,0.0,0.0,nan,,ok
12567.190762999999,1546.0,,branch-misses:u,branch-misses,939806.0,36.0,nan,,ok
12567.190762999999,42247.0,,L1-dcache-loads:u,l1-dcache-loads,1943036.0,74.0,nan,,ok
12567.190762999999,6951.0,,cache-references:u,cache-references,2604493.0,100.0,nan,,ok
12567.190762999999,1181.0,,cache-misses:u,cache-misses,2604493.0,100.0,16.99,of all cache refs,ok
12567.190762999999,nan,,stalled-cycles-frontend:u,stalled-cycles-frontend,0.0,0.0,nan,,ok
12578.92037,26474.0,,instructions:u,instructions,2973489.0,43.0,0.02,insn per cycle,ok
12578.92037,nan,,,,nan,nan,30.5,stalled cycles per insn,unknown
12578.92037,1274745.0,,cycles:u,cycles,1562211.0,24.0,nan,,ok
12578.92037,7448.0,,branches:u,branches,1562211.0,28.0,nan,,ok
12578.92037,925.0,,branch-misses:u,branch-misses,2498460.0,46.0,12.42,of all branches,ok
12578.92037,1950.0,,L1-dcache-loads:u,l1-dcache-loads,1780379.0,32.0,nan,,ok
12578.92037,4361.0,,cache-references:u,cache-references,3829980.0,60.0,nan,,ok
12578.92037,1564.0,,cache-misses:u,cache-misses,5241258.0,77.0,35.86,of all cache refs,ok
12578.92037,807468.0,,stalled-cycles-frontend:u,stalled-cycles-frontend,2754826.0,40.0,63.34,frontend cycles idle,ok
12589.500916,3396.0,,instructions:u,instructions,749809.0,86.0,0.02,insn per cycle,ok
12589.500916,163253.0,,cycles:u,cycles,868861.0,100.0,nan,,ok
12589.500916,1040.0,,branches:u,branches,868861.0,100.0,nan,,ok
12589.500916,245.0,,branch-misses:u,branch-misses,868861.0,100.0,23.56,of all branches,ok
12589.500916,5346.0,,L1-dcache-loads:u,l1-dcache-loads,868861.0,100.0,nan,,ok
12589.500916,7356.0,,cache-references:u,cache-references,119052.0,13.0,nan,,ok
12589.500916,nan,,cache-misses:u,cache-misses,0.0,0.0,nan,,ok
12589.500916,nan,,stalled-cycles-frontend:u,stalled-cycles-frontend,0.0,0.0,nan,,ok
12600.210732000001,45114.0,,instructions:u,instructions,1748101.0,25.0,0.01,insn per cycle,ok
12600.210732000001,nan,,,,nan,nan,23.47,stalled cycles per insn,unknown
12600.210732000001,3579740.0,,cycles:u,cycles,4137489.0,53.0,nan,,ok
12600.210732000001,51996.0,,branches:u,branches,6237426.0,77.0,nan,,ok
12600.210732000001,4033.0,,branch-misses:u,branch-misses,7926602.0,98.0,7.76,of all branches,ok
12600.210732000001,73573.0,,L1-dcache-loads:u,l1-dcache-loads,7816236.0,97.0,nan,,ok
12600.210732000001,16747.0,,cache-references:u,cache-references,6305599.0,78.0,nan,,ok
12600.210732000001,2648.0,,cache-misses:u,cache-misses,3916211.0,48.0,15.81,of all cache refs,ok
12600.210732000001,1058981.0,,stalled-cycles-frontend:u,stalled-cycles-frontend,237464.0,3.0,29.58,frontend cycles idle,ok
12611.363342,418085.0,,instructions:u,instructions,1265701.0,30.0,nan,,ok
12611.363342,nan,,,,nan,nan,2.15,stalled cycles per insn,unknown
12611.363342,0.0,,cycles:u,cycles,69544.0,1.0,nan,,ok
12611.363342,0.0,,branches:u,branches,69544.0,1.0,nan,,ok
12611.363342,3483.0,,branch-misses:u,branch-misses,991148.0,23.0,nan,,ok
12611.363342,139241.0,,L1-dcache-loads:u,l1-dcache-loads,1917942.0,45.0,nan,,ok
12611.363342,16076.0,,cache-references:u,cache-references,2924297.0,69.0,nan,,ok
12611.363342,3317.0,,cache-misses:u,cache-misses,4120454.0,98.0,20.63,of all cache refs,ok
12611.363342,900363.0,,stalled-cycles-frontend:u,stalled-cycles-frontend,1265701.0,30.0,nan,,ok
12622.565384,9775.0,,instructions:u,instructions,3758007.0,66.0,0.01,insn per cycle,ok
12622.565384,nan,,,,nan,nan,72.55,stalled cycles per insn,unknown
12622.565384,942490.0,,cycles:u,cycles,4480923.0,66.0,nan,,ok
12622.565384,2185.0,,branches:u,branches,4832712.0,68.0,nan,,ok
12622.565384,452.0,,branch-misses:u,branch-misses,4849399.0,68.0,20.69,of all branches,ok
12622.565384,15222.0,,L1-dcache-loads:u,l1-dcache-loads,3630273.0,51.0,nan,,ok
12622.565384,5255.0,,cache-references:u,cache-references,3234364.0,45.0,nan,,ok
12622.565384,2549.0,,cache-misses:u,cache-misses,2540540.0,35.0,48.51,of all cache refs,ok
12622.565384,709156.0,,stalled-cycles-frontend:u,stalled-cycles-frontend,2447311.0,36.0,75.24,frontend cycles idle,ok
12633.801664,61790.0,,instructions:u,instructions,4503426.0,45.0,0.04,insn per cycle,ok
12633.801664,nan,,,,nan,nan,16.1,stalled cycles per insn,unknown
12633.801664,1623221.0,,cycles:u,cycles,3908225.0,39.0,nan,,ok
12633.801664,8171.0,,branches:u,branches,4886005.0,49.0,nan,,ok
12633.801664,1322.0,,branch-misses:u,branch-misses,5869558.0,59.0,16.18,of all branches,ok
12633.801664,45751.0,,L1-dcache-loads:u,l1-dcache-loads,5844871.0,59.0,nan,,ok
12633.801664,18325.0,,cache-references:u,cache-references,5473956.0,55.0,nan,,ok
12633.801664,3940.0,,cache-misses:u,cache-misses,6040065.0,61.0,21.5,of all cache refs,ok
12633.801664,994726.0,,stalled-cycles-frontend:u,stalled-cycles-frontend,2578010.0,26.0,61.28,frontend cycles idle,ok
12645.110767,518280.0,,instructions:u,instructions,5017195.0,50.0,0.1,insn per cycle,ok
12645.110767,nan,,,,nan,nan,4.45,stalled cycles per insn,unknown
12645.110767,5106059.0,,cycles:u,cycles,4905761.0,48.0,nan,,ok
12645.110767,119976.0,,branches:u,branches,5912376.0,58.0,nan,,ok
12645.110767,9574.0,,branch-misses:u,branch-misses,6930414.0,68.0,7.98,of all branches,ok
12645.110767,205523.0,,L1-dcache-loads:u,l1-dcache-loads,5937539.0,58.0,nan,,ok
12645.110767,27255.0,,cache-references:u,cache-references,4995266.0,49.0,nan,,ok
12645.110767,3526.0,,cache-misses:u,cache-misses,5129533.0,50.0,12.94,of all cache refs,ok
12645.110767,2305969.0,,stalled-cycles-frontend:u,stalled-cycles-frontend,3146308.0,31.0,45.16,frontend cycles idle,ok
12656.068581,10025.0,,instructions:u,instructions,884934.0,15.0,0.01,insn per cycle,ok
12656.068581,nan,,,,nan,nan,34.89,stalled cycles per insn,unknown
12656.068581,770385.0,,cycles:u,cycles,1313843.0,22.0,nan,,ok
12656.068581,53024.0,,branches:u,branches,2297247.0,39.0,nan,,ok
12656.068581,6470.0,,branch-misses:u,branch-misses,3296473.0,56.0,12.2,of all branches,ok
12656.068581,263070.0,,L1-dcache-loads:u,l1-dcache-loads,4268918.0,73.0,nan,,ok
12656.068581,29407.0,,cache-references:u,cache-references,4994422.0,86.0,nan,,ok
12656.068581,4556.0,,cache-misses:u,cache-misses,4542680.0,78.0,15.49,of all cache refs,ok
12656.068581,349725.0,,stalled-cycles-frontend:u,stalled-cycles-frontend,547077.0,9.0,45.4,frontend cycles idle,ok
12667.390358,2876.0,,instructions:u,instructions,1878134.0,54.0,0.01,insn per cycle,ok
12667.390358,235818.0,,cycles:u,cycles,2539406.0,73.0,nan,,ok
12667.390358,1201.0,,branches:u,branches,3475176.0,100.0,nan,,ok
12667.390358,266.0,,branch-misses:u,branch-misses,3475176.0,100.0,22.15,of all branches,ok
12667.390358,3255.0,,L1-dcache-loads:u,l1-dcache-loads,3475176.0,100.0,nan,,ok
12667.390358,2563.0,,cache-references:u,cache-references,1597042.0,45.0,nan,,ok
12667.390358,341.0,,cache-misses:u,cache-misses,935770.0,26.0,13.3,of all cache refs,ok
12667.390358,nan,,stalled-cycles-frontend:u,stalled-cycles-frontend,0.0,0.0,nan,,ok
12678.088976,95959.0,,instructions:u,instructions,3239541.0,41.0,0.03,insn per cycle,ok
12678.088976,nan,,,,nan,nan,11.19,stalled cycles per insn,unknown
12678.088976,3378187.0,,cycles:u,cycles,2760317.0,37.0,nan,,ok
12678.088976,24846.0,,branches:u,branches,3791221.0,51.0,nan,,ok
12678.088976,3616.0,,branch-misses:u,branch-misses,4822634.0,65.0,14.55,of all branches,ok
12678.088976,87816.0,,L1-dcache-loads:u,l1-dcache-loads,4176872.0,56.0,nan,,ok
12678.088976,15074.0,,cache-references:u,cache-references,4549041.0,61.0,nan,,ok
12678.088976,3697.0,,cache-misses:u,cache-misses,5069922.0,63.0,24.53,of all cache refs,ok
12678.088976,1073679.0,,stalled-cycles-frontend:u,stalled-cycles-frontend,2809447.0,35.0,31.78,frontend cycles idle,ok
12690.068602,1732.0,,instructions:u,instructions,1187952.0,42.0,0.0,insn per cycle,ok
12690.068602,511386.0,,cycles:u,cycles,2151258.0,77.0,nan,,ok
12690.068602,1071.0,,branches:u,branches,2740779.0,100.0,nan,,ok
12690.068602,250.0,,branch-misses:u,branch-misses,2706877.0,100.0,23.34,of all branches,ok
12690.068602,5831.0,,L1-dcache-loads:u,l1-dcache-loads,2513959.0,93.0,nan,,ok
12690.068602,3531.0,,cache-references:u,cache-references,1631750.0,61.0,nan,,ok
12690.068602,1008.0,,cache-misses:u,cache-misses,626787.0,23.0,28.55,of all cache refs,ok
12690.068602,0.0,,stalled-cycles-frontend:u,stalled-cycles-frontend,108354.0,4.0,nan,,ok
12701.39245,nan,,instructions:u,instructions,0.0,0.0,nan,,ok
12701.39245,469656.0,,cycles:u,cycles,884294.0,31.0,nan,,ok
12701.39245,537.0,,branches:u,branches,1886644.0,66.0,nan,,ok
12701.39245,471.0,,branch-misses:u,branch-misses,2859979.0,100.0,87.71,of all branches,ok
12701.39245,15423.0,,L1-dcache-loads:u,l1-dcache-loads,2907258.0,100.0,nan,,ok
12701.39245,4339.0,,cache-references:u,cache-references,2918857.0,100.0,nan,,ok
12701.39245,1337.0,,cache-misses:u,cache-misses,2045771.0,69.0,30.81,of all cache refs,ok
12701.39245,nan,,stalled-cycles-frontend:u,stalled-cycles-frontend,0.0,0.0,nan,,ok
12712.038079,11716.0,,instructions:u,instructions,3148576.0,43.0,nan,,ok
12712.038079,nan,,,,nan,nan,41.41,stalled cycles per insn,unknown
12712.038079,0.0,,cycles:u,cycles,1257519.0,17.0,nan,,ok
12712.038079,0.0,,branches:u,branches,1389534.0,19.0,nan,,ok
12712.038079,100.0,,branch-misses:u,branch-misses,2422980.0,33.0,nan,,ok
12712.038079,26061.0,,L1-dcache-loads:u,l1-dcache-loads,2439651.0,34.0,nan,,ok
12712.038079,14466.0,,cache-references:u,cache-references,3921589.0,57.0,nan,,ok
12712.038079,2290.0,,cache-misses:u,cache-misses,5801438.0,100.0,15.83,of all cache refs,ok
12712.038079,485121.0,,stalled-cycles-frontend:u,stalled-cycles-frontend,2893843.0,42.0,nan,,ok
12723.792059000001,nan,,instructions:u,instructions,0.0,0.0,nan,,ok
12723.792059000001,nan,,cycles:u,cycles,0.0,0.0,nan,,ok
12723.792059000001,nan,,branches:u,branches,0.0,0.0,nan,,ok
12723.792059000001,nan,,branch-misses:u,branch-misses,0.0,0.0,nan,,ok
12723.792059000001,32890.0,,L1-dcache-loads:u,l1-dcache-loads,995455.0,82.0,nan,,ok
12723.792059000001,4939.0,,cache-references:u,cache-references,1210024.0,100.0,nan,,ok
12723.792059000001,1242.0,,cache-misses:u,cache-misses,1210024.0,100.0,25.15,of all cache refs,ok
12723.792059000001,nan,,stalled-cycles-frontend:u,stalled-cycles-frontend,0.0,0.0,nan,,ok
12735.692283,138966.0,,instructions:u,instructions,2999239.0,70.0,0.08,insn per cycle,ok
12735.692283,nan,,,,nan,nan,7.27,stalled cycles per insn,unknown
12735.692283,1842034.0,,cycles:u,cycles,2341866.0,54.0,nan,,ok
12735.692283,23710.0,,branches:u,branches,2380594.0,54.0,nan,,ok
12735.692283,2355.0,,branch-misses:u,branch-misses,2414101.0,55.0,9.93,of all branches,ok
12735.692283,79732.0,,L1-dcache-loads:u,l1-dcache-loads,1446871.0,32.0,nan,,ok
12735.692283,11192.0,,cache-references:u,cache-references,1448977.0,32.0,nan,,ok
12735.692283,4118.0,,cache-misses:u,cache-misses,1966612.0,43.0,36.79,of all cache refs,ok
12735.692283,1009989.0,,stalled-cycles-frontend:u,stalled-cycles-frontend,2000095.0,44.0,54.83,frontend cycles idle,ok
12747.025592,4239.0,,instructions:u,instructions,699775.0,100.0,0.01,insn per cycle,ok
12747.025592,nan,,,,nan,nan,507.41,stalled cycles per insn,unknown
12747.025592,845396.0,,cycles:u,cycles,1284988.0,92.0,nan,,ok
12747.025592,33290.0,,branches:u,branches,3500502.0,97.0,nan,,ok
12747.025592,2324.0,,branch-misses:u,branch-misses,3992605.0,97.0,6.98,of all branches,ok
12747.025592,74522.0,,L1-dcache-loads:u,l1-dcache-loads,3289850.0,80.0,nan,,ok
12747.025592,14281.0,,cache-references:u,cache-references,3259281.0,80.0,nan,,ok
12747.025592,1476.0,,cache-misses:u,cache-misses,2835531.0,70.0,10.34,of all cache refs,ok
12747.025592,2150930.0,,stalled-cycles-frontend:u,stalled-cycles-frontend,806809.0,22.0,254.43,frontend cycles idle,ok
12758.01341,10296.0,,instructions:u,instructions,4439648.0,44.0,0.01,insn per cycle,ok
12758.01341,nan,,,,nan,nan,37.9,stalled cycles per insn,unknown
12758.01341,1218358.0,,cycles:u,cycles,5359718.0,53.0,nan,,ok
12758.01341,4395.0,,branches:u,branches,6343600.0,63.0,nan,,ok
12758.01341,1458.0,,branch-misses:u,branch-misses,7312045.0,73.0,33.17,of all branches,ok
12758.01341,43613.0,,L1-dcache-loads:u,l1-dcache-loads,6992607.0,70.0,nan,,ok
12758.01341,16298.0,,cache-references:u,cache-references,5539178.0,55.0,nan,,ok
12758.01341,2635.0,,cache-misses:u,cache-misses,4692653.0,47.0,16.17,of all cache refs,ok
12758.01341,390243.0,,stalled-cycles-frontend:u,stalled-cycles-frontend,2006587.0,20.0,32.03,frontend cycles idle,ok
12769.327889,236778.0,,instructions:u,instructions,3807707.0,53.0,0.1,insn per cycle,ok
12769.327889,nan,,,,nan,nan,6.6,stalled cycles per insn,unknown
12769.327889,2284644.0,,cycles:u,cycles,5410172.0,75.0,nan,,ok
12769.327889,41965.0,,branches:u,branches,6463279.0,89.0,nan,,ok
12769.327889,3817.0,,branch-misses:u,branch-misses,6935379.0,95.0,9.1,of all branches,ok
12769.327889,47037.0,,L1-dcache-loads:u,l1-dcache-loads,5456860.0,75.0,nan,,ok
12769.327889,10401.0,,cache-references:u,cache-references,3534545.0,48.0,nan,,ok
12769.327889,0.0,,cache-misses:u,cache-misses,1813418.0,24.0,nan,,ok
12769.327889,1562424.0,,stalled-cycles-frontend:u,stalled-cycles-frontend,1756419.0,24.0,68.39,frontend cycles idle,ok
12780.890904,441558.0,,instructions:u,instructions,2998854.0,33.0,0.07,insn per cycle,ok
12780.890904,nan,,,,nan,nan,4.62,stalled cycles per insn,unknown
12780.890904,6696317.0,,cycles:u,cycles,3044502.0,34.0,nan,,ok
12780.890904,458666.0,,branches:u,branches,4490995.0,50.0,nan,,ok
12780.890904,32043.0,,branch-misses:u,branch-misses,5864381.0,66.0,6.99,of all branches,ok
12780.890904,683646.0,,L1-dcache-loads:u,l1-dcache-loads,5830149.0,65.0,nan,,ok
12780.890904,33799.0,,cache-references:u,cache-references,5819204.0,65.0,nan,,ok
12780.890904,5509.0,,cache-misses:u,cache-misses,5796948.0,65.0,16.3,of all cache refs,ok
12780.890904,2039833.0,,stalled-cycles-frontend:u,stalled-cycles-frontend,2002660.0,22.0,30.46,frontend cycles idle,ok
12792.526393,456696.0,,instructions:u,instructions,3002952.0,30.0,0.06,insn per cycle,ok
12792.526393,nan,,,,nan,nan,3.39,stalled cycles per insn,unknown
12792.526393,7120444.0,,cycles:u,cycles,2991710.0,30.0,nan,,ok
12792.526393,117217.0,,branches:u,branches,3992128.0,40.0,nan,,ok
12792.526393,10497.0,,branch-misses:u,branch-misses,5487202.0,56.0,8.96,of all branches,ok
12792.526393,194562.0,,L1-dcache-loads:u,l1-dcache-loads,6493662.0,66.0,nan,,ok
12792.526393,22971.0,,cache-references:u,cache-references,6779553.0,69.0,nan,,ok
12792.526393,2299.0,,cache-misses:u,cache-misses,6790795.0,69.0,10.01,of all cache refs,ok
12792.526393,1550332.0,,stalled-cycles-frontend:u,stalled-cycles-frontend,2001645.0,20.0,21.77,frontend cycles idle,ok
12804.726213,1292027.0,,instructions:u,instructions,4377091.0,44.0,0.28,insn per cycle,ok
12804.726213,nan,,,,nan,nan,1.89,stalled cycles per insn,unknown
12804.726213,4583699.0,,cycles:u,cycles,3450217.0,34.0,nan,,ok
12804.726213,108586.0,,branches:u,branches,4763859.0,47.0,nan,,ok
12804.726213,6447.0,,branch-misses:u,branch-misses,5407179.0,53.0,5.94,of all branches,ok
12804.726213,156470.0,,L1-dcache-loads:u,l1-dcache-loads,4894977.0,48.0,nan,,ok
12804.726213,42470.0,,cache-references:u,cache-references,5511221.0,54.0,nan,,ok
12804.726213,5963.0,,cache-misses:u,cache-misses,6517750.0,64.0,14.04,of all cache refs,ok
12804.726213,2444864.0,,stalled-cycles-frontend:u,stalled-cycles-frontend,3633505.0,35.0,53.34,frontend cycles idle,ok
12818.201022000001,279336.0,,instructions:u,instructions,4450200.0,36.0,0.06,insn per cycle,ok
12818.201022000001,nan,,,,nan,nan,12.64,stalled cycles per insn,unknown
12818.201022000001,4922335.0,,cycles:u,cycles,5378214.0,44.0,nan,,ok
12818.201022000001,119444.0,,branches:u,branches,7354886.0,60.0,nan,,ok
12818.201022000001,8274.0,,branch-misses:u,branch-misses,9120563.0,75.0,6.93,of all branches,ok
12818.201022000001,603239.0,,L1-dcache-loads:u,l1-dcache-loads,8653221.0,71.0,nan,,ok
12818.201022000001,79971.0,,cache-references:u,cache-references,7842364.0,64.0,nan,,ok
12818.201022000001,11748.0,,cache-misses:u,cache-misses,6851585.0,56.0,14.69,of all cache refs,ok
12818.201022000001,3530458.0,,stalled-cycles-frontend:u,stalled-cycles-frontend,2378029.0,19.0,71.72,frontend cycles idle,ok
12829.770392,nan,,instructions:u,instructions,0.0,0.0,nan,,ok
12829.770392,nan,,cycles:u,cycles,0.0,0.0,nan,,ok
12829.770392,237.0,,branches:u,branches,253875.0,42.0,nan,,ok
12829.770392,224.0,,branch-misses:u,branch-misses,449945.0,77.0,94.51,of all branches,ok
12829.770392,2394.0,,L1-dcache-loads:u,l1-dcache-loads,565936.0,100.0,nan,,ok
12829.770392,1211.0,,cache-references:u,cache-references,551861.0,100.0,nan,,ok
12829.770392,397.0,,cache-misses:u,cache-misses,534971.0,100.0,32.78,of all cache refs,ok
12829.770392,nan,,stalled-cycles-frontend:u,stalled-cycles-frontend,0.0,0.0,nan,,ok
12842.285389,0.0,,instructions:u,instructions,2314417.0,35.0,nan,,ok
12842.285389,0.0,,cycles:u,cycles,1337419.0,20.0,nan,,ok
12842.285389,127.0,,branches:u,branches,2708804.0,40.0,nan,,ok
12842.285389,442.0,,branch-misses:u,branch-misses,3657760.0,54.0,348.03,of all branches,ok
12842.285389,14991.0,,L1-dcache-loads:u,l1-dcache-loads,3677827.0,55.0,nan,,ok
12842.285389,5151.0,,cache-references:u,cache-references,4280479.0,63.0,nan,,ok
12842.285389,1843.0,,cache-misses:u,cache-misses,5282346.0,78.0,35.78,of all cache refs,ok
12842.285389,0.0,,stalled-cycles-frontend:u,stalled-cycles-frontend,2007286.0,29.0,nan,,ok
12854.707014000001,274324.0,,instructions:u,instructions,4537800.0,52.0,0.5,insn per cycle,ok
12854.707014000001,nan,,,,nan,nan,4.64,stalled cycles per insn,unknown
12854.707014000001,551621.0,,cycles:u,cycles,5530799.0,64.0,nan,,ok
12854.707014000001,2581.0,,branches:u,branches,5951204.0,69.0,nan,,ok
12854.707014000001,557.0,,branch-misses:u,branch-misses,5931686.0,69.0,21.58,of all branches,ok
12854.707014000001,23342.0,,L1-dcache-loads:u,l1-dcache-loads,4948802.0,58.0,nan,,ok
12854.707014000001,29937.0,,cache-references:u,cache-references,4055521.0,53.0,nan,,ok
12854.707014000001,10356.0,,cache-misses:u,cache-misses,3037653.0,43.0,34.59,of all cache refs,ok
12854.707014000001,1273777.0,,stalled-cycles-frontend:u,stalled-cycles-frontend,2559282.0,33.0,230.92,frontend cycles idle,ok
12866.827754,nan,,instructions:u,instructions,0.0,0.0,nan,,ok
12866.827754,561537.0,,cycles:u,cycles,966815.0,22.0,nan,,ok
12866.827754,155.0,,branches:u,branches,1869375.0,43.0,nan,,ok
12866.827754,97.0,,branch-misses:u,branch-misses,2869637.0,66.0,62.58,of all branches,ok
12866.827754,8493.0,,L1-dcache-loads:u,l1-dcache-loads,3868020.0,90.0,nan,,ok
12866.827754,5190.0,,cache-references:u,cache-references,4310989.0,100.0,nan,,ok
12866.827754,1481.0,,cache-misses:u,cache-misses,3363051.0,77.0,28.54,of all cache refs,ok
12866.827754,nan,,stalled-cycles-frontend:u,stalled-cycles-frontend,0.0,0.0,nan,,ok
12877.605238,60046.0,,instructions:u,instructions,2299583.0,73.0,0.06,insn per cycle,ok
12877.605238,nan,,,,nan,nan,16.28,stalled cycles per insn,unknown
12877.605238,1019259.0,,cycles:u,cycles,1302186.0,41.0,nan,,ok
12877.605238,18644.0,,branches:u,branches,1525233.0,48.0,nan,,ok
12877.605238,1347.0,,branch-misses:u,branch-misses,1525233.0,49.0,7.22,of all branches,ok
12877.605238,1491.0,,L1-dcache-loads:u,l1-dcache-loads,522188.0,16.0,nan,,ok
12877.605238,554.0,,cache-references:u,cache-references,782923.0,28.0,nan,,ok
12877.605238,427.0,,cache-misses:u,cache-misses,1761443.0,100.0,77.08,of all cache refs,ok
12877.605238,977250.0,,stalled-cycles-frontend:u,stalled-cycles-frontend,2000442.0,72.0,95.88,frontend cycles idle,ok
12889.771503,43770.0,,instructions:u,instructions,1631277.0,27.0,0.03,insn per cycle,ok
12889.771503,nan,,,,nan,nan,16.6,stalled cycles per insn,unknown
12889.771503,1382611.0,,cycles:u,cycles,2625133.0,43.0,nan,,ok
12889.771503,5848.0,,branches:u,branches,3627871.0,60.0,nan,,ok
12889.771503,417.0,,branch-misses:u,branch-misses,4627343.0,76.0,7.13,of all branches,ok
12889.771503,9808.0,,L1-dcache-loads:u,l1-dcache-loads,4991307.0,82.0,nan,,ok
12889.771503,2267.0,,cache-references:u,cache-references,4388138.0,72.0,nan,,ok
12889.771503,0.0,,cache-misses:u,cache-misses,3394282.0,56.0,nan,,ok
12889.771503,726370.0,,stalled-cycles-frontend:u,stalled-cycles-frontend,632421.0,10.0,52.54,frontend cycles idle,ok
12900.472087,nan,,instructions:u,instructions,0.0,0.0,nan,,ok
12900.472087,nan,,cycles:u,cycles,0.0,0.0,nan,,ok
12900.472087,nan,,branches:u,branches,0.0,0.0,nan,,ok
12900.472087,nan,,branch-misses:u,branch-misses,0.0,0.0,nan,,ok
12900.472087,nan,,L1-dcache-loads:u,l1-dcache-loads,0.0,0.0,nan,,ok
12900.472087,0.0,,cache-references:u,cache-references,614973.0,100.0,nan,,ok
12900.472087,0.0,,cache-misses:u,cache-misses,614973.0,100.0,nan,,ok
12900.472087,nan,,stalled-cycles-frontend:u,stalled-cycles-frontend,0.0,0.0,nan,,ok
12911.48043,26562.0,,instructions:u,instructions,2999305.0,77.0,0.01,insn per cycle,ok
12911.48043,nan,,,,nan,nan,46.32,stalled cycles per insn,unknown
12911.48043,2466192.0,,cycles:u,cycles,2993489.0,61.0,nan,,ok
12911.48043,52197.0,,branches:u,branches,4077676.0,68.0,nan,,ok
12911.48043,6636.0,,branch-misses:u,branch-misses,5095646.0,73.0,12.71,of all branches,ok
12911.48043,237672.0,,L1-dcache-loads:u,l1-dcache-loads,4820039.0,63.0,nan,,ok
12911.48043,33431.0,,cache-references:u,cache-references,5158957.0,63.0,nan,,ok
12911.48043,5197.0,,cache-misses:u,cache-misses,5184555.0,63.0,15.55,of all cache refs,ok
12911.48043,1230434.0,,stalled-cycles-frontend:u,stalled-cycles-frontend,1998218.0,25.0,49.89,frontend cycles idle,ok
12923.367841,13519.0,,instructions:u,instructions,2023250.0,33.0,nan,,ok
12923.367841,nan,,,,nan,nan,57.07,stalled cycles per insn,unknown
12923.367841,nan,,cycles:u,cycles,0.0,0.0,nan,,ok
12923.367841,6803.0,,branches:u,branches,903979.0,15.0,nan,,ok
12923.367841,835.0,,branch-misses:u,branch-misses,1878095.0,31.0,12.27,of all branches,ok
12923.367841,11685.0,,L1-dcache-loads:u,l1-dcache-loads,2857693.0,48.0,nan,,ok
12923.367841,4117.0,,cache-references:u,cache-references,3840818.0,65.0,nan,,ok
12923.367841,1479.0,,cache-misses:u,cache-misses,5844286.0,100.0,35.92,of all cache refs,ok
12923.367841,771566.0,,stalled-cycles-frontend:u,stalled-cycles-frontend,2023250.0,34.0,nan,,ok
12934.03865,69909.0,,instructions:u,instructions,2967564.0,45.0,0.02,insn per cycle,ok
12934.03865,nan,,,,nan,nan,26.73,stalled cycles per insn,unknown
12934.03865,3022621.0,,cycles:u,cycles,3001327.0,45.0,nan,,ok
12934.03865,15312.0,,branches:u,branches,3994928.0,60.0,nan,,ok
12934.03865,1128.0,,branch-misses:u,branch-misses,4999633.0,75.0,7.37,of all branches,ok
12934.03865,27661.0,,L1-dcache-loads:u,l1-dcache-loads,4628815.0,70.0,nan,,ok
12934.03865,5560.0,,cache-references:u,cache-references,3652346.0,55.0,nan,,ok
12934.03865,898.0,,cache-misses:u,cache-misses,3636720.0,54.0,16.15,of all cache refs,ok
12934.03865,1868513.0,,stalled-cycles-frontend:u,stalled-cycles-frontend,1972119.0,29.0,61.82,frontend cycles idle,ok
12945.16269,51784.0,,instructions:u,instructions,3200311.0,69.0,0.03,insn per cycle,ok
12945.16269,nan,,,,nan,nan,12.19,stalled cycles per insn,unknown
12945.16269,1903004.0,,cycles:u,cycles,3002867.0,53.0,nan,,ok
12945.16269,15524.0,,branches:u,branches,3425202.0,56.0,nan,,ok
12945.16269,1316.0,,branch-misses:u,branch-misses,3425202.0,56.0,8.48,of all branches,ok
12945.16269,42394.0,,L1-dcache-loads:u,l1-dcache-loads,2790713.0,46.0,nan,,ok
12945.16269,3036.0,,cache-references:u,cache-references,2770219.0,46.0,nan,,ok
12945.16269,246.0,,cache-misses:u,cache-misses,2949526.0,49.0,8.1,of all cache refs,ok
12945.16269,631325.0,,stalled-cycles-frontend:u,stalled-cycles-frontend,2197789.0,39.0,33.18,frontend cycles idle,ok
12955.956868,nan,,instructions:u,instructions,0.0,0.0,nan,,ok
12955.956868,nan,,cycles:u,cycles,0.0,0.0,nan,,ok
12955.956868,nan,,branches:u,branches,0.0,0.0,nan,,ok
12955.956868,0.0,,branch-misses:u,branch-misses,972671.0,54.0,nan,,ok
12955.956868,0.0,,L1-dcache-loads:u,l1-dcache-loads,1819611.0,100.0,nan,,ok
12955.956868,0.0,,cache-references:u,cache-references,1839572.0,100.0,nan,,ok
12955.956868,0.0,,cache-misses:u,cache-misses,1857616.0,100.0,nan,,ok
12955.956868,nan,,stalled-cycles-frontend:u,stalled-cycles-frontend,0.0,0.0,nan,,ok
12966.916872,468135.0,,instructions:u,instructions,3004026.0,43.0,0.17,insn per cycle,ok
12966.916872,nan,,,,nan,nan,4.47,stalled cycles per insn,unknown
12966.916872,2792194.0,,cycles:u,cycles,3021578.0,43.0,nan,,ok
12966.916872,75970.0,,branches:u,branches,4008405.0,57.0,nan,,ok
12966.916872,5515.0,,branch-misses:u,branch-misses,4450127.0,64.0,7.26,of all branches,ok
12966.916872,190967.0,,L1-dcache-loads:u,l1-dcache-loads,3886593.0,56.0,nan,,ok
12966.916872,26372.0,,cache-references:u,cache-references,3883528.0,56.0,nan,,ok
12966.916872,4850.0,,cache-misses:u,cache-misses,3847932.0,56.0,18.39,of all cache refs,ok
12966.916872,2093311.0,,stalled-cycles-frontend:u,stalled-cycles-frontend,2022026.0,29.0,74.97,frontend cycles idle,ok
12978.616678,0.0,,instructions:u,instructions,188275.0,7.0,nan,,ok
12978.616678,nan,,cycles:u,cycles,0.0,0.0,nan,,ok
12978.616678,nan,,branches:u,branches,0.0,0.0,nan,,ok
12978.616678,197.0,,branch-misses:u,branch-misses,506681.0,21.0,nan,,ok
12978.616678,5604.0,,L1-dcache-loads:u,l1-dcache-loads,1179673.0,49.0,nan,,ok
12978.616678,1652.0,,cache-references:u,cache-references,2173382.0,90.0,nan,,ok
12978.616678,639.0,,cache-misses:u,cache-misses,2402183.0,100.0,38.68,of all cache refs,ok
12978.616678,0.0,,stalled-cycles-frontend:u,stalled-cycles-frontend,243153.0,10.0,nan,,ok
12989.260807,22777.0,,instructions:u,instructions,5033335.0,59.0,0.02,insn per cycle,ok
12989.260807,nan,,,,nan,nan,119.73,stalled cycles per insn,unknown
12989.260807,1326095.0,,cycles:u,cycles,5024007.0,61.0,nan,,ok
12989.260807,3259.0,,branches:u,branches,6023656.0,73.0,nan,,ok
12989.260807,571.0,,branch-misses:u,branch-misses,6632769.0,81.0,17.52,of all branches,ok
12989.260807,20200.0,,L1-dcache-loads:u,l1-dcache-loads,6491657.0,79.0,nan,,ok
12989.260807,9982.0,,cache-references:u,cache-references,3490896.0,42.0,nan,,ok
12989.260807,3055.0,,cache-misses:u,cache-misses,3473915.0,40.0,30.61,of all cache refs,ok
12989.260807,2727046.0,,stalled-cycles-frontend:u,stalled-cycles-frontend,1963160.0,23.0,205.64,frontend cycles idle,ok
13000.360977,141455.0,,instructions:u,instructions,5031400.0,48.0,0.05,insn per cycle,ok
13000.360977,nan,,,,nan,nan,0.16,stalled cycles per insn,unknown
13000.360977,2691427.0,,cycles:u,cycles,3191398.0,30.0,nan,,ok
13000.360977,60403.0,,branches:u,branches,4209486.0,40.0,nan,,ok
13000.360977,3766.0,,branch-misses:u,branch-misses,5250359.0,50.0,6.23,of all branches,ok
13000.360977,142283.0,,L1-dcache-loads:u,l1-dcache-loads,4786423.0,45.0,nan,,ok
13000.360977,27401.0,,cache-references:u,cache-references,5317320.0,51.0,nan,,ok
13000.360977,3321.0,,cache-misses:u,cache-misses,7107580.0,68.0,12.12,of all cache refs,ok
13000.360977,22040.0,,stalled-cycles-frontend:u,stalled-cycles-frontend,3635157.0,34.0,0.82,frontend cycles idle,ok
13012.175485,965954.0,,instructions:u,instructions,2865556.0,35.0,0.35,insn per cycle,ok
13012.175485,nan,,,,nan,nan,2.1,stalled cycles per insn,unknown
13012.175485,2778666.0,,cycles:u,cycles,3560308.0,44.0,nan,,ok
13012.175485,114932.0,,branches:u,branches,3963928.0,49.0,nan,,ok
13012.175485,10259.0,,branch-misses:u,branch-misses,4936962.0,62.0,8.93,of all branches,ok
13012.175485,120945.0,,L1-dcache-loads:u,l1-dcache-loads,4937995.0,62.0,nan,,ok
13012.175485,12369.0,,cache-references:u,cache-references,5036343.0,63.0,nan,,ok
13012.175485,5252.0,,cache-misses:u,cache-misses,4403431.0,55.0,42.46,of all cache refs,ok
13012.175485,2030815.0,,stalled-cycles-frontend:u,stalled-cycles-frontend,2000215.0,25.0,73.09,frontend cycles idle,ok
13023.034409,284164.0,,instructions:u,instructions,2170390.0,28.0,0.2,insn per cycle,ok
13023.034409,nan,,,,nan,nan,2.46,stalled cycles per insn,unknown
13023.034409,1393726.0,,cycles:u,cycles,2748224.0,36.0,nan,,ok
13023.034409,91981.0,,branches:u,branches,3731179.0,49.0,nan,,ok
13023.034409,7285.0,,branch-misses:u,branch-misses,4708723.0,63.0,7.92,of all branches,ok
13023.034409,226883.0,,L1-dcache-loads:u,l1-dcache-loads,4684775.0,62.0,nan,,ok
13023.034409,33063.0,,cache-references:u,cache-references,5353137.0,72.0,nan,,ok
13023.034409,4803.0,,cache-misses:u,cache-misses,4748988.0,64.0,14.53,of all cache refs,ok
13023.034409,699619.0,,stalled-cycles-frontend:u,stalled-cycles-frontend,1751668.0,23.0,50.2,frontend cycles idle,ok
13033.740444,nan,,instructions:u,instructions,0.0,100.0,nan,,ok
13033.740444,nan,,cycles:u,cycles,0.0,100.0,nan,,ok
13033.740444,nan,,branches:u,branches,0.0,100.0,nan,,ok
13033.740444,nan,,branch-misses:u,branch-misses,0.0,100.0,nan,,ok
13033.740444,nan,,L1-dcache-loads:u,l1-dcache-loads,0.0,100.0,nan,,ok
13033.740444,nan,,cache-references:u,cache-references,0.0,100.0,nan,,ok
13033.740444,nan,,cache-misses:u,cache-misses,0.0,100.0,nan,,ok
13033.740444,nan,,stalled-cycles-frontend:u,stalled-cycles-frontend,0.0,100.0,nan,,ok
13044.318295000001,0.0,,instructions:u,instructions,2153772.0,42.0,nan,,ok
13044.318295000001,0.0,,cycles:u,cycles,3159297.0,62.0,nan,,ok
13044.318295000001,0.0,,branches:u,branches,4158305.0,82.0,nan,,ok
13044.318295000001,0.0,,branch-misses:u,branch-misses,5066164.0,100.0,nan,,ok
13044.318295000001,0.0,,L1-dcache-loads:u,l1-dcache-loads,3910015.0,77.0,nan,,ok
13044.318295000001,0.0,,cache-references:u,cache-references,2912392.0,57.0,nan,,ok
13044.318295000001,0.0,,cache-misses:u,cache-misses,1906867.0,37.0,nan,,ok
13044.318295000001,0.0,,stalled-cycles-frontend:u,stalled-cycles-frontend,1156149.0,22.0,nan,,ok
13055.089543,2169167.0,,instructions:u,instructions,3000853.0,30.0,0.16,insn per cycle,ok
13055.089543,nan,,,,nan,nan,0.5,stalled cycles per insn,unknown
13055.089543,13240987.0,,cycles:u,cycles,3001342.0,30.0,nan,,ok
13055.089543,758988.0,,branches:u,branches,4001569.0,40.0,nan,,ok
13055.089543,21537.0,,branch-misses:u,branch-misses,5657265.0,56.0,2.84,of all branches,ok
13055.089543,1605196.0,,L1-dcache-loads:u,l1-dcache-loads,6334080.0,63.0,nan,,ok
13055.089543,42058.0,,cache-references:u,cache-references,7020236.0,70.0,nan,,ok
13055.089543,4565.0,,cache-misses:u,cache-misses,7032236.0,70.0,10.85,of all cache refs,ok
13055.089543,1086164.0,,stalled-cycles-frontend:u,stalled-cycles-frontend,2001247.0,19.0,8.2,frontend cycles idle,ok
13065.880109,81836.0,,instructions:u,instructions,871741.0,70.0,nan,,ok
13065.880109,nan,,,,nan,nan,7.15,stalled cycles per insn,unknown
13065.880109,nan,,cycles:u,cycles,0.0,0.0,nan,,ok
13065.880109,nan,,branches:u,branches,0.0,0.0,nan,,ok
13065.880109,nan,,branch-misses:u,branch-misses,0.0,0.0,nan,,ok
13065.880109,nan,,L1-dcache-loads:u,l1-dcache-loads,0.0,0.0,nan,,ok
13065.880109,4208.0,,cache-references:u,cache-references,311521.0,26.0,nan,,ok
13065.880109,1868.0,,cache-misses:u,cache-misses,1170773.0,100.0,44.39,of all cache refs,ok
13065.880109,585531.0,,stalled-cycles-frontend:u,stalled-cycles-frontend,871741.0,74.0,nan,,ok
13077.289843999999,790655.0,,instructions:u,instructions,874110.0,30.0,0.42,insn per cycle,ok
13077.289843999999,1876592.0,,cycles:u,cycles,1523719.0,53.0,nan,,ok
13077.289843999999,70877.0,,branches:u,branches,2066829.0,72.0,nan,,ok
13077.289843999999,3340.0,,branch-misses:u,branch-misses,2819531.0,98.0,4.71,of all branches,ok
13077.289843999999,176760.0,,L1-dcache-loads:u,l1-dcache-loads,2852698.0,100.0,nan,,ok
13077.289843999999,10278.0,,cache-references:u,cache-references,1978588.0,69.0,nan,,ok
13077.289843999999,2440.0,,cache-misses:u,cache-misses,1328979.0,46.0,23.74,of all cache refs,ok
13077.289843999999,nan,,stalled-cycles-frontend:u,stalled-cycles-frontend,0.0,0.0,nan,,ok
13088.200545,nan,,instructions:u,instructions,0.0,100.0,nan,,ok
13088.200545,nan,,cycles:u,cycles,0.0,100.0,nan,,ok
13088.200545,nan,,branches:u,branches,0.0,100.0,nan,,ok
13088.200545,nan,,branch-misses:u,branch-misses,0.0,100.0,nan,,ok
13088.200545,nan,,L1-dcache-loads:u,l1-dcache-loads,0.0,100.0,nan,,ok
13088.200545,nan,,cache-references:u,cache-references,0.0,100.0,nan,,ok
13088.200545,nan,,cache-misses:u,cache-misses,0.0,100.0,nan,,ok
13088.200545,nan,,stalled-cycles-frontend:u,stalled-cycles-frontend,0.0,100.0,nan,,ok
13098.832698,1130.0,,instructions:u,instructions,2134152.0,93.0,0.01,insn per cycle,ok
13098.832698,nan,,,,nan,nan,219.14,stalled cycles per insn,unknown
13098.832698,193977.0,,cycles:u,cycles,1640390.0,70.0,nan,,ok
13098.832698,374.0,,branches:u,branches,1661633.0,70.0,nan,,ok
13098.832698,418.0,,branch-misses:u,branch-misses,2672403.0,79.0,111.76,of all branches,ok
13098.832698,105117.0,,L1-dcache-loads:u,l1-dcache-loads,3359126.0,76.0,nan,,ok
13098.832698,10852.0,,cache-references:u,cache-references,3120233.0,60.0,nan,,ok
13098.832698,2948.0,,cache-misses:u,cache-misses,3507192.0,82.0,27.17,of all cache refs,ok
13098.832698,247627.0,,stalled-cycles-frontend:u,stalled-cycles-frontend,1032936.0,27.0,127.66,frontend cycles idle,ok
13109.790560000001,5467.0,,instructions:u,instructions,3630552.0,69.0,0.0,insn per cycle,ok
13109.790560000001,1179222.0,,cycles:u,cycles,3899046.0,62.0,nan,,ok
13109.790560000001,7203.0,,branches:u,branches,5470850.0,69.0,nan,,ok
13109.790560000001,1226.0,,branch-misses:u,branch-misses,5445445.0,69.0,17.02,of all branches,ok
13109.790560000001,29217.0,,L1-dcache-loads:u,l1-dcache-loads,4792081.0,61.0,nan,,ok
13109.790560000001,10898.0,,cache-references:u,cache-references,4120669.0,53.0,nan,,ok
13109.790560000001,926.0,,cache-misses:u,cache-misses,3958978.0,59.0,8.5,of all cache refs,ok
13109.790560000001,0.0,,stalled-cycles-frontend:u,stalled-cycles-frontend,2003077.0,32.0,nan,,ok
13120.691190000001,108300.0,,instructions:u,instructions,2997558.0,34.0,0.05,insn per cycle,ok
13120.691190000001,nan,,,,nan,nan,35.71,stalled cycles per insn,unknown
13120.691190000001,2259173.0,,cycles:u,cycles,3250065.0,33.0,nan,,ok
13120.691190000001,16229.0,,branches:u,branches,5312472.0,54.0,nan,,ok
13120.691190000001,1310.0,,branch-misses:u,branch-misses,6995518.0,71.0,8.07,of all branches,ok
13120.691190000001,15113.0,,L1-dcache-loads:u,l1-dcache-loads,6786140.0,69.0,nan,,ok
13120.691190000001,10230.0,,cache-references:u,cache-references,6788076.0,69.0,nan,,ok
13120.691190000001,2740.0,,cache-misses:u,cache-misses,6535569.0,66.0,26.78,of all cache refs,ok
13120.691190000001,3867360.0,,stalled-cycles-frontend:u,stalled-cycles-frontend,1996712.0,20.0,171.18,frontend cycles idle,ok
13132.251857,nan,,instructions:u,instructions,0.0,0.0,nan,,ok
13132.251857,nan,,cycles:u,cycles,0.0,0.0,nan,,ok
13132.251857,964.0,,branches:u,branches,279956.0,11.0,nan,,ok
13132.251857,512.0,,branch-misses:u,branch-misses,1244827.0,49.0,53.11,of all branches,ok
13132.251857,23403.0,,L1-dcache-loads:u,l1-dcache-loads,1857617.0,73.0,nan,,ok
13132.251857,5330.0,,cache-references:u,cache-references,2522726.0,100.0,nan,,ok
13132.251857,1215.0,,cache-misses:u,cache-misses,2522726.0,100.0,22.8,of all cache refs,ok
13132.251857,nan,,stalled-cycles-frontend:u,stalled-cycles-frontend,0.0,0.0,nan,,ok
13143.804151999999,8152.0,,instructions:u,instructions,3008661.0,49.0,0.04,insn per cycle,ok
13143.804151999999,nan,,,,nan,nan,40.56,stalled cycles per insn,unknown
13143.804151999999,183734.0,,cycles:u,cycles,2805949.0,46.0,nan,,ok
13143.804151999999,38724.0,,branches:u,branches,3807464.0,63.0,nan,,ok
13143.804151999999,5149.0,,branch-misses:u,branch-misses,4201406.0,69.0,13.3,of all branches,ok
13143.804151999999,142652.0,,L1-dcache-loads:u,l1-dcache-loads,3225063.0,52.0,nan,,ok
13143.804151999999,19213.0,,cache-references:u,cache-references,3096418.0,50.0,nan,,ok
13143.804151999999,5033.0,,cache-misses:u,cache-misses,3312553.0,54.0,26.2,of all cache refs,ok
13143.804151999999,330626.0,,stalled-cycles-frontend:u,stalled-cycles-frontend,2002232.0,32.0,179.95,frontend cycles idle,ok
13154.5446,177640.0,,instructions:u,instructions,1908863.0,41.0,0.09,insn per cycle,ok
13154.5446,nan,,,,nan,nan,4.27,stalled cycles per insn,unknown
13154.5446,2060192.0,,cycles:u,cycles,910792.0,20.0,nan,,ok
13154.5446,20939.0,,branches:u,branches,910792.0,20.0,nan,,ok
13154.5446,2611.0,,branch-misses:u,branch-misses,1515135.0,33.0,12.47,of all branches,ok
13154.5446,116578.0,,L1-dcache-loads:u,l1-dcache-loads,1581706.0,35.0,nan,,ok
13154.5446,17367.0,,cache-references:u,cache-references,2567136.0,57.0,nan,,ok
13154.5446,2005.0,,cache-misses:u,cache-misses,3551784.0,79.0,11.54,of all cache refs,ok
13154.5446,757809.0,,stalled-cycles-frontend:u,stalled-cycles-frontend,1908863.0,42.0,36.78,frontend cycles idle,ok
13165.813269999999,1275.0,,instructions:u,instructions,1295358.0,100.0,0.01,insn per cycle,ok
13165.813269999999,nan,,,,nan,nan,134.29,stalled cycles per insn,unknown
13165.813269999999,181267.0,,cycles:u,cycles,1295358.0,100.0,nan,,ok
13165.813269999999,290.0,,branches:u,branches,1295358.0,100.0,nan,,ok
13165.813269999999,80.0,,branch-misses:u,branch-misses,1295358.0,100.0,27.59,of all branches,ok
13165.813269999999,1039.0,,L1-dcache-loads:u,l1-dcache-loads,552089.0,42.0,nan,,ok
13165.813269999999,nan,,cache-references:u,cache-references,0.0,0.0,nan,,ok
13165.813269999999,nan,,cache-misses:u,cache-misses,0.0,0.0,nan,,ok
13165.813269999999,171221.0,,stalled-cycles-frontend:u,stalled-cycles-frontend,743269.0,57.0,94.46,frontend cycles idle,ok
13176.650450000001,572884.0,,instructions:u,instructions,3576643.0,61.0,0.08,insn per cycle,ok
13176.650450000001,nan,,,,nan,nan,10.29,stalled cycles per insn,unknown
13176.650450000001,7161369.0,,cycles:u,cycles,3713976.0,54.0,nan,,ok
13176.650450000001,78376.0,,branches:u,branches,4538272.0,59.0,nan,,ok
13176.650450000001,3534.0,,branch-misses:u,branch-misses,4642164.0,60.0,4.51,of all branches,ok
13176.650450000001,79879.0,,L1-dcache-loads:u,l1-dcache-loads,4640307.0,60.0,nan,,ok
13176.650450000001,12495.0,,cache-references:u,cache-references,4062170.0,53.0,nan,,ok
13176.650450000001,5445.0,,cache-misses:u,cache-misses,3924837.0,51.0,43.58,of all cache refs,ok
13176.650450000001,5893939.0,,stalled-cycles-frontend:u,stalled-cycles-frontend,2000287.0,29.0,82.3,frontend cycles idle,ok
13187.809508,4933.0,,instructions:u,instructions,1885660.0,40.0,0.0,insn per cycle,ok
13187.809508,nan,,,,nan,nan,285.56,stalled cycles per insn,unknown
13187.809508,1771675.0,,cycles:u,cycles,1017182.0,21.0,nan,,ok
13187.809508,83591.0,,branches:u,branches,1410985.0,30.0,nan,,ok
13187.809508,10393.0,,branch-misses:u,branch-misses,2415737.0,51.0,12.43,of all branches,ok
13187.809508,638803.0,,L1-dcache-loads:u,l1-dcache-loads,2269628.0,48.0,nan,,ok
13187.809508,39003.0,,cache-references:u,cache-references,2772572.0,59.0,nan,,ok
13187.809508,5462.0,,cache-misses:u,cache-misses,3641050.0,78.0,14.0,of all cache refs,ok
13187.809508,1408670.0,,stalled-cycles-frontend:u,stalled-cycles-frontend,1885660.0,40.0,79.51,frontend cycles idle,ok
13199.556337,84695.0,,instructions:u,instructions,2999787.0,48.0,nan,,ok
13199.556337,nan,,,,nan,nan,10.55,stalled cycles per insn,unknown
13199.556337,0.0,,cycles:u,cycles,2999762.0,48.0,nan,,ok
13199.556337,0.0,,branches:u,branches,4000255.0,64.0,nan,,ok
13199.556337,0.0,,branch-misses:u,branch-misses,4223795.0,67.0,nan,,ok
13199.556337,0.0,,L1-dcache-loads:u,l1-dcache-loads,3240188.0,51.0,nan,,ok
13199.556337,6299.0,,cache-references:u,cache-references,3258481.0,52.0,nan,,ok
13199.556337,2809.0,,cache-misses:u,cache-misses,3278408.0,52.0,44.59,of all cache refs,ok
13199.556337,893880.0,,stalled-cycles-frontend:u,stalled-cycles-frontend,2002396.0,31.0,nan,,ok
13210.881258000001,247981.0,,instructions:u,instructions,1762109.0,32.0,0.16,insn per cycle,ok
13210.881258000001,nan,,,,nan,nan,3.86,stalled cycles per insn,unknown
13210.881258000001,1539858.0,,cycles:u,cycles,2764120.0,50.0,nan,,ok
13210.881258000001,37007.0,,branches:u,branches,3759672.0,68.0,nan,,ok
13210.881258000001,3709.0,,branch-misses:u,branch-misses,5138783.0,90.0,10.02,of all branches,ok
13210.881258000001,114351.0,,L1-dcache-loads:u,l1-dcache-loads,6124778.0,91.0,nan,,ok
13210.881258000001,19011.0,,cache-references:u,cache-references,5885209.0,76.0,nan,,ok
13210.881258000001,4763.0,,cache-misses:u,cache-misses,4902670.0,63.0,25.05,of all cache refs,ok
13210.881258000001,957765.0,,stalled-cycles-frontend:u,stalled-cycles-frontend,586053.0,8.0,62.2,frontend cycles idle,ok
13223.407165999999,379672.0,,instructions:u,instructions,3005474.0,50.0,0.2,insn per cycle,ok
13223.407165999999,nan,,,,nan,nan,4.66,stalled cycles per insn,unknown
13223.407165999999,1931176.0,,cycles:u,cycles,3254153.0,45.0,nan,,ok
13223.407165999999,59538.0,,branches:u,branches,3672459.0,48.0,nan,,ok
13223.407165999999,3562.0,,branch-misses:u,branch-misses,4483444.0,56.0,5.98,of all branches,ok
13223.407165999999,130780.0,,L1-dcache-loads:u,l1-dcache-loads,4890926.0,61.0,nan,,ok
13223.407165999999,16041.0,,cache-references:u,cache-references,4960475.0,62.0,nan,,ok
13223.407165999999,4272.0,,cache-misses:u,cache-misses,4706682.0,59.0,26.63,of all cache refs,ok
13223.407165999999,1769197.0,,stalled-cycles-frontend:u,stalled-cycles-frontend,2010824.0,26.0,91.61,frontend cycles idle,ok
13228.277363,0.0,,instructions:u,instructions,2482124.0,71.0,nan,,ok
13228.277363,0.0,,cycles:u,cycles,1481764.0,42.0,nan,,ok
13228.277363,0.0,,branches:u,branches,1481764.0,42.0,nan,,ok
13228.277363,0.0,,branch-misses:u,branch-misses,1481764.0,43.0,nan,,ok
13228.277363,0.0,,L1-dcache-loads:u,l1-dcache-loads,484067.0,14.0,nan,,ok
13228.277363,22210.0,,cache-references:u,cache-references,894588.0,27.0,nan,,ok
13228.277363,1659.0,,cache-misses:u,cache-misses,1860688.0,100.0,7.47,of all cache refs,ok
13228.277363,0.0,,stalled-cycles-frontend:u,stalled-cycles-frontend,1998057.0,70.0,nan,,ok
