timestamp_ms,value,unit,event_name,event_name_normalized,runtime_ns,enabled_pct,metric_value,metric_unit,status
10.091401999999999,784501.0,,instructions:u,instructions,1232922.0,8.0,0.11,insn per cycle,ok
10.091401999999999,nan,,,,nan,nan,1.26,stalled cycles per insn,unknown
10.091401999999999,7027027.0,,cycles:u,cycles,1554590.0,11.0,nan,,ok
10.091401999999999,540807.0,,branches:u,branches,2121452.0,15.0,nan,,ok
10.091401999999999,37878.0,,branch-misses:u,branch-misses,3716760.0,26.0,7.0,of all branches,ok
10.091401999999999,429757.0,,L1-dcache-loads:u,l1-dcache-loads,9110373.0,64.0,nan,,ok
10.091401999999999,53007.0,,cache-references:u,cache-references,12958948.0,90.0,nan,,ok
10.091401999999999,5773.0,,cache-misses:u,cache-misses,13020510.0,89.0,10.89,of all cache refs,ok
10.091401999999999,986267.0,,stalled-cycles-frontend:u,stalled-cycles-frontend,911281.0,6.0,14.04,frontend cycles idle,ok
20.733206,69687.0,,instructions:u,instructions,41562239.0,48.0,0.01,insn per cycle,ok
20.733206,nan,,,,nan,nan,92.23,stalled cycles per insn,unknown
20.733206,9002093.0,,cycles:u,cycles,34500103.0,40.0,nan,,ok
20.733206,8683.0,,branches:u,branches,42848817.0,49.0,nan,,ok
20.733206,5135.0,,branch-misses:u,branch-misses,51143509.0,59.0,59.14,of all branches,ok
20.733206,416592.0,,L1-dcache-loads:u,l1-dcache-loads,43396612.0,50.0,nan,,ok
20.733206,102093.0,,cache-references:u,cache-references,43781533.0,50.0,nan,,ok
20.733206,3969.0,,cache-misses:u,cache-misses,50428163.0,58.0,3.89,of all cache refs,ok
20.733206,6427491.0,,stalled-cycles-frontend:u,stalled-cycles-frontend,31093860.0,36.0,71.4,frontend cycles idle,ok
31.432502,96016.0,,instructions:u,instructions,29765932.0,34.0,0.01,insn per cycle,ok
31.432502,nan,,,,nan,nan,72.79,stalled cycles per insn,unknown
31.432502,10093483.0,,cycles:u,cycles,37394730.0,44.0,nan,,ok
31.432502,10328.0,,branches:u,branches,51266865.0,60.0,nan,,ok
31.432502,5580.0,,branch-misses:u,branch-misses,60659944.0,71.0,54.03,of all branches,ok
31.432502,460217.0,,L1-dcache-loads:u,l1-dcache-loads,60601160.0,71.0,nan,,ok
31.432502,117102.0,,cache-references:u,cache-references,56075481.0,66.0,nan,,ok
31.432502,4313.0,,cache-misses:u,cache-misses,48807517.0,57.0,3.68,of all cache refs,ok
31.432502,6988927.0,,stalled-cycles-frontend:u,stalled-cycles-frontend,16028236.0,18.0,69.24,frontend cycles idle,ok
42.092518000000005,94868.0,,instructions:u,instructions,24319862.0,28.0,0.01,insn per cycle,ok
42.092518000000005,nan,,,,nan,nan,69.74,stalled cycles per insn,unknown
42.092518000000005,9890132.0,,cycles:u,cycles,24008355.0,28.0,nan,,ok
42.092518000000005,10427.0,,branches:u,branches,33758697.0,39.0,nan,,ok
42.092518000000005,5420.0,,branch-misses:u,branch-misses,48945378.0,57.0,51.98,of all branches,ok
42.092518000000005,444616.0,,L1-dcache-loads:u,l1-dcache-loads,56950565.0,67.0,nan,,ok
42.092518000000005,114406.0,,cache-references:u,cache-references,59940665.0,71.0,nan,,ok
42.092518000000005,4405.0,,cache-misses:u,cache-misses,60288609.0,71.0,3.85,of all cache refs,ok
42.092518000000005,6616320.0,,stalled-cycles-frontend:u,stalled-cycles-frontend,16441972.0,19.0,66.9,frontend cycles idle,ok
52.656581,94921.0,,instructions:u,instructions,38571254.0,45.0,0.01,insn per cycle,ok
52.656581,nan,,,,nan,nan,73.27,stalled cycles per insn,unknown
52.656581,9876528.0,,cycles:u,cycles,29672565.0,35.0,nan,,ok
52.656581,10246.0,,branches:u,branches,38134421.0,45.0,nan,,ok
52.656581,5434.0,,branch-misses:u,branch-misses,46767957.0,54.0,53.04,of all branches,ok
52.656581,453533.0,,L1-dcache-loads:u,l1-dcache-loads,42254126.0,49.0,nan,,ok
52.656581,117739.0,,cache-references:u,cache-references,45081750.0,52.0,nan,,ok
52.656581,5109.0,,cache-misses:u,cache-misses,53845334.0,63.0,4.34,of all cache refs,ok
52.656581,6954630.0,,stalled-cycles-frontend:u,stalled-cycles-frontend,30678734.0,36.0,70.42,frontend cycles idle,ok
63.548049999999996,92616.0,,instructions:u,instructions,31648479.0,39.0,0.01,insn per cycle,ok
63.548049999999996,nan,,,,nan,nan,72.1,stalled cycles per insn,unknown
63.548049999999996,9394567.0,,cycles:u,cycles,39456712.0,49.0,nan,,ok
63.548049999999996,9791.0,,branches:u,branches,50961526.0,63.0,nan,,ok
63.548049999999996,5068.0,,branch-misses:u,branch-misses,58014564.0,72.0,51.76,of all branches,ok
63.548049999999996,420434.0,,L1-dcache-loads:u,l1-dcache-loads,55982375.0,70.0,nan,,ok
63.548049999999996,110390.0,,cache-references:u,cache-references,49759395.0,62.0,nan,,ok
63.548049999999996,5542.0,,cache-misses:u,cache-misses,41517076.0,51.0,5.02,of all cache refs,ok
63.548049999999996,6677318.0,,stalled-cycles-frontend:u,stalled-cycles-frontend,16445551.0,20.0,71.08,frontend cycles idle,ok
74.42220900000001,90719.0,,instructions:u,instructions,23853780.0,28.0,0.01,insn per cycle,ok
74.42220900000001,nan,,,,nan,nan,74.48,stalled cycles per insn,unknown
74.42220900000001,9334245.0,,cycles:u,cycles,24454817.0,28.0,nan,,ok
74.42220900000001,9743.0,,branches:u,branches,36051011.0,42.0,nan,,ok
74.42220900000001,5198.0,,branch-misses:u,branch-misses,50308701.0,59.0,53.35,of all branches,ok
74.42220900000001,432008.0,,L1-dcache-loads:u,l1-dcache-loads,56880884.0,67.0,nan,,ok
74.42220900000001,113139.0,,cache-references:u,cache-references,60278131.0,71.0,nan,,ok
74.42220900000001,6392.0,,cache-misses:u,cache-misses,60230796.0,71.0,5.65,of all cache refs,ok
74.42220900000001,6756967.0,,stalled-cycles-frontend:u,stalled-cycles-frontend,15911695.0,18.0,72.39,frontend cycles idle,ok
85.088541,97541.0,,instructions:u,instructions,38775726.0,45.0,0.01,insn per cycle,ok
85.088541,nan,,,,nan,nan,73.58,stalled cycles per insn,unknown
85.088541,10104325.0,,cycles:u,cycles,31819850.0,37.0,nan,,ok
85.088541,10287.0,,branches:u,branches,40188979.0,46.0,nan,,ok
85.088541,5419.0,,branch-misses:u,branch-misses,48798453.0,56.0,52.68,of all branches,ok
85.088541,445319.0,,L1-dcache-loads:u,l1-dcache-loads,44562770.0,51.0,nan,,ok
85.088541,115659.0,,cache-references:u,cache-references,46019684.0,53.0,nan,,ok
85.088541,6601.0,,cache-misses:u,cache-misses,53301354.0,61.0,5.71,of all cache refs,ok
85.088541,7176636.0,,stalled-cycles-frontend:u,stalled-cycles-frontend,29898178.0,34.0,71.03,frontend cycles idle,ok
106.78617799999999,154088.0,,instructions:u,instructions,57341157.0,33.0,0.01,insn per cycle,ok
106.78617799999999,nan,,,,nan,nan,94.61,stalled cycles per insn,unknown
106.78617799999999,19847086.0,,cycles:u,cycles,64215864.0,37.0,nan,,ok
106.78617799999999,17690.0,,branches:u,branches,87480002.0,50.0,nan,,ok
106.78617799999999,9100.0,,branch-misses:u,branch-misses,110226257.0,64.0,51.44,of all branches,ok
106.78617799999999,755815.0,,L1-dcache-loads:u,l1-dcache-loads,115066063.0,67.0,nan,,ok
106.78617799999999,195519.0,,cache-references:u,cache-references,115448141.0,67.0,nan,,ok
106.78617799999999,10752.0,,cache-misses:u,cache-misses,108667359.0,63.0,5.5,of all cache refs,ok
106.78617799999999,14579025.0,,stalled-cycles-frontend:u,stalled-cycles-frontend,35327195.0,20.0,73.46,frontend cycles idle,ok
120.58626,97766.0,,instructions:u,instructions,45704001.0,44.0,0.01,insn per cycle,ok
120.58626,nan,,,,nan,nan,91.51,stalled cycles per insn,unknown
120.58626,11724893.0,,cycles:u,cycles,43873849.0,42.0,nan,,ok
120.58626,10149.0,,branches:u,branches,57625139.0,56.0,nan,,ok
120.58626,5083.0,,branch-misses:u,branch-misses,69702712.0,67.0,50.08,of all branches,ok
120.58626,411136.0,,L1-dcache-loads:u,l1-dcache-loads,61620283.0,59.0,nan,,ok
120.58626,107273.0,,cache-references:u,cache-references,57906110.0,56.0,nan,,ok
120.58626,6500.0,,cache-misses:u,cache-misses,59510150.0,57.0,6.06,of all cache refs,ok
120.58626,8946948.0,,stalled-cycles-frontend:u,stalled-cycles-frontend,31096563.0,29.0,76.31,frontend cycles idle,ok
131.624059,85829.0,,instructions:u,instructions,28416266.0,34.0,0.01,insn per cycle,ok
131.624059,nan,,,,nan,nan,77.51,stalled cycles per insn,unknown
131.624059,9787421.0,,cycles:u,cycles,25584297.0,31.0,nan,,ok
131.624059,9146.0,,branches:u,branches,33730933.0,41.0,nan,,ok
131.624059,4662.0,,branch-misses:u,branch-misses,43452109.0,53.0,50.97,of all branches,ok
131.624059,365766.0,,L1-dcache-loads:u,l1-dcache-loads,48832210.0,59.0,nan,,ok
131.624059,93625.0,,cache-references:u,cache-references,52524492.0,64.0,nan,,ok
131.624059,5817.0,,cache-misses:u,cache-misses,55247979.0,68.0,6.21,of all cache refs,ok
131.624059,6652388.0,,stalled-cycles-frontend:u,stalled-cycles-frontend,20215691.0,25.0,67.97,frontend cycles idle,ok
142.475141,80672.0,,instructions:u,instructions,33708432.0,42.0,0.01,insn per cycle,ok
142.475141,nan,,,,nan,nan,82.2,stalled cycles per insn,unknown
142.475141,9559149.0,,cycles:u,cycles,34865819.0,44.0,nan,,ok
142.475141,8369.0,,branches:u,branches,43047738.0,54.0,nan,,ok
142.475141,4345.0,,branch-misses:u,branch-misses,52273582.0,66.0,51.92,of all branches,ok
142.475141,362011.0,,L1-dcache-loads:u,l1-dcache-loads,48479960.0,61.0,nan,,ok
142.475141,96400.0,,cache-references:u,cache-references,45657303.0,57.0,nan,,ok
142.475141,6200.0,,cache-misses:u,cache-misses,43593195.0,55.0,6.43,of all cache refs,ok
142.475141,6631355.0,,stalled-cycles-frontend:u,stalled-cycles-frontend,21433881.0,27.0,69.37,frontend cycles idle,ok
153.329613,76927.0,,instructions:u,instructions,22083622.0,30.0,0.01,insn per cycle,ok
153.329613,nan,,,,nan,nan,81.68,stalled cycles per insn,unknown
153.329613,8945491.0,,cycles:u,cycles,24754400.0,34.0,nan,,ok
153.329613,8340.0,,branches:u,branches,36553886.0,51.0,nan,,ok
153.329613,4142.0,,branch-misses:u,branch-misses,47974872.0,67.0,49.66,of all branches,ok
153.329613,332660.0,,L1-dcache-loads:u,l1-dcache-loads,50389641.0,70.0,nan,,ok
153.329613,89474.0,,cache-references:u,cache-references,49551205.0,69.0,nan,,ok
153.329613,5970.0,,cache-misses:u,cache-misses,47695153.0,66.0,6.67,of all cache refs,ok
153.329613,6283549.0,,stalled-cycles-frontend:u,stalled-cycles-frontend,14056404.0,19.0,70.24,frontend cycles idle,ok
243.792553,744043.0,,instructions:u,instructions,250366870.0,37.0,0.01,insn per cycle,ok
243.792553,nan,,,,nan,nan,74.4,stalled cycles per insn,unknown
243.792553,79455491.0,,cycles:u,cycles,249424941.0,37.0,nan,,ok
243.792553,76024.0,,branches:u,branches,331312023.0,49.0,nan,,ok
243.792553,38008.0,,branch-misses:u,branch-misses,412208090.0,62.0,49.99,of all branches,ok
243.792553,3151269.0,,L1-dcache-loads:u,l1-dcache-loads,410012656.0,61.0,nan,,ok
243.792553,826178.0,,cache-references:u,cache-references,412774847.0,62.0,nan,,ok
243.792553,55697.0,,cache-misses:u,cache-misses,413673368.0,62.0,6.74,of all cache refs,ok
243.792553,55360254.0,,stalled-cycles-frontend:u,stalled-cycles-frontend,169058452.0,25.0,69.67,frontend cycles idle,ok
254.87985000000003,88124.0,,instructions:u,instructions,28001085.0,39.0,0.01,insn per cycle,ok
254.87985000000003,nan,,,,nan,nan,68.21,stalled cycles per insn,unknown
254.87985000000003,9098940.0,,cycles:u,cycles,29023147.0,40.0,nan,,ok
254.87985000000003,8585.0,,branches:u,branches,36982775.0,51.0,nan,,ok
254.87985000000003,4359.0,,branch-misses:u,branch-misses,45938524.0,64.0,50.77,of all branches,ok
254.87985000000003,363838.0,,L1-dcache-loads:u,l1-dcache-loads,45470969.0,63.0,nan,,ok
254.87985000000003,95764.0,,cache-references:u,cache-references,43530777.0,61.0,nan,,ok
254.87985000000003,7103.0,,cache-misses:u,cache-misses,42545306.0,59.0,7.42,of all cache refs,ok
254.87985000000003,6010540.0,,stalled-cycles-frontend:u,stalled-cycles-frontend,17586564.0,24.0,66.06,frontend cycles idle,ok
265.902236,94404.0,,instructions:u,instructions,27556432.0,38.0,0.01,insn per cycle,ok
265.902236,nan,,,,nan,nan,65.58,stalled cycles per insn,unknown
265.902236,9464041.0,,cycles:u,cycles,28094946.0,38.0,nan,,ok
265.902236,9271.0,,branches:u,branches,36948292.0,51.0,nan,,ok
265.902236,4548.0,,branch-misses:u,branch-misses,45980073.0,63.0,49.06,of all branches,ok
265.902236,373883.0,,L1-dcache-loads:u,l1-dcache-loads,46081628.0,63.0,nan,,ok
265.902236,96445.0,,cache-references:u,cache-references,44842180.0,62.0,nan,,ok
265.902236,6529.0,,cache-misses:u,cache-misses,43905844.0,60.0,6.77,of all cache refs,ok
265.902236,6190795.0,,stalled-cycles-frontend:u,stalled-cycles-frontend,17510398.0,24.0,65.41,frontend cycles idle,ok
278.781273,112830.0,,instructions:u,instructions,34256537.0,37.0,0.01,insn per cycle,ok
278.781273,nan,,,,nan,nan,67.73,stalled cycles per insn,unknown
278.781273,11071106.0,,cycles:u,cycles,32862796.0,35.0,nan,,ok
278.781273,11231.0,,branches:u,branches,43089265.0,46.0,nan,,ok
278.781273,5822.0,,branch-misses:u,branch-misses,54039522.0,58.0,51.84,of all branches,ok
278.781273,484110.0,,L1-dcache-loads:u,l1-dcache-loads,54376670.0,58.0,nan,,ok
278.781273,126963.0,,cache-references:u,cache-references,57312836.0,62.0,nan,,ok
278.781273,9102.0,,cache-misses:u,cache-misses,58995769.0,63.0,7.17,of all cache refs,ok
278.781273,7642349.0,,stalled-cycles-frontend:u,stalled-cycles-frontend,24925849.0,26.0,69.03,frontend cycles idle,ok
290.78915900000004,98863.0,,instructions:u,instructions,24666244.0,32.0,0.01,insn per cycle,ok
290.78915900000004,nan,,,,nan,nan,64.24,stalled cycles per insn,unknown
290.78915900000004,9847908.0,,cycles:u,cycles,27671852.0,36.0,nan,,ok
290.78915900000004,9575.0,,branches:u,branches,38371960.0,51.0,nan,,ok
290.78915900000004,4881.0,,branch-misses:u,branch-misses,49067599.0,65.0,50.98,of all branches,ok
290.78915900000004,411586.0,,L1-dcache-loads:u,l1-dcache-loads,50406740.0,67.0,nan,,ok
290.78915900000004,109589.0,,cache-references:u,cache-references,50205100.0,67.0,nan,,ok
290.78915900000004,7904.0,,cache-misses:u,cache-misses,47456763.0,63.0,7.21,of all cache refs,ok
290.78915900000004,6350933.0,,stalled-cycles-frontend:u,stalled-cycles-frontend,15377550.0,20.0,64.49,frontend cycles idle,ok
336.806345,397734.0,,instructions:u,instructions,120109898.0,39.0,0.01,insn per cycle,ok
336.806345,nan,,,,nan,nan,66.62,stalled cycles per insn,unknown
336.806345,39140533.0,,cycles:u,cycles,119084688.0,38.0,nan,,ok
336.806345,38553.0,,branches:u,branches,157130861.0,51.0,nan,,ok
336.806345,19529.0,,branch-misses:u,branch-misses,194073225.0,63.0,50.65,of all branches,ok
336.806345,1639265.0,,L1-dcache-loads:u,l1-dcache-loads,190544710.0,61.0,nan,,ok
336.806345,431025.0,,cache-references:u,cache-references,187518672.0,60.0,nan,,ok
336.806345,31679.0,,cache-misses:u,cache-misses,188096995.0,61.0,7.35,of all cache refs,ok
336.806345,26495786.0,,stalled-cycles-frontend:u,stalled-cycles-frontend,79627153.0,25.0,67.69,frontend cycles idle,ok
349.798683,124348.0,,instructions:u,instructions,31144968.0,37.0,0.01,insn per cycle,ok
349.798683,nan,,,,nan,nan,57.72,stalled cycles per insn,unknown
349.798683,11505529.0,,cycles:u,cycles,29317262.0,35.0,nan,,ok
349.798683,11611.0,,branches:u,branches,39561616.0,47.0,nan,,ok
349.798683,5657.0,,branch-misses:u,branch-misses,49558634.0,59.0,48.72,of all branches,ok
349.798683,468605.0,,L1-dcache-loads:u,l1-dcache-loads,50653194.0,60.0,nan,,ok
349.798683,119268.0,,cache-references:u,cache-references,51767129.0,62.0,nan,,ok
349.798683,9139.0,,cache-misses:u,cache-misses,53429385.0,64.0,7.66,of all cache refs,ok
349.798683,7177152.0,,stalled-cycles-frontend:u,stalled-cycles-frontend,21371013.0,25.0,62.38,frontend cycles idle,ok
361.757342,97580.0,,instructions:u,instructions,25869331.0,33.0,0.01,insn per cycle,ok
361.757342,nan,,,,nan,nan,74.0,stalled cycles per insn,unknown
361.757342,10531880.0,,cycles:u,cycles,28504097.0,36.0,nan,,ok
361.757342,9470.0,,branches:u,branches,39406206.0,51.0,nan,,ok
361.757342,4748.0,,branch-misses:u,branch-misses,50166735.0,65.0,50.14,of all branches,ok
361.757342,406175.0,,L1-dcache-loads:u,l1-dcache-loads,51503165.0,66.0,nan,,ok
361.757342,108417.0,,cache-references:u,cache-references,51534889.0,66.0,nan,,ok
361.757342,7977.0,,cache-misses:u,cache-misses,49080406.0,63.0,7.36,of all cache refs,ok
361.757342,7220697.0,,stalled-cycles-frontend:u,stalled-cycles-frontend,16691449.0,21.0,68.56,frontend cycles idle,ok
419.819594,532389.0,,instructions:u,instructions,134385372.0,37.0,0.01,insn per cycle,ok
419.819594,nan,,,,nan,nan,60.73,stalled cycles per insn,unknown
419.819594,48650712.0,,cycles:u,cycles,134131365.0,37.0,nan,,ok
419.819594,49079.0,,branches:u,branches,180016969.0,49.0,nan,,ok
419.819594,23885.0,,branch-misses:u,branch-misses,226157619.0,62.0,48.67,of all branches,ok
419.819594,2001621.0,,L1-dcache-loads:u,l1-dcache-loads,227366690.0,62.0,nan,,ok
419.819594,531111.0,,cache-references:u,cache-references,228015736.0,62.0,nan,,ok
419.819594,41737.0,,cache-misses:u,cache-misses,228707361.0,63.0,7.86,of all cache refs,ok
419.819594,32330359.0,,stalled-cycles-frontend:u,stalled-cycles-frontend,89555505.0,24.0,66.45,frontend cycles idle,ok
435.831195,153011.0,,instructions:u,instructions,38043629.0,38.0,0.01,insn per cycle,ok
435.831195,nan,,,,nan,nan,58.62,stalled cycles per insn,unknown
435.831195,13266847.0,,cycles:u,cycles,37062859.0,37.0,nan,,ok
435.831195,13718.0,,branches:u,branches,49071914.0,50.0,nan,,ok
435.831195,6515.0,,branch-misses:u,branch-misses,60101618.0,61.0,47.49,of all branches,ok
435.831195,552019.0,,L1-dcache-loads:u,l1-dcache-loads,58751604.0,60.0,nan,,ok
435.831195,148299.0,,cache-references:u,cache-references,59308079.0,60.0,nan,,ok
435.831195,12139.0,,cache-misses:u,cache-misses,60246617.0,61.0,8.19,of all cache refs,ok
435.831195,8969342.0,,stalled-cycles-frontend:u,stalled-cycles-frontend,25944973.0,26.0,67.61,frontend cycles idle,ok
479.801776,429435.0,,instructions:u,instructions,104675976.0,39.0,0.01,insn per cycle,ok
479.801776,nan,,,,nan,nan,55.66,stalled cycles per insn,unknown
479.801776,36534566.0,,cycles:u,cycles,103100240.0,38.0,nan,,ok
479.801776,39038.0,,branches:u,branches,135194579.0,50.0,nan,,ok
479.801776,18172.0,,branch-misses:u,branch-misses,167138697.0,62.0,46.55,of all branches,ok
479.801776,1545527.0,,L1-dcache-loads:u,l1-dcache-loads,165495721.0,61.0,nan,,ok
479.801776,413953.0,,cache-references:u,cache-references,164226239.0,61.0,nan,,ok
479.801776,33796.0,,cache-misses:u,cache-misses,165225153.0,61.0,8.16,of all cache refs,ok
479.801776,23903227.0,,stalled-cycles-frontend:u,stalled-cycles-frontend,69201517.0,25.0,65.43,frontend cycles idle,ok
494.791207,158907.0,,instructions:u,instructions,38378304.0,38.0,0.01,insn per cycle,ok
494.791207,nan,,,,nan,nan,54.74,stalled cycles per insn,unknown
494.791207,13190716.0,,cycles:u,cycles,37583066.0,37.0,nan,,ok
494.791207,14303.0,,branches:u,branches,48795414.0,49.0,nan,,ok
494.791207,6683.0,,branch-misses:u,branch-misses,61388040.0,61.0,46.72,of all branches,ok
494.791207,565870.0,,L1-dcache-loads:u,l1-dcache-loads,60671460.0,61.0,nan,,ok
494.791207,153241.0,,cache-references:u,cache-references,60780664.0,61.0,nan,,ok
494.791207,12897.0,,cache-misses:u,cache-misses,61756527.0,62.0,8.42,of all cache refs,ok
494.791207,8699031.0,,stalled-cycles-frontend:u,stalled-cycles-frontend,26238113.0,26.0,65.95,frontend cycles idle,ok
517.7975289999999,229726.0,,instructions:u,instructions,50959999.0,36.0,0.01,insn per cycle,ok
517.7975289999999,nan,,,,nan,nan,51.56,stalled cycles per insn,unknown
517.7975289999999,18645207.0,,cycles:u,cycles,50130081.0,35.0,nan,,ok
517.7975289999999,20343.0,,branches:u,branches,68798346.0,48.0,nan,,ok
517.7975289999999,9291.0,,branch-misses:u,branch-misses,87744311.0,62.0,45.67,of all branches,ok
517.7975289999999,787790.0,,L1-dcache-loads:u,l1-dcache-loads,89016779.0,63.0,nan,,ok
517.7975289999999,210195.0,,cache-references:u,cache-references,89917453.0,63.0,nan,,ok
517.7975289999999,18252.0,,cache-misses:u,cache-misses,90542249.0,64.0,8.68,of all cache refs,ok
517.7975289999999,11845155.0,,stalled-cycles-frontend:u,stalled-cycles-frontend,34231682.0,24.0,63.53,frontend cycles idle,ok
607.8143249999999,999133.0,,instructions:u,instructions,214885376.0,38.0,0.01,insn per cycle,ok
607.8143249999999,nan,,,,nan,nan,50.53,stalled cycles per insn,unknown
607.8143249999999,77520718.0,,cycles:u,cycles,216682082.0,38.0,nan,,ok
607.8143249999999,85428.0,,branches:u,branches,286893003.0,50.0,nan,,ok
607.8143249999999,37439.0,,branch-misses:u,branch-misses,356156695.0,63.0,43.83,of all branches,ok
607.8143249999999,3199433.0,,L1-dcache-loads:u,l1-dcache-loads,353801671.0,62.0,nan,,ok
607.8143249999999,874687.0,,cache-references:u,cache-references,350912112.0,62.0,nan,,ok
607.8143249999999,79438.0,,cache-misses:u,cache-misses,349627857.0,61.0,9.08,of all cache refs,ok
607.8143249999999,50485868.0,,stalled-cycles-frontend:u,stalled-cycles-frontend,142158278.0,25.0,65.13,frontend cycles idle,ok
639.774818,378804.0,,instructions:u,instructions,70929403.0,36.0,0.01,insn per cycle,ok
639.774818,nan,,,,nan,nan,47.1,stalled cycles per insn,unknown
639.774818,27594955.0,,cycles:u,cycles,72093746.0,36.0,nan,,ok
639.774818,31142.0,,branches:u,branches,97840218.0,49.0,nan,,ok
639.774818,13039.0,,branch-misses:u,branch-misses,122721239.0,62.0,41.87,of all branches,ok
639.774818,1108684.0,,L1-dcache-loads:u,l1-dcache-loads,123784505.0,62.0,nan,,ok
639.774818,304238.0,,cache-references:u,cache-references,125771742.0,63.0,nan,,ok
639.774818,30034.0,,cache-misses:u,cache-misses,124464670.0,63.0,9.87,of all cache refs,ok
639.774818,17843086.0,,stalled-cycles-frontend:u,stalled-cycles-frontend,48140324.0,24.0,64.66,frontend cycles idle,ok
686.802524,571583.0,,instructions:u,instructions,107923330.0,37.0,0.01,insn per cycle,ok
686.802524,nan,,,,nan,nan,44.23,stalled cycles per insn,unknown
686.802524,39719616.0,,cycles:u,cycles,106562323.0,37.0,nan,,ok
686.802524,45996.0,,branches:u,branches,140594160.0,48.0,nan,,ok
686.802524,18657.0,,branch-misses:u,branch-misses,177208247.0,61.0,40.56,of all branches,ok
686.802524,1609445.0,,L1-dcache-loads:u,l1-dcache-loads,178470047.0,62.0,nan,,ok
686.802524,446666.0,,cache-references:u,cache-references,178781517.0,62.0,nan,,ok
686.802524,47170.0,,cache-misses:u,cache-misses,179952610.0,62.0,10.56,of all cache refs,ok
686.802524,25281775.0,,stalled-cycles-frontend:u,stalled-cycles-frontend,72758710.0,25.0,63.65,frontend cycles idle,ok
723.820752,491413.0,,instructions:u,instructions,83862211.0,36.0,0.02,insn per cycle,ok
723.820752,nan,,,,nan,nan,40.46,stalled cycles per insn,unknown
723.820752,32656025.0,,cycles:u,cycles,86438874.0,37.0,nan,,ok
723.820752,39061.0,,branches:u,branches,116677529.0,50.0,nan,,ok
723.820752,15329.0,,branch-misses:u,branch-misses,146694500.0,63.0,39.24,of all branches,ok
723.820752,1318530.0,,L1-dcache-loads:u,l1-dcache-loads,146761723.0,63.0,nan,,ok
723.820752,364639.0,,cache-references:u,cache-references,146271439.0,63.0,nan,,ok
723.820752,37903.0,,cache-misses:u,cache-misses,143997896.0,62.0,10.39,of all cache refs,ok
723.820752,19882471.0,,stalled-cycles-frontend:u,stalled-cycles-frontend,55333514.0,24.0,60.88,frontend cycles idle,ok
735.792647,176554.0,,instructions:u,instructions,33122539.0,39.0,0.02,insn per cycle,ok
735.792647,nan,,,,nan,nan,40.34,stalled cycles per insn,unknown
735.792647,11331341.0,,cycles:u,cycles,30365840.0,36.0,nan,,ok
735.792647,14033.0,,branches:u,branches,39477491.0,47.0,nan,,ok
735.792647,5417.0,,branch-misses:u,branch-misses,48569935.0,58.0,38.6,of all branches,ok
735.792647,467451.0,,L1-dcache-loads:u,l1-dcache-loads,48210136.0,57.0,nan,,ok
735.792647,128571.0,,cache-references:u,cache-references,49758206.0,59.0,nan,,ok
735.792647,13632.0,,cache-misses:u,cache-misses,52394280.0,62.0,10.6,of all cache refs,ok
735.792647,7122918.0,,stalled-cycles-frontend:u,stalled-cycles-frontend,23292123.0,27.0,62.86,frontend cycles idle,ok
747.78137,162401.0,,instructions:u,instructions,23652907.0,34.0,0.02,insn per cycle,ok
747.78137,nan,,,,nan,nan,38.63,stalled cycles per insn,unknown
747.78137,10316827.0,,cycles:u,cycles,25463502.0,37.0,nan,,ok
747.78137,12649.0,,branches:u,branches,34310682.0,50.0,nan,,ok
747.78137,4708.0,,branch-misses:u,branch-misses,43952814.0,65.0,37.22,of all branches,ok
747.78137,399125.0,,L1-dcache-loads:u,l1-dcache-loads,45219165.0,67.0,nan,,ok
747.78137,110522.0,,cache-references:u,cache-references,43761914.0,65.0,nan,,ok
747.78137,11523.0,,cache-misses:u,cache-misses,41979068.0,62.0,10.43,of all cache refs,ok
747.78137,6273760.0,,stalled-cycles-frontend:u,stalled-cycles-frontend,14585804.0,21.0,60.81,frontend cycles idle,ok
759.797036,169146.0,,instructions:u,instructions,32089206.0,41.0,0.02,insn per cycle,ok
759.797036,nan,,,,nan,nan,41.24,stalled cycles per insn,unknown
759.797036,10805838.0,,cycles:u,cycles,31390392.0,40.0,nan,,ok
759.797036,13165.0,,branches:u,branches,40593429.0,51.0,nan,,ok
759.797036,4918.0,,branch-misses:u,branch-misses,48998367.0,62.0,37.36,of all branches,ok
759.797036,426503.0,,L1-dcache-loads:u,l1-dcache-loads,47365236.0,60.0,nan,,ok
759.797036,117181.0,,cache-references:u,cache-references,46485092.0,58.0,nan,,ok
759.797036,12954.0,,cache-misses:u,cache-misses,47036694.0,59.0,11.05,of all cache refs,ok
759.797036,6976415.0,,stalled-cycles-frontend:u,stalled-cycles-frontend,20855374.0,26.0,64.56,frontend cycles idle,ok
792.789855,404837.0,,instructions:u,instructions,74818709.0,38.0,0.02,insn per cycle,ok
792.789855,nan,,,,nan,nan,39.35,stalled cycles per insn,unknown
792.789855,25429616.0,,cycles:u,cycles,74644883.0,38.0,nan,,ok
792.789855,31200.0,,branches:u,branches,99053388.0,50.0,nan,,ok
792.789855,11721.0,,branch-misses:u,branch-misses,124769461.0,63.0,37.57,of all branches,ok
792.789855,1007531.0,,L1-dcache-loads:u,l1-dcache-loads,123812824.0,63.0,nan,,ok
792.789855,284230.0,,cache-references:u,cache-references,121356457.0,62.0,nan,,ok
792.789855,32745.0,,cache-misses:u,cache-misses,121122692.0,61.0,11.52,of all cache refs,ok
792.789855,15929860.0,,stalled-cycles-frontend:u,stalled-cycles-frontend,48962258.0,25.0,62.64,frontend cycles idle,ok
804.789937,138330.0,,instructions:u,instructions,26056607.0,32.0,0.01,insn per cycle,ok
804.789937,nan,,,,nan,nan,46.12,stalled cycles per insn,unknown
804.789937,9687902.0,,cycles:u,cycles,27754280.0,34.0,nan,,ok
804.789937,11021.0,,branches:u,branches,39482205.0,49.0,nan,,ok
804.789937,4278.0,,branch-misses:u,branch-misses,49585547.0,61.0,38.82,of all branches,ok
804.789937,361116.0,,L1-dcache-loads:u,l1-dcache-loads,51830788.0,64.0,nan,,ok
804.789937,101983.0,,cache-references:u,cache-references,54046421.0,67.0,nan,,ok
804.789937,11663.0,,cache-misses:u,cache-misses,52953872.0,65.0,11.44,of all cache refs,ok
804.789937,6379185.0,,stalled-cycles-frontend:u,stalled-cycles-frontend,18170211.0,22.0,65.85,frontend cycles idle,ok
816.793,130574.0,,instructions:u,instructions,30818257.0,42.0,0.01,insn per cycle,ok
816.793,nan,,,,nan,nan,41.81,stalled cycles per insn,unknown
816.793,9214813.0,,cycles:u,cycles,30167135.0,41.0,nan,,ok
816.793,10894.0,,branches:u,branches,38354123.0,53.0,nan,,ok
816.793,4221.0,,branch-misses:u,branch-misses,46480265.0,64.0,38.75,of all branches,ok
816.793,371615.0,,L1-dcache-loads:u,l1-dcache-loads,43777748.0,60.0,nan,,ok
816.793,106366.0,,cache-references:u,cache-references,41710308.0,57.0,nan,,ok
816.793,12094.0,,cache-misses:u,cache-misses,41944774.0,57.0,11.37,of all cache refs,ok
816.793,5459799.0,,stalled-cycles-frontend:u,stalled-cycles-frontend,19810860.0,27.0,59.25,frontend cycles idle,ok
828.788936,129386.0,,instructions:u,instructions,20903869.0,30.0,0.01,insn per cycle,ok
828.788936,nan,,,,nan,nan,40.83,stalled cycles per insn,unknown
828.788936,8636323.0,,cycles:u,cycles,22519022.0,32.0,nan,,ok
828.788936,10154.0,,branches:u,branches,32275544.0,47.0,nan,,ok
828.788936,3718.0,,branch-misses:u,branch-misses,42131772.0,61.0,36.62,of all branches,ok
828.788936,322844.0,,L1-dcache-loads:u,l1-dcache-loads,45916837.0,67.0,nan,,ok
828.788936,93060.0,,cache-references:u,cache-references,47367664.0,69.0,nan,,ok
828.788936,11018.0,,cache-misses:u,cache-misses,46115177.0,67.0,11.84,of all cache refs,ok
828.788936,5282578.0,,stalled-cycles-frontend:u,stalled-cycles-frontend,13989597.0,20.0,61.17,frontend cycles idle,ok
844.788053,133965.0,,instructions:u,instructions,30022926.0,37.0,0.01,insn per cycle,ok
844.788053,nan,,,,nan,nan,40.63,stalled cycles per insn,unknown
844.788053,10265420.0,,cycles:u,cycles,30029521.0,37.0,nan,,ok
844.788053,11503.0,,branches:u,branches,40021352.0,50.0,nan,,ok
844.788053,4481.0,,branch-misses:u,branch-misses,50046576.0,62.0,38.96,of all branches,ok
844.788053,397410.0,,L1-dcache-loads:u,l1-dcache-loads,49964607.0,62.0,nan,,ok
844.788053,113994.0,,cache-references:u,cache-references,50025263.0,62.0,nan,,ok
844.788053,12952.0,,cache-misses:u,cache-misses,50036343.0,62.0,11.36,of all cache refs,ok
844.788053,5443059.0,,stalled-cycles-frontend:u,stalled-cycles-frontend,20078082.0,25.0,53.02,frontend cycles idle,ok
864.805157,167235.0,,instructions:u,instructions,41494430.0,41.0,0.01,insn per cycle,ok
864.805157,nan,,,,nan,nan,41.86,stalled cycles per insn,unknown
864.805157,12409124.0,,cycles:u,cycles,39739624.0,39.0,nan,,ok
864.805157,13345.0,,branches:u,branches,50833762.0,51.0,nan,,ok
864.805157,5176.0,,branch-misses:u,branch-misses,61953460.0,62.0,38.79,of all branches,ok
864.805157,440173.0,,L1-dcache-loads:u,l1-dcache-loads,58888553.0,59.0,nan,,ok
864.805157,122857.0,,cache-references:u,cache-references,58026932.0,58.0,nan,,ok
864.805157,13803.0,,cache-misses:u,cache-misses,59346023.0,59.0,11.24,of all cache refs,ok
864.805157,7000067.0,,stalled-cycles-frontend:u,stalled-cycles-frontend,27840592.0,28.0,56.41,frontend cycles idle,ok
880.802921,124472.0,,instructions:u,instructions,23995692.0,37.0,0.01,insn per cycle,ok
880.802921,nan,,,,nan,nan,42.58,stalled cycles per insn,unknown
880.802921,8468180.0,,cycles:u,cycles,23870479.0,37.0,nan,,ok
880.802921,9410.0,,branches:u,branches,31835623.0,49.0,nan,,ok
880.802921,3696.0,,branch-misses:u,branch-misses,39756288.0,62.0,39.28,of all branches,ok
880.802921,312846.0,,L1-dcache-loads:u,l1-dcache-loads,39894155.0,62.0,nan,,ok
880.802921,91397.0,,cache-references:u,cache-references,39826260.0,62.0,nan,,ok
880.802921,9892.0,,cache-misses:u,cache-misses,39923154.0,62.0,10.82,of all cache refs,ok
880.802921,5299586.0,,stalled-cycles-frontend:u,stalled-cycles-frontend,15764766.0,24.0,62.58,frontend cycles idle,ok
899.7914390000001,137086.0,,instructions:u,instructions,25694193.0,33.0,0.01,insn per cycle,ok
899.7914390000001,nan,,,,nan,nan,45.02,stalled cycles per insn,unknown
899.7914390000001,9893983.0,,cycles:u,cycles,28336165.0,37.0,nan,,ok
899.7914390000001,10602.0,,branches:u,branches,38409169.0,50.0,nan,,ok
899.7914390000001,4318.0,,branch-misses:u,branch-misses,49172667.0,65.0,40.73,of all branches,ok
899.7914390000001,378333.0,,L1-dcache-loads:u,l1-dcache-loads,49849666.0,65.0,nan,,ok
899.7914390000001,114195.0,,cache-references:u,cache-references,49832185.0,65.0,nan,,ok
899.7914390000001,12343.0,,cache-misses:u,cache-misses,47639121.0,62.0,10.81,of all cache refs,ok
899.7914390000001,6171350.0,,stalled-cycles-frontend:u,stalled-cycles-frontend,16886579.0,22.0,62.37,frontend cycles idle,ok
913.811727,103766.0,,instructions:u,instructions,23599612.0,42.0,0.01,insn per cycle,ok
913.811727,nan,,,,nan,nan,43.17,stalled cycles per insn,unknown
913.811727,6999041.0,,cycles:u,cycles,22691722.0,40.0,nan,,ok
913.811727,7584.0,,branches:u,branches,28914402.0,51.0,nan,,ok
913.811727,3005.0,,branch-misses:u,branch-misses,34197944.0,61.0,39.62,of all branches,ok
913.811727,256147.0,,L1-dcache-loads:u,l1-dcache-loads,32300488.0,57.0,nan,,ok
913.811727,76966.0,,cache-references:u,cache-references,32135012.0,57.0,nan,,ok
913.811727,8892.0,,cache-misses:u,cache-misses,32936362.0,59.0,11.55,of all cache refs,ok
913.811727,4479955.0,,stalled-cycles-frontend:u,stalled-cycles-frontend,16355065.0,29.0,64.01,frontend cycles idle,ok
927.790373,108206.0,,instructions:u,instructions,21067926.0,37.0,0.01,insn per cycle,ok
927.790373,nan,,,,nan,nan,39.79,stalled cycles per insn,unknown
927.790373,7409262.0,,cycles:u,cycles,19280791.0,34.0,nan,,ok
927.790373,9176.0,,branches:u,branches,25126914.0,44.0,nan,,ok
927.790373,3327.0,,branch-misses:u,branch-misses,32891643.0,58.0,36.26,of all branches,ok
927.790373,287145.0,,L1-dcache-loads:u,l1-dcache-loads,33833610.0,60.0,nan,,ok
927.790373,86712.0,,cache-references:u,cache-references,34795683.0,62.0,nan,,ok
927.790373,9475.0,,cache-misses:u,cache-misses,36549969.0,65.0,10.93,of all cache refs,ok
927.790373,4305174.0,,stalled-cycles-frontend:u,stalled-cycles-frontend,14248168.0,25.0,58.11,frontend cycles idle,ok
940.785321,97623.0,,instructions:u,instructions,15879627.0,32.0,0.01,insn per cycle,ok
940.785321,nan,,,,nan,nan,36.95,stalled cycles per insn,unknown
940.785321,7169866.0,,cycles:u,cycles,17731172.0,35.0,nan,,ok
940.785321,7961.0,,branches:u,branches,25544915.0,51.0,nan,,ok
940.785321,2936.0,,branch-misses:u,branch-misses,32597264.0,65.0,36.88,of all branches,ok
940.785321,263039.0,,L1-dcache-loads:u,l1-dcache-loads,34334672.0,69.0,nan,,ok
940.785321,81229.0,,cache-references:u,cache-references,33802846.0,68.0,nan,,ok
940.785321,8809.0,,cache-misses:u,cache-misses,32144963.0,64.0,10.84,of all cache refs,ok
940.785321,3607648.0,,stalled-cycles-frontend:u,stalled-cycles-frontend,10051877.0,20.0,50.32,frontend cycles idle,ok
953.7955380000001,97787.0,,instructions:u,instructions,23045913.0,44.0,0.01,insn per cycle,ok
953.7955380000001,nan,,,,nan,nan,41.3,stalled cycles per insn,unknown
953.7955380000001,6709296.0,,cycles:u,cycles,21236306.0,40.0,nan,,ok
953.7955380000001,7136.0,,branches:u,branches,26464268.0,50.0,nan,,ok
953.7955380000001,2649.0,,branch-misses:u,branch-misses,31606750.0,60.0,37.12,of all branches,ok
953.7955380000001,241193.0,,L1-dcache-loads:u,l1-dcache-loads,29528000.0,56.0,nan,,ok
953.7955380000001,75299.0,,cache-references:u,cache-references,29101907.0,55.0,nan,,ok
953.7955380000001,8907.0,,cache-misses:u,cache-misses,30563584.0,58.0,11.83,of all cache refs,ok
953.7955380000001,4038669.0,,stalled-cycles-frontend:u,stalled-cycles-frontend,15750298.0,30.0,60.2,frontend cycles idle,ok
967.784313,132037.0,,instructions:u,instructions,14297110.0,30.0,0.02,insn per cycle,ok
967.784313,nan,,,,nan,nan,38.89,stalled cycles per insn,unknown
967.784313,8211412.0,,cycles:u,cycles,13988978.0,29.0,nan,,ok
967.784313,8733.0,,branches:u,branches,19804004.0,42.0,nan,,ok
967.784313,3193.0,,branch-misses:u,branch-misses,26551050.0,56.0,36.56,of all branches,ok
967.784313,274175.0,,L1-dcache-loads:u,l1-dcache-loads,30112389.0,64.0,nan,,ok
967.784313,77544.0,,cache-references:u,cache-references,32245567.0,69.0,nan,,ok
967.784313,8971.0,,cache-misses:u,cache-misses,32682125.0,70.0,11.57,of all cache refs,ok
967.784313,5135088.0,,stalled-cycles-frontend:u,stalled-cycles-frontend,9635585.0,20.0,62.54,frontend cycles idle,ok
980.7954410000001,91304.0,,instructions:u,instructions,14118512.0,35.0,0.01,insn per cycle,ok
980.7954410000001,nan,,,,nan,nan,30.73,stalled cycles per insn,unknown
980.7954410000001,6410494.0,,cycles:u,cycles,15802554.0,40.0,nan,,ok
980.7954410000001,6863.0,,branches:u,branches,21758945.0,55.0,nan,,ok
980.7954410000001,2395.0,,branch-misses:u,branch-misses,26886726.0,68.0,34.9,of all branches,ok
980.7954410000001,201241.0,,L1-dcache-loads:u,l1-dcache-loads,26218725.0,66.0,nan,,ok
980.7954410000001,56015.0,,cache-references:u,cache-references,25269542.0,64.0,nan,,ok
980.7954410000001,6338.0,,cache-misses:u,cache-misses,23741984.0,60.0,11.31,of all cache refs,ok
980.7954410000001,2805830.0,,stalled-cycles-frontend:u,stalled-cycles-frontend,9054098.0,22.0,43.77,frontend cycles idle,ok
993.7941850000001,62108.0,,instructions:u,instructions,17016981.0,43.0,0.01,insn per cycle,ok
993.7941850000001,nan,,,,nan,nan,34.08,stalled cycles per insn,unknown
993.7941850000001,5005248.0,,cycles:u,cycles,15274600.0,39.0,nan,,ok
993.7941850000001,4286.0,,branches:u,branches,19340026.0,49.0,nan,,ok
993.7941850000001,1443.0,,branch-misses:u,branch-misses,23399390.0,59.0,33.67,of all branches,ok
993.7941850000001,133343.0,,L1-dcache-loads:u,l1-dcache-loads,22260311.0,56.0,nan,,ok
993.7941850000001,42372.0,,cache-references:u,cache-references,22008771.0,56.0,nan,,ok
993.7941850000001,5914.0,,cache-misses:u,cache-misses,23469589.0,60.0,13.96,of all cache refs,ok
993.7941850000001,2116627.0,,stalled-cycles-frontend:u,stalled-cycles-frontend,11737835.0,30.0,42.29,frontend cycles idle,ok
1032.8080690000002,222240.0,,instructions:u,instructions,40871215.0,38.0,0.01,insn per cycle,ok
1032.8080690000002,nan,,,,nan,nan,31.75,stalled cycles per insn,unknown
1032.8080690000002,15609047.0,,cycles:u,cycles,41053560.0,38.0,nan,,ok
1032.8080690000002,14475.0,,branches:u,branches,53016074.0,49.0,nan,,ok
1032.8080690000002,4604.0,,branch-misses:u,branch-misses,65654471.0,61.0,31.81,of all branches,ok
1032.8080690000002,406097.0,,L1-dcache-loads:u,l1-dcache-loads,65343534.0,61.0,nan,,ok
1032.8080690000002,121321.0,,cache-references:u,cache-references,65148425.0,61.0,nan,,ok
1032.8080690000002,19187.0,,cache-misses:u,cache-misses,64947634.0,61.0,15.82,of all cache refs,ok
1032.8080690000002,7056801.0,,stalled-cycles-frontend:u,stalled-cycles-frontend,27218730.0,25.0,45.21,frontend cycles idle,ok
1046.7943440000001,74070.0,,instructions:u,instructions,9003773.0,28.0,0.01,insn per cycle,ok
1046.7943440000001,nan,,,,nan,nan,25.53,stalled cycles per insn,unknown
1046.7943440000001,5056033.0,,cycles:u,cycles,9782371.0,30.0,nan,,ok
1046.7943440000001,4175.0,,branches:u,branches,14724383.0,46.0,nan,,ok
1046.7943440000001,1166.0,,branch-misses:u,branch-misses,19608476.0,61.0,27.93,of all branches,ok
1046.7943440000001,102872.0,,L1-dcache-loads:u,l1-dcache-loads,21678421.0,68.0,nan,,ok
1046.7943440000001,32511.0,,cache-references:u,cache-references,22803468.0,71.0,nan,,ok
1046.7943440000001,5624.0,,cache-misses:u,cache-misses,22138114.0,69.0,17.3,of all cache refs,ok
1046.7943440000001,1891014.0,,stalled-cycles-frontend:u,stalled-cycles-frontend,5895735.0,18.0,37.4,frontend cycles idle,ok
1059.79693,14820.0,,instructions:u,instructions,7925450.0,38.0,0.01,insn per cycle,ok
1059.79693,nan,,,,nan,nan,52.53,stalled cycles per insn,unknown
1059.79693,2170424.0,,cycles:u,cycles,8900057.0,43.0,nan,,ok
1059.79693,870.0,,branches:u,branches,11877926.0,58.0,nan,,ok
1059.79693,370.0,,branch-misses:u,branch-misses,14812320.0,72.0,42.53,of all branches,ok
1059.79693,40215.0,,L1-dcache-loads:u,l1-dcache-loads,13666898.0,67.0,nan,,ok
1059.79693,15539.0,,cache-references:u,cache-references,12525139.0,61.0,nan,,ok
1059.79693,2823.0,,cache-misses:u,cache-misses,11527391.0,56.0,18.17,of all cache refs,ok
1059.79693,778427.0,,stalled-cycles-frontend:u,stalled-cycles-frontend,4816123.0,23.0,35.87,frontend cycles idle,ok
1072.795419,33187.0,,instructions:u,instructions,5641319.0,40.0,0.01,insn per cycle,ok
1072.795419,nan,,,,nan,nan,27.96,stalled cycles per insn,unknown
1072.795419,2981629.0,,cycles:u,cycles,5687653.0,41.0,nan,,ok
1072.795419,3275.0,,branches:u,branches,7251640.0,52.0,nan,,ok
1072.795419,998.0,,branch-misses:u,branch-misses,8249864.0,59.0,30.47,of all branches,ok
1072.795419,83730.0,,L1-dcache-loads:u,l1-dcache-loads,8102296.0,58.0,nan,,ok
1072.795419,23598.0,,cache-references:u,cache-references,8099673.0,58.0,nan,,ok
1072.795419,2816.0,,cache-misses:u,cache-misses,8036587.0,58.0,11.93,of all cache refs,ok
1072.795419,928067.0,,stalled-cycles-frontend:u,stalled-cycles-frontend,3643722.0,26.0,31.13,frontend cycles idle,ok
1085.803013,0.0,,instructions:u,instructions,2905759.0,25.0,nan,,ok
1085.803013,0.0,,cycles:u,cycles,3368327.0,29.0,nan,,ok
1085.803013,0.0,,branches:u,branches,5369740.0,47.0,nan,,ok
1085.803013,0.0,,branch-misses:u,branch-misses,7312385.0,64.0,nan,,ok
1085.803013,0.0,,L1-dcache-loads:u,l1-dcache-loads,8316245.0,73.0,nan,,ok
1085.803013,0.0,,cache-references:u,cache-references,8488810.0,74.0,nan,,ok
1085.803013,0.0,,cache-misses:u,cache-misses,8040916.0,70.0,nan,,ok
1085.803013,0.0,,stalled-cycles-frontend:u,stalled-cycles-frontend,1909381.0,16.0,nan,,ok
1098.797321,11305.0,,instructions:u,instructions,8949796.0,44.0,0.01,insn per cycle,ok
1098.797321,nan,,,,nan,nan,59.1,stalled cycles per insn,unknown
1098.797321,1748761.0,,cycles:u,cycles,8943189.0,44.0,nan,,ok
1098.797321,846.0,,branches:u,branches,11093846.0,55.0,nan,,ok
1098.797321,303.0,,branch-misses:u,branch-misses,13097655.0,65.0,35.82,of all branches,ok
1098.797321,28682.0,,L1-dcache-loads:u,l1-dcache-loads,12125310.0,60.0,nan,,ok
1098.797321,8709.0,,cache-references:u,cache-references,11040309.0,55.0,nan,,ok
1098.797321,1096.0,,cache-misses:u,cache-misses,11056860.0,55.0,12.58,of all cache refs,ok
1098.797321,668140.0,,stalled-cycles-frontend:u,stalled-cycles-frontend,5960375.0,29.0,38.21,frontend cycles idle,ok
1111.785996,0.0,,instructions:u,instructions,4076964.0,31.0,nan,,ok
1111.785996,0.0,,cycles:u,cycles,3091710.0,23.0,nan,,ok
1111.785996,0.0,,branches:u,branches,4982565.0,38.0,nan,,ok
1111.785996,0.0,,branch-misses:u,branch-misses,6966738.0,53.0,nan,,ok
1111.785996,0.0,,L1-dcache-loads:u,l1-dcache-loads,7808301.0,60.0,nan,,ok
1111.785996,0.0,,cache-references:u,cache-references,8772722.0,67.0,nan,,ok
1111.785996,0.0,,cache-misses:u,cache-misses,9754655.0,75.0,nan,,ok
1111.785996,0.0,,stalled-cycles-frontend:u,stalled-cycles-frontend,3177822.0,24.0,nan,,ok
1148.794344,26640.0,,instructions:u,instructions,19949440.0,39.0,0.01,insn per cycle,ok
1148.794344,nan,,,,nan,nan,68.4,stalled cycles per insn,unknown
1148.794344,3780487.0,,cycles:u,cycles,20922194.0,41.0,nan,,ok
1148.794344,1783.0,,branches:u,branches,27023717.0,53.0,nan,,ok
1148.794344,601.0,,branch-misses:u,branch-misses,33018931.0,65.0,33.71,of all branches,ok
1148.794344,46018.0,,L1-dcache-loads:u,l1-dcache-loads,31317660.0,62.0,nan,,ok
1148.794344,17802.0,,cache-references:u,cache-references,30317730.0,60.0,nan,,ok
1148.794344,2570.0,,cache-misses:u,cache-misses,29372137.0,58.0,14.44,of all cache refs,ok
1148.794344,1822110.0,,stalled-cycles-frontend:u,stalled-cycles-frontend,12834877.0,25.0,48.2,frontend cycles idle,ok
1189.797497,42054.0,,instructions:u,instructions,22970592.0,36.0,0.01,insn per cycle,ok
1189.797497,nan,,,,nan,nan,44.16,stalled cycles per insn,unknown
1189.797497,5496879.0,,cycles:u,cycles,21908972.0,35.0,nan,,ok
1189.797497,4041.0,,branches:u,branches,29772115.0,47.0,nan,,ok
1189.797497,1348.0,,branch-misses:u,branch-misses,37496562.0,60.0,33.36,of all branches,ok
1189.797497,122064.0,,L1-dcache-loads:u,l1-dcache-loads,38266575.0,61.0,nan,,ok
1189.797497,43893.0,,cache-references:u,cache-references,39255290.0,62.0,nan,,ok
1189.797497,5211.0,,cache-misses:u,cache-misses,40311199.0,64.0,11.87,of all cache refs,ok
1189.797497,1857115.0,,stalled-cycles-frontend:u,stalled-cycles-frontend,15884716.0,25.0,33.78,frontend cycles idle,ok
1202.803729,51474.0,,instructions:u,instructions,9886593.0,38.0,0.01,insn per cycle,ok
1202.803729,nan,,,,nan,nan,47.59,stalled cycles per insn,unknown
1202.803729,4378457.0,,cycles:u,cycles,10900381.0,41.0,nan,,ok
1202.803729,2353.0,,branches:u,branches,13996619.0,53.0,nan,,ok
1202.803729,724.0,,branch-misses:u,branch-misses,16993323.0,65.0,30.77,of all branches,ok
1202.803729,52758.0,,L1-dcache-loads:u,l1-dcache-loads,17007007.0,65.0,nan,,ok
1202.803729,20572.0,,cache-references:u,cache-references,16196085.0,62.0,nan,,ok
1202.803729,3249.0,,cache-misses:u,cache-misses,15180174.0,58.0,15.79,of all cache refs,ok
1202.803729,2449635.0,,stalled-cycles-frontend:u,stalled-cycles-frontend,5974980.0,22.0,55.95,frontend cycles idle,ok
1215.797684,31972.0,,instructions:u,instructions,9010399.0,39.0,0.01,insn per cycle,ok
1215.797684,nan,,,,nan,nan,49.7,stalled cycles per insn,unknown
1215.797684,2551186.0,,cycles:u,cycles,9002201.0,39.0,nan,,ok
1215.797684,3563.0,,branches:u,branches,12004048.0,53.0,nan,,ok
1215.797684,1106.0,,branch-misses:u,branch-misses,14092539.0,62.0,31.04,of all branches,ok
1215.797684,105028.0,,L1-dcache-loads:u,l1-dcache-loads,13763536.0,60.0,nan,,ok
1215.797684,32161.0,,cache-references:u,cache-references,13580880.0,60.0,nan,,ok
1215.797684,3491.0,,cache-misses:u,cache-misses,13585541.0,60.0,10.85,of all cache refs,ok
1215.797684,1588953.0,,stalled-cycles-frontend:u,stalled-cycles-frontend,6002403.0,26.0,62.28,frontend cycles idle,ok
1228.798628,0.0,,instructions:u,instructions,3124194.0,21.0,nan,,ok
1228.798628,0.0,,cycles:u,cycles,2997484.0,20.0,nan,,ok
1228.798628,0.0,,branches:u,branches,4883070.0,33.0,nan,,ok
1228.798628,193.0,,branch-misses:u,branch-misses,8170784.0,56.0,nan,,ok
1228.798628,32168.0,,L1-dcache-loads:u,l1-dcache-loads,10137378.0,70.0,nan,,ok
1228.798628,10351.0,,cache-references:u,cache-references,11097629.0,77.0,nan,,ok
1228.798628,1177.0,,cache-misses:u,cache-misses,11309923.0,79.0,11.37,of all cache refs,ok
1228.798628,0.0,,stalled-cycles-frontend:u,stalled-cycles-frontend,2260541.0,15.0,nan,,ok
1242.793736,16203.0,,instructions:u,instructions,8726786.0,48.0,0.01,insn per cycle,ok
1242.793736,nan,,,,nan,nan,74.97,stalled cycles per insn,unknown
1242.793736,1732785.0,,cycles:u,cycles,7938371.0,44.0,nan,,ok
1242.793736,1343.0,,branches:u,branches,9956296.0,55.0,nan,,ok
1242.793736,400.0,,branch-misses:u,branch-misses,11967115.0,66.0,29.78,of all branches,ok
1242.793736,35180.0,,L1-dcache-loads:u,l1-dcache-loads,10138427.0,56.0,nan,,ok
1242.793736,13660.0,,cache-references:u,cache-references,9348092.0,52.0,nan,,ok
1242.793736,2133.0,,cache-misses:u,cache-misses,9959968.0,55.0,15.61,of all cache refs,ok
1242.793736,1214666.0,,stalled-cycles-frontend:u,stalled-cycles-frontend,5746669.0,31.0,70.1,frontend cycles idle,ok
1263.793379,7647.0,,instructions:u,instructions,7214012.0,29.0,0.09,insn per cycle,ok
1263.793379,nan,,,,nan,nan,120.82,stalled cycles per insn,unknown
1263.793379,87220.0,,cycles:u,cycles,7046472.0,29.0,nan,,ok
1263.793379,16.0,,branches:u,branches,10059519.0,41.0,nan,,ok
1263.793379,7.0,,branch-misses:u,branch-misses,13064886.0,54.0,43.75,of all branches,ok
1263.793379,6743.0,,L1-dcache-loads:u,l1-dcache-loads,14682447.0,60.0,nan,,ok
1263.793379,4211.0,,cache-references:u,cache-references,16637653.0,68.0,nan,,ok
1263.793379,966.0,,cache-misses:u,cache-misses,17061178.0,70.0,22.94,of all cache refs,ok
1263.793379,923874.0,,stalled-cycles-frontend:u,stalled-cycles-frontend,5607023.0,23.0,1059.25,frontend cycles idle,ok
1280.792163,11875.0,,instructions:u,instructions,9970477.0,39.0,0.01,insn per cycle,ok
1280.792163,nan,,,,nan,nan,140.18,stalled cycles per insn,unknown
1280.792163,2170279.0,,cycles:u,cycles,9047504.0,36.0,nan,,ok
1280.792163,927.0,,branches:u,branches,12042199.0,48.0,nan,,ok
1280.792163,288.0,,branch-misses:u,branch-misses,15038220.0,60.0,31.07,of all branches,ok
1280.792163,30465.0,,L1-dcache-loads:u,l1-dcache-loads,14992984.0,60.0,nan,,ok
1280.792163,10372.0,,cache-references:u,cache-references,14994516.0,60.0,nan,,ok
1280.792163,1457.0,,cache-misses:u,cache-misses,15739545.0,63.0,14.05,of all cache refs,ok
1280.792163,1664592.0,,stalled-cycles-frontend:u,stalled-cycles-frontend,6706902.0,27.0,76.7,frontend cycles idle,ok
1293.81131,32025.0,,instructions:u,instructions,6349287.0,38.0,0.02,insn per cycle,ok
1293.81131,nan,,,,nan,nan,23.84,stalled cycles per insn,unknown
1293.81131,2062272.0,,cycles:u,cycles,8327220.0,50.0,nan,,ok
1293.81131,1969.0,,branches:u,branches,11309314.0,68.0,nan,,ok
1293.81131,525.0,,branch-misses:u,branch-misses,13471505.0,81.0,26.66,of all branches,ok
1293.81131,37842.0,,L1-dcache-loads:u,l1-dcache-loads,11792009.0,70.0,nan,,ok
1293.81131,7727.0,,cache-references:u,cache-references,10415999.0,62.0,nan,,ok
1293.81131,572.0,,cache-misses:u,cache-misses,8467562.0,50.0,7.4,of all cache refs,ok
1293.81131,763476.0,,stalled-cycles-frontend:u,stalled-cycles-frontend,3793643.0,22.0,37.02,frontend cycles idle,ok
1314.800689,11020.0,,instructions:u,instructions,11067439.0,42.0,0.02,insn per cycle,ok
1314.800689,nan,,,,nan,nan,120.87,stalled cycles per insn,unknown
1314.800689,699511.0,,cycles:u,cycles,9184006.0,35.0,nan,,ok
1314.800689,375.0,,branches:u,branches,11207759.0,43.0,nan,,ok
1314.800689,169.0,,branch-misses:u,branch-misses,14069543.0,54.0,45.07,of all branches,ok
1314.800689,11767.0,,L1-dcache-loads:u,l1-dcache-loads,13877680.0,53.0,nan,,ok
1314.800689,6309.0,,cache-references:u,cache-references,14783382.0,57.0,nan,,ok
1314.800689,1334.0,,cache-misses:u,cache-misses,16525151.0,63.0,21.14,of all cache refs,ok
1314.800689,1331934.0,,stalled-cycles-frontend:u,stalled-cycles-frontend,8008872.0,31.0,190.41,frontend cycles idle,ok
1395.802226,79047.0,,instructions:u,instructions,26948984.0,36.0,0.01,insn per cycle,ok
1395.802226,nan,,,,nan,nan,38.19,stalled cycles per insn,unknown
1395.802226,8745269.0,,cycles:u,cycles,27818088.0,37.0,nan,,ok
1395.802226,7381.0,,branches:u,branches,36902832.0,50.0,nan,,ok
1395.802226,2235.0,,branch-misses:u,branch-misses,45855769.0,62.0,30.28,of all branches,ok
1395.802226,210713.0,,L1-dcache-loads:u,l1-dcache-loads,45529884.0,62.0,nan,,ok
1395.802226,75574.0,,cache-references:u,cache-references,46329606.0,63.0,nan,,ok
1395.802226,10180.0,,cache-misses:u,cache-misses,45566562.0,62.0,13.47,of all cache refs,ok
1395.802226,3018438.0,,stalled-cycles-frontend:u,stalled-cycles-frontend,18345045.0,25.0,34.52,frontend cycles idle,ok
1415.790649,0.0,,instructions:u,instructions,6044422.0,30.0,nan,,ok
1415.790649,0.0,,cycles:u,cycles,5946830.0,29.0,nan,,ok
1415.790649,0.0,,branches:u,branches,8762867.0,44.0,nan,,ok
1415.790649,0.0,,branch-misses:u,branch-misses,11733169.0,59.0,nan,,ok
1415.790649,0.0,,L1-dcache-loads:u,l1-dcache-loads,12666903.0,63.0,nan,,ok
1415.790649,0.0,,cache-references:u,cache-references,13670062.0,69.0,nan,,ok
1415.790649,0.0,,cache-misses:u,cache-misses,13847959.0,69.0,nan,,ok
1415.790649,0.0,,stalled-cycles-frontend:u,stalled-cycles-frontend,4189358.0,21.0,nan,,ok
1430.795145,0.0,,instructions:u,instructions,5923439.0,39.0,nan,,ok
1430.795145,0.0,,cycles:u,cycles,5955050.0,39.0,nan,,ok
1430.795145,0.0,,branches:u,branches,7947210.0,53.0,nan,,ok
1430.795145,0.0,,branch-misses:u,branch-misses,9923047.0,66.0,nan,,ok
1430.795145,0.0,,L1-dcache-loads:u,l1-dcache-loads,9930811.0,66.0,nan,,ok
1430.795145,0.0,,cache-references:u,cache-references,9100117.0,60.0,nan,,ok
1430.795145,0.0,,cache-misses:u,cache-misses,8991437.0,60.0,nan,,ok
1430.795145,0.0,,stalled-cycles-frontend:u,stalled-cycles-frontend,3799497.0,25.0,nan,,ok
1443.788729,0.0,,instructions:u,instructions,5991748.0,46.0,nan,,ok
1443.788729,0.0,,cycles:u,cycles,5998359.0,46.0,nan,,ok
1443.788729,0.0,,branches:u,branches,7133769.0,54.0,nan,,ok
1443.788729,0.0,,branch-misses:u,branch-misses,8156640.0,62.0,nan,,ok
1443.788729,0.0,,L1-dcache-loads:u,l1-dcache-loads,7179877.0,55.0,nan,,ok
1443.788729,0.0,,cache-references:u,cache-references,7042441.0,54.0,nan,,ok
1443.788729,0.0,,cache-misses:u,cache-misses,7038341.0,53.0,nan,,ok
1443.788729,0.0,,stalled-cycles-frontend:u,stalled-cycles-frontend,3993698.0,30.0,nan,,ok
1464.802175,0.0,,instructions:u,instructions,7107736.0,34.0,nan,,ok
1464.802175,0.0,,cycles:u,cycles,6138847.0,29.0,nan,,ok
1464.802175,0.0,,branches:u,branches,8963223.0,42.0,nan,,ok
1464.802175,0.0,,branch-misses:u,branch-misses,11929479.0,57.0,nan,,ok
1464.802175,0.0,,L1-dcache-loads:u,l1-dcache-loads,12699080.0,60.0,nan,,ok
1464.802175,0.0,,cache-references:u,cache-references,13666901.0,65.0,nan,,ok
1464.802175,0.0,,cache-misses:u,cache-misses,14642697.0,70.0,nan,,ok
1464.802175,0.0,,stalled-cycles-frontend:u,stalled-cycles-frontend,5250892.0,25.0,nan,,ok
1477.7962710000002,0.0,,instructions:u,instructions,4815761.0,37.0,nan,,ok
1477.7962710000002,0.0,,cycles:u,cycles,5866407.0,45.0,nan,,ok
1477.7962710000002,0.0,,branches:u,branches,7843692.0,60.0,nan,,ok
1477.7962710000002,0.0,,branch-misses:u,branch-misses,9816318.0,76.0,nan,,ok
1477.7962710000002,0.0,,L1-dcache-loads:u,l1-dcache-loads,9151859.0,71.0,nan,,ok
1477.7962710000002,0.0,,cache-references:u,cache-references,8160584.0,63.0,nan,,ok
1477.7962710000002,0.0,,cache-misses:u,cache-misses,7100259.0,55.0,nan,,ok
1477.7962710000002,0.0,,stalled-cycles-frontend:u,stalled-cycles-frontend,2676875.0,20.0,nan,,ok
1490.789237,0.0,,instructions:u,instructions,5987097.0,46.0,nan,,ok
1490.789237,0.0,,cycles:u,cycles,5073812.0,39.0,nan,,ok
1490.789237,0.0,,branches:u,branches,6068193.0,46.0,nan,,ok
1490.789237,0.0,,branch-misses:u,branch-misses,7086287.0,54.0,nan,,ok
1490.789237,0.0,,L1-dcache-loads:u,l1-dcache-loads,6963626.0,53.0,nan,,ok
1490.789237,0.0,,cache-references:u,cache-references,6960448.0,53.0,nan,,ok
1490.789237,0.0,,cache-misses:u,cache-misses,7779418.0,60.0,nan,,ok
1490.789237,0.0,,stalled-cycles-frontend:u,stalled-cycles-frontend,3990994.0,30.0,nan,,ok
1503.790247,0.0,,instructions:u,instructions,3942854.0,30.0,nan,,ok
1503.790247,0.0,,cycles:u,cycles,4849953.0,37.0,nan,,ok
1503.790247,0.0,,branches:u,branches,6806579.0,52.0,nan,,ok
1503.790247,0.0,,branch-misses:u,branch-misses,8793156.0,68.0,nan,,ok
1503.790247,0.0,,L1-dcache-loads:u,l1-dcache-loads,9774054.0,75.0,nan,,ok
1503.790247,0.0,,cache-references:u,cache-references,8981058.0,69.0,nan,,ok
1503.790247,0.0,,cache-misses:u,cache-misses,8166825.0,63.0,nan,,ok
1503.790247,0.0,,stalled-cycles-frontend:u,stalled-cycles-frontend,2001641.0,15.0,nan,,ok
1516.7966749999998,0.0,,instructions:u,instructions,5997353.0,46.0,nan,,ok
1516.7966749999998,0.0,,cycles:u,cycles,5991217.0,46.0,nan,,ok
1516.7966749999998,0.0,,branches:u,branches,7120386.0,54.0,nan,,ok
1516.7966749999998,0.0,,branch-misses:u,branch-misses,8136554.0,62.0,nan,,ok
1516.7966749999998,0.0,,L1-dcache-loads:u,l1-dcache-loads,7159771.0,54.0,nan,,ok
1516.7966749999998,0.0,,cache-references:u,cache-references,7010535.0,53.0,nan,,ok
1516.7966749999998,0.0,,cache-misses:u,cache-misses,7014023.0,53.0,nan,,ok
1516.7966749999998,0.0,,stalled-cycles-frontend:u,stalled-cycles-frontend,3996509.0,30.0,nan,,ok
1537.795673,61.0,,instructions:u,instructions,4344315.0,24.0,0.0,insn per cycle,ok
1537.795673,nan,,,,nan,nan,151.0,stalled cycles per insn,unknown
1537.795673,50726.0,,cycles:u,cycles,4460167.0,25.0,nan,,ok
1537.795673,28.0,,branches:u,branches,7389204.0,41.0,nan,,ok
1537.795673,10.0,,branch-misses:u,branch-misses,10377839.0,58.0,35.71,of all branches,ok
1537.795673,26.0,,L1-dcache-loads:u,l1-dcache-loads,11946619.0,67.0,nan,,ok
1537.795673,412.0,,cache-references:u,cache-references,13235175.0,74.0,nan,,ok
1537.795673,273.0,,cache-misses:u,cache-misses,13129295.0,74.0,66.26,of all cache refs,ok
1537.795673,9211.0,,stalled-cycles-frontend:u,stalled-cycles-frontend,3476642.0,19.0,18.16,frontend cycles idle,ok
1550.787339,29.0,,instructions:u,instructions,3230520.0,51.0,0.0,insn per cycle,ok
1550.787339,nan,,,,nan,nan,1043.76,stalled cycles per insn,unknown
1550.787339,19882.0,,cycles:u,cycles,3224288.0,51.0,nan,,ok
1550.787339,8.0,,branches:u,branches,4156355.0,66.0,nan,,ok
1550.787339,2.0,,branch-misses:u,branch-misses,4241365.0,68.0,25.0,of all branches,ok
1550.787339,0.0,,L1-dcache-loads:u,l1-dcache-loads,3115783.0,49.0,nan,,ok
1550.787339,0.0,,cache-references:u,cache-references,3118580.0,49.0,nan,,ok
1550.787339,0.0,,cache-misses:u,cache-misses,3113361.0,49.0,nan,,ok
1550.787339,30269.0,,stalled-cycles-frontend:u,stalled-cycles-frontend,2098612.0,33.0,152.24,frontend cycles idle,ok
1563.795685,nan,,instructions:u,instructions,0.0,0.0,nan,,ok
1563.795685,nan,,cycles:u,cycles,0.0,0.0,nan,,ok
1563.795685,nan,,branches:u,branches,0.0,0.0,nan,,ok
1563.795685,0.0,,branch-misses:u,branch-misses,898834.0,94.0,nan,,ok
1563.795685,0.0,,L1-dcache-loads:u,l1-dcache-loads,938942.0,100.0,nan,,ok
1563.795685,0.0,,cache-references:u,cache-references,923451.0,100.0,nan,,ok
1563.795685,0.0,,cache-misses:u,cache-misses,907987.0,100.0,nan,,ok
1563.795685,nan,,stalled-cycles-frontend:u,stalled-cycles-frontend,0.0,0.0,nan,,ok
1576.798263,0.0,,instructions:u,instructions,2101593.0,51.0,nan,,ok
1576.798263,0.0,,cycles:u,cycles,1122486.0,27.0,nan,,ok
1576.798263,0.0,,branches:u,branches,1140738.0,27.0,nan,,ok
1576.798263,0.0,,branch-misses:u,branch-misses,1159046.0,27.0,nan,,ok
1576.798263,0.0,,L1-dcache-loads:u,l1-dcache-loads,1158546.0,27.0,nan,,ok
1576.798263,0.0,,cache-references:u,cache-references,1982589.0,47.0,nan,,ok
1576.798263,0.0,,cache-misses:u,cache-misses,2985606.0,71.0,nan,,ok
1576.798263,0.0,,stalled-cycles-frontend:u,stalled-cycles-frontend,2009395.0,47.0,nan,,ok
1589.789747,0.0,,instructions:u,instructions,904288.0,19.0,nan,,ok
1589.789747,0.0,,cycles:u,cycles,1882687.0,39.0,nan,,ok
1589.789747,0.0,,branches:u,branches,2860841.0,60.0,nan,,ok
1589.789747,0.0,,branch-misses:u,branch-misses,3842257.0,82.0,nan,,ok
1589.789747,0.0,,L1-dcache-loads:u,l1-dcache-loads,4655239.0,100.0,nan,,ok
1589.789747,0.0,,cache-references:u,cache-references,3828111.0,82.0,nan,,ok
1589.789747,0.0,,cache-misses:u,cache-misses,2825802.0,61.0,nan,,ok
1589.789747,nan,,stalled-cycles-frontend:u,stalled-cycles-frontend,0.0,0.0,nan,,ok
1610.795215,nan,,instructions:u,instructions,0.0,0.0,nan,,ok
1610.795215,nan,,cycles:u,cycles,0.0,0.0,nan,,ok
1610.795215,nan,,branches:u,branches,0.0,0.0,nan,,ok
1610.795215,nan,,branch-misses:u,branch-misses,0.0,0.0,nan,,ok
1610.795215,0.0,,L1-dcache-loads:u,l1-dcache-loads,117159.0,100.0,nan,,ok
1610.795215,0.0,,cache-references:u,cache-references,131734.0,100.0,nan,,ok
1610.795215,0.0,,cache-misses:u,cache-misses,148348.0,100.0,nan,,ok
1610.795215,nan,,stalled-cycles-frontend:u,stalled-cycles-frontend,0.0,0.0,nan,,ok
1623.79389,0.0,,instructions:u,instructions,3006413.0,52.0,nan,,ok
1623.79389,0.0,,cycles:u,cycles,2858779.0,49.0,nan,,ok
1623.79389,0.0,,branches:u,branches,2858779.0,49.0,nan,,ok
1623.79389,0.0,,branch-misses:u,branch-misses,2858779.0,50.0,nan,,ok
1623.79389,0.0,,L1-dcache-loads:u,l1-dcache-loads,2694093.0,47.0,nan,,ok
1623.79389,0.0,,cache-references:u,cache-references,2667411.0,47.0,nan,,ok
1623.79389,0.0,,cache-misses:u,cache-misses,2798431.0,49.0,nan,,ok
1623.79389,0.0,,stalled-cycles-frontend:u,stalled-cycles-frontend,2002895.0,35.0,nan,,ok
1636.7933500000001,nan,,instructions:u,instructions,0.0,100.0,nan,,ok
1636.7933500000001,nan,,cycles:u,cycles,0.0,100.0,nan,,ok
1636.7933500000001,nan,,branches:u,branches,0.0,100.0,nan,,ok
1636.7933500000001,nan,,branch-misses:u,branch-misses,0.0,100.0,nan,,ok
1636.7933500000001,nan,,L1-dcache-loads:u,l1-dcache-loads,0.0,100.0,nan,,ok
1636.7933500000001,nan,,cache-references:u,cache-references,0.0,100.0,nan,,ok
1636.7933500000001,nan,,cache-misses:u,cache-misses,0.0,100.0,nan,,ok
1636.7933500000001,nan,,stalled-cycles-frontend:u,stalled-cycles-frontend,0.0,100.0,nan,,ok
1649.787088,nan,,instructions:u,instructions,0.0,0.0,nan,,ok
1649.787088,0.0,,cycles:u,cycles,980345.0,93.0,nan,,ok
1649.787088,0.0,,branches:u,branches,1077739.0,100.0,nan,,ok
1649.787088,0.0,,branch-misses:u,branch-misses,1122208.0,100.0,nan,,ok
1649.787088,0.0,,L1-dcache-loads:u,l1-dcache-loads,1140057.0,100.0,nan,,ok
1649.787088,0.0,,cache-references:u,cache-references,1158479.0,100.0,nan,,ok
1649.787088,0.0,,cache-misses:u,cache-misses,202167.0,17.0,nan,,ok
1649.787088,nan,,stalled-cycles-frontend:u,stalled-cycles-frontend,0.0,0.0,nan,,ok
1662.7979129999999,0.0,,instructions:u,instructions,834602.0,17.0,nan,,ok
1662.7979129999999,nan,,cycles:u,cycles,0.0,0.0,nan,,ok
1662.7979129999999,0.0,,branches:u,branches,894477.0,18.0,nan,,ok
1662.7979129999999,0.0,,branch-misses:u,branch-misses,1847710.0,39.0,nan,,ok
1662.7979129999999,0.0,,L1-dcache-loads:u,l1-dcache-loads,2829998.0,60.0,nan,,ok
1662.7979129999999,0.0,,cache-references:u,cache-references,3816190.0,82.0,nan,,ok
1662.7979129999999,0.0,,cache-misses:u,cache-misses,4626759.0,100.0,nan,,ok
1662.7979129999999,0.0,,stalled-cycles-frontend:u,stalled-cycles-frontend,834602.0,18.0,nan,,ok
1683.7925,0.0,,instructions:u,instructions,75849.0,100.0,nan,,ok
1683.7925,nan,,cycles:u,cycles,0.0,0.0,nan,,ok
1683.7925,nan,,branches:u,branches,0.0,0.0,nan,,ok
1683.7925,nan,,branch-misses:u,branch-misses,0.0,0.0,nan,,ok
1683.7925,nan,,L1-dcache-loads:u,l1-dcache-loads,0.0,0.0,nan,,ok
1683.7925,nan,,cache-references:u,cache-references,0.0,0.0,nan,,ok
1683.7925,0.0,,cache-misses:u,cache-misses,197357.0,100.0,nan,,ok
1683.7925,0.0,,stalled-cycles-frontend:u,stalled-cycles-frontend,239897.0,100.0,nan,,ok
1696.796292,0.0,,instructions:u,instructions,2902076.0,57.0,nan,,ok
1696.796292,0.0,,cycles:u,cycles,2988247.0,59.0,nan,,ok
1696.796292,0.0,,branches:u,branches,3984464.0,79.0,nan,,ok
1696.796292,0.0,,branch-misses:u,branch-misses,4129978.0,82.0,nan,,ok
1696.796292,0.0,,L1-dcache-loads:u,l1-dcache-loads,3146247.0,63.0,nan,,ok
1696.796292,0.0,,cache-references:u,cache-references,2140810.0,43.0,nan,,ok
1696.796292,0.0,,cache-misses:u,cache-misses,1933131.0,39.0,nan,,ok
1696.796292,0.0,,stalled-cycles-frontend:u,stalled-cycles-frontend,1732591.0,35.0,nan,,ok
1709.791605,nan,,instructions:u,instructions,0.0,100.0,nan,,ok
1709.791605,nan,,cycles:u,cycles,0.0,100.0,nan,,ok
1709.791605,nan,,branches:u,branches,0.0,100.0,nan,,ok
1709.791605,nan,,branch-misses:u,branch-misses,0.0,100.0,nan,,ok
1709.791605,nan,,L1-dcache-loads:u,l1-dcache-loads,0.0,100.0,nan,,ok
1709.791605,nan,,cache-references:u,cache-references,0.0,100.0,nan,,ok
1709.791605,nan,,cache-misses:u,cache-misses,0.0,100.0,nan,,ok
1709.791605,nan,,stalled-cycles-frontend:u,stalled-cycles-frontend,0.0,100.0,nan,,ok
1723.7975350000002,0.0,,instructions:u,instructions,2996233.0,38.0,nan,,ok
1723.7975350000002,0.0,,cycles:u,cycles,2999710.0,39.0,nan,,ok
1723.7975350000002,0.0,,branches:u,branches,3894365.0,50.0,nan,,ok
1723.7975350000002,0.0,,branch-misses:u,branch-misses,4695712.0,61.0,nan,,ok
1723.7975350000002,0.0,,L1-dcache-loads:u,l1-dcache-loads,4686237.0,60.0,nan,,ok
1723.7975350000002,0.0,,cache-references:u,cache-references,4695082.0,61.0,nan,,ok
1723.7975350000002,0.0,,cache-misses:u,cache-misses,4691605.0,60.0,nan,,ok
1723.7975350000002,0.0,,stalled-cycles-frontend:u,stalled-cycles-frontend,2001364.0,26.0,nan,,ok
1737.786196,nan,,instructions:u,instructions,0.0,100.0,nan,,ok
1737.786196,nan,,cycles:u,cycles,0.0,100.0,nan,,ok
1737.786196,nan,,branches:u,branches,0.0,100.0,nan,,ok
1737.786196,nan,,branch-misses:u,branch-misses,0.0,100.0,nan,,ok
1737.786196,nan,,L1-dcache-loads:u,l1-dcache-loads,0.0,100.0,nan,,ok
1737.786196,nan,,cache-references:u,cache-references,0.0,100.0,nan,,ok
1737.786196,nan,,cache-misses:u,cache-misses,0.0,100.0,nan,,ok
1737.786196,nan,,stalled-cycles-frontend:u,stalled-cycles-frontend,0.0,100.0,nan,,ok
1758.7974829999998,nan,,instructions:u,instructions,0.0,0.0,nan,,ok
1758.7974829999998,nan,,cycles:u,cycles,0.0,0.0,nan,,ok
1758.7974829999998,0.0,,branches:u,branches,116955.0,100.0,nan,,ok
1758.7974829999998,0.0,,branch-misses:u,branch-misses,140182.0,100.0,nan,,ok
1758.7974829999998,0.0,,L1-dcache-loads:u,l1-dcache-loads,162408.0,100.0,nan,,ok
1758.7974829999998,0.0,,cache-references:u,cache-references,216674.0,100.0,nan,,ok
1758.7974829999998,0.0,,cache-misses:u,cache-misses,250140.0,100.0,nan,,ok
1758.7974829999998,nan,,stalled-cycles-frontend:u,stalled-cycles-frontend,0.0,0.0,nan,,ok
1771.8188690000002,0.0,,instructions:u,instructions,1056710.0,21.0,nan,,ok
1771.8188690000002,0.0,,cycles:u,cycles,32877.0,0.0,nan,,ok
1771.8188690000002,0.0,,branches:u,branches,886177.0,18.0,nan,,ok
1771.8188690000002,0.0,,branch-misses:u,branch-misses,1860897.0,38.0,nan,,ok
1771.8188690000002,0.0,,L1-dcache-loads:u,l1-dcache-loads,2800522.0,57.0,nan,,ok
1771.8188690000002,0.0,,cache-references:u,cache-references,3746349.0,77.0,nan,,ok
1771.8188690000002,0.0,,cache-misses:u,cache-misses,4736716.0,99.0,nan,,ok
1771.8188690000002,0.0,,stalled-cycles-frontend:u,stalled-cycles-frontend,1056710.0,22.0,nan,,ok
1785.788221,0.0,,instructions:u,instructions,1061400.0,100.0,nan,,ok
1785.788221,0.0,,cycles:u,cycles,1082844.0,100.0,nan,,ok
1785.788221,0.0,,branches:u,branches,1100761.0,100.0,nan,,ok
1785.788221,0.0,,branch-misses:u,branch-misses,1119431.0,100.0,nan,,ok
1785.788221,0.0,,L1-dcache-loads:u,l1-dcache-loads,144755.0,12.0,nan,,ok
1785.788221,nan,,cache-references:u,cache-references,0.0,0.0,nan,,ok
1785.788221,nan,,cache-misses:u,cache-misses,0.0,0.0,nan,,ok
1785.788221,0.0,,stalled-cycles-frontend:u,stalled-cycles-frontend,992657.0,84.0,nan,,ok
1798.792988,0.0,,instructions:u,instructions,927344.0,23.0,nan,,ok
1798.792988,0.0,,cycles:u,cycles,1899733.0,48.0,nan,,ok
1798.792988,0.0,,branches:u,branches,2891432.0,73.0,nan,,ok
1798.792988,0.0,,branch-misses:u,branch-misses,3872173.0,99.0,nan,,ok
1798.792988,0.0,,L1-dcache-loads:u,l1-dcache-loads,3883724.0,100.0,nan,,ok
1798.792988,0.0,,cache-references:u,cache-references,3032392.0,78.0,nan,,ok
1798.792988,0.0,,cache-misses:u,cache-misses,2038559.0,52.0,nan,,ok
1798.792988,nan,,stalled-cycles-frontend:u,stalled-cycles-frontend,0.0,0.0,nan,,ok
1811.810127,nan,,instructions:u,instructions,0.0,100.0,nan,,ok
1811.810127,nan,,cycles:u,cycles,0.0,100.0,nan,,ok
1811.810127,nan,,branches:u,branches,0.0,100.0,nan,,ok
1811.810127,nan,,branch-misses:u,branch-misses,0.0,100.0,nan,,ok
1811.810127,nan,,L1-dcache-loads:u,l1-dcache-loads,0.0,100.0,nan,,ok
1811.810127,nan,,cache-references:u,cache-references,0.0,100.0,nan,,ok
1811.810127,nan,,cache-misses:u,cache-misses,0.0,100.0,nan,,ok
1811.810127,nan,,stalled-cycles-frontend:u,stalled-cycles-frontend,0.0,100.0,nan,,ok
1832.784766,0.0,,instructions:u,instructions,2039235.0,50.0,nan,,ok
1832.784766,0.0,,cycles:u,cycles,1037025.0,25.0,nan,,ok
1832.784766,0.0,,branches:u,branches,1037025.0,25.0,nan,,ok
1832.784766,0.0,,branch-misses:u,branch-misses,1037025.0,25.0,nan,,ok
1832.784766,0.0,,L1-dcache-loads:u,l1-dcache-loads,1024704.0,25.0,nan,,ok
1832.784766,0.0,,cache-references:u,cache-references,1978071.0,49.0,nan,,ok
1832.784766,0.0,,cache-misses:u,cache-misses,2980281.0,74.0,nan,,ok
1832.784766,0.0,,stalled-cycles-frontend:u,stalled-cycles-frontend,2005427.0,49.0,nan,,ok
1845.784723,nan,,instructions:u,instructions,0.0,100.0,nan,,ok
1845.784723,nan,,cycles:u,cycles,0.0,100.0,nan,,ok
1845.784723,nan,,branches:u,branches,0.0,100.0,nan,,ok
1845.784723,nan,,branch-misses:u,branch-misses,0.0,100.0,nan,,ok
1845.784723,nan,,L1-dcache-loads:u,l1-dcache-loads,0.0,100.0,nan,,ok
1845.784723,nan,,cache-references:u,cache-references,0.0,100.0,nan,,ok
1845.784723,nan,,cache-misses:u,cache-misses,0.0,100.0,nan,,ok
1845.784723,nan,,stalled-cycles-frontend:u,stalled-cycles-frontend,0.0,100.0,nan,,ok
1858.799828,0.0,,instructions:u,instructions,1784327.0,26.0,nan,,ok
1858.799828,0.0,,cycles:u,cycles,1993241.0,29.0,nan,,ok
1858.799828,0.0,,branches:u,branches,2996364.0,44.0,nan,,ok
1858.799828,0.0,,branch-misses:u,branch-misses,3993098.0,58.0,nan,,ok
1858.799828,0.0,,L1-dcache-loads:u,l1-dcache-loads,4989383.0,73.0,nan,,ok
1858.799828,0.0,,cache-references:u,cache-references,4994399.0,73.0,nan,,ok
1858.799828,0.0,,cache-misses:u,cache-misses,4785485.0,70.0,nan,,ok
1858.799828,0.0,,stalled-cycles-frontend:u,stalled-cycles-frontend,789391.0,11.0,nan,,ok
1871.79513,nan,,instructions:u,instructions,0.0,100.0,nan,,ok
1871.79513,nan,,cycles:u,cycles,0.0,100.0,nan,,ok
1871.79513,nan,,branches:u,branches,0.0,100.0,nan,,ok
1871.79513,nan,,branch-misses:u,branch-misses,0.0,100.0,nan,,ok
1871.79513,nan,,L1-dcache-loads:u,l1-dcache-loads,0.0,100.0,nan,,ok
1871.79513,nan,,cache-references:u,cache-references,0.0,100.0,nan,,ok
1871.79513,nan,,cache-misses:u,cache-misses,0.0,100.0,nan,,ok
1871.79513,nan,,stalled-cycles-frontend:u,stalled-cycles-frontend,0.0,100.0,nan,,ok
1884.790075,nan,,instructions:u,instructions,0.0,100.0,nan,,ok
1884.790075,nan,,cycles:u,cycles,0.0,100.0,nan,,ok
1884.790075,nan,,branches:u,branches,0.0,100.0,nan,,ok
1884.790075,nan,,branch-misses:u,branch-misses,0.0,100.0,nan,,ok
1884.790075,nan,,L1-dcache-loads:u,l1-dcache-loads,0.0,100.0,nan,,ok
1884.790075,nan,,cache-references:u,cache-references,0.0,100.0,nan,,ok
1884.790075,nan,,cache-misses:u,cache-misses,0.0,100.0,nan,,ok
1884.790075,nan,,stalled-cycles-frontend:u,stalled-cycles-frontend,0.0,100.0,nan,,ok
1897.806606,nan,,instructions:u,instructions,0.0,100.0,nan,,ok
1897.806606,nan,,cycles:u,cycles,0.0,100.0,nan,,ok
1897.806606,nan,,branches:u,branches,0.0,100.0,nan,,ok
1897.806606,nan,,branch-misses:u,branch-misses,0.0,100.0,nan,,ok
1897.806606,nan,,L1-dcache-loads:u,l1-dcache-loads,0.0,100.0,nan,,ok
1897.806606,nan,,cache-references:u,cache-references,0.0,100.0,nan,,ok
1897.806606,nan,,cache-misses:u,cache-misses,0.0,100.0,nan,,ok
1897.806606,nan,,stalled-cycles-frontend:u,stalled-cycles-frontend,0.0,100.0,nan,,ok
1910.793141,0.0,,instructions:u,instructions,1159852.0,100.0,nan,,ok
1910.793141,0.0,,cycles:u,cycles,281153.0,22.0,nan,,ok
1910.793141,0.0,,branches:u,branches,333874.0,25.0,nan,,ok
1910.793141,0.0,,branch-misses:u,branch-misses,443964.0,31.0,nan,,ok
1910.793141,nan,,L1-dcache-loads:u,l1-dcache-loads,0.0,0.0,nan,,ok
1910.793141,nan,,cache-references:u,cache-references,0.0,0.0,nan,,ok
1910.793141,0.0,,cache-misses:u,cache-misses,960858.0,66.0,nan,,ok
1910.793141,0.0,,stalled-cycles-frontend:u,stalled-cycles-frontend,1469952.0,100.0,nan,,ok
1924.795817,0.0,,instructions:u,instructions,1794576.0,43.0,nan,,ok
1924.795817,0.0,,cycles:u,cycles,2718640.0,66.0,nan,,ok
1924.795817,0.0,,branches:u,branches,3665049.0,91.0,nan,,ok
1924.795817,0.0,,branch-misses:u,branch-misses,3905291.0,100.0,nan,,ok
1924.795817,0.0,,L1-dcache-loads:u,l1-dcache-loads,3348892.0,86.0,nan,,ok
1924.795817,0.0,,cache-references:u,cache-references,2355685.0,60.0,nan,,ok
1924.795817,0.0,,cache-misses:u,cache-misses,1349462.0,34.0,nan,,ok
1924.795817,0.0,,stalled-cycles-frontend:u,stalled-cycles-frontend,491269.0,12.0,nan,,ok
1937.786603,nan,,instructions:u,instructions,0.0,100.0,nan,,ok
1937.786603,nan,,cycles:u,cycles,0.0,100.0,nan,,ok
1937.786603,nan,,branches:u,branches,0.0,100.0,nan,,ok
1937.786603,nan,,branch-misses:u,branch-misses,0.0,100.0,nan,,ok
1937.786603,nan,,L1-dcache-loads:u,l1-dcache-loads,0.0,100.0,nan,,ok
1937.786603,nan,,cache-references:u,cache-references,0.0,100.0,nan,,ok
1937.786603,nan,,cache-misses:u,cache-misses,0.0,100.0,nan,,ok
1937.786603,nan,,stalled-cycles-frontend:u,stalled-cycles-frontend,0.0,100.0,nan,,ok
1950.798294,0.0,,instructions:u,instructions,1094592.0,26.0,nan,,ok
1950.798294,0.0,,cycles:u,cycles,115880.0,2.0,nan,,ok
1950.798294,0.0,,branches:u,branches,141148.0,3.0,nan,,ok
1950.798294,0.0,,branch-misses:u,branch-misses,1141380.0,27.0,nan,,ok
1950.798294,0.0,,L1-dcache-loads:u,l1-dcache-loads,1972970.0,47.0,nan,,ok
1950.798294,0.0,,cache-references:u,cache-references,2967748.0,71.0,nan,,ok
1950.798294,0.0,,cache-misses:u,cache-misses,3972821.0,94.0,nan,,ok
1950.798294,0.0,,stalled-cycles-frontend:u,stalled-cycles-frontend,1233732.0,29.0,nan,,ok
1967.8314859999998,0.0,,instructions:u,instructions,1911476.0,94.0,nan,,ok
1967.8314859999998,0.0,,cycles:u,cycles,1986689.0,100.0,nan,,ok
1967.8314859999998,0.0,,branches:u,branches,1961421.0,100.0,nan,,ok
1967.8314859999998,0.0,,branch-misses:u,branch-misses,1935713.0,100.0,nan,,ok
1967.8314859999998,0.0,,L1-dcache-loads:u,l1-dcache-loads,1100458.0,57.0,nan,,ok
1967.8314859999998,0.0,,cache-references:u,cache-references,101574.0,5.0,nan,,ok
1967.8314859999998,nan,,cache-misses:u,cache-misses,0.0,0.0,nan,,ok
1967.8314859999998,0.0,,stalled-cycles-frontend:u,stalled-cycles-frontend,773452.0,41.0,nan,,ok
1981.794607,nan,,instructions:u,instructions,0.0,100.0,nan,,ok
1981.794607,nan,,cycles:u,cycles,0.0,100.0,nan,,ok
1981.794607,nan,,branches:u,branches,0.0,100.0,nan,,ok
1981.794607,nan,,branch-misses:u,branch-misses,0.0,100.0,nan,,ok
1981.794607,nan,,L1-dcache-loads:u,l1-dcache-loads,0.0,100.0,nan,,ok
1981.794607,nan,,cache-references:u,cache-references,0.0,100.0,nan,,ok
1981.794607,nan,,cache-misses:u,cache-misses,0.0,100.0,nan,,ok
1981.794607,nan,,stalled-cycles-frontend:u,stalled-cycles-frontend,0.0,100.0,nan,,ok
1994.798697,nan,,instructions:u,instructions,0.0,100.0,nan,,ok
1994.798697,nan,,cycles:u,cycles,0.0,100.0,nan,,ok
1994.798697,nan,,branches:u,branches,0.0,100.0,nan,,ok
1994.798697,nan,,branch-misses:u,branch-misses,0.0,100.0,nan,,ok
1994.798697,nan,,L1-dcache-loads:u,l1-dcache-loads,0.0,100.0,nan,,ok
1994.798697,nan,,cache-references:u,cache-references,0.0,100.0,nan,,ok
1994.798697,nan,,cache-misses:u,cache-misses,0.0,100.0,nan,,ok
1994.798697,nan,,stalled-cycles-frontend:u,stalled-cycles-frontend,0.0,100.0,nan,,ok
2007.79702,nan,,instructions:u,instructions,0.0,100.0,nan,,ok
2007.79702,nan,,cycles:u,cycles,0.0,100.0,nan,,ok
2007.79702,nan,,branches:u,branches,0.0,100.0,nan,,ok
2007.79702,nan,,branch-misses:u,branch-misses,0.0,100.0,nan,,ok
2007.79702,nan,,L1-dcache-loads:u,l1-dcache-loads,0.0,100.0,nan,,ok
2007.79702,nan,,cache-references:u,cache-references,0.0,100.0,nan,,ok
2007.79702,nan,,cache-misses:u,cache-misses,0.0,100.0,nan,,ok
2007.79702,nan,,stalled-cycles-frontend:u,stalled-cycles-frontend,0.0,100.0,nan,,ok
2020.792627,nan,,instructions:u,instructions,0.0,100.0,nan,,ok
2020.792627,nan,,cycles:u,cycles,0.0,100.0,nan,,ok
2020.792627,nan,,branches:u,branches,0.0,100.0,nan,,ok
2020.792627,nan,,branch-misses:u,branch-misses,0.0,100.0,nan,,ok
2020.792627,nan,,L1-dcache-loads:u,l1-dcache-loads,0.0,100.0,nan,,ok
2020.792627,nan,,cache-references:u,cache-references,0.0,100.0,nan,,ok
2020.792627,nan,,cache-misses:u,cache-misses,0.0,100.0,nan,,ok
2020.792627,nan,,stalled-cycles-frontend:u,stalled-cycles-frontend,0.0,100.0,nan,,ok
2041.7909449999997,nan,,instructions:u,instructions,0.0,0.0,nan,,ok
2041.7909449999997,0.0,,cycles:u,cycles,979697.0,21.0,nan,,ok
2041.7909449999997,0.0,,branches:u,branches,1979727.0,44.0,nan,,ok
2041.7909449999997,0.0,,branch-misses:u,branch-misses,2977983.0,66.0,nan,,ok
2041.7909449999997,0.0,,L1-dcache-loads:u,l1-dcache-loads,3979058.0,89.0,nan,,ok
2041.7909449999997,0.0,,cache-references:u,cache-references,4457325.0,100.0,nan,,ok
2041.7909449999997,0.0,,cache-misses:u,cache-misses,3477628.0,78.0,nan,,ok
2041.7909449999997,nan,,stalled-cycles-frontend:u,stalled-cycles-frontend,0.0,0.0,nan,,ok
2054.7846999999997,nan,,instructions:u,instructions,0.0,100.0,nan,,ok
2054.7846999999997,nan,,cycles:u,cycles,0.0,100.0,nan,,ok
2054.7846999999997,nan,,branches:u,branches,0.0,100.0,nan,,ok
2054.7846999999997,nan,,branch-misses:u,branch-misses,0.0,100.0,nan,,ok
2054.7846999999997,nan,,L1-dcache-loads:u,l1-dcache-loads,0.0,100.0,nan,,ok
2054.7846999999997,nan,,cache-references:u,cache-references,0.0,100.0,nan,,ok
2054.7846999999997,nan,,cache-misses:u,cache-misses,0.0,100.0,nan,,ok
2054.7846999999997,nan,,stalled-cycles-frontend:u,stalled-cycles-frontend,0.0,100.0,nan,,ok
2067.7975380000003,nan,,instructions:u,instructions,0.0,100.0,nan,,ok
2067.7975380000003,nan,,cycles:u,cycles,0.0,100.0,nan,,ok
2067.7975380000003,nan,,branches:u,branches,0.0,100.0,nan,,ok
2067.7975380000003,nan,,branch-misses:u,branch-misses,0.0,100.0,nan,,ok
2067.7975380000003,nan,,L1-dcache-loads:u,l1-dcache-loads,0.0,100.0,nan,,ok
2067.7975380000003,nan,,cache-references:u,cache-references,0.0,100.0,nan,,ok
2067.7975380000003,nan,,cache-misses:u,cache-misses,0.0,100.0,nan,,ok
2067.7975380000003,nan,,stalled-cycles-frontend:u,stalled-cycles-frontend,0.0,100.0,nan,,ok
2080.794825,0.0,,instructions:u,instructions,3001599.0,73.0,nan,,ok
2080.794825,0.0,,cycles:u,cycles,2116338.0,51.0,nan,,ok
2080.794825,0.0,,branches:u,branches,2139217.0,51.0,nan,,ok
2080.794825,0.0,,branch-misses:u,branch-misses,2163532.0,52.0,nan,,ok
2080.794825,0.0,,L1-dcache-loads:u,l1-dcache-loads,1186795.0,28.0,nan,,ok
2080.794825,0.0,,cache-references:u,cache-references,1188183.0,28.0,nan,,ok
2080.794825,0.0,,cache-misses:u,cache-misses,1979813.0,47.0,nan,,ok
2080.794825,0.0,,stalled-cycles-frontend:u,stalled-cycles-frontend,2002807.0,47.0,nan,,ok
2093.788916,nan,,instructions:u,instructions,0.0,0.0,nan,,ok
2093.788916,0.0,,cycles:u,cycles,491462.0,100.0,nan,,ok
2093.788916,0.0,,branches:u,branches,468583.0,100.0,nan,,ok
2093.788916,0.0,,branch-misses:u,branch-misses,444268.0,100.0,nan,,ok
2093.788916,0.0,,L1-dcache-loads:u,l1-dcache-loads,421757.0,100.0,nan,,ok
2093.788916,0.0,,cache-references:u,cache-references,397831.0,100.0,nan,,ok
2093.788916,nan,,cache-misses:u,cache-misses,0.0,0.0,nan,,ok
2093.788916,nan,,stalled-cycles-frontend:u,stalled-cycles-frontend,0.0,0.0,nan,,ok
2110.7964199999997,0.0,,instructions:u,instructions,2108205.0,30.0,nan,,ok
2110.7964199999997,0.0,,cycles:u,cycles,1963413.0,28.0,nan,,ok
2110.7964199999997,0.0,,branches:u,branches,2991876.0,42.0,nan,,ok
2110.7964199999997,0.0,,branch-misses:u,branch-misses,4020441.0,57.0,nan,,ok
2110.7964199999997,0.0,,L1-dcache-loads:u,l1-dcache-loads,4052602.0,57.0,nan,,ok
2110.7964199999997,0.0,,cache-references:u,cache-references,4819405.0,68.0,nan,,ok
2110.7964199999997,0.0,,cache-misses:u,cache-misses,4997433.0,70.0,nan,,ok
2110.7964199999997,0.0,,stalled-cycles-frontend:u,stalled-cycles-frontend,2001817.0,28.0,nan,,ok
2123.806536,0.0,,instructions:u,instructions,892661.0,24.0,nan,,ok
2123.806536,0.0,,cycles:u,cycles,1866942.0,51.0,nan,,ok
2123.806536,0.0,,branches:u,branches,2828774.0,78.0,nan,,ok
2123.806536,0.0,,branch-misses:u,branch-misses,3551271.0,100.0,nan,,ok
2123.806536,0.0,,L1-dcache-loads:u,l1-dcache-loads,3522038.0,100.0,nan,,ok
2123.806536,0.0,,cache-references:u,cache-references,2754269.0,78.0,nan,,ok
2123.806536,0.0,,cache-misses:u,cache-misses,1746752.0,49.0,nan,,ok
2123.806536,nan,,stalled-cycles-frontend:u,stalled-cycles-frontend,0.0,0.0,nan,,ok
2136.7938139999997,nan,,instructions:u,instructions,0.0,100.0,nan,,ok
2136.7938139999997,nan,,cycles:u,cycles,0.0,100.0,nan,,ok
2136.7938139999997,nan,,branches:u,branches,0.0,100.0,nan,,ok
2136.7938139999997,nan,,branch-misses:u,branch-misses,0.0,100.0,nan,,ok
2136.7938139999997,nan,,L1-dcache-loads:u,l1-dcache-loads,0.0,100.0,nan,,ok
2136.7938139999997,nan,,cache-references:u,cache-references,0.0,100.0,nan,,ok
2136.7938139999997,nan,,cache-misses:u,cache-misses,0.0,100.0,nan,,ok
2136.7938139999997,nan,,stalled-cycles-frontend:u,stalled-cycles-frontend,0.0,100.0,nan,,ok
2149.7887859999996,nan,,instructions:u,instructions,0.0,100.0,nan,,ok
2149.7887859999996,nan,,cycles:u,cycles,0.0,100.0,nan,,ok
2149.7887859999996,nan,,branches:u,branches,0.0,100.0,nan,,ok
2149.7887859999996,nan,,branch-misses:u,branch-misses,0.0,100.0,nan,,ok
2149.7887859999996,nan,,L1-dcache-loads:u,l1-dcache-loads,0.0,100.0,nan,,ok
2149.7887859999996,nan,,cache-references:u,cache-references,0.0,100.0,nan,,ok
2149.7887859999996,nan,,cache-misses:u,cache-misses,0.0,100.0,nan,,ok
2149.7887859999996,nan,,stalled-cycles-frontend:u,stalled-cycles-frontend,0.0,100.0,nan,,ok
2162.786882,nan,,instructions:u,instructions,0.0,0.0,nan,,ok
2162.786882,nan,,cycles:u,cycles,0.0,0.0,nan,,ok
2162.786882,nan,,branches:u,branches,0.0,0.0,nan,,ok
2162.786882,0.0,,branch-misses:u,branch-misses,147956.0,100.0,nan,,ok
2162.786882,0.0,,L1-dcache-loads:u,l1-dcache-loads,167759.0,100.0,nan,,ok
2162.786882,0.0,,cache-references:u,cache-references,184685.0,100.0,nan,,ok
2162.786882,0.0,,cache-misses:u,cache-misses,210345.0,100.0,nan,,ok
2162.786882,nan,,stalled-cycles-frontend:u,stalled-cycles-frontend,0.0,0.0,nan,,ok
2179.808247,0.0,,instructions:u,instructions,1536591.0,34.0,nan,,ok
2179.808247,0.0,,cycles:u,cycles,541108.0,12.0,nan,,ok
2179.808247,0.0,,branches:u,branches,541108.0,12.0,nan,,ok
2179.808247,0.0,,branch-misses:u,branch-misses,1395828.0,31.0,nan,,ok
2179.808247,0.0,,L1-dcache-loads:u,l1-dcache-loads,1816791.0,41.0,nan,,ok
2179.808247,0.0,,cache-references:u,cache-references,2804479.0,64.0,nan,,ok
2179.808247,0.0,,cache-misses:u,cache-misses,3774302.0,87.0,nan,,ok
2179.808247,0.0,,stalled-cycles-frontend:u,stalled-cycles-frontend,1536591.0,35.0,nan,,ok
2192.785415,nan,,instructions:u,instructions,0.0,100.0,nan,,ok
2192.785415,nan,,cycles:u,cycles,0.0,100.0,nan,,ok
2192.785415,nan,,branches:u,branches,0.0,100.0,nan,,ok
2192.785415,nan,,branch-misses:u,branch-misses,0.0,100.0,nan,,ok
2192.785415,nan,,L1-dcache-loads:u,l1-dcache-loads,0.0,100.0,nan,,ok
2192.785415,nan,,cache-references:u,cache-references,0.0,100.0,nan,,ok
2192.785415,nan,,cache-misses:u,cache-misses,0.0,100.0,nan,,ok
2192.785415,nan,,stalled-cycles-frontend:u,stalled-cycles-frontend,0.0,100.0,nan,,ok
2205.787812,nan,,instructions:u,instructions,0.0,100.0,nan,,ok
2205.787812,nan,,cycles:u,cycles,0.0,100.0,nan,,ok
2205.787812,nan,,branches:u,branches,0.0,100.0,nan,,ok
2205.787812,nan,,branch-misses:u,branch-misses,0.0,100.0,nan,,ok
2205.787812,nan,,L1-dcache-loads:u,l1-dcache-loads,0.0,100.0,nan,,ok
2205.787812,nan,,cache-references:u,cache-references,0.0,100.0,nan,,ok
2205.787812,nan,,cache-misses:u,cache-misses,0.0,100.0,nan,,ok
2205.787812,nan,,stalled-cycles-frontend:u,stalled-cycles-frontend,0.0,100.0,nan,,ok
2218.789566,0.0,,instructions:u,instructions,3212987.0,39.0,nan,,ok
2218.789566,0.0,,cycles:u,cycles,3210003.0,39.0,nan,,ok
2218.789566,0.0,,branches:u,branches,4212174.0,51.0,nan,,ok
2218.789566,0.0,,branch-misses:u,branch-misses,5207199.0,63.0,nan,,ok
2218.789566,0.0,,L1-dcache-loads:u,l1-dcache-loads,4994752.0,60.0,nan,,ok
2218.789566,0.0,,cache-references:u,cache-references,4998684.0,60.0,nan,,ok
2218.789566,0.0,,cache-misses:u,cache-misses,5001668.0,60.0,nan,,ok
2218.789566,0.0,,stalled-cycles-frontend:u,stalled-cycles-frontend,2213611.0,26.0,nan,,ok
2231.797764,nan,,instructions:u,instructions,0.0,100.0,nan,,ok
2231.797764,nan,,cycles:u,cycles,0.0,100.0,nan,,ok
2231.797764,nan,,branches:u,branches,0.0,100.0,nan,,ok
2231.797764,nan,,branch-misses:u,branch-misses,0.0,100.0,nan,,ok
2231.797764,nan,,L1-dcache-loads:u,l1-dcache-loads,0.0,100.0,nan,,ok
2231.797764,nan,,cache-references:u,cache-references,0.0,100.0,nan,,ok
2231.797764,nan,,cache-misses:u,cache-misses,0.0,100.0,nan,,ok
2231.797764,nan,,stalled-cycles-frontend:u,stalled-cycles-frontend,0.0,100.0,nan,,ok
2244.7936,nan,,instructions:u,instructions,0.0,100.0,nan,,ok
2244.7936,nan,,cycles:u,cycles,0.0,100.0,nan,,ok
2244.7936,nan,,branches:u,branches,0.0,100.0,nan,,ok
2244.7936,nan,,branch-misses:u,branch-misses,0.0,100.0,nan,,ok
2244.7936,nan,,L1-dcache-loads:u,l1-dcache-loads,0.0,100.0,nan,,ok
2244.7936,nan,,cache-references:u,cache-references,0.0,100.0,nan,,ok
2244.7936,nan,,cache-misses:u,cache-misses,0.0,100.0,nan,,ok
2244.7936,nan,,stalled-cycles-frontend:u,stalled-cycles-frontend,0.0,100.0,nan,,ok
2257.795972,nan,,instructions:u,instructions,0.0,100.0,nan,,ok
2257.795972,nan,,cycles:u,cycles,0.0,100.0,nan,,ok
2257.795972,nan,,branches:u,branches,0.0,100.0,nan,,ok
2257.795972,nan,,branch-misses:u,branch-misses,0.0,100.0,nan,,ok
2257.795972,nan,,L1-dcache-loads:u,l1-dcache-loads,0.0,100.0,nan,,ok
2257.795972,nan,,cache-references:u,cache-references,0.0,100.0,nan,,ok
2257.795972,nan,,cache-misses:u,cache-misses,0.0,100.0,nan,,ok
2257.795972,nan,,stalled-cycles-frontend:u,stalled-cycles-frontend,0.0,100.0,nan,,ok
2270.799109,nan,,instructions:u,instructions,0.0,100.0,nan,,ok
2270.799109,nan,,cycles:u,cycles,0.0,100.0,nan,,ok
2270.799109,nan,,branches:u,branches,0.0,100.0,nan,,ok
2270.799109,nan,,branch-misses:u,branch-misses,0.0,100.0,nan,,ok
2270.799109,nan,,L1-dcache-loads:u,l1-dcache-loads,0.0,100.0,nan,,ok
2270.799109,nan,,cache-references:u,cache-references,0.0,100.0,nan,,ok
2270.799109,nan,,cache-misses:u,cache-misses,0.0,100.0,nan,,ok
2270.799109,nan,,stalled-cycles-frontend:u,stalled-cycles-frontend,0.0,100.0,nan,,ok
2283.806216,nan,,instructions:u,instructions,0.0,100.0,nan,,ok
2283.806216,nan,,cycles:u,cycles,0.0,100.0,nan,,ok
2283.806216,nan,,branches:u,branches,0.0,100.0,nan,,ok
2283.806216,nan,,branch-misses:u,branch-misses,0.0,100.0,nan,,ok
2283.806216,nan,,L1-dcache-loads:u,l1-dcache-loads,0.0,100.0,nan,,ok
2283.806216,nan,,cache-references:u,cache-references,0.0,100.0,nan,,ok
2283.806216,nan,,cache-misses:u,cache-misses,0.0,100.0,nan,,ok
2283.806216,nan,,stalled-cycles-frontend:u,stalled-cycles-frontend,0.0,100.0,nan,,ok
2300.78731,0.0,,instructions:u,instructions,1988782.0,32.0,nan,,ok
2300.78731,0.0,,cycles:u,cycles,2989159.0,48.0,nan,,ok
2300.78731,0.0,,branches:u,branches,3994060.0,64.0,nan,,ok
2300.78731,0.0,,branch-misses:u,branch-misses,4990715.0,80.0,nan,,ok
2300.78731,0.0,,L1-dcache-loads:u,l1-dcache-loads,4977726.0,80.0,nan,,ok
2300.78731,0.0,,cache-references:u,cache-references,4221327.0,67.0,nan,,ok
2300.78731,0.0,,cache-misses:u,cache-misses,3220950.0,51.0,nan,,ok
2300.78731,0.0,,stalled-cycles-frontend:u,stalled-cycles-frontend,1013354.0,16.0,nan,,ok
2313.786998,nan,,instructions:u,instructions,0.0,100.0,nan,,ok
2313.786998,nan,,cycles:u,cycles,0.0,100.0,nan,,ok
2313.786998,nan,,branches:u,branches,0.0,100.0,nan,,ok
2313.786998,nan,,branch-misses:u,branch-misses,0.0,100.0,nan,,ok
2313.786998,nan,,L1-dcache-loads:u,l1-dcache-loads,0.0,100.0,nan,,ok
2313.786998,nan,,cache-references:u,cache-references,0.0,100.0,nan,,ok
2313.786998,nan,,cache-misses:u,cache-misses,0.0,100.0,nan,,ok
2313.786998,nan,,stalled-cycles-frontend:u,stalled-cycles-frontend,0.0,100.0,nan,,ok
2326.785397,nan,,instructions:u,instructions,0.0,100.0,nan,,ok
2326.785397,nan,,cycles:u,cycles,0.0,100.0,nan,,ok
2326.785397,nan,,branches:u,branches,0.0,100.0,nan,,ok
2326.785397,nan,,branch-misses:u,branch-misses,0.0,100.0,nan,,ok
2326.785397,nan,,L1-dcache-loads:u,l1-dcache-loads,0.0,100.0,nan,,ok
2326.785397,nan,,cache-references:u,cache-references,0.0,100.0,nan,,ok
2326.785397,nan,,cache-misses:u,cache-misses,0.0,100.0,nan,,ok
2326.785397,nan,,stalled-cycles-frontend:u,stalled-cycles-frontend,0.0,100.0,nan,,ok
2339.79596,nan,,instructions:u,instructions,0.0,100.0,nan,,ok
2339.79596,nan,,cycles:u,cycles,0.0,100.0,nan,,ok
2339.79596,nan,,branches:u,branches,0.0,100.0,nan,,ok
2339.79596,nan,,branch-misses:u,branch-misses,0.0,100.0,nan,,ok
2339.79596,nan,,L1-dcache-loads:u,l1-dcache-loads,0.0,100.0,nan,,ok
2339.79596,nan,,cache-references:u,cache-references,0.0,100.0,nan,,ok
2339.79596,nan,,cache-misses:u,cache-misses,0.0,100.0,nan,,ok
2339.79596,nan,,stalled-cycles-frontend:u,stalled-cycles-frontend,0.0,100.0,nan,,ok
2352.796782,nan,,instructions:u,instructions,0.0,100.0,nan,,ok
2352.796782,nan,,cycles:u,cycles,0.0,100.0,nan,,ok
2352.796782,nan,,branches:u,branches,0.0,100.0,nan,,ok
2352.796782,nan,,branch-misses:u,branch-misses,0.0,100.0,nan,,ok
2352.796782,nan,,L1-dcache-loads:u,l1-dcache-loads,0.0,100.0,nan,,ok
2352.796782,nan,,cache-references:u,cache-references,0.0,100.0,nan,,ok
2352.796782,nan,,cache-misses:u,cache-misses,0.0,100.0,nan,,ok
2352.796782,nan,,stalled-cycles-frontend:u,stalled-cycles-frontend,0.0,100.0,nan,,ok
2365.787241,nan,,instructions:u,instructions,0.0,100.0,nan,,ok
2365.787241,nan,,cycles:u,cycles,0.0,100.0,nan,,ok
2365.787241,nan,,branches:u,branches,0.0,100.0,nan,,ok
2365.787241,nan,,branch-misses:u,branch-misses,0.0,100.0,nan,,ok
2365.787241,nan,,L1-dcache-loads:u,l1-dcache-loads,0.0,100.0,nan,,ok
2365.787241,nan,,cache-references:u,cache-references,0.0,100.0,nan,,ok
2365.787241,nan,,cache-misses:u,cache-misses,0.0,100.0,nan,,ok
2365.787241,nan,,stalled-cycles-frontend:u,stalled-cycles-frontend,0.0,100.0,nan,,ok
2378.787159,nan,,instructions:u,instructions,0.0,100.0,nan,,ok
2378.787159,nan,,cycles:u,cycles,0.0,100.0,nan,,ok
2378.787159,nan,,branches:u,branches,0.0,100.0,nan,,ok
2378.787159,nan,,branch-misses:u,branch-misses,0.0,100.0,nan,,ok
2378.787159,nan,,L1-dcache-loads:u,l1-dcache-loads,0.0,100.0,nan,,ok
2378.787159,nan,,cache-references:u,cache-references,0.0,100.0,nan,,ok
2378.787159,nan,,cache-misses:u,cache-misses,0.0,100.0,nan,,ok
2378.787159,nan,,stalled-cycles-frontend:u,stalled-cycles-frontend,0.0,100.0,nan,,ok
2391.7925480000004,0.0,,instructions:u,instructions,115297.0,10.0,nan,,ok
2391.7925480000004,nan,,cycles:u,cycles,0.0,0.0,nan,,ok
2391.7925480000004,nan,,branches:u,branches,0.0,0.0,nan,,ok
2391.7925480000004,nan,,branch-misses:u,branch-misses,0.0,0.0,nan,,ok
2391.7925480000004,nan,,L1-dcache-loads:u,l1-dcache-loads,0.0,0.0,nan,,ok
2391.7925480000004,0.0,,cache-references:u,cache-references,976524.0,82.0,nan,,ok
2391.7925480000004,0.0,,cache-misses:u,cache-misses,1207327.0,100.0,nan,,ok
2391.7925480000004,0.0,,stalled-cycles-frontend:u,stalled-cycles-frontend,250670.0,20.0,nan,,ok
2404.795622,0.0,,instructions:u,instructions,2884964.0,69.0,nan,,ok
2404.795622,0.0,,cycles:u,cycles,3002606.0,73.0,nan,,ok
2404.795622,0.0,,branches:u,branches,3243613.0,79.0,nan,,ok
2404.795622,0.0,,branch-misses:u,branch-misses,3243613.0,79.0,nan,,ok
2404.795622,0.0,,L1-dcache-loads:u,l1-dcache-loads,2239467.0,55.0,nan,,ok
2404.795622,0.0,,cache-references:u,cache-references,1241674.0,30.0,nan,,ok
2404.795622,0.0,,cache-misses:u,cache-misses,1008526.0,25.0,nan,,ok
2404.795622,0.0,,stalled-cycles-frontend:u,stalled-cycles-frontend,1751798.0,43.0,nan,,ok
2417.808853,nan,,instructions:u,instructions,0.0,100.0,nan,,ok
2417.808853,nan,,cycles:u,cycles,0.0,100.0,nan,,ok
2417.808853,nan,,branches:u,branches,0.0,100.0,nan,,ok
2417.808853,nan,,branch-misses:u,branch-misses,0.0,100.0,nan,,ok
2417.808853,nan,,L1-dcache-loads:u,l1-dcache-loads,0.0,100.0,nan,,ok
2417.808853,nan,,cache-references:u,cache-references,0.0,100.0,nan,,ok
2417.808853,nan,,cache-misses:u,cache-misses,0.0,100.0,nan,,ok
2417.808853,nan,,stalled-cycles-frontend:u,stalled-cycles-frontend,0.0,100.0,nan,,ok
2430.789138,nan,,instructions:u,instructions,0.0,100.0,nan,,ok
2430.789138,nan,,cycles:u,cycles,0.0,100.0,nan,,ok
2430.789138,nan,,branches:u,branches,0.0,100.0,nan,,ok
2430.789138,nan,,branch-misses:u,branch-misses,0.0,100.0,nan,,ok
2430.789138,nan,,L1-dcache-loads:u,l1-dcache-loads,0.0,100.0,nan,,ok
2430.789138,nan,,cache-references:u,cache-references,0.0,100.0,nan,,ok
2430.789138,nan,,cache-misses:u,cache-misses,0.0,100.0,nan,,ok
2430.789138,nan,,stalled-cycles-frontend:u,stalled-cycles-frontend,0.0,100.0,nan,,ok
2447.794848,nan,,instructions:u,instructions,0.0,100.0,nan,,ok
2447.794848,nan,,cycles:u,cycles,0.0,100.0,nan,,ok
2447.794848,nan,,branches:u,branches,0.0,100.0,nan,,ok
2447.794848,nan,,branch-misses:u,branch-misses,0.0,100.0,nan,,ok
2447.794848,nan,,L1-dcache-loads:u,l1-dcache-loads,0.0,100.0,nan,,ok
2447.794848,nan,,cache-references:u,cache-references,0.0,100.0,nan,,ok
2447.794848,nan,,cache-misses:u,cache-misses,0.0,100.0,nan,,ok
2447.794848,nan,,stalled-cycles-frontend:u,stalled-cycles-frontend,0.0,100.0,nan,,ok
2460.791863,0.0,,instructions:u,instructions,1089954.0,21.0,nan,,ok
2460.791863,0.0,,cycles:u,cycles,116235.0,2.0,nan,,ok
2460.791863,0.0,,branches:u,branches,1125873.0,21.0,nan,,ok
2460.791863,0.0,,branch-misses:u,branch-misses,2144584.0,41.0,nan,,ok
2460.791863,0.0,,L1-dcache-loads:u,l1-dcache-loads,2984261.0,57.0,nan,,ok
2460.791863,0.0,,cache-references:u,cache-references,3985987.0,77.0,nan,,ok
2460.791863,0.0,,cache-misses:u,cache-misses,4985833.0,96.0,nan,,ok
2460.791863,0.0,,stalled-cycles-frontend:u,stalled-cycles-frontend,1208226.0,23.0,nan,,ok
2473.791373,0.0,,instructions:u,instructions,610032.0,100.0,nan,,ok
2473.791373,0.0,,cycles:u,cycles,583905.0,100.0,nan,,ok
2473.791373,0.0,,branches:u,branches,563692.0,100.0,nan,,ok
2473.791373,0.0,,branch-misses:u,branch-misses,542376.0,100.0,nan,,ok
2473.791373,nan,,L1-dcache-loads:u,l1-dcache-loads,0.0,0.0,nan,,ok
2473.791373,nan,,cache-references:u,cache-references,0.0,0.0,nan,,ok
2473.791373,nan,,cache-misses:u,cache-misses,0.0,0.0,nan,,ok
2473.791373,0.0,,stalled-cycles-frontend:u,stalled-cycles-frontend,491760.0,100.0,nan,,ok
2486.791225,nan,,instructions:u,instructions,0.0,100.0,nan,,ok
2486.791225,nan,,cycles:u,cycles,0.0,100.0,nan,,ok
2486.791225,nan,,branches:u,branches,0.0,100.0,nan,,ok
2486.791225,nan,,branch-misses:u,branch-misses,0.0,100.0,nan,,ok
2486.791225,nan,,L1-dcache-loads:u,l1-dcache-loads,0.0,100.0,nan,,ok
2486.791225,nan,,cache-references:u,cache-references,0.0,100.0,nan,,ok
2486.791225,nan,,cache-misses:u,cache-misses,0.0,100.0,nan,,ok
2486.791225,nan,,stalled-cycles-frontend:u,stalled-cycles-frontend,0.0,100.0,nan,,ok
2499.820107,nan,,instructions:u,instructions,0.0,100.0,nan,,ok
2499.820107,nan,,cycles:u,cycles,0.0,100.0,nan,,ok
2499.820107,nan,,branches:u,branches,0.0,100.0,nan,,ok
2499.820107,nan,,branch-misses:u,branch-misses,0.0,100.0,nan,,ok
2499.820107,nan,,L1-dcache-loads:u,l1-dcache-loads,0.0,100.0,nan,,ok
2499.820107,nan,,cache-references:u,cache-references,0.0,100.0,nan,,ok
2499.820107,nan,,cache-misses:u,cache-misses,0.0,100.0,nan,,ok
2499.820107,nan,,stalled-cycles-frontend:u,stalled-cycles-frontend,0.0,100.0,nan,,ok
2512.7937669999997,nan,,instructions:u,instructions,0.0,100.0,nan,,ok
2512.7937669999997,nan,,cycles:u,cycles,0.0,100.0,nan,,ok
2512.7937669999997,nan,,branches:u,branches,0.0,100.0,nan,,ok
2512.7937669999997,nan,,branch-misses:u,branch-misses,0.0,100.0,nan,,ok
2512.7937669999997,nan,,L1-dcache-loads:u,l1-dcache-loads,0.0,100.0,nan,,ok
2512.7937669999997,nan,,cache-references:u,cache-references,0.0,100.0,nan,,ok
2512.7937669999997,nan,,cache-misses:u,cache-misses,0.0,100.0,nan,,ok
2512.7937669999997,nan,,stalled-cycles-frontend:u,stalled-cycles-frontend,0.0,100.0,nan,,ok
2525.7955309999998,0.0,,instructions:u,instructions,1971343.0,49.0,nan,,ok
2525.7955309999998,0.0,,cycles:u,cycles,2973434.0,74.0,nan,,ok
2525.7955309999998,0.0,,branches:u,branches,3978732.0,99.0,nan,,ok
2525.7955309999998,0.0,,branch-misses:u,branch-misses,4011331.0,100.0,nan,,ok
2525.7955309999998,0.0,,L1-dcache-loads:u,l1-dcache-loads,3039180.0,75.0,nan,,ok
2525.7955309999998,0.0,,cache-references:u,cache-references,2039988.0,50.0,nan,,ok
2525.7955309999998,0.0,,cache-misses:u,cache-misses,1037897.0,25.0,nan,,ok
2525.7955309999998,0.0,,stalled-cycles-frontend:u,stalled-cycles-frontend,972151.0,24.0,nan,,ok
2538.80668,nan,,instructions:u,instructions,0.0,100.0,nan,,ok
2538.80668,nan,,cycles:u,cycles,0.0,100.0,nan,,ok
2538.80668,nan,,branches:u,branches,0.0,100.0,nan,,ok
2538.80668,nan,,branch-misses:u,branch-misses,0.0,100.0,nan,,ok
2538.80668,nan,,L1-dcache-loads:u,l1-dcache-loads,0.0,100.0,nan,,ok
2538.80668,nan,,cache-references:u,cache-references,0.0,100.0,nan,,ok
2538.80668,nan,,cache-misses:u,cache-misses,0.0,100.0,nan,,ok
2538.80668,nan,,stalled-cycles-frontend:u,stalled-cycles-frontend,0.0,100.0,nan,,ok
2551.7977570000003,nan,,instructions:u,instructions,0.0,100.0,nan,,ok
2551.7977570000003,nan,,cycles:u,cycles,0.0,100.0,nan,,ok
2551.7977570000003,nan,,branches:u,branches,0.0,100.0,nan,,ok
2551.7977570000003,nan,,branch-misses:u,branch-misses,0.0,100.0,nan,,ok
2551.7977570000003,nan,,L1-dcache-loads:u,l1-dcache-loads,0.0,100.0,nan,,ok
2551.7977570000003,nan,,cache-references:u,cache-references,0.0,100.0,nan,,ok
2551.7977570000003,nan,,cache-misses:u,cache-misses,0.0,100.0,nan,,ok
2551.7977570000003,nan,,stalled-cycles-frontend:u,stalled-cycles-frontend,0.0,100.0,nan,,ok
2564.7915860000003,nan,,instructions:u,instructions,0.0,100.0,nan,,ok
2564.7915860000003,nan,,cycles:u,cycles,0.0,100.0,nan,,ok
2564.7915860000003,nan,,branches:u,branches,0.0,100.0,nan,,ok
2564.7915860000003,nan,,branch-misses:u,branch-misses,0.0,100.0,nan,,ok
2564.7915860000003,nan,,L1-dcache-loads:u,l1-dcache-loads,0.0,100.0,nan,,ok
2564.7915860000003,nan,,cache-references:u,cache-references,0.0,100.0,nan,,ok
2564.7915860000003,nan,,cache-misses:u,cache-misses,0.0,100.0,nan,,ok
2564.7915860000003,nan,,stalled-cycles-frontend:u,stalled-cycles-frontend,0.0,100.0,nan,,ok
2577.7908260000004,0.0,,instructions:u,instructions,1032033.0,25.0,nan,,ok
2577.7908260000004,0.0,,cycles:u,cycles,26181.0,0.0,nan,,ok
2577.7908260000004,0.0,,branches:u,branches,26181.0,0.0,nan,,ok
2577.7908260000004,0.0,,branch-misses:u,branch-misses,1017891.0,25.0,nan,,ok
2577.7908260000004,0.0,,L1-dcache-loads:u,l1-dcache-loads,1979017.0,49.0,nan,,ok
2577.7908260000004,0.0,,cache-references:u,cache-references,2979907.0,74.0,nan,,ok
2577.7908260000004,0.0,,cache-misses:u,cache-misses,3985759.0,99.0,nan,,ok
2577.7908260000004,0.0,,stalled-cycles-frontend:u,stalled-cycles-frontend,1032033.0,25.0,nan,,ok
2594.7934840000003,nan,,instructions:u,instructions,0.0,100.0,nan,,ok
2594.7934840000003,nan,,cycles:u,cycles,0.0,100.0,nan,,ok
2594.7934840000003,nan,,branches:u,branches,0.0,100.0,nan,,ok
2594.7934840000003,nan,,branch-misses:u,branch-misses,0.0,100.0,nan,,ok
2594.7934840000003,nan,,L1-dcache-loads:u,l1-dcache-loads,0.0,100.0,nan,,ok
2594.7934840000003,nan,,cache-references:u,cache-references,0.0,100.0,nan,,ok
2594.7934840000003,nan,,cache-misses:u,cache-misses,0.0,100.0,nan,,ok
2594.7934840000003,nan,,stalled-cycles-frontend:u,stalled-cycles-frontend,0.0,100.0,nan,,ok
2607.807948,nan,,instructions:u,instructions,0.0,100.0,nan,,ok
2607.807948,nan,,cycles:u,cycles,0.0,100.0,nan,,ok
2607.807948,nan,,branches:u,branches,0.0,100.0,nan,,ok
2607.807948,nan,,branch-misses:u,branch-misses,0.0,100.0,nan,,ok
2607.807948,nan,,L1-dcache-loads:u,l1-dcache-loads,0.0,100.0,nan,,ok
2607.807948,nan,,cache-references:u,cache-references,0.0,100.0,nan,,ok
2607.807948,nan,,cache-misses:u,cache-misses,0.0,100.0,nan,,ok
2607.807948,nan,,stalled-cycles-frontend:u,stalled-cycles-frontend,0.0,100.0,nan,,ok
2620.792176,0.0,,instructions:u,instructions,1986328.0,65.0,nan,,ok
2620.792176,0.0,,cycles:u,cycles,2983895.0,97.0,nan,,ok
2620.792176,0.0,,branches:u,branches,3091570.0,100.0,nan,,ok
2620.792176,0.0,,branch-misses:u,branch-misses,3107519.0,100.0,nan,,ok
2620.792176,0.0,,L1-dcache-loads:u,l1-dcache-loads,2138674.0,68.0,nan,,ok
2620.792176,0.0,,cache-references:u,cache-references,1153221.0,36.0,nan,,ok
2620.792176,0.0,,cache-misses:u,cache-misses,173314.0,5.0,nan,,ok
2620.792176,0.0,,stalled-cycles-frontend:u,stalled-cycles-frontend,983940.0,31.0,nan,,ok
2633.788005,nan,,instructions:u,instructions,0.0,0.0,nan,,ok
2633.788005,nan,,cycles:u,cycles,0.0,0.0,nan,,ok
2633.788005,0.0,,branches:u,branches,895662.0,63.0,nan,,ok
2633.788005,0.0,,branch-misses:u,branch-misses,1401365.0,100.0,nan,,ok
2633.788005,0.0,,L1-dcache-loads:u,l1-dcache-loads,1386270.0,100.0,nan,,ok
2633.788005,0.0,,cache-references:u,cache-references,1369335.0,100.0,nan,,ok
2633.788005,0.0,,cache-misses:u,cache-misses,1351675.0,100.0,nan,,ok
2633.788005,nan,,stalled-cycles-frontend:u,stalled-cycles-frontend,0.0,0.0,nan,,ok
2650.790437,nan,,instructions:u,instructions,0.0,100.0,nan,,ok
2650.790437,nan,,cycles:u,cycles,0.0,100.0,nan,,ok
2650.790437,nan,,branches:u,branches,0.0,100.0,nan,,ok
2650.790437,nan,,branch-misses:u,branch-misses,0.0,100.0,nan,,ok
2650.790437,nan,,L1-dcache-loads:u,l1-dcache-loads,0.0,100.0,nan,,ok
2650.790437,nan,,cache-references:u,cache-references,0.0,100.0,nan,,ok
2650.790437,nan,,cache-misses:u,cache-misses,0.0,100.0,nan,,ok
2650.790437,nan,,stalled-cycles-frontend:u,stalled-cycles-frontend,0.0,100.0,nan,,ok
2663.7918360000003,0.0,,instructions:u,instructions,1041449.0,25.0,nan,,ok
2663.7918360000003,0.0,,cycles:u,cycles,40490.0,1.0,nan,,ok
2663.7918360000003,0.0,,branches:u,branches,40490.0,1.0,nan,,ok
2663.7918360000003,0.0,,branch-misses:u,branch-misses,1028345.0,25.0,nan,,ok
2663.7918360000003,0.0,,L1-dcache-loads:u,l1-dcache-loads,1984085.0,49.0,nan,,ok
2663.7918360000003,0.0,,cache-references:u,cache-references,2980077.0,74.0,nan,,ok
2663.7918360000003,0.0,,cache-misses:u,cache-misses,3981036.0,98.0,nan,,ok
2663.7918360000003,0.0,,stalled-cycles-frontend:u,stalled-cycles-frontend,1041449.0,25.0,nan,,ok
2676.805546,nan,,instructions:u,instructions,0.0,100.0,nan,,ok
2676.805546,nan,,cycles:u,cycles,0.0,100.0,nan,,ok
2676.805546,nan,,branches:u,branches,0.0,100.0,nan,,ok
2676.805546,nan,,branch-misses:u,branch-misses,0.0,100.0,nan,,ok
2676.805546,nan,,L1-dcache-loads:u,l1-dcache-loads,0.0,100.0,nan,,ok
2676.805546,nan,,cache-references:u,cache-references,0.0,100.0,nan,,ok
2676.805546,nan,,cache-misses:u,cache-misses,0.0,100.0,nan,,ok
2676.805546,nan,,stalled-cycles-frontend:u,stalled-cycles-frontend,0.0,100.0,nan,,ok
2689.806254,nan,,instructions:u,instructions,0.0,100.0,nan,,ok
2689.806254,nan,,cycles:u,cycles,0.0,100.0,nan,,ok
2689.806254,nan,,branches:u,branches,0.0,100.0,nan,,ok
2689.806254,nan,,branch-misses:u,branch-misses,0.0,100.0,nan,,ok
2689.806254,nan,,L1-dcache-loads:u,l1-dcache-loads,0.0,100.0,nan,,ok
2689.806254,nan,,cache-references:u,cache-references,0.0,100.0,nan,,ok
2689.806254,nan,,cache-misses:u,cache-misses,0.0,100.0,nan,,ok
2689.806254,nan,,stalled-cycles-frontend:u,stalled-cycles-frontend,0.0,100.0,nan,,ok
2702.807471,nan,,instructions:u,instructions,0.0,100.0,nan,,ok
2702.807471,nan,,cycles:u,cycles,0.0,100.0,nan,,ok
2702.807471,nan,,branches:u,branches,0.0,100.0,nan,,ok
2702.807471,nan,,branch-misses:u,branch-misses,0.0,100.0,nan,,ok
2702.807471,nan,,L1-dcache-loads:u,l1-dcache-loads,0.0,100.0,nan,,ok
2702.807471,nan,,cache-references:u,cache-references,0.0,100.0,nan,,ok
2702.807471,nan,,cache-misses:u,cache-misses,0.0,100.0,nan,,ok
2702.807471,nan,,stalled-cycles-frontend:u,stalled-cycles-frontend,0.0,100.0,nan,,ok
2715.791228,0.0,,instructions:u,instructions,1962743.0,38.0,nan,,ok
2715.791228,0.0,,cycles:u,cycles,2965452.0,57.0,nan,,ok
2715.791228,0.0,,branches:u,branches,3962734.0,77.0,nan,,ok
2715.791228,0.0,,branch-misses:u,branch-misses,4963187.0,96.0,nan,,ok
2715.791228,0.0,,L1-dcache-loads:u,l1-dcache-loads,4121874.0,80.0,nan,,ok
2715.791228,0.0,,cache-references:u,cache-references,3162199.0,61.0,nan,,ok
2715.791228,0.0,,cache-misses:u,cache-misses,2159490.0,42.0,nan,,ok
2715.791228,0.0,,stalled-cycles-frontend:u,stalled-cycles-frontend,1003068.0,19.0,nan,,ok
2728.793995,nan,,instructions:u,instructions,0.0,100.0,nan,,ok
2728.793995,nan,,cycles:u,cycles,0.0,100.0,nan,,ok
2728.793995,nan,,branches:u,branches,0.0,100.0,nan,,ok
2728.793995,nan,,branch-misses:u,branch-misses,0.0,100.0,nan,,ok
2728.793995,nan,,L1-dcache-loads:u,l1-dcache-loads,0.0,100.0,nan,,ok
2728.793995,nan,,cache-references:u,cache-references,0.0,100.0,nan,,ok
2728.793995,nan,,cache-misses:u,cache-misses,0.0,100.0,nan,,ok
2728.793995,nan,,stalled-cycles-frontend:u,stalled-cycles-frontend,0.0,100.0,nan,,ok
2743.7999369999998,nan,,instructions:u,instructions,0.0,100.0,nan,,ok
2743.7999369999998,nan,,cycles:u,cycles,0.0,100.0,nan,,ok
2743.7999369999998,nan,,branches:u,branches,0.0,100.0,nan,,ok
2743.7999369999998,nan,,branch-misses:u,branch-misses,0.0,100.0,nan,,ok
2743.7999369999998,nan,,L1-dcache-loads:u,l1-dcache-loads,0.0,100.0,nan,,ok
2743.7999369999998,nan,,cache-references:u,cache-references,0.0,100.0,nan,,ok
2743.7999369999998,nan,,cache-misses:u,cache-misses,0.0,100.0,nan,,ok
2743.7999369999998,nan,,stalled-cycles-frontend:u,stalled-cycles-frontend,0.0,100.0,nan,,ok
2756.798585,nan,,instructions:u,instructions,0.0,100.0,nan,,ok
2756.798585,nan,,cycles:u,cycles,0.0,100.0,nan,,ok
2756.798585,nan,,branches:u,branches,0.0,100.0,nan,,ok
2756.798585,nan,,branch-misses:u,branch-misses,0.0,100.0,nan,,ok
2756.798585,nan,,L1-dcache-loads:u,l1-dcache-loads,0.0,100.0,nan,,ok
2756.798585,nan,,cache-references:u,cache-references,0.0,100.0,nan,,ok
2756.798585,nan,,cache-misses:u,cache-misses,0.0,100.0,nan,,ok
2756.798585,nan,,stalled-cycles-frontend:u,stalled-cycles-frontend,0.0,100.0,nan,,ok
2769.790299,0.0,,instructions:u,instructions,2330648.0,54.0,nan,,ok
2769.790299,0.0,,cycles:u,cycles,1329665.0,30.0,nan,,ok
2769.790299,0.0,,branches:u,branches,1329665.0,30.0,nan,,ok
2769.790299,0.0,,branch-misses:u,branch-misses,1329665.0,30.0,nan,,ok
2769.790299,0.0,,L1-dcache-loads:u,l1-dcache-loads,1328536.0,30.0,nan,,ok
2769.790299,0.0,,cache-references:u,cache-references,1969276.0,45.0,nan,,ok
2769.790299,0.0,,cache-misses:u,cache-misses,2970259.0,69.0,nan,,ok
2769.790299,0.0,,stalled-cycles-frontend:u,stalled-cycles-frontend,2000417.0,46.0,nan,,ok
2782.7912420000002,nan,,instructions:u,instructions,0.0,100.0,nan,,ok
2782.7912420000002,nan,,cycles:u,cycles,0.0,100.0,nan,,ok
2782.7912420000002,nan,,branches:u,branches,0.0,100.0,nan,,ok
2782.7912420000002,nan,,branch-misses:u,branch-misses,0.0,100.0,nan,,ok
2782.7912420000002,nan,,L1-dcache-loads:u,l1-dcache-loads,0.0,100.0,nan,,ok
2782.7912420000002,nan,,cache-references:u,cache-references,0.0,100.0,nan,,ok
2782.7912420000002,nan,,cache-misses:u,cache-misses,0.0,100.0,nan,,ok
2782.7912420000002,nan,,stalled-cycles-frontend:u,stalled-cycles-frontend,0.0,100.0,nan,,ok
2795.795509,nan,,instructions:u,instructions,0.0,100.0,nan,,ok
2795.795509,nan,,cycles:u,cycles,0.0,100.0,nan,,ok
2795.795509,nan,,branches:u,branches,0.0,100.0,nan,,ok
2795.795509,nan,,branch-misses:u,branch-misses,0.0,100.0,nan,,ok
2795.795509,nan,,L1-dcache-loads:u,l1-dcache-loads,0.0,100.0,nan,,ok
2795.795509,nan,,cache-references:u,cache-references,0.0,100.0,nan,,ok
2795.795509,nan,,cache-misses:u,cache-misses,0.0,100.0,nan,,ok
2795.795509,nan,,stalled-cycles-frontend:u,stalled-cycles-frontend,0.0,100.0,nan,,ok
2808.7886649999996,nan,,instructions:u,instructions,0.0,100.0,nan,,ok
2808.7886649999996,nan,,cycles:u,cycles,0.0,100.0,nan,,ok
2808.7886649999996,nan,,branches:u,branches,0.0,100.0,nan,,ok
2808.7886649999996,nan,,branch-misses:u,branch-misses,0.0,100.0,nan,,ok
2808.7886649999996,nan,,L1-dcache-loads:u,l1-dcache-loads,0.0,100.0,nan,,ok
2808.7886649999996,nan,,cache-references:u,cache-references,0.0,100.0,nan,,ok
2808.7886649999996,nan,,cache-misses:u,cache-misses,0.0,100.0,nan,,ok
2808.7886649999996,nan,,stalled-cycles-frontend:u,stalled-cycles-frontend,0.0,100.0,nan,,ok
2821.792733,0.0,,instructions:u,instructions,976646.0,19.0,nan,,ok
2821.792733,0.0,,cycles:u,cycles,1978037.0,40.0,nan,,ok
2821.792733,0.0,,branches:u,branches,2974506.0,60.0,nan,,ok
2821.792733,0.0,,branch-misses:u,branch-misses,3974960.0,80.0,nan,,ok
2821.792733,0.0,,L1-dcache-loads:u,l1-dcache-loads,4907758.0,100.0,nan,,ok
2821.792733,0.0,,cache-references:u,cache-references,3931112.0,80.0,nan,,ok
2821.792733,0.0,,cache-misses:u,cache-misses,2929721.0,59.0,nan,,ok
2821.792733,nan,,stalled-cycles-frontend:u,stalled-cycles-frontend,0.0,0.0,nan,,ok
2834.788492,nan,,instructions:u,instructions,0.0,100.0,nan,,ok
2834.788492,nan,,cycles:u,cycles,0.0,100.0,nan,,ok
2834.788492,nan,,branches:u,branches,0.0,100.0,nan,,ok
2834.788492,nan,,branch-misses:u,branch-misses,0.0,100.0,nan,,ok
2834.788492,nan,,L1-dcache-loads:u,l1-dcache-loads,0.0,100.0,nan,,ok
2834.788492,nan,,cache-references:u,cache-references,0.0,100.0,nan,,ok
2834.788492,nan,,cache-misses:u,cache-misses,0.0,100.0,nan,,ok
2834.788492,nan,,stalled-cycles-frontend:u,stalled-cycles-frontend,0.0,100.0,nan,,ok
2847.800738,nan,,instructions:u,instructions,0.0,100.0,nan,,ok
2847.800738,nan,,cycles:u,cycles,0.0,100.0,nan,,ok
2847.800738,nan,,branches:u,branches,0.0,100.0,nan,,ok
2847.800738,nan,,branch-misses:u,branch-misses,0.0,100.0,nan,,ok
2847.800738,nan,,L1-dcache-loads:u,l1-dcache-loads,0.0,100.0,nan,,ok
2847.800738,nan,,cache-references:u,cache-references,0.0,100.0,nan,,ok
2847.800738,nan,,cache-misses:u,cache-misses,0.0,100.0,nan,,ok
2847.800738,nan,,stalled-cycles-frontend:u,stalled-cycles-frontend,0.0,100.0,nan,,ok
2860.7910140000004,nan,,instructions:u,instructions,0.0,100.0,nan,,ok
2860.7910140000004,nan,,cycles:u,cycles,0.0,100.0,nan,,ok
2860.7910140000004,nan,,branches:u,branches,0.0,100.0,nan,,ok
2860.7910140000004,nan,,branch-misses:u,branch-misses,0.0,100.0,nan,,ok
2860.7910140000004,nan,,L1-dcache-loads:u,l1-dcache-loads,0.0,100.0,nan,,ok
2860.7910140000004,nan,,cache-references:u,cache-references,0.0,100.0,nan,,ok
2860.7910140000004,nan,,cache-misses:u,cache-misses,0.0,100.0,nan,,ok
2860.7910140000004,nan,,stalled-cycles-frontend:u,stalled-cycles-frontend,0.0,100.0,nan,,ok
2873.786049,nan,,instructions:u,instructions,0.0,100.0,nan,,ok
2873.786049,nan,,cycles:u,cycles,0.0,100.0,nan,,ok
2873.786049,nan,,branches:u,branches,0.0,100.0,nan,,ok
2873.786049,nan,,branch-misses:u,branch-misses,0.0,100.0,nan,,ok
2873.786049,nan,,L1-dcache-loads:u,l1-dcache-loads,0.0,100.0,nan,,ok
2873.786049,nan,,cache-references:u,cache-references,0.0,100.0,nan,,ok
2873.786049,nan,,cache-misses:u,cache-misses,0.0,100.0,nan,,ok
2873.786049,nan,,stalled-cycles-frontend:u,stalled-cycles-frontend,0.0,100.0,nan,,ok
2886.789471,nan,,instructions:u,instructions,0.0,100.0,nan,,ok
2886.789471,nan,,cycles:u,cycles,0.0,100.0,nan,,ok
2886.789471,nan,,branches:u,branches,0.0,100.0,nan,,ok
2886.789471,nan,,branch-misses:u,branch-misses,0.0,100.0,nan,,ok
2886.789471,nan,,L1-dcache-loads:u,l1-dcache-loads,0.0,100.0,nan,,ok
2886.789471,nan,,cache-references:u,cache-references,0.0,100.0,nan,,ok
2886.789471,nan,,cache-misses:u,cache-misses,0.0,100.0,nan,,ok
2886.789471,nan,,stalled-cycles-frontend:u,stalled-cycles-frontend,0.0,100.0,nan,,ok
2899.789369,nan,,instructions:u,instructions,0.0,100.0,nan,,ok
2899.789369,nan,,cycles:u,cycles,0.0,100.0,nan,,ok
2899.789369,nan,,branches:u,branches,0.0,100.0,nan,,ok
2899.789369,nan,,branch-misses:u,branch-misses,0.0,100.0,nan,,ok
2899.789369,nan,,L1-dcache-loads:u,l1-dcache-loads,0.0,100.0,nan,,ok
2899.789369,nan,,cache-references:u,cache-references,0.0,100.0,nan,,ok
2899.789369,nan,,cache-misses:u,cache-misses,0.0,100.0,nan,,ok
2899.789369,nan,,stalled-cycles-frontend:u,stalled-cycles-frontend,0.0,100.0,nan,,ok
2912.806771,nan,,instructions:u,instructions,0.0,100.0,nan,,ok
2912.806771,nan,,cycles:u,cycles,0.0,100.0,nan,,ok
2912.806771,nan,,branches:u,branches,0.0,100.0,nan,,ok
2912.806771,nan,,branch-misses:u,branch-misses,0.0,100.0,nan,,ok
2912.806771,nan,,L1-dcache-loads:u,l1-dcache-loads,0.0,100.0,nan,,ok
2912.806771,nan,,cache-references:u,cache-references,0.0,100.0,nan,,ok
2912.806771,nan,,cache-misses:u,cache-misses,0.0,100.0,nan,,ok
2912.806771,nan,,stalled-cycles-frontend:u,stalled-cycles-frontend,0.0,100.0,nan,,ok
2924.391168,nan,,instructions:u,instructions,0.0,100.0,nan,,ok
2924.391168,nan,,cycles:u,cycles,0.0,100.0,nan,,ok
2924.391168,nan,,branches:u,branches,0.0,100.0,nan,,ok
2924.391168,nan,,branch-misses:u,branch-misses,0.0,100.0,nan,,ok
2924.391168,nan,,L1-dcache-loads:u,l1-dcache-loads,0.0,100.0,nan,,ok
2924.391168,nan,,cache-references:u,cache-references,0.0,100.0,nan,,ok
2924.391168,nan,,cache-misses:u,cache-misses,0.0,100.0,nan,,ok
2924.391168,nan,,stalled-cycles-frontend:u,stalled-cycles-frontend,0.0,100.0,nan,,ok
2935.651986,0.0,,instructions:u,instructions,2959515.0,59.0,nan,,ok
2935.651986,0.0,,cycles:u,cycles,1958595.0,39.0,nan,,ok
2935.651986,0.0,,branches:u,branches,1958595.0,39.0,nan,,ok
2935.651986,0.0,,branch-misses:u,branch-misses,1958595.0,39.0,nan,,ok
2935.651986,0.0,,L1-dcache-loads:u,l1-dcache-loads,1946863.0,39.0,nan,,ok
2935.651986,0.0,,cache-references:u,cache-references,1986767.0,40.0,nan,,ok
2935.651986,0.0,,cache-misses:u,cache-misses,2987687.0,60.0,nan,,ok
2935.651986,0.0,,stalled-cycles-frontend:u,stalled-cycles-frontend,2004073.0,40.0,nan,,ok
2947.2164350000003,nan,,instructions:u,instructions,0.0,100.0,nan,,ok
2947.2164350000003,nan,,cycles:u,cycles,0.0,100.0,nan,,ok
2947.2164350000003,nan,,branches:u,branches,0.0,100.0,nan,,ok
2947.2164350000003,nan,,branch-misses:u,branch-misses,0.0,100.0,nan,,ok
2947.2164350000003,nan,,L1-dcache-loads:u,l1-dcache-loads,0.0,100.0,nan,,ok
2947.2164350000003,nan,,cache-references:u,cache-references,0.0,100.0,nan,,ok
2947.2164350000003,nan,,cache-misses:u,cache-misses,0.0,100.0,nan,,ok
2947.2164350000003,nan,,stalled-cycles-frontend:u,stalled-cycles-frontend,0.0,100.0,nan,,ok
2958.6456879999996,nan,,instructions:u,instructions,0.0,100.0,nan,,ok
2958.6456879999996,nan,,cycles:u,cycles,0.0,100.0,nan,,ok
2958.6456879999996,nan,,branches:u,branches,0.0,100.0,nan,,ok
2958.6456879999996,nan,,branch-misses:u,branch-misses,0.0,100.0,nan,,ok
2958.6456879999996,nan,,L1-dcache-loads:u,l1-dcache-loads,0.0,100.0,nan,,ok
2958.6456879999996,nan,,cache-references:u,cache-references,0.0,100.0,nan,,ok
2958.6456879999996,nan,,cache-misses:u,cache-misses,0.0,100.0,nan,,ok
2958.6456879999996,nan,,stalled-cycles-frontend:u,stalled-cycles-frontend,0.0,100.0,nan,,ok
2971.793243,nan,,instructions:u,instructions,0.0,100.0,nan,,ok
2971.793243,nan,,cycles:u,cycles,0.0,100.0,nan,,ok
2971.793243,nan,,branches:u,branches,0.0,100.0,nan,,ok
2971.793243,nan,,branch-misses:u,branch-misses,0.0,100.0,nan,,ok
2971.793243,nan,,L1-dcache-loads:u,l1-dcache-loads,0.0,100.0,nan,,ok
2971.793243,nan,,cache-references:u,cache-references,0.0,100.0,nan,,ok
2971.793243,nan,,cache-misses:u,cache-misses,0.0,100.0,nan,,ok
2971.793243,nan,,stalled-cycles-frontend:u,stalled-cycles-frontend,0.0,100.0,nan,,ok
2983.2796510000003,nan,,instructions:u,instructions,0.0,100.0,nan,,ok
2983.2796510000003,nan,,cycles:u,cycles,0.0,100.0,nan,,ok
2983.2796510000003,nan,,branches:u,branches,0.0,100.0,nan,,ok
2983.2796510000003,nan,,branch-misses:u,branch-misses,0.0,100.0,nan,,ok
2983.2796510000003,nan,,L1-dcache-loads:u,l1-dcache-loads,0.0,100.0,nan,,ok
2983.2796510000003,nan,,cache-references:u,cache-references,0.0,100.0,nan,,ok
2983.2796510000003,nan,,cache-misses:u,cache-misses,0.0,100.0,nan,,ok
2983.2796510000003,nan,,stalled-cycles-frontend:u,stalled-cycles-frontend,0.0,100.0,nan,,ok
2994.570865,nan,,instructions:u,instructions,0.0,100.0,nan,,ok
2994.570865,nan,,cycles:u,cycles,0.0,100.0,nan,,ok
2994.570865,nan,,branches:u,branches,0.0,100.0,nan,,ok
2994.570865,nan,,branch-misses:u,branch-misses,0.0,100.0,nan,,ok
2994.570865,nan,,L1-dcache-loads:u,l1-dcache-loads,0.0,100.0,nan,,ok
2994.570865,nan,,cache-references:u,cache-references,0.0,100.0,nan,,ok
2994.570865,nan,,cache-misses:u,cache-misses,0.0,100.0,nan,,ok
2994.570865,nan,,stalled-cycles-frontend:u,stalled-cycles-frontend,0.0,100.0,nan,,ok
3005.289301,nan,,instructions:u,instructions,0.0,100.0,nan,,ok
3005.289301,nan,,cycles:u,cycles,0.0,100.0,nan,,ok
3005.289301,nan,,branches:u,branches,0.0,100.0,nan,,ok
3005.289301,nan,,branch-misses:u,branch-misses,0.0,100.0,nan,,ok
3005.289301,nan,,L1-dcache-loads:u,l1-dcache-loads,0.0,100.0,nan,,ok
3005.289301,nan,,cache-references:u,cache-references,0.0,100.0,nan,,ok
3005.289301,nan,,cache-misses:u,cache-misses,0.0,100.0,nan,,ok
3005.289301,nan,,stalled-cycles-frontend:u,stalled-cycles-frontend,0.0,100.0,nan,,ok
3018.7576759999997,0.0,,instructions:u,instructions,981304.0,18.0,nan,,ok
3018.7576759999997,0.0,,cycles:u,cycles,1970429.0,37.0,nan,,ok
3018.7576759999997,0.0,,branches:u,branches,2970479.0,57.0,nan,,ok
3018.7576759999997,0.0,,branch-misses:u,branch-misses,3976119.0,76.0,nan,,ok
3018.7576759999997,0.0,,L1-dcache-loads:u,l1-dcache-loads,4972321.0,95.0,nan,,ok
3018.7576759999997,0.0,,cache-references:u,cache-references,4212242.0,81.0,nan,,ok
3018.7576759999997,0.0,,cache-misses:u,cache-misses,3223117.0,62.0,nan,,ok
3018.7576759999997,nan,,stalled-cycles-frontend:u,stalled-cycles-frontend,0.0,0.0,nan,,ok
3032.247047,nan,,instructions:u,instructions,0.0,100.0,nan,,ok
3032.247047,nan,,cycles:u,cycles,0.0,100.0,nan,,ok
3032.247047,nan,,branches:u,branches,0.0,100.0,nan,,ok
3032.247047,nan,,branch-misses:u,branch-misses,0.0,100.0,nan,,ok
3032.247047,nan,,L1-dcache-loads:u,l1-dcache-loads,0.0,100.0,nan,,ok
3032.247047,nan,,cache-references:u,cache-references,0.0,100.0,nan,,ok
3032.247047,nan,,cache-misses:u,cache-misses,0.0,100.0,nan,,ok
3032.247047,nan,,stalled-cycles-frontend:u,stalled-cycles-frontend,0.0,100.0,nan,,ok
3045.665527,nan,,instructions:u,instructions,0.0,100.0,nan,,ok
3045.665527,nan,,cycles:u,cycles,0.0,100.0,nan,,ok
3045.665527,nan,,branches:u,branches,0.0,100.0,nan,,ok
3045.665527,nan,,branch-misses:u,branch-misses,0.0,100.0,nan,,ok
3045.665527,nan,,L1-dcache-loads:u,l1-dcache-loads,0.0,100.0,nan,,ok
3045.665527,nan,,cache-references:u,cache-references,0.0,100.0,nan,,ok
3045.665527,nan,,cache-misses:u,cache-misses,0.0,100.0,nan,,ok
3045.665527,nan,,stalled-cycles-frontend:u,stalled-cycles-frontend,0.0,100.0,nan,,ok
3058.478674,0.0,,instructions:u,instructions,3020059.0,74.0,nan,,ok
3058.478674,0.0,,cycles:u,cycles,2057308.0,50.0,nan,,ok
3058.478674,0.0,,branches:u,branches,2057308.0,50.0,nan,,ok
3058.478674,0.0,,branch-misses:u,branch-misses,2057308.0,50.0,nan,,ok
3058.478674,0.0,,L1-dcache-loads:u,l1-dcache-loads,1056257.0,26.0,nan,,ok
3058.478674,0.0,,cache-references:u,cache-references,1021523.0,25.0,nan,,ok
3058.478674,0.0,,cache-misses:u,cache-misses,1984274.0,49.0,nan,,ok
3058.478674,0.0,,stalled-cycles-frontend:u,stalled-cycles-frontend,2003091.0,49.0,nan,,ok
3069.655247,nan,,instructions:u,instructions,0.0,100.0,nan,,ok
3069.655247,nan,,cycles:u,cycles,0.0,100.0,nan,,ok
3069.655247,nan,,branches:u,branches,0.0,100.0,nan,,ok
3069.655247,nan,,branch-misses:u,branch-misses,0.0,100.0,nan,,ok
3069.655247,nan,,L1-dcache-loads:u,l1-dcache-loads,0.0,100.0,nan,,ok
3069.655247,nan,,cache-references:u,cache-references,0.0,100.0,nan,,ok
3069.655247,nan,,cache-misses:u,cache-misses,0.0,100.0,nan,,ok
3069.655247,nan,,stalled-cycles-frontend:u,stalled-cycles-frontend,0.0,100.0,nan,,ok
3081.1412219999997,nan,,instructions:u,instructions,0.0,100.0,nan,,ok
3081.1412219999997,nan,,cycles:u,cycles,0.0,100.0,nan,,ok
3081.1412219999997,nan,,branches:u,branches,0.0,100.0,nan,,ok
3081.1412219999997,nan,,branch-misses:u,branch-misses,0.0,100.0,nan,,ok
3081.1412219999997,nan,,L1-dcache-loads:u,l1-dcache-loads,0.0,100.0,nan,,ok
3081.1412219999997,nan,,cache-references:u,cache-references,0.0,100.0,nan,,ok
3081.1412219999997,nan,,cache-misses:u,cache-misses,0.0,100.0,nan,,ok
3081.1412219999997,nan,,stalled-cycles-frontend:u,stalled-cycles-frontend,0.0,100.0,nan,,ok
3092.545066,nan,,instructions:u,instructions,0.0,0.0,nan,,ok
3092.545066,0.0,,cycles:u,cycles,997031.0,20.0,nan,,ok
3092.545066,0.0,,branches:u,branches,1990464.0,41.0,nan,,ok
3092.545066,0.0,,branch-misses:u,branch-misses,2991413.0,61.0,nan,,ok
3092.545066,0.0,,L1-dcache-loads:u,l1-dcache-loads,3990178.0,81.0,nan,,ok
3092.545066,0.0,,cache-references:u,cache-references,4892266.0,100.0,nan,,ok
3092.545066,0.0,,cache-misses:u,cache-misses,3918217.0,79.0,nan,,ok
3092.545066,nan,,stalled-cycles-frontend:u,stalled-cycles-frontend,0.0,0.0,nan,,ok
3104.161269,0.0,,instructions:u,instructions,2744243.0,94.0,nan,,ok
3104.161269,0.0,,cycles:u,cycles,1739123.0,60.0,nan,,ok
3104.161269,0.0,,branches:u,branches,1739123.0,60.0,nan,,ok
3104.161269,0.0,,branch-misses:u,branch-misses,1739123.0,60.0,nan,,ok
3104.161269,0.0,,L1-dcache-loads:u,l1-dcache-loads,741615.0,25.0,nan,,ok
3104.161269,0.0,,cache-references:u,cache-references,92967.0,3.0,nan,,ok
3104.161269,0.0,,cache-misses:u,cache-misses,1075105.0,38.0,nan,,ok
3104.161269,0.0,,stalled-cycles-frontend:u,stalled-cycles-frontend,2002628.0,71.0,nan,,ok
3115.5985149999997,nan,,instructions:u,instructions,0.0,100.0,nan,,ok
3115.5985149999997,nan,,cycles:u,cycles,0.0,100.0,nan,,ok
3115.5985149999997,nan,,branches:u,branches,0.0,100.0,nan,,ok
3115.5985149999997,nan,,branch-misses:u,branch-misses,0.0,100.0,nan,,ok
3115.5985149999997,nan,,L1-dcache-loads:u,l1-dcache-loads,0.0,100.0,nan,,ok
3115.5985149999997,nan,,cache-references:u,cache-references,0.0,100.0,nan,,ok
3115.5985149999997,nan,,cache-misses:u,cache-misses,0.0,100.0,nan,,ok
3115.5985149999997,nan,,stalled-cycles-frontend:u,stalled-cycles-frontend,0.0,100.0,nan,,ok
3127.213767,nan,,instructions:u,instructions,0.0,100.0,nan,,ok
3127.213767,nan,,cycles:u,cycles,0.0,100.0,nan,,ok
3127.213767,nan,,branches:u,branches,0.0,100.0,nan,,ok
3127.213767,nan,,branch-misses:u,branch-misses,0.0,100.0,nan,,ok
3127.213767,nan,,L1-dcache-loads:u,l1-dcache-loads,0.0,100.0,nan,,ok
3127.213767,nan,,cache-references:u,cache-references,0.0,100.0,nan,,ok
3127.213767,nan,,cache-misses:u,cache-misses,0.0,100.0,nan,,ok
3127.213767,nan,,stalled-cycles-frontend:u,stalled-cycles-frontend,0.0,100.0,nan,,ok
3138.806197,nan,,instructions:u,instructions,0.0,100.0,nan,,ok
3138.806197,nan,,cycles:u,cycles,0.0,100.0,nan,,ok
3138.806197,nan,,branches:u,branches,0.0,100.0,nan,,ok
3138.806197,nan,,branch-misses:u,branch-misses,0.0,100.0,nan,,ok
3138.806197,nan,,L1-dcache-loads:u,l1-dcache-loads,0.0,100.0,nan,,ok
3138.806197,nan,,cache-references:u,cache-references,0.0,100.0,nan,,ok
3138.806197,nan,,cache-misses:u,cache-misses,0.0,100.0,nan,,ok
3138.806197,nan,,stalled-cycles-frontend:u,stalled-cycles-frontend,0.0,100.0,nan,,ok
3150.228015,nan,,instructions:u,instructions,0.0,100.0,nan,,ok
3150.228015,nan,,cycles:u,cycles,0.0,100.0,nan,,ok
3150.228015,nan,,branches:u,branches,0.0,100.0,nan,,ok
3150.228015,nan,,branch-misses:u,branch-misses,0.0,100.0,nan,,ok
3150.228015,nan,,L1-dcache-loads:u,l1-dcache-loads,0.0,100.0,nan,,ok
3150.228015,nan,,cache-references:u,cache-references,0.0,100.0,nan,,ok
3150.228015,nan,,cache-misses:u,cache-misses,0.0,100.0,nan,,ok
3150.228015,nan,,stalled-cycles-frontend:u,stalled-cycles-frontend,0.0,100.0,nan,,ok
3161.5375280000003,nan,,instructions:u,instructions,0.0,100.0,nan,,ok
3161.5375280000003,nan,,cycles:u,cycles,0.0,100.0,nan,,ok
3161.5375280000003,nan,,branches:u,branches,0.0,100.0,nan,,ok
3161.5375280000003,nan,,branch-misses:u,branch-misses,0.0,100.0,nan,,ok
3161.5375280000003,nan,,L1-dcache-loads:u,l1-dcache-loads,0.0,100.0,nan,,ok
3161.5375280000003,nan,,cache-references:u,cache-references,0.0,100.0,nan,,ok
3161.5375280000003,nan,,cache-misses:u,cache-misses,0.0,100.0,nan,,ok
3161.5375280000003,nan,,stalled-cycles-frontend:u,stalled-cycles-frontend,0.0,100.0,nan,,ok
3172.996498,nan,,instructions:u,instructions,0.0,100.0,nan,,ok
3172.996498,nan,,cycles:u,cycles,0.0,100.0,nan,,ok
3172.996498,nan,,branches:u,branches,0.0,100.0,nan,,ok
3172.996498,nan,,branch-misses:u,branch-misses,0.0,100.0,nan,,ok
3172.996498,nan,,L1-dcache-loads:u,l1-dcache-loads,0.0,100.0,nan,,ok
3172.996498,nan,,cache-references:u,cache-references,0.0,100.0,nan,,ok
3172.996498,nan,,cache-misses:u,cache-misses,0.0,100.0,nan,,ok
3172.996498,nan,,stalled-cycles-frontend:u,stalled-cycles-frontend,0.0,100.0,nan,,ok
3184.560702,0.0,,instructions:u,instructions,983554.0,18.0,nan,,ok
3184.560702,0.0,,cycles:u,cycles,1985022.0,36.0,nan,,ok
3184.560702,0.0,,branches:u,branches,2981952.0,55.0,nan,,ok
3184.560702,0.0,,branch-misses:u,branch-misses,3985330.0,73.0,nan,,ok
3184.560702,0.0,,L1-dcache-loads:u,l1-dcache-loads,4980593.0,92.0,nan,,ok
3184.560702,0.0,,cache-references:u,cache-references,4422862.0,81.0,nan,,ok
3184.560702,0.0,,cache-misses:u,cache-misses,3421394.0,63.0,nan,,ok
3184.560702,nan,,stalled-cycles-frontend:u,stalled-cycles-frontend,0.0,0.0,nan,,ok
3196.044181,nan,,instructions:u,instructions,0.0,100.0,nan,,ok
3196.044181,nan,,cycles:u,cycles,0.0,100.0,nan,,ok
3196.044181,nan,,branches:u,branches,0.0,100.0,nan,,ok
3196.044181,nan,,branch-misses:u,branch-misses,0.0,100.0,nan,,ok
3196.044181,nan,,L1-dcache-loads:u,l1-dcache-loads,0.0,100.0,nan,,ok
3196.044181,nan,,cache-references:u,cache-references,0.0,100.0,nan,,ok
3196.044181,nan,,cache-misses:u,cache-misses,0.0,100.0,nan,,ok
3196.044181,nan,,stalled-cycles-frontend:u,stalled-cycles-frontend,0.0,100.0,nan,,ok
3207.461315,nan,,instructions:u,instructions,0.0,100.0,nan,,ok
3207.461315,nan,,cycles:u,cycles,0.0,100.0,nan,,ok
3207.461315,nan,,branches:u,branches,0.0,100.0,nan,,ok
3207.461315,nan,,branch-misses:u,branch-misses,0.0,100.0,nan,,ok
3207.461315,nan,,L1-dcache-loads:u,l1-dcache-loads,0.0,100.0,nan,,ok
3207.461315,nan,,cache-references:u,cache-references,0.0,100.0,nan,,ok
3207.461315,nan,,cache-misses:u,cache-misses,0.0,100.0,nan,,ok
3207.461315,nan,,stalled-cycles-frontend:u,stalled-cycles-frontend,0.0,100.0,nan,,ok
3218.966131,nan,,instructions:u,instructions,0.0,100.0,nan,,ok
3218.966131,nan,,cycles:u,cycles,0.0,100.0,nan,,ok
3218.966131,nan,,branches:u,branches,0.0,100.0,nan,,ok
3218.966131,nan,,branch-misses:u,branch-misses,0.0,100.0,nan,,ok
3218.966131,nan,,L1-dcache-loads:u,l1-dcache-loads,0.0,100.0,nan,,ok
3218.966131,nan,,cache-references:u,cache-references,0.0,100.0,nan,,ok
3218.966131,nan,,cache-misses:u,cache-misses,0.0,100.0,nan,,ok
3218.966131,nan,,stalled-cycles-frontend:u,stalled-cycles-frontend,0.0,100.0,nan,,ok
3230.306522,nan,,instructions:u,instructions,0.0,100.0,nan,,ok
3230.306522,nan,,cycles:u,cycles,0.0,100.0,nan,,ok
3230.306522,nan,,branches:u,branches,0.0,100.0,nan,,ok
3230.306522,nan,,branch-misses:u,branch-misses,0.0,100.0,nan,,ok
3230.306522,nan,,L1-dcache-loads:u,l1-dcache-loads,0.0,100.0,nan,,ok
3230.306522,nan,,cache-references:u,cache-references,0.0,100.0,nan,,ok
3230.306522,nan,,cache-misses:u,cache-misses,0.0,100.0,nan,,ok
3230.306522,nan,,stalled-cycles-frontend:u,stalled-cycles-frontend,0.0,100.0,nan,,ok
3241.8019299999996,nan,,instructions:u,instructions,0.0,100.0,nan,,ok
3241.8019299999996,nan,,cycles:u,cycles,0.0,100.0,nan,,ok
3241.8019299999996,nan,,branches:u,branches,0.0,100.0,nan,,ok
3241.8019299999996,nan,,branch-misses:u,branch-misses,0.0,100.0,nan,,ok
3241.8019299999996,nan,,L1-dcache-loads:u,l1-dcache-loads,0.0,100.0,nan,,ok
3241.8019299999996,nan,,cache-references:u,cache-references,0.0,100.0,nan,,ok
3241.8019299999996,nan,,cache-misses:u,cache-misses,0.0,100.0,nan,,ok
3241.8019299999996,nan,,stalled-cycles-frontend:u,stalled-cycles-frontend,0.0,100.0,nan,,ok
3253.151126,0.0,,instructions:u,instructions,2996087.0,55.0,nan,,ok
3253.151126,0.0,,cycles:u,cycles,3003537.0,55.0,nan,,ok
3253.151126,0.0,,branches:u,branches,3447827.0,63.0,nan,,ok
3253.151126,0.0,,branch-misses:u,branch-misses,3447827.0,63.0,nan,,ok
3253.151126,0.0,,L1-dcache-loads:u,l1-dcache-loads,2446038.0,45.0,nan,,ok
3253.151126,0.0,,cache-references:u,cache-references,2413205.0,44.0,nan,,ok
3253.151126,0.0,,cache-misses:u,cache-misses,2405755.0,44.0,nan,,ok
3253.151126,0.0,,stalled-cycles-frontend:u,stalled-cycles-frontend,1995983.0,36.0,nan,,ok
3264.4781709999997,nan,,instructions:u,instructions,0.0,100.0,nan,,ok
3264.4781709999997,nan,,cycles:u,cycles,0.0,100.0,nan,,ok
3264.4781709999997,nan,,branches:u,branches,0.0,100.0,nan,,ok
3264.4781709999997,nan,,branch-misses:u,branch-misses,0.0,100.0,nan,,ok
3264.4781709999997,nan,,L1-dcache-loads:u,l1-dcache-loads,0.0,100.0,nan,,ok
3264.4781709999997,nan,,cache-references:u,cache-references,0.0,100.0,nan,,ok
3264.4781709999997,nan,,cache-misses:u,cache-misses,0.0,100.0,nan,,ok
3264.4781709999997,nan,,stalled-cycles-frontend:u,stalled-cycles-frontend,0.0,100.0,nan,,ok
3275.7936,nan,,instructions:u,instructions,0.0,100.0,nan,,ok
3275.7936,nan,,cycles:u,cycles,0.0,100.0,nan,,ok
3275.7936,nan,,branches:u,branches,0.0,100.0,nan,,ok
3275.7936,nan,,branch-misses:u,branch-misses,0.0,100.0,nan,,ok
3275.7936,nan,,L1-dcache-loads:u,l1-dcache-loads,0.0,100.0,nan,,ok
3275.7936,nan,,cache-references:u,cache-references,0.0,100.0,nan,,ok
3275.7936,nan,,cache-misses:u,cache-misses,0.0,100.0,nan,,ok
3275.7936,nan,,stalled-cycles-frontend:u,stalled-cycles-frontend,0.0,100.0,nan,,ok
3287.118971,nan,,instructions:u,instructions,0.0,100.0,nan,,ok
3287.118971,nan,,cycles:u,cycles,0.0,100.0,nan,,ok
3287.118971,nan,,branches:u,branches,0.0,100.0,nan,,ok
3287.118971,nan,,branch-misses:u,branch-misses,0.0,100.0,nan,,ok
3287.118971,nan,,L1-dcache-loads:u,l1-dcache-loads,0.0,100.0,nan,,ok
3287.118971,nan,,cache-references:u,cache-references,0.0,100.0,nan,,ok
3287.118971,nan,,cache-misses:u,cache-misses,0.0,100.0,nan,,ok
3287.118971,nan,,stalled-cycles-frontend:u,stalled-cycles-frontend,0.0,100.0,nan,,ok
3298.50492,nan,,instructions:u,instructions,0.0,100.0,nan,,ok
3298.50492,nan,,cycles:u,cycles,0.0,100.0,nan,,ok
3298.50492,nan,,branches:u,branches,0.0,100.0,nan,,ok
3298.50492,nan,,branch-misses:u,branch-misses,0.0,100.0,nan,,ok
3298.50492,nan,,L1-dcache-loads:u,l1-dcache-loads,0.0,100.0,nan,,ok
3298.50492,nan,,cache-references:u,cache-references,0.0,100.0,nan,,ok
3298.50492,nan,,cache-misses:u,cache-misses,0.0,100.0,nan,,ok
3298.50492,nan,,stalled-cycles-frontend:u,stalled-cycles-frontend,0.0,100.0,nan,,ok
3309.7996630000002,nan,,instructions:u,instructions,0.0,100.0,nan,,ok
3309.7996630000002,nan,,cycles:u,cycles,0.0,100.0,nan,,ok
3309.7996630000002,nan,,branches:u,branches,0.0,100.0,nan,,ok
3309.7996630000002,nan,,branch-misses:u,branch-misses,0.0,100.0,nan,,ok
3309.7996630000002,nan,,L1-dcache-loads:u,l1-dcache-loads,0.0,100.0,nan,,ok
3309.7996630000002,nan,,cache-references:u,cache-references,0.0,100.0,nan,,ok
3309.7996630000002,nan,,cache-misses:u,cache-misses,0.0,100.0,nan,,ok
3309.7996630000002,nan,,stalled-cycles-frontend:u,stalled-cycles-frontend,0.0,100.0,nan,,ok
3321.33111,0.0,,instructions:u,instructions,1633207.0,29.0,nan,,ok
3321.33111,0.0,,cycles:u,cycles,662561.0,11.0,nan,,ok
3321.33111,0.0,,branches:u,branches,1672262.0,29.0,nan,,ok
3321.33111,0.0,,branch-misses:u,branch-misses,2694717.0,47.0,nan,,ok
3321.33111,0.0,,L1-dcache-loads:u,l1-dcache-loads,2991567.0,52.0,nan,,ok
3321.33111,0.0,,cache-references:u,cache-references,3983456.0,69.0,nan,,ok
3321.33111,0.0,,cache-misses:u,cache-misses,4983696.0,87.0,nan,,ok
3321.33111,0.0,,stalled-cycles-frontend:u,stalled-cycles-frontend,1759353.0,30.0,nan,,ok
3333.00986,0.0,,instructions:u,instructions,1375950.0,71.0,nan,,ok
3333.00986,0.0,,cycles:u,cycles,1894149.0,100.0,nan,,ok
3333.00986,0.0,,branches:u,branches,1873398.0,100.0,nan,,ok
3333.00986,0.0,,branch-misses:u,branch-misses,1851388.0,100.0,nan,,ok
3333.00986,0.0,,L1-dcache-loads:u,l1-dcache-loads,1552253.0,84.0,nan,,ok
3333.00986,0.0,,cache-references:u,cache-references,547793.0,29.0,nan,,ok
3333.00986,nan,,cache-misses:u,cache-misses,0.0,0.0,nan,,ok
3333.00986,0.0,,stalled-cycles-frontend:u,stalled-cycles-frontend,245344.0,13.0,nan,,ok
3344.6521940000002,nan,,instructions:u,instructions,0.0,100.0,nan,,ok
3344.6521940000002,nan,,cycles:u,cycles,0.0,100.0,nan,,ok
3344.6521940000002,nan,,branches:u,branches,0.0,100.0,nan,,ok
3344.6521940000002,nan,,branch-misses:u,branch-misses,0.0,100.0,nan,,ok
3344.6521940000002,nan,,L1-dcache-loads:u,l1-dcache-loads,0.0,100.0,nan,,ok
3344.6521940000002,nan,,cache-references:u,cache-references,0.0,100.0,nan,,ok
3344.6521940000002,nan,,cache-misses:u,cache-misses,0.0,100.0,nan,,ok
3344.6521940000002,nan,,stalled-cycles-frontend:u,stalled-cycles-frontend,0.0,100.0,nan,,ok
3356.335507,nan,,instructions:u,instructions,0.0,100.0,nan,,ok
3356.335507,nan,,cycles:u,cycles,0.0,100.0,nan,,ok
3356.335507,nan,,branches:u,branches,0.0,100.0,nan,,ok
3356.335507,nan,,branch-misses:u,branch-misses,0.0,100.0,nan,,ok
3356.335507,nan,,L1-dcache-loads:u,l1-dcache-loads,0.0,100.0,nan,,ok
3356.335507,nan,,cache-references:u,cache-references,0.0,100.0,nan,,ok
3356.335507,nan,,cache-misses:u,cache-misses,0.0,100.0,nan,,ok
3356.335507,nan,,stalled-cycles-frontend:u,stalled-cycles-frontend,0.0,100.0,nan,,ok
3367.6655969999997,nan,,instructions:u,instructions,0.0,100.0,nan,,ok
3367.6655969999997,nan,,cycles:u,cycles,0.0,100.0,nan,,ok
3367.6655969999997,nan,,branches:u,branches,0.0,100.0,nan,,ok
3367.6655969999997,nan,,branch-misses:u,branch-misses,0.0,100.0,nan,,ok
3367.6655969999997,nan,,L1-dcache-loads:u,l1-dcache-loads,0.0,100.0,nan,,ok
3367.6655969999997,nan,,cache-references:u,cache-references,0.0,100.0,nan,,ok
3367.6655969999997,nan,,cache-misses:u,cache-misses,0.0,100.0,nan,,ok
3367.6655969999997,nan,,stalled-cycles-frontend:u,stalled-cycles-frontend,0.0,100.0,nan,,ok
3379.249948,nan,,instructions:u,instructions,0.0,100.0,nan,,ok
3379.249948,nan,,cycles:u,cycles,0.0,100.0,nan,,ok
3379.249948,nan,,branches:u,branches,0.0,100.0,nan,,ok
3379.249948,nan,,branch-misses:u,branch-misses,0.0,100.0,nan,,ok
3379.249948,nan,,L1-dcache-loads:u,l1-dcache-loads,0.0,100.0,nan,,ok
3379.249948,nan,,cache-references:u,cache-references,0.0,100.0,nan,,ok
3379.249948,nan,,cache-misses:u,cache-misses,0.0,100.0,nan,,ok
3379.249948,nan,,stalled-cycles-frontend:u,stalled-cycles-frontend,0.0,100.0,nan,,ok
3390.792284,nan,,instructions:u,instructions,0.0,100.0,nan,,ok
3390.792284,nan,,cycles:u,cycles,0.0,100.0,nan,,ok
3390.792284,nan,,branches:u,branches,0.0,100.0,nan,,ok
3390.792284,nan,,branch-misses:u,branch-misses,0.0,100.0,nan,,ok
3390.792284,nan,,L1-dcache-loads:u,l1-dcache-loads,0.0,100.0,nan,,ok
3390.792284,nan,,cache-references:u,cache-references,0.0,100.0,nan,,ok
3390.792284,nan,,cache-misses:u,cache-misses,0.0,100.0,nan,,ok
3390.792284,nan,,stalled-cycles-frontend:u,stalled-cycles-frontend,0.0,100.0,nan,,ok
3402.157181,nan,,instructions:u,instructions,0.0,100.0,nan,,ok
3402.157181,nan,,cycles:u,cycles,0.0,100.0,nan,,ok
3402.157181,nan,,branches:u,branches,0.0,100.0,nan,,ok
3402.157181,nan,,branch-misses:u,branch-misses,0.0,100.0,nan,,ok
3402.157181,nan,,L1-dcache-loads:u,l1-dcache-loads,0.0,100.0,nan,,ok
3402.157181,nan,,cache-references:u,cache-references,0.0,100.0,nan,,ok
3402.157181,nan,,cache-misses:u,cache-misses,0.0,100.0,nan,,ok
3402.157181,nan,,stalled-cycles-frontend:u,stalled-cycles-frontend,0.0,100.0,nan,,ok
3413.785375,nan,,instructions:u,instructions,0.0,100.0,nan,,ok
3413.785375,nan,,cycles:u,cycles,0.0,100.0,nan,,ok
3413.785375,nan,,branches:u,branches,0.0,100.0,nan,,ok
3413.785375,nan,,branch-misses:u,branch-misses,0.0,100.0,nan,,ok
3413.785375,nan,,L1-dcache-loads:u,l1-dcache-loads,0.0,100.0,nan,,ok
3413.785375,nan,,cache-references:u,cache-references,0.0,100.0,nan,,ok
3413.785375,nan,,cache-misses:u,cache-misses,0.0,100.0,nan,,ok
3413.785375,nan,,stalled-cycles-frontend:u,stalled-cycles-frontend,0.0,100.0,nan,,ok
3425.422719,nan,,instructions:u,instructions,0.0,100.0,nan,,ok
3425.422719,nan,,cycles:u,cycles,0.0,100.0,nan,,ok
3425.422719,nan,,branches:u,branches,0.0,100.0,nan,,ok
3425.422719,nan,,branch-misses:u,branch-misses,0.0,100.0,nan,,ok
3425.422719,nan,,L1-dcache-loads:u,l1-dcache-loads,0.0,100.0,nan,,ok
3425.422719,nan,,cache-references:u,cache-references,0.0,100.0,nan,,ok
3425.422719,nan,,cache-misses:u,cache-misses,0.0,100.0,nan,,ok
3425.422719,nan,,stalled-cycles-frontend:u,stalled-cycles-frontend,0.0,100.0,nan,,ok
3436.794726,nan,,instructions:u,instructions,0.0,0.0,nan,,ok
3436.794726,0.0,,cycles:u,cycles,987592.0,47.0,nan,,ok
3436.794726,0.0,,branches:u,branches,1977447.0,94.0,nan,,ok
3436.794726,0.0,,branch-misses:u,branch-misses,2110374.0,100.0,nan,,ok
3436.794726,0.0,,L1-dcache-loads:u,l1-dcache-loads,2126767.0,100.0,nan,,ok
3436.794726,0.0,,cache-references:u,cache-references,2146852.0,100.0,nan,,ok
3436.794726,0.0,,cache-misses:u,cache-misses,1179263.0,54.0,nan,,ok
3436.794726,nan,,stalled-cycles-frontend:u,stalled-cycles-frontend,0.0,0.0,nan,,ok
3448.406993,nan,,instructions:u,instructions,0.0,0.0,nan,,ok
3448.406993,nan,,cycles:u,cycles,0.0,0.0,nan,,ok
3448.406993,nan,,branches:u,branches,0.0,0.0,nan,,ok
3448.406993,0.0,,branch-misses:u,branch-misses,874541.0,46.0,nan,,ok
3448.406993,0.0,,L1-dcache-loads:u,l1-dcache-loads,1847484.0,99.0,nan,,ok
3448.406993,0.0,,cache-references:u,cache-references,1844530.0,100.0,nan,,ok
3448.406993,0.0,,cache-misses:u,cache-misses,1824527.0,100.0,nan,,ok
3448.406993,nan,,stalled-cycles-frontend:u,stalled-cycles-frontend,0.0,0.0,nan,,ok
3459.914041,nan,,instructions:u,instructions,0.0,100.0,nan,,ok
3459.914041,nan,,cycles:u,cycles,0.0,100.0,nan,,ok
3459.914041,nan,,branches:u,branches,0.0,100.0,nan,,ok
3459.914041,nan,,branch-misses:u,branch-misses,0.0,100.0,nan,,ok
3459.914041,nan,,L1-dcache-loads:u,l1-dcache-loads,0.0,100.0,nan,,ok
3459.914041,nan,,cache-references:u,cache-references,0.0,100.0,nan,,ok
3459.914041,nan,,cache-misses:u,cache-misses,0.0,100.0,nan,,ok
3459.914041,nan,,stalled-cycles-frontend:u,stalled-cycles-frontend,0.0,100.0,nan,,ok
3471.439852,nan,,instructions:u,instructions,0.0,100.0,nan,,ok
3471.439852,nan,,cycles:u,cycles,0.0,100.0,nan,,ok
3471.439852,nan,,branches:u,branches,0.0,100.0,nan,,ok
3471.439852,nan,,branch-misses:u,branch-misses,0.0,100.0,nan,,ok
3471.439852,nan,,L1-dcache-loads:u,l1-dcache-loads,0.0,100.0,nan,,ok
3471.439852,nan,,cache-references:u,cache-references,0.0,100.0,nan,,ok
3471.439852,nan,,cache-misses:u,cache-misses,0.0,100.0,nan,,ok
3471.439852,nan,,stalled-cycles-frontend:u,stalled-cycles-frontend,0.0,100.0,nan,,ok
3482.7202819999998,nan,,instructions:u,instructions,0.0,100.0,nan,,ok
3482.7202819999998,nan,,cycles:u,cycles,0.0,100.0,nan,,ok
3482.7202819999998,nan,,branches:u,branches,0.0,100.0,nan,,ok
3482.7202819999998,nan,,branch-misses:u,branch-misses,0.0,100.0,nan,,ok
3482.7202819999998,nan,,L1-dcache-loads:u,l1-dcache-loads,0.0,100.0,nan,,ok
3482.7202819999998,nan,,cache-references:u,cache-references,0.0,100.0,nan,,ok
3482.7202819999998,nan,,cache-misses:u,cache-misses,0.0,100.0,nan,,ok
3482.7202819999998,nan,,stalled-cycles-frontend:u,stalled-cycles-frontend,0.0,100.0,nan,,ok
3494.249097,0.0,,instructions:u,instructions,2541340.0,71.0,nan,,ok
3494.249097,0.0,,cycles:u,cycles,1572390.0,44.0,nan,,ok
3494.249097,0.0,,branches:u,branches,1594422.0,44.0,nan,,ok
3494.249097,0.0,,branch-misses:u,branch-misses,1617493.0,44.0,nan,,ok
3494.249097,0.0,,L1-dcache-loads:u,l1-dcache-loads,638083.0,17.0,nan,,ok
3494.249097,0.0,,cache-references:u,cache-references,999074.0,27.0,nan,,ok
3494.249097,0.0,,cache-misses:u,cache-misses,1994394.0,54.0,nan,,ok
3494.249097,0.0,,stalled-cycles-frontend:u,stalled-cycles-frontend,1996366.0,54.0,nan,,ok
3505.904498,0.0,,instructions:u,instructions,456970.0,92.0,nan,,ok
3505.904498,0.0,,cycles:u,cycles,467981.0,100.0,nan,,ok
3505.904498,0.0,,branches:u,branches,445949.0,100.0,nan,,ok
3505.904498,0.0,,branch-misses:u,branch-misses,422878.0,100.0,nan,,ok
3505.904498,0.0,,L1-dcache-loads:u,l1-dcache-loads,401242.0,100.0,nan,,ok
3505.904498,0.0,,cache-references:u,cache-references,37381.0,9.0,nan,,ok
3505.904498,nan,,cache-misses:u,cache-misses,0.0,0.0,nan,,ok
3505.904498,nan,,stalled-cycles-frontend:u,stalled-cycles-frontend,0.0,0.0,nan,,ok
3517.4995679999997,nan,,instructions:u,instructions,0.0,100.0,nan,,ok
3517.4995679999997,nan,,cycles:u,cycles,0.0,100.0,nan,,ok
3517.4995679999997,nan,,branches:u,branches,0.0,100.0,nan,,ok
3517.4995679999997,nan,,branch-misses:u,branch-misses,0.0,100.0,nan,,ok
3517.4995679999997,nan,,L1-dcache-loads:u,l1-dcache-loads,0.0,100.0,nan,,ok
3517.4995679999997,nan,,cache-references:u,cache-references,0.0,100.0,nan,,ok
3517.4995679999997,nan,,cache-misses:u,cache-misses,0.0,100.0,nan,,ok
3517.4995679999997,nan,,stalled-cycles-frontend:u,stalled-cycles-frontend,0.0,100.0,nan,,ok
3529.0623060000003,nan,,instructions:u,instructions,0.0,100.0,nan,,ok
3529.0623060000003,nan,,cycles:u,cycles,0.0,100.0,nan,,ok
3529.0623060000003,nan,,branches:u,branches,0.0,100.0,nan,,ok
3529.0623060000003,nan,,branch-misses:u,branch-misses,0.0,100.0,nan,,ok
3529.0623060000003,nan,,L1-dcache-loads:u,l1-dcache-loads,0.0,100.0,nan,,ok
3529.0623060000003,nan,,cache-references:u,cache-references,0.0,100.0,nan,,ok
3529.0623060000003,nan,,cache-misses:u,cache-misses,0.0,100.0,nan,,ok
3529.0623060000003,nan,,stalled-cycles-frontend:u,stalled-cycles-frontend,0.0,100.0,nan,,ok
3540.6423720000003,nan,,instructions:u,instructions,0.0,100.0,nan,,ok
3540.6423720000003,nan,,cycles:u,cycles,0.0,100.0,nan,,ok
3540.6423720000003,nan,,branches:u,branches,0.0,100.0,nan,,ok
3540.6423720000003,nan,,branch-misses:u,branch-misses,0.0,100.0,nan,,ok
3540.6423720000003,nan,,L1-dcache-loads:u,l1-dcache-loads,0.0,100.0,nan,,ok
3540.6423720000003,nan,,cache-references:u,cache-references,0.0,100.0,nan,,ok
3540.6423720000003,nan,,cache-misses:u,cache-misses,0.0,100.0,nan,,ok
3540.6423720000003,nan,,stalled-cycles-frontend:u,stalled-cycles-frontend,0.0,100.0,nan,,ok
3552.1805350000004,nan,,instructions:u,instructions,0.0,0.0,nan,,ok
3552.1805350000004,0.0,,cycles:u,cycles,982984.0,68.0,nan,,ok
3552.1805350000004,0.0,,branches:u,branches,1464493.0,100.0,nan,,ok
3552.1805350000004,0.0,,branch-misses:u,branch-misses,1484589.0,100.0,nan,,ok
3552.1805350000004,0.0,,L1-dcache-loads:u,l1-dcache-loads,1504924.0,100.0,nan,,ok
3552.1805350000004,0.0,,cache-references:u,cache-references,1527572.0,100.0,nan,,ok
3552.1805350000004,0.0,,cache-misses:u,cache-misses,562164.0,36.0,nan,,ok
3552.1805350000004,nan,,stalled-cycles-frontend:u,stalled-cycles-frontend,0.0,0.0,nan,,ok
3563.877117,nan,,instructions:u,instructions,0.0,0.0,nan,,ok
3563.877117,nan,,cycles:u,cycles,0.0,0.0,nan,,ok
3563.877117,0.0,,branches:u,branches,508932.0,20.0,nan,,ok
3563.877117,0.0,,branch-misses:u,branch-misses,1485244.0,59.0,nan,,ok
3563.877117,0.0,,L1-dcache-loads:u,l1-dcache-loads,2459279.0,98.0,nan,,ok
3563.877117,0.0,,cache-references:u,cache-references,2471093.0,100.0,nan,,ok
3563.877117,0.0,,cache-misses:u,cache-misses,2453517.0,100.0,nan,,ok
3563.877117,nan,,stalled-cycles-frontend:u,stalled-cycles-frontend,0.0,0.0,nan,,ok
3575.4063180000003,nan,,instructions:u,instructions,0.0,100.0,nan,,ok
3575.4063180000003,nan,,cycles:u,cycles,0.0,100.0,nan,,ok
3575.4063180000003,nan,,branches:u,branches,0.0,100.0,nan,,ok
3575.4063180000003,nan,,branch-misses:u,branch-misses,0.0,100.0,nan,,ok
3575.4063180000003,nan,,L1-dcache-loads:u,l1-dcache-loads,0.0,100.0,nan,,ok
3575.4063180000003,nan,,cache-references:u,cache-references,0.0,100.0,nan,,ok
3575.4063180000003,nan,,cache-misses:u,cache-misses,0.0,100.0,nan,,ok
3575.4063180000003,nan,,stalled-cycles-frontend:u,stalled-cycles-frontend,0.0,100.0,nan,,ok
3586.9225619999997,nan,,instructions:u,instructions,0.0,100.0,nan,,ok
3586.9225619999997,nan,,cycles:u,cycles,0.0,100.0,nan,,ok
3586.9225619999997,nan,,branches:u,branches,0.0,100.0,nan,,ok
3586.9225619999997,nan,,branch-misses:u,branch-misses,0.0,100.0,nan,,ok
3586.9225619999997,nan,,L1-dcache-loads:u,l1-dcache-loads,0.0,100.0,nan,,ok
3586.9225619999997,nan,,cache-references:u,cache-references,0.0,100.0,nan,,ok
3586.9225619999997,nan,,cache-misses:u,cache-misses,0.0,100.0,nan,,ok
3586.9225619999997,nan,,stalled-cycles-frontend:u,stalled-cycles-frontend,0.0,100.0,nan,,ok
3598.176741,nan,,instructions:u,instructions,0.0,100.0,nan,,ok
3598.176741,nan,,cycles:u,cycles,0.0,100.0,nan,,ok
3598.176741,nan,,branches:u,branches,0.0,100.0,nan,,ok
3598.176741,nan,,branch-misses:u,branch-misses,0.0,100.0,nan,,ok
3598.176741,nan,,L1-dcache-loads:u,l1-dcache-loads,0.0,100.0,nan,,ok
3598.176741,nan,,cache-references:u,cache-references,0.0,100.0,nan,,ok
3598.176741,nan,,cache-misses:u,cache-misses,0.0,100.0,nan,,ok
3598.176741,nan,,stalled-cycles-frontend:u,stalled-cycles-frontend,0.0,100.0,nan,,ok
3609.359032,nan,,instructions:u,instructions,0.0,100.0,nan,,ok
3609.359032,nan,,cycles:u,cycles,0.0,100.0,nan,,ok
3609.359032,nan,,branches:u,branches,0.0,100.0,nan,,ok
3609.359032,nan,,branch-misses:u,branch-misses,0.0,100.0,nan,,ok
3609.359032,nan,,L1-dcache-loads:u,l1-dcache-loads,0.0,100.0,nan,,ok
3609.359032,nan,,cache-references:u,cache-references,0.0,100.0,nan,,ok
3609.359032,nan,,cache-misses:u,cache-misses,0.0,100.0,nan,,ok
3609.359032,nan,,stalled-cycles-frontend:u,stalled-cycles-frontend,0.0,100.0,nan,,ok
3620.789788,0.0,,instructions:u,instructions,2984734.0,74.0,nan,,ok
3620.789788,0.0,,cycles:u,cycles,2034048.0,50.0,nan,,ok
3620.789788,0.0,,branches:u,branches,2034048.0,50.0,nan,,ok
3620.789788,0.0,,branch-misses:u,branch-misses,2034048.0,50.0,nan,,ok
3620.789788,0.0,,L1-dcache-loads:u,l1-dcache-loads,1026789.0,25.0,nan,,ok
3620.789788,0.0,,cache-references:u,cache-references,1022254.0,25.0,nan,,ok
3620.789788,0.0,,cache-misses:u,cache-misses,1972940.0,49.0,nan,,ok
3620.789788,0.0,,stalled-cycles-frontend:u,stalled-cycles-frontend,1994625.0,49.0,nan,,ok
3632.501828,nan,,instructions:u,instructions,0.0,100.0,nan,,ok
3632.501828,nan,,cycles:u,cycles,0.0,100.0,nan,,ok
3632.501828,nan,,branches:u,branches,0.0,100.0,nan,,ok
3632.501828,nan,,branch-misses:u,branch-misses,0.0,100.0,nan,,ok
3632.501828,nan,,L1-dcache-loads:u,l1-dcache-loads,0.0,100.0,nan,,ok
3632.501828,nan,,cache-references:u,cache-references,0.0,100.0,nan,,ok
3632.501828,nan,,cache-misses:u,cache-misses,0.0,100.0,nan,,ok
3632.501828,nan,,stalled-cycles-frontend:u,stalled-cycles-frontend,0.0,100.0,nan,,ok
3644.1173839999997,nan,,instructions:u,instructions,0.0,100.0,nan,,ok
3644.1173839999997,nan,,cycles:u,cycles,0.0,100.0,nan,,ok
3644.1173839999997,nan,,branches:u,branches,0.0,100.0,nan,,ok
3644.1173839999997,nan,,branch-misses:u,branch-misses,0.0,100.0,nan,,ok
3644.1173839999997,nan,,L1-dcache-loads:u,l1-dcache-loads,0.0,100.0,nan,,ok
3644.1173839999997,nan,,cache-references:u,cache-references,0.0,100.0,nan,,ok
3644.1173839999997,nan,,cache-misses:u,cache-misses,0.0,100.0,nan,,ok
3644.1173839999997,nan,,stalled-cycles-frontend:u,stalled-cycles-frontend,0.0,100.0,nan,,ok
3655.635476,nan,,instructions:u,instructions,0.0,100.0,nan,,ok
3655.635476,nan,,cycles:u,cycles,0.0,100.0,nan,,ok
3655.635476,nan,,branches:u,branches,0.0,100.0,nan,,ok
3655.635476,nan,,branch-misses:u,branch-misses,0.0,100.0,nan,,ok
3655.635476,nan,,L1-dcache-loads:u,l1-dcache-loads,0.0,100.0,nan,,ok
3655.635476,nan,,cache-references:u,cache-references,0.0,100.0,nan,,ok
3655.635476,nan,,cache-misses:u,cache-misses,0.0,100.0,nan,,ok
3655.635476,nan,,stalled-cycles-frontend:u,stalled-cycles-frontend,0.0,100.0,nan,,ok
3667.06676,nan,,instructions:u,instructions,0.0,100.0,nan,,ok
3667.06676,nan,,cycles:u,cycles,0.0,100.0,nan,,ok
3667.06676,nan,,branches:u,branches,0.0,100.0,nan,,ok
3667.06676,nan,,branch-misses:u,branch-misses,0.0,100.0,nan,,ok
3667.06676,nan,,L1-dcache-loads:u,l1-dcache-loads,0.0,100.0,nan,,ok
3667.06676,nan,,cache-references:u,cache-references,0.0,100.0,nan,,ok
3667.06676,nan,,cache-misses:u,cache-misses,0.0,100.0,nan,,ok
3667.06676,nan,,stalled-cycles-frontend:u,stalled-cycles-frontend,0.0,100.0,nan,,ok
3678.3876370000003,nan,,instructions:u,instructions,0.0,0.0,nan,,ok
3678.3876370000003,0.0,,cycles:u,cycles,964498.0,24.0,nan,,ok
3678.3876370000003,0.0,,branches:u,branches,1963291.0,49.0,nan,,ok
3678.3876370000003,0.0,,branch-misses:u,branch-misses,2966243.0,74.0,nan,,ok
3678.3876370000003,0.0,,L1-dcache-loads:u,l1-dcache-loads,3961462.0,99.0,nan,,ok
3678.3876370000003,0.0,,cache-references:u,cache-references,3985048.0,100.0,nan,,ok
3678.3876370000003,0.0,,cache-misses:u,cache-misses,3020550.0,75.0,nan,,ok
3678.3876370000003,nan,,stalled-cycles-frontend:u,stalled-cycles-frontend,0.0,0.0,nan,,ok
3689.977395,nan,,instructions:u,instructions,0.0,100.0,nan,,ok
3689.977395,nan,,cycles:u,cycles,0.0,100.0,nan,,ok
3689.977395,nan,,branches:u,branches,0.0,100.0,nan,,ok
3689.977395,nan,,branch-misses:u,branch-misses,0.0,100.0,nan,,ok
3689.977395,nan,,L1-dcache-loads:u,l1-dcache-loads,0.0,100.0,nan,,ok
3689.977395,nan,,cache-references:u,cache-references,0.0,100.0,nan,,ok
3689.977395,nan,,cache-misses:u,cache-misses,0.0,100.0,nan,,ok
3689.977395,nan,,stalled-cycles-frontend:u,stalled-cycles-frontend,0.0,100.0,nan,,ok
3701.533063,nan,,instructions:u,instructions,0.0,100.0,nan,,ok
3701.533063,nan,,cycles:u,cycles,0.0,100.0,nan,,ok
3701.533063,nan,,branches:u,branches,0.0,100.0,nan,,ok
3701.533063,nan,,branch-misses:u,branch-misses,0.0,100.0,nan,,ok
3701.533063,nan,,L1-dcache-loads:u,l1-dcache-loads,0.0,100.0,nan,,ok
3701.533063,nan,,cache-references:u,cache-references,0.0,100.0,nan,,ok
3701.533063,nan,,cache-misses:u,cache-misses,0.0,100.0,nan,,ok
3701.533063,nan,,stalled-cycles-frontend:u,stalled-cycles-frontend,0.0,100.0,nan,,ok
3713.0511140000003,nan,,instructions:u,instructions,0.0,100.0,nan,,ok
3713.0511140000003,nan,,cycles:u,cycles,0.0,100.0,nan,,ok
3713.0511140000003,nan,,branches:u,branches,0.0,100.0,nan,,ok
3713.0511140000003,nan,,branch-misses:u,branch-misses,0.0,100.0,nan,,ok
3713.0511140000003,nan,,L1-dcache-loads:u,l1-dcache-loads,0.0,100.0,nan,,ok
3713.0511140000003,nan,,cache-references:u,cache-references,0.0,100.0,nan,,ok
3713.0511140000003,nan,,cache-misses:u,cache-misses,0.0,100.0,nan,,ok
3713.0511140000003,nan,,stalled-cycles-frontend:u,stalled-cycles-frontend,0.0,100.0,nan,,ok
3724.3865779999996,nan,,instructions:u,instructions,0.0,100.0,nan,,ok
3724.3865779999996,nan,,cycles:u,cycles,0.0,100.0,nan,,ok
3724.3865779999996,nan,,branches:u,branches,0.0,100.0,nan,,ok
3724.3865779999996,nan,,branch-misses:u,branch-misses,0.0,100.0,nan,,ok
3724.3865779999996,nan,,L1-dcache-loads:u,l1-dcache-loads,0.0,100.0,nan,,ok
3724.3865779999996,nan,,cache-references:u,cache-references,0.0,100.0,nan,,ok
3724.3865779999996,nan,,cache-misses:u,cache-misses,0.0,100.0,nan,,ok
3724.3865779999996,nan,,stalled-cycles-frontend:u,stalled-cycles-frontend,0.0,100.0,nan,,ok
3735.8872189999997,0.0,,instructions:u,instructions,3005675.0,58.0,nan,,ok
3735.8872189999997,0.0,,cycles:u,cycles,3003435.0,57.0,nan,,ok
3735.8872189999997,0.0,,branches:u,branches,3252461.0,62.0,nan,,ok
3735.8872189999997,0.0,,branch-misses:u,branch-misses,3270057.0,62.0,nan,,ok
3735.8872189999997,0.0,,L1-dcache-loads:u,l1-dcache-loads,2285364.0,43.0,nan,,ok
3735.8872189999997,0.0,,cache-references:u,cache-references,2281690.0,43.0,nan,,ok
3735.8872189999997,0.0,,cache-misses:u,cache-misses,2302402.0,43.0,nan,,ok
3735.8872189999997,0.0,,stalled-cycles-frontend:u,stalled-cycles-frontend,2003992.0,37.0,nan,,ok
3747.723324,nan,,instructions:u,instructions,0.0,0.0,nan,,ok
3747.723324,nan,,cycles:u,cycles,0.0,0.0,nan,,ok
3747.723324,0.0,,branches:u,branches,745292.0,27.0,nan,,ok
3747.723324,0.0,,branch-misses:u,branch-misses,1731719.0,64.0,nan,,ok
3747.723324,0.0,,L1-dcache-loads:u,l1-dcache-loads,2672494.0,100.0,nan,,ok
3747.723324,0.0,,cache-references:u,cache-references,2653731.0,100.0,nan,,ok
3747.723324,0.0,,cache-misses:u,cache-misses,2635259.0,100.0,nan,,ok
3747.723324,nan,,stalled-cycles-frontend:u,stalled-cycles-frontend,0.0,0.0,nan,,ok
3759.43972,nan,,instructions:u,instructions,0.0,100.0,nan,,ok
3759.43972,nan,,cycles:u,cycles,0.0,100.0,nan,,ok
3759.43972,nan,,branches:u,branches,0.0,100.0,nan,,ok
3759.43972,nan,,branch-misses:u,branch-misses,0.0,100.0,nan,,ok
3759.43972,nan,,L1-dcache-loads:u,l1-dcache-loads,0.0,100.0,nan,,ok
3759.43972,nan,,cache-references:u,cache-references,0.0,100.0,nan,,ok
3759.43972,nan,,cache-misses:u,cache-misses,0.0,100.0,nan,,ok
3759.43972,nan,,stalled-cycles-frontend:u,stalled-cycles-frontend,0.0,100.0,nan,,ok
3770.9128490000003,nan,,instructions:u,instructions,0.0,100.0,nan,,ok
3770.9128490000003,nan,,cycles:u,cycles,0.0,100.0,nan,,ok
3770.9128490000003,nan,,branches:u,branches,0.0,100.0,nan,,ok
3770.9128490000003,nan,,branch-misses:u,branch-misses,0.0,100.0,nan,,ok
3770.9128490000003,nan,,L1-dcache-loads:u,l1-dcache-loads,0.0,100.0,nan,,ok
3770.9128490000003,nan,,cache-references:u,cache-references,0.0,100.0,nan,,ok
3770.9128490000003,nan,,cache-misses:u,cache-misses,0.0,100.0,nan,,ok
3770.9128490000003,nan,,stalled-cycles-frontend:u,stalled-cycles-frontend,0.0,100.0,nan,,ok
3782.361855,nan,,instructions:u,instructions,0.0,100.0,nan,,ok
3782.361855,nan,,cycles:u,cycles,0.0,100.0,nan,,ok
3782.361855,nan,,branches:u,branches,0.0,100.0,nan,,ok
3782.361855,nan,,branch-misses:u,branch-misses,0.0,100.0,nan,,ok
3782.361855,nan,,L1-dcache-loads:u,l1-dcache-loads,0.0,100.0,nan,,ok
3782.361855,nan,,cache-references:u,cache-references,0.0,100.0,nan,,ok
3782.361855,nan,,cache-misses:u,cache-misses,0.0,100.0,nan,,ok
3782.361855,nan,,stalled-cycles-frontend:u,stalled-cycles-frontend,0.0,100.0,nan,,ok
3793.904067,nan,,instructions:u,instructions,0.0,100.0,nan,,ok
3793.904067,nan,,cycles:u,cycles,0.0,100.0,nan,,ok
3793.904067,nan,,branches:u,branches,0.0,100.0,nan,,ok
3793.904067,nan,,branch-misses:u,branch-misses,0.0,100.0,nan,,ok
3793.904067,nan,,L1-dcache-loads:u,l1-dcache-loads,0.0,100.0,nan,,ok
3793.904067,nan,,cache-references:u,cache-references,0.0,100.0,nan,,ok
3793.904067,nan,,cache-misses:u,cache-misses,0.0,100.0,nan,,ok
3793.904067,nan,,stalled-cycles-frontend:u,stalled-cycles-frontend,0.0,100.0,nan,,ok
3805.371529,nan,,instructions:u,instructions,0.0,100.0,nan,,ok
3805.371529,nan,,cycles:u,cycles,0.0,100.0,nan,,ok
3805.371529,nan,,branches:u,branches,0.0,100.0,nan,,ok
3805.371529,nan,,branch-misses:u,branch-misses,0.0,100.0,nan,,ok
3805.371529,nan,,L1-dcache-loads:u,l1-dcache-loads,0.0,100.0,nan,,ok
3805.371529,nan,,cache-references:u,cache-references,0.0,100.0,nan,,ok
3805.371529,nan,,cache-misses:u,cache-misses,0.0,100.0,nan,,ok
3805.371529,nan,,stalled-cycles-frontend:u,stalled-cycles-frontend,0.0,100.0,nan,,ok
3816.7679479999997,nan,,instructions:u,instructions,0.0,100.0,nan,,ok
3816.7679479999997,nan,,cycles:u,cycles,0.0,100.0,nan,,ok
3816.7679479999997,nan,,branches:u,branches,0.0,100.0,nan,,ok
3816.7679479999997,nan,,branch-misses:u,branch-misses,0.0,100.0,nan,,ok
3816.7679479999997,nan,,L1-dcache-loads:u,l1-dcache-loads,0.0,100.0,nan,,ok
3816.7679479999997,nan,,cache-references:u,cache-references,0.0,100.0,nan,,ok
3816.7679479999997,nan,,cache-misses:u,cache-misses,0.0,100.0,nan,,ok
3816.7679479999997,nan,,stalled-cycles-frontend:u,stalled-cycles-frontend,0.0,100.0,nan,,ok
3828.039982,nan,,instructions:u,instructions,0.0,100.0,nan,,ok
3828.039982,nan,,cycles:u,cycles,0.0,100.0,nan,,ok
3828.039982,nan,,branches:u,branches,0.0,100.0,nan,,ok
3828.039982,nan,,branch-misses:u,branch-misses,0.0,100.0,nan,,ok
3828.039982,nan,,L1-dcache-loads:u,l1-dcache-loads,0.0,100.0,nan,,ok
3828.039982,nan,,cache-references:u,cache-references,0.0,100.0,nan,,ok
3828.039982,nan,,cache-misses:u,cache-misses,0.0,100.0,nan,,ok
3828.039982,nan,,stalled-cycles-frontend:u,stalled-cycles-frontend,0.0,100.0,nan,,ok
3839.661688,0.0,,instructions:u,instructions,2954244.0,59.0,nan,,ok
3839.661688,0.0,,cycles:u,cycles,1990496.0,40.0,nan,,ok
3839.661688,0.0,,branches:u,branches,2027538.0,40.0,nan,,ok
3839.661688,0.0,,branch-misses:u,branch-misses,2045985.0,40.0,nan,,ok
3839.661688,0.0,,L1-dcache-loads:u,l1-dcache-loads,2045787.0,40.0,nan,,ok
3839.661688,0.0,,cache-references:u,cache-references,2068441.0,40.0,nan,,ok
3839.661688,0.0,,cache-misses:u,cache-misses,2976220.0,58.0,nan,,ok
3839.661688,0.0,,stalled-cycles-frontend:u,stalled-cycles-frontend,2005889.0,39.0,nan,,ok
3851.7241000000004,0.0,,instructions:u,instructions,48790.0,25.0,nan,,ok
3851.7241000000004,0.0,,cycles:u,cycles,156994.0,100.0,nan,,ok
3851.7241000000004,0.0,,branches:u,branches,119952.0,100.0,nan,,ok
3851.7241000000004,0.0,,branch-misses:u,branch-misses,101505.0,100.0,nan,,ok
3851.7241000000004,0.0,,L1-dcache-loads:u,l1-dcache-loads,81212.0,100.0,nan,,ok
3851.7241000000004,0.0,,cache-references:u,cache-references,52235.0,100.0,nan,,ok
3851.7241000000004,nan,,cache-misses:u,cache-misses,0.0,0.0,nan,,ok
3851.7241000000004,nan,,stalled-cycles-frontend:u,stalled-cycles-frontend,0.0,0.0,nan,,ok
3863.2159979999997,nan,,instructions:u,instructions,0.0,100.0,nan,,ok
3863.2159979999997,nan,,cycles:u,cycles,0.0,100.0,nan,,ok
3863.2159979999997,nan,,branches:u,branches,0.0,100.0,nan,,ok
3863.2159979999997,nan,,branch-misses:u,branch-misses,0.0,100.0,nan,,ok
3863.2159979999997,nan,,L1-dcache-loads:u,l1-dcache-loads,0.0,100.0,nan,,ok
3863.2159979999997,nan,,cache-references:u,cache-references,0.0,100.0,nan,,ok
3863.2159979999997,nan,,cache-misses:u,cache-misses,0.0,100.0,nan,,ok
3863.2159979999997,nan,,stalled-cycles-frontend:u,stalled-cycles-frontend,0.0,100.0,nan,,ok
3874.657838,nan,,instructions:u,instructions,0.0,100.0,nan,,ok
3874.657838,nan,,cycles:u,cycles,0.0,100.0,nan,,ok
3874.657838,nan,,branches:u,branches,0.0,100.0,nan,,ok
3874.657838,nan,,branch-misses:u,branch-misses,0.0,100.0,nan,,ok
3874.657838,nan,,L1-dcache-loads:u,l1-dcache-loads,0.0,100.0,nan,,ok
3874.657838,nan,,cache-references:u,cache-references,0.0,100.0,nan,,ok
3874.657838,nan,,cache-misses:u,cache-misses,0.0,100.0,nan,,ok
3874.657838,nan,,stalled-cycles-frontend:u,stalled-cycles-frontend,0.0,100.0,nan,,ok
3886.2772099999997,nan,,instructions:u,instructions,0.0,100.0,nan,,ok
3886.2772099999997,nan,,cycles:u,cycles,0.0,100.0,nan,,ok
3886.2772099999997,nan,,branches:u,branches,0.0,100.0,nan,,ok
3886.2772099999997,nan,,branch-misses:u,branch-misses,0.0,100.0,nan,,ok
3886.2772099999997,nan,,L1-dcache-loads:u,l1-dcache-loads,0.0,100.0,nan,,ok
3886.2772099999997,nan,,cache-references:u,cache-references,0.0,100.0,nan,,ok
3886.2772099999997,nan,,cache-misses:u,cache-misses,0.0,100.0,nan,,ok
3886.2772099999997,nan,,stalled-cycles-frontend:u,stalled-cycles-frontend,0.0,100.0,nan,,ok
3897.70853,nan,,instructions:u,instructions,0.0,100.0,nan,,ok
3897.70853,nan,,cycles:u,cycles,0.0,100.0,nan,,ok
3897.70853,nan,,branches:u,branches,0.0,100.0,nan,,ok
3897.70853,nan,,branch-misses:u,branch-misses,0.0,100.0,nan,,ok
3897.70853,nan,,L1-dcache-loads:u,l1-dcache-loads,0.0,100.0,nan,,ok
3897.70853,nan,,cache-references:u,cache-references,0.0,100.0,nan,,ok
3897.70853,nan,,cache-misses:u,cache-misses,0.0,100.0,nan,,ok
3897.70853,nan,,stalled-cycles-frontend:u,stalled-cycles-frontend,0.0,100.0,nan,,ok
3909.1147039999996,nan,,instructions:u,instructions,0.0,100.0,nan,,ok
3909.1147039999996,nan,,cycles:u,cycles,0.0,100.0,nan,,ok
3909.1147039999996,nan,,branches:u,branches,0.0,100.0,nan,,ok
3909.1147039999996,nan,,branch-misses:u,branch-misses,0.0,100.0,nan,,ok
3909.1147039999996,nan,,L1-dcache-loads:u,l1-dcache-loads,0.0,100.0,nan,,ok
3909.1147039999996,nan,,cache-references:u,cache-references,0.0,100.0,nan,,ok
3909.1147039999996,nan,,cache-misses:u,cache-misses,0.0,100.0,nan,,ok
3909.1147039999996,nan,,stalled-cycles-frontend:u,stalled-cycles-frontend,0.0,100.0,nan,,ok
3920.445091,nan,,instructions:u,instructions,0.0,100.0,nan,,ok
3920.445091,nan,,cycles:u,cycles,0.0,100.0,nan,,ok
3920.445091,nan,,branches:u,branches,0.0,100.0,nan,,ok
3920.445091,nan,,branch-misses:u,branch-misses,0.0,100.0,nan,,ok
3920.445091,nan,,L1-dcache-loads:u,l1-dcache-loads,0.0,100.0,nan,,ok
3920.445091,nan,,cache-references:u,cache-references,0.0,100.0,nan,,ok
3920.445091,nan,,cache-misses:u,cache-misses,0.0,100.0,nan,,ok
3920.445091,nan,,stalled-cycles-frontend:u,stalled-cycles-frontend,0.0,100.0,nan,,ok
3931.981247,nan,,instructions:u,instructions,0.0,0.0,nan,,ok
3931.981247,0.0,,cycles:u,cycles,990883.0,23.0,nan,,ok
3931.981247,0.0,,branches:u,branches,1987340.0,46.0,nan,,ok
3931.981247,0.0,,branch-misses:u,branch-misses,2994656.0,69.0,nan,,ok
3931.981247,0.0,,L1-dcache-loads:u,l1-dcache-loads,3991800.0,92.0,nan,,ok
3931.981247,0.0,,cache-references:u,cache-references,4318358.0,100.0,nan,,ok
3931.981247,0.0,,cache-misses:u,cache-misses,3353345.0,77.0,nan,,ok
3931.981247,nan,,stalled-cycles-frontend:u,stalled-cycles-frontend,0.0,0.0,nan,,ok
3943.3952040000004,0.0,,instructions:u,instructions,125986.0,14.0,nan,,ok
3943.3952040000004,nan,,cycles:u,cycles,0.0,0.0,nan,,ok
3943.3952040000004,nan,,branches:u,branches,0.0,0.0,nan,,ok
3943.3952040000004,nan,,branch-misses:u,branch-misses,0.0,0.0,nan,,ok
3943.3952040000004,nan,,L1-dcache-loads:u,l1-dcache-loads,0.0,0.0,nan,,ok
3943.3952040000004,0.0,,cache-references:u,cache-references,678449.0,84.0,nan,,ok
3943.3952040000004,0.0,,cache-misses:u,cache-misses,778565.0,100.0,nan,,ok
3943.3952040000004,0.0,,stalled-cycles-frontend:u,stalled-cycles-frontend,125986.0,16.0,nan,,ok
3954.864116,nan,,instructions:u,instructions,0.0,100.0,nan,,ok
3954.864116,nan,,cycles:u,cycles,0.0,100.0,nan,,ok
3954.864116,nan,,branches:u,branches,0.0,100.0,nan,,ok
3954.864116,nan,,branch-misses:u,branch-misses,0.0,100.0,nan,,ok
3954.864116,nan,,L1-dcache-loads:u,l1-dcache-loads,0.0,100.0,nan,,ok
3954.864116,nan,,cache-references:u,cache-references,0.0,100.0,nan,,ok
3954.864116,nan,,cache-misses:u,cache-misses,0.0,100.0,nan,,ok
3954.864116,nan,,stalled-cycles-frontend:u,stalled-cycles-frontend,0.0,100.0,nan,,ok
3966.342503,nan,,instructions:u,instructions,0.0,100.0,nan,,ok
3966.342503,nan,,cycles:u,cycles,0.0,100.0,nan,,ok
3966.342503,nan,,branches:u,branches,0.0,100.0,nan,,ok
3966.342503,nan,,branch-misses:u,branch-misses,0.0,100.0,nan,,ok
3966.342503,nan,,L1-dcache-loads:u,l1-dcache-loads,0.0,100.0,nan,,ok
3966.342503,nan,,cache-references:u,cache-references,0.0,100.0,nan,,ok
3966.342503,nan,,cache-misses:u,cache-misses,0.0,100.0,nan,,ok
3966.342503,nan,,stalled-cycles-frontend:u,stalled-cycles-frontend,0.0,100.0,nan,,ok
3977.80246,nan,,instructions:u,instructions,0.0,100.0,nan,,ok
3977.80246,nan,,cycles:u,cycles,0.0,100.0,nan,,ok
3977.80246,nan,,branches:u,branches,0.0,100.0,nan,,ok
3977.80246,nan,,branch-misses:u,branch-misses,0.0,100.0,nan,,ok
3977.80246,nan,,L1-dcache-loads:u,l1-dcache-loads,0.0,100.0,nan,,ok
3977.80246,nan,,cache-references:u,cache-references,0.0,100.0,nan,,ok
3977.80246,nan,,cache-misses:u,cache-misses,0.0,100.0,nan,,ok
3977.80246,nan,,stalled-cycles-frontend:u,stalled-cycles-frontend,0.0,100.0,nan,,ok
3989.431524,nan,,instructions:u,instructions,0.0,100.0,nan,,ok
3989.431524,nan,,cycles:u,cycles,0.0,100.0,nan,,ok
3989.431524,nan,,branches:u,branches,0.0,100.0,nan,,ok
3989.431524,nan,,branch-misses:u,branch-misses,0.0,100.0,nan,,ok
3989.431524,nan,,L1-dcache-loads:u,l1-dcache-loads,0.0,100.0,nan,,ok
3989.431524,nan,,cache-references:u,cache-references,0.0,100.0,nan,,ok
3989.431524,nan,,cache-misses:u,cache-misses,0.0,100.0,nan,,ok
3989.431524,nan,,stalled-cycles-frontend:u,stalled-cycles-frontend,0.0,100.0,nan,,ok
4000.9954299999995,nan,,instructions:u,instructions,0.0,100.0,nan,,ok
4000.9954299999995,nan,,cycles:u,cycles,0.0,100.0,nan,,ok
4000.9954299999995,nan,,branches:u,branches,0.0,100.0,nan,,ok
4000.9954299999995,nan,,branch-misses:u,branch-misses,0.0,100.0,nan,,ok
4000.9954299999995,nan,,L1-dcache-loads:u,l1-dcache-loads,0.0,100.0,nan,,ok
4000.9954299999995,nan,,cache-references:u,cache-references,0.0,100.0,nan,,ok
4000.9954299999995,nan,,cache-misses:u,cache-misses,0.0,100.0,nan,,ok
4000.9954299999995,nan,,stalled-cycles-frontend:u,stalled-cycles-frontend,0.0,100.0,nan,,ok
4012.5652729999997,nan,,instructions:u,instructions,0.0,100.0,nan,,ok
4012.5652729999997,nan,,cycles:u,cycles,0.0,100.0,nan,,ok
4012.5652729999997,nan,,branches:u,branches,0.0,100.0,nan,,ok
4012.5652729999997,nan,,branch-misses:u,branch-misses,0.0,100.0,nan,,ok
4012.5652729999997,nan,,L1-dcache-loads:u,l1-dcache-loads,0.0,100.0,nan,,ok
4012.5652729999997,nan,,cache-references:u,cache-references,0.0,100.0,nan,,ok
4012.5652729999997,nan,,cache-misses:u,cache-misses,0.0,100.0,nan,,ok
4012.5652729999997,nan,,stalled-cycles-frontend:u,stalled-cycles-frontend,0.0,100.0,nan,,ok
4023.81395,0.0,,instructions:u,instructions,2970447.0,41.0,nan,,ok
4023.81395,0.0,,cycles:u,cycles,2993999.0,42.0,nan,,ok
4023.81395,0.0,,branches:u,branches,3990988.0,55.0,nan,,ok
4023.81395,0.0,,branch-misses:u,branch-misses,4993655.0,69.0,nan,,ok
4023.81395,0.0,,L1-dcache-loads:u,l1-dcache-loads,4994659.0,69.0,nan,,ok
4023.81395,0.0,,cache-references:u,cache-references,4248616.0,58.0,nan,,ok
4023.81395,0.0,,cache-misses:u,cache-misses,4253119.0,58.0,nan,,ok
4023.81395,0.0,,stalled-cycles-frontend:u,stalled-cycles-frontend,1971503.0,27.0,nan,,ok
4035.6431759999996,0.0,,instructions:u,instructions,1229565.0,57.0,nan,,ok
4035.6431759999996,0.0,,cycles:u,cycles,252881.0,12.0,nan,,ok
4035.6431759999996,0.0,,branches:u,branches,252881.0,12.0,nan,,ok
4035.6431759999996,0.0,,branch-misses:u,branch-misses,252881.0,12.0,nan,,ok
4035.6431759999996,nan,,L1-dcache-loads:u,l1-dcache-loads,0.0,0.0,nan,,ok
4035.6431759999996,0.0,,cache-references:u,cache-references,771808.0,38.0,nan,,ok
4035.6431759999996,0.0,,cache-misses:u,cache-misses,1720437.0,87.0,nan,,ok
4035.6431759999996,0.0,,stalled-cycles-frontend:u,stalled-cycles-frontend,1229565.0,63.0,nan,,ok
4047.1464050000004,nan,,instructions:u,instructions,0.0,100.0,nan,,ok
4047.1464050000004,nan,,cycles:u,cycles,0.0,100.0,nan,,ok
4047.1464050000004,nan,,branches:u,branches,0.0,100.0,nan,,ok
4047.1464050000004,nan,,branch-misses:u,branch-misses,0.0,100.0,nan,,ok
4047.1464050000004,nan,,L1-dcache-loads:u,l1-dcache-loads,0.0,100.0,nan,,ok
4047.1464050000004,nan,,cache-references:u,cache-references,0.0,100.0,nan,,ok
4047.1464050000004,nan,,cache-misses:u,cache-misses,0.0,100.0,nan,,ok
4047.1464050000004,nan,,stalled-cycles-frontend:u,stalled-cycles-frontend,0.0,100.0,nan,,ok
4058.7776639999997,nan,,instructions:u,instructions,0.0,100.0,nan,,ok
4058.7776639999997,nan,,cycles:u,cycles,0.0,100.0,nan,,ok
4058.7776639999997,nan,,branches:u,branches,0.0,100.0,nan,,ok
4058.7776639999997,nan,,branch-misses:u,branch-misses,0.0,100.0,nan,,ok
4058.7776639999997,nan,,L1-dcache-loads:u,l1-dcache-loads,0.0,100.0,nan,,ok
4058.7776639999997,nan,,cache-references:u,cache-references,0.0,100.0,nan,,ok
4058.7776639999997,nan,,cache-misses:u,cache-misses,0.0,100.0,nan,,ok
4058.7776639999997,nan,,stalled-cycles-frontend:u,stalled-cycles-frontend,0.0,100.0,nan,,ok
4070.2654589999997,nan,,instructions:u,instructions,0.0,100.0,nan,,ok
4070.2654589999997,nan,,cycles:u,cycles,0.0,100.0,nan,,ok
4070.2654589999997,nan,,branches:u,branches,0.0,100.0,nan,,ok
4070.2654589999997,nan,,branch-misses:u,branch-misses,0.0,100.0,nan,,ok
4070.2654589999997,nan,,L1-dcache-loads:u,l1-dcache-loads,0.0,100.0,nan,,ok
4070.2654589999997,nan,,cache-references:u,cache-references,0.0,100.0,nan,,ok
4070.2654589999997,nan,,cache-misses:u,cache-misses,0.0,100.0,nan,,ok
4070.2654589999997,nan,,stalled-cycles-frontend:u,stalled-cycles-frontend,0.0,100.0,nan,,ok
4081.5392939999997,nan,,instructions:u,instructions,0.0,100.0,nan,,ok
4081.5392939999997,nan,,cycles:u,cycles,0.0,100.0,nan,,ok
4081.5392939999997,nan,,branches:u,branches,0.0,100.0,nan,,ok
4081.5392939999997,nan,,branch-misses:u,branch-misses,0.0,100.0,nan,,ok
4081.5392939999997,nan,,L1-dcache-loads:u,l1-dcache-loads,0.0,100.0,nan,,ok
4081.5392939999997,nan,,cache-references:u,cache-references,0.0,100.0,nan,,ok
4081.5392939999997,nan,,cache-misses:u,cache-misses,0.0,100.0,nan,,ok
4081.5392939999997,nan,,stalled-cycles-frontend:u,stalled-cycles-frontend,0.0,100.0,nan,,ok
4092.97428,nan,,instructions:u,instructions,0.0,100.0,nan,,ok
4092.97428,nan,,cycles:u,cycles,0.0,100.0,nan,,ok
4092.97428,nan,,branches:u,branches,0.0,100.0,nan,,ok
4092.97428,nan,,branch-misses:u,branch-misses,0.0,100.0,nan,,ok
4092.97428,nan,,L1-dcache-loads:u,l1-dcache-loads,0.0,100.0,nan,,ok
4092.97428,nan,,cache-references:u,cache-references,0.0,100.0,nan,,ok
4092.97428,nan,,cache-misses:u,cache-misses,0.0,100.0,nan,,ok
4092.97428,nan,,stalled-cycles-frontend:u,stalled-cycles-frontend,0.0,100.0,nan,,ok
4104.426632,nan,,instructions:u,instructions,0.0,100.0,nan,,ok
4104.426632,nan,,cycles:u,cycles,0.0,100.0,nan,,ok
4104.426632,nan,,branches:u,branches,0.0,100.0,nan,,ok
4104.426632,nan,,branch-misses:u,branch-misses,0.0,100.0,nan,,ok
4104.426632,nan,,L1-dcache-loads:u,l1-dcache-loads,0.0,100.0,nan,,ok
4104.426632,nan,,cache-references:u,cache-references,0.0,100.0,nan,,ok
4104.426632,nan,,cache-misses:u,cache-misses,0.0,100.0,nan,,ok
4104.426632,nan,,stalled-cycles-frontend:u,stalled-cycles-frontend,0.0,100.0,nan,,ok
4116.014399,nan,,instructions:u,instructions,0.0,100.0,nan,,ok
4116.014399,nan,,cycles:u,cycles,0.0,100.0,nan,,ok
4116.014399,nan,,branches:u,branches,0.0,100.0,nan,,ok
4116.014399,nan,,branch-misses:u,branch-misses,0.0,100.0,nan,,ok
4116.014399,nan,,L1-dcache-loads:u,l1-dcache-loads,0.0,100.0,nan,,ok
4116.014399,nan,,cache-references:u,cache-references,0.0,100.0,nan,,ok
4116.014399,nan,,cache-misses:u,cache-misses,0.0,100.0,nan,,ok
4116.014399,nan,,stalled-cycles-frontend:u,stalled-cycles-frontend,0.0,100.0,nan,,ok
4127.531686,nan,,instructions:u,instructions,0.0,100.0,nan,,ok
4127.531686,nan,,cycles:u,cycles,0.0,100.0,nan,,ok
4127.531686,nan,,branches:u,branches,0.0,100.0,nan,,ok
4127.531686,nan,,branch-misses:u,branch-misses,0.0,100.0,nan,,ok
4127.531686,nan,,L1-dcache-loads:u,l1-dcache-loads,0.0,100.0,nan,,ok
4127.531686,nan,,cache-references:u,cache-references,0.0,100.0,nan,,ok
4127.531686,nan,,cache-misses:u,cache-misses,0.0,100.0,nan,,ok
4127.531686,nan,,stalled-cycles-frontend:u,stalled-cycles-frontend,0.0,100.0,nan,,ok
4139.068605,nan,,instructions:u,instructions,0.0,100.0,nan,,ok
4139.068605,nan,,cycles:u,cycles,0.0,100.0,nan,,ok
4139.068605,nan,,branches:u,branches,0.0,100.0,nan,,ok
4139.068605,nan,,branch-misses:u,branch-misses,0.0,100.0,nan,,ok
4139.068605,nan,,L1-dcache-loads:u,l1-dcache-loads,0.0,100.0,nan,,ok
4139.068605,nan,,cache-references:u,cache-references,0.0,100.0,nan,,ok
4139.068605,nan,,cache-misses:u,cache-misses,0.0,100.0,nan,,ok
4139.068605,nan,,stalled-cycles-frontend:u,stalled-cycles-frontend,0.0,100.0,nan,,ok
4150.604558,nan,,instructions:u,instructions,0.0,100.0,nan,,ok
4150.604558,nan,,cycles:u,cycles,0.0,100.0,nan,,ok
4150.604558,nan,,branches:u,branches,0.0,100.0,nan,,ok
4150.604558,nan,,branch-misses:u,branch-misses,0.0,100.0,nan,,ok
4150.604558,nan,,L1-dcache-loads:u,l1-dcache-loads,0.0,100.0,nan,,ok
4150.604558,nan,,cache-references:u,cache-references,0.0,100.0,nan,,ok
4150.604558,nan,,cache-misses:u,cache-misses,0.0,100.0,nan,,ok
4150.604558,nan,,stalled-cycles-frontend:u,stalled-cycles-frontend,0.0,100.0,nan,,ok
4162.054529,nan,,instructions:u,instructions,0.0,100.0,nan,,ok
4162.054529,nan,,cycles:u,cycles,0.0,100.0,nan,,ok
4162.054529,nan,,branches:u,branches,0.0,100.0,nan,,ok
4162.054529,nan,,branch-misses:u,branch-misses,0.0,100.0,nan,,ok
4162.054529,nan,,L1-dcache-loads:u,l1-dcache-loads,0.0,100.0,nan,,ok
4162.054529,nan,,cache-references:u,cache-references,0.0,100.0,nan,,ok
4162.054529,nan,,cache-misses:u,cache-misses,0.0,100.0,nan,,ok
4162.054529,nan,,stalled-cycles-frontend:u,stalled-cycles-frontend,0.0,100.0,nan,,ok
4173.606221,0.0,,instructions:u,instructions,1994000.0,51.0,nan,,ok
4173.606221,0.0,,cycles:u,cycles,2991085.0,76.0,nan,,ok
4173.606221,0.0,,branches:u,branches,3915386.0,100.0,nan,,ok
4173.606221,0.0,,branch-misses:u,branch-misses,3935055.0,100.0,nan,,ok
4173.606221,0.0,,L1-dcache-loads:u,l1-dcache-loads,2962756.0,74.0,nan,,ok
4173.606221,0.0,,cache-references:u,cache-references,1990200.0,49.0,nan,,ok
4173.606221,0.0,,cache-misses:u,cache-misses,1035188.0,25.0,nan,,ok
4173.606221,0.0,,stalled-cycles-frontend:u,stalled-cycles-frontend,989450.0,24.0,nan,,ok
4185.2863449999995,0.0,,instructions:u,instructions,568785.0,15.0,nan,,ok
4185.2863449999995,nan,,cycles:u,cycles,0.0,0.0,nan,,ok
4185.2863449999995,0.0,,branches:u,branches,80205.0,2.0,nan,,ok
4185.2863449999995,0.0,,branch-misses:u,branch-misses,1055749.0,29.0,nan,,ok
4185.2863449999995,0.0,,L1-dcache-loads:u,l1-dcache-loads,2034639.0,56.0,nan,,ok
4185.2863449999995,0.0,,cache-references:u,cache-references,3002249.0,84.0,nan,,ok
4185.2863449999995,0.0,,cache-misses:u,cache-misses,3528961.0,100.0,nan,,ok
4185.2863449999995,0.0,,stalled-cycles-frontend:u,stalled-cycles-frontend,568785.0,16.0,nan,,ok
4196.933529,nan,,instructions:u,instructions,0.0,100.0,nan,,ok
4196.933529,nan,,cycles:u,cycles,0.0,100.0,nan,,ok
4196.933529,nan,,branches:u,branches,0.0,100.0,nan,,ok
4196.933529,nan,,branch-misses:u,branch-misses,0.0,100.0,nan,,ok
4196.933529,nan,,L1-dcache-loads:u,l1-dcache-loads,0.0,100.0,nan,,ok
4196.933529,nan,,cache-references:u,cache-references,0.0,100.0,nan,,ok
4196.933529,nan,,cache-misses:u,cache-misses,0.0,100.0,nan,,ok
4196.933529,nan,,stalled-cycles-frontend:u,stalled-cycles-frontend,0.0,100.0,nan,,ok
4208.463329,nan,,instructions:u,instructions,0.0,100.0,nan,,ok
4208.463329,nan,,cycles:u,cycles,0.0,100.0,nan,,ok
4208.463329,nan,,branches:u,branches,0.0,100.0,nan,,ok
4208.463329,nan,,branch-misses:u,branch-misses,0.0,100.0,nan,,ok
4208.463329,nan,,L1-dcache-loads:u,l1-dcache-loads,0.0,100.0,nan,,ok
4208.463329,nan,,cache-references:u,cache-references,0.0,100.0,nan,,ok
4208.463329,nan,,cache-misses:u,cache-misses,0.0,100.0,nan,,ok
4208.463329,nan,,stalled-cycles-frontend:u,stalled-cycles-frontend,0.0,100.0,nan,,ok
4220.0064680000005,nan,,instructions:u,instructions,0.0,100.0,nan,,ok
4220.0064680000005,nan,,cycles:u,cycles,0.0,100.0,nan,,ok
4220.0064680000005,nan,,branches:u,branches,0.0,100.0,nan,,ok
4220.0064680000005,nan,,branch-misses:u,branch-misses,0.0,100.0,nan,,ok
4220.0064680000005,nan,,L1-dcache-loads:u,l1-dcache-loads,0.0,100.0,nan,,ok
4220.0064680000005,nan,,cache-references:u,cache-references,0.0,100.0,nan,,ok
4220.0064680000005,nan,,cache-misses:u,cache-misses,0.0,100.0,nan,,ok
4220.0064680000005,nan,,stalled-cycles-frontend:u,stalled-cycles-frontend,0.0,100.0,nan,,ok
4231.31065,nan,,instructions:u,instructions,0.0,100.0,nan,,ok
4231.31065,nan,,cycles:u,cycles,0.0,100.0,nan,,ok
4231.31065,nan,,branches:u,branches,0.0,100.0,nan,,ok
4231.31065,nan,,branch-misses:u,branch-misses,0.0,100.0,nan,,ok
4231.31065,nan,,L1-dcache-loads:u,l1-dcache-loads,0.0,100.0,nan,,ok
4231.31065,nan,,cache-references:u,cache-references,0.0,100.0,nan,,ok
4231.31065,nan,,cache-misses:u,cache-misses,0.0,100.0,nan,,ok
4231.31065,nan,,stalled-cycles-frontend:u,stalled-cycles-frontend,0.0,100.0,nan,,ok
4242.630907,nan,,instructions:u,instructions,0.0,100.0,nan,,ok
4242.630907,nan,,cycles:u,cycles,0.0,100.0,nan,,ok
4242.630907,nan,,branches:u,branches,0.0,100.0,nan,,ok
4242.630907,nan,,branch-misses:u,branch-misses,0.0,100.0,nan,,ok
4242.630907,nan,,L1-dcache-loads:u,l1-dcache-loads,0.0,100.0,nan,,ok
4242.630907,nan,,cache-references:u,cache-references,0.0,100.0,nan,,ok
4242.630907,nan,,cache-misses:u,cache-misses,0.0,100.0,nan,,ok
4242.630907,nan,,stalled-cycles-frontend:u,stalled-cycles-frontend,0.0,100.0,nan,,ok
4254.253525,nan,,instructions:u,instructions,0.0,100.0,nan,,ok
4254.253525,nan,,cycles:u,cycles,0.0,100.0,nan,,ok
4254.253525,nan,,branches:u,branches,0.0,100.0,nan,,ok
4254.253525,nan,,branch-misses:u,branch-misses,0.0,100.0,nan,,ok
4254.253525,nan,,L1-dcache-loads:u,l1-dcache-loads,0.0,100.0,nan,,ok
4254.253525,nan,,cache-references:u,cache-references,0.0,100.0,nan,,ok
4254.253525,nan,,cache-misses:u,cache-misses,0.0,100.0,nan,,ok
4254.253525,nan,,stalled-cycles-frontend:u,stalled-cycles-frontend,0.0,100.0,nan,,ok
4265.780978,nan,,instructions:u,instructions,0.0,100.0,nan,,ok
4265.780978,nan,,cycles:u,cycles,0.0,100.0,nan,,ok
4265.780978,nan,,branches:u,branches,0.0,100.0,nan,,ok
4265.780978,nan,,branch-misses:u,branch-misses,0.0,100.0,nan,,ok
4265.780978,nan,,L1-dcache-loads:u,l1-dcache-loads,0.0,100.0,nan,,ok
4265.780978,nan,,cache-references:u,cache-references,0.0,100.0,nan,,ok
4265.780978,nan,,cache-misses:u,cache-misses,0.0,100.0,nan,,ok
4265.780978,nan,,stalled-cycles-frontend:u,stalled-cycles-frontend,0.0,100.0,nan,,ok
4277.294885,nan,,instructions:u,instructions,0.0,100.0,nan,,ok
4277.294885,nan,,cycles:u,cycles,0.0,100.0,nan,,ok
4277.294885,nan,,branches:u,branches,0.0,100.0,nan,,ok
4277.294885,nan,,branch-misses:u,branch-misses,0.0,100.0,nan,,ok
4277.294885,nan,,L1-dcache-loads:u,l1-dcache-loads,0.0,100.0,nan,,ok
4277.294885,nan,,cache-references:u,cache-references,0.0,100.0,nan,,ok
4277.294885,nan,,cache-misses:u,cache-misses,0.0,100.0,nan,,ok
4277.294885,nan,,stalled-cycles-frontend:u,stalled-cycles-frontend,0.0,100.0,nan,,ok
4288.38617,nan,,instructions:u,instructions,0.0,100.0,nan,,ok
4288.38617,nan,,cycles:u,cycles,0.0,100.0,nan,,ok
4288.38617,nan,,branches:u,branches,0.0,100.0,nan,,ok
4288.38617,nan,,branch-misses:u,branch-misses,0.0,100.0,nan,,ok
4288.38617,nan,,L1-dcache-loads:u,l1-dcache-loads,0.0,100.0,nan,,ok
4288.38617,nan,,cache-references:u,cache-references,0.0,100.0,nan,,ok
4288.38617,nan,,cache-misses:u,cache-misses,0.0,100.0,nan,,ok
4288.38617,nan,,stalled-cycles-frontend:u,stalled-cycles-frontend,0.0,100.0,nan,,ok
4299.446459000001,nan,,instructions:u,instructions,0.0,100.0,nan,,ok
4299.446459000001,nan,,cycles:u,cycles,0.0,100.0,nan,,ok
4299.446459000001,nan,,branches:u,branches,0.0,100.0,nan,,ok
4299.446459000001,nan,,branch-misses:u,branch-misses,0.0,100.0,nan,,ok
4299.446459000001,nan,,L1-dcache-loads:u,l1-dcache-loads,0.0,100.0,nan,,ok
4299.446459000001,nan,,cache-references:u,cache-references,0.0,100.0,nan,,ok
4299.446459000001,nan,,cache-misses:u,cache-misses,0.0,100.0,nan,,ok
4299.446459000001,nan,,stalled-cycles-frontend:u,stalled-cycles-frontend,0.0,100.0,nan,,ok
4310.920303999999,nan,,instructions:u,instructions,0.0,100.0,nan,,ok
4310.920303999999,nan,,cycles:u,cycles,0.0,100.0,nan,,ok
4310.920303999999,nan,,branches:u,branches,0.0,100.0,nan,,ok
4310.920303999999,nan,,branch-misses:u,branch-misses,0.0,100.0,nan,,ok
4310.920303999999,nan,,L1-dcache-loads:u,l1-dcache-loads,0.0,100.0,nan,,ok
4310.920303999999,nan,,cache-references:u,cache-references,0.0,100.0,nan,,ok
4310.920303999999,nan,,cache-misses:u,cache-misses,0.0,100.0,nan,,ok
4310.920303999999,nan,,stalled-cycles-frontend:u,stalled-cycles-frontend,0.0,100.0,nan,,ok
4322.315548,nan,,instructions:u,instructions,0.0,100.0,nan,,ok
4322.315548,nan,,cycles:u,cycles,0.0,100.0,nan,,ok
4322.315548,nan,,branches:u,branches,0.0,100.0,nan,,ok
4322.315548,nan,,branch-misses:u,branch-misses,0.0,100.0,nan,,ok
4322.315548,nan,,L1-dcache-loads:u,l1-dcache-loads,0.0,100.0,nan,,ok
4322.315548,nan,,cache-references:u,cache-references,0.0,100.0,nan,,ok
4322.315548,nan,,cache-misses:u,cache-misses,0.0,100.0,nan,,ok
4322.315548,nan,,stalled-cycles-frontend:u,stalled-cycles-frontend,0.0,100.0,nan,,ok
4333.231438000001,0.0,,instructions:u,instructions,2984368.0,66.0,nan,,ok
4333.231438000001,0.0,,cycles:u,cycles,2996318.0,66.0,nan,,ok
4333.231438000001,0.0,,branches:u,branches,3548439.0,78.0,nan,,ok
4333.231438000001,0.0,,branch-misses:u,branch-misses,3567243.0,78.0,nan,,ok
4333.231438000001,0.0,,L1-dcache-loads:u,l1-dcache-loads,2583758.0,56.0,nan,,ok
4333.231438000001,0.0,,cache-references:u,cache-references,1604661.0,34.0,nan,,ok
4333.231438000001,0.0,,cache-misses:u,cache-misses,1612754.0,34.0,nan,,ok
4333.231438000001,0.0,,stalled-cycles-frontend:u,stalled-cycles-frontend,1986703.0,42.0,nan,,ok
4344.202004999999,nan,,instructions:u,instructions,0.0,0.0,nan,,ok
4344.202004999999,nan,,cycles:u,cycles,0.0,0.0,nan,,ok
4344.202004999999,0.0,,branches:u,branches,450384.0,32.0,nan,,ok
4344.202004999999,0.0,,branch-misses:u,branch-misses,1361277.0,100.0,nan,,ok
4344.202004999999,0.0,,L1-dcache-loads:u,l1-dcache-loads,1344207.0,100.0,nan,,ok
4344.202004999999,0.0,,cache-references:u,cache-references,1325639.0,100.0,nan,,ok
4344.202004999999,0.0,,cache-misses:u,cache-misses,1305596.0,100.0,nan,,ok
4344.202004999999,nan,,stalled-cycles-frontend:u,stalled-cycles-frontend,0.0,0.0,nan,,ok
4355.116133,nan,,instructions:u,instructions,0.0,100.0,nan,,ok
4355.116133,nan,,cycles:u,cycles,0.0,100.0,nan,,ok
4355.116133,nan,,branches:u,branches,0.0,100.0,nan,,ok
4355.116133,nan,,branch-misses:u,branch-misses,0.0,100.0,nan,,ok
4355.116133,nan,,L1-dcache-loads:u,l1-dcache-loads,0.0,100.0,nan,,ok
4355.116133,nan,,cache-references:u,cache-references,0.0,100.0,nan,,ok
4355.116133,nan,,cache-misses:u,cache-misses,0.0,100.0,nan,,ok
4355.116133,nan,,stalled-cycles-frontend:u,stalled-cycles-frontend,0.0,100.0,nan,,ok
4366.0794430000005,nan,,instructions:u,instructions,0.0,100.0,nan,,ok
4366.0794430000005,nan,,cycles:u,cycles,0.0,100.0,nan,,ok
4366.0794430000005,nan,,branches:u,branches,0.0,100.0,nan,,ok
4366.0794430000005,nan,,branch-misses:u,branch-misses,0.0,100.0,nan,,ok
4366.0794430000005,nan,,L1-dcache-loads:u,l1-dcache-loads,0.0,100.0,nan,,ok
4366.0794430000005,nan,,cache-references:u,cache-references,0.0,100.0,nan,,ok
4366.0794430000005,nan,,cache-misses:u,cache-misses,0.0,100.0,nan,,ok
4366.0794430000005,nan,,stalled-cycles-frontend:u,stalled-cycles-frontend,0.0,100.0,nan,,ok
4377.14025,nan,,instructions:u,instructions,0.0,100.0,nan,,ok
4377.14025,nan,,cycles:u,cycles,0.0,100.0,nan,,ok
4377.14025,nan,,branches:u,branches,0.0,100.0,nan,,ok
4377.14025,nan,,branch-misses:u,branch-misses,0.0,100.0,nan,,ok
4377.14025,nan,,L1-dcache-loads:u,l1-dcache-loads,0.0,100.0,nan,,ok
4377.14025,nan,,cache-references:u,cache-references,0.0,100.0,nan,,ok
4377.14025,nan,,cache-misses:u,cache-misses,0.0,100.0,nan,,ok
4377.14025,nan,,stalled-cycles-frontend:u,stalled-cycles-frontend,0.0,100.0,nan,,ok
4387.7952430000005,nan,,instructions:u,instructions,0.0,100.0,nan,,ok
4387.7952430000005,nan,,cycles:u,cycles,0.0,100.0,nan,,ok
4387.7952430000005,nan,,branches:u,branches,0.0,100.0,nan,,ok
4387.7952430000005,nan,,branch-misses:u,branch-misses,0.0,100.0,nan,,ok
4387.7952430000005,nan,,L1-dcache-loads:u,l1-dcache-loads,0.0,100.0,nan,,ok
4387.7952430000005,nan,,cache-references:u,cache-references,0.0,100.0,nan,,ok
4387.7952430000005,nan,,cache-misses:u,cache-misses,0.0,100.0,nan,,ok
4387.7952430000005,nan,,stalled-cycles-frontend:u,stalled-cycles-frontend,0.0,100.0,nan,,ok
4398.4639449999995,nan,,instructions:u,instructions,0.0,100.0,nan,,ok
4398.4639449999995,nan,,cycles:u,cycles,0.0,100.0,nan,,ok
4398.4639449999995,nan,,branches:u,branches,0.0,100.0,nan,,ok
4398.4639449999995,nan,,branch-misses:u,branch-misses,0.0,100.0,nan,,ok
4398.4639449999995,nan,,L1-dcache-loads:u,l1-dcache-loads,0.0,100.0,nan,,ok
4398.4639449999995,nan,,cache-references:u,cache-references,0.0,100.0,nan,,ok
4398.4639449999995,nan,,cache-misses:u,cache-misses,0.0,100.0,nan,,ok
4398.4639449999995,nan,,stalled-cycles-frontend:u,stalled-cycles-frontend,0.0,100.0,nan,,ok
4409.159104,nan,,instructions:u,instructions,0.0,100.0,nan,,ok
4409.159104,nan,,cycles:u,cycles,0.0,100.0,nan,,ok
4409.159104,nan,,branches:u,branches,0.0,100.0,nan,,ok
4409.159104,nan,,branch-misses:u,branch-misses,0.0,100.0,nan,,ok
4409.159104,nan,,L1-dcache-loads:u,l1-dcache-loads,0.0,100.0,nan,,ok
4409.159104,nan,,cache-references:u,cache-references,0.0,100.0,nan,,ok
4409.159104,nan,,cache-misses:u,cache-misses,0.0,100.0,nan,,ok
4409.159104,nan,,stalled-cycles-frontend:u,stalled-cycles-frontend,0.0,100.0,nan,,ok
4420.02021,nan,,instructions:u,instructions,0.0,100.0,nan,,ok
4420.02021,nan,,cycles:u,cycles,0.0,100.0,nan,,ok
4420.02021,nan,,branches:u,branches,0.0,100.0,nan,,ok
4420.02021,nan,,branch-misses:u,branch-misses,0.0,100.0,nan,,ok
4420.02021,nan,,L1-dcache-loads:u,l1-dcache-loads,0.0,100.0,nan,,ok
4420.02021,nan,,cache-references:u,cache-references,0.0,100.0,nan,,ok
4420.02021,nan,,cache-misses:u,cache-misses,0.0,100.0,nan,,ok
4420.02021,nan,,stalled-cycles-frontend:u,stalled-cycles-frontend,0.0,100.0,nan,,ok
4430.739704,nan,,instructions:u,instructions,0.0,100.0,nan,,ok
4430.739704,nan,,cycles:u,cycles,0.0,100.0,nan,,ok
4430.739704,nan,,branches:u,branches,0.0,100.0,nan,,ok
4430.739704,nan,,branch-misses:u,branch-misses,0.0,100.0,nan,,ok
4430.739704,nan,,L1-dcache-loads:u,l1-dcache-loads,0.0,100.0,nan,,ok
4430.739704,nan,,cache-references:u,cache-references,0.0,100.0,nan,,ok
4430.739704,nan,,cache-misses:u,cache-misses,0.0,100.0,nan,,ok
4430.739704,nan,,stalled-cycles-frontend:u,stalled-cycles-frontend,0.0,100.0,nan,,ok
4441.5749590000005,nan,,instructions:u,instructions,0.0,100.0,nan,,ok
4441.5749590000005,nan,,cycles:u,cycles,0.0,100.0,nan,,ok
4441.5749590000005,nan,,branches:u,branches,0.0,100.0,nan,,ok
4441.5749590000005,nan,,branch-misses:u,branch-misses,0.0,100.0,nan,,ok
4441.5749590000005,nan,,L1-dcache-loads:u,l1-dcache-loads,0.0,100.0,nan,,ok
4441.5749590000005,nan,,cache-references:u,cache-references,0.0,100.0,nan,,ok
4441.5749590000005,nan,,cache-misses:u,cache-misses,0.0,100.0,nan,,ok
4441.5749590000005,nan,,stalled-cycles-frontend:u,stalled-cycles-frontend,0.0,100.0,nan,,ok
4452.288227999999,nan,,instructions:u,instructions,0.0,100.0,nan,,ok
4452.288227999999,nan,,cycles:u,cycles,0.0,100.0,nan,,ok
4452.288227999999,nan,,branches:u,branches,0.0,100.0,nan,,ok
4452.288227999999,nan,,branch-misses:u,branch-misses,0.0,100.0,nan,,ok
4452.288227999999,nan,,L1-dcache-loads:u,l1-dcache-loads,0.0,100.0,nan,,ok
4452.288227999999,nan,,cache-references:u,cache-references,0.0,100.0,nan,,ok
4452.288227999999,nan,,cache-misses:u,cache-misses,0.0,100.0,nan,,ok
4452.288227999999,nan,,stalled-cycles-frontend:u,stalled-cycles-frontend,0.0,100.0,nan,,ok
4463.002074,nan,,instructions:u,instructions,0.0,100.0,nan,,ok
4463.002074,nan,,cycles:u,cycles,0.0,100.0,nan,,ok
4463.002074,nan,,branches:u,branches,0.0,100.0,nan,,ok
4463.002074,nan,,branch-misses:u,branch-misses,0.0,100.0,nan,,ok
4463.002074,nan,,L1-dcache-loads:u,l1-dcache-loads,0.0,100.0,nan,,ok
4463.002074,nan,,cache-references:u,cache-references,0.0,100.0,nan,,ok
4463.002074,nan,,cache-misses:u,cache-misses,0.0,100.0,nan,,ok
4463.002074,nan,,stalled-cycles-frontend:u,stalled-cycles-frontend,0.0,100.0,nan,,ok
4473.797989000001,nan,,instructions:u,instructions,0.0,100.0,nan,,ok
4473.797989000001,nan,,cycles:u,cycles,0.0,100.0,nan,,ok
4473.797989000001,nan,,branches:u,branches,0.0,100.0,nan,,ok
4473.797989000001,nan,,branch-misses:u,branch-misses,0.0,100.0,nan,,ok
4473.797989000001,nan,,L1-dcache-loads:u,l1-dcache-loads,0.0,100.0,nan,,ok
4473.797989000001,nan,,cache-references:u,cache-references,0.0,100.0,nan,,ok
4473.797989000001,nan,,cache-misses:u,cache-misses,0.0,100.0,nan,,ok
4473.797989000001,nan,,stalled-cycles-frontend:u,stalled-cycles-frontend,0.0,100.0,nan,,ok
4484.572433,nan,,instructions:u,instructions,0.0,100.0,nan,,ok
4484.572433,nan,,cycles:u,cycles,0.0,100.0,nan,,ok
4484.572433,nan,,branches:u,branches,0.0,100.0,nan,,ok
4484.572433,nan,,branch-misses:u,branch-misses,0.0,100.0,nan,,ok
4484.572433,nan,,L1-dcache-loads:u,l1-dcache-loads,0.0,100.0,nan,,ok
4484.572433,nan,,cache-references:u,cache-references,0.0,100.0,nan,,ok
4484.572433,nan,,cache-misses:u,cache-misses,0.0,100.0,nan,,ok
4484.572433,nan,,stalled-cycles-frontend:u,stalled-cycles-frontend,0.0,100.0,nan,,ok
4495.267873000001,nan,,instructions:u,instructions,0.0,0.0,nan,,ok
4495.267873000001,nan,,cycles:u,cycles,0.0,0.0,nan,,ok
4495.267873000001,nan,,branches:u,branches,0.0,0.0,nan,,ok
4495.267873000001,0.0,,branch-misses:u,branch-misses,1017260.0,63.0,nan,,ok
4495.267873000001,0.0,,L1-dcache-loads:u,l1-dcache-loads,1632386.0,100.0,nan,,ok
4495.267873000001,0.0,,cache-references:u,cache-references,1667143.0,100.0,nan,,ok
4495.267873000001,0.0,,cache-misses:u,cache-misses,1699155.0,100.0,nan,,ok
4495.267873000001,nan,,stalled-cycles-frontend:u,stalled-cycles-frontend,0.0,0.0,nan,,ok
4506.205669,0.0,,instructions:u,instructions,2236773.0,60.0,nan,,ok
4506.205669,0.0,,cycles:u,cycles,1239796.0,33.0,nan,,ok
4506.205669,0.0,,branches:u,branches,1239796.0,33.0,nan,,ok
4506.205669,0.0,,branch-misses:u,branch-misses,1239796.0,34.0,nan,,ok
4506.205669,0.0,,L1-dcache-loads:u,l1-dcache-loads,596834.0,16.0,nan,,ok
4506.205669,0.0,,cache-references:u,cache-references,1324230.0,37.0,nan,,ok
4506.205669,0.0,,cache-misses:u,cache-misses,2289195.0,64.0,nan,,ok
4506.205669,0.0,,stalled-cycles-frontend:u,stalled-cycles-frontend,1996720.0,56.0,nan,,ok
4516.875452,nan,,instructions:u,instructions,0.0,100.0,nan,,ok
4516.875452,nan,,cycles:u,cycles,0.0,100.0,nan,,ok
4516.875452,nan,,branches:u,branches,0.0,100.0,nan,,ok
4516.875452,nan,,branch-misses:u,branch-misses,0.0,100.0,nan,,ok
4516.875452,nan,,L1-dcache-loads:u,l1-dcache-loads,0.0,100.0,nan,,ok
4516.875452,nan,,cache-references:u,cache-references,0.0,100.0,nan,,ok
4516.875452,nan,,cache-misses:u,cache-misses,0.0,100.0,nan,,ok
4516.875452,nan,,stalled-cycles-frontend:u,stalled-cycles-frontend,0.0,100.0,nan,,ok
4527.520524,nan,,instructions:u,instructions,0.0,100.0,nan,,ok
4527.520524,nan,,cycles:u,cycles,0.0,100.0,nan,,ok
4527.520524,nan,,branches:u,branches,0.0,100.0,nan,,ok
4527.520524,nan,,branch-misses:u,branch-misses,0.0,100.0,nan,,ok
4527.520524,nan,,L1-dcache-loads:u,l1-dcache-loads,0.0,100.0,nan,,ok
4527.520524,nan,,cache-references:u,cache-references,0.0,100.0,nan,,ok
4527.520524,nan,,cache-misses:u,cache-misses,0.0,100.0,nan,,ok
4527.520524,nan,,stalled-cycles-frontend:u,stalled-cycles-frontend,0.0,100.0,nan,,ok
4538.157415,nan,,instructions:u,instructions,0.0,100.0,nan,,ok
4538.157415,nan,,cycles:u,cycles,0.0,100.0,nan,,ok
4538.157415,nan,,branches:u,branches,0.0,100.0,nan,,ok
4538.157415,nan,,branch-misses:u,branch-misses,0.0,100.0,nan,,ok
4538.157415,nan,,L1-dcache-loads:u,l1-dcache-loads,0.0,100.0,nan,,ok
4538.157415,nan,,cache-references:u,cache-references,0.0,100.0,nan,,ok
4538.157415,nan,,cache-misses:u,cache-misses,0.0,100.0,nan,,ok
4538.157415,nan,,stalled-cycles-frontend:u,stalled-cycles-frontend,0.0,100.0,nan,,ok
4548.766727,nan,,instructions:u,instructions,0.0,100.0,nan,,ok
4548.766727,nan,,cycles:u,cycles,0.0,100.0,nan,,ok
4548.766727,nan,,branches:u,branches,0.0,100.0,nan,,ok
4548.766727,nan,,branch-misses:u,branch-misses,0.0,100.0,nan,,ok
4548.766727,nan,,L1-dcache-loads:u,l1-dcache-loads,0.0,100.0,nan,,ok
4548.766727,nan,,cache-references:u,cache-references,0.0,100.0,nan,,ok
4548.766727,nan,,cache-misses:u,cache-misses,0.0,100.0,nan,,ok
4548.766727,nan,,stalled-cycles-frontend:u,stalled-cycles-frontend,0.0,100.0,nan,,ok
4559.496005,nan,,instructions:u,instructions,0.0,100.0,nan,,ok
4559.496005,nan,,cycles:u,cycles,0.0,100.0,nan,,ok
4559.496005,nan,,branches:u,branches,0.0,100.0,nan,,ok
4559.496005,nan,,branch-misses:u,branch-misses,0.0,100.0,nan,,ok
4559.496005,nan,,L1-dcache-loads:u,l1-dcache-loads,0.0,100.0,nan,,ok
4559.496005,nan,,cache-references:u,cache-references,0.0,100.0,nan,,ok
4559.496005,nan,,cache-misses:u,cache-misses,0.0,100.0,nan,,ok
4559.496005,nan,,stalled-cycles-frontend:u,stalled-cycles-frontend,0.0,100.0,nan,,ok
4570.157906,0.0,,instructions:u,instructions,3996395.0,38.0,nan,,ok
4570.157906,0.0,,cycles:u,cycles,4984550.0,47.0,nan,,ok
4570.157906,0.0,,branches:u,branches,6458164.0,61.0,nan,,ok
4570.157906,0.0,,branch-misses:u,branch-misses,7482454.0,71.0,nan,,ok
4570.157906,0.0,,L1-dcache-loads:u,l1-dcache-loads,7506906.0,71.0,nan,,ok
4570.157906,0.0,,cache-references:u,cache-references,6529377.0,62.0,nan,,ok
4570.157906,0.0,,cache-misses:u,cache-misses,5567534.0,52.0,nan,,ok
4570.157906,0.0,,stalled-cycles-frontend:u,stalled-cycles-frontend,2008586.0,19.0,nan,,ok
4580.938216,0.0,,instructions:u,instructions,1239075.0,22.0,nan,,ok
4580.938216,0.0,,cycles:u,cycles,277379.0,5.0,nan,,ok
4580.938216,0.0,,branches:u,branches,829197.0,15.0,nan,,ok
4580.938216,0.0,,branch-misses:u,branch-misses,1841376.0,33.0,nan,,ok
4580.938216,0.0,,L1-dcache-loads:u,l1-dcache-loads,2481281.0,45.0,nan,,ok
4580.938216,0.0,,cache-references:u,cache-references,4086159.0,74.0,nan,,ok
4580.938216,0.0,,cache-misses:u,cache-misses,5053727.0,92.0,nan,,ok
4580.938216,0.0,,stalled-cycles-frontend:u,stalled-cycles-frontend,1425333.0,26.0,nan,,ok
4591.797213000001,0.0,,instructions:u,instructions,1758583.0,35.0,nan,,ok
4591.797213000001,0.0,,cycles:u,cycles,2724379.0,55.0,nan,,ok
4591.797213000001,0.0,,branches:u,branches,3698947.0,76.0,nan,,ok
4591.797213000001,0.0,,branch-misses:u,branch-misses,4670553.0,96.0,nan,,ok
4591.797213000001,0.0,,L1-dcache-loads:u,l1-dcache-loads,4146023.0,86.0,nan,,ok
4591.797213000001,0.0,,cache-references:u,cache-references,3144138.0,66.0,nan,,ok
4591.797213000001,0.0,,cache-misses:u,cache-misses,2146158.0,45.0,nan,,ok
4591.797213000001,0.0,,stalled-cycles-frontend:u,stalled-cycles-frontend,570440.0,12.0,nan,,ok
4602.498648,nan,,instructions:u,instructions,0.0,100.0,nan,,ok
4602.498648,nan,,cycles:u,cycles,0.0,100.0,nan,,ok
4602.498648,nan,,branches:u,branches,0.0,100.0,nan,,ok
4602.498648,nan,,branch-misses:u,branch-misses,0.0,100.0,nan,,ok
4602.498648,nan,,L1-dcache-loads:u,l1-dcache-loads,0.0,100.0,nan,,ok
4602.498648,nan,,cache-references:u,cache-references,0.0,100.0,nan,,ok
4602.498648,nan,,cache-misses:u,cache-misses,0.0,100.0,nan,,ok
4602.498648,nan,,stalled-cycles-frontend:u,stalled-cycles-frontend,0.0,100.0,nan,,ok
4613.175871,nan,,instructions:u,instructions,0.0,100.0,nan,,ok
4613.175871,nan,,cycles:u,cycles,0.0,100.0,nan,,ok
4613.175871,nan,,branches:u,branches,0.0,100.0,nan,,ok
4613.175871,nan,,branch-misses:u,branch-misses,0.0,100.0,nan,,ok
4613.175871,nan,,L1-dcache-loads:u,l1-dcache-loads,0.0,100.0,nan,,ok
4613.175871,nan,,cache-references:u,cache-references,0.0,100.0,nan,,ok
4613.175871,nan,,cache-misses:u,cache-misses,0.0,100.0,nan,,ok
4613.175871,nan,,stalled-cycles-frontend:u,stalled-cycles-frontend,0.0,100.0,nan,,ok
4623.868291,nan,,instructions:u,instructions,0.0,100.0,nan,,ok
4623.868291,nan,,cycles:u,cycles,0.0,100.0,nan,,ok
4623.868291,nan,,branches:u,branches,0.0,100.0,nan,,ok
4623.868291,nan,,branch-misses:u,branch-misses,0.0,100.0,nan,,ok
4623.868291,nan,,L1-dcache-loads:u,l1-dcache-loads,0.0,100.0,nan,,ok
4623.868291,nan,,cache-references:u,cache-references,0.0,100.0,nan,,ok
4623.868291,nan,,cache-misses:u,cache-misses,0.0,100.0,nan,,ok
4623.868291,nan,,stalled-cycles-frontend:u,stalled-cycles-frontend,0.0,100.0,nan,,ok
4634.570696,nan,,instructions:u,instructions,0.0,100.0,nan,,ok
4634.570696,nan,,cycles:u,cycles,0.0,100.0,nan,,ok
4634.570696,nan,,branches:u,branches,0.0,100.0,nan,,ok
4634.570696,nan,,branch-misses:u,branch-misses,0.0,100.0,nan,,ok
4634.570696,nan,,L1-dcache-loads:u,l1-dcache-loads,0.0,100.0,nan,,ok
4634.570696,nan,,cache-references:u,cache-references,0.0,100.0,nan,,ok
4634.570696,nan,,cache-misses:u,cache-misses,0.0,100.0,nan,,ok
4634.570696,nan,,stalled-cycles-frontend:u,stalled-cycles-frontend,0.0,100.0,nan,,ok
4645.2887519999995,nan,,instructions:u,instructions,0.0,100.0,nan,,ok
4645.2887519999995,nan,,cycles:u,cycles,0.0,100.0,nan,,ok
4645.2887519999995,nan,,branches:u,branches,0.0,100.0,nan,,ok
4645.2887519999995,nan,,branch-misses:u,branch-misses,0.0,100.0,nan,,ok
4645.2887519999995,nan,,L1-dcache-loads:u,l1-dcache-loads,0.0,100.0,nan,,ok
4645.2887519999995,nan,,cache-references:u,cache-references,0.0,100.0,nan,,ok
4645.2887519999995,nan,,cache-misses:u,cache-misses,0.0,100.0,nan,,ok
4645.2887519999995,nan,,stalled-cycles-frontend:u,stalled-cycles-frontend,0.0,100.0,nan,,ok
4655.93595,nan,,instructions:u,instructions,0.0,100.0,nan,,ok
4655.93595,nan,,cycles:u,cycles,0.0,100.0,nan,,ok
4655.93595,nan,,branches:u,branches,0.0,100.0,nan,,ok
4655.93595,nan,,branch-misses:u,branch-misses,0.0,100.0,nan,,ok
4655.93595,nan,,L1-dcache-loads:u,l1-dcache-loads,0.0,100.0,nan,,ok
4655.93595,nan,,cache-references:u,cache-references,0.0,100.0,nan,,ok
4655.93595,nan,,cache-misses:u,cache-misses,0.0,100.0,nan,,ok
4655.93595,nan,,stalled-cycles-frontend:u,stalled-cycles-frontend,0.0,100.0,nan,,ok
4666.588479999999,nan,,instructions:u,instructions,0.0,100.0,nan,,ok
4666.588479999999,nan,,cycles:u,cycles,0.0,100.0,nan,,ok
4666.588479999999,nan,,branches:u,branches,0.0,100.0,nan,,ok
4666.588479999999,nan,,branch-misses:u,branch-misses,0.0,100.0,nan,,ok
4666.588479999999,nan,,L1-dcache-loads:u,l1-dcache-loads,0.0,100.0,nan,,ok
4666.588479999999,nan,,cache-references:u,cache-references,0.0,100.0,nan,,ok
4666.588479999999,nan,,cache-misses:u,cache-misses,0.0,100.0,nan,,ok
4666.588479999999,nan,,stalled-cycles-frontend:u,stalled-cycles-frontend,0.0,100.0,nan,,ok
4677.292858999999,0.0,,instructions:u,instructions,3003993.0,55.0,nan,,ok
4677.292858999999,0.0,,cycles:u,cycles,2386198.0,44.0,nan,,ok
4677.292858999999,0.0,,branches:u,branches,2386198.0,44.0,nan,,ok
4677.292858999999,0.0,,branch-misses:u,branch-misses,2386198.0,44.0,nan,,ok
4677.292858999999,0.0,,L1-dcache-loads:u,l1-dcache-loads,2407182.0,44.0,nan,,ok
4677.292858999999,0.0,,cache-references:u,cache-references,2368569.0,44.0,nan,,ok
4677.292858999999,0.0,,cache-misses:u,cache-misses,2986364.0,55.0,nan,,ok
4677.292858999999,0.0,,stalled-cycles-frontend:u,stalled-cycles-frontend,2003236.0,37.0,nan,,ok
4687.998755,nan,,instructions:u,instructions,0.0,100.0,nan,,ok
4687.998755,nan,,cycles:u,cycles,0.0,100.0,nan,,ok
4687.998755,nan,,branches:u,branches,0.0,100.0,nan,,ok
4687.998755,nan,,branch-misses:u,branch-misses,0.0,100.0,nan,,ok
4687.998755,nan,,L1-dcache-loads:u,l1-dcache-loads,0.0,100.0,nan,,ok
4687.998755,nan,,cache-references:u,cache-references,0.0,100.0,nan,,ok
4687.998755,nan,,cache-misses:u,cache-misses,0.0,100.0,nan,,ok
4687.998755,nan,,stalled-cycles-frontend:u,stalled-cycles-frontend,0.0,100.0,nan,,ok
4698.647151,nan,,instructions:u,instructions,0.0,100.0,nan,,ok
4698.647151,nan,,cycles:u,cycles,0.0,100.0,nan,,ok
4698.647151,nan,,branches:u,branches,0.0,100.0,nan,,ok
4698.647151,nan,,branch-misses:u,branch-misses,0.0,100.0,nan,,ok
4698.647151,nan,,L1-dcache-loads:u,l1-dcache-loads,0.0,100.0,nan,,ok
4698.647151,nan,,cache-references:u,cache-references,0.0,100.0,nan,,ok
4698.647151,nan,,cache-misses:u,cache-misses,0.0,100.0,nan,,ok
4698.647151,nan,,stalled-cycles-frontend:u,stalled-cycles-frontend,0.0,100.0,nan,,ok
4709.411974,nan,,instructions:u,instructions,0.0,100.0,nan,,ok
4709.411974,nan,,cycles:u,cycles,0.0,100.0,nan,,ok
4709.411974,nan,,branches:u,branches,0.0,100.0,nan,,ok
4709.411974,nan,,branch-misses:u,branch-misses,0.0,100.0,nan,,ok
4709.411974,nan,,L1-dcache-loads:u,l1-dcache-loads,0.0,100.0,nan,,ok
4709.411974,nan,,cache-references:u,cache-references,0.0,100.0,nan,,ok
4709.411974,nan,,cache-misses:u,cache-misses,0.0,100.0,nan,,ok
4709.411974,nan,,stalled-cycles-frontend:u,stalled-cycles-frontend,0.0,100.0,nan,,ok
4720.180899,nan,,instructions:u,instructions,0.0,100.0,nan,,ok
4720.180899,nan,,cycles:u,cycles,0.0,100.0,nan,,ok
4720.180899,nan,,branches:u,branches,0.0,100.0,nan,,ok
4720.180899,nan,,branch-misses:u,branch-misses,0.0,100.0,nan,,ok
4720.180899,nan,,L1-dcache-loads:u,l1-dcache-loads,0.0,100.0,nan,,ok
4720.180899,nan,,cache-references:u,cache-references,0.0,100.0,nan,,ok
4720.180899,nan,,cache-misses:u,cache-misses,0.0,100.0,nan,,ok
4720.180899,nan,,stalled-cycles-frontend:u,stalled-cycles-frontend,0.0,100.0,nan,,ok
4730.777918000001,0.0,,instructions:u,instructions,759717.0,13.0,nan,,ok
4730.777918000001,0.0,,cycles:u,cycles,974488.0,17.0,nan,,ok
4730.777918000001,0.0,,branches:u,branches,1970382.0,34.0,nan,,ok
4730.777918000001,0.0,,branch-misses:u,branch-misses,2967794.0,51.0,nan,,ok
4730.777918000001,0.0,,L1-dcache-loads:u,l1-dcache-loads,3966461.0,69.0,nan,,ok
4730.777918000001,0.0,,cache-references:u,cache-references,4961349.0,86.0,nan,,ok
4730.777918000001,0.0,,cache-misses:u,cache-misses,4746578.0,82.0,nan,,ok
4730.777918000001,0.0,,stalled-cycles-frontend:u,stalled-cycles-frontend,759717.0,13.0,nan,,ok
4741.464868,nan,,instructions:u,instructions,0.0,100.0,nan,,ok
4741.464868,nan,,cycles:u,cycles,0.0,100.0,nan,,ok
4741.464868,nan,,branches:u,branches,0.0,100.0,nan,,ok
4741.464868,nan,,branch-misses:u,branch-misses,0.0,100.0,nan,,ok
4741.464868,nan,,L1-dcache-loads:u,l1-dcache-loads,0.0,100.0,nan,,ok
4741.464868,nan,,cache-references:u,cache-references,0.0,100.0,nan,,ok
4741.464868,nan,,cache-misses:u,cache-misses,0.0,100.0,nan,,ok
4741.464868,nan,,stalled-cycles-frontend:u,stalled-cycles-frontend,0.0,100.0,nan,,ok
4752.2127740000005,nan,,instructions:u,instructions,0.0,100.0,nan,,ok
4752.2127740000005,nan,,cycles:u,cycles,0.0,100.0,nan,,ok
4752.2127740000005,nan,,branches:u,branches,0.0,100.0,nan,,ok
4752.2127740000005,nan,,branch-misses:u,branch-misses,0.0,100.0,nan,,ok
4752.2127740000005,nan,,L1-dcache-loads:u,l1-dcache-loads,0.0,100.0,nan,,ok
4752.2127740000005,nan,,cache-references:u,cache-references,0.0,100.0,nan,,ok
4752.2127740000005,nan,,cache-misses:u,cache-misses,0.0,100.0,nan,,ok
4752.2127740000005,nan,,stalled-cycles-frontend:u,stalled-cycles-frontend,0.0,100.0,nan,,ok
4762.813295,nan,,instructions:u,instructions,0.0,100.0,nan,,ok
4762.813295,nan,,cycles:u,cycles,0.0,100.0,nan,,ok
4762.813295,nan,,branches:u,branches,0.0,100.0,nan,,ok
4762.813295,nan,,branch-misses:u,branch-misses,0.0,100.0,nan,,ok
4762.813295,nan,,L1-dcache-loads:u,l1-dcache-loads,0.0,100.0,nan,,ok
4762.813295,nan,,cache-references:u,cache-references,0.0,100.0,nan,,ok
4762.813295,nan,,cache-misses:u,cache-misses,0.0,100.0,nan,,ok
4762.813295,nan,,stalled-cycles-frontend:u,stalled-cycles-frontend,0.0,100.0,nan,,ok
4773.489651,nan,,instructions:u,instructions,0.0,100.0,nan,,ok
4773.489651,nan,,cycles:u,cycles,0.0,100.0,nan,,ok
4773.489651,nan,,branches:u,branches,0.0,100.0,nan,,ok
4773.489651,nan,,branch-misses:u,branch-misses,0.0,100.0,nan,,ok
4773.489651,nan,,L1-dcache-loads:u,l1-dcache-loads,0.0,100.0,nan,,ok
4773.489651,nan,,cache-references:u,cache-references,0.0,100.0,nan,,ok
4773.489651,nan,,cache-misses:u,cache-misses,0.0,100.0,nan,,ok
4773.489651,nan,,stalled-cycles-frontend:u,stalled-cycles-frontend,0.0,100.0,nan,,ok
4784.150362,nan,,instructions:u,instructions,0.0,100.0,nan,,ok
4784.150362,nan,,cycles:u,cycles,0.0,100.0,nan,,ok
4784.150362,nan,,branches:u,branches,0.0,100.0,nan,,ok
4784.150362,nan,,branch-misses:u,branch-misses,0.0,100.0,nan,,ok
4784.150362,nan,,L1-dcache-loads:u,l1-dcache-loads,0.0,100.0,nan,,ok
4784.150362,nan,,cache-references:u,cache-references,0.0,100.0,nan,,ok
4784.150362,nan,,cache-misses:u,cache-misses,0.0,100.0,nan,,ok
4784.150362,nan,,stalled-cycles-frontend:u,stalled-cycles-frontend,0.0,100.0,nan,,ok
4794.80224,nan,,instructions:u,instructions,0.0,100.0,nan,,ok
4794.80224,nan,,cycles:u,cycles,0.0,100.0,nan,,ok
4794.80224,nan,,branches:u,branches,0.0,100.0,nan,,ok
4794.80224,nan,,branch-misses:u,branch-misses,0.0,100.0,nan,,ok
4794.80224,nan,,L1-dcache-loads:u,l1-dcache-loads,0.0,100.0,nan,,ok
4794.80224,nan,,cache-references:u,cache-references,0.0,100.0,nan,,ok
4794.80224,nan,,cache-misses:u,cache-misses,0.0,100.0,nan,,ok
4794.80224,nan,,stalled-cycles-frontend:u,stalled-cycles-frontend,0.0,100.0,nan,,ok
4805.510133000001,nan,,instructions:u,instructions,0.0,100.0,nan,,ok
4805.510133000001,nan,,cycles:u,cycles,0.0,100.0,nan,,ok
4805.510133000001,nan,,branches:u,branches,0.0,100.0,nan,,ok
4805.510133000001,nan,,branch-misses:u,branch-misses,0.0,100.0,nan,,ok
4805.510133000001,nan,,L1-dcache-loads:u,l1-dcache-loads,0.0,100.0,nan,,ok
4805.510133000001,nan,,cache-references:u,cache-references,0.0,100.0,nan,,ok
4805.510133000001,nan,,cache-misses:u,cache-misses,0.0,100.0,nan,,ok
4805.510133000001,nan,,stalled-cycles-frontend:u,stalled-cycles-frontend,0.0,100.0,nan,,ok
4816.248548,nan,,instructions:u,instructions,0.0,100.0,nan,,ok
4816.248548,nan,,cycles:u,cycles,0.0,100.0,nan,,ok
4816.248548,nan,,branches:u,branches,0.0,100.0,nan,,ok
4816.248548,nan,,branch-misses:u,branch-misses,0.0,100.0,nan,,ok
4816.248548,nan,,L1-dcache-loads:u,l1-dcache-loads,0.0,100.0,nan,,ok
4816.248548,nan,,cache-references:u,cache-references,0.0,100.0,nan,,ok
4816.248548,nan,,cache-misses:u,cache-misses,0.0,100.0,nan,,ok
4816.248548,nan,,stalled-cycles-frontend:u,stalled-cycles-frontend,0.0,100.0,nan,,ok
4826.967823999999,0.0,,instructions:u,instructions,2985213.0,70.0,nan,,ok
4826.967823999999,0.0,,cycles:u,cycles,2999221.0,70.0,nan,,ok
4826.967823999999,0.0,,branches:u,branches,3296437.0,77.0,nan,,ok
4826.967823999999,0.0,,branch-misses:u,branch-misses,3315471.0,77.0,nan,,ok
4826.967823999999,0.0,,L1-dcache-loads:u,l1-dcache-loads,2332736.0,54.0,nan,,ok
4826.967823999999,0.0,,cache-references:u,cache-references,1347543.0,31.0,nan,,ok
4826.967823999999,0.0,,cache-misses:u,cache-misses,1351007.0,31.0,nan,,ok
4826.967823999999,0.0,,stalled-cycles-frontend:u,stalled-cycles-frontend,1982116.0,45.0,nan,,ok
4837.710889,nan,,instructions:u,instructions,0.0,0.0,nan,,ok
4837.710889,nan,,cycles:u,cycles,0.0,0.0,nan,,ok
4837.710889,0.0,,branches:u,branches,704413.0,49.0,nan,,ok
4837.710889,0.0,,branch-misses:u,branch-misses,1391096.0,100.0,nan,,ok
4837.710889,0.0,,L1-dcache-loads:u,l1-dcache-loads,1373442.0,100.0,nan,,ok
4837.710889,0.0,,cache-references:u,cache-references,1355538.0,100.0,nan,,ok
4837.710889,0.0,,cache-misses:u,cache-misses,1338066.0,100.0,nan,,ok
4837.710889,nan,,stalled-cycles-frontend:u,stalled-cycles-frontend,0.0,0.0,nan,,ok
4848.431016,nan,,instructions:u,instructions,0.0,100.0,nan,,ok
4848.431016,nan,,cycles:u,cycles,0.0,100.0,nan,,ok
4848.431016,nan,,branches:u,branches,0.0,100.0,nan,,ok
4848.431016,nan,,branch-misses:u,branch-misses,0.0,100.0,nan,,ok
4848.431016,nan,,L1-dcache-loads:u,l1-dcache-loads,0.0,100.0,nan,,ok
4848.431016,nan,,cache-references:u,cache-references,0.0,100.0,nan,,ok
4848.431016,nan,,cache-misses:u,cache-misses,0.0,100.0,nan,,ok
4848.431016,nan,,stalled-cycles-frontend:u,stalled-cycles-frontend,0.0,100.0,nan,,ok
4859.111006,nan,,instructions:u,instructions,0.0,100.0,nan,,ok
4859.111006,nan,,cycles:u,cycles,0.0,100.0,nan,,ok
4859.111006,nan,,branches:u,branches,0.0,100.0,nan,,ok
4859.111006,nan,,branch-misses:u,branch-misses,0.0,100.0,nan,,ok
4859.111006,nan,,L1-dcache-loads:u,l1-dcache-loads,0.0,100.0,nan,,ok
4859.111006,nan,,cache-references:u,cache-references,0.0,100.0,nan,,ok
4859.111006,nan,,cache-misses:u,cache-misses,0.0,100.0,nan,,ok
4859.111006,nan,,stalled-cycles-frontend:u,stalled-cycles-frontend,0.0,100.0,nan,,ok
4869.767024,nan,,instructions:u,instructions,0.0,100.0,nan,,ok
4869.767024,nan,,cycles:u,cycles,0.0,100.0,nan,,ok
4869.767024,nan,,branches:u,branches,0.0,100.0,nan,,ok
4869.767024,nan,,branch-misses:u,branch-misses,0.0,100.0,nan,,ok
4869.767024,nan,,L1-dcache-loads:u,l1-dcache-loads,0.0,100.0,nan,,ok
4869.767024,nan,,cache-references:u,cache-references,0.0,100.0,nan,,ok
4869.767024,nan,,cache-misses:u,cache-misses,0.0,100.0,nan,,ok
4869.767024,nan,,stalled-cycles-frontend:u,stalled-cycles-frontend,0.0,100.0,nan,,ok
4880.417721,nan,,instructions:u,instructions,0.0,0.0,nan,,ok
4880.417721,nan,,cycles:u,cycles,0.0,0.0,nan,,ok
4880.417721,nan,,branches:u,branches,0.0,0.0,nan,,ok
4880.417721,42.0,,branch-misses:u,branch-misses,611513.0,68.0,nan,,ok
4880.417721,337.0,,L1-dcache-loads:u,l1-dcache-loads,916343.0,100.0,nan,,ok
4880.417721,267.0,,cache-references:u,cache-references,932030.0,100.0,nan,,ok
4880.417721,181.0,,cache-misses:u,cache-misses,950075.0,100.0,67.79,of all cache refs,ok
4880.417721,nan,,stalled-cycles-frontend:u,stalled-cycles-frontend,0.0,0.0,nan,,ok
4891.251314,0.0,,instructions:u,instructions,4581926.0,42.0,nan,,ok
4891.251314,0.0,,cycles:u,cycles,3645354.0,33.0,nan,,ok
4891.251314,0.0,,branches:u,branches,4709504.0,42.0,nan,,ok
4891.251314,0.0,,branch-misses:u,branch-misses,5771963.0,52.0,nan,,ok
4891.251314,0.0,,L1-dcache-loads:u,l1-dcache-loads,5221033.0,47.0,nan,,ok
4891.251314,0.0,,cache-references:u,cache-references,6212137.0,56.0,nan,,ok
4891.251314,0.0,,cache-misses:u,cache-misses,7189352.0,65.0,nan,,ok
4891.251314,0.0,,stalled-cycles-frontend:u,stalled-cycles-frontend,3840632.0,34.0,nan,,ok
4902.269464,0.0,,instructions:u,instructions,3457146.0,40.0,nan,,ok
4902.269464,0.0,,cycles:u,cycles,3387263.0,40.0,nan,,ok
4902.269464,0.0,,branches:u,branches,4318253.0,51.0,nan,,ok
4902.269464,0.0,,branch-misses:u,branch-misses,5262797.0,63.0,nan,,ok
4902.269464,0.0,,L1-dcache-loads:u,l1-dcache-loads,4998979.0,60.0,nan,,ok
4902.269464,0.0,,cache-references:u,cache-references,4999021.0,60.0,nan,,ok
4902.269464,0.0,,cache-misses:u,cache-misses,5010216.0,60.0,nan,,ok
4902.269464,0.0,,stalled-cycles-frontend:u,stalled-cycles-frontend,2200815.0,26.0,nan,,ok
4913.0076420000005,nan,,instructions:u,instructions,0.0,100.0,nan,,ok
4913.0076420000005,nan,,cycles:u,cycles,0.0,100.0,nan,,ok
4913.0076420000005,nan,,branches:u,branches,0.0,100.0,nan,,ok
4913.0076420000005,nan,,branch-misses:u,branch-misses,0.0,100.0,nan,,ok
4913.0076420000005,nan,,L1-dcache-loads:u,l1-dcache-loads,0.0,100.0,nan,,ok
4913.0076420000005,nan,,cache-references:u,cache-references,0.0,100.0,nan,,ok
4913.0076420000005,nan,,cache-misses:u,cache-misses,0.0,100.0,nan,,ok
4913.0076420000005,nan,,stalled-cycles-frontend:u,stalled-cycles-frontend,0.0,100.0,nan,,ok
4923.807001,nan,,instructions:u,instructions,0.0,100.0,nan,,ok
4923.807001,nan,,cycles:u,cycles,0.0,100.0,nan,,ok
4923.807001,nan,,branches:u,branches,0.0,100.0,nan,,ok
4923.807001,nan,,branch-misses:u,branch-misses,0.0,100.0,nan,,ok
4923.807001,nan,,L1-dcache-loads:u,l1-dcache-loads,0.0,100.0,nan,,ok
4923.807001,nan,,cache-references:u,cache-references,0.0,100.0,nan,,ok
4923.807001,nan,,cache-misses:u,cache-misses,0.0,100.0,nan,,ok
4923.807001,nan,,stalled-cycles-frontend:u,stalled-cycles-frontend,0.0,100.0,nan,,ok
4934.562728999999,nan,,instructions:u,instructions,0.0,100.0,nan,,ok
4934.562728999999,nan,,cycles:u,cycles,0.0,100.0,nan,,ok
4934.562728999999,nan,,branches:u,branches,0.0,100.0,nan,,ok
4934.562728999999,nan,,branch-misses:u,branch-misses,0.0,100.0,nan,,ok
4934.562728999999,nan,,L1-dcache-loads:u,l1-dcache-loads,0.0,100.0,nan,,ok
4934.562728999999,nan,,cache-references:u,cache-references,0.0,100.0,nan,,ok
4934.562728999999,nan,,cache-misses:u,cache-misses,0.0,100.0,nan,,ok
4934.562728999999,nan,,stalled-cycles-frontend:u,stalled-cycles-frontend,0.0,100.0,nan,,ok
4945.2044590000005,nan,,instructions:u,instructions,0.0,100.0,nan,,ok
4945.2044590000005,nan,,cycles:u,cycles,0.0,100.0,nan,,ok
4945.2044590000005,nan,,branches:u,branches,0.0,100.0,nan,,ok
4945.2044590000005,nan,,branch-misses:u,branch-misses,0.0,100.0,nan,,ok
4945.2044590000005,nan,,L1-dcache-loads:u,l1-dcache-loads,0.0,100.0,nan,,ok
4945.2044590000005,nan,,cache-references:u,cache-references,0.0,100.0,nan,,ok
4945.2044590000005,nan,,cache-misses:u,cache-misses,0.0,100.0,nan,,ok
4945.2044590000005,nan,,stalled-cycles-frontend:u,stalled-cycles-frontend,0.0,100.0,nan,,ok
4955.96768,nan,,instructions:u,instructions,0.0,100.0,nan,,ok
4955.96768,nan,,cycles:u,cycles,0.0,100.0,nan,,ok
4955.96768,nan,,branches:u,branches,0.0,100.0,nan,,ok
4955.96768,nan,,branch-misses:u,branch-misses,0.0,100.0,nan,,ok
4955.96768,nan,,L1-dcache-loads:u,l1-dcache-loads,0.0,100.0,nan,,ok
4955.96768,nan,,cache-references:u,cache-references,0.0,100.0,nan,,ok
4955.96768,nan,,cache-misses:u,cache-misses,0.0,100.0,nan,,ok
4955.96768,nan,,stalled-cycles-frontend:u,stalled-cycles-frontend,0.0,100.0,nan,,ok
4966.672369,nan,,instructions:u,instructions,0.0,100.0,nan,,ok
4966.672369,nan,,cycles:u,cycles,0.0,100.0,nan,,ok
4966.672369,nan,,branches:u,branches,0.0,100.0,nan,,ok
4966.672369,nan,,branch-misses:u,branch-misses,0.0,100.0,nan,,ok
4966.672369,nan,,L1-dcache-loads:u,l1-dcache-loads,0.0,100.0,nan,,ok
4966.672369,nan,,cache-references:u,cache-references,0.0,100.0,nan,,ok
4966.672369,nan,,cache-misses:u,cache-misses,0.0,100.0,nan,,ok
4966.672369,nan,,stalled-cycles-frontend:u,stalled-cycles-frontend,0.0,100.0,nan,,ok
4977.316792,nan,,instructions:u,instructions,0.0,100.0,nan,,ok
4977.316792,nan,,cycles:u,cycles,0.0,100.0,nan,,ok
4977.316792,nan,,branches:u,branches,0.0,100.0,nan,,ok
4977.316792,nan,,branch-misses:u,branch-misses,0.0,100.0,nan,,ok
4977.316792,nan,,L1-dcache-loads:u,l1-dcache-loads,0.0,100.0,nan,,ok
4977.316792,nan,,cache-references:u,cache-references,0.0,100.0,nan,,ok
4977.316792,nan,,cache-misses:u,cache-misses,0.0,100.0,nan,,ok
4977.316792,nan,,stalled-cycles-frontend:u,stalled-cycles-frontend,0.0,100.0,nan,,ok
4988.002743,nan,,instructions:u,instructions,0.0,100.0,nan,,ok
4988.002743,nan,,cycles:u,cycles,0.0,100.0,nan,,ok
4988.002743,nan,,branches:u,branches,0.0,100.0,nan,,ok
4988.002743,nan,,branch-misses:u,branch-misses,0.0,100.0,nan,,ok
4988.002743,nan,,L1-dcache-loads:u,l1-dcache-loads,0.0,100.0,nan,,ok
4988.002743,nan,,cache-references:u,cache-references,0.0,100.0,nan,,ok
4988.002743,nan,,cache-misses:u,cache-misses,0.0,100.0,nan,,ok
4988.002743,nan,,stalled-cycles-frontend:u,stalled-cycles-frontend,0.0,100.0,nan,,ok
4998.7075540000005,nan,,instructions:u,instructions,0.0,100.0,nan,,ok
4998.7075540000005,nan,,cycles:u,cycles,0.0,100.0,nan,,ok
4998.7075540000005,nan,,branches:u,branches,0.0,100.0,nan,,ok
4998.7075540000005,nan,,branch-misses:u,branch-misses,0.0,100.0,nan,,ok
4998.7075540000005,nan,,L1-dcache-loads:u,l1-dcache-loads,0.0,100.0,nan,,ok
4998.7075540000005,nan,,cache-references:u,cache-references,0.0,100.0,nan,,ok
4998.7075540000005,nan,,cache-misses:u,cache-misses,0.0,100.0,nan,,ok
4998.7075540000005,nan,,stalled-cycles-frontend:u,stalled-cycles-frontend,0.0,100.0,nan,,ok
5009.434377,0.0,,instructions:u,instructions,2791810.0,50.0,nan,,ok
5009.434377,0.0,,cycles:u,cycles,3790742.0,68.0,nan,,ok
5009.434377,0.0,,branches:u,branches,4794803.0,86.0,nan,,ok
5009.434377,0.0,,branch-misses:u,branch-misses,5557149.0,100.0,nan,,ok
5009.434377,0.0,,L1-dcache-loads:u,l1-dcache-loads,4587421.0,82.0,nan,,ok
5009.434377,0.0,,cache-references:u,cache-references,2806863.0,50.0,nan,,ok
5009.434377,0.0,,cache-misses:u,cache-misses,1828007.0,32.0,nan,,ok
5009.434377,0.0,,stalled-cycles-frontend:u,stalled-cycles-frontend,990092.0,17.0,nan,,ok
5020.236408,0.0,,instructions:u,instructions,534360.0,18.0,nan,,ok
5020.236408,nan,,cycles:u,cycles,0.0,0.0,nan,,ok
5020.236408,nan,,branches:u,branches,0.0,0.0,nan,,ok
5020.236408,0.0,,branch-misses:u,branch-misses,234591.0,8.0,nan,,ok
5020.236408,0.0,,L1-dcache-loads:u,l1-dcache-loads,1213219.0,44.0,nan,,ok
5020.236408,0.0,,cache-references:u,cache-references,2189167.0,80.0,nan,,ok
5020.236408,0.0,,cache-misses:u,cache-misses,2703451.0,100.0,nan,,ok
5020.236408,0.0,,stalled-cycles-frontend:u,stalled-cycles-frontend,534360.0,19.0,nan,,ok
5030.942647,nan,,instructions:u,instructions,0.0,100.0,nan,,ok
5030.942647,nan,,cycles:u,cycles,0.0,100.0,nan,,ok
5030.942647,nan,,branches:u,branches,0.0,100.0,nan,,ok
5030.942647,nan,,branch-misses:u,branch-misses,0.0,100.0,nan,,ok
5030.942647,nan,,L1-dcache-loads:u,l1-dcache-loads,0.0,100.0,nan,,ok
5030.942647,nan,,cache-references:u,cache-references,0.0,100.0,nan,,ok
5030.942647,nan,,cache-misses:u,cache-misses,0.0,100.0,nan,,ok
5030.942647,nan,,stalled-cycles-frontend:u,stalled-cycles-frontend,0.0,100.0,nan,,ok
5041.57211,nan,,instructions:u,instructions,0.0,100.0,nan,,ok
5041.57211,nan,,cycles:u,cycles,0.0,100.0,nan,,ok
5041.57211,nan,,branches:u,branches,0.0,100.0,nan,,ok
5041.57211,nan,,branch-misses:u,branch-misses,0.0,100.0,nan,,ok
5041.57211,nan,,L1-dcache-loads:u,l1-dcache-loads,0.0,100.0,nan,,ok
5041.57211,nan,,cache-references:u,cache-references,0.0,100.0,nan,,ok
5041.57211,nan,,cache-misses:u,cache-misses,0.0,100.0,nan,,ok
5041.57211,nan,,stalled-cycles-frontend:u,stalled-cycles-frontend,0.0,100.0,nan,,ok
5052.26714,nan,,instructions:u,instructions,0.0,100.0,nan,,ok
5052.26714,nan,,cycles:u,cycles,0.0,100.0,nan,,ok
5052.26714,nan,,branches:u,branches,0.0,100.0,nan,,ok
5052.26714,nan,,branch-misses:u,branch-misses,0.0,100.0,nan,,ok
5052.26714,nan,,L1-dcache-loads:u,l1-dcache-loads,0.0,100.0,nan,,ok
5052.26714,nan,,cache-references:u,cache-references,0.0,100.0,nan,,ok
5052.26714,nan,,cache-misses:u,cache-misses,0.0,100.0,nan,,ok
5052.26714,nan,,stalled-cycles-frontend:u,stalled-cycles-frontend,0.0,100.0,nan,,ok
5062.862606000001,nan,,instructions:u,instructions,0.0,100.0,nan,,ok
5062.862606000001,nan,,cycles:u,cycles,0.0,100.0,nan,,ok
5062.862606000001,nan,,branches:u,branches,0.0,100.0,nan,,ok
5062.862606000001,nan,,branch-misses:u,branch-misses,0.0,100.0,nan,,ok
5062.862606000001,nan,,L1-dcache-loads:u,l1-dcache-loads,0.0,100.0,nan,,ok
5062.862606000001,nan,,cache-references:u,cache-references,0.0,100.0,nan,,ok
5062.862606000001,nan,,cache-misses:u,cache-misses,0.0,100.0,nan,,ok
5062.862606000001,nan,,stalled-cycles-frontend:u,stalled-cycles-frontend,0.0,100.0,nan,,ok
5073.56621,nan,,instructions:u,instructions,0.0,100.0,nan,,ok
5073.56621,nan,,cycles:u,cycles,0.0,100.0,nan,,ok
5073.56621,nan,,branches:u,branches,0.0,100.0,nan,,ok
5073.56621,nan,,branch-misses:u,branch-misses,0.0,100.0,nan,,ok
5073.56621,nan,,L1-dcache-loads:u,l1-dcache-loads,0.0,100.0,nan,,ok
5073.56621,nan,,cache-references:u,cache-references,0.0,100.0,nan,,ok
5073.56621,nan,,cache-misses:u,cache-misses,0.0,100.0,nan,,ok
5073.56621,nan,,stalled-cycles-frontend:u,stalled-cycles-frontend,0.0,100.0,nan,,ok
5084.22179,nan,,instructions:u,instructions,0.0,100.0,nan,,ok
5084.22179,nan,,cycles:u,cycles,0.0,100.0,nan,,ok
5084.22179,nan,,branches:u,branches,0.0,100.0,nan,,ok
5084.22179,nan,,branch-misses:u,branch-misses,0.0,100.0,nan,,ok
5084.22179,nan,,L1-dcache-loads:u,l1-dcache-loads,0.0,100.0,nan,,ok
5084.22179,nan,,cache-references:u,cache-references,0.0,100.0,nan,,ok
5084.22179,nan,,cache-misses:u,cache-misses,0.0,100.0,nan,,ok
5084.22179,nan,,stalled-cycles-frontend:u,stalled-cycles-frontend,0.0,100.0,nan,,ok
5094.927668,nan,,instructions:u,instructions,0.0,100.0,nan,,ok
5094.927668,nan,,cycles:u,cycles,0.0,100.0,nan,,ok
5094.927668,nan,,branches:u,branches,0.0,100.0,nan,,ok
5094.927668,nan,,branch-misses:u,branch-misses,0.0,100.0,nan,,ok
5094.927668,nan,,L1-dcache-loads:u,l1-dcache-loads,0.0,100.0,nan,,ok
5094.927668,nan,,cache-references:u,cache-references,0.0,100.0,nan,,ok
5094.927668,nan,,cache-misses:u,cache-misses,0.0,100.0,nan,,ok
5094.927668,nan,,stalled-cycles-frontend:u,stalled-cycles-frontend,0.0,100.0,nan,,ok
5105.660532,nan,,instructions:u,instructions,0.0,100.0,nan,,ok
5105.660532,nan,,cycles:u,cycles,0.0,100.0,nan,,ok
5105.660532,nan,,branches:u,branches,0.0,100.0,nan,,ok
5105.660532,nan,,branch-misses:u,branch-misses,0.0,100.0,nan,,ok
5105.660532,nan,,L1-dcache-loads:u,l1-dcache-loads,0.0,100.0,nan,,ok
5105.660532,nan,,cache-references:u,cache-references,0.0,100.0,nan,,ok
5105.660532,nan,,cache-misses:u,cache-misses,0.0,100.0,nan,,ok
5105.660532,nan,,stalled-cycles-frontend:u,stalled-cycles-frontend,0.0,100.0,nan,,ok
5116.425246000001,nan,,instructions:u,instructions,0.0,100.0,nan,,ok
5116.425246000001,nan,,cycles:u,cycles,0.0,100.0,nan,,ok
5116.425246000001,nan,,branches:u,branches,0.0,100.0,nan,,ok
5116.425246000001,nan,,branch-misses:u,branch-misses,0.0,100.0,nan,,ok
5116.425246000001,nan,,L1-dcache-loads:u,l1-dcache-loads,0.0,100.0,nan,,ok
5116.425246000001,nan,,cache-references:u,cache-references,0.0,100.0,nan,,ok
5116.425246000001,nan,,cache-misses:u,cache-misses,0.0,100.0,nan,,ok
5116.425246000001,nan,,stalled-cycles-frontend:u,stalled-cycles-frontend,0.0,100.0,nan,,ok
5127.072940999999,0.0,,instructions:u,instructions,351014.0,100.0,nan,,ok
5127.072940999999,nan,,cycles:u,cycles,0.0,0.0,nan,,ok
5127.072940999999,nan,,branches:u,branches,0.0,0.0,nan,,ok
5127.072940999999,nan,,branch-misses:u,branch-misses,0.0,0.0,nan,,ok
5127.072940999999,nan,,L1-dcache-loads:u,l1-dcache-loads,0.0,0.0,nan,,ok
5127.072940999999,nan,,cache-references:u,cache-references,0.0,0.0,nan,,ok
5127.072940999999,0.0,,cache-misses:u,cache-misses,445396.0,100.0,nan,,ok
5127.072940999999,0.0,,stalled-cycles-frontend:u,stalled-cycles-frontend,464251.0,100.0,nan,,ok
5137.803687,0.0,,instructions:u,instructions,2636687.0,41.0,nan,,ok
5137.803687,0.0,,cycles:u,cycles,3011012.0,47.0,nan,,ok
5137.803687,0.0,,branches:u,branches,3997372.0,63.0,nan,,ok
5137.803687,0.0,,branch-misses:u,branch-misses,4997004.0,79.0,nan,,ok
5137.803687,0.0,,L1-dcache-loads:u,l1-dcache-loads,4727377.0,74.0,nan,,ok
5137.803687,0.0,,cache-references:u,cache-references,3732499.0,59.0,nan,,ok
5137.803687,0.0,,cache-misses:u,cache-misses,3263792.0,52.0,nan,,ok
5137.803687,0.0,,stalled-cycles-frontend:u,stalled-cycles-frontend,1528572.0,24.0,nan,,ok
5148.477602,nan,,instructions:u,instructions,0.0,100.0,nan,,ok
5148.477602,nan,,cycles:u,cycles,0.0,100.0,nan,,ok
5148.477602,nan,,branches:u,branches,0.0,100.0,nan,,ok
5148.477602,nan,,branch-misses:u,branch-misses,0.0,100.0,nan,,ok
5148.477602,nan,,L1-dcache-loads:u,l1-dcache-loads,0.0,100.0,nan,,ok
5148.477602,nan,,cache-references:u,cache-references,0.0,100.0,nan,,ok
5148.477602,nan,,cache-misses:u,cache-misses,0.0,100.0,nan,,ok
5148.477602,nan,,stalled-cycles-frontend:u,stalled-cycles-frontend,0.0,100.0,nan,,ok
5159.115588,nan,,instructions:u,instructions,0.0,100.0,nan,,ok
5159.115588,nan,,cycles:u,cycles,0.0,100.0,nan,,ok
5159.115588,nan,,branches:u,branches,0.0,100.0,nan,,ok
5159.115588,nan,,branch-misses:u,branch-misses,0.0,100.0,nan,,ok
5159.115588,nan,,L1-dcache-loads:u,l1-dcache-loads,0.0,100.0,nan,,ok
5159.115588,nan,,cache-references:u,cache-references,0.0,100.0,nan,,ok
5159.115588,nan,,cache-misses:u,cache-misses,0.0,100.0,nan,,ok
5159.115588,nan,,stalled-cycles-frontend:u,stalled-cycles-frontend,0.0,100.0,nan,,ok
5169.782374,nan,,instructions:u,instructions,0.0,100.0,nan,,ok
5169.782374,nan,,cycles:u,cycles,0.0,100.0,nan,,ok
5169.782374,nan,,branches:u,branches,0.0,100.0,nan,,ok
5169.782374,nan,,branch-misses:u,branch-misses,0.0,100.0,nan,,ok
5169.782374,nan,,L1-dcache-loads:u,l1-dcache-loads,0.0,100.0,nan,,ok
5169.782374,nan,,cache-references:u,cache-references,0.0,100.0,nan,,ok
5169.782374,nan,,cache-misses:u,cache-misses,0.0,100.0,nan,,ok
5169.782374,nan,,stalled-cycles-frontend:u,stalled-cycles-frontend,0.0,100.0,nan,,ok
5180.39558,nan,,instructions:u,instructions,0.0,100.0,nan,,ok
5180.39558,nan,,cycles:u,cycles,0.0,100.0,nan,,ok
5180.39558,nan,,branches:u,branches,0.0,100.0,nan,,ok
5180.39558,nan,,branch-misses:u,branch-misses,0.0,100.0,nan,,ok
5180.39558,nan,,L1-dcache-loads:u,l1-dcache-loads,0.0,100.0,nan,,ok
5180.39558,nan,,cache-references:u,cache-references,0.0,100.0,nan,,ok
5180.39558,nan,,cache-misses:u,cache-misses,0.0,100.0,nan,,ok
5180.39558,nan,,stalled-cycles-frontend:u,stalled-cycles-frontend,0.0,100.0,nan,,ok
5191.085002000001,nan,,instructions:u,instructions,0.0,100.0,nan,,ok
5191.085002000001,nan,,cycles:u,cycles,0.0,100.0,nan,,ok
5191.085002000001,nan,,branches:u,branches,0.0,100.0,nan,,ok
5191.085002000001,nan,,branch-misses:u,branch-misses,0.0,100.0,nan,,ok
5191.085002000001,nan,,L1-dcache-loads:u,l1-dcache-loads,0.0,100.0,nan,,ok
5191.085002000001,nan,,cache-references:u,cache-references,0.0,100.0,nan,,ok
5191.085002000001,nan,,cache-misses:u,cache-misses,0.0,100.0,nan,,ok
5191.085002000001,nan,,stalled-cycles-frontend:u,stalled-cycles-frontend,0.0,100.0,nan,,ok
5201.795472,nan,,instructions:u,instructions,0.0,100.0,nan,,ok
5201.795472,nan,,cycles:u,cycles,0.0,100.0,nan,,ok
5201.795472,nan,,branches:u,branches,0.0,100.0,nan,,ok
5201.795472,nan,,branch-misses:u,branch-misses,0.0,100.0,nan,,ok
5201.795472,nan,,L1-dcache-loads:u,l1-dcache-loads,0.0,100.0,nan,,ok
5201.795472,nan,,cache-references:u,cache-references,0.0,100.0,nan,,ok
5201.795472,nan,,cache-misses:u,cache-misses,0.0,100.0,nan,,ok
5201.795472,nan,,stalled-cycles-frontend:u,stalled-cycles-frontend,0.0,100.0,nan,,ok
5212.489177,nan,,instructions:u,instructions,0.0,100.0,nan,,ok
5212.489177,nan,,cycles:u,cycles,0.0,100.0,nan,,ok
5212.489177,nan,,branches:u,branches,0.0,100.0,nan,,ok
5212.489177,nan,,branch-misses:u,branch-misses,0.0,100.0,nan,,ok
5212.489177,nan,,L1-dcache-loads:u,l1-dcache-loads,0.0,100.0,nan,,ok
5212.489177,nan,,cache-references:u,cache-references,0.0,100.0,nan,,ok
5212.489177,nan,,cache-misses:u,cache-misses,0.0,100.0,nan,,ok
5212.489177,nan,,stalled-cycles-frontend:u,stalled-cycles-frontend,0.0,100.0,nan,,ok
5223.261098,0.0,,instructions:u,instructions,2843158.0,59.0,nan,,ok
5223.261098,0.0,,cycles:u,cycles,1865689.0,38.0,nan,,ok
5223.261098,0.0,,branches:u,branches,1865689.0,38.0,nan,,ok
5223.261098,0.0,,branch-misses:u,branch-misses,1865689.0,38.0,nan,,ok
5223.261098,0.0,,L1-dcache-loads:u,l1-dcache-loads,1806573.0,37.0,nan,,ok
5223.261098,0.0,,cache-references:u,cache-references,1958822.0,40.0,nan,,ok
5223.261098,0.0,,cache-misses:u,cache-misses,2936291.0,61.0,nan,,ok
5223.261098,0.0,,stalled-cycles-frontend:u,stalled-cycles-frontend,1984366.0,41.0,nan,,ok
5233.999382,nan,,instructions:u,instructions,0.0,100.0,nan,,ok
5233.999382,nan,,cycles:u,cycles,0.0,100.0,nan,,ok
5233.999382,nan,,branches:u,branches,0.0,100.0,nan,,ok
5233.999382,nan,,branch-misses:u,branch-misses,0.0,100.0,nan,,ok
5233.999382,nan,,L1-dcache-loads:u,l1-dcache-loads,0.0,100.0,nan,,ok
5233.999382,nan,,cache-references:u,cache-references,0.0,100.0,nan,,ok
5233.999382,nan,,cache-misses:u,cache-misses,0.0,100.0,nan,,ok
5233.999382,nan,,stalled-cycles-frontend:u,stalled-cycles-frontend,0.0,100.0,nan,,ok
5244.643383,nan,,instructions:u,instructions,0.0,100.0,nan,,ok
5244.643383,nan,,cycles:u,cycles,0.0,100.0,nan,,ok
5244.643383,nan,,branches:u,branches,0.0,100.0,nan,,ok
5244.643383,nan,,branch-misses:u,branch-misses,0.0,100.0,nan,,ok
5244.643383,nan,,L1-dcache-loads:u,l1-dcache-loads,0.0,100.0,nan,,ok
5244.643383,nan,,cache-references:u,cache-references,0.0,100.0,nan,,ok
5244.643383,nan,,cache-misses:u,cache-misses,0.0,100.0,nan,,ok
5244.643383,nan,,stalled-cycles-frontend:u,stalled-cycles-frontend,0.0,100.0,nan,,ok
5255.349419,nan,,instructions:u,instructions,0.0,100.0,nan,,ok
5255.349419,nan,,cycles:u,cycles,0.0,100.0,nan,,ok
5255.349419,nan,,branches:u,branches,0.0,100.0,nan,,ok
5255.349419,nan,,branch-misses:u,branch-misses,0.0,100.0,nan,,ok
5255.349419,nan,,L1-dcache-loads:u,l1-dcache-loads,0.0,100.0,nan,,ok
5255.349419,nan,,cache-references:u,cache-references,0.0,100.0,nan,,ok
5255.349419,nan,,cache-misses:u,cache-misses,0.0,100.0,nan,,ok
5255.349419,nan,,stalled-cycles-frontend:u,stalled-cycles-frontend,0.0,100.0,nan,,ok
5266.029450999999,nan,,instructions:u,instructions,0.0,100.0,nan,,ok
5266.029450999999,nan,,cycles:u,cycles,0.0,100.0,nan,,ok
5266.029450999999,nan,,branches:u,branches,0.0,100.0,nan,,ok
5266.029450999999,nan,,branch-misses:u,branch-misses,0.0,100.0,nan,,ok
5266.029450999999,nan,,L1-dcache-loads:u,l1-dcache-loads,0.0,100.0,nan,,ok
5266.029450999999,nan,,cache-references:u,cache-references,0.0,100.0,nan,,ok
5266.029450999999,nan,,cache-misses:u,cache-misses,0.0,100.0,nan,,ok
5266.029450999999,nan,,stalled-cycles-frontend:u,stalled-cycles-frontend,0.0,100.0,nan,,ok
5276.672348,nan,,instructions:u,instructions,0.0,100.0,nan,,ok
5276.672348,nan,,cycles:u,cycles,0.0,100.0,nan,,ok
5276.672348,nan,,branches:u,branches,0.0,100.0,nan,,ok
5276.672348,nan,,branch-misses:u,branch-misses,0.0,100.0,nan,,ok
5276.672348,nan,,L1-dcache-loads:u,l1-dcache-loads,0.0,100.0,nan,,ok
5276.672348,nan,,cache-references:u,cache-references,0.0,100.0,nan,,ok
5276.672348,nan,,cache-misses:u,cache-misses,0.0,100.0,nan,,ok
5276.672348,nan,,stalled-cycles-frontend:u,stalled-cycles-frontend,0.0,100.0,nan,,ok
5287.426364,nan,,instructions:u,instructions,0.0,100.0,nan,,ok
5287.426364,nan,,cycles:u,cycles,0.0,100.0,nan,,ok
5287.426364,nan,,branches:u,branches,0.0,100.0,nan,,ok
5287.426364,nan,,branch-misses:u,branch-misses,0.0,100.0,nan,,ok
5287.426364,nan,,L1-dcache-loads:u,l1-dcache-loads,0.0,100.0,nan,,ok
5287.426364,nan,,cache-references:u,cache-references,0.0,100.0,nan,,ok
5287.426364,nan,,cache-misses:u,cache-misses,0.0,100.0,nan,,ok
5287.426364,nan,,stalled-cycles-frontend:u,stalled-cycles-frontend,0.0,100.0,nan,,ok
5298.135120999999,nan,,instructions:u,instructions,0.0,100.0,nan,,ok
5298.135120999999,nan,,cycles:u,cycles,0.0,100.0,nan,,ok
5298.135120999999,nan,,branches:u,branches,0.0,100.0,nan,,ok
5298.135120999999,nan,,branch-misses:u,branch-misses,0.0,100.0,nan,,ok
5298.135120999999,nan,,L1-dcache-loads:u,l1-dcache-loads,0.0,100.0,nan,,ok
5298.135120999999,nan,,cache-references:u,cache-references,0.0,100.0,nan,,ok
5298.135120999999,nan,,cache-misses:u,cache-misses,0.0,100.0,nan,,ok
5298.135120999999,nan,,stalled-cycles-frontend:u,stalled-cycles-frontend,0.0,100.0,nan,,ok
5308.93208,nan,,instructions:u,instructions,0.0,100.0,nan,,ok
5308.93208,nan,,cycles:u,cycles,0.0,100.0,nan,,ok
5308.93208,nan,,branches:u,branches,0.0,100.0,nan,,ok
5308.93208,nan,,branch-misses:u,branch-misses,0.0,100.0,nan,,ok
5308.93208,nan,,L1-dcache-loads:u,l1-dcache-loads,0.0,100.0,nan,,ok
5308.93208,nan,,cache-references:u,cache-references,0.0,100.0,nan,,ok
5308.93208,nan,,cache-misses:u,cache-misses,0.0,100.0,nan,,ok
5308.93208,nan,,stalled-cycles-frontend:u,stalled-cycles-frontend,0.0,100.0,nan,,ok
5319.644178,nan,,instructions:u,instructions,0.0,100.0,nan,,ok
5319.644178,nan,,cycles:u,cycles,0.0,100.0,nan,,ok
5319.644178,nan,,branches:u,branches,0.0,100.0,nan,,ok
5319.644178,nan,,branch-misses:u,branch-misses,0.0,100.0,nan,,ok
5319.644178,nan,,L1-dcache-loads:u,l1-dcache-loads,0.0,100.0,nan,,ok
5319.644178,nan,,cache-references:u,cache-references,0.0,100.0,nan,,ok
5319.644178,nan,,cache-misses:u,cache-misses,0.0,100.0,nan,,ok
5319.644178,nan,,stalled-cycles-frontend:u,stalled-cycles-frontend,0.0,100.0,nan,,ok
5330.387794,nan,,instructions:u,instructions,0.0,100.0,nan,,ok
5330.387794,nan,,cycles:u,cycles,0.0,100.0,nan,,ok
5330.387794,nan,,branches:u,branches,0.0,100.0,nan,,ok
5330.387794,nan,,branch-misses:u,branch-misses,0.0,100.0,nan,,ok
5330.387794,nan,,L1-dcache-loads:u,l1-dcache-loads,0.0,100.0,nan,,ok
5330.387794,nan,,cache-references:u,cache-references,0.0,100.0,nan,,ok
5330.387794,nan,,cache-misses:u,cache-misses,0.0,100.0,nan,,ok
5330.387794,nan,,stalled-cycles-frontend:u,stalled-cycles-frontend,0.0,100.0,nan,,ok
5341.006494,nan,,instructions:u,instructions,0.0,100.0,nan,,ok
5341.006494,nan,,cycles:u,cycles,0.0,100.0,nan,,ok
5341.006494,nan,,branches:u,branches,0.0,100.0,nan,,ok
5341.006494,nan,,branch-misses:u,branch-misses,0.0,100.0,nan,,ok
5341.006494,nan,,L1-dcache-loads:u,l1-dcache-loads,0.0,100.0,nan,,ok
5341.006494,nan,,cache-references:u,cache-references,0.0,100.0,nan,,ok
5341.006494,nan,,cache-misses:u,cache-misses,0.0,100.0,nan,,ok
5341.006494,nan,,stalled-cycles-frontend:u,stalled-cycles-frontend,0.0,100.0,nan,,ok
5351.677423,nan,,instructions:u,instructions,0.0,100.0,nan,,ok
5351.677423,nan,,cycles:u,cycles,0.0,100.0,nan,,ok
5351.677423,nan,,branches:u,branches,0.0,100.0,nan,,ok
5351.677423,nan,,branch-misses:u,branch-misses,0.0,100.0,nan,,ok
5351.677423,nan,,L1-dcache-loads:u,l1-dcache-loads,0.0,100.0,nan,,ok
5351.677423,nan,,cache-references:u,cache-references,0.0,100.0,nan,,ok
5351.677423,nan,,cache-misses:u,cache-misses,0.0,100.0,nan,,ok
5351.677423,nan,,stalled-cycles-frontend:u,stalled-cycles-frontend,0.0,100.0,nan,,ok
5362.426095,nan,,instructions:u,instructions,0.0,100.0,nan,,ok
5362.426095,nan,,cycles:u,cycles,0.0,100.0,nan,,ok
5362.426095,nan,,branches:u,branches,0.0,100.0,nan,,ok
5362.426095,nan,,branch-misses:u,branch-misses,0.0,100.0,nan,,ok
5362.426095,nan,,L1-dcache-loads:u,l1-dcache-loads,0.0,100.0,nan,,ok
5362.426095,nan,,cache-references:u,cache-references,0.0,100.0,nan,,ok
5362.426095,nan,,cache-misses:u,cache-misses,0.0,100.0,nan,,ok
5362.426095,nan,,stalled-cycles-frontend:u,stalled-cycles-frontend,0.0,100.0,nan,,ok
5373.106152,nan,,instructions:u,instructions,0.0,100.0,nan,,ok
5373.106152,nan,,cycles:u,cycles,0.0,100.0,nan,,ok
5373.106152,nan,,branches:u,branches,0.0,100.0,nan,,ok
5373.106152,nan,,branch-misses:u,branch-misses,0.0,100.0,nan,,ok
5373.106152,nan,,L1-dcache-loads:u,l1-dcache-loads,0.0,100.0,nan,,ok
5373.106152,nan,,cache-references:u,cache-references,0.0,100.0,nan,,ok
5373.106152,nan,,cache-misses:u,cache-misses,0.0,100.0,nan,,ok
5373.106152,nan,,stalled-cycles-frontend:u,stalled-cycles-frontend,0.0,100.0,nan,,ok
5383.788418,nan,,instructions:u,instructions,0.0,100.0,nan,,ok
5383.788418,nan,,cycles:u,cycles,0.0,100.0,nan,,ok
5383.788418,nan,,branches:u,branches,0.0,100.0,nan,,ok
5383.788418,nan,,branch-misses:u,branch-misses,0.0,100.0,nan,,ok
5383.788418,nan,,L1-dcache-loads:u,l1-dcache-loads,0.0,100.0,nan,,ok
5383.788418,nan,,cache-references:u,cache-references,0.0,100.0,nan,,ok
5383.788418,nan,,cache-misses:u,cache-misses,0.0,100.0,nan,,ok
5383.788418,nan,,stalled-cycles-frontend:u,stalled-cycles-frontend,0.0,100.0,nan,,ok
5394.435641,nan,,instructions:u,instructions,0.0,100.0,nan,,ok
5394.435641,nan,,cycles:u,cycles,0.0,100.0,nan,,ok
5394.435641,nan,,branches:u,branches,0.0,100.0,nan,,ok
5394.435641,nan,,branch-misses:u,branch-misses,0.0,100.0,nan,,ok
5394.435641,nan,,L1-dcache-loads:u,l1-dcache-loads,0.0,100.0,nan,,ok
5394.435641,nan,,cache-references:u,cache-references,0.0,100.0,nan,,ok
5394.435641,nan,,cache-misses:u,cache-misses,0.0,100.0,nan,,ok
5394.435641,nan,,stalled-cycles-frontend:u,stalled-cycles-frontend,0.0,100.0,nan,,ok
5405.36166,nan,,instructions:u,instructions,0.0,100.0,nan,,ok
5405.36166,nan,,cycles:u,cycles,0.0,100.0,nan,,ok
5405.36166,nan,,branches:u,branches,0.0,100.0,nan,,ok
5405.36166,nan,,branch-misses:u,branch-misses,0.0,100.0,nan,,ok
5405.36166,nan,,L1-dcache-loads:u,l1-dcache-loads,0.0,100.0,nan,,ok
5405.36166,nan,,cache-references:u,cache-references,0.0,100.0,nan,,ok
5405.36166,nan,,cache-misses:u,cache-misses,0.0,100.0,nan,,ok
5405.36166,nan,,stalled-cycles-frontend:u,stalled-cycles-frontend,0.0,100.0,nan,,ok
5416.074434,nan,,instructions:u,instructions,0.0,100.0,nan,,ok
5416.074434,nan,,cycles:u,cycles,0.0,100.0,nan,,ok
5416.074434,nan,,branches:u,branches,0.0,100.0,nan,,ok
5416.074434,nan,,branch-misses:u,branch-misses,0.0,100.0,nan,,ok
5416.074434,nan,,L1-dcache-loads:u,l1-dcache-loads,0.0,100.0,nan,,ok
5416.074434,nan,,cache-references:u,cache-references,0.0,100.0,nan,,ok
5416.074434,nan,,cache-misses:u,cache-misses,0.0,100.0,nan,,ok
5416.074434,nan,,stalled-cycles-frontend:u,stalled-cycles-frontend,0.0,100.0,nan,,ok
5426.780769,0.0,,instructions:u,instructions,68169.0,100.0,nan,,ok
5426.780769,0.0,,cycles:u,cycles,103835.0,100.0,nan,,ok
5426.780769,0.0,,branches:u,branches,131193.0,100.0,nan,,ok
5426.780769,0.0,,branch-misses:u,branch-misses,149558.0,100.0,nan,,ok
5426.780769,0.0,,L1-dcache-loads:u,l1-dcache-loads,167078.0,100.0,nan,,ok
5426.780769,nan,,cache-references:u,cache-references,0.0,0.0,nan,,ok
5426.780769,nan,,cache-misses:u,cache-misses,0.0,0.0,nan,,ok
5426.780769,nan,,stalled-cycles-frontend:u,stalled-cycles-frontend,0.0,0.0,nan,,ok
5437.6421,0.0,,instructions:u,instructions,1783223.0,26.0,nan,,ok
5437.6421,0.0,,cycles:u,cycles,1885225.0,27.0,nan,,ok
5437.6421,0.0,,branches:u,branches,2861926.0,42.0,nan,,ok
5437.6421,0.0,,branch-misses:u,branch-misses,3840168.0,57.0,nan,,ok
5437.6421,0.0,,L1-dcache-loads:u,l1-dcache-loads,4822406.0,72.0,nan,,ok
5437.6421,0.0,,cache-references:u,cache-references,4993541.0,74.0,nan,,ok
5437.6421,0.0,,cache-misses:u,cache-misses,4855873.0,72.0,nan,,ok
5437.6421,0.0,,stalled-cycles-frontend:u,stalled-cycles-frontend,858862.0,12.0,nan,,ok
5448.388824000001,nan,,instructions:u,instructions,0.0,100.0,nan,,ok
5448.388824000001,nan,,cycles:u,cycles,0.0,100.0,nan,,ok
5448.388824000001,nan,,branches:u,branches,0.0,100.0,nan,,ok
5448.388824000001,nan,,branch-misses:u,branch-misses,0.0,100.0,nan,,ok
5448.388824000001,nan,,L1-dcache-loads:u,l1-dcache-loads,0.0,100.0,nan,,ok
5448.388824000001,nan,,cache-references:u,cache-references,0.0,100.0,nan,,ok
5448.388824000001,nan,,cache-misses:u,cache-misses,0.0,100.0,nan,,ok
5448.388824000001,nan,,stalled-cycles-frontend:u,stalled-cycles-frontend,0.0,100.0,nan,,ok
5459.046411,nan,,instructions:u,instructions,0.0,100.0,nan,,ok
5459.046411,nan,,cycles:u,cycles,0.0,100.0,nan,,ok
5459.046411,nan,,branches:u,branches,0.0,100.0,nan,,ok
5459.046411,nan,,branch-misses:u,branch-misses,0.0,100.0,nan,,ok
5459.046411,nan,,L1-dcache-loads:u,l1-dcache-loads,0.0,100.0,nan,,ok
5459.046411,nan,,cache-references:u,cache-references,0.0,100.0,nan,,ok
5459.046411,nan,,cache-misses:u,cache-misses,0.0,100.0,nan,,ok
5459.046411,nan,,stalled-cycles-frontend:u,stalled-cycles-frontend,0.0,100.0,nan,,ok
5469.707132,nan,,instructions:u,instructions,0.0,100.0,nan,,ok
5469.707132,nan,,cycles:u,cycles,0.0,100.0,nan,,ok
5469.707132,nan,,branches:u,branches,0.0,100.0,nan,,ok
5469.707132,nan,,branch-misses:u,branch-misses,0.0,100.0,nan,,ok
5469.707132,nan,,L1-dcache-loads:u,l1-dcache-loads,0.0,100.0,nan,,ok
5469.707132,nan,,cache-references:u,cache-references,0.0,100.0,nan,,ok
5469.707132,nan,,cache-misses:u,cache-misses,0.0,100.0,nan,,ok
5469.707132,nan,,stalled-cycles-frontend:u,stalled-cycles-frontend,0.0,100.0,nan,,ok
5480.363239,nan,,instructions:u,instructions,0.0,100.0,nan,,ok
5480.363239,nan,,cycles:u,cycles,0.0,100.0,nan,,ok
5480.363239,nan,,branches:u,branches,0.0,100.0,nan,,ok
5480.363239,nan,,branch-misses:u,branch-misses,0.0,100.0,nan,,ok
5480.363239,nan,,L1-dcache-loads:u,l1-dcache-loads,0.0,100.0,nan,,ok
5480.363239,nan,,cache-references:u,cache-references,0.0,100.0,nan,,ok
5480.363239,nan,,cache-misses:u,cache-misses,0.0,100.0,nan,,ok
5480.363239,nan,,stalled-cycles-frontend:u,stalled-cycles-frontend,0.0,100.0,nan,,ok
5491.1089,nan,,instructions:u,instructions,0.0,100.0,nan,,ok
5491.1089,nan,,cycles:u,cycles,0.0,100.0,nan,,ok
5491.1089,nan,,branches:u,branches,0.0,100.0,nan,,ok
5491.1089,nan,,branch-misses:u,branch-misses,0.0,100.0,nan,,ok
5491.1089,nan,,L1-dcache-loads:u,l1-dcache-loads,0.0,100.0,nan,,ok
5491.1089,nan,,cache-references:u,cache-references,0.0,100.0,nan,,ok
5491.1089,nan,,cache-misses:u,cache-misses,0.0,100.0,nan,,ok
5491.1089,nan,,stalled-cycles-frontend:u,stalled-cycles-frontend,0.0,100.0,nan,,ok
5501.716718,nan,,instructions:u,instructions,0.0,100.0,nan,,ok
5501.716718,nan,,cycles:u,cycles,0.0,100.0,nan,,ok
5501.716718,nan,,branches:u,branches,0.0,100.0,nan,,ok
5501.716718,nan,,branch-misses:u,branch-misses,0.0,100.0,nan,,ok
5501.716718,nan,,L1-dcache-loads:u,l1-dcache-loads,0.0,100.0,nan,,ok
5501.716718,nan,,cache-references:u,cache-references,0.0,100.0,nan,,ok
5501.716718,nan,,cache-misses:u,cache-misses,0.0,100.0,nan,,ok
5501.716718,nan,,stalled-cycles-frontend:u,stalled-cycles-frontend,0.0,100.0,nan,,ok
5512.368437,nan,,instructions:u,instructions,0.0,100.0,nan,,ok
5512.368437,nan,,cycles:u,cycles,0.0,100.0,nan,,ok
5512.368437,nan,,branches:u,branches,0.0,100.0,nan,,ok
5512.368437,nan,,branch-misses:u,branch-misses,0.0,100.0,nan,,ok
5512.368437,nan,,L1-dcache-loads:u,l1-dcache-loads,0.0,100.0,nan,,ok
5512.368437,nan,,cache-references:u,cache-references,0.0,100.0,nan,,ok
5512.368437,nan,,cache-misses:u,cache-misses,0.0,100.0,nan,,ok
5512.368437,nan,,stalled-cycles-frontend:u,stalled-cycles-frontend,0.0,100.0,nan,,ok
5523.133649,nan,,instructions:u,instructions,0.0,100.0,nan,,ok
5523.133649,nan,,cycles:u,cycles,0.0,100.0,nan,,ok
5523.133649,nan,,branches:u,branches,0.0,100.0,nan,,ok
5523.133649,nan,,branch-misses:u,branch-misses,0.0,100.0,nan,,ok
5523.133649,nan,,L1-dcache-loads:u,l1-dcache-loads,0.0,100.0,nan,,ok
5523.133649,nan,,cache-references:u,cache-references,0.0,100.0,nan,,ok
5523.133649,nan,,cache-misses:u,cache-misses,0.0,100.0,nan,,ok
5523.133649,nan,,stalled-cycles-frontend:u,stalled-cycles-frontend,0.0,100.0,nan,,ok
5533.80735,nan,,instructions:u,instructions,0.0,100.0,nan,,ok
5533.80735,nan,,cycles:u,cycles,0.0,100.0,nan,,ok
5533.80735,nan,,branches:u,branches,0.0,100.0,nan,,ok
5533.80735,nan,,branch-misses:u,branch-misses,0.0,100.0,nan,,ok
5533.80735,nan,,L1-dcache-loads:u,l1-dcache-loads,0.0,100.0,nan,,ok
5533.80735,nan,,cache-references:u,cache-references,0.0,100.0,nan,,ok
5533.80735,nan,,cache-misses:u,cache-misses,0.0,100.0,nan,,ok
5533.80735,nan,,stalled-cycles-frontend:u,stalled-cycles-frontend,0.0,100.0,nan,,ok
5544.484523,nan,,instructions:u,instructions,0.0,100.0,nan,,ok
5544.484523,nan,,cycles:u,cycles,0.0,100.0,nan,,ok
5544.484523,nan,,branches:u,branches,0.0,100.0,nan,,ok
5544.484523,nan,,branch-misses:u,branch-misses,0.0,100.0,nan,,ok
5544.484523,nan,,L1-dcache-loads:u,l1-dcache-loads,0.0,100.0,nan,,ok
5544.484523,nan,,cache-references:u,cache-references,0.0,100.0,nan,,ok
5544.484523,nan,,cache-misses:u,cache-misses,0.0,100.0,nan,,ok
5544.484523,nan,,stalled-cycles-frontend:u,stalled-cycles-frontend,0.0,100.0,nan,,ok
5555.16252,nan,,instructions:u,instructions,0.0,100.0,nan,,ok
5555.16252,nan,,cycles:u,cycles,0.0,100.0,nan,,ok
5555.16252,nan,,branches:u,branches,0.0,100.0,nan,,ok
5555.16252,nan,,branch-misses:u,branch-misses,0.0,100.0,nan,,ok
5555.16252,nan,,L1-dcache-loads:u,l1-dcache-loads,0.0,100.0,nan,,ok
5555.16252,nan,,cache-references:u,cache-references,0.0,100.0,nan,,ok
5555.16252,nan,,cache-misses:u,cache-misses,0.0,100.0,nan,,ok
5555.16252,nan,,stalled-cycles-frontend:u,stalled-cycles-frontend,0.0,100.0,nan,,ok
5565.7873819999995,nan,,instructions:u,instructions,0.0,100.0,nan,,ok
5565.7873819999995,nan,,cycles:u,cycles,0.0,100.0,nan,,ok
5565.7873819999995,nan,,branches:u,branches,0.0,100.0,nan,,ok
5565.7873819999995,nan,,branch-misses:u,branch-misses,0.0,100.0,nan,,ok
5565.7873819999995,nan,,L1-dcache-loads:u,l1-dcache-loads,0.0,100.0,nan,,ok
5565.7873819999995,nan,,cache-references:u,cache-references,0.0,100.0,nan,,ok
5565.7873819999995,nan,,cache-misses:u,cache-misses,0.0,100.0,nan,,ok
5565.7873819999995,nan,,stalled-cycles-frontend:u,stalled-cycles-frontend,0.0,100.0,nan,,ok
5576.464171,nan,,instructions:u,instructions,0.0,100.0,nan,,ok
5576.464171,nan,,cycles:u,cycles,0.0,100.0,nan,,ok
5576.464171,nan,,branches:u,branches,0.0,100.0,nan,,ok
5576.464171,nan,,branch-misses:u,branch-misses,0.0,100.0,nan,,ok
5576.464171,nan,,L1-dcache-loads:u,l1-dcache-loads,0.0,100.0,nan,,ok
5576.464171,nan,,cache-references:u,cache-references,0.0,100.0,nan,,ok
5576.464171,nan,,cache-misses:u,cache-misses,0.0,100.0,nan,,ok
5576.464171,nan,,stalled-cycles-frontend:u,stalled-cycles-frontend,0.0,100.0,nan,,ok
5587.080388,nan,,instructions:u,instructions,0.0,100.0,nan,,ok
5587.080388,nan,,cycles:u,cycles,0.0,100.0,nan,,ok
5587.080388,nan,,branches:u,branches,0.0,100.0,nan,,ok
5587.080388,nan,,branch-misses:u,branch-misses,0.0,100.0,nan,,ok
5587.080388,nan,,L1-dcache-loads:u,l1-dcache-loads,0.0,100.0,nan,,ok
5587.080388,nan,,cache-references:u,cache-references,0.0,100.0,nan,,ok
5587.080388,nan,,cache-misses:u,cache-misses,0.0,100.0,nan,,ok
5587.080388,nan,,stalled-cycles-frontend:u,stalled-cycles-frontend,0.0,100.0,nan,,ok
5597.777083999999,0.0,,instructions:u,instructions,1083884.0,100.0,nan,,ok
5597.777083999999,0.0,,cycles:u,cycles,132234.0,11.0,nan,,ok
5597.777083999999,0.0,,branches:u,branches,152748.0,13.0,nan,,ok
5597.777083999999,0.0,,branch-misses:u,branch-misses,173218.0,14.0,nan,,ok
5597.777083999999,nan,,L1-dcache-loads:u,l1-dcache-loads,0.0,0.0,nan,,ok
5597.777083999999,nan,,cache-references:u,cache-references,0.0,0.0,nan,,ok
5597.777083999999,0.0,,cache-misses:u,cache-misses,981592.0,82.0,nan,,ok
5597.777083999999,0.0,,stalled-cycles-frontend:u,stalled-cycles-frontend,1208250.0,100.0,nan,,ok
5608.577073,0.0,,instructions:u,instructions,1896105.0,43.0,nan,,ok
5608.577073,0.0,,cycles:u,cycles,2866838.0,66.0,nan,,ok
5608.577073,0.0,,branches:u,branches,3843527.0,89.0,nan,,ok
5608.577073,0.0,,branch-misses:u,branch-misses,4296895.0,100.0,nan,,ok
5608.577073,0.0,,L1-dcache-loads:u,l1-dcache-loads,3465559.0,80.0,nan,,ok
5608.577073,0.0,,cache-references:u,cache-references,2471716.0,57.0,nan,,ok
5608.577073,0.0,,cache-misses:u,cache-misses,1471041.0,34.0,nan,,ok
5608.577073,0.0,,stalled-cycles-frontend:u,stalled-cycles-frontend,777896.0,18.0,nan,,ok
5619.307038,nan,,instructions:u,instructions,0.0,100.0,nan,,ok
5619.307038,nan,,cycles:u,cycles,0.0,100.0,nan,,ok
5619.307038,nan,,branches:u,branches,0.0,100.0,nan,,ok
5619.307038,nan,,branch-misses:u,branch-misses,0.0,100.0,nan,,ok
5619.307038,nan,,L1-dcache-loads:u,l1-dcache-loads,0.0,100.0,nan,,ok
5619.307038,nan,,cache-references:u,cache-references,0.0,100.0,nan,,ok
5619.307038,nan,,cache-misses:u,cache-misses,0.0,100.0,nan,,ok
5619.307038,nan,,stalled-cycles-frontend:u,stalled-cycles-frontend,0.0,100.0,nan,,ok
5630.031061000001,nan,,instructions:u,instructions,0.0,100.0,nan,,ok
5630.031061000001,nan,,cycles:u,cycles,0.0,100.0,nan,,ok
5630.031061000001,nan,,branches:u,branches,0.0,100.0,nan,,ok
5630.031061000001,nan,,branch-misses:u,branch-misses,0.0,100.0,nan,,ok
5630.031061000001,nan,,L1-dcache-loads:u,l1-dcache-loads,0.0,100.0,nan,,ok
5630.031061000001,nan,,cache-references:u,cache-references,0.0,100.0,nan,,ok
5630.031061000001,nan,,cache-misses:u,cache-misses,0.0,100.0,nan,,ok
5630.031061000001,nan,,stalled-cycles-frontend:u,stalled-cycles-frontend,0.0,100.0,nan,,ok
5640.65788,nan,,instructions:u,instructions,0.0,100.0,nan,,ok
5640.65788,nan,,cycles:u,cycles,0.0,100.0,nan,,ok
5640.65788,nan,,branches:u,branches,0.0,100.0,nan,,ok
5640.65788,nan,,branch-misses:u,branch-misses,0.0,100.0,nan,,ok
5640.65788,nan,,L1-dcache-loads:u,l1-dcache-loads,0.0,100.0,nan,,ok
5640.65788,nan,,cache-references:u,cache-references,0.0,100.0,nan,,ok
5640.65788,nan,,cache-misses:u,cache-misses,0.0,100.0,nan,,ok
5640.65788,nan,,stalled-cycles-frontend:u,stalled-cycles-frontend,0.0,100.0,nan,,ok
5651.280503999999,nan,,instructions:u,instructions,0.0,100.0,nan,,ok
5651.280503999999,nan,,cycles:u,cycles,0.0,100.0,nan,,ok
5651.280503999999,nan,,branches:u,branches,0.0,100.0,nan,,ok
5651.280503999999,nan,,branch-misses:u,branch-misses,0.0,100.0,nan,,ok
5651.280503999999,nan,,L1-dcache-loads:u,l1-dcache-loads,0.0,100.0,nan,,ok
5651.280503999999,nan,,cache-references:u,cache-references,0.0,100.0,nan,,ok
5651.280503999999,nan,,cache-misses:u,cache-misses,0.0,100.0,nan,,ok
5651.280503999999,nan,,stalled-cycles-frontend:u,stalled-cycles-frontend,0.0,100.0,nan,,ok
5662.025970000001,nan,,instructions:u,instructions,0.0,100.0,nan,,ok
5662.025970000001,nan,,cycles:u,cycles,0.0,100.0,nan,,ok
5662.025970000001,nan,,branches:u,branches,0.0,100.0,nan,,ok
5662.025970000001,nan,,branch-misses:u,branch-misses,0.0,100.0,nan,,ok
5662.025970000001,nan,,L1-dcache-loads:u,l1-dcache-loads,0.0,100.0,nan,,ok
5662.025970000001,nan,,cache-references:u,cache-references,0.0,100.0,nan,,ok
5662.025970000001,nan,,cache-misses:u,cache-misses,0.0,100.0,nan,,ok
5662.025970000001,nan,,stalled-cycles-frontend:u,stalled-cycles-frontend,0.0,100.0,nan,,ok
5672.804911,0.0,,instructions:u,instructions,2998031.0,42.0,nan,,ok
5672.804911,0.0,,cycles:u,cycles,3078132.0,43.0,nan,,ok
5672.804911,0.0,,branches:u,branches,3183653.0,44.0,nan,,ok
5672.804911,0.0,,branch-misses:u,branch-misses,4081799.0,57.0,nan,,ok
5672.804911,0.0,,L1-dcache-loads:u,l1-dcache-loads,4076668.0,57.0,nan,,ok
5672.804911,0.0,,cache-references:u,cache-references,4077420.0,57.0,nan,,ok
5672.804911,0.0,,cache-misses:u,cache-misses,3997319.0,56.0,nan,,ok
5672.804911,0.0,,stalled-cycles-frontend:u,stalled-cycles-frontend,2001856.0,28.0,nan,,ok
5683.548264999999,nan,,instructions:u,instructions,0.0,100.0,nan,,ok
5683.548264999999,nan,,cycles:u,cycles,0.0,100.0,nan,,ok
5683.548264999999,nan,,branches:u,branches,0.0,100.0,nan,,ok
5683.548264999999,nan,,branch-misses:u,branch-misses,0.0,100.0,nan,,ok
5683.548264999999,nan,,L1-dcache-loads:u,l1-dcache-loads,0.0,100.0,nan,,ok
5683.548264999999,nan,,cache-references:u,cache-references,0.0,100.0,nan,,ok
5683.548264999999,nan,,cache-misses:u,cache-misses,0.0,100.0,nan,,ok
5683.548264999999,nan,,stalled-cycles-frontend:u,stalled-cycles-frontend,0.0,100.0,nan,,ok
5694.961536,nan,,instructions:u,instructions,0.0,100.0,nan,,ok
5694.961536,nan,,cycles:u,cycles,0.0,100.0,nan,,ok
5694.961536,nan,,branches:u,branches,0.0,100.0,nan,,ok
5694.961536,nan,,branch-misses:u,branch-misses,0.0,100.0,nan,,ok
5694.961536,nan,,L1-dcache-loads:u,l1-dcache-loads,0.0,100.0,nan,,ok
5694.961536,nan,,cache-references:u,cache-references,0.0,100.0,nan,,ok
5694.961536,nan,,cache-misses:u,cache-misses,0.0,100.0,nan,,ok
5694.961536,nan,,stalled-cycles-frontend:u,stalled-cycles-frontend,0.0,100.0,nan,,ok
5705.6746299999995,nan,,instructions:u,instructions,0.0,100.0,nan,,ok
5705.6746299999995,nan,,cycles:u,cycles,0.0,100.0,nan,,ok
5705.6746299999995,nan,,branches:u,branches,0.0,100.0,nan,,ok
5705.6746299999995,nan,,branch-misses:u,branch-misses,0.0,100.0,nan,,ok
5705.6746299999995,nan,,L1-dcache-loads:u,l1-dcache-loads,0.0,100.0,nan,,ok
5705.6746299999995,nan,,cache-references:u,cache-references,0.0,100.0,nan,,ok
5705.6746299999995,nan,,cache-misses:u,cache-misses,0.0,100.0,nan,,ok
5705.6746299999995,nan,,stalled-cycles-frontend:u,stalled-cycles-frontend,0.0,100.0,nan,,ok
5716.316898,nan,,instructions:u,instructions,0.0,100.0,nan,,ok
5716.316898,nan,,cycles:u,cycles,0.0,100.0,nan,,ok
5716.316898,nan,,branches:u,branches,0.0,100.0,nan,,ok
5716.316898,nan,,branch-misses:u,branch-misses,0.0,100.0,nan,,ok
5716.316898,nan,,L1-dcache-loads:u,l1-dcache-loads,0.0,100.0,nan,,ok
5716.316898,nan,,cache-references:u,cache-references,0.0,100.0,nan,,ok
5716.316898,nan,,cache-misses:u,cache-misses,0.0,100.0,nan,,ok
5716.316898,nan,,stalled-cycles-frontend:u,stalled-cycles-frontend,0.0,100.0,nan,,ok
5726.977073,nan,,instructions:u,instructions,0.0,100.0,nan,,ok
5726.977073,nan,,cycles:u,cycles,0.0,100.0,nan,,ok
5726.977073,nan,,branches:u,branches,0.0,100.0,nan,,ok
5726.977073,nan,,branch-misses:u,branch-misses,0.0,100.0,nan,,ok
5726.977073,nan,,L1-dcache-loads:u,l1-dcache-loads,0.0,100.0,nan,,ok
5726.977073,nan,,cache-references:u,cache-references,0.0,100.0,nan,,ok
5726.977073,nan,,cache-misses:u,cache-misses,0.0,100.0,nan,,ok
5726.977073,nan,,stalled-cycles-frontend:u,stalled-cycles-frontend,0.0,100.0,nan,,ok
5737.655422999999,nan,,instructions:u,instructions,0.0,100.0,nan,,ok
5737.655422999999,nan,,cycles:u,cycles,0.0,100.0,nan,,ok
5737.655422999999,nan,,branches:u,branches,0.0,100.0,nan,,ok
5737.655422999999,nan,,branch-misses:u,branch-misses,0.0,100.0,nan,,ok
5737.655422999999,nan,,L1-dcache-loads:u,l1-dcache-loads,0.0,100.0,nan,,ok
5737.655422999999,nan,,cache-references:u,cache-references,0.0,100.0,nan,,ok
5737.655422999999,nan,,cache-misses:u,cache-misses,0.0,100.0,nan,,ok
5737.655422999999,nan,,stalled-cycles-frontend:u,stalled-cycles-frontend,0.0,100.0,nan,,ok
5748.389179,nan,,instructions:u,instructions,0.0,100.0,nan,,ok
5748.389179,nan,,cycles:u,cycles,0.0,100.0,nan,,ok
5748.389179,nan,,branches:u,branches,0.0,100.0,nan,,ok
5748.389179,nan,,branch-misses:u,branch-misses,0.0,100.0,nan,,ok
5748.389179,nan,,L1-dcache-loads:u,l1-dcache-loads,0.0,100.0,nan,,ok
5748.389179,nan,,cache-references:u,cache-references,0.0,100.0,nan,,ok
5748.389179,nan,,cache-misses:u,cache-misses,0.0,100.0,nan,,ok
5748.389179,nan,,stalled-cycles-frontend:u,stalled-cycles-frontend,0.0,100.0,nan,,ok
5759.052954999999,0.0,,instructions:u,instructions,37887.0,0.0,nan,,ok
5759.052954999999,nan,,cycles:u,cycles,0.0,0.0,nan,,ok
5759.052954999999,0.0,,branches:u,branches,990981.0,24.0,nan,,ok
5759.052954999999,0.0,,branch-misses:u,branch-misses,2015697.0,49.0,nan,,ok
5759.052954999999,0.0,,L1-dcache-loads:u,l1-dcache-loads,2987075.0,73.0,nan,,ok
5759.052954999999,0.0,,cache-references:u,cache-references,4013807.0,99.0,nan,,ok
5759.052954999999,0.0,,cache-misses:u,cache-misses,4051694.0,100.0,nan,,ok
5759.052954999999,0.0,,stalled-cycles-frontend:u,stalled-cycles-frontend,37887.0,0.0,nan,,ok
5769.924993,nan,,instructions:u,instructions,0.0,100.0,nan,,ok
5769.924993,nan,,cycles:u,cycles,0.0,100.0,nan,,ok
5769.924993,nan,,branches:u,branches,0.0,100.0,nan,,ok
5769.924993,nan,,branch-misses:u,branch-misses,0.0,100.0,nan,,ok
5769.924993,nan,,L1-dcache-loads:u,l1-dcache-loads,0.0,100.0,nan,,ok
5769.924993,nan,,cache-references:u,cache-references,0.0,100.0,nan,,ok
5769.924993,nan,,cache-misses:u,cache-misses,0.0,100.0,nan,,ok
5769.924993,nan,,stalled-cycles-frontend:u,stalled-cycles-frontend,0.0,100.0,nan,,ok
5780.638043999999,nan,,instructions:u,instructions,0.0,100.0,nan,,ok
5780.638043999999,nan,,cycles:u,cycles,0.0,100.0,nan,,ok
5780.638043999999,nan,,branches:u,branches,0.0,100.0,nan,,ok
5780.638043999999,nan,,branch-misses:u,branch-misses,0.0,100.0,nan,,ok
5780.638043999999,nan,,L1-dcache-loads:u,l1-dcache-loads,0.0,100.0,nan,,ok
5780.638043999999,nan,,cache-references:u,cache-references,0.0,100.0,nan,,ok
5780.638043999999,nan,,cache-misses:u,cache-misses,0.0,100.0,nan,,ok
5780.638043999999,nan,,stalled-cycles-frontend:u,stalled-cycles-frontend,0.0,100.0,nan,,ok
5791.4824229999995,nan,,instructions:u,instructions,0.0,100.0,nan,,ok
5791.4824229999995,nan,,cycles:u,cycles,0.0,100.0,nan,,ok
5791.4824229999995,nan,,branches:u,branches,0.0,100.0,nan,,ok
5791.4824229999995,nan,,branch-misses:u,branch-misses,0.0,100.0,nan,,ok
5791.4824229999995,nan,,L1-dcache-loads:u,l1-dcache-loads,0.0,100.0,nan,,ok
5791.4824229999995,nan,,cache-references:u,cache-references,0.0,100.0,nan,,ok
5791.4824229999995,nan,,cache-misses:u,cache-misses,0.0,100.0,nan,,ok
5791.4824229999995,nan,,stalled-cycles-frontend:u,stalled-cycles-frontend,0.0,100.0,nan,,ok
5802.173777,nan,,instructions:u,instructions,0.0,100.0,nan,,ok
5802.173777,nan,,cycles:u,cycles,0.0,100.0,nan,,ok
5802.173777,nan,,branches:u,branches,0.0,100.0,nan,,ok
5802.173777,nan,,branch-misses:u,branch-misses,0.0,100.0,nan,,ok
5802.173777,nan,,L1-dcache-loads:u,l1-dcache-loads,0.0,100.0,nan,,ok
5802.173777,nan,,cache-references:u,cache-references,0.0,100.0,nan,,ok
5802.173777,nan,,cache-misses:u,cache-misses,0.0,100.0,nan,,ok
5802.173777,nan,,stalled-cycles-frontend:u,stalled-cycles-frontend,0.0,100.0,nan,,ok
5812.820869,0.0,,instructions:u,instructions,2965184.0,67.0,nan,,ok
5812.820869,0.0,,cycles:u,cycles,3032888.0,68.0,nan,,ok
5812.820869,0.0,,branches:u,branches,3441029.0,78.0,nan,,ok
5812.820869,0.0,,branch-misses:u,branch-misses,3441029.0,78.0,nan,,ok
5812.820869,0.0,,L1-dcache-loads:u,l1-dcache-loads,2439112.0,55.0,nan,,ok
5812.820869,0.0,,cache-references:u,cache-references,1441850.0,32.0,nan,,ok
5812.820869,0.0,,cache-misses:u,cache-misses,1374146.0,31.0,nan,,ok
5812.820869,0.0,,stalled-cycles-frontend:u,stalled-cycles-frontend,1967922.0,44.0,nan,,ok
5823.575509,nan,,instructions:u,instructions,0.0,100.0,nan,,ok
5823.575509,nan,,cycles:u,cycles,0.0,100.0,nan,,ok
5823.575509,nan,,branches:u,branches,0.0,100.0,nan,,ok
5823.575509,nan,,branch-misses:u,branch-misses,0.0,100.0,nan,,ok
5823.575509,nan,,L1-dcache-loads:u,l1-dcache-loads,0.0,100.0,nan,,ok
5823.575509,nan,,cache-references:u,cache-references,0.0,100.0,nan,,ok
5823.575509,nan,,cache-misses:u,cache-misses,0.0,100.0,nan,,ok
5823.575509,nan,,stalled-cycles-frontend:u,stalled-cycles-frontend,0.0,100.0,nan,,ok
5834.285403,nan,,instructions:u,instructions,0.0,100.0,nan,,ok
5834.285403,nan,,cycles:u,cycles,0.0,100.0,nan,,ok
5834.285403,nan,,branches:u,branches,0.0,100.0,nan,,ok
5834.285403,nan,,branch-misses:u,branch-misses,0.0,100.0,nan,,ok
5834.285403,nan,,L1-dcache-loads:u,l1-dcache-loads,0.0,100.0,nan,,ok
5834.285403,nan,,cache-references:u,cache-references,0.0,100.0,nan,,ok
5834.285403,nan,,cache-misses:u,cache-misses,0.0,100.0,nan,,ok
5834.285403,nan,,stalled-cycles-frontend:u,stalled-cycles-frontend,0.0,100.0,nan,,ok
5844.98655,nan,,instructions:u,instructions,0.0,100.0,nan,,ok
5844.98655,nan,,cycles:u,cycles,0.0,100.0,nan,,ok
5844.98655,nan,,branches:u,branches,0.0,100.0,nan,,ok
5844.98655,nan,,branch-misses:u,branch-misses,0.0,100.0,nan,,ok
5844.98655,nan,,L1-dcache-loads:u,l1-dcache-loads,0.0,100.0,nan,,ok
5844.98655,nan,,cache-references:u,cache-references,0.0,100.0,nan,,ok
5844.98655,nan,,cache-misses:u,cache-misses,0.0,100.0,nan,,ok
5844.98655,nan,,stalled-cycles-frontend:u,stalled-cycles-frontend,0.0,100.0,nan,,ok
5855.676113,nan,,instructions:u,instructions,0.0,100.0,nan,,ok
5855.676113,nan,,cycles:u,cycles,0.0,100.0,nan,,ok
5855.676113,nan,,branches:u,branches,0.0,100.0,nan,,ok
5855.676113,nan,,branch-misses:u,branch-misses,0.0,100.0,nan,,ok
5855.676113,nan,,L1-dcache-loads:u,l1-dcache-loads,0.0,100.0,nan,,ok
5855.676113,nan,,cache-references:u,cache-references,0.0,100.0,nan,,ok
5855.676113,nan,,cache-misses:u,cache-misses,0.0,100.0,nan,,ok
5855.676113,nan,,stalled-cycles-frontend:u,stalled-cycles-frontend,0.0,100.0,nan,,ok
5866.4016950000005,nan,,instructions:u,instructions,0.0,100.0,nan,,ok
5866.4016950000005,nan,,cycles:u,cycles,0.0,100.0,nan,,ok
5866.4016950000005,nan,,branches:u,branches,0.0,100.0,nan,,ok
5866.4016950000005,nan,,branch-misses:u,branch-misses,0.0,100.0,nan,,ok
5866.4016950000005,nan,,L1-dcache-loads:u,l1-dcache-loads,0.0,100.0,nan,,ok
5866.4016950000005,nan,,cache-references:u,cache-references,0.0,100.0,nan,,ok
5866.4016950000005,nan,,cache-misses:u,cache-misses,0.0,100.0,nan,,ok
5866.4016950000005,nan,,stalled-cycles-frontend:u,stalled-cycles-frontend,0.0,100.0,nan,,ok
5877.0557659999995,0.0,,instructions:u,instructions,38063.0,0.0,nan,,ok
5877.0557659999995,nan,,cycles:u,cycles,0.0,0.0,nan,,ok
5877.0557659999995,0.0,,branches:u,branches,998987.0,24.0,nan,,ok
5877.0557659999995,0.0,,branch-misses:u,branch-misses,1990351.0,49.0,nan,,ok
5877.0557659999995,0.0,,L1-dcache-loads:u,l1-dcache-loads,2991340.0,74.0,nan,,ok
5877.0557659999995,0.0,,cache-references:u,cache-references,3990999.0,99.0,nan,,ok
5877.0557659999995,0.0,,cache-misses:u,cache-misses,4029062.0,100.0,nan,,ok
5877.0557659999995,0.0,,stalled-cycles-frontend:u,stalled-cycles-frontend,38063.0,0.0,nan,,ok
5887.732118,nan,,instructions:u,instructions,0.0,100.0,nan,,ok
5887.732118,nan,,cycles:u,cycles,0.0,100.0,nan,,ok
5887.732118,nan,,branches:u,branches,0.0,100.0,nan,,ok
5887.732118,nan,,branch-misses:u,branch-misses,0.0,100.0,nan,,ok
5887.732118,nan,,L1-dcache-loads:u,l1-dcache-loads,0.0,100.0,nan,,ok
5887.732118,nan,,cache-references:u,cache-references,0.0,100.0,nan,,ok
5887.732118,nan,,cache-misses:u,cache-misses,0.0,100.0,nan,,ok
5887.732118,nan,,stalled-cycles-frontend:u,stalled-cycles-frontend,0.0,100.0,nan,,ok
5898.431762,nan,,instructions:u,instructions,0.0,100.0,nan,,ok
5898.431762,nan,,cycles:u,cycles,0.0,100.0,nan,,ok
5898.431762,nan,,branches:u,branches,0.0,100.0,nan,,ok
5898.431762,nan,,branch-misses:u,branch-misses,0.0,100.0,nan,,ok
5898.431762,nan,,L1-dcache-loads:u,l1-dcache-loads,0.0,100.0,nan,,ok
5898.431762,nan,,cache-references:u,cache-references,0.0,100.0,nan,,ok
5898.431762,nan,,cache-misses:u,cache-misses,0.0,100.0,nan,,ok
5898.431762,nan,,stalled-cycles-frontend:u,stalled-cycles-frontend,0.0,100.0,nan,,ok
5909.174909,nan,,instructions:u,instructions,0.0,100.0,nan,,ok
5909.174909,nan,,cycles:u,cycles,0.0,100.0,nan,,ok
5909.174909,nan,,branches:u,branches,0.0,100.0,nan,,ok
5909.174909,nan,,branch-misses:u,branch-misses,0.0,100.0,nan,,ok
5909.174909,nan,,L1-dcache-loads:u,l1-dcache-loads,0.0,100.0,nan,,ok
5909.174909,nan,,cache-references:u,cache-references,0.0,100.0,nan,,ok
5909.174909,nan,,cache-misses:u,cache-misses,0.0,100.0,nan,,ok
5909.174909,nan,,stalled-cycles-frontend:u,stalled-cycles-frontend,0.0,100.0,nan,,ok
5919.916446,nan,,instructions:u,instructions,0.0,100.0,nan,,ok
5919.916446,nan,,cycles:u,cycles,0.0,100.0,nan,,ok
5919.916446,nan,,branches:u,branches,0.0,100.0,nan,,ok
5919.916446,nan,,branch-misses:u,branch-misses,0.0,100.0,nan,,ok
5919.916446,nan,,L1-dcache-loads:u,l1-dcache-loads,0.0,100.0,nan,,ok
5919.916446,nan,,cache-references:u,cache-references,0.0,100.0,nan,,ok
5919.916446,nan,,cache-misses:u,cache-misses,0.0,100.0,nan,,ok
5919.916446,nan,,stalled-cycles-frontend:u,stalled-cycles-frontend,0.0,100.0,nan,,ok
5930.609782,nan,,instructions:u,instructions,0.0,100.0,nan,,ok
5930.609782,nan,,cycles:u,cycles,0.0,100.0,nan,,ok
5930.609782,nan,,branches:u,branches,0.0,100.0,nan,,ok
5930.609782,nan,,branch-misses:u,branch-misses,0.0,100.0,nan,,ok
5930.609782,nan,,L1-dcache-loads:u,l1-dcache-loads,0.0,100.0,nan,,ok
5930.609782,nan,,cache-references:u,cache-references,0.0,100.0,nan,,ok
5930.609782,nan,,cache-misses:u,cache-misses,0.0,100.0,nan,,ok
5930.609782,nan,,stalled-cycles-frontend:u,stalled-cycles-frontend,0.0,100.0,nan,,ok
5941.262947,0.0,,instructions:u,instructions,2987100.0,74.0,nan,,ok
5941.262947,0.0,,cycles:u,cycles,3002746.0,74.0,nan,,ok
5941.262947,0.0,,branches:u,branches,3033172.0,75.0,nan,,ok
5941.262947,0.0,,branch-misses:u,branch-misses,3033172.0,75.0,nan,,ok
5941.262947,0.0,,L1-dcache-loads:u,l1-dcache-loads,2028898.0,50.0,nan,,ok
5941.262947,0.0,,cache-references:u,cache-references,1032330.0,25.0,nan,,ok
5941.262947,0.0,,cache-misses:u,cache-misses,1016684.0,25.0,nan,,ok
5941.262947,0.0,,stalled-cycles-frontend:u,stalled-cycles-frontend,1990532.0,49.0,nan,,ok
5952.007234,nan,,instructions:u,instructions,0.0,100.0,nan,,ok
5952.007234,nan,,cycles:u,cycles,0.0,100.0,nan,,ok
5952.007234,nan,,branches:u,branches,0.0,100.0,nan,,ok
5952.007234,nan,,branch-misses:u,branch-misses,0.0,100.0,nan,,ok
5952.007234,nan,,L1-dcache-loads:u,l1-dcache-loads,0.0,100.0,nan,,ok
5952.007234,nan,,cache-references:u,cache-references,0.0,100.0,nan,,ok
5952.007234,nan,,cache-misses:u,cache-misses,0.0,100.0,nan,,ok
5952.007234,nan,,stalled-cycles-frontend:u,stalled-cycles-frontend,0.0,100.0,nan,,ok
5962.703983,nan,,instructions:u,instructions,0.0,100.0,nan,,ok
5962.703983,nan,,cycles:u,cycles,0.0,100.0,nan,,ok
5962.703983,nan,,branches:u,branches,0.0,100.0,nan,,ok
5962.703983,nan,,branch-misses:u,branch-misses,0.0,100.0,nan,,ok
5962.703983,nan,,L1-dcache-loads:u,l1-dcache-loads,0.0,100.0,nan,,ok
5962.703983,nan,,cache-references:u,cache-references,0.0,100.0,nan,,ok
5962.703983,nan,,cache-misses:u,cache-misses,0.0,100.0,nan,,ok
5962.703983,nan,,stalled-cycles-frontend:u,stalled-cycles-frontend,0.0,100.0,nan,,ok
5973.4175430000005,nan,,instructions:u,instructions,0.0,100.0,nan,,ok
5973.4175430000005,nan,,cycles:u,cycles,0.0,100.0,nan,,ok
5973.4175430000005,nan,,branches:u,branches,0.0,100.0,nan,,ok
5973.4175430000005,nan,,branch-misses:u,branch-misses,0.0,100.0,nan,,ok
5973.4175430000005,nan,,L1-dcache-loads:u,l1-dcache-loads,0.0,100.0,nan,,ok
5973.4175430000005,nan,,cache-references:u,cache-references,0.0,100.0,nan,,ok
5973.4175430000005,nan,,cache-misses:u,cache-misses,0.0,100.0,nan,,ok
5973.4175430000005,nan,,stalled-cycles-frontend:u,stalled-cycles-frontend,0.0,100.0,nan,,ok
5984.1673120000005,nan,,instructions:u,instructions,0.0,100.0,nan,,ok
5984.1673120000005,nan,,cycles:u,cycles,0.0,100.0,nan,,ok
5984.1673120000005,nan,,branches:u,branches,0.0,100.0,nan,,ok
5984.1673120000005,nan,,branch-misses:u,branch-misses,0.0,100.0,nan,,ok
5984.1673120000005,nan,,L1-dcache-loads:u,l1-dcache-loads,0.0,100.0,nan,,ok
5984.1673120000005,nan,,cache-references:u,cache-references,0.0,100.0,nan,,ok
5984.1673120000005,nan,,cache-misses:u,cache-misses,0.0,100.0,nan,,ok
5984.1673120000005,nan,,stalled-cycles-frontend:u,stalled-cycles-frontend,0.0,100.0,nan,,ok
5994.929902,nan,,instructions:u,instructions,0.0,0.0,nan,,ok
5994.929902,nan,,cycles:u,cycles,0.0,0.0,nan,,ok
5994.929902,0.0,,branches:u,branches,983091.0,30.0,nan,,ok
5994.929902,0.0,,branch-misses:u,branch-misses,1978494.0,61.0,nan,,ok
5994.929902,0.0,,L1-dcache-loads:u,l1-dcache-loads,2972598.0,91.0,nan,,ok
5994.929902,0.0,,cache-references:u,cache-references,3292039.0,100.0,nan,,ok
5994.929902,0.0,,cache-misses:u,cache-misses,3351860.0,100.0,nan,,ok
5994.929902,nan,,stalled-cycles-frontend:u,stalled-cycles-frontend,0.0,0.0,nan,,ok
6005.733168,0.0,,instructions:u,instructions,2999916.0,75.0,nan,,ok
6005.733168,0.0,,cycles:u,cycles,2166125.0,55.0,nan,,ok
6005.733168,0.0,,branches:u,branches,2166125.0,55.0,nan,,ok
6005.733168,0.0,,branch-misses:u,branch-misses,2166125.0,55.0,nan,,ok
6005.733168,0.0,,L1-dcache-loads:u,l1-dcache-loads,1159337.0,29.0,nan,,ok
6005.733168,0.0,,cache-references:u,cache-references,847719.0,22.0,nan,,ok
6005.733168,0.0,,cache-misses:u,cache-misses,1621689.0,42.0,nan,,ok
6005.733168,0.0,,stalled-cycles-frontend:u,stalled-cycles-frontend,2003830.0,53.0,nan,,ok
6016.473344,nan,,instructions:u,instructions,0.0,100.0,nan,,ok
6016.473344,nan,,cycles:u,cycles,0.0,100.0,nan,,ok
6016.473344,nan,,branches:u,branches,0.0,100.0,nan,,ok
6016.473344,nan,,branch-misses:u,branch-misses,0.0,100.0,nan,,ok
6016.473344,nan,,L1-dcache-loads:u,l1-dcache-loads,0.0,100.0,nan,,ok
6016.473344,nan,,cache-references:u,cache-references,0.0,100.0,nan,,ok
6016.473344,nan,,cache-misses:u,cache-misses,0.0,100.0,nan,,ok
6016.473344,nan,,stalled-cycles-frontend:u,stalled-cycles-frontend,0.0,100.0,nan,,ok
6027.072782,nan,,instructions:u,instructions,0.0,100.0,nan,,ok
6027.072782,nan,,cycles:u,cycles,0.0,100.0,nan,,ok
6027.072782,nan,,branches:u,branches,0.0,100.0,nan,,ok
6027.072782,nan,,branch-misses:u,branch-misses,0.0,100.0,nan,,ok
6027.072782,nan,,L1-dcache-loads:u,l1-dcache-loads,0.0,100.0,nan,,ok
6027.072782,nan,,cache-references:u,cache-references,0.0,100.0,nan,,ok
6027.072782,nan,,cache-misses:u,cache-misses,0.0,100.0,nan,,ok
6027.072782,nan,,stalled-cycles-frontend:u,stalled-cycles-frontend,0.0,100.0,nan,,ok
6037.696761,nan,,instructions:u,instructions,0.0,100.0,nan,,ok
6037.696761,nan,,cycles:u,cycles,0.0,100.0,nan,,ok
6037.696761,nan,,branches:u,branches,0.0,100.0,nan,,ok
6037.696761,nan,,branch-misses:u,branch-misses,0.0,100.0,nan,,ok
6037.696761,nan,,L1-dcache-loads:u,l1-dcache-loads,0.0,100.0,nan,,ok
6037.696761,nan,,cache-references:u,cache-references,0.0,100.0,nan,,ok
6037.696761,nan,,cache-misses:u,cache-misses,0.0,100.0,nan,,ok
6037.696761,nan,,stalled-cycles-frontend:u,stalled-cycles-frontend,0.0,100.0,nan,,ok
6048.471264,nan,,instructions:u,instructions,0.0,100.0,nan,,ok
6048.471264,nan,,cycles:u,cycles,0.0,100.0,nan,,ok
6048.471264,nan,,branches:u,branches,0.0,100.0,nan,,ok
6048.471264,nan,,branch-misses:u,branch-misses,0.0,100.0,nan,,ok
6048.471264,nan,,L1-dcache-loads:u,l1-dcache-loads,0.0,100.0,nan,,ok
6048.471264,nan,,cache-references:u,cache-references,0.0,100.0,nan,,ok
6048.471264,nan,,cache-misses:u,cache-misses,0.0,100.0,nan,,ok
6048.471264,nan,,stalled-cycles-frontend:u,stalled-cycles-frontend,0.0,100.0,nan,,ok
6059.192233,nan,,instructions:u,instructions,0.0,100.0,nan,,ok
6059.192233,nan,,cycles:u,cycles,0.0,100.0,nan,,ok
6059.192233,nan,,branches:u,branches,0.0,100.0,nan,,ok
6059.192233,nan,,branch-misses:u,branch-misses,0.0,100.0,nan,,ok
6059.192233,nan,,L1-dcache-loads:u,l1-dcache-loads,0.0,100.0,nan,,ok
6059.192233,nan,,cache-references:u,cache-references,0.0,100.0,nan,,ok
6059.192233,nan,,cache-misses:u,cache-misses,0.0,100.0,nan,,ok
6059.192233,nan,,stalled-cycles-frontend:u,stalled-cycles-frontend,0.0,100.0,nan,,ok
6069.87602,nan,,instructions:u,instructions,0.0,100.0,nan,,ok
6069.87602,nan,,cycles:u,cycles,0.0,100.0,nan,,ok
6069.87602,nan,,branches:u,branches,0.0,100.0,nan,,ok
6069.87602,nan,,branch-misses:u,branch-misses,0.0,100.0,nan,,ok
6069.87602,nan,,L1-dcache-loads:u,l1-dcache-loads,0.0,100.0,nan,,ok
6069.87602,nan,,cache-references:u,cache-references,0.0,100.0,nan,,ok
6069.87602,nan,,cache-misses:u,cache-misses,0.0,100.0,nan,,ok
6069.87602,nan,,stalled-cycles-frontend:u,stalled-cycles-frontend,0.0,100.0,nan,,ok
6080.604992,nan,,instructions:u,instructions,0.0,100.0,nan,,ok
6080.604992,nan,,cycles:u,cycles,0.0,100.0,nan,,ok
6080.604992,nan,,branches:u,branches,0.0,100.0,nan,,ok
6080.604992,nan,,branch-misses:u,branch-misses,0.0,100.0,nan,,ok
6080.604992,nan,,L1-dcache-loads:u,l1-dcache-loads,0.0,100.0,nan,,ok
6080.604992,nan,,cache-references:u,cache-references,0.0,100.0,nan,,ok
6080.604992,nan,,cache-misses:u,cache-misses,0.0,100.0,nan,,ok
6080.604992,nan,,stalled-cycles-frontend:u,stalled-cycles-frontend,0.0,100.0,nan,,ok
6091.438028,nan,,instructions:u,instructions,0.0,0.0,nan,,ok
6091.438028,0.0,,cycles:u,cycles,644389.0,100.0,nan,,ok
6091.438028,0.0,,branches:u,branches,659854.0,100.0,nan,,ok
6091.438028,0.0,,branch-misses:u,branch-misses,678344.0,100.0,nan,,ok
6091.438028,0.0,,L1-dcache-loads:u,l1-dcache-loads,698123.0,100.0,nan,,ok
6091.438028,0.0,,cache-references:u,cache-references,719345.0,100.0,nan,,ok
6091.438028,nan,,cache-misses:u,cache-misses,0.0,0.0,nan,,ok
6091.438028,nan,,stalled-cycles-frontend:u,stalled-cycles-frontend,0.0,0.0,nan,,ok
6102.302138,0.0,,instructions:u,instructions,1367026.0,24.0,nan,,ok
6102.302138,0.0,,cycles:u,cycles,622928.0,11.0,nan,,ok
6102.302138,0.0,,branches:u,branches,1600018.0,28.0,nan,,ok
6102.302138,0.0,,branch-misses:u,branch-misses,2584038.0,46.0,nan,,ok
6102.302138,0.0,,L1-dcache-loads:u,l1-dcache-loads,3204781.0,57.0,nan,,ok
6102.302138,0.0,,cache-references:u,cache-references,4179519.0,75.0,nan,,ok
6102.302138,0.0,,cache-misses:u,cache-misses,4998573.0,90.0,nan,,ok
6102.302138,0.0,,stalled-cycles-frontend:u,stalled-cycles-frontend,1367026.0,24.0,nan,,ok
6113.0155110000005,nan,,instructions:u,instructions,0.0,100.0,nan,,ok
6113.0155110000005,nan,,cycles:u,cycles,0.0,100.0,nan,,ok
6113.0155110000005,nan,,branches:u,branches,0.0,100.0,nan,,ok
6113.0155110000005,nan,,branch-misses:u,branch-misses,0.0,100.0,nan,,ok
6113.0155110000005,nan,,L1-dcache-loads:u,l1-dcache-loads,0.0,100.0,nan,,ok
6113.0155110000005,nan,,cache-references:u,cache-references,0.0,100.0,nan,,ok
6113.0155110000005,nan,,cache-misses:u,cache-misses,0.0,100.0,nan,,ok
6113.0155110000005,nan,,stalled-cycles-frontend:u,stalled-cycles-frontend,0.0,100.0,nan,,ok
6123.66896,nan,,instructions:u,instructions,0.0,100.0,nan,,ok
6123.66896,nan,,cycles:u,cycles,0.0,100.0,nan,,ok
6123.66896,nan,,branches:u,branches,0.0,100.0,nan,,ok
6123.66896,nan,,branch-misses:u,branch-misses,0.0,100.0,nan,,ok
6123.66896,nan,,L1-dcache-loads:u,l1-dcache-loads,0.0,100.0,nan,,ok
6123.66896,nan,,cache-references:u,cache-references,0.0,100.0,nan,,ok
6123.66896,nan,,cache-misses:u,cache-misses,0.0,100.0,nan,,ok
6123.66896,nan,,stalled-cycles-frontend:u,stalled-cycles-frontend,0.0,100.0,nan,,ok
6134.453679,nan,,instructions:u,instructions,0.0,100.0,nan,,ok
6134.453679,nan,,cycles:u,cycles,0.0,100.0,nan,,ok
6134.453679,nan,,branches:u,branches,0.0,100.0,nan,,ok
6134.453679,nan,,branch-misses:u,branch-misses,0.0,100.0,nan,,ok
6134.453679,nan,,L1-dcache-loads:u,l1-dcache-loads,0.0,100.0,nan,,ok
6134.453679,nan,,cache-references:u,cache-references,0.0,100.0,nan,,ok
6134.453679,nan,,cache-misses:u,cache-misses,0.0,100.0,nan,,ok
6134.453679,nan,,stalled-cycles-frontend:u,stalled-cycles-frontend,0.0,100.0,nan,,ok
6145.110617,nan,,instructions:u,instructions,0.0,100.0,nan,,ok
6145.110617,nan,,cycles:u,cycles,0.0,100.0,nan,,ok
6145.110617,nan,,branches:u,branches,0.0,100.0,nan,,ok
6145.110617,nan,,branch-misses:u,branch-misses,0.0,100.0,nan,,ok
6145.110617,nan,,L1-dcache-loads:u,l1-dcache-loads,0.0,100.0,nan,,ok
6145.110617,nan,,cache-references:u,cache-references,0.0,100.0,nan,,ok
6145.110617,nan,,cache-misses:u,cache-misses,0.0,100.0,nan,,ok
6145.110617,nan,,stalled-cycles-frontend:u,stalled-cycles-frontend,0.0,100.0,nan,,ok
6155.724323,nan,,instructions:u,instructions,0.0,100.0,nan,,ok
6155.724323,nan,,cycles:u,cycles,0.0,100.0,nan,,ok
6155.724323,nan,,branches:u,branches,0.0,100.0,nan,,ok
6155.724323,nan,,branch-misses:u,branch-misses,0.0,100.0,nan,,ok
6155.724323,nan,,L1-dcache-loads:u,l1-dcache-loads,0.0,100.0,nan,,ok
6155.724323,nan,,cache-references:u,cache-references,0.0,100.0,nan,,ok
6155.724323,nan,,cache-misses:u,cache-misses,0.0,100.0,nan,,ok
6155.724323,nan,,stalled-cycles-frontend:u,stalled-cycles-frontend,0.0,100.0,nan,,ok
6166.4455880000005,nan,,instructions:u,instructions,0.0,100.0,nan,,ok
6166.4455880000005,nan,,cycles:u,cycles,0.0,100.0,nan,,ok
6166.4455880000005,nan,,branches:u,branches,0.0,100.0,nan,,ok
6166.4455880000005,nan,,branch-misses:u,branch-misses,0.0,100.0,nan,,ok
6166.4455880000005,nan,,L1-dcache-loads:u,l1-dcache-loads,0.0,100.0,nan,,ok
6166.4455880000005,nan,,cache-references:u,cache-references,0.0,100.0,nan,,ok
6166.4455880000005,nan,,cache-misses:u,cache-misses,0.0,100.0,nan,,ok
6166.4455880000005,nan,,stalled-cycles-frontend:u,stalled-cycles-frontend,0.0,100.0,nan,,ok
6177.070114,nan,,instructions:u,instructions,0.0,100.0,nan,,ok
6177.070114,nan,,cycles:u,cycles,0.0,100.0,nan,,ok
6177.070114,nan,,branches:u,branches,0.0,100.0,nan,,ok
6177.070114,nan,,branch-misses:u,branch-misses,0.0,100.0,nan,,ok
6177.070114,nan,,L1-dcache-loads:u,l1-dcache-loads,0.0,100.0,nan,,ok
6177.070114,nan,,cache-references:u,cache-references,0.0,100.0,nan,,ok
6177.070114,nan,,cache-misses:u,cache-misses,0.0,100.0,nan,,ok
6177.070114,nan,,stalled-cycles-frontend:u,stalled-cycles-frontend,0.0,100.0,nan,,ok
6187.729171,nan,,instructions:u,instructions,0.0,100.0,nan,,ok
6187.729171,nan,,cycles:u,cycles,0.0,100.0,nan,,ok
6187.729171,nan,,branches:u,branches,0.0,100.0,nan,,ok
6187.729171,nan,,branch-misses:u,branch-misses,0.0,100.0,nan,,ok
6187.729171,nan,,L1-dcache-loads:u,l1-dcache-loads,0.0,100.0,nan,,ok
6187.729171,nan,,cache-references:u,cache-references,0.0,100.0,nan,,ok
6187.729171,nan,,cache-misses:u,cache-misses,0.0,100.0,nan,,ok
6187.729171,nan,,stalled-cycles-frontend:u,stalled-cycles-frontend,0.0,100.0,nan,,ok
6198.497684,nan,,instructions:u,instructions,0.0,100.0,nan,,ok
6198.497684,nan,,cycles:u,cycles,0.0,100.0,nan,,ok
6198.497684,nan,,branches:u,branches,0.0,100.0,nan,,ok
6198.497684,nan,,branch-misses:u,branch-misses,0.0,100.0,nan,,ok
6198.497684,nan,,L1-dcache-loads:u,l1-dcache-loads,0.0,100.0,nan,,ok
6198.497684,nan,,cache-references:u,cache-references,0.0,100.0,nan,,ok
6198.497684,nan,,cache-misses:u,cache-misses,0.0,100.0,nan,,ok
6198.497684,nan,,stalled-cycles-frontend:u,stalled-cycles-frontend,0.0,100.0,nan,,ok
6209.22436,0.0,,instructions:u,instructions,1984149.0,44.0,nan,,ok
6209.22436,0.0,,cycles:u,cycles,2985658.0,66.0,nan,,ok
6209.22436,0.0,,branches:u,branches,3981328.0,89.0,nan,,ok
6209.22436,0.0,,branch-misses:u,branch-misses,4463749.0,100.0,nan,,ok
6209.22436,0.0,,L1-dcache-loads:u,l1-dcache-loads,3474539.0,77.0,nan,,ok
6209.22436,0.0,,cache-references:u,cache-references,2479600.0,55.0,nan,,ok
6209.22436,0.0,,cache-misses:u,cache-misses,1478091.0,33.0,nan,,ok
6209.22436,0.0,,stalled-cycles-frontend:u,stalled-cycles-frontend,989210.0,22.0,nan,,ok
6220.014734,nan,,instructions:u,instructions,0.0,100.0,nan,,ok
6220.014734,nan,,cycles:u,cycles,0.0,100.0,nan,,ok
6220.014734,nan,,branches:u,branches,0.0,100.0,nan,,ok
6220.014734,nan,,branch-misses:u,branch-misses,0.0,100.0,nan,,ok
6220.014734,nan,,L1-dcache-loads:u,l1-dcache-loads,0.0,100.0,nan,,ok
6220.014734,nan,,cache-references:u,cache-references,0.0,100.0,nan,,ok
6220.014734,nan,,cache-misses:u,cache-misses,0.0,100.0,nan,,ok
6220.014734,nan,,stalled-cycles-frontend:u,stalled-cycles-frontend,0.0,100.0,nan,,ok
6230.674874,nan,,instructions:u,instructions,0.0,100.0,nan,,ok
6230.674874,nan,,cycles:u,cycles,0.0,100.0,nan,,ok
6230.674874,nan,,branches:u,branches,0.0,100.0,nan,,ok
6230.674874,nan,,branch-misses:u,branch-misses,0.0,100.0,nan,,ok
6230.674874,nan,,L1-dcache-loads:u,l1-dcache-loads,0.0,100.0,nan,,ok
6230.674874,nan,,cache-references:u,cache-references,0.0,100.0,nan,,ok
6230.674874,nan,,cache-misses:u,cache-misses,0.0,100.0,nan,,ok
6230.674874,nan,,stalled-cycles-frontend:u,stalled-cycles-frontend,0.0,100.0,nan,,ok
6241.467859,nan,,instructions:u,instructions,0.0,100.0,nan,,ok
6241.467859,nan,,cycles:u,cycles,0.0,100.0,nan,,ok
6241.467859,nan,,branches:u,branches,0.0,100.0,nan,,ok
6241.467859,nan,,branch-misses:u,branch-misses,0.0,100.0,nan,,ok
6241.467859,nan,,L1-dcache-loads:u,l1-dcache-loads,0.0,100.0,nan,,ok
6241.467859,nan,,cache-references:u,cache-references,0.0,100.0,nan,,ok
6241.467859,nan,,cache-misses:u,cache-misses,0.0,100.0,nan,,ok
6241.467859,nan,,stalled-cycles-frontend:u,stalled-cycles-frontend,0.0,100.0,nan,,ok
6252.153381,nan,,instructions:u,instructions,0.0,100.0,nan,,ok
6252.153381,nan,,cycles:u,cycles,0.0,100.0,nan,,ok
6252.153381,nan,,branches:u,branches,0.0,100.0,nan,,ok
6252.153381,nan,,branch-misses:u,branch-misses,0.0,100.0,nan,,ok
6252.153381,nan,,L1-dcache-loads:u,l1-dcache-loads,0.0,100.0,nan,,ok
6252.153381,nan,,cache-references:u,cache-references,0.0,100.0,nan,,ok
6252.153381,nan,,cache-misses:u,cache-misses,0.0,100.0,nan,,ok
6252.153381,nan,,stalled-cycles-frontend:u,stalled-cycles-frontend,0.0,100.0,nan,,ok
6262.807059,0.0,,instructions:u,instructions,1109930.0,27.0,nan,,ok
6262.807059,0.0,,cycles:u,cycles,133449.0,3.0,nan,,ok
6262.807059,0.0,,branches:u,branches,155363.0,3.0,nan,,ok
6262.807059,0.0,,branch-misses:u,branch-misses,1168279.0,28.0,nan,,ok
6262.807059,0.0,,L1-dcache-loads:u,l1-dcache-loads,1999006.0,47.0,nan,,ok
6262.807059,0.0,,cache-references:u,cache-references,2989128.0,71.0,nan,,ok
6262.807059,0.0,,cache-misses:u,cache-misses,3991011.0,94.0,nan,,ok
6262.807059,0.0,,stalled-cycles-frontend:u,stalled-cycles-frontend,1234383.0,29.0,nan,,ok
6273.64583,0.0,,instructions:u,instructions,1892592.0,69.0,nan,,ok
6273.64583,0.0,,cycles:u,cycles,2685931.0,100.0,nan,,ok
6273.64583,0.0,,branches:u,branches,2664017.0,100.0,nan,,ok
6273.64583,0.0,,branch-misses:u,branch-misses,2645068.0,100.0,nan,,ok
6273.64583,0.0,,L1-dcache-loads:u,l1-dcache-loads,1821623.0,69.0,nan,,ok
6273.64583,0.0,,cache-references:u,cache-references,818741.0,31.0,nan,,ok
6273.64583,nan,,cache-misses:u,cache-misses,0.0,0.0,nan,,ok
6273.64583,0.0,,stalled-cycles-frontend:u,stalled-cycles-frontend,765257.0,29.0,nan,,ok
6284.358643,nan,,instructions:u,instructions,0.0,100.0,nan,,ok
6284.358643,nan,,cycles:u,cycles,0.0,100.0,nan,,ok
6284.358643,nan,,branches:u,branches,0.0,100.0,nan,,ok
6284.358643,nan,,branch-misses:u,branch-misses,0.0,100.0,nan,,ok
6284.358643,nan,,L1-dcache-loads:u,l1-dcache-loads,0.0,100.0,nan,,ok
6284.358643,nan,,cache-references:u,cache-references,0.0,100.0,nan,,ok
6284.358643,nan,,cache-misses:u,cache-misses,0.0,100.0,nan,,ok
6284.358643,nan,,stalled-cycles-frontend:u,stalled-cycles-frontend,0.0,100.0,nan,,ok
6295.159035000001,nan,,instructions:u,instructions,0.0,100.0,nan,,ok
6295.159035000001,nan,,cycles:u,cycles,0.0,100.0,nan,,ok
6295.159035000001,nan,,branches:u,branches,0.0,100.0,nan,,ok
6295.159035000001,nan,,branch-misses:u,branch-misses,0.0,100.0,nan,,ok
6295.159035000001,nan,,L1-dcache-loads:u,l1-dcache-loads,0.0,100.0,nan,,ok
6295.159035000001,nan,,cache-references:u,cache-references,0.0,100.0,nan,,ok
6295.159035000001,nan,,cache-misses:u,cache-misses,0.0,100.0,nan,,ok
6295.159035000001,nan,,stalled-cycles-frontend:u,stalled-cycles-frontend,0.0,100.0,nan,,ok
6305.942703000001,nan,,instructions:u,instructions,0.0,100.0,nan,,ok
6305.942703000001,nan,,cycles:u,cycles,0.0,100.0,nan,,ok
6305.942703000001,nan,,branches:u,branches,0.0,100.0,nan,,ok
6305.942703000001,nan,,branch-misses:u,branch-misses,0.0,100.0,nan,,ok
6305.942703000001,nan,,L1-dcache-loads:u,l1-dcache-loads,0.0,100.0,nan,,ok
6305.942703000001,nan,,cache-references:u,cache-references,0.0,100.0,nan,,ok
6305.942703000001,nan,,cache-misses:u,cache-misses,0.0,100.0,nan,,ok
6305.942703000001,nan,,stalled-cycles-frontend:u,stalled-cycles-frontend,0.0,100.0,nan,,ok
6316.6066040000005,nan,,instructions:u,instructions,0.0,100.0,nan,,ok
6316.6066040000005,nan,,cycles:u,cycles,0.0,100.0,nan,,ok
6316.6066040000005,nan,,branches:u,branches,0.0,100.0,nan,,ok
6316.6066040000005,nan,,branch-misses:u,branch-misses,0.0,100.0,nan,,ok
6316.6066040000005,nan,,L1-dcache-loads:u,l1-dcache-loads,0.0,100.0,nan,,ok
6316.6066040000005,nan,,cache-references:u,cache-references,0.0,100.0,nan,,ok
6316.6066040000005,nan,,cache-misses:u,cache-misses,0.0,100.0,nan,,ok
6316.6066040000005,nan,,stalled-cycles-frontend:u,stalled-cycles-frontend,0.0,100.0,nan,,ok
6327.320379,nan,,instructions:u,instructions,0.0,100.0,nan,,ok
6327.320379,nan,,cycles:u,cycles,0.0,100.0,nan,,ok
6327.320379,nan,,branches:u,branches,0.0,100.0,nan,,ok
6327.320379,nan,,branch-misses:u,branch-misses,0.0,100.0,nan,,ok
6327.320379,nan,,L1-dcache-loads:u,l1-dcache-loads,0.0,100.0,nan,,ok
6327.320379,nan,,cache-references:u,cache-references,0.0,100.0,nan,,ok
6327.320379,nan,,cache-misses:u,cache-misses,0.0,100.0,nan,,ok
6327.320379,nan,,stalled-cycles-frontend:u,stalled-cycles-frontend,0.0,100.0,nan,,ok
6338.043533999999,nan,,instructions:u,instructions,0.0,100.0,nan,,ok
6338.043533999999,nan,,cycles:u,cycles,0.0,100.0,nan,,ok
6338.043533999999,nan,,branches:u,branches,0.0,100.0,nan,,ok
6338.043533999999,nan,,branch-misses:u,branch-misses,0.0,100.0,nan,,ok
6338.043533999999,nan,,L1-dcache-loads:u,l1-dcache-loads,0.0,100.0,nan,,ok
6338.043533999999,nan,,cache-references:u,cache-references,0.0,100.0,nan,,ok
6338.043533999999,nan,,cache-misses:u,cache-misses,0.0,100.0,nan,,ok
6338.043533999999,nan,,stalled-cycles-frontend:u,stalled-cycles-frontend,0.0,100.0,nan,,ok
6348.719226,nan,,instructions:u,instructions,0.0,100.0,nan,,ok
6348.719226,nan,,cycles:u,cycles,0.0,100.0,nan,,ok
6348.719226,nan,,branches:u,branches,0.0,100.0,nan,,ok
6348.719226,nan,,branch-misses:u,branch-misses,0.0,100.0,nan,,ok
6348.719226,nan,,L1-dcache-loads:u,l1-dcache-loads,0.0,100.0,nan,,ok
6348.719226,nan,,cache-references:u,cache-references,0.0,100.0,nan,,ok
6348.719226,nan,,cache-misses:u,cache-misses,0.0,100.0,nan,,ok
6348.719226,nan,,stalled-cycles-frontend:u,stalled-cycles-frontend,0.0,100.0,nan,,ok
6359.484813,0.0,,instructions:u,instructions,2483570.0,33.0,nan,,ok
6359.484813,0.0,,cycles:u,cycles,2477414.0,33.0,nan,,ok
6359.484813,0.0,,branches:u,branches,3473141.0,46.0,nan,,ok
6359.484813,0.0,,branch-misses:u,branch-misses,4469254.0,59.0,nan,,ok
6359.484813,0.0,,L1-dcache-loads:u,l1-dcache-loads,4391160.0,58.0,nan,,ok
6359.484813,0.0,,cache-references:u,cache-references,4990943.0,66.0,nan,,ok
6359.484813,0.0,,cache-misses:u,cache-misses,4997099.0,66.0,nan,,ok
6359.484813,0.0,,stalled-cycles-frontend:u,stalled-cycles-frontend,2078561.0,27.0,nan,,ok
6370.239534,nan,,instructions:u,instructions,0.0,100.0,nan,,ok
6370.239534,nan,,cycles:u,cycles,0.0,100.0,nan,,ok
6370.239534,nan,,branches:u,branches,0.0,100.0,nan,,ok
6370.239534,nan,,branch-misses:u,branch-misses,0.0,100.0,nan,,ok
6370.239534,nan,,L1-dcache-loads:u,l1-dcache-loads,0.0,100.0,nan,,ok
6370.239534,nan,,cache-references:u,cache-references,0.0,100.0,nan,,ok
6370.239534,nan,,cache-misses:u,cache-misses,0.0,100.0,nan,,ok
6370.239534,nan,,stalled-cycles-frontend:u,stalled-cycles-frontend,0.0,100.0,nan,,ok
6380.946366,0.0,,instructions:u,instructions,230707.0,100.0,nan,,ok
6380.946366,0.0,,cycles:u,cycles,273928.0,100.0,nan,,ok
6380.946366,0.0,,branches:u,branches,307950.0,100.0,nan,,ok
6380.946366,0.0,,branch-misses:u,branch-misses,338774.0,100.0,nan,,ok
6380.946366,0.0,,L1-dcache-loads:u,l1-dcache-loads,378247.0,100.0,nan,,ok
6380.946366,nan,,cache-references:u,cache-references,0.0,0.0,nan,,ok
6380.946366,nan,,cache-misses:u,cache-misses,0.0,0.0,nan,,ok
6380.946366,nan,,stalled-cycles-frontend:u,stalled-cycles-frontend,0.0,0.0,nan,,ok
6391.801457,0.0,,instructions:u,instructions,744018.0,16.0,nan,,ok
6391.801457,0.0,,cycles:u,cycles,1701986.0,37.0,nan,,ok
6391.801457,0.0,,branches:u,branches,2671301.0,58.0,nan,,ok
6391.801457,0.0,,branch-misses:u,branch-misses,3634422.0,80.0,nan,,ok
6391.801457,0.0,,L1-dcache-loads:u,l1-dcache-loads,4460631.0,100.0,nan,,ok
6391.801457,0.0,,cache-references:u,cache-references,3864153.0,87.0,nan,,ok
6391.801457,0.0,,cache-misses:u,cache-misses,2862964.0,64.0,nan,,ok
6391.801457,nan,,stalled-cycles-frontend:u,stalled-cycles-frontend,0.0,0.0,nan,,ok
6402.492081,nan,,instructions:u,instructions,0.0,100.0,nan,,ok
6402.492081,nan,,cycles:u,cycles,0.0,100.0,nan,,ok
6402.492081,nan,,branches:u,branches,0.0,100.0,nan,,ok
6402.492081,nan,,branch-misses:u,branch-misses,0.0,100.0,nan,,ok
6402.492081,nan,,L1-dcache-loads:u,l1-dcache-loads,0.0,100.0,nan,,ok
6402.492081,nan,,cache-references:u,cache-references,0.0,100.0,nan,,ok
6402.492081,nan,,cache-misses:u,cache-misses,0.0,100.0,nan,,ok
6402.492081,nan,,stalled-cycles-frontend:u,stalled-cycles-frontend,0.0,100.0,nan,,ok
6413.146568,nan,,instructions:u,instructions,0.0,100.0,nan,,ok
6413.146568,nan,,cycles:u,cycles,0.0,100.0,nan,,ok
6413.146568,nan,,branches:u,branches,0.0,100.0,nan,,ok
6413.146568,nan,,branch-misses:u,branch-misses,0.0,100.0,nan,,ok
6413.146568,nan,,L1-dcache-loads:u,l1-dcache-loads,0.0,100.0,nan,,ok
6413.146568,nan,,cache-references:u,cache-references,0.0,100.0,nan,,ok
6413.146568,nan,,cache-misses:u,cache-misses,0.0,100.0,nan,,ok
6413.146568,nan,,stalled-cycles-frontend:u,stalled-cycles-frontend,0.0,100.0,nan,,ok
6423.781966,nan,,instructions:u,instructions,0.0,100.0,nan,,ok
6423.781966,nan,,cycles:u,cycles,0.0,100.0,nan,,ok
6423.781966,nan,,branches:u,branches,0.0,100.0,nan,,ok
6423.781966,nan,,branch-misses:u,branch-misses,0.0,100.0,nan,,ok
6423.781966,nan,,L1-dcache-loads:u,l1-dcache-loads,0.0,100.0,nan,,ok
6423.781966,nan,,cache-references:u,cache-references,0.0,100.0,nan,,ok
6423.781966,nan,,cache-misses:u,cache-misses,0.0,100.0,nan,,ok
6423.781966,nan,,stalled-cycles-frontend:u,stalled-cycles-frontend,0.0,100.0,nan,,ok
6434.505611,0.0,,instructions:u,instructions,3003272.0,41.0,nan,,ok
6434.505611,0.0,,cycles:u,cycles,3168942.0,44.0,nan,,ok
6434.505611,0.0,,branches:u,branches,4019120.0,56.0,nan,,ok
6434.505611,0.0,,branch-misses:u,branch-misses,4166535.0,58.0,nan,,ok
6434.505611,0.0,,L1-dcache-loads:u,l1-dcache-loads,4158180.0,58.0,nan,,ok
6434.505611,0.0,,cache-references:u,cache-references,4155073.0,58.0,nan,,ok
6434.505611,0.0,,cache-misses:u,cache-misses,3989403.0,55.0,nan,,ok
6434.505611,0.0,,stalled-cycles-frontend:u,stalled-cycles-frontend,2003749.0,27.0,nan,,ok
6445.294000999999,nan,,instructions:u,instructions,0.0,100.0,nan,,ok
6445.294000999999,nan,,cycles:u,cycles,0.0,100.0,nan,,ok
6445.294000999999,nan,,branches:u,branches,0.0,100.0,nan,,ok
6445.294000999999,nan,,branch-misses:u,branch-misses,0.0,100.0,nan,,ok
6445.294000999999,nan,,L1-dcache-loads:u,l1-dcache-loads,0.0,100.0,nan,,ok
6445.294000999999,nan,,cache-references:u,cache-references,0.0,100.0,nan,,ok
6445.294000999999,nan,,cache-misses:u,cache-misses,0.0,100.0,nan,,ok
6445.294000999999,nan,,stalled-cycles-frontend:u,stalled-cycles-frontend,0.0,100.0,nan,,ok
6455.964965,nan,,instructions:u,instructions,0.0,100.0,nan,,ok
6455.964965,nan,,cycles:u,cycles,0.0,100.0,nan,,ok
6455.964965,nan,,branches:u,branches,0.0,100.0,nan,,ok
6455.964965,nan,,branch-misses:u,branch-misses,0.0,100.0,nan,,ok
6455.964965,nan,,L1-dcache-loads:u,l1-dcache-loads,0.0,100.0,nan,,ok
6455.964965,nan,,cache-references:u,cache-references,0.0,100.0,nan,,ok
6455.964965,nan,,cache-misses:u,cache-misses,0.0,100.0,nan,,ok
6455.964965,nan,,stalled-cycles-frontend:u,stalled-cycles-frontend,0.0,100.0,nan,,ok
6466.622545,nan,,instructions:u,instructions,0.0,100.0,nan,,ok
6466.622545,nan,,cycles:u,cycles,0.0,100.0,nan,,ok
6466.622545,nan,,branches:u,branches,0.0,100.0,nan,,ok
6466.622545,nan,,branch-misses:u,branch-misses,0.0,100.0,nan,,ok
6466.622545,nan,,L1-dcache-loads:u,l1-dcache-loads,0.0,100.0,nan,,ok
6466.622545,nan,,cache-references:u,cache-references,0.0,100.0,nan,,ok
6466.622545,nan,,cache-misses:u,cache-misses,0.0,100.0,nan,,ok
6466.622545,nan,,stalled-cycles-frontend:u,stalled-cycles-frontend,0.0,100.0,nan,,ok
6477.283621,nan,,instructions:u,instructions,0.0,100.0,nan,,ok
6477.283621,nan,,cycles:u,cycles,0.0,100.0,nan,,ok
6477.283621,nan,,branches:u,branches,0.0,100.0,nan,,ok
6477.283621,nan,,branch-misses:u,branch-misses,0.0,100.0,nan,,ok
6477.283621,nan,,L1-dcache-loads:u,l1-dcache-loads,0.0,100.0,nan,,ok
6477.283621,nan,,cache-references:u,cache-references,0.0,100.0,nan,,ok
6477.283621,nan,,cache-misses:u,cache-misses,0.0,100.0,nan,,ok
6477.283621,nan,,stalled-cycles-frontend:u,stalled-cycles-frontend,0.0,100.0,nan,,ok
6487.948652,nan,,instructions:u,instructions,0.0,100.0,nan,,ok
6487.948652,nan,,cycles:u,cycles,0.0,100.0,nan,,ok
6487.948652,nan,,branches:u,branches,0.0,100.0,nan,,ok
6487.948652,nan,,branch-misses:u,branch-misses,0.0,100.0,nan,,ok
6487.948652,nan,,L1-dcache-loads:u,l1-dcache-loads,0.0,100.0,nan,,ok
6487.948652,nan,,cache-references:u,cache-references,0.0,100.0,nan,,ok
6487.948652,nan,,cache-misses:u,cache-misses,0.0,100.0,nan,,ok
6487.948652,nan,,stalled-cycles-frontend:u,stalled-cycles-frontend,0.0,100.0,nan,,ok
6498.636293,nan,,instructions:u,instructions,0.0,100.0,nan,,ok
6498.636293,nan,,cycles:u,cycles,0.0,100.0,nan,,ok
6498.636293,nan,,branches:u,branches,0.0,100.0,nan,,ok
6498.636293,nan,,branch-misses:u,branch-misses,0.0,100.0,nan,,ok
6498.636293,nan,,L1-dcache-loads:u,l1-dcache-loads,0.0,100.0,nan,,ok
6498.636293,nan,,cache-references:u,cache-references,0.0,100.0,nan,,ok
6498.636293,nan,,cache-misses:u,cache-misses,0.0,100.0,nan,,ok
6498.636293,nan,,stalled-cycles-frontend:u,stalled-cycles-frontend,0.0,100.0,nan,,ok
6509.406583,nan,,instructions:u,instructions,0.0,100.0,nan,,ok
6509.406583,nan,,cycles:u,cycles,0.0,100.0,nan,,ok
6509.406583,nan,,branches:u,branches,0.0,100.0,nan,,ok
6509.406583,nan,,branch-misses:u,branch-misses,0.0,100.0,nan,,ok
6509.406583,nan,,L1-dcache-loads:u,l1-dcache-loads,0.0,100.0,nan,,ok
6509.406583,nan,,cache-references:u,cache-references,0.0,100.0,nan,,ok
6509.406583,nan,,cache-misses:u,cache-misses,0.0,100.0,nan,,ok
6509.406583,nan,,stalled-cycles-frontend:u,stalled-cycles-frontend,0.0,100.0,nan,,ok
6520.142739,nan,,instructions:u,instructions,0.0,0.0,nan,,ok
6520.142739,nan,,cycles:u,cycles,0.0,0.0,nan,,ok
6520.142739,nan,,branches:u,branches,0.0,0.0,nan,,ok
6520.142739,0.0,,branch-misses:u,branch-misses,471198.0,100.0,nan,,ok
6520.142739,0.0,,L1-dcache-loads:u,l1-dcache-loads,490091.0,100.0,nan,,ok
6520.142739,0.0,,cache-references:u,cache-references,515427.0,100.0,nan,,ok
6520.142739,0.0,,cache-misses:u,cache-misses,540509.0,100.0,nan,,ok
6520.142739,nan,,stalled-cycles-frontend:u,stalled-cycles-frontend,0.0,0.0,nan,,ok
6530.944527,0.0,,instructions:u,instructions,2523328.0,49.0,nan,,ok
6530.944527,0.0,,cycles:u,cycles,1524274.0,29.0,nan,,ok
6530.944527,0.0,,branches:u,branches,1524274.0,30.0,nan,,ok
6530.944527,0.0,,branch-misses:u,branch-misses,2048417.0,40.0,nan,,ok
6530.944527,0.0,,L1-dcache-loads:u,l1-dcache-loads,1899353.0,37.0,nan,,ok
6530.944527,0.0,,cache-references:u,cache-references,2477521.0,49.0,nan,,ok
6530.944527,0.0,,cache-misses:u,cache-misses,3451493.0,69.0,nan,,ok
6530.944527,0.0,,stalled-cycles-frontend:u,stalled-cycles-frontend,2123077.0,42.0,nan,,ok
6541.624866,nan,,instructions:u,instructions,0.0,100.0,nan,,ok
6541.624866,nan,,cycles:u,cycles,0.0,100.0,nan,,ok
6541.624866,nan,,branches:u,branches,0.0,100.0,nan,,ok
6541.624866,nan,,branch-misses:u,branch-misses,0.0,100.0,nan,,ok
6541.624866,nan,,L1-dcache-loads:u,l1-dcache-loads,0.0,100.0,nan,,ok
6541.624866,nan,,cache-references:u,cache-references,0.0,100.0,nan,,ok
6541.624866,nan,,cache-misses:u,cache-misses,0.0,100.0,nan,,ok
6541.624866,nan,,stalled-cycles-frontend:u,stalled-cycles-frontend,0.0,100.0,nan,,ok
6552.402912,nan,,instructions:u,instructions,0.0,100.0,nan,,ok
6552.402912,nan,,cycles:u,cycles,0.0,100.0,nan,,ok
6552.402912,nan,,branches:u,branches,0.0,100.0,nan,,ok
6552.402912,nan,,branch-misses:u,branch-misses,0.0,100.0,nan,,ok
6552.402912,nan,,L1-dcache-loads:u,l1-dcache-loads,0.0,100.0,nan,,ok
6552.402912,nan,,cache-references:u,cache-references,0.0,100.0,nan,,ok
6552.402912,nan,,cache-misses:u,cache-misses,0.0,100.0,nan,,ok
6552.402912,nan,,stalled-cycles-frontend:u,stalled-cycles-frontend,0.0,100.0,nan,,ok
6563.14956,nan,,instructions:u,instructions,0.0,100.0,nan,,ok
6563.14956,nan,,cycles:u,cycles,0.0,100.0,nan,,ok
6563.14956,nan,,branches:u,branches,0.0,100.0,nan,,ok
6563.14956,nan,,branch-misses:u,branch-misses,0.0,100.0,nan,,ok
6563.14956,nan,,L1-dcache-loads:u,l1-dcache-loads,0.0,100.0,nan,,ok
6563.14956,nan,,cache-references:u,cache-references,0.0,100.0,nan,,ok
6563.14956,nan,,cache-misses:u,cache-misses,0.0,100.0,nan,,ok
6563.14956,nan,,stalled-cycles-frontend:u,stalled-cycles-frontend,0.0,100.0,nan,,ok
6573.801088,nan,,instructions:u,instructions,0.0,100.0,nan,,ok
6573.801088,nan,,cycles:u,cycles,0.0,100.0,nan,,ok
6573.801088,nan,,branches:u,branches,0.0,100.0,nan,,ok
6573.801088,nan,,branch-misses:u,branch-misses,0.0,100.0,nan,,ok
6573.801088,nan,,L1-dcache-loads:u,l1-dcache-loads,0.0,100.0,nan,,ok
6573.801088,nan,,cache-references:u,cache-references,0.0,100.0,nan,,ok
6573.801088,nan,,cache-misses:u,cache-misses,0.0,100.0,nan,,ok
6573.801088,nan,,stalled-cycles-frontend:u,stalled-cycles-frontend,0.0,100.0,nan,,ok
6584.47956,0.0,,instructions:u,instructions,992629.0,26.0,nan,,ok
6584.47956,0.0,,cycles:u,cycles,1990141.0,52.0,nan,,ok
6584.47956,0.0,,branches:u,branches,2990292.0,79.0,nan,,ok
6584.47956,0.0,,branch-misses:u,branch-misses,3797840.0,100.0,nan,,ok
6584.47956,0.0,,L1-dcache-loads:u,l1-dcache-loads,3813658.0,100.0,nan,,ok
6584.47956,0.0,,cache-references:u,cache-references,2848940.0,74.0,nan,,ok
6584.47956,0.0,,cache-misses:u,cache-misses,1876073.0,48.0,nan,,ok
6584.47956,nan,,stalled-cycles-frontend:u,stalled-cycles-frontend,0.0,0.0,nan,,ok
6595.286064,nan,,instructions:u,instructions,0.0,0.0,nan,,ok
6595.286064,nan,,cycles:u,cycles,0.0,0.0,nan,,ok
6595.286064,nan,,branches:u,branches,0.0,0.0,nan,,ok
6595.286064,0.0,,branch-misses:u,branch-misses,195211.0,36.0,nan,,ok
6595.286064,0.0,,L1-dcache-loads:u,l1-dcache-loads,526378.0,100.0,nan,,ok
6595.286064,0.0,,cache-references:u,cache-references,498467.0,100.0,nan,,ok
6595.286064,0.0,,cache-misses:u,cache-misses,473822.0,100.0,nan,,ok
6595.286064,nan,,stalled-cycles-frontend:u,stalled-cycles-frontend,0.0,0.0,nan,,ok
6606.127774,nan,,instructions:u,instructions,0.0,100.0,nan,,ok
6606.127774,nan,,cycles:u,cycles,0.0,100.0,nan,,ok
6606.127774,nan,,branches:u,branches,0.0,100.0,nan,,ok
6606.127774,nan,,branch-misses:u,branch-misses,0.0,100.0,nan,,ok
6606.127774,nan,,L1-dcache-loads:u,l1-dcache-loads,0.0,100.0,nan,,ok
6606.127774,nan,,cache-references:u,cache-references,0.0,100.0,nan,,ok
6606.127774,nan,,cache-misses:u,cache-misses,0.0,100.0,nan,,ok
6606.127774,nan,,stalled-cycles-frontend:u,stalled-cycles-frontend,0.0,100.0,nan,,ok
6616.805063,nan,,instructions:u,instructions,0.0,100.0,nan,,ok
6616.805063,nan,,cycles:u,cycles,0.0,100.0,nan,,ok
6616.805063,nan,,branches:u,branches,0.0,100.0,nan,,ok
6616.805063,nan,,branch-misses:u,branch-misses,0.0,100.0,nan,,ok
6616.805063,nan,,L1-dcache-loads:u,l1-dcache-loads,0.0,100.0,nan,,ok
6616.805063,nan,,cache-references:u,cache-references,0.0,100.0,nan,,ok
6616.805063,nan,,cache-misses:u,cache-misses,0.0,100.0,nan,,ok
6616.805063,nan,,stalled-cycles-frontend:u,stalled-cycles-frontend,0.0,100.0,nan,,ok
6627.551953,nan,,instructions:u,instructions,0.0,100.0,nan,,ok
6627.551953,nan,,cycles:u,cycles,0.0,100.0,nan,,ok
6627.551953,nan,,branches:u,branches,0.0,100.0,nan,,ok
6627.551953,nan,,branch-misses:u,branch-misses,0.0,100.0,nan,,ok
6627.551953,nan,,L1-dcache-loads:u,l1-dcache-loads,0.0,100.0,nan,,ok
6627.551953,nan,,cache-references:u,cache-references,0.0,100.0,nan,,ok
6627.551953,nan,,cache-misses:u,cache-misses,0.0,100.0,nan,,ok
6627.551953,nan,,stalled-cycles-frontend:u,stalled-cycles-frontend,0.0,100.0,nan,,ok
6638.268698,nan,,instructions:u,instructions,0.0,100.0,nan,,ok
6638.268698,nan,,cycles:u,cycles,0.0,100.0,nan,,ok
6638.268698,nan,,branches:u,branches,0.0,100.0,nan,,ok
6638.268698,nan,,branch-misses:u,branch-misses,0.0,100.0,nan,,ok
6638.268698,nan,,L1-dcache-loads:u,l1-dcache-loads,0.0,100.0,nan,,ok
6638.268698,nan,,cache-references:u,cache-references,0.0,100.0,nan,,ok
6638.268698,nan,,cache-misses:u,cache-misses,0.0,100.0,nan,,ok
6638.268698,nan,,stalled-cycles-frontend:u,stalled-cycles-frontend,0.0,100.0,nan,,ok
6648.923046,0.0,,instructions:u,instructions,2177358.0,55.0,nan,,ok
6648.923046,0.0,,cycles:u,cycles,1242609.0,31.0,nan,,ok
6648.923046,0.0,,branches:u,branches,1271488.0,32.0,nan,,ok
6648.923046,0.0,,branch-misses:u,branch-misses,1295866.0,32.0,nan,,ok
6648.923046,0.0,,L1-dcache-loads:u,l1-dcache-loads,992167.0,24.0,nan,,ok
6648.923046,0.0,,cache-references:u,cache-references,1714338.0,42.0,nan,,ok
6648.923046,0.0,,cache-misses:u,cache-misses,2677579.0,66.0,nan,,ok
6648.923046,0.0,,stalled-cycles-frontend:u,stalled-cycles-frontend,1961387.0,48.0,nan,,ok
6659.714364,0.0,,instructions:u,instructions,784637.0,65.0,nan,,ok
6659.714364,0.0,,cycles:u,cycles,1170687.0,100.0,nan,,ok
6659.714364,0.0,,branches:u,branches,1141808.0,100.0,nan,,ok
6659.714364,0.0,,branch-misses:u,branch-misses,1117430.0,100.0,nan,,ok
6659.714364,0.0,,L1-dcache-loads:u,l1-dcache-loads,1094310.0,100.0,nan,,ok
6659.714364,0.0,,cache-references:u,cache-references,414542.0,38.0,nan,,ok
6659.714364,nan,,cache-misses:u,cache-misses,0.0,0.0,nan,,ok
6659.714364,nan,,stalled-cycles-frontend:u,stalled-cycles-frontend,0.0,0.0,nan,,ok
6670.445331,nan,,instructions:u,instructions,0.0,100.0,nan,,ok
6670.445331,nan,,cycles:u,cycles,0.0,100.0,nan,,ok
6670.445331,nan,,branches:u,branches,0.0,100.0,nan,,ok
6670.445331,nan,,branch-misses:u,branch-misses,0.0,100.0,nan,,ok
6670.445331,nan,,L1-dcache-loads:u,l1-dcache-loads,0.0,100.0,nan,,ok
6670.445331,nan,,cache-references:u,cache-references,0.0,100.0,nan,,ok
6670.445331,nan,,cache-misses:u,cache-misses,0.0,100.0,nan,,ok
6670.445331,nan,,stalled-cycles-frontend:u,stalled-cycles-frontend,0.0,100.0,nan,,ok
6681.170403,nan,,instructions:u,instructions,0.0,100.0,nan,,ok
6681.170403,nan,,cycles:u,cycles,0.0,100.0,nan,,ok
6681.170403,nan,,branches:u,branches,0.0,100.0,nan,,ok
6681.170403,nan,,branch-misses:u,branch-misses,0.0,100.0,nan,,ok
6681.170403,nan,,L1-dcache-loads:u,l1-dcache-loads,0.0,100.0,nan,,ok
6681.170403,nan,,cache-references:u,cache-references,0.0,100.0,nan,,ok
6681.170403,nan,,cache-misses:u,cache-misses,0.0,100.0,nan,,ok
6681.170403,nan,,stalled-cycles-frontend:u,stalled-cycles-frontend,0.0,100.0,nan,,ok
6691.8157120000005,nan,,instructions:u,instructions,0.0,100.0,nan,,ok
6691.8157120000005,nan,,cycles:u,cycles,0.0,100.0,nan,,ok
6691.8157120000005,nan,,branches:u,branches,0.0,100.0,nan,,ok
6691.8157120000005,nan,,branch-misses:u,branch-misses,0.0,100.0,nan,,ok
6691.8157120000005,nan,,L1-dcache-loads:u,l1-dcache-loads,0.0,100.0,nan,,ok
6691.8157120000005,nan,,cache-references:u,cache-references,0.0,100.0,nan,,ok
6691.8157120000005,nan,,cache-misses:u,cache-misses,0.0,100.0,nan,,ok
6691.8157120000005,nan,,stalled-cycles-frontend:u,stalled-cycles-frontend,0.0,100.0,nan,,ok
6702.596116,nan,,instructions:u,instructions,0.0,100.0,nan,,ok
6702.596116,nan,,cycles:u,cycles,0.0,100.0,nan,,ok
6702.596116,nan,,branches:u,branches,0.0,100.0,nan,,ok
6702.596116,nan,,branch-misses:u,branch-misses,0.0,100.0,nan,,ok
6702.596116,nan,,L1-dcache-loads:u,l1-dcache-loads,0.0,100.0,nan,,ok
6702.596116,nan,,cache-references:u,cache-references,0.0,100.0,nan,,ok
6702.596116,nan,,cache-misses:u,cache-misses,0.0,100.0,nan,,ok
6702.596116,nan,,stalled-cycles-frontend:u,stalled-cycles-frontend,0.0,100.0,nan,,ok
6713.273055000001,nan,,instructions:u,instructions,0.0,0.0,nan,,ok
6713.273055000001,0.0,,cycles:u,cycles,965899.0,62.0,nan,,ok
6713.273055000001,0.0,,branches:u,branches,1580354.0,100.0,nan,,ok
6713.273055000001,0.0,,branch-misses:u,branch-misses,1618259.0,100.0,nan,,ok
6713.273055000001,0.0,,L1-dcache-loads:u,l1-dcache-loads,1649742.0,100.0,nan,,ok
6713.273055000001,0.0,,cache-references:u,cache-references,1680812.0,100.0,nan,,ok
6713.273055000001,0.0,,cache-misses:u,cache-misses,734724.0,43.0,nan,,ok
6713.273055000001,nan,,stalled-cycles-frontend:u,stalled-cycles-frontend,0.0,0.0,nan,,ok
6724.168847999999,0.0,,instructions:u,instructions,1107691.0,24.0,nan,,ok
6724.168847999999,0.0,,cycles:u,cycles,108605.0,2.0,nan,,ok
6724.168847999999,0.0,,branches:u,branches,496384.0,11.0,nan,,ok
6724.168847999999,0.0,,branch-misses:u,branch-misses,1453926.0,32.0,nan,,ok
6724.168847999999,0.0,,L1-dcache-loads:u,l1-dcache-loads,2313432.0,52.0,nan,,ok
6724.168847999999,0.0,,cache-references:u,cache-references,3282564.0,74.0,nan,,ok
6724.168847999999,0.0,,cache-misses:u,cache-misses,4261839.0,97.0,nan,,ok
6724.168847999999,0.0,,stalled-cycles-frontend:u,stalled-cycles-frontend,1107691.0,25.0,nan,,ok
6734.942413,nan,,instructions:u,instructions,0.0,100.0,nan,,ok
6734.942413,nan,,cycles:u,cycles,0.0,100.0,nan,,ok
6734.942413,nan,,branches:u,branches,0.0,100.0,nan,,ok
6734.942413,nan,,branch-misses:u,branch-misses,0.0,100.0,nan,,ok
6734.942413,nan,,L1-dcache-loads:u,l1-dcache-loads,0.0,100.0,nan,,ok
6734.942413,nan,,cache-references:u,cache-references,0.0,100.0,nan,,ok
6734.942413,nan,,cache-misses:u,cache-misses,0.0,100.0,nan,,ok
6734.942413,nan,,stalled-cycles-frontend:u,stalled-cycles-frontend,0.0,100.0,nan,,ok
6745.659593,nan,,instructions:u,instructions,0.0,100.0,nan,,ok
6745.659593,nan,,cycles:u,cycles,0.0,100.0,nan,,ok
6745.659593,nan,,branches:u,branches,0.0,100.0,nan,,ok
6745.659593,nan,,branch-misses:u,branch-misses,0.0,100.0,nan,,ok
6745.659593,nan,,L1-dcache-loads:u,l1-dcache-loads,0.0,100.0,nan,,ok
6745.659593,nan,,cache-references:u,cache-references,0.0,100.0,nan,,ok
6745.659593,nan,,cache-misses:u,cache-misses,0.0,100.0,nan,,ok
6745.659593,nan,,stalled-cycles-frontend:u,stalled-cycles-frontend,0.0,100.0,nan,,ok
6756.341792,nan,,instructions:u,instructions,0.0,100.0,nan,,ok
6756.341792,nan,,cycles:u,cycles,0.0,100.0,nan,,ok
6756.341792,nan,,branches:u,branches,0.0,100.0,nan,,ok
6756.341792,nan,,branch-misses:u,branch-misses,0.0,100.0,nan,,ok
6756.341792,nan,,L1-dcache-loads:u,l1-dcache-loads,0.0,100.0,nan,,ok
6756.341792,nan,,cache-references:u,cache-references,0.0,100.0,nan,,ok
6756.341792,nan,,cache-misses:u,cache-misses,0.0,100.0,nan,,ok
6756.341792,nan,,stalled-cycles-frontend:u,stalled-cycles-frontend,0.0,100.0,nan,,ok
6767.004599,nan,,instructions:u,instructions,0.0,100.0,nan,,ok
6767.004599,nan,,cycles:u,cycles,0.0,100.0,nan,,ok
6767.004599,nan,,branches:u,branches,0.0,100.0,nan,,ok
6767.004599,nan,,branch-misses:u,branch-misses,0.0,100.0,nan,,ok
6767.004599,nan,,L1-dcache-loads:u,l1-dcache-loads,0.0,100.0,nan,,ok
6767.004599,nan,,cache-references:u,cache-references,0.0,100.0,nan,,ok
6767.004599,nan,,cache-misses:u,cache-misses,0.0,100.0,nan,,ok
6767.004599,nan,,stalled-cycles-frontend:u,stalled-cycles-frontend,0.0,100.0,nan,,ok
6777.778404000001,nan,,instructions:u,instructions,0.0,100.0,nan,,ok
6777.778404000001,nan,,cycles:u,cycles,0.0,100.0,nan,,ok
6777.778404000001,nan,,branches:u,branches,0.0,100.0,nan,,ok
6777.778404000001,nan,,branch-misses:u,branch-misses,0.0,100.0,nan,,ok
6777.778404000001,nan,,L1-dcache-loads:u,l1-dcache-loads,0.0,100.0,nan,,ok
6777.778404000001,nan,,cache-references:u,cache-references,0.0,100.0,nan,,ok
6777.778404000001,nan,,cache-misses:u,cache-misses,0.0,100.0,nan,,ok
6777.778404000001,nan,,stalled-cycles-frontend:u,stalled-cycles-frontend,0.0,100.0,nan,,ok
6788.422587,nan,,instructions:u,instructions,0.0,100.0,nan,,ok
6788.422587,nan,,cycles:u,cycles,0.0,100.0,nan,,ok
6788.422587,nan,,branches:u,branches,0.0,100.0,nan,,ok
6788.422587,nan,,branch-misses:u,branch-misses,0.0,100.0,nan,,ok
6788.422587,nan,,L1-dcache-loads:u,l1-dcache-loads,0.0,100.0,nan,,ok
6788.422587,nan,,cache-references:u,cache-references,0.0,100.0,nan,,ok
6788.422587,nan,,cache-misses:u,cache-misses,0.0,100.0,nan,,ok
6788.422587,nan,,stalled-cycles-frontend:u,stalled-cycles-frontend,0.0,100.0,nan,,ok
6799.123441,0.0,,instructions:u,instructions,1982132.0,43.0,nan,,ok
6799.123441,0.0,,cycles:u,cycles,2981596.0,65.0,nan,,ok
6799.123441,0.0,,branches:u,branches,3985443.0,87.0,nan,,ok
6799.123441,0.0,,branch-misses:u,branch-misses,4553119.0,100.0,nan,,ok
6799.123441,0.0,,L1-dcache-loads:u,l1-dcache-loads,3564112.0,78.0,nan,,ok
6799.123441,0.0,,cache-references:u,cache-references,2570987.0,56.0,nan,,ok
6799.123441,0.0,,cache-misses:u,cache-misses,1571523.0,34.0,nan,,ok
6799.123441,0.0,,stalled-cycles-frontend:u,stalled-cycles-frontend,989007.0,21.0,nan,,ok
6809.889502,nan,,instructions:u,instructions,0.0,100.0,nan,,ok
6809.889502,nan,,cycles:u,cycles,0.0,100.0,nan,,ok
6809.889502,nan,,branches:u,branches,0.0,100.0,nan,,ok
6809.889502,nan,,branch-misses:u,branch-misses,0.0,100.0,nan,,ok
6809.889502,nan,,L1-dcache-loads:u,l1-dcache-loads,0.0,100.0,nan,,ok
6809.889502,nan,,cache-references:u,cache-references,0.0,100.0,nan,,ok
6809.889502,nan,,cache-misses:u,cache-misses,0.0,100.0,nan,,ok
6809.889502,nan,,stalled-cycles-frontend:u,stalled-cycles-frontend,0.0,100.0,nan,,ok
6820.513566,nan,,instructions:u,instructions,0.0,100.0,nan,,ok
6820.513566,nan,,cycles:u,cycles,0.0,100.0,nan,,ok
6820.513566,nan,,branches:u,branches,0.0,100.0,nan,,ok
6820.513566,nan,,branch-misses:u,branch-misses,0.0,100.0,nan,,ok
6820.513566,nan,,L1-dcache-loads:u,l1-dcache-loads,0.0,100.0,nan,,ok
6820.513566,nan,,cache-references:u,cache-references,0.0,100.0,nan,,ok
6820.513566,nan,,cache-misses:u,cache-misses,0.0,100.0,nan,,ok
6820.513566,nan,,stalled-cycles-frontend:u,stalled-cycles-frontend,0.0,100.0,nan,,ok
6831.245898,nan,,instructions:u,instructions,0.0,100.0,nan,,ok
6831.245898,nan,,cycles:u,cycles,0.0,100.0,nan,,ok
6831.245898,nan,,branches:u,branches,0.0,100.0,nan,,ok
6831.245898,nan,,branch-misses:u,branch-misses,0.0,100.0,nan,,ok
6831.245898,nan,,L1-dcache-loads:u,l1-dcache-loads,0.0,100.0,nan,,ok
6831.245898,nan,,cache-references:u,cache-references,0.0,100.0,nan,,ok
6831.245898,nan,,cache-misses:u,cache-misses,0.0,100.0,nan,,ok
6831.245898,nan,,stalled-cycles-frontend:u,stalled-cycles-frontend,0.0,100.0,nan,,ok
6841.932984,nan,,instructions:u,instructions,0.0,100.0,nan,,ok
6841.932984,nan,,cycles:u,cycles,0.0,100.0,nan,,ok
6841.932984,nan,,branches:u,branches,0.0,100.0,nan,,ok
6841.932984,nan,,branch-misses:u,branch-misses,0.0,100.0,nan,,ok
6841.932984,nan,,L1-dcache-loads:u,l1-dcache-loads,0.0,100.0,nan,,ok
6841.932984,nan,,cache-references:u,cache-references,0.0,100.0,nan,,ok
6841.932984,nan,,cache-misses:u,cache-misses,0.0,100.0,nan,,ok
6841.932984,nan,,stalled-cycles-frontend:u,stalled-cycles-frontend,0.0,100.0,nan,,ok
6852.620568,nan,,instructions:u,instructions,0.0,100.0,nan,,ok
6852.620568,nan,,cycles:u,cycles,0.0,100.0,nan,,ok
6852.620568,nan,,branches:u,branches,0.0,100.0,nan,,ok
6852.620568,nan,,branch-misses:u,branch-misses,0.0,100.0,nan,,ok
6852.620568,nan,,L1-dcache-loads:u,l1-dcache-loads,0.0,100.0,nan,,ok
6852.620568,nan,,cache-references:u,cache-references,0.0,100.0,nan,,ok
6852.620568,nan,,cache-misses:u,cache-misses,0.0,100.0,nan,,ok
6852.620568,nan,,stalled-cycles-frontend:u,stalled-cycles-frontend,0.0,100.0,nan,,ok
6863.295122,0.0,,instructions:u,instructions,2842868.0,48.0,nan,,ok
6863.295122,0.0,,cycles:u,cycles,1838891.0,31.0,nan,,ok
6863.295122,0.0,,branches:u,branches,1838891.0,31.0,nan,,ok
6863.295122,0.0,,branch-misses:u,branch-misses,2811851.0,48.0,nan,,ok
6863.295122,0.0,,L1-dcache-loads:u,l1-dcache-loads,2800639.0,48.0,nan,,ok
6863.295122,0.0,,cache-references:u,cache-references,2959006.0,51.0,nan,,ok
6863.295122,0.0,,cache-misses:u,cache-misses,3962983.0,68.0,nan,,ok
6863.295122,0.0,,stalled-cycles-frontend:u,stalled-cycles-frontend,2002009.0,34.0,nan,,ok
6873.9917000000005,nan,,instructions:u,instructions,0.0,100.0,nan,,ok
6873.9917000000005,nan,,cycles:u,cycles,0.0,100.0,nan,,ok
6873.9917000000005,nan,,branches:u,branches,0.0,100.0,nan,,ok
6873.9917000000005,nan,,branch-misses:u,branch-misses,0.0,100.0,nan,,ok
6873.9917000000005,nan,,L1-dcache-loads:u,l1-dcache-loads,0.0,100.0,nan,,ok
6873.9917000000005,nan,,cache-references:u,cache-references,0.0,100.0,nan,,ok
6873.9917000000005,nan,,cache-misses:u,cache-misses,0.0,100.0,nan,,ok
6873.9917000000005,nan,,stalled-cycles-frontend:u,stalled-cycles-frontend,0.0,100.0,nan,,ok
6884.662528,nan,,instructions:u,instructions,0.0,100.0,nan,,ok
6884.662528,nan,,cycles:u,cycles,0.0,100.0,nan,,ok
6884.662528,nan,,branches:u,branches,0.0,100.0,nan,,ok
6884.662528,nan,,branch-misses:u,branch-misses,0.0,100.0,nan,,ok
6884.662528,nan,,L1-dcache-loads:u,l1-dcache-loads,0.0,100.0,nan,,ok
6884.662528,nan,,cache-references:u,cache-references,0.0,100.0,nan,,ok
6884.662528,nan,,cache-misses:u,cache-misses,0.0,100.0,nan,,ok
6884.662528,nan,,stalled-cycles-frontend:u,stalled-cycles-frontend,0.0,100.0,nan,,ok
6895.361292,nan,,instructions:u,instructions,0.0,100.0,nan,,ok
6895.361292,nan,,cycles:u,cycles,0.0,100.0,nan,,ok
6895.361292,nan,,branches:u,branches,0.0,100.0,nan,,ok
6895.361292,nan,,branch-misses:u,branch-misses,0.0,100.0,nan,,ok
6895.361292,nan,,L1-dcache-loads:u,l1-dcache-loads,0.0,100.0,nan,,ok
6895.361292,nan,,cache-references:u,cache-references,0.0,100.0,nan,,ok
6895.361292,nan,,cache-misses:u,cache-misses,0.0,100.0,nan,,ok
6895.361292,nan,,stalled-cycles-frontend:u,stalled-cycles-frontend,0.0,100.0,nan,,ok
6906.0398430000005,nan,,instructions:u,instructions,0.0,100.0,nan,,ok
6906.0398430000005,nan,,cycles:u,cycles,0.0,100.0,nan,,ok
6906.0398430000005,nan,,branches:u,branches,0.0,100.0,nan,,ok
6906.0398430000005,nan,,branch-misses:u,branch-misses,0.0,100.0,nan,,ok
6906.0398430000005,nan,,L1-dcache-loads:u,l1-dcache-loads,0.0,100.0,nan,,ok
6906.0398430000005,nan,,cache-references:u,cache-references,0.0,100.0,nan,,ok
6906.0398430000005,nan,,cache-misses:u,cache-misses,0.0,100.0,nan,,ok
6906.0398430000005,nan,,stalled-cycles-frontend:u,stalled-cycles-frontend,0.0,100.0,nan,,ok
6916.734047,nan,,instructions:u,instructions,0.0,100.0,nan,,ok
6916.734047,nan,,cycles:u,cycles,0.0,100.0,nan,,ok
6916.734047,nan,,branches:u,branches,0.0,100.0,nan,,ok
6916.734047,nan,,branch-misses:u,branch-misses,0.0,100.0,nan,,ok
6916.734047,nan,,L1-dcache-loads:u,l1-dcache-loads,0.0,100.0,nan,,ok
6916.734047,nan,,cache-references:u,cache-references,0.0,100.0,nan,,ok
6916.734047,nan,,cache-misses:u,cache-misses,0.0,100.0,nan,,ok
6916.734047,nan,,stalled-cycles-frontend:u,stalled-cycles-frontend,0.0,100.0,nan,,ok
6927.550407,0.0,,instructions:u,instructions,962420.0,24.0,nan,,ok
6927.550407,0.0,,cycles:u,cycles,1957912.0,49.0,nan,,ok
6927.550407,0.0,,branches:u,branches,2965224.0,74.0,nan,,ok
6927.550407,0.0,,branch-misses:u,branch-misses,3956791.0,99.0,nan,,ok
6927.550407,0.0,,L1-dcache-loads:u,l1-dcache-loads,3994940.0,100.0,nan,,ok
6927.550407,0.0,,cache-references:u,cache-references,3032520.0,75.0,nan,,ok
6927.550407,0.0,,cache-misses:u,cache-misses,2037028.0,50.0,nan,,ok
6927.550407,nan,,stalled-cycles-frontend:u,stalled-cycles-frontend,0.0,0.0,nan,,ok
6938.226165,nan,,instructions:u,instructions,0.0,100.0,nan,,ok
6938.226165,nan,,cycles:u,cycles,0.0,100.0,nan,,ok
6938.226165,nan,,branches:u,branches,0.0,100.0,nan,,ok
6938.226165,nan,,branch-misses:u,branch-misses,0.0,100.0,nan,,ok
6938.226165,nan,,L1-dcache-loads:u,l1-dcache-loads,0.0,100.0,nan,,ok
6938.226165,nan,,cache-references:u,cache-references,0.0,100.0,nan,,ok
6938.226165,nan,,cache-misses:u,cache-misses,0.0,100.0,nan,,ok
6938.226165,nan,,stalled-cycles-frontend:u,stalled-cycles-frontend,0.0,100.0,nan,,ok
6949.049435,nan,,instructions:u,instructions,0.0,100.0,nan,,ok
6949.049435,nan,,cycles:u,cycles,0.0,100.0,nan,,ok
6949.049435,nan,,branches:u,branches,0.0,100.0,nan,,ok
6949.049435,nan,,branch-misses:u,branch-misses,0.0,100.0,nan,,ok
6949.049435,nan,,L1-dcache-loads:u,l1-dcache-loads,0.0,100.0,nan,,ok
6949.049435,nan,,cache-references:u,cache-references,0.0,100.0,nan,,ok
6949.049435,nan,,cache-misses:u,cache-misses,0.0,100.0,nan,,ok
6949.049435,nan,,stalled-cycles-frontend:u,stalled-cycles-frontend,0.0,100.0,nan,,ok
6959.771938,nan,,instructions:u,instructions,0.0,100.0,nan,,ok
6959.771938,nan,,cycles:u,cycles,0.0,100.0,nan,,ok
6959.771938,nan,,branches:u,branches,0.0,100.0,nan,,ok
6959.771938,nan,,branch-misses:u,branch-misses,0.0,100.0,nan,,ok
6959.771938,nan,,L1-dcache-loads:u,l1-dcache-loads,0.0,100.0,nan,,ok
6959.771938,nan,,cache-references:u,cache-references,0.0,100.0,nan,,ok
6959.771938,nan,,cache-misses:u,cache-misses,0.0,100.0,nan,,ok
6959.771938,nan,,stalled-cycles-frontend:u,stalled-cycles-frontend,0.0,100.0,nan,,ok
6970.444111,nan,,instructions:u,instructions,0.0,100.0,nan,,ok
6970.444111,nan,,cycles:u,cycles,0.0,100.0,nan,,ok
6970.444111,nan,,branches:u,branches,0.0,100.0,nan,,ok
6970.444111,nan,,branch-misses:u,branch-misses,0.0,100.0,nan,,ok
6970.444111,nan,,L1-dcache-loads:u,l1-dcache-loads,0.0,100.0,nan,,ok
6970.444111,nan,,cache-references:u,cache-references,0.0,100.0,nan,,ok
6970.444111,nan,,cache-misses:u,cache-misses,0.0,100.0,nan,,ok
6970.444111,nan,,stalled-cycles-frontend:u,stalled-cycles-frontend,0.0,100.0,nan,,ok
6981.104015,0.0,,instructions:u,instructions,2043403.0,50.0,nan,,ok
6981.104015,0.0,,cycles:u,cycles,1044927.0,25.0,nan,,ok
6981.104015,0.0,,branches:u,branches,1044927.0,25.0,nan,,ok
6981.104015,0.0,,branch-misses:u,branch-misses,1044927.0,25.0,nan,,ok
6981.104015,0.0,,L1-dcache-loads:u,l1-dcache-loads,1014615.0,25.0,nan,,ok
6981.104015,0.0,,cache-references:u,cache-references,1978686.0,49.0,nan,,ok
6981.104015,0.0,,cache-misses:u,cache-misses,2977162.0,74.0,nan,,ok
6981.104015,0.0,,stalled-cycles-frontend:u,stalled-cycles-frontend,2014440.0,50.0,nan,,ok
6991.802211,nan,,instructions:u,instructions,0.0,100.0,nan,,ok
6991.802211,nan,,cycles:u,cycles,0.0,100.0,nan,,ok
6991.802211,nan,,branches:u,branches,0.0,100.0,nan,,ok
6991.802211,nan,,branch-misses:u,branch-misses,0.0,100.0,nan,,ok
6991.802211,nan,,L1-dcache-loads:u,l1-dcache-loads,0.0,100.0,nan,,ok
6991.802211,nan,,cache-references:u,cache-references,0.0,100.0,nan,,ok
6991.802211,nan,,cache-misses:u,cache-misses,0.0,100.0,nan,,ok
6991.802211,nan,,stalled-cycles-frontend:u,stalled-cycles-frontend,0.0,100.0,nan,,ok
7002.488277,nan,,instructions:u,instructions,0.0,100.0,nan,,ok
7002.488277,nan,,cycles:u,cycles,0.0,100.0,nan,,ok
7002.488277,nan,,branches:u,branches,0.0,100.0,nan,,ok
7002.488277,nan,,branch-misses:u,branch-misses,0.0,100.0,nan,,ok
7002.488277,nan,,L1-dcache-loads:u,l1-dcache-loads,0.0,100.0,nan,,ok
7002.488277,nan,,cache-references:u,cache-references,0.0,100.0,nan,,ok
7002.488277,nan,,cache-misses:u,cache-misses,0.0,100.0,nan,,ok
7002.488277,nan,,stalled-cycles-frontend:u,stalled-cycles-frontend,0.0,100.0,nan,,ok
7013.209664,nan,,instructions:u,instructions,0.0,100.0,nan,,ok
7013.209664,nan,,cycles:u,cycles,0.0,100.0,nan,,ok
7013.209664,nan,,branches:u,branches,0.0,100.0,nan,,ok
7013.209664,nan,,branch-misses:u,branch-misses,0.0,100.0,nan,,ok
7013.209664,nan,,L1-dcache-loads:u,l1-dcache-loads,0.0,100.0,nan,,ok
7013.209664,nan,,cache-references:u,cache-references,0.0,100.0,nan,,ok
7013.209664,nan,,cache-misses:u,cache-misses,0.0,100.0,nan,,ok
7013.209664,nan,,stalled-cycles-frontend:u,stalled-cycles-frontend,0.0,100.0,nan,,ok
7024.002103,nan,,instructions:u,instructions,0.0,100.0,nan,,ok
7024.002103,nan,,cycles:u,cycles,0.0,100.0,nan,,ok
7024.002103,nan,,branches:u,branches,0.0,100.0,nan,,ok
7024.002103,nan,,branch-misses:u,branch-misses,0.0,100.0,nan,,ok
7024.002103,nan,,L1-dcache-loads:u,l1-dcache-loads,0.0,100.0,nan,,ok
7024.002103,nan,,cache-references:u,cache-references,0.0,100.0,nan,,ok
7024.002103,nan,,cache-misses:u,cache-misses,0.0,100.0,nan,,ok
7024.002103,nan,,stalled-cycles-frontend:u,stalled-cycles-frontend,0.0,100.0,nan,,ok
7034.72296,nan,,instructions:u,instructions,0.0,100.0,nan,,ok
7034.72296,nan,,cycles:u,cycles,0.0,100.0,nan,,ok
7034.72296,nan,,branches:u,branches,0.0,100.0,nan,,ok
7034.72296,nan,,branch-misses:u,branch-misses,0.0,100.0,nan,,ok
7034.72296,nan,,L1-dcache-loads:u,l1-dcache-loads,0.0,100.0,nan,,ok
7034.72296,nan,,cache-references:u,cache-references,0.0,100.0,nan,,ok
7034.72296,nan,,cache-misses:u,cache-misses,0.0,100.0,nan,,ok
7034.72296,nan,,stalled-cycles-frontend:u,stalled-cycles-frontend,0.0,100.0,nan,,ok
7045.3629710000005,0.0,,instructions:u,instructions,989767.0,17.0,nan,,ok
7045.3629710000005,0.0,,cycles:u,cycles,2746209.0,47.0,nan,,ok
7045.3629710000005,0.0,,branches:u,branches,3745096.0,64.0,nan,,ok
7045.3629710000005,0.0,,branch-misses:u,branch-misses,4743933.0,81.0,nan,,ok
7045.3629710000005,0.0,,L1-dcache-loads:u,l1-dcache-loads,5748582.0,99.0,nan,,ok
7045.3629710000005,0.0,,cache-references:u,cache-references,4808864.0,82.0,nan,,ok
7045.3629710000005,0.0,,cache-misses:u,cache-misses,3052422.0,52.0,nan,,ok
7045.3629710000005,nan,,stalled-cycles-frontend:u,stalled-cycles-frontend,0.0,0.0,nan,,ok
7056.09644,nan,,instructions:u,instructions,0.0,100.0,nan,,ok
7056.09644,nan,,cycles:u,cycles,0.0,100.0,nan,,ok
7056.09644,nan,,branches:u,branches,0.0,100.0,nan,,ok
7056.09644,nan,,branch-misses:u,branch-misses,0.0,100.0,nan,,ok
7056.09644,nan,,L1-dcache-loads:u,l1-dcache-loads,0.0,100.0,nan,,ok
7056.09644,nan,,cache-references:u,cache-references,0.0,100.0,nan,,ok
7056.09644,nan,,cache-misses:u,cache-misses,0.0,100.0,nan,,ok
7056.09644,nan,,stalled-cycles-frontend:u,stalled-cycles-frontend,0.0,100.0,nan,,ok
7066.795997,nan,,instructions:u,instructions,0.0,100.0,nan,,ok
7066.795997,nan,,cycles:u,cycles,0.0,100.0,nan,,ok
7066.795997,nan,,branches:u,branches,0.0,100.0,nan,,ok
7066.795997,nan,,branch-misses:u,branch-misses,0.0,100.0,nan,,ok
7066.795997,nan,,L1-dcache-loads:u,l1-dcache-loads,0.0,100.0,nan,,ok
7066.795997,nan,,cache-references:u,cache-references,0.0,100.0,nan,,ok
7066.795997,nan,,cache-misses:u,cache-misses,0.0,100.0,nan,,ok
7066.795997,nan,,stalled-cycles-frontend:u,stalled-cycles-frontend,0.0,100.0,nan,,ok
7077.458853,nan,,instructions:u,instructions,0.0,100.0,nan,,ok
7077.458853,nan,,cycles:u,cycles,0.0,100.0,nan,,ok
7077.458853,nan,,branches:u,branches,0.0,100.0,nan,,ok
7077.458853,nan,,branch-misses:u,branch-misses,0.0,100.0,nan,,ok
7077.458853,nan,,L1-dcache-loads:u,l1-dcache-loads,0.0,100.0,nan,,ok
7077.458853,nan,,cache-references:u,cache-references,0.0,100.0,nan,,ok
7077.458853,nan,,cache-misses:u,cache-misses,0.0,100.0,nan,,ok
7077.458853,nan,,stalled-cycles-frontend:u,stalled-cycles-frontend,0.0,100.0,nan,,ok
7088.134817,nan,,instructions:u,instructions,0.0,100.0,nan,,ok
7088.134817,nan,,cycles:u,cycles,0.0,100.0,nan,,ok
7088.134817,nan,,branches:u,branches,0.0,100.0,nan,,ok
7088.134817,nan,,branch-misses:u,branch-misses,0.0,100.0,nan,,ok
7088.134817,nan,,L1-dcache-loads:u,l1-dcache-loads,0.0,100.0,nan,,ok
7088.134817,nan,,cache-references:u,cache-references,0.0,100.0,nan,,ok
7088.134817,nan,,cache-misses:u,cache-misses,0.0,100.0,nan,,ok
7088.134817,nan,,stalled-cycles-frontend:u,stalled-cycles-frontend,0.0,100.0,nan,,ok
7098.768376999999,nan,,instructions:u,instructions,0.0,100.0,nan,,ok
7098.768376999999,nan,,cycles:u,cycles,0.0,100.0,nan,,ok
7098.768376999999,nan,,branches:u,branches,0.0,100.0,nan,,ok
7098.768376999999,nan,,branch-misses:u,branch-misses,0.0,100.0,nan,,ok
7098.768376999999,nan,,L1-dcache-loads:u,l1-dcache-loads,0.0,100.0,nan,,ok
7098.768376999999,nan,,cache-references:u,cache-references,0.0,100.0,nan,,ok
7098.768376999999,nan,,cache-misses:u,cache-misses,0.0,100.0,nan,,ok
7098.768376999999,nan,,stalled-cycles-frontend:u,stalled-cycles-frontend,0.0,100.0,nan,,ok
7109.413076,0.0,,instructions:u,instructions,1704306.0,63.0,nan,,ok
7109.413076,0.0,,cycles:u,cycles,734365.0,27.0,nan,,ok
7109.413076,0.0,,branches:u,branches,750957.0,27.0,nan,,ok
7109.413076,0.0,,branch-misses:u,branch-misses,769540.0,28.0,nan,,ok
7109.413076,nan,,L1-dcache-loads:u,l1-dcache-loads,0.0,0.0,nan,,ok
7109.413076,0.0,,cache-references:u,cache-references,969962.0,35.0,nan,,ok
7109.413076,0.0,,cache-misses:u,cache-misses,1968064.0,70.0,nan,,ok
7109.413076,0.0,,stalled-cycles-frontend:u,stalled-cycles-frontend,1826966.0,65.0,nan,,ok
7120.189869,0.0,,instructions:u,instructions,1295042.0,25.0,nan,,ok
7120.189869,0.0,,cycles:u,cycles,2266264.0,45.0,nan,,ok
7120.189869,0.0,,branches:u,branches,3252210.0,65.0,nan,,ok
7120.189869,0.0,,branch-misses:u,branch-misses,4232114.0,84.0,nan,,ok
7120.189869,0.0,,L1-dcache-loads:u,l1-dcache-loads,4752065.0,95.0,nan,,ok
7120.189869,0.0,,cache-references:u,cache-references,3752400.0,75.0,nan,,ok
7120.189869,0.0,,cache-misses:u,cache-misses,2753017.0,55.0,nan,,ok
7120.189869,0.0,,stalled-cycles-frontend:u,stalled-cycles-frontend,172717.0,3.0,nan,,ok
7131.006066,nan,,instructions:u,instructions,0.0,100.0,nan,,ok
7131.006066,nan,,cycles:u,cycles,0.0,100.0,nan,,ok
7131.006066,nan,,branches:u,branches,0.0,100.0,nan,,ok
7131.006066,nan,,branch-misses:u,branch-misses,0.0,100.0,nan,,ok
7131.006066,nan,,L1-dcache-loads:u,l1-dcache-loads,0.0,100.0,nan,,ok
7131.006066,nan,,cache-references:u,cache-references,0.0,100.0,nan,,ok
7131.006066,nan,,cache-misses:u,cache-misses,0.0,100.0,nan,,ok
7131.006066,nan,,stalled-cycles-frontend:u,stalled-cycles-frontend,0.0,100.0,nan,,ok
7141.618992,nan,,instructions:u,instructions,0.0,100.0,nan,,ok
7141.618992,nan,,cycles:u,cycles,0.0,100.0,nan,,ok
7141.618992,nan,,branches:u,branches,0.0,100.0,nan,,ok
7141.618992,nan,,branch-misses:u,branch-misses,0.0,100.0,nan,,ok
7141.618992,nan,,L1-dcache-loads:u,l1-dcache-loads,0.0,100.0,nan,,ok
7141.618992,nan,,cache-references:u,cache-references,0.0,100.0,nan,,ok
7141.618992,nan,,cache-misses:u,cache-misses,0.0,100.0,nan,,ok
7141.618992,nan,,stalled-cycles-frontend:u,stalled-cycles-frontend,0.0,100.0,nan,,ok
7152.316342,nan,,instructions:u,instructions,0.0,100.0,nan,,ok
7152.316342,nan,,cycles:u,cycles,0.0,100.0,nan,,ok
7152.316342,nan,,branches:u,branches,0.0,100.0,nan,,ok
7152.316342,nan,,branch-misses:u,branch-misses,0.0,100.0,nan,,ok
7152.316342,nan,,L1-dcache-loads:u,l1-dcache-loads,0.0,100.0,nan,,ok
7152.316342,nan,,cache-references:u,cache-references,0.0,100.0,nan,,ok
7152.316342,nan,,cache-misses:u,cache-misses,0.0,100.0,nan,,ok
7152.316342,nan,,stalled-cycles-frontend:u,stalled-cycles-frontend,0.0,100.0,nan,,ok
7163.044867,nan,,instructions:u,instructions,0.0,100.0,nan,,ok
7163.044867,nan,,cycles:u,cycles,0.0,100.0,nan,,ok
7163.044867,nan,,branches:u,branches,0.0,100.0,nan,,ok
7163.044867,nan,,branch-misses:u,branch-misses,0.0,100.0,nan,,ok
7163.044867,nan,,L1-dcache-loads:u,l1-dcache-loads,0.0,100.0,nan,,ok
7163.044867,nan,,cache-references:u,cache-references,0.0,100.0,nan,,ok
7163.044867,nan,,cache-misses:u,cache-misses,0.0,100.0,nan,,ok
7163.044867,nan,,stalled-cycles-frontend:u,stalled-cycles-frontend,0.0,100.0,nan,,ok
7173.797264,nan,,instructions:u,instructions,0.0,100.0,nan,,ok
7173.797264,nan,,cycles:u,cycles,0.0,100.0,nan,,ok
7173.797264,nan,,branches:u,branches,0.0,100.0,nan,,ok
7173.797264,nan,,branch-misses:u,branch-misses,0.0,100.0,nan,,ok
7173.797264,nan,,L1-dcache-loads:u,l1-dcache-loads,0.0,100.0,nan,,ok
7173.797264,nan,,cache-references:u,cache-references,0.0,100.0,nan,,ok
7173.797264,nan,,cache-misses:u,cache-misses,0.0,100.0,nan,,ok
7173.797264,nan,,stalled-cycles-frontend:u,stalled-cycles-frontend,0.0,100.0,nan,,ok
7184.474493,nan,,instructions:u,instructions,0.0,100.0,nan,,ok
7184.474493,nan,,cycles:u,cycles,0.0,100.0,nan,,ok
7184.474493,nan,,branches:u,branches,0.0,100.0,nan,,ok
7184.474493,nan,,branch-misses:u,branch-misses,0.0,100.0,nan,,ok
7184.474493,nan,,L1-dcache-loads:u,l1-dcache-loads,0.0,100.0,nan,,ok
7184.474493,nan,,cache-references:u,cache-references,0.0,100.0,nan,,ok
7184.474493,nan,,cache-misses:u,cache-misses,0.0,100.0,nan,,ok
7184.474493,nan,,stalled-cycles-frontend:u,stalled-cycles-frontend,0.0,100.0,nan,,ok
7195.186814999999,nan,,instructions:u,instructions,0.0,100.0,nan,,ok
7195.186814999999,nan,,cycles:u,cycles,0.0,100.0,nan,,ok
7195.186814999999,nan,,branches:u,branches,0.0,100.0,nan,,ok
7195.186814999999,nan,,branch-misses:u,branch-misses,0.0,100.0,nan,,ok
7195.186814999999,nan,,L1-dcache-loads:u,l1-dcache-loads,0.0,100.0,nan,,ok
7195.186814999999,nan,,cache-references:u,cache-references,0.0,100.0,nan,,ok
7195.186814999999,nan,,cache-misses:u,cache-misses,0.0,100.0,nan,,ok
7195.186814999999,nan,,stalled-cycles-frontend:u,stalled-cycles-frontend,0.0,100.0,nan,,ok
7205.971447999999,nan,,instructions:u,instructions,0.0,100.0,nan,,ok
7205.971447999999,nan,,cycles:u,cycles,0.0,100.0,nan,,ok
7205.971447999999,nan,,branches:u,branches,0.0,100.0,nan,,ok
7205.971447999999,nan,,branch-misses:u,branch-misses,0.0,100.0,nan,,ok
7205.971447999999,nan,,L1-dcache-loads:u,l1-dcache-loads,0.0,100.0,nan,,ok
7205.971447999999,nan,,cache-references:u,cache-references,0.0,100.0,nan,,ok
7205.971447999999,nan,,cache-misses:u,cache-misses,0.0,100.0,nan,,ok
7205.971447999999,nan,,stalled-cycles-frontend:u,stalled-cycles-frontend,0.0,100.0,nan,,ok
7216.692113,nan,,instructions:u,instructions,0.0,100.0,nan,,ok
7216.692113,nan,,cycles:u,cycles,0.0,100.0,nan,,ok
7216.692113,nan,,branches:u,branches,0.0,100.0,nan,,ok
7216.692113,nan,,branch-misses:u,branch-misses,0.0,100.0,nan,,ok
7216.692113,nan,,L1-dcache-loads:u,l1-dcache-loads,0.0,100.0,nan,,ok
7216.692113,nan,,cache-references:u,cache-references,0.0,100.0,nan,,ok
7216.692113,nan,,cache-misses:u,cache-misses,0.0,100.0,nan,,ok
7216.692113,nan,,stalled-cycles-frontend:u,stalled-cycles-frontend,0.0,100.0,nan,,ok
7227.373361999999,0.0,,instructions:u,instructions,3002701.0,39.0,nan,,ok
7227.373361999999,0.0,,cycles:u,cycles,3003564.0,39.0,nan,,ok
7227.373361999999,0.0,,branches:u,branches,3998314.0,52.0,nan,,ok
7227.373361999999,0.0,,branch-misses:u,branch-misses,4698003.0,61.0,nan,,ok
7227.373361999999,0.0,,L1-dcache-loads:u,l1-dcache-loads,4715290.0,61.0,nan,,ok
7227.373361999999,0.0,,cache-references:u,cache-references,4736809.0,61.0,nan,,ok
7227.373361999999,0.0,,cache-misses:u,cache-misses,4761554.0,61.0,nan,,ok
7227.373361999999,0.0,,stalled-cycles-frontend:u,stalled-cycles-frontend,2001528.0,25.0,nan,,ok
7238.126749,0.0,,instructions:u,instructions,515977.0,17.0,nan,,ok
7238.126749,nan,,cycles:u,cycles,0.0,0.0,nan,,ok
7238.126749,nan,,branches:u,branches,0.0,0.0,nan,,ok
7238.126749,0.0,,branch-misses:u,branch-misses,303417.0,10.0,nan,,ok
7238.126749,0.0,,L1-dcache-loads:u,l1-dcache-loads,1277644.0,45.0,nan,,ok
7238.126749,0.0,,cache-references:u,cache-references,2244120.0,81.0,nan,,ok
7238.126749,0.0,,cache-misses:u,cache-misses,2734489.0,100.0,nan,,ok
7238.126749,0.0,,stalled-cycles-frontend:u,stalled-cycles-frontend,515977.0,18.0,nan,,ok
7248.875349000001,nan,,instructions:u,instructions,0.0,100.0,nan,,ok
7248.875349000001,nan,,cycles:u,cycles,0.0,100.0,nan,,ok
7248.875349000001,nan,,branches:u,branches,0.0,100.0,nan,,ok
7248.875349000001,nan,,branch-misses:u,branch-misses,0.0,100.0,nan,,ok
7248.875349000001,nan,,L1-dcache-loads:u,l1-dcache-loads,0.0,100.0,nan,,ok
7248.875349000001,nan,,cache-references:u,cache-references,0.0,100.0,nan,,ok
7248.875349000001,nan,,cache-misses:u,cache-misses,0.0,100.0,nan,,ok
7248.875349000001,nan,,stalled-cycles-frontend:u,stalled-cycles-frontend,0.0,100.0,nan,,ok
7259.571195,nan,,instructions:u,instructions,0.0,100.0,nan,,ok
7259.571195,nan,,cycles:u,cycles,0.0,100.0,nan,,ok
7259.571195,nan,,branches:u,branches,0.0,100.0,nan,,ok
7259.571195,nan,,branch-misses:u,branch-misses,0.0,100.0,nan,,ok
7259.571195,nan,,L1-dcache-loads:u,l1-dcache-loads,0.0,100.0,nan,,ok
7259.571195,nan,,cache-references:u,cache-references,0.0,100.0,nan,,ok
7259.571195,nan,,cache-misses:u,cache-misses,0.0,100.0,nan,,ok
7259.571195,nan,,stalled-cycles-frontend:u,stalled-cycles-frontend,0.0,100.0,nan,,ok
7270.290639,nan,,instructions:u,instructions,0.0,100.0,nan,,ok
7270.290639,nan,,cycles:u,cycles,0.0,100.0,nan,,ok
7270.290639,nan,,branches:u,branches,0.0,100.0,nan,,ok
7270.290639,nan,,branch-misses:u,branch-misses,0.0,100.0,nan,,ok
7270.290639,nan,,L1-dcache-loads:u,l1-dcache-loads,0.0,100.0,nan,,ok
7270.290639,nan,,cache-references:u,cache-references,0.0,100.0,nan,,ok
7270.290639,nan,,cache-misses:u,cache-misses,0.0,100.0,nan,,ok
7270.290639,nan,,stalled-cycles-frontend:u,stalled-cycles-frontend,0.0,100.0,nan,,ok
7281.0675949999995,nan,,instructions:u,instructions,0.0,100.0,nan,,ok
7281.0675949999995,nan,,cycles:u,cycles,0.0,100.0,nan,,ok
7281.0675949999995,nan,,branches:u,branches,0.0,100.0,nan,,ok
7281.0675949999995,nan,,branch-misses:u,branch-misses,0.0,100.0,nan,,ok
7281.0675949999995,nan,,L1-dcache-loads:u,l1-dcache-loads,0.0,100.0,nan,,ok
7281.0675949999995,nan,,cache-references:u,cache-references,0.0,100.0,nan,,ok
7281.0675949999995,nan,,cache-misses:u,cache-misses,0.0,100.0,nan,,ok
7281.0675949999995,nan,,stalled-cycles-frontend:u,stalled-cycles-frontend,0.0,100.0,nan,,ok
7291.758464,nan,,instructions:u,instructions,0.0,100.0,nan,,ok
7291.758464,nan,,cycles:u,cycles,0.0,100.0,nan,,ok
7291.758464,nan,,branches:u,branches,0.0,100.0,nan,,ok
7291.758464,nan,,branch-misses:u,branch-misses,0.0,100.0,nan,,ok
7291.758464,nan,,L1-dcache-loads:u,l1-dcache-loads,0.0,100.0,nan,,ok
7291.758464,nan,,cache-references:u,cache-references,0.0,100.0,nan,,ok
7291.758464,nan,,cache-misses:u,cache-misses,0.0,100.0,nan,,ok
7291.758464,nan,,stalled-cycles-frontend:u,stalled-cycles-frontend,0.0,100.0,nan,,ok
7302.449567,nan,,instructions:u,instructions,0.0,100.0,nan,,ok
7302.449567,nan,,cycles:u,cycles,0.0,100.0,nan,,ok
7302.449567,nan,,branches:u,branches,0.0,100.0,nan,,ok
7302.449567,nan,,branch-misses:u,branch-misses,0.0,100.0,nan,,ok
7302.449567,nan,,L1-dcache-loads:u,l1-dcache-loads,0.0,100.0,nan,,ok
7302.449567,nan,,cache-references:u,cache-references,0.0,100.0,nan,,ok
7302.449567,nan,,cache-misses:u,cache-misses,0.0,100.0,nan,,ok
7302.449567,nan,,stalled-cycles-frontend:u,stalled-cycles-frontend,0.0,100.0,nan,,ok
7313.044897,nan,,instructions:u,instructions,0.0,100.0,nan,,ok
7313.044897,nan,,cycles:u,cycles,0.0,100.0,nan,,ok
7313.044897,nan,,branches:u,branches,0.0,100.0,nan,,ok
7313.044897,nan,,branch-misses:u,branch-misses,0.0,100.0,nan,,ok
7313.044897,nan,,L1-dcache-loads:u,l1-dcache-loads,0.0,100.0,nan,,ok
7313.044897,nan,,cache-references:u,cache-references,0.0,100.0,nan,,ok
7313.044897,nan,,cache-misses:u,cache-misses,0.0,100.0,nan,,ok
7313.044897,nan,,stalled-cycles-frontend:u,stalled-cycles-frontend,0.0,100.0,nan,,ok
7323.766834,nan,,instructions:u,instructions,0.0,100.0,nan,,ok
7323.766834,nan,,cycles:u,cycles,0.0,100.0,nan,,ok
7323.766834,nan,,branches:u,branches,0.0,100.0,nan,,ok
7323.766834,nan,,branch-misses:u,branch-misses,0.0,100.0,nan,,ok
7323.766834,nan,,L1-dcache-loads:u,l1-dcache-loads,0.0,100.0,nan,,ok
7323.766834,nan,,cache-references:u,cache-references,0.0,100.0,nan,,ok
7323.766834,nan,,cache-misses:u,cache-misses,0.0,100.0,nan,,ok
7323.766834,nan,,stalled-cycles-frontend:u,stalled-cycles-frontend,0.0,100.0,nan,,ok
7334.464954,nan,,instructions:u,instructions,0.0,100.0,nan,,ok
7334.464954,nan,,cycles:u,cycles,0.0,100.0,nan,,ok
7334.464954,nan,,branches:u,branches,0.0,100.0,nan,,ok
7334.464954,nan,,branch-misses:u,branch-misses,0.0,100.0,nan,,ok
7334.464954,nan,,L1-dcache-loads:u,l1-dcache-loads,0.0,100.0,nan,,ok
7334.464954,nan,,cache-references:u,cache-references,0.0,100.0,nan,,ok
7334.464954,nan,,cache-misses:u,cache-misses,0.0,100.0,nan,,ok
7334.464954,nan,,stalled-cycles-frontend:u,stalled-cycles-frontend,0.0,100.0,nan,,ok
7345.1633010000005,nan,,instructions:u,instructions,0.0,100.0,nan,,ok
7345.1633010000005,nan,,cycles:u,cycles,0.0,100.0,nan,,ok
7345.1633010000005,nan,,branches:u,branches,0.0,100.0,nan,,ok
7345.1633010000005,nan,,branch-misses:u,branch-misses,0.0,100.0,nan,,ok
7345.1633010000005,nan,,L1-dcache-loads:u,l1-dcache-loads,0.0,100.0,nan,,ok
7345.1633010000005,nan,,cache-references:u,cache-references,0.0,100.0,nan,,ok
7345.1633010000005,nan,,cache-misses:u,cache-misses,0.0,100.0,nan,,ok
7345.1633010000005,nan,,stalled-cycles-frontend:u,stalled-cycles-frontend,0.0,100.0,nan,,ok
7355.80893,nan,,instructions:u,instructions,0.0,100.0,nan,,ok
7355.80893,nan,,cycles:u,cycles,0.0,100.0,nan,,ok
7355.80893,nan,,branches:u,branches,0.0,100.0,nan,,ok
7355.80893,nan,,branch-misses:u,branch-misses,0.0,100.0,nan,,ok
7355.80893,nan,,L1-dcache-loads:u,l1-dcache-loads,0.0,100.0,nan,,ok
7355.80893,nan,,cache-references:u,cache-references,0.0,100.0,nan,,ok
7355.80893,nan,,cache-misses:u,cache-misses,0.0,100.0,nan,,ok
7355.80893,nan,,stalled-cycles-frontend:u,stalled-cycles-frontend,0.0,100.0,nan,,ok
7366.490487,0.0,,instructions:u,instructions,2982614.0,64.0,nan,,ok
7366.490487,0.0,,cycles:u,cycles,2998569.0,64.0,nan,,ok
7366.490487,0.0,,branches:u,branches,3647551.0,78.0,nan,,ok
7366.490487,0.0,,branch-misses:u,branch-misses,3647551.0,78.0,nan,,ok
7366.490487,0.0,,L1-dcache-loads:u,l1-dcache-loads,2650984.0,57.0,nan,,ok
7366.490487,0.0,,cache-references:u,cache-references,1649377.0,35.0,nan,,ok
7366.490487,0.0,,cache-misses:u,cache-misses,1633422.0,35.0,nan,,ok
7366.490487,0.0,,stalled-cycles-frontend:u,stalled-cycles-frontend,1981007.0,42.0,nan,,ok
7377.151492,nan,,instructions:u,instructions,0.0,100.0,nan,,ok
7377.151492,nan,,cycles:u,cycles,0.0,100.0,nan,,ok
7377.151492,nan,,branches:u,branches,0.0,100.0,nan,,ok
7377.151492,nan,,branch-misses:u,branch-misses,0.0,100.0,nan,,ok
7377.151492,nan,,L1-dcache-loads:u,l1-dcache-loads,0.0,100.0,nan,,ok
7377.151492,nan,,cache-references:u,cache-references,0.0,100.0,nan,,ok
7377.151492,nan,,cache-misses:u,cache-misses,0.0,100.0,nan,,ok
7377.151492,nan,,stalled-cycles-frontend:u,stalled-cycles-frontend,0.0,100.0,nan,,ok
7387.802674,nan,,instructions:u,instructions,0.0,100.0,nan,,ok
7387.802674,nan,,cycles:u,cycles,0.0,100.0,nan,,ok
7387.802674,nan,,branches:u,branches,0.0,100.0,nan,,ok
7387.802674,nan,,branch-misses:u,branch-misses,0.0,100.0,nan,,ok
7387.802674,nan,,L1-dcache-loads:u,l1-dcache-loads,0.0,100.0,nan,,ok
7387.802674,nan,,cache-references:u,cache-references,0.0,100.0,nan,,ok
7387.802674,nan,,cache-misses:u,cache-misses,0.0,100.0,nan,,ok
7387.802674,nan,,stalled-cycles-frontend:u,stalled-cycles-frontend,0.0,100.0,nan,,ok
7398.530171,nan,,instructions:u,instructions,0.0,100.0,nan,,ok
7398.530171,nan,,cycles:u,cycles,0.0,100.0,nan,,ok
7398.530171,nan,,branches:u,branches,0.0,100.0,nan,,ok
7398.530171,nan,,branch-misses:u,branch-misses,0.0,100.0,nan,,ok
7398.530171,nan,,L1-dcache-loads:u,l1-dcache-loads,0.0,100.0,nan,,ok
7398.530171,nan,,cache-references:u,cache-references,0.0,100.0,nan,,ok
7398.530171,nan,,cache-misses:u,cache-misses,0.0,100.0,nan,,ok
7398.530171,nan,,stalled-cycles-frontend:u,stalled-cycles-frontend,0.0,100.0,nan,,ok
7409.221643000001,nan,,instructions:u,instructions,0.0,100.0,nan,,ok
7409.221643000001,nan,,cycles:u,cycles,0.0,100.0,nan,,ok
7409.221643000001,nan,,branches:u,branches,0.0,100.0,nan,,ok
7409.221643000001,nan,,branch-misses:u,branch-misses,0.0,100.0,nan,,ok
7409.221643000001,nan,,L1-dcache-loads:u,l1-dcache-loads,0.0,100.0,nan,,ok
7409.221643000001,nan,,cache-references:u,cache-references,0.0,100.0,nan,,ok
7409.221643000001,nan,,cache-misses:u,cache-misses,0.0,100.0,nan,,ok
7409.221643000001,nan,,stalled-cycles-frontend:u,stalled-cycles-frontend,0.0,100.0,nan,,ok
7419.920156,nan,,instructions:u,instructions,0.0,100.0,nan,,ok
7419.920156,nan,,cycles:u,cycles,0.0,100.0,nan,,ok
7419.920156,nan,,branches:u,branches,0.0,100.0,nan,,ok
7419.920156,nan,,branch-misses:u,branch-misses,0.0,100.0,nan,,ok
7419.920156,nan,,L1-dcache-loads:u,l1-dcache-loads,0.0,100.0,nan,,ok
7419.920156,nan,,cache-references:u,cache-references,0.0,100.0,nan,,ok
7419.920156,nan,,cache-misses:u,cache-misses,0.0,100.0,nan,,ok
7419.920156,nan,,stalled-cycles-frontend:u,stalled-cycles-frontend,0.0,100.0,nan,,ok
7430.572016,0.0,,instructions:u,instructions,782500.0,16.0,nan,,ok
7430.572016,nan,,cycles:u,cycles,0.0,0.0,nan,,ok
7430.572016,0.0,,branches:u,branches,992034.0,20.0,nan,,ok
7430.572016,0.0,,branch-misses:u,branch-misses,1981988.0,41.0,nan,,ok
7430.572016,0.0,,L1-dcache-loads:u,l1-dcache-loads,2980063.0,62.0,nan,,ok
7430.572016,0.0,,cache-references:u,cache-references,3978191.0,83.0,nan,,ok
7430.572016,0.0,,cache-misses:u,cache-misses,4760691.0,100.0,nan,,ok
7430.572016,0.0,,stalled-cycles-frontend:u,stalled-cycles-frontend,782500.0,16.0,nan,,ok
7441.2883489999995,nan,,instructions:u,instructions,0.0,100.0,nan,,ok
7441.2883489999995,nan,,cycles:u,cycles,0.0,100.0,nan,,ok
7441.2883489999995,nan,,branches:u,branches,0.0,100.0,nan,,ok
7441.2883489999995,nan,,branch-misses:u,branch-misses,0.0,100.0,nan,,ok
7441.2883489999995,nan,,L1-dcache-loads:u,l1-dcache-loads,0.0,100.0,nan,,ok
7441.2883489999995,nan,,cache-references:u,cache-references,0.0,100.0,nan,,ok
7441.2883489999995,nan,,cache-misses:u,cache-misses,0.0,100.0,nan,,ok
7441.2883489999995,nan,,stalled-cycles-frontend:u,stalled-cycles-frontend,0.0,100.0,nan,,ok
7452.016344,nan,,instructions:u,instructions,0.0,100.0,nan,,ok
7452.016344,nan,,cycles:u,cycles,0.0,100.0,nan,,ok
7452.016344,nan,,branches:u,branches,0.0,100.0,nan,,ok
7452.016344,nan,,branch-misses:u,branch-misses,0.0,100.0,nan,,ok
7452.016344,nan,,L1-dcache-loads:u,l1-dcache-loads,0.0,100.0,nan,,ok
7452.016344,nan,,cache-references:u,cache-references,0.0,100.0,nan,,ok
7452.016344,nan,,cache-misses:u,cache-misses,0.0,100.0,nan,,ok
7452.016344,nan,,stalled-cycles-frontend:u,stalled-cycles-frontend,0.0,100.0,nan,,ok
7462.73142,nan,,instructions:u,instructions,0.0,100.0,nan,,ok
7462.73142,nan,,cycles:u,cycles,0.0,100.0,nan,,ok
7462.73142,nan,,branches:u,branches,0.0,100.0,nan,,ok
7462.73142,nan,,branch-misses:u,branch-misses,0.0,100.0,nan,,ok
7462.73142,nan,,L1-dcache-loads:u,l1-dcache-loads,0.0,100.0,nan,,ok
7462.73142,nan,,cache-references:u,cache-references,0.0,100.0,nan,,ok
7462.73142,nan,,cache-misses:u,cache-misses,0.0,100.0,nan,,ok
7462.73142,nan,,stalled-cycles-frontend:u,stalled-cycles-frontend,0.0,100.0,nan,,ok
7473.429291,nan,,instructions:u,instructions,0.0,100.0,nan,,ok
7473.429291,nan,,cycles:u,cycles,0.0,100.0,nan,,ok
7473.429291,nan,,branches:u,branches,0.0,100.0,nan,,ok
7473.429291,nan,,branch-misses:u,branch-misses,0.0,100.0,nan,,ok
7473.429291,nan,,L1-dcache-loads:u,l1-dcache-loads,0.0,100.0,nan,,ok
7473.429291,nan,,cache-references:u,cache-references,0.0,100.0,nan,,ok
7473.429291,nan,,cache-misses:u,cache-misses,0.0,100.0,nan,,ok
7473.429291,nan,,stalled-cycles-frontend:u,stalled-cycles-frontend,0.0,100.0,nan,,ok
7484.096828000001,nan,,instructions:u,instructions,0.0,100.0,nan,,ok
7484.096828000001,nan,,cycles:u,cycles,0.0,100.0,nan,,ok
7484.096828000001,nan,,branches:u,branches,0.0,100.0,nan,,ok
7484.096828000001,nan,,branch-misses:u,branch-misses,0.0,100.0,nan,,ok
7484.096828000001,nan,,L1-dcache-loads:u,l1-dcache-loads,0.0,100.0,nan,,ok
7484.096828000001,nan,,cache-references:u,cache-references,0.0,100.0,nan,,ok
7484.096828000001,nan,,cache-misses:u,cache-misses,0.0,100.0,nan,,ok
7484.096828000001,nan,,stalled-cycles-frontend:u,stalled-cycles-frontend,0.0,100.0,nan,,ok
7494.803303000001,0.0,,instructions:u,instructions,2987906.0,97.0,nan,,ok
7494.803303000001,0.0,,cycles:u,cycles,2129063.0,68.0,nan,,ok
7494.803303000001,0.0,,branches:u,branches,2166011.0,68.0,nan,,ok
7494.803303000001,0.0,,branch-misses:u,branch-misses,2192277.0,68.0,nan,,ok
7494.803303000001,0.0,,L1-dcache-loads:u,l1-dcache-loads,1231972.0,38.0,nan,,ok
7494.803303000001,0.0,,cache-references:u,cache-references,263361.0,8.0,nan,,ok
7494.803303000001,0.0,,cache-misses:u,cache-misses,997661.0,30.0,nan,,ok
7494.803303000001,0.0,,stalled-cycles-frontend:u,stalled-cycles-frontend,1988720.0,60.0,nan,,ok
7505.609574,nan,,instructions:u,instructions,0.0,0.0,nan,,ok
7505.609574,0.0,,cycles:u,cycles,861177.0,36.0,nan,,ok
7505.609574,0.0,,branches:u,branches,1826483.0,78.0,nan,,ok
7505.609574,0.0,,branch-misses:u,branch-misses,2291323.0,100.0,nan,,ok
7505.609574,0.0,,L1-dcache-loads:u,l1-dcache-loads,2260569.0,100.0,nan,,ok
7505.609574,0.0,,cache-references:u,cache-references,2229994.0,100.0,nan,,ok
7505.609574,0.0,,cache-misses:u,cache-misses,1493360.0,67.0,nan,,ok
7505.609574,nan,,stalled-cycles-frontend:u,stalled-cycles-frontend,0.0,0.0,nan,,ok
7516.33086,nan,,instructions:u,instructions,0.0,100.0,nan,,ok
7516.33086,nan,,cycles:u,cycles,0.0,100.0,nan,,ok
7516.33086,nan,,branches:u,branches,0.0,100.0,nan,,ok
7516.33086,nan,,branch-misses:u,branch-misses,0.0,100.0,nan,,ok
7516.33086,nan,,L1-dcache-loads:u,l1-dcache-loads,0.0,100.0,nan,,ok
7516.33086,nan,,cache-references:u,cache-references,0.0,100.0,nan,,ok
7516.33086,nan,,cache-misses:u,cache-misses,0.0,100.0,nan,,ok
7516.33086,nan,,stalled-cycles-frontend:u,stalled-cycles-frontend,0.0,100.0,nan,,ok
7527.0145729999995,nan,,instructions:u,instructions,0.0,100.0,nan,,ok
7527.0145729999995,nan,,cycles:u,cycles,0.0,100.0,nan,,ok
7527.0145729999995,nan,,branches:u,branches,0.0,100.0,nan,,ok
7527.0145729999995,nan,,branch-misses:u,branch-misses,0.0,100.0,nan,,ok
7527.0145729999995,nan,,L1-dcache-loads:u,l1-dcache-loads,0.0,100.0,nan,,ok
7527.0145729999995,nan,,cache-references:u,cache-references,0.0,100.0,nan,,ok
7527.0145729999995,nan,,cache-misses:u,cache-misses,0.0,100.0,nan,,ok
7527.0145729999995,nan,,stalled-cycles-frontend:u,stalled-cycles-frontend,0.0,100.0,nan,,ok
7537.689591,nan,,instructions:u,instructions,0.0,100.0,nan,,ok
7537.689591,nan,,cycles:u,cycles,0.0,100.0,nan,,ok
7537.689591,nan,,branches:u,branches,0.0,100.0,nan,,ok
7537.689591,nan,,branch-misses:u,branch-misses,0.0,100.0,nan,,ok
7537.689591,nan,,L1-dcache-loads:u,l1-dcache-loads,0.0,100.0,nan,,ok
7537.689591,nan,,cache-references:u,cache-references,0.0,100.0,nan,,ok
7537.689591,nan,,cache-misses:u,cache-misses,0.0,100.0,nan,,ok
7537.689591,nan,,stalled-cycles-frontend:u,stalled-cycles-frontend,0.0,100.0,nan,,ok
7548.440153,nan,,instructions:u,instructions,0.0,100.0,nan,,ok
7548.440153,nan,,cycles:u,cycles,0.0,100.0,nan,,ok
7548.440153,nan,,branches:u,branches,0.0,100.0,nan,,ok
7548.440153,nan,,branch-misses:u,branch-misses,0.0,100.0,nan,,ok
7548.440153,nan,,L1-dcache-loads:u,l1-dcache-loads,0.0,100.0,nan,,ok
7548.440153,nan,,cache-references:u,cache-references,0.0,100.0,nan,,ok
7548.440153,nan,,cache-misses:u,cache-misses,0.0,100.0,nan,,ok
7548.440153,nan,,stalled-cycles-frontend:u,stalled-cycles-frontend,0.0,100.0,nan,,ok
7559.088657,0.0,,instructions:u,instructions,370212.0,11.0,nan,,ok
7559.088657,nan,,cycles:u,cycles,0.0,0.0,nan,,ok
7559.088657,nan,,branches:u,branches,0.0,0.0,nan,,ok
7559.088657,0.0,,branch-misses:u,branch-misses,970967.0,28.0,nan,,ok
7559.088657,0.0,,L1-dcache-loads:u,l1-dcache-loads,1969055.0,57.0,nan,,ok
7559.088657,0.0,,cache-references:u,cache-references,2970769.0,87.0,nan,,ok
7559.088657,0.0,,cache-misses:u,cache-misses,3425701.0,100.0,nan,,ok
7559.088657,0.0,,stalled-cycles-frontend:u,stalled-cycles-frontend,472041.0,13.0,nan,,ok
7569.789433000001,0.0,,instructions:u,instructions,2623128.0,65.0,nan,,ok
7569.789433000001,0.0,,cycles:u,cycles,2996063.0,74.0,nan,,ok
7569.789433000001,0.0,,branches:u,branches,3401051.0,85.0,nan,,ok
7569.789433000001,0.0,,branch-misses:u,branch-misses,3401051.0,85.0,nan,,ok
7569.789433000001,0.0,,L1-dcache-loads:u,l1-dcache-loads,2401344.0,60.0,nan,,ok
7569.789433000001,0.0,,cache-references:u,cache-references,1402143.0,35.0,nan,,ok
7569.789433000001,0.0,,cache-misses:u,cache-misses,944488.0,23.0,nan,,ok
7569.789433000001,0.0,,stalled-cycles-frontend:u,stalled-cycles-frontend,1522098.0,38.0,nan,,ok
7580.53594,nan,,instructions:u,instructions,0.0,100.0,nan,,ok
7580.53594,nan,,cycles:u,cycles,0.0,100.0,nan,,ok
7580.53594,nan,,branches:u,branches,0.0,100.0,nan,,ok
7580.53594,nan,,branch-misses:u,branch-misses,0.0,100.0,nan,,ok
7580.53594,nan,,L1-dcache-loads:u,l1-dcache-loads,0.0,100.0,nan,,ok
7580.53594,nan,,cache-references:u,cache-references,0.0,100.0,nan,,ok
7580.53594,nan,,cache-misses:u,cache-misses,0.0,100.0,nan,,ok
7580.53594,nan,,stalled-cycles-frontend:u,stalled-cycles-frontend,0.0,100.0,nan,,ok
7591.298272999999,nan,,instructions:u,instructions,0.0,100.0,nan,,ok
7591.298272999999,nan,,cycles:u,cycles,0.0,100.0,nan,,ok
7591.298272999999,nan,,branches:u,branches,0.0,100.0,nan,,ok
7591.298272999999,nan,,branch-misses:u,branch-misses,0.0,100.0,nan,,ok
7591.298272999999,nan,,L1-dcache-loads:u,l1-dcache-loads,0.0,100.0,nan,,ok
7591.298272999999,nan,,cache-references:u,cache-references,0.0,100.0,nan,,ok
7591.298272999999,nan,,cache-misses:u,cache-misses,0.0,100.0,nan,,ok
7591.298272999999,nan,,stalled-cycles-frontend:u,stalled-cycles-frontend,0.0,100.0,nan,,ok
7602.047035,nan,,instructions:u,instructions,0.0,100.0,nan,,ok
7602.047035,nan,,cycles:u,cycles,0.0,100.0,nan,,ok
7602.047035,nan,,branches:u,branches,0.0,100.0,nan,,ok
7602.047035,nan,,branch-misses:u,branch-misses,0.0,100.0,nan,,ok
7602.047035,nan,,L1-dcache-loads:u,l1-dcache-loads,0.0,100.0,nan,,ok
7602.047035,nan,,cache-references:u,cache-references,0.0,100.0,nan,,ok
7602.047035,nan,,cache-misses:u,cache-misses,0.0,100.0,nan,,ok
7602.047035,nan,,stalled-cycles-frontend:u,stalled-cycles-frontend,0.0,100.0,nan,,ok
7612.717599,nan,,instructions:u,instructions,0.0,100.0,nan,,ok
7612.717599,nan,,cycles:u,cycles,0.0,100.0,nan,,ok
7612.717599,nan,,branches:u,branches,0.0,100.0,nan,,ok
7612.717599,nan,,branch-misses:u,branch-misses,0.0,100.0,nan,,ok
7612.717599,nan,,L1-dcache-loads:u,l1-dcache-loads,0.0,100.0,nan,,ok
7612.717599,nan,,cache-references:u,cache-references,0.0,100.0,nan,,ok
7612.717599,nan,,cache-misses:u,cache-misses,0.0,100.0,nan,,ok
7612.717599,nan,,stalled-cycles-frontend:u,stalled-cycles-frontend,0.0,100.0,nan,,ok
7623.432862,nan,,instructions:u,instructions,0.0,100.0,nan,,ok
7623.432862,nan,,cycles:u,cycles,0.0,100.0,nan,,ok
7623.432862,nan,,branches:u,branches,0.0,100.0,nan,,ok
7623.432862,nan,,branch-misses:u,branch-misses,0.0,100.0,nan,,ok
7623.432862,nan,,L1-dcache-loads:u,l1-dcache-loads,0.0,100.0,nan,,ok
7623.432862,nan,,cache-references:u,cache-references,0.0,100.0,nan,,ok
7623.432862,nan,,cache-misses:u,cache-misses,0.0,100.0,nan,,ok
7623.432862,nan,,stalled-cycles-frontend:u,stalled-cycles-frontend,0.0,100.0,nan,,ok
7634.198272,nan,,instructions:u,instructions,0.0,100.0,nan,,ok
7634.198272,nan,,cycles:u,cycles,0.0,100.0,nan,,ok
7634.198272,nan,,branches:u,branches,0.0,100.0,nan,,ok
7634.198272,nan,,branch-misses:u,branch-misses,0.0,100.0,nan,,ok
7634.198272,nan,,L1-dcache-loads:u,l1-dcache-loads,0.0,100.0,nan,,ok
7634.198272,nan,,cache-references:u,cache-references,0.0,100.0,nan,,ok
7634.198272,nan,,cache-misses:u,cache-misses,0.0,100.0,nan,,ok
7634.198272,nan,,stalled-cycles-frontend:u,stalled-cycles-frontend,0.0,100.0,nan,,ok
7644.9273570000005,nan,,instructions:u,instructions,0.0,100.0,nan,,ok
7644.9273570000005,nan,,cycles:u,cycles,0.0,100.0,nan,,ok
7644.9273570000005,nan,,branches:u,branches,0.0,100.0,nan,,ok
7644.9273570000005,nan,,branch-misses:u,branch-misses,0.0,100.0,nan,,ok
7644.9273570000005,nan,,L1-dcache-loads:u,l1-dcache-loads,0.0,100.0,nan,,ok
7644.9273570000005,nan,,cache-references:u,cache-references,0.0,100.0,nan,,ok
7644.9273570000005,nan,,cache-misses:u,cache-misses,0.0,100.0,nan,,ok
7644.9273570000005,nan,,stalled-cycles-frontend:u,stalled-cycles-frontend,0.0,100.0,nan,,ok
7655.807860000001,nan,,instructions:u,instructions,0.0,100.0,nan,,ok
7655.807860000001,nan,,cycles:u,cycles,0.0,100.0,nan,,ok
7655.807860000001,nan,,branches:u,branches,0.0,100.0,nan,,ok
7655.807860000001,nan,,branch-misses:u,branch-misses,0.0,100.0,nan,,ok
7655.807860000001,nan,,L1-dcache-loads:u,l1-dcache-loads,0.0,100.0,nan,,ok
7655.807860000001,nan,,cache-references:u,cache-references,0.0,100.0,nan,,ok
7655.807860000001,nan,,cache-misses:u,cache-misses,0.0,100.0,nan,,ok
7655.807860000001,nan,,stalled-cycles-frontend:u,stalled-cycles-frontend,0.0,100.0,nan,,ok
7666.536926,0.0,,instructions:u,instructions,1190178.0,23.0,nan,,ok
7666.536926,0.0,,cycles:u,cycles,181860.0,3.0,nan,,ok
7666.536926,0.0,,branches:u,branches,1173471.0,22.0,nan,,ok
7666.536926,0.0,,branch-misses:u,branch-misses,2152480.0,41.0,nan,,ok
7666.536926,0.0,,L1-dcache-loads:u,l1-dcache-loads,2975289.0,57.0,nan,,ok
7666.536926,0.0,,cache-references:u,cache-references,3968946.0,76.0,nan,,ok
7666.536926,0.0,,cache-misses:u,cache-misses,4977264.0,96.0,nan,,ok
7666.536926,0.0,,stalled-cycles-frontend:u,stalled-cycles-frontend,1190178.0,23.0,nan,,ok
7677.305877,nan,,instructions:u,instructions,0.0,100.0,nan,,ok
7677.305877,nan,,cycles:u,cycles,0.0,100.0,nan,,ok
7677.305877,nan,,branches:u,branches,0.0,100.0,nan,,ok
7677.305877,nan,,branch-misses:u,branch-misses,0.0,100.0,nan,,ok
7677.305877,nan,,L1-dcache-loads:u,l1-dcache-loads,0.0,100.0,nan,,ok
7677.305877,nan,,cache-references:u,cache-references,0.0,100.0,nan,,ok
7677.305877,nan,,cache-misses:u,cache-misses,0.0,100.0,nan,,ok
7677.305877,nan,,stalled-cycles-frontend:u,stalled-cycles-frontend,0.0,100.0,nan,,ok
7687.976339000001,nan,,instructions:u,instructions,0.0,100.0,nan,,ok
7687.976339000001,nan,,cycles:u,cycles,0.0,100.0,nan,,ok
7687.976339000001,nan,,branches:u,branches,0.0,100.0,nan,,ok
7687.976339000001,nan,,branch-misses:u,branch-misses,0.0,100.0,nan,,ok
7687.976339000001,nan,,L1-dcache-loads:u,l1-dcache-loads,0.0,100.0,nan,,ok
7687.976339000001,nan,,cache-references:u,cache-references,0.0,100.0,nan,,ok
7687.976339000001,nan,,cache-misses:u,cache-misses,0.0,100.0,nan,,ok
7687.976339000001,nan,,stalled-cycles-frontend:u,stalled-cycles-frontend,0.0,100.0,nan,,ok
7698.632152,nan,,instructions:u,instructions,0.0,100.0,nan,,ok
7698.632152,nan,,cycles:u,cycles,0.0,100.0,nan,,ok
7698.632152,nan,,branches:u,branches,0.0,100.0,nan,,ok
7698.632152,nan,,branch-misses:u,branch-misses,0.0,100.0,nan,,ok
7698.632152,nan,,L1-dcache-loads:u,l1-dcache-loads,0.0,100.0,nan,,ok
7698.632152,nan,,cache-references:u,cache-references,0.0,100.0,nan,,ok
7698.632152,nan,,cache-misses:u,cache-misses,0.0,100.0,nan,,ok
7698.632152,nan,,stalled-cycles-frontend:u,stalled-cycles-frontend,0.0,100.0,nan,,ok
7709.362397,nan,,instructions:u,instructions,0.0,100.0,nan,,ok
7709.362397,nan,,cycles:u,cycles,0.0,100.0,nan,,ok
7709.362397,nan,,branches:u,branches,0.0,100.0,nan,,ok
7709.362397,nan,,branch-misses:u,branch-misses,0.0,100.0,nan,,ok
7709.362397,nan,,L1-dcache-loads:u,l1-dcache-loads,0.0,100.0,nan,,ok
7709.362397,nan,,cache-references:u,cache-references,0.0,100.0,nan,,ok
7709.362397,nan,,cache-misses:u,cache-misses,0.0,100.0,nan,,ok
7709.362397,nan,,stalled-cycles-frontend:u,stalled-cycles-frontend,0.0,100.0,nan,,ok
7720.1179059999995,nan,,instructions:u,instructions,0.0,100.0,nan,,ok
7720.1179059999995,nan,,cycles:u,cycles,0.0,100.0,nan,,ok
7720.1179059999995,nan,,branches:u,branches,0.0,100.0,nan,,ok
7720.1179059999995,nan,,branch-misses:u,branch-misses,0.0,100.0,nan,,ok
7720.1179059999995,nan,,L1-dcache-loads:u,l1-dcache-loads,0.0,100.0,nan,,ok
7720.1179059999995,nan,,cache-references:u,cache-references,0.0,100.0,nan,,ok
7720.1179059999995,nan,,cache-misses:u,cache-misses,0.0,100.0,nan,,ok
7720.1179059999995,nan,,stalled-cycles-frontend:u,stalled-cycles-frontend,0.0,100.0,nan,,ok
7730.781927,0.0,,instructions:u,instructions,1638895.0,28.0,nan,,ok
7730.781927,0.0,,cycles:u,cycles,2635588.0,46.0,nan,,ok
7730.781927,0.0,,branches:u,branches,3634129.0,63.0,nan,,ok
7730.781927,0.0,,branch-misses:u,branch-misses,4635325.0,80.0,nan,,ok
7730.781927,0.0,,L1-dcache-loads:u,l1-dcache-loads,4990349.0,86.0,nan,,ok
7730.781927,0.0,,cache-references:u,cache-references,4139056.0,71.0,nan,,ok
7730.781927,0.0,,cache-misses:u,cache-misses,3164069.0,54.0,nan,,ok
7730.781927,0.0,,stalled-cycles-frontend:u,stalled-cycles-frontend,647250.0,11.0,nan,,ok
7741.474998000001,0.0,,instructions:u,instructions,3001465.0,74.0,nan,,ok
7741.474998000001,0.0,,cycles:u,cycles,2098543.0,52.0,nan,,ok
7741.474998000001,0.0,,branches:u,branches,2098543.0,52.0,nan,,ok
7741.474998000001,0.0,,branch-misses:u,branch-misses,2098543.0,52.0,nan,,ok
7741.474998000001,0.0,,L1-dcache-loads:u,l1-dcache-loads,1099881.0,27.0,nan,,ok
7741.474998000001,0.0,,cache-references:u,cache-references,952613.0,24.0,nan,,ok
7741.474998000001,0.0,,cache-misses:u,cache-misses,1833829.0,46.0,nan,,ok
7741.474998000001,0.0,,stalled-cycles-frontend:u,stalled-cycles-frontend,1996897.0,50.0,nan,,ok
7752.176651,nan,,instructions:u,instructions,0.0,100.0,nan,,ok
7752.176651,nan,,cycles:u,cycles,0.0,100.0,nan,,ok
7752.176651,nan,,branches:u,branches,0.0,100.0,nan,,ok
7752.176651,nan,,branch-misses:u,branch-misses,0.0,100.0,nan,,ok
7752.176651,nan,,L1-dcache-loads:u,l1-dcache-loads,0.0,100.0,nan,,ok
7752.176651,nan,,cache-references:u,cache-references,0.0,100.0,nan,,ok
7752.176651,nan,,cache-misses:u,cache-misses,0.0,100.0,nan,,ok
7752.176651,nan,,stalled-cycles-frontend:u,stalled-cycles-frontend,0.0,100.0,nan,,ok
7762.789061,nan,,instructions:u,instructions,0.0,100.0,nan,,ok
7762.789061,nan,,cycles:u,cycles,0.0,100.0,nan,,ok
7762.789061,nan,,branches:u,branches,0.0,100.0,nan,,ok
7762.789061,nan,,branch-misses:u,branch-misses,0.0,100.0,nan,,ok
7762.789061,nan,,L1-dcache-loads:u,l1-dcache-loads,0.0,100.0,nan,,ok
7762.789061,nan,,cache-references:u,cache-references,0.0,100.0,nan,,ok
7762.789061,nan,,cache-misses:u,cache-misses,0.0,100.0,nan,,ok
7762.789061,nan,,stalled-cycles-frontend:u,stalled-cycles-frontend,0.0,100.0,nan,,ok
7773.421165000001,nan,,instructions:u,instructions,0.0,100.0,nan,,ok
7773.421165000001,nan,,cycles:u,cycles,0.0,100.0,nan,,ok
7773.421165000001,nan,,branches:u,branches,0.0,100.0,nan,,ok
7773.421165000001,nan,,branch-misses:u,branch-misses,0.0,100.0,nan,,ok
7773.421165000001,nan,,L1-dcache-loads:u,l1-dcache-loads,0.0,100.0,nan,,ok
7773.421165000001,nan,,cache-references:u,cache-references,0.0,100.0,nan,,ok
7773.421165000001,nan,,cache-misses:u,cache-misses,0.0,100.0,nan,,ok
7773.421165000001,nan,,stalled-cycles-frontend:u,stalled-cycles-frontend,0.0,100.0,nan,,ok
7784.102091000001,0.0,,instructions:u,instructions,2196249.0,27.0,nan,,ok
7784.102091000001,0.0,,cycles:u,cycles,2175278.0,27.0,nan,,ok
7784.102091000001,0.0,,branches:u,branches,3171517.0,40.0,nan,,ok
7784.102091000001,0.0,,branch-misses:u,branch-misses,4882054.0,61.0,nan,,ok
7784.102091000001,0.0,,L1-dcache-loads:u,l1-dcache-loads,4871395.0,61.0,nan,,ok
7784.102091000001,0.0,,cache-references:u,cache-references,5684000.0,72.0,nan,,ok
7784.102091000001,0.0,,cache-misses:u,cache-misses,5704971.0,72.0,nan,,ok
7784.102091000001,0.0,,stalled-cycles-frontend:u,stalled-cycles-frontend,2009501.0,25.0,nan,,ok
7794.796824999999,nan,,instructions:u,instructions,0.0,100.0,nan,,ok
7794.796824999999,nan,,cycles:u,cycles,0.0,100.0,nan,,ok
7794.796824999999,nan,,branches:u,branches,0.0,100.0,nan,,ok
7794.796824999999,nan,,branch-misses:u,branch-misses,0.0,100.0,nan,,ok
7794.796824999999,nan,,L1-dcache-loads:u,l1-dcache-loads,0.0,100.0,nan,,ok
7794.796824999999,nan,,cache-references:u,cache-references,0.0,100.0,nan,,ok
7794.796824999999,nan,,cache-misses:u,cache-misses,0.0,100.0,nan,,ok
7794.796824999999,nan,,stalled-cycles-frontend:u,stalled-cycles-frontend,0.0,100.0,nan,,ok
7805.486561999999,nan,,instructions:u,instructions,0.0,100.0,nan,,ok
7805.486561999999,nan,,cycles:u,cycles,0.0,100.0,nan,,ok
7805.486561999999,nan,,branches:u,branches,0.0,100.0,nan,,ok
7805.486561999999,nan,,branch-misses:u,branch-misses,0.0,100.0,nan,,ok
7805.486561999999,nan,,L1-dcache-loads:u,l1-dcache-loads,0.0,100.0,nan,,ok
7805.486561999999,nan,,cache-references:u,cache-references,0.0,100.0,nan,,ok
7805.486561999999,nan,,cache-misses:u,cache-misses,0.0,100.0,nan,,ok
7805.486561999999,nan,,stalled-cycles-frontend:u,stalled-cycles-frontend,0.0,100.0,nan,,ok
7816.20026,nan,,instructions:u,instructions,0.0,100.0,nan,,ok
7816.20026,nan,,cycles:u,cycles,0.0,100.0,nan,,ok
7816.20026,nan,,branches:u,branches,0.0,100.0,nan,,ok
7816.20026,nan,,branch-misses:u,branch-misses,0.0,100.0,nan,,ok
7816.20026,nan,,L1-dcache-loads:u,l1-dcache-loads,0.0,100.0,nan,,ok
7816.20026,nan,,cache-references:u,cache-references,0.0,100.0,nan,,ok
7816.20026,nan,,cache-misses:u,cache-misses,0.0,100.0,nan,,ok
7816.20026,nan,,stalled-cycles-frontend:u,stalled-cycles-frontend,0.0,100.0,nan,,ok
7826.857169,nan,,instructions:u,instructions,0.0,100.0,nan,,ok
7826.857169,nan,,cycles:u,cycles,0.0,100.0,nan,,ok
7826.857169,nan,,branches:u,branches,0.0,100.0,nan,,ok
7826.857169,nan,,branch-misses:u,branch-misses,0.0,100.0,nan,,ok
7826.857169,nan,,L1-dcache-loads:u,l1-dcache-loads,0.0,100.0,nan,,ok
7826.857169,nan,,cache-references:u,cache-references,0.0,100.0,nan,,ok
7826.857169,nan,,cache-misses:u,cache-misses,0.0,100.0,nan,,ok
7826.857169,nan,,stalled-cycles-frontend:u,stalled-cycles-frontend,0.0,100.0,nan,,ok
7837.6120120000005,0.0,,instructions:u,instructions,993019.0,17.0,nan,,ok
7837.6120120000005,0.0,,cycles:u,cycles,1991226.0,33.0,nan,,ok
7837.6120120000005,0.0,,branches:u,branches,2994919.0,51.0,nan,,ok
7837.6120120000005,0.0,,branch-misses:u,branch-misses,3949829.0,67.0,nan,,ok
7837.6120120000005,0.0,,L1-dcache-loads:u,l1-dcache-loads,4952187.0,84.0,nan,,ok
7837.6120120000005,0.0,,cache-references:u,cache-references,4951728.0,83.0,nan,,ok
7837.6120120000005,0.0,,cache-misses:u,cache-misses,4017114.0,66.0,nan,,ok
7837.6120120000005,0.0,,stalled-cycles-frontend:u,stalled-cycles-frontend,83986.0,1.0,nan,,ok
7848.402323,0.0,,instructions:u,instructions,5604023.0,52.0,nan,,ok
7848.402323,0.0,,cycles:u,cycles,4641573.0,43.0,nan,,ok
7848.402323,0.0,,branches:u,branches,5619242.0,52.0,nan,,ok
7848.402323,0.0,,branch-misses:u,branch-misses,6644427.0,62.0,nan,,ok
7848.402323,0.0,,L1-dcache-loads:u,l1-dcache-loads,5743682.0,53.0,nan,,ok
7848.402323,0.0,,cache-references:u,cache-references,4972298.0,46.0,nan,,ok
7848.402323,0.0,,cache-misses:u,cache-misses,5899181.0,55.0,nan,,ok
7848.402323,0.0,,stalled-cycles-frontend:u,stalled-cycles-frontend,3833320.0,36.0,nan,,ok
7859.261686,0.0,,instructions:u,instructions,3299109.0,31.0,nan,,ok
7859.261686,0.0,,cycles:u,cycles,4280414.0,40.0,nan,,ok
7859.261686,0.0,,branches:u,branches,6256381.0,59.0,nan,,ok
7859.261686,0.0,,branch-misses:u,branch-misses,7782786.0,74.0,nan,,ok
7859.261686,0.0,,L1-dcache-loads:u,l1-dcache-loads,7544434.0,71.0,nan,,ok
7859.261686,0.0,,cache-references:u,cache-references,7340576.0,69.0,nan,,ok
7859.261686,0.0,,cache-misses:u,cache-misses,6353087.0,60.0,nan,,ok
7859.261686,0.0,,stalled-cycles-frontend:u,stalled-cycles-frontend,2001300.0,18.0,nan,,ok
7870.113294000001,0.0,,instructions:u,instructions,3412526.0,31.0,nan,,ok
7870.113294000001,0.0,,cycles:u,cycles,3005081.0,27.0,nan,,ok
7870.113294000001,0.0,,branches:u,branches,4008747.0,36.0,nan,,ok
7870.113294000001,0.0,,branch-misses:u,branch-misses,5414916.0,49.0,nan,,ok
7870.113294000001,0.0,,L1-dcache-loads:u,l1-dcache-loads,6335551.0,58.0,nan,,ok
7870.113294000001,0.0,,cache-references:u,cache-references,7313192.0,67.0,nan,,ok
7870.113294000001,0.0,,cache-misses:u,cache-misses,7778810.0,72.0,nan,,ok
7870.113294000001,0.0,,stalled-cycles-frontend:u,stalled-cycles-frontend,2512737.0,23.0,nan,,ok
7880.798955,0.0,,instructions:u,instructions,5307816.0,51.0,nan,,ok
7880.798955,0.0,,cycles:u,cycles,4857033.0,46.0,nan,,ok
7880.798955,0.0,,branches:u,branches,5885396.0,56.0,nan,,ok
7880.798955,0.0,,branch-misses:u,branch-misses,6909506.0,66.0,nan,,ok
7880.798955,0.0,,L1-dcache-loads:u,l1-dcache-loads,6222843.0,59.0,nan,,ok
7880.798955,0.0,,cache-references:u,cache-references,5245564.0,50.0,nan,,ok
7880.798955,0.0,,cache-misses:u,cache-misses,5511898.0,52.0,nan,,ok
7880.798955,0.0,,stalled-cycles-frontend:u,stalled-cycles-frontend,3212334.0,30.0,nan,,ok
7891.732189,0.0,,instructions:u,instructions,3009257.0,27.0,nan,,ok
7891.732189,0.0,,cycles:u,cycles,3866406.0,35.0,nan,,ok
7891.732189,0.0,,branches:u,branches,5841097.0,53.0,nan,,ok
7891.732189,0.0,,branch-misses:u,branch-misses,7812767.0,71.0,nan,,ok
7891.732189,0.0,,L1-dcache-loads:u,l1-dcache-loads,7890801.0,72.0,nan,,ok
7891.732189,0.0,,cache-references:u,cache-references,7873463.0,72.0,nan,,ok
7891.732189,0.0,,cache-misses:u,cache-misses,7139667.0,65.0,nan,,ok
7891.732189,0.0,,stalled-cycles-frontend:u,stalled-cycles-frontend,2007688.0,18.0,nan,,ok
7902.489438,0.0,,instructions:u,instructions,3799882.0,35.0,nan,,ok
7902.489438,0.0,,cycles:u,cycles,3001735.0,27.0,nan,,ok
7902.489438,0.0,,branches:u,branches,3998880.0,37.0,nan,,ok
7902.489438,0.0,,branch-misses:u,branch-misses,5003701.0,46.0,nan,,ok
7902.489438,0.0,,L1-dcache-loads:u,l1-dcache-loads,5895634.0,54.0,nan,,ok
7902.489438,0.0,,cache-references:u,cache-references,6874613.0,63.0,nan,,ok
7902.489438,0.0,,cache-misses:u,cache-misses,7776500.0,72.0,nan,,ok
7902.489438,0.0,,stalled-cycles-frontend:u,stalled-cycles-frontend,2969016.0,27.0,nan,,ok
7913.325051,0.0,,instructions:u,instructions,5118627.0,48.0,nan,,ok
7913.325051,0.0,,cycles:u,cycles,5475913.0,52.0,nan,,ok
7913.325051,0.0,,branches:u,branches,6290247.0,59.0,nan,,ok
7913.325051,0.0,,branch-misses:u,branch-misses,7339956.0,69.0,nan,,ok
7913.325051,0.0,,L1-dcache-loads:u,l1-dcache-loads,6547010.0,61.0,nan,,ok
7913.325051,0.0,,cache-references:u,cache-references,5630959.0,52.0,nan,,ok
7913.325051,0.0,,cache-misses:u,cache-misses,4919387.0,46.0,nan,,ok
7913.325051,0.0,,stalled-cycles-frontend:u,stalled-cycles-frontend,2951016.0,27.0,nan,,ok
7924.231873,0.0,,instructions:u,instructions,2994055.0,27.0,nan,,ok
7924.231873,0.0,,cycles:u,cycles,3352108.0,30.0,nan,,ok
7924.231873,0.0,,branches:u,branches,5264410.0,48.0,nan,,ok
7924.231873,0.0,,branch-misses:u,branch-misses,7212914.0,67.0,nan,,ok
7924.231873,0.0,,L1-dcache-loads:u,l1-dcache-loads,7717764.0,71.0,nan,,ok
7924.231873,0.0,,cache-references:u,cache-references,7670742.0,71.0,nan,,ok
7924.231873,0.0,,cache-misses:u,cache-misses,7575889.0,70.0,nan,,ok
7924.231873,0.0,,stalled-cycles-frontend:u,stalled-cycles-frontend,1997015.0,18.0,nan,,ok
7935.043148,2353.0,,instructions:u,instructions,3481666.0,32.0,nan,,ok
7935.043148,nan,,,,nan,nan,360.91,stalled cycles per insn,unknown
7935.043148,0.0,,cycles:u,cycles,2997938.0,27.0,nan,,ok
7935.043148,0.0,,branches:u,branches,5005132.0,46.0,nan,,ok
7935.043148,0.0,,branch-misses:u,branch-misses,6415051.0,58.0,nan,,ok
7935.043148,0.0,,L1-dcache-loads:u,l1-dcache-loads,6533700.0,59.0,nan,,ok
7935.043148,17.0,,cache-references:u,cache-references,7454928.0,68.0,nan,,ok
7935.043148,235.0,,cache-misses:u,cache-misses,7947990.0,72.0,1382.35,of all cache refs,ok
7935.043148,849220.0,,stalled-cycles-frontend:u,stalled-cycles-frontend,2479798.0,22.0,nan,,ok
7945.946126,0.0,,instructions:u,instructions,3000846.0,34.0,nan,,ok
7945.946126,0.0,,cycles:u,cycles,2998683.0,34.0,nan,,ok
7945.946126,0.0,,branches:u,branches,3998293.0,46.0,nan,,ok
7945.946126,0.0,,branch-misses:u,branch-misses,5583554.0,64.0,nan,,ok
7945.946126,0.0,,L1-dcache-loads:u,l1-dcache-loads,5575376.0,65.0,nan,,ok
7945.946126,0.0,,cache-references:u,cache-references,5530212.0,64.0,nan,,ok
7945.946126,0.0,,cache-misses:u,cache-misses,5491468.0,64.0,nan,,ok
7945.946126,0.0,,stalled-cycles-frontend:u,stalled-cycles-frontend,2003259.0,23.0,nan,,ok
7956.671267,0.0,,instructions:u,instructions,3000663.0,53.0,nan,,ok
7956.671267,0.0,,cycles:u,cycles,2607092.0,46.0,nan,,ok
7956.671267,0.0,,branches:u,branches,2607092.0,46.0,nan,,ok
7956.671267,0.0,,branch-misses:u,branch-misses,2607092.0,46.0,nan,,ok
7956.671267,0.0,,L1-dcache-loads:u,l1-dcache-loads,2586237.0,46.0,nan,,ok
7956.671267,0.0,,cache-references:u,cache-references,2585094.0,46.0,nan,,ok
7956.671267,0.0,,cache-misses:u,cache-misses,2978665.0,53.0,nan,,ok
7956.671267,0.0,,stalled-cycles-frontend:u,stalled-cycles-frontend,2006789.0,35.0,nan,,ok
7967.459425999999,nan,,instructions:u,instructions,0.0,100.0,nan,,ok
7967.459425999999,nan,,cycles:u,cycles,0.0,100.0,nan,,ok
7967.459425999999,nan,,branches:u,branches,0.0,100.0,nan,,ok
7967.459425999999,nan,,branch-misses:u,branch-misses,0.0,100.0,nan,,ok
7967.459425999999,nan,,L1-dcache-loads:u,l1-dcache-loads,0.0,100.0,nan,,ok
7967.459425999999,nan,,cache-references:u,cache-references,0.0,100.0,nan,,ok
7967.459425999999,nan,,cache-misses:u,cache-misses,0.0,100.0,nan,,ok
7967.459425999999,nan,,stalled-cycles-frontend:u,stalled-cycles-frontend,0.0,100.0,nan,,ok
7978.229114000001,nan,,instructions:u,instructions,0.0,0.0,nan,,ok
7978.229114000001,0.0,,cycles:u,cycles,1002328.0,22.0,nan,,ok
7978.229114000001,0.0,,branches:u,branches,1994968.0,43.0,nan,,ok
7978.229114000001,0.0,,branch-misses:u,branch-misses,2994026.0,65.0,nan,,ok
7978.229114000001,0.0,,L1-dcache-loads:u,l1-dcache-loads,3999939.0,87.0,nan,,ok
7978.229114000001,0.0,,cache-references:u,cache-references,4552217.0,100.0,nan,,ok
7978.229114000001,0.0,,cache-misses:u,cache-misses,3549889.0,77.0,nan,,ok
7978.229114000001,nan,,stalled-cycles-frontend:u,stalled-cycles-frontend,0.0,0.0,nan,,ok
7989.022265,nan,,instructions:u,instructions,0.0,100.0,nan,,ok
7989.022265,nan,,cycles:u,cycles,0.0,100.0,nan,,ok
7989.022265,nan,,branches:u,branches,0.0,100.0,nan,,ok
7989.022265,nan,,branch-misses:u,branch-misses,0.0,100.0,nan,,ok
7989.022265,nan,,L1-dcache-loads:u,l1-dcache-loads,0.0,100.0,nan,,ok
7989.022265,nan,,cache-references:u,cache-references,0.0,100.0,nan,,ok
7989.022265,nan,,cache-misses:u,cache-misses,0.0,100.0,nan,,ok
7989.022265,nan,,stalled-cycles-frontend:u,stalled-cycles-frontend,0.0,100.0,nan,,ok
7999.638274,nan,,instructions:u,instructions,0.0,100.0,nan,,ok
7999.638274,nan,,cycles:u,cycles,0.0,100.0,nan,,ok
7999.638274,nan,,branches:u,branches,0.0,100.0,nan,,ok
7999.638274,nan,,branch-misses:u,branch-misses,0.0,100.0,nan,,ok
7999.638274,nan,,L1-dcache-loads:u,l1-dcache-loads,0.0,100.0,nan,,ok
7999.638274,nan,,cache-references:u,cache-references,0.0,100.0,nan,,ok
7999.638274,nan,,cache-misses:u,cache-misses,0.0,100.0,nan,,ok
7999.638274,nan,,stalled-cycles-frontend:u,stalled-cycles-frontend,0.0,100.0,nan,,ok
8010.335290000001,nan,,instructions:u,instructions,0.0,100.0,nan,,ok
8010.335290000001,nan,,cycles:u,cycles,0.0,100.0,nan,,ok
8010.335290000001,nan,,branches:u,branches,0.0,100.0,nan,,ok
8010.335290000001,nan,,branch-misses:u,branch-misses,0.0,100.0,nan,,ok
8010.335290000001,nan,,L1-dcache-loads:u,l1-dcache-loads,0.0,100.0,nan,,ok
8010.335290000001,nan,,cache-references:u,cache-references,0.0,100.0,nan,,ok
8010.335290000001,nan,,cache-misses:u,cache-misses,0.0,100.0,nan,,ok
8010.335290000001,nan,,stalled-cycles-frontend:u,stalled-cycles-frontend,0.0,100.0,nan,,ok
8021.016203,nan,,instructions:u,instructions,0.0,100.0,nan,,ok
8021.016203,nan,,cycles:u,cycles,0.0,100.0,nan,,ok
8021.016203,nan,,branches:u,branches,0.0,100.0,nan,,ok
8021.016203,nan,,branch-misses:u,branch-misses,0.0,100.0,nan,,ok
8021.016203,nan,,L1-dcache-loads:u,l1-dcache-loads,0.0,100.0,nan,,ok
8021.016203,nan,,cache-references:u,cache-references,0.0,100.0,nan,,ok
8021.016203,nan,,cache-misses:u,cache-misses,0.0,100.0,nan,,ok
8021.016203,nan,,stalled-cycles-frontend:u,stalled-cycles-frontend,0.0,100.0,nan,,ok
8031.731626999999,nan,,instructions:u,instructions,0.0,100.0,nan,,ok
8031.731626999999,nan,,cycles:u,cycles,0.0,100.0,nan,,ok
8031.731626999999,nan,,branches:u,branches,0.0,100.0,nan,,ok
8031.731626999999,nan,,branch-misses:u,branch-misses,0.0,100.0,nan,,ok
8031.731626999999,nan,,L1-dcache-loads:u,l1-dcache-loads,0.0,100.0,nan,,ok
8031.731626999999,nan,,cache-references:u,cache-references,0.0,100.0,nan,,ok
8031.731626999999,nan,,cache-misses:u,cache-misses,0.0,100.0,nan,,ok
8031.731626999999,nan,,stalled-cycles-frontend:u,stalled-cycles-frontend,0.0,100.0,nan,,ok
8042.609543999999,nan,,instructions:u,instructions,0.0,100.0,nan,,ok
8042.609543999999,nan,,cycles:u,cycles,0.0,100.0,nan,,ok
8042.609543999999,nan,,branches:u,branches,0.0,100.0,nan,,ok
8042.609543999999,nan,,branch-misses:u,branch-misses,0.0,100.0,nan,,ok
8042.609543999999,nan,,L1-dcache-loads:u,l1-dcache-loads,0.0,100.0,nan,,ok
8042.609543999999,nan,,cache-references:u,cache-references,0.0,100.0,nan,,ok
8042.609543999999,nan,,cache-misses:u,cache-misses,0.0,100.0,nan,,ok
8042.609543999999,nan,,stalled-cycles-frontend:u,stalled-cycles-frontend,0.0,100.0,nan,,ok
8053.410478,nan,,instructions:u,instructions,0.0,100.0,nan,,ok
8053.410478,nan,,cycles:u,cycles,0.0,100.0,nan,,ok
8053.410478,nan,,branches:u,branches,0.0,100.0,nan,,ok
8053.410478,nan,,branch-misses:u,branch-misses,0.0,100.0,nan,,ok
8053.410478,nan,,L1-dcache-loads:u,l1-dcache-loads,0.0,100.0,nan,,ok
8053.410478,nan,,cache-references:u,cache-references,0.0,100.0,nan,,ok
8053.410478,nan,,cache-misses:u,cache-misses,0.0,100.0,nan,,ok
8053.410478,nan,,stalled-cycles-frontend:u,stalled-cycles-frontend,0.0,100.0,nan,,ok
8064.149048000001,nan,,instructions:u,instructions,0.0,100.0,nan,,ok
8064.149048000001,nan,,cycles:u,cycles,0.0,100.0,nan,,ok
8064.149048000001,nan,,branches:u,branches,0.0,100.0,nan,,ok
8064.149048000001,nan,,branch-misses:u,branch-misses,0.0,100.0,nan,,ok
8064.149048000001,nan,,L1-dcache-loads:u,l1-dcache-loads,0.0,100.0,nan,,ok
8064.149048000001,nan,,cache-references:u,cache-references,0.0,100.0,nan,,ok
8064.149048000001,nan,,cache-misses:u,cache-misses,0.0,100.0,nan,,ok
8064.149048000001,nan,,stalled-cycles-frontend:u,stalled-cycles-frontend,0.0,100.0,nan,,ok
8074.889244,0.0,,instructions:u,instructions,3004879.0,54.0,nan,,ok
8074.889244,0.0,,cycles:u,cycles,3004177.0,54.0,nan,,ok
8074.889244,0.0,,branches:u,branches,3505376.0,63.0,nan,,ok
8074.889244,0.0,,branch-misses:u,branch-misses,3505376.0,63.0,nan,,ok
8074.889244,0.0,,L1-dcache-loads:u,l1-dcache-loads,2503148.0,45.0,nan,,ok
8074.889244,0.0,,cache-references:u,cache-references,2483032.0,45.0,nan,,ok
8074.889244,0.0,,cache-misses:u,cache-misses,2483734.0,45.0,nan,,ok
8074.889244,0.0,,stalled-cycles-frontend:u,stalled-cycles-frontend,2002659.0,36.0,nan,,ok
8085.632833,nan,,instructions:u,instructions,0.0,100.0,nan,,ok
8085.632833,nan,,cycles:u,cycles,0.0,100.0,nan,,ok
8085.632833,nan,,branches:u,branches,0.0,100.0,nan,,ok
8085.632833,nan,,branch-misses:u,branch-misses,0.0,100.0,nan,,ok
8085.632833,nan,,L1-dcache-loads:u,l1-dcache-loads,0.0,100.0,nan,,ok
8085.632833,nan,,cache-references:u,cache-references,0.0,100.0,nan,,ok
8085.632833,nan,,cache-misses:u,cache-misses,0.0,100.0,nan,,ok
8085.632833,nan,,stalled-cycles-frontend:u,stalled-cycles-frontend,0.0,100.0,nan,,ok
8096.403509,nan,,instructions:u,instructions,0.0,100.0,nan,,ok
8096.403509,nan,,cycles:u,cycles,0.0,100.0,nan,,ok
8096.403509,nan,,branches:u,branches,0.0,100.0,nan,,ok
8096.403509,nan,,branch-misses:u,branch-misses,0.0,100.0,nan,,ok
8096.403509,nan,,L1-dcache-loads:u,l1-dcache-loads,0.0,100.0,nan,,ok
8096.403509,nan,,cache-references:u,cache-references,0.0,100.0,nan,,ok
8096.403509,nan,,cache-misses:u,cache-misses,0.0,100.0,nan,,ok
8096.403509,nan,,stalled-cycles-frontend:u,stalled-cycles-frontend,0.0,100.0,nan,,ok
8107.1447370000005,nan,,instructions:u,instructions,0.0,100.0,nan,,ok
8107.1447370000005,nan,,cycles:u,cycles,0.0,100.0,nan,,ok
8107.1447370000005,nan,,branches:u,branches,0.0,100.0,nan,,ok
8107.1447370000005,nan,,branch-misses:u,branch-misses,0.0,100.0,nan,,ok
8107.1447370000005,nan,,L1-dcache-loads:u,l1-dcache-loads,0.0,100.0,nan,,ok
8107.1447370000005,nan,,cache-references:u,cache-references,0.0,100.0,nan,,ok
8107.1447370000005,nan,,cache-misses:u,cache-misses,0.0,100.0,nan,,ok
8107.1447370000005,nan,,stalled-cycles-frontend:u,stalled-cycles-frontend,0.0,100.0,nan,,ok
8117.797556999999,nan,,instructions:u,instructions,0.0,0.0,nan,,ok
8117.797556999999,nan,,cycles:u,cycles,0.0,0.0,nan,,ok
8117.797556999999,0.0,,branches:u,branches,99938.0,100.0,nan,,ok
8117.797556999999,0.0,,branch-misses:u,branch-misses,132691.0,100.0,nan,,ok
8117.797556999999,0.0,,L1-dcache-loads:u,l1-dcache-loads,169179.0,100.0,nan,,ok
8117.797556999999,0.0,,cache-references:u,cache-references,196704.0,100.0,nan,,ok
8117.797556999999,0.0,,cache-misses:u,cache-misses,226018.0,100.0,nan,,ok
8117.797556999999,nan,,stalled-cycles-frontend:u,stalled-cycles-frontend,0.0,0.0,nan,,ok
8128.625656,0.0,,instructions:u,instructions,2999919.0,42.0,nan,,ok
8128.625656,0.0,,cycles:u,cycles,2224501.0,31.0,nan,,ok
8128.625656,0.0,,branches:u,branches,3110759.0,43.0,nan,,ok
8128.625656,0.0,,branch-misses:u,branch-misses,4076152.0,57.0,nan,,ok
8128.625656,0.0,,L1-dcache-loads:u,l1-dcache-loads,4031744.0,57.0,nan,,ok
8128.625656,0.0,,cache-references:u,cache-references,4005736.0,57.0,nan,,ok
8128.625656,0.0,,cache-misses:u,cache-misses,4751840.0,68.0,nan,,ok
8128.625656,0.0,,stalled-cycles-frontend:u,stalled-cycles-frontend,2000860.0,28.0,nan,,ok
8139.3314120000005,nan,,instructions:u,instructions,0.0,100.0,nan,,ok
8139.3314120000005,nan,,cycles:u,cycles,0.0,100.0,nan,,ok
8139.3314120000005,nan,,branches:u,branches,0.0,100.0,nan,,ok
8139.3314120000005,nan,,branch-misses:u,branch-misses,0.0,100.0,nan,,ok
8139.3314120000005,nan,,L1-dcache-loads:u,l1-dcache-loads,0.0,100.0,nan,,ok
8139.3314120000005,nan,,cache-references:u,cache-references,0.0,100.0,nan,,ok
8139.3314120000005,nan,,cache-misses:u,cache-misses,0.0,100.0,nan,,ok
8139.3314120000005,nan,,stalled-cycles-frontend:u,stalled-cycles-frontend,0.0,100.0,nan,,ok
8150.043863000001,nan,,instructions:u,instructions,0.0,0.0,nan,,ok
8150.043863000001,0.0,,cycles:u,cycles,964042.0,22.0,nan,,ok
8150.043863000001,0.0,,branches:u,branches,1960934.0,45.0,nan,,ok
8150.043863000001,0.0,,branch-misses:u,branch-misses,2959497.0,68.0,nan,,ok
8150.043863000001,0.0,,L1-dcache-loads:u,l1-dcache-loads,3952125.0,90.0,nan,,ok
8150.043863000001,0.0,,cache-references:u,cache-references,4385027.0,100.0,nan,,ok
8150.043863000001,0.0,,cache-misses:u,cache-misses,3442440.0,78.0,nan,,ok
8150.043863000001,nan,,stalled-cycles-frontend:u,stalled-cycles-frontend,0.0,0.0,nan,,ok
8160.802221000001,0.0,,instructions:u,instructions,5091134.0,47.0,nan,,ok
8160.802221000001,0.0,,cycles:u,cycles,4144760.0,38.0,nan,,ok
8160.802221000001,0.0,,branches:u,branches,5168573.0,47.0,nan,,ok
8160.802221000001,0.0,,branch-misses:u,branch-misses,6189131.0,57.0,nan,,ok
8160.802221000001,0.0,,L1-dcache-loads:u,l1-dcache-loads,5205310.0,48.0,nan,,ok
8160.802221000001,0.0,,cache-references:u,cache-references,5577054.0,51.0,nan,,ok
8160.802221000001,0.0,,cache-misses:u,cache-misses,6535413.0,60.0,nan,,ok
8160.802221000001,0.0,,stalled-cycles-frontend:u,stalled-cycles-frontend,3994375.0,37.0,nan,,ok
8171.646174999999,0.0,,instructions:u,instructions,906788.0,40.0,nan,,ok
8171.646174999999,0.0,,cycles:u,cycles,1867009.0,85.0,nan,,ok
8171.646174999999,0.0,,branches:u,branches,2158540.0,100.0,nan,,ok
8171.646174999999,0.0,,branch-misses:u,branch-misses,2132386.0,100.0,nan,,ok
8171.646174999999,0.0,,L1-dcache-loads:u,l1-dcache-loads,2108941.0,100.0,nan,,ok
8171.646174999999,0.0,,cache-references:u,cache-references,1314782.0,62.0,nan,,ok
8171.646174999999,0.0,,cache-misses:u,cache-misses,321121.0,15.0,nan,,ok
8171.646174999999,nan,,stalled-cycles-frontend:u,stalled-cycles-frontend,0.0,0.0,nan,,ok
8182.499149,0.0,,instructions:u,instructions,2796051.0,41.0,nan,,ok
8182.499149,0.0,,cycles:u,cycles,1896345.0,27.0,nan,,ok
8182.499149,0.0,,branches:u,branches,2943896.0,42.0,nan,,ok
8182.499149,0.0,,branch-misses:u,branch-misses,3979946.0,56.0,nan,,ok
8182.499149,0.0,,L1-dcache-loads:u,l1-dcache-loads,4080327.0,57.0,nan,,ok
8182.499149,0.0,,cache-references:u,cache-references,4162297.0,57.0,nan,,ok
8182.499149,0.0,,cache-misses:u,cache-misses,4989273.0,69.0,nan,,ok
8182.499149,0.0,,stalled-cycles-frontend:u,stalled-cycles-frontend,1995810.0,27.0,nan,,ok
8193.623858,0.0,,instructions:u,instructions,3230414.0,32.0,nan,,ok
8193.623858,0.0,,cycles:u,cycles,4105504.0,42.0,nan,,ok
8193.623858,0.0,,branches:u,branches,5641890.0,58.0,nan,,ok
8193.623858,0.0,,branch-misses:u,branch-misses,6606996.0,68.0,nan,,ok
8193.623858,0.0,,L1-dcache-loads:u,l1-dcache-loads,6507587.0,68.0,nan,,ok
8193.623858,0.0,,cache-references:u,cache-references,6401140.0,68.0,nan,,ok
8193.623858,0.0,,cache-misses:u,cache-misses,5598780.0,59.0,nan,,ok
8193.623858,0.0,,stalled-cycles-frontend:u,stalled-cycles-frontend,2005161.0,21.0,nan,,ok
8204.352037999999,nan,,instructions:u,instructions,0.0,100.0,nan,,ok
8204.352037999999,nan,,cycles:u,cycles,0.0,100.0,nan,,ok
8204.352037999999,nan,,branches:u,branches,0.0,100.0,nan,,ok
8204.352037999999,nan,,branch-misses:u,branch-misses,0.0,100.0,nan,,ok
8204.352037999999,nan,,L1-dcache-loads:u,l1-dcache-loads,0.0,100.0,nan,,ok
8204.352037999999,nan,,cache-references:u,cache-references,0.0,100.0,nan,,ok
8204.352037999999,nan,,cache-misses:u,cache-misses,0.0,100.0,nan,,ok
8204.352037999999,nan,,stalled-cycles-frontend:u,stalled-cycles-frontend,0.0,100.0,nan,,ok
8214.99562,0.0,,instructions:u,instructions,3007984.0,32.0,nan,,ok
8214.99562,0.0,,cycles:u,cycles,2996821.0,32.0,nan,,ok
8214.99562,0.0,,branches:u,branches,4982269.0,53.0,nan,,ok
8214.99562,0.0,,branch-misses:u,branch-misses,6318143.0,67.0,nan,,ok
8214.99562,0.0,,L1-dcache-loads:u,l1-dcache-loads,6340689.0,67.0,nan,,ok
8214.99562,0.0,,cache-references:u,cache-references,6359991.0,67.0,nan,,ok
8214.99562,0.0,,cache-misses:u,cache-misses,6397243.0,68.0,nan,,ok
8214.99562,0.0,,stalled-cycles-frontend:u,stalled-cycles-frontend,2008924.0,21.0,nan,,ok
8225.773919,0.0,,instructions:u,instructions,1052911.0,27.0,nan,,ok
8225.773919,0.0,,cycles:u,cycles,51507.0,1.0,nan,,ok
8225.773919,0.0,,branches:u,branches,51507.0,1.0,nan,,ok
8225.773919,0.0,,branch-misses:u,branch-misses,713441.0,19.0,nan,,ok
8225.773919,0.0,,L1-dcache-loads:u,l1-dcache-loads,1637126.0,44.0,nan,,ok
8225.773919,0.0,,cache-references:u,cache-references,2610589.0,71.0,nan,,ok
8225.773919,0.0,,cache-misses:u,cache-misses,3585904.0,98.0,nan,,ok
8225.773919,0.0,,stalled-cycles-frontend:u,stalled-cycles-frontend,1052911.0,29.0,nan,,ok
8236.629916,0.0,,instructions:u,instructions,1982073.0,40.0,nan,,ok
8236.629916,0.0,,cycles:u,cycles,2982658.0,60.0,nan,,ok
8236.629916,0.0,,branches:u,branches,3983872.0,80.0,nan,,ok
8236.629916,0.0,,branch-misses:u,branch-misses,4946453.0,100.0,nan,,ok
8236.629916,0.0,,L1-dcache-loads:u,l1-dcache-loads,3988703.0,80.0,nan,,ok
8236.629916,0.0,,cache-references:u,cache-references,3051861.0,60.0,nan,,ok
8236.629916,0.0,,cache-misses:u,cache-misses,2080130.0,41.0,nan,,ok
8236.629916,0.0,,stalled-cycles-frontend:u,stalled-cycles-frontend,979854.0,19.0,nan,,ok
8247.443814,0.0,,instructions:u,instructions,3003476.0,35.0,nan,,ok
8247.443814,0.0,,cycles:u,cycles,3003555.0,35.0,nan,,ok
8247.443814,0.0,,branches:u,branches,4004390.0,47.0,nan,,ok
8247.443814,0.0,,branch-misses:u,branch-misses,5036332.0,59.0,nan,,ok
8247.443814,0.0,,L1-dcache-loads:u,l1-dcache-loads,5367151.0,64.0,nan,,ok
8247.443814,0.0,,cache-references:u,cache-references,5303067.0,63.0,nan,,ok
8247.443814,0.0,,cache-misses:u,cache-misses,5274134.0,63.0,nan,,ok
8247.443814,0.0,,stalled-cycles-frontend:u,stalled-cycles-frontend,2006317.0,24.0,nan,,ok
8258.206681000001,nan,,instructions:u,instructions,0.0,0.0,nan,,ok
8258.206681000001,nan,,cycles:u,cycles,0.0,0.0,nan,,ok
8258.206681000001,nan,,branches:u,branches,0.0,0.0,nan,,ok
8258.206681000001,nan,,branch-misses:u,branch-misses,0.0,0.0,nan,,ok
8258.206681000001,0.0,,L1-dcache-loads:u,l1-dcache-loads,558636.0,100.0,nan,,ok
8258.206681000001,0.0,,cache-references:u,cache-references,594903.0,100.0,nan,,ok
8258.206681000001,0.0,,cache-misses:u,cache-misses,640206.0,100.0,nan,,ok
8258.206681000001,nan,,stalled-cycles-frontend:u,stalled-cycles-frontend,0.0,0.0,nan,,ok
8269.117385,0.0,,instructions:u,instructions,4419454.0,40.0,nan,,ok
8269.117385,0.0,,cycles:u,cycles,3449538.0,31.0,nan,,ok
8269.117385,0.0,,branches:u,branches,4466340.0,40.0,nan,,ok
8269.117385,0.0,,branch-misses:u,branch-misses,5480010.0,50.0,nan,,ok
8269.117385,0.0,,L1-dcache-loads:u,l1-dcache-loads,5426068.0,49.0,nan,,ok
8269.117385,0.0,,cache-references:u,cache-references,6376532.0,58.0,nan,,ok
8269.117385,0.0,,cache-misses:u,cache-misses,7339879.0,67.0,nan,,ok
8269.117385,0.0,,stalled-cycles-frontend:u,stalled-cycles-frontend,3550924.0,32.0,nan,,ok
8279.885816,0.0,,instructions:u,instructions,1598855.0,76.0,nan,,ok
8279.885816,0.0,,cycles:u,cycles,2060323.0,100.0,nan,,ok
8279.885816,0.0,,branches:u,branches,2043266.0,100.0,nan,,ok
8279.885816,0.0,,branch-misses:u,branch-misses,2025451.0,100.0,nan,,ok
8279.885816,0.0,,L1-dcache-loads:u,l1-dcache-loads,1504191.0,74.0,nan,,ok
8279.885816,0.0,,cache-references:u,cache-references,500202.0,25.0,nan,,ok
8279.885816,nan,,cache-misses:u,cache-misses,0.0,0.0,nan,,ok
8279.885816,0.0,,stalled-cycles-frontend:u,stalled-cycles-frontend,468503.0,23.0,nan,,ok
8290.579223,nan,,instructions:u,instructions,0.0,0.0,nan,,ok
8290.579223,0.0,,cycles:u,cycles,875423.0,100.0,nan,,ok
8290.579223,0.0,,branches:u,branches,895334.0,100.0,nan,,ok
8290.579223,0.0,,branch-misses:u,branch-misses,916284.0,100.0,nan,,ok
8290.579223,0.0,,L1-dcache-loads:u,l1-dcache-loads,940963.0,100.0,nan,,ok
8290.579223,0.0,,cache-references:u,cache-references,965257.0,100.0,nan,,ok
8290.579223,0.0,,cache-misses:u,cache-misses,39942.0,3.0,nan,,ok
8290.579223,nan,,stalled-cycles-frontend:u,stalled-cycles-frontend,0.0,0.0,nan,,ok
8301.450716,nan,,instructions:u,instructions,0.0,0.0,nan,,ok
8301.450716,0.0,,cycles:u,cycles,115666.0,4.0,nan,,ok
8301.450716,0.0,,branches:u,branches,1092864.0,45.0,nan,,ok
8301.450716,0.0,,branch-misses:u,branch-misses,2099249.0,87.0,nan,,ok
8301.450716,0.0,,L1-dcache-loads:u,l1-dcache-loads,2370623.0,100.0,nan,,ok
8301.450716,0.0,,cache-references:u,cache-references,2346329.0,100.0,nan,,ok
8301.450716,0.0,,cache-misses:u,cache-misses,2280555.0,100.0,nan,,ok
8301.450716,nan,,stalled-cycles-frontend:u,stalled-cycles-frontend,0.0,0.0,nan,,ok
8312.134468,0.0,,instructions:u,instructions,1443010.0,42.0,nan,,ok
8312.134468,0.0,,cycles:u,cycles,463780.0,13.0,nan,,ok
8312.134468,0.0,,branches:u,branches,492239.0,14.0,nan,,ok
8312.134468,0.0,,branch-misses:u,branch-misses,523427.0,14.0,nan,,ok
8312.134468,0.0,,L1-dcache-loads:u,l1-dcache-loads,989039.0,27.0,nan,,ok
8312.134468,0.0,,cache-references:u,cache-references,1984451.0,55.0,nan,,ok
8312.134468,0.0,,cache-misses:u,cache-misses,2993567.0,84.0,nan,,ok
8312.134468,0.0,,stalled-cycles-frontend:u,stalled-cycles-frontend,1612627.0,44.0,nan,,ok
8322.946634999998,0.0,,instructions:u,instructions,1575605.0,83.0,nan,,ok
8322.946634999998,0.0,,cycles:u,cycles,1866069.0,100.0,nan,,ok
8322.946634999998,0.0,,branches:u,branches,1837610.0,100.0,nan,,ok
8322.946634999998,0.0,,branch-misses:u,branch-misses,1806422.0,100.0,nan,,ok
8322.946634999998,0.0,,L1-dcache-loads:u,l1-dcache-loads,1263919.0,70.0,nan,,ok
8322.946634999998,0.0,,cache-references:u,cache-references,320350.0,18.0,nan,,ok
8322.946634999998,nan,,cache-misses:u,cache-misses,0.0,0.0,nan,,ok
8322.946634999998,0.0,,stalled-cycles-frontend:u,stalled-cycles-frontend,462419.0,26.0,nan,,ok
8333.647256,nan,,instructions:u,instructions,0.0,100.0,nan,,ok
8333.647256,nan,,cycles:u,cycles,0.0,100.0,nan,,ok
8333.647256,nan,,branches:u,branches,0.0,100.0,nan,,ok
8333.647256,nan,,branch-misses:u,branch-misses,0.0,100.0,nan,,ok
8333.647256,nan,,L1-dcache-loads:u,l1-dcache-loads,0.0,100.0,nan,,ok
8333.647256,nan,,cache-references:u,cache-references,0.0,100.0,nan,,ok
8333.647256,nan,,cache-misses:u,cache-misses,0.0,100.0,nan,,ok
8333.647256,nan,,stalled-cycles-frontend:u,stalled-cycles-frontend,0.0,100.0,nan,,ok
8344.302422,nan,,instructions:u,instructions,0.0,0.0,nan,,ok
8344.302422,0.0,,cycles:u,cycles,992789.0,20.0,nan,,ok
8344.302422,0.0,,branches:u,branches,1978761.0,41.0,nan,,ok
8344.302422,0.0,,branch-misses:u,branch-misses,2977004.0,61.0,nan,,ok
8344.302422,0.0,,L1-dcache-loads:u,l1-dcache-loads,3980861.0,82.0,nan,,ok
8344.302422,0.0,,cache-references:u,cache-references,4815679.0,100.0,nan,,ok
8344.302422,0.0,,cache-misses:u,cache-misses,3822890.0,79.0,nan,,ok
8344.302422,nan,,stalled-cycles-frontend:u,stalled-cycles-frontend,0.0,0.0,nan,,ok
8355.028231,nan,,instructions:u,instructions,0.0,100.0,nan,,ok
8355.028231,nan,,cycles:u,cycles,0.0,100.0,nan,,ok
8355.028231,nan,,branches:u,branches,0.0,100.0,nan,,ok
8355.028231,nan,,branch-misses:u,branch-misses,0.0,100.0,nan,,ok
8355.028231,nan,,L1-dcache-loads:u,l1-dcache-loads,0.0,100.0,nan,,ok
8355.028231,nan,,cache-references:u,cache-references,0.0,100.0,nan,,ok
8355.028231,nan,,cache-misses:u,cache-misses,0.0,100.0,nan,,ok
8355.028231,nan,,stalled-cycles-frontend:u,stalled-cycles-frontend,0.0,100.0,nan,,ok
8365.65155,nan,,instructions:u,instructions,0.0,100.0,nan,,ok
8365.65155,nan,,cycles:u,cycles,0.0,100.0,nan,,ok
8365.65155,nan,,branches:u,branches,0.0,100.0,nan,,ok
8365.65155,nan,,branch-misses:u,branch-misses,0.0,100.0,nan,,ok
8365.65155,nan,,L1-dcache-loads:u,l1-dcache-loads,0.0,100.0,nan,,ok
8365.65155,nan,,cache-references:u,cache-references,0.0,100.0,nan,,ok
8365.65155,nan,,cache-misses:u,cache-misses,0.0,100.0,nan,,ok
8365.65155,nan,,stalled-cycles-frontend:u,stalled-cycles-frontend,0.0,100.0,nan,,ok
8376.361534000001,0.0,,instructions:u,instructions,2997304.0,61.0,nan,,ok
8376.361534000001,0.0,,cycles:u,cycles,2902997.0,59.0,nan,,ok
8376.361534000001,0.0,,branches:u,branches,2902997.0,59.0,nan,,ok
8376.361534000001,0.0,,branch-misses:u,branch-misses,2902997.0,59.0,nan,,ok
8376.361534000001,0.0,,L1-dcache-loads:u,l1-dcache-loads,1895454.0,38.0,nan,,ok
8376.361534000001,0.0,,cache-references:u,cache-references,1881332.0,38.0,nan,,ok
8376.361534000001,0.0,,cache-misses:u,cache-misses,1975639.0,40.0,nan,,ok
8376.361534000001,0.0,,stalled-cycles-frontend:u,stalled-cycles-frontend,1999661.0,40.0,nan,,ok
8387.086363,nan,,instructions:u,instructions,0.0,100.0,nan,,ok
8387.086363,nan,,cycles:u,cycles,0.0,100.0,nan,,ok
8387.086363,nan,,branches:u,branches,0.0,100.0,nan,,ok
8387.086363,nan,,branch-misses:u,branch-misses,0.0,100.0,nan,,ok
8387.086363,nan,,L1-dcache-loads:u,l1-dcache-loads,0.0,100.0,nan,,ok
8387.086363,nan,,cache-references:u,cache-references,0.0,100.0,nan,,ok
8387.086363,nan,,cache-misses:u,cache-misses,0.0,100.0,nan,,ok
8387.086363,nan,,stalled-cycles-frontend:u,stalled-cycles-frontend,0.0,100.0,nan,,ok
8397.80037,nan,,instructions:u,instructions,0.0,0.0,nan,,ok
8397.80037,0.0,,cycles:u,cycles,991422.0,90.0,nan,,ok
8397.80037,0.0,,branches:u,branches,1113784.0,100.0,nan,,ok
8397.80037,0.0,,branch-misses:u,branch-misses,1139176.0,100.0,nan,,ok
8397.80037,0.0,,L1-dcache-loads:u,l1-dcache-loads,1180147.0,100.0,nan,,ok
8397.80037,0.0,,cache-references:u,cache-references,1198799.0,100.0,nan,,ok
8397.80037,0.0,,cache-misses:u,cache-misses,232004.0,18.0,nan,,ok
8397.80037,nan,,stalled-cycles-frontend:u,stalled-cycles-frontend,0.0,0.0,nan,,ok
8408.547284999999,0.0,,instructions:u,instructions,143115.0,3.0,nan,,ok
8408.547284999999,nan,,cycles:u,cycles,0.0,0.0,nan,,ok
8408.547284999999,0.0,,branches:u,branches,875839.0,21.0,nan,,ok
8408.547284999999,0.0,,branch-misses:u,branch-misses,1853218.0,46.0,nan,,ok
8408.547284999999,0.0,,L1-dcache-loads:u,l1-dcache-loads,2868895.0,72.0,nan,,ok
8408.547284999999,0.0,,cache-references:u,cache-references,3796971.0,96.0,nan,,ok
8408.547284999999,0.0,,cache-misses:u,cache-misses,3915459.0,100.0,nan,,ok
8408.547284999999,0.0,,stalled-cycles-frontend:u,stalled-cycles-frontend,143115.0,3.0,nan,,ok
8419.362556,0.0,,instructions:u,instructions,2991545.0,51.0,nan,,ok
8419.362556,0.0,,cycles:u,cycles,2995427.0,51.0,nan,,ok
8419.362556,0.0,,branches:u,branches,4004821.0,69.0,nan,,ok
8419.362556,0.0,,branch-misses:u,branch-misses,4778533.0,82.0,nan,,ok
8419.362556,0.0,,L1-dcache-loads:u,l1-dcache-loads,3780440.0,65.0,nan,,ok
8419.362556,0.0,,cache-references:u,cache-references,2781318.0,48.0,nan,,ok
8419.362556,0.0,,cache-misses:u,cache-misses,2777436.0,48.0,nan,,ok
8419.362556,0.0,,stalled-cycles-frontend:u,stalled-cycles-frontend,1992423.0,34.0,nan,,ok
8430.077733999999,nan,,instructions:u,instructions,0.0,100.0,nan,,ok
8430.077733999999,nan,,cycles:u,cycles,0.0,100.0,nan,,ok
8430.077733999999,nan,,branches:u,branches,0.0,100.0,nan,,ok
8430.077733999999,nan,,branch-misses:u,branch-misses,0.0,100.0,nan,,ok
8430.077733999999,nan,,L1-dcache-loads:u,l1-dcache-loads,0.0,100.0,nan,,ok
8430.077733999999,nan,,cache-references:u,cache-references,0.0,100.0,nan,,ok
8430.077733999999,nan,,cache-misses:u,cache-misses,0.0,100.0,nan,,ok
8430.077733999999,nan,,stalled-cycles-frontend:u,stalled-cycles-frontend,0.0,100.0,nan,,ok
8440.757378,nan,,instructions:u,instructions,0.0,100.0,nan,,ok
8440.757378,nan,,cycles:u,cycles,0.0,100.0,nan,,ok
8440.757378,nan,,branches:u,branches,0.0,100.0,nan,,ok
8440.757378,nan,,branch-misses:u,branch-misses,0.0,100.0,nan,,ok
8440.757378,nan,,L1-dcache-loads:u,l1-dcache-loads,0.0,100.0,nan,,ok
8440.757378,nan,,cache-references:u,cache-references,0.0,100.0,nan,,ok
8440.757378,nan,,cache-misses:u,cache-misses,0.0,100.0,nan,,ok
8440.757378,nan,,stalled-cycles-frontend:u,stalled-cycles-frontend,0.0,100.0,nan,,ok
8451.454037,nan,,instructions:u,instructions,0.0,100.0,nan,,ok
8451.454037,nan,,cycles:u,cycles,0.0,100.0,nan,,ok
8451.454037,nan,,branches:u,branches,0.0,100.0,nan,,ok
8451.454037,nan,,branch-misses:u,branch-misses,0.0,100.0,nan,,ok
8451.454037,nan,,L1-dcache-loads:u,l1-dcache-loads,0.0,100.0,nan,,ok
8451.454037,nan,,cache-references:u,cache-references,0.0,100.0,nan,,ok
8451.454037,nan,,cache-misses:u,cache-misses,0.0,100.0,nan,,ok
8451.454037,nan,,stalled-cycles-frontend:u,stalled-cycles-frontend,0.0,100.0,nan,,ok
8462.159717,nan,,instructions:u,instructions,0.0,100.0,nan,,ok
8462.159717,nan,,cycles:u,cycles,0.0,100.0,nan,,ok
8462.159717,nan,,branches:u,branches,0.0,100.0,nan,,ok
8462.159717,nan,,branch-misses:u,branch-misses,0.0,100.0,nan,,ok
8462.159717,nan,,L1-dcache-loads:u,l1-dcache-loads,0.0,100.0,nan,,ok
8462.159717,nan,,cache-references:u,cache-references,0.0,100.0,nan,,ok
8462.159717,nan,,cache-misses:u,cache-misses,0.0,100.0,nan,,ok
8462.159717,nan,,stalled-cycles-frontend:u,stalled-cycles-frontend,0.0,100.0,nan,,ok
8472.804505999999,nan,,instructions:u,instructions,0.0,100.0,nan,,ok
8472.804505999999,nan,,cycles:u,cycles,0.0,100.0,nan,,ok
8472.804505999999,nan,,branches:u,branches,0.0,100.0,nan,,ok
8472.804505999999,nan,,branch-misses:u,branch-misses,0.0,100.0,nan,,ok
8472.804505999999,nan,,L1-dcache-loads:u,l1-dcache-loads,0.0,100.0,nan,,ok
8472.804505999999,nan,,cache-references:u,cache-references,0.0,100.0,nan,,ok
8472.804505999999,nan,,cache-misses:u,cache-misses,0.0,100.0,nan,,ok
8472.804505999999,nan,,stalled-cycles-frontend:u,stalled-cycles-frontend,0.0,100.0,nan,,ok
8483.494328,nan,,instructions:u,instructions,0.0,100.0,nan,,ok
8483.494328,nan,,cycles:u,cycles,0.0,100.0,nan,,ok
8483.494328,nan,,branches:u,branches,0.0,100.0,nan,,ok
8483.494328,nan,,branch-misses:u,branch-misses,0.0,100.0,nan,,ok
8483.494328,nan,,L1-dcache-loads:u,l1-dcache-loads,0.0,100.0,nan,,ok
8483.494328,nan,,cache-references:u,cache-references,0.0,100.0,nan,,ok
8483.494328,nan,,cache-misses:u,cache-misses,0.0,100.0,nan,,ok
8483.494328,nan,,stalled-cycles-frontend:u,stalled-cycles-frontend,0.0,100.0,nan,,ok
8494.180285,nan,,instructions:u,instructions,0.0,100.0,nan,,ok
8494.180285,nan,,cycles:u,cycles,0.0,100.0,nan,,ok
8494.180285,nan,,branches:u,branches,0.0,100.0,nan,,ok
8494.180285,nan,,branch-misses:u,branch-misses,0.0,100.0,nan,,ok
8494.180285,nan,,L1-dcache-loads:u,l1-dcache-loads,0.0,100.0,nan,,ok
8494.180285,nan,,cache-references:u,cache-references,0.0,100.0,nan,,ok
8494.180285,nan,,cache-misses:u,cache-misses,0.0,100.0,nan,,ok
8494.180285,nan,,stalled-cycles-frontend:u,stalled-cycles-frontend,0.0,100.0,nan,,ok
8504.968488999999,nan,,instructions:u,instructions,0.0,100.0,nan,,ok
8504.968488999999,nan,,cycles:u,cycles,0.0,100.0,nan,,ok
8504.968488999999,nan,,branches:u,branches,0.0,100.0,nan,,ok
8504.968488999999,nan,,branch-misses:u,branch-misses,0.0,100.0,nan,,ok
8504.968488999999,nan,,L1-dcache-loads:u,l1-dcache-loads,0.0,100.0,nan,,ok
8504.968488999999,nan,,cache-references:u,cache-references,0.0,100.0,nan,,ok
8504.968488999999,nan,,cache-misses:u,cache-misses,0.0,100.0,nan,,ok
8504.968488999999,nan,,stalled-cycles-frontend:u,stalled-cycles-frontend,0.0,100.0,nan,,ok
8515.671710999999,0.0,,instructions:u,instructions,3010223.0,34.0,nan,,ok
8515.671710999999,0.0,,cycles:u,cycles,3001560.0,34.0,nan,,ok
8515.671710999999,0.0,,branches:u,branches,4000193.0,45.0,nan,,ok
8515.671710999999,0.0,,branch-misses:u,branch-misses,5750059.0,66.0,nan,,ok
8515.671710999999,0.0,,L1-dcache-loads:u,l1-dcache-loads,5698147.0,65.0,nan,,ok
8515.671710999999,0.0,,cache-references:u,cache-references,5688109.0,65.0,nan,,ok
8515.671710999999,0.0,,cache-misses:u,cache-misses,5696772.0,65.0,nan,,ok
8515.671710999999,0.0,,stalled-cycles-frontend:u,stalled-cycles-frontend,2000265.0,22.0,nan,,ok
8526.382869000001,nan,,instructions:u,instructions,0.0,100.0,nan,,ok
8526.382869000001,nan,,cycles:u,cycles,0.0,100.0,nan,,ok
8526.382869000001,nan,,branches:u,branches,0.0,100.0,nan,,ok
8526.382869000001,nan,,branch-misses:u,branch-misses,0.0,100.0,nan,,ok
8526.382869000001,nan,,L1-dcache-loads:u,l1-dcache-loads,0.0,100.0,nan,,ok
8526.382869000001,nan,,cache-references:u,cache-references,0.0,100.0,nan,,ok
8526.382869000001,nan,,cache-misses:u,cache-misses,0.0,100.0,nan,,ok
8526.382869000001,nan,,stalled-cycles-frontend:u,stalled-cycles-frontend,0.0,100.0,nan,,ok
8537.068587,nan,,instructions:u,instructions,0.0,100.0,nan,,ok
8537.068587,nan,,cycles:u,cycles,0.0,100.0,nan,,ok
8537.068587,nan,,branches:u,branches,0.0,100.0,nan,,ok
8537.068587,nan,,branch-misses:u,branch-misses,0.0,100.0,nan,,ok
8537.068587,nan,,L1-dcache-loads:u,l1-dcache-loads,0.0,100.0,nan,,ok
8537.068587,nan,,cache-references:u,cache-references,0.0,100.0,nan,,ok
8537.068587,nan,,cache-misses:u,cache-misses,0.0,100.0,nan,,ok
8537.068587,nan,,stalled-cycles-frontend:u,stalled-cycles-frontend,0.0,100.0,nan,,ok
8547.796021,nan,,instructions:u,instructions,0.0,100.0,nan,,ok
8547.796021,nan,,cycles:u,cycles,0.0,100.0,nan,,ok
8547.796021,nan,,branches:u,branches,0.0,100.0,nan,,ok
8547.796021,nan,,branch-misses:u,branch-misses,0.0,100.0,nan,,ok
8547.796021,nan,,L1-dcache-loads:u,l1-dcache-loads,0.0,100.0,nan,,ok
8547.796021,nan,,cache-references:u,cache-references,0.0,100.0,nan,,ok
8547.796021,nan,,cache-misses:u,cache-misses,0.0,100.0,nan,,ok
8547.796021,nan,,stalled-cycles-frontend:u,stalled-cycles-frontend,0.0,100.0,nan,,ok
8558.520091,nan,,instructions:u,instructions,0.0,100.0,nan,,ok
8558.520091,nan,,cycles:u,cycles,0.0,100.0,nan,,ok
8558.520091,nan,,branches:u,branches,0.0,100.0,nan,,ok
8558.520091,nan,,branch-misses:u,branch-misses,0.0,100.0,nan,,ok
8558.520091,nan,,L1-dcache-loads:u,l1-dcache-loads,0.0,100.0,nan,,ok
8558.520091,nan,,cache-references:u,cache-references,0.0,100.0,nan,,ok
8558.520091,nan,,cache-misses:u,cache-misses,0.0,100.0,nan,,ok
8558.520091,nan,,stalled-cycles-frontend:u,stalled-cycles-frontend,0.0,100.0,nan,,ok
8569.196602,nan,,instructions:u,instructions,0.0,100.0,nan,,ok
8569.196602,nan,,cycles:u,cycles,0.0,100.0,nan,,ok
8569.196602,nan,,branches:u,branches,0.0,100.0,nan,,ok
8569.196602,nan,,branch-misses:u,branch-misses,0.0,100.0,nan,,ok
8569.196602,nan,,L1-dcache-loads:u,l1-dcache-loads,0.0,100.0,nan,,ok
8569.196602,nan,,cache-references:u,cache-references,0.0,100.0,nan,,ok
8569.196602,nan,,cache-misses:u,cache-misses,0.0,100.0,nan,,ok
8569.196602,nan,,stalled-cycles-frontend:u,stalled-cycles-frontend,0.0,100.0,nan,,ok
8579.881171,nan,,instructions:u,instructions,0.0,100.0,nan,,ok
8579.881171,nan,,cycles:u,cycles,0.0,100.0,nan,,ok
8579.881171,nan,,branches:u,branches,0.0,100.0,nan,,ok
8579.881171,nan,,branch-misses:u,branch-misses,0.0,100.0,nan,,ok
8579.881171,nan,,L1-dcache-loads:u,l1-dcache-loads,0.0,100.0,nan,,ok
8579.881171,nan,,cache-references:u,cache-references,0.0,100.0,nan,,ok
8579.881171,nan,,cache-misses:u,cache-misses,0.0,100.0,nan,,ok
8579.881171,nan,,stalled-cycles-frontend:u,stalled-cycles-frontend,0.0,100.0,nan,,ok
8590.543347,nan,,instructions:u,instructions,0.0,100.0,nan,,ok
8590.543347,nan,,cycles:u,cycles,0.0,100.0,nan,,ok
8590.543347,nan,,branches:u,branches,0.0,100.0,nan,,ok
8590.543347,nan,,branch-misses:u,branch-misses,0.0,100.0,nan,,ok
8590.543347,nan,,L1-dcache-loads:u,l1-dcache-loads,0.0,100.0,nan,,ok
8590.543347,nan,,cache-references:u,cache-references,0.0,100.0,nan,,ok
8590.543347,nan,,cache-misses:u,cache-misses,0.0,100.0,nan,,ok
8590.543347,nan,,stalled-cycles-frontend:u,stalled-cycles-frontend,0.0,100.0,nan,,ok
8601.280928,0.0,,instructions:u,instructions,3042775.0,47.0,nan,,ok
8601.280928,0.0,,cycles:u,cycles,2393592.0,37.0,nan,,ok
8601.280928,0.0,,branches:u,branches,2393592.0,37.0,nan,,ok
8601.280928,0.0,,branch-misses:u,branch-misses,3385600.0,53.0,nan,,ok
8601.280928,0.0,,L1-dcache-loads:u,l1-dcache-loads,3379103.0,52.0,nan,,ok
8601.280928,0.0,,cache-references:u,cache-references,3340856.0,52.0,nan,,ok
8601.280928,0.0,,cache-misses:u,cache-misses,3990039.0,62.0,nan,,ok
8601.280928,0.0,,stalled-cycles-frontend:u,stalled-cycles-frontend,1964383.0,30.0,nan,,ok
8611.983238,nan,,instructions:u,instructions,0.0,100.0,nan,,ok
8611.983238,nan,,cycles:u,cycles,0.0,100.0,nan,,ok
8611.983238,nan,,branches:u,branches,0.0,100.0,nan,,ok
8611.983238,nan,,branch-misses:u,branch-misses,0.0,100.0,nan,,ok
8611.983238,nan,,L1-dcache-loads:u,l1-dcache-loads,0.0,100.0,nan,,ok
8611.983238,nan,,cache-references:u,cache-references,0.0,100.0,nan,,ok
8611.983238,nan,,cache-misses:u,cache-misses,0.0,100.0,nan,,ok
8611.983238,nan,,stalled-cycles-frontend:u,stalled-cycles-frontend,0.0,100.0,nan,,ok
8622.593707,nan,,instructions:u,instructions,0.0,100.0,nan,,ok
8622.593707,nan,,cycles:u,cycles,0.0,100.0,nan,,ok
8622.593707,nan,,branches:u,branches,0.0,100.0,nan,,ok
8622.593707,nan,,branch-misses:u,branch-misses,0.0,100.0,nan,,ok
8622.593707,nan,,L1-dcache-loads:u,l1-dcache-loads,0.0,100.0,nan,,ok
8622.593707,nan,,cache-references:u,cache-references,0.0,100.0,nan,,ok
8622.593707,nan,,cache-misses:u,cache-misses,0.0,100.0,nan,,ok
8622.593707,nan,,stalled-cycles-frontend:u,stalled-cycles-frontend,0.0,100.0,nan,,ok
8633.583364,nan,,instructions:u,instructions,0.0,100.0,nan,,ok
8633.583364,nan,,cycles:u,cycles,0.0,100.0,nan,,ok
8633.583364,nan,,branches:u,branches,0.0,100.0,nan,,ok
8633.583364,nan,,branch-misses:u,branch-misses,0.0,100.0,nan,,ok
8633.583364,nan,,L1-dcache-loads:u,l1-dcache-loads,0.0,100.0,nan,,ok
8633.583364,nan,,cache-references:u,cache-references,0.0,100.0,nan,,ok
8633.583364,nan,,cache-misses:u,cache-misses,0.0,100.0,nan,,ok
8633.583364,nan,,stalled-cycles-frontend:u,stalled-cycles-frontend,0.0,100.0,nan,,ok
8644.304911000001,nan,,instructions:u,instructions,0.0,100.0,nan,,ok
8644.304911000001,nan,,cycles:u,cycles,0.0,100.0,nan,,ok
8644.304911000001,nan,,branches:u,branches,0.0,100.0,nan,,ok
8644.304911000001,nan,,branch-misses:u,branch-misses,0.0,100.0,nan,,ok
8644.304911000001,nan,,L1-dcache-loads:u,l1-dcache-loads,0.0,100.0,nan,,ok
8644.304911000001,nan,,cache-references:u,cache-references,0.0,100.0,nan,,ok
8644.304911000001,nan,,cache-misses:u,cache-misses,0.0,100.0,nan,,ok
8644.304911000001,nan,,stalled-cycles-frontend:u,stalled-cycles-frontend,0.0,100.0,nan,,ok
8655.052754,nan,,instructions:u,instructions,0.0,0.0,nan,,ok
8655.052754,0.0,,cycles:u,cycles,350598.0,100.0,nan,,ok
8655.052754,0.0,,branches:u,branches,368953.0,100.0,nan,,ok
8655.052754,0.0,,branch-misses:u,branch-misses,392101.0,100.0,nan,,ok
8655.052754,0.0,,L1-dcache-loads:u,l1-dcache-loads,416622.0,100.0,nan,,ok
8655.052754,0.0,,cache-references:u,cache-references,442727.0,100.0,nan,,ok
8655.052754,nan,,cache-misses:u,cache-misses,0.0,0.0,nan,,ok
8655.052754,nan,,stalled-cycles-frontend:u,stalled-cycles-frontend,0.0,0.0,nan,,ok
8666.167440000001,nan,,instructions:u,instructions,0.0,0.0,nan,,ok
8666.167440000001,0.0,,cycles:u,cycles,635223.0,14.0,nan,,ok
8666.167440000001,0.0,,branches:u,branches,1613615.0,35.0,nan,,ok
8666.167440000001,0.0,,branch-misses:u,branch-misses,2592538.0,58.0,nan,,ok
8666.167440000001,0.0,,L1-dcache-loads:u,l1-dcache-loads,3566187.0,80.0,nan,,ok
8666.167440000001,0.0,,cache-references:u,cache-references,4417227.0,100.0,nan,,ok
8666.167440000001,0.0,,cache-misses:u,cache-misses,3874133.0,87.0,nan,,ok
8666.167440000001,nan,,stalled-cycles-frontend:u,stalled-cycles-frontend,0.0,0.0,nan,,ok
8676.92685,nan,,instructions:u,instructions,0.0,100.0,nan,,ok
8676.92685,nan,,cycles:u,cycles,0.0,100.0,nan,,ok
8676.92685,nan,,branches:u,branches,0.0,100.0,nan,,ok
8676.92685,nan,,branch-misses:u,branch-misses,0.0,100.0,nan,,ok
8676.92685,nan,,L1-dcache-loads:u,l1-dcache-loads,0.0,100.0,nan,,ok
8676.92685,nan,,cache-references:u,cache-references,0.0,100.0,nan,,ok
8676.92685,nan,,cache-misses:u,cache-misses,0.0,100.0,nan,,ok
8676.92685,nan,,stalled-cycles-frontend:u,stalled-cycles-frontend,0.0,100.0,nan,,ok
8687.891538,nan,,instructions:u,instructions,0.0,100.0,nan,,ok
8687.891538,nan,,cycles:u,cycles,0.0,100.0,nan,,ok
8687.891538,nan,,branches:u,branches,0.0,100.0,nan,,ok
8687.891538,nan,,branch-misses:u,branch-misses,0.0,100.0,nan,,ok
8687.891538,nan,,L1-dcache-loads:u,l1-dcache-loads,0.0,100.0,nan,,ok
8687.891538,nan,,cache-references:u,cache-references,0.0,100.0,nan,,ok
8687.891538,nan,,cache-misses:u,cache-misses,0.0,100.0,nan,,ok
8687.891538,nan,,stalled-cycles-frontend:u,stalled-cycles-frontend,0.0,100.0,nan,,ok
8699.616747,nan,,instructions:u,instructions,0.0,100.0,nan,,ok
8699.616747,nan,,cycles:u,cycles,0.0,100.0,nan,,ok
8699.616747,nan,,branches:u,branches,0.0,100.0,nan,,ok
8699.616747,nan,,branch-misses:u,branch-misses,0.0,100.0,nan,,ok
8699.616747,nan,,L1-dcache-loads:u,l1-dcache-loads,0.0,100.0,nan,,ok
8699.616747,nan,,cache-references:u,cache-references,0.0,100.0,nan,,ok
8699.616747,nan,,cache-misses:u,cache-misses,0.0,100.0,nan,,ok
8699.616747,nan,,stalled-cycles-frontend:u,stalled-cycles-frontend,0.0,100.0,nan,,ok
8710.87575,0.0,,instructions:u,instructions,2932306.0,53.0,nan,,ok
8710.87575,0.0,,cycles:u,cycles,3004944.0,55.0,nan,,ok
8710.87575,0.0,,branches:u,branches,3456209.0,63.0,nan,,ok
8710.87575,0.0,,branch-misses:u,branch-misses,3456209.0,63.0,nan,,ok
8710.87575,0.0,,L1-dcache-loads:u,l1-dcache-loads,2451811.0,45.0,nan,,ok
8710.87575,0.0,,cache-references:u,cache-references,2504768.0,46.0,nan,,ok
8710.87575,0.0,,cache-misses:u,cache-misses,2432130.0,44.0,nan,,ok
8710.87575,0.0,,stalled-cycles-frontend:u,stalled-cycles-frontend,1932106.0,35.0,nan,,ok
8722.102435,nan,,instructions:u,instructions,0.0,100.0,nan,,ok
8722.102435,nan,,cycles:u,cycles,0.0,100.0,nan,,ok
8722.102435,nan,,branches:u,branches,0.0,100.0,nan,,ok
8722.102435,nan,,branch-misses:u,branch-misses,0.0,100.0,nan,,ok
8722.102435,nan,,L1-dcache-loads:u,l1-dcache-loads,0.0,100.0,nan,,ok
8722.102435,nan,,cache-references:u,cache-references,0.0,100.0,nan,,ok
8722.102435,nan,,cache-misses:u,cache-misses,0.0,100.0,nan,,ok
8722.102435,nan,,stalled-cycles-frontend:u,stalled-cycles-frontend,0.0,100.0,nan,,ok
8733.609285,nan,,instructions:u,instructions,0.0,100.0,nan,,ok
8733.609285,nan,,cycles:u,cycles,0.0,100.0,nan,,ok
8733.609285,nan,,branches:u,branches,0.0,100.0,nan,,ok
8733.609285,nan,,branch-misses:u,branch-misses,0.0,100.0,nan,,ok
8733.609285,nan,,L1-dcache-loads:u,l1-dcache-loads,0.0,100.0,nan,,ok
8733.609285,nan,,cache-references:u,cache-references,0.0,100.0,nan,,ok
8733.609285,nan,,cache-misses:u,cache-misses,0.0,100.0,nan,,ok
8733.609285,nan,,stalled-cycles-frontend:u,stalled-cycles-frontend,0.0,100.0,nan,,ok
8744.502424,nan,,instructions:u,instructions,0.0,100.0,nan,,ok
8744.502424,nan,,cycles:u,cycles,0.0,100.0,nan,,ok
8744.502424,nan,,branches:u,branches,0.0,100.0,nan,,ok
8744.502424,nan,,branch-misses:u,branch-misses,0.0,100.0,nan,,ok
8744.502424,nan,,L1-dcache-loads:u,l1-dcache-loads,0.0,100.0,nan,,ok
8744.502424,nan,,cache-references:u,cache-references,0.0,100.0,nan,,ok
8744.502424,nan,,cache-misses:u,cache-misses,0.0,100.0,nan,,ok
8744.502424,nan,,stalled-cycles-frontend:u,stalled-cycles-frontend,0.0,100.0,nan,,ok
8755.823149,nan,,instructions:u,instructions,0.0,100.0,nan,,ok
8755.823149,nan,,cycles:u,cycles,0.0,100.0,nan,,ok
8755.823149,nan,,branches:u,branches,0.0,100.0,nan,,ok
8755.823149,nan,,branch-misses:u,branch-misses,0.0,100.0,nan,,ok
8755.823149,nan,,L1-dcache-loads:u,l1-dcache-loads,0.0,100.0,nan,,ok
8755.823149,nan,,cache-references:u,cache-references,0.0,100.0,nan,,ok
8755.823149,nan,,cache-misses:u,cache-misses,0.0,100.0,nan,,ok
8755.823149,nan,,stalled-cycles-frontend:u,stalled-cycles-frontend,0.0,100.0,nan,,ok
8767.305914999999,nan,,instructions:u,instructions,0.0,100.0,nan,,ok
8767.305914999999,nan,,cycles:u,cycles,0.0,100.0,nan,,ok
8767.305914999999,nan,,branches:u,branches,0.0,100.0,nan,,ok
8767.305914999999,nan,,branch-misses:u,branch-misses,0.0,100.0,nan,,ok
8767.305914999999,nan,,L1-dcache-loads:u,l1-dcache-loads,0.0,100.0,nan,,ok
8767.305914999999,nan,,cache-references:u,cache-references,0.0,100.0,nan,,ok
8767.305914999999,nan,,cache-misses:u,cache-misses,0.0,100.0,nan,,ok
8767.305914999999,nan,,stalled-cycles-frontend:u,stalled-cycles-frontend,0.0,100.0,nan,,ok
8778.822564,0.0,,instructions:u,instructions,29569.0,0.0,nan,,ok
8778.822564,nan,,cycles:u,cycles,0.0,0.0,nan,,ok
8778.822564,0.0,,branches:u,branches,1009051.0,25.0,nan,,ok
8778.822564,0.0,,branch-misses:u,branch-misses,2001566.0,49.0,nan,,ok
8778.822564,0.0,,L1-dcache-loads:u,l1-dcache-loads,2994423.0,74.0,nan,,ok
8778.822564,0.0,,cache-references:u,cache-references,3996595.0,99.0,nan,,ok
8778.822564,0.0,,cache-misses:u,cache-misses,4026164.0,100.0,nan,,ok
8778.822564,0.0,,stalled-cycles-frontend:u,stalled-cycles-frontend,29569.0,0.0,nan,,ok
8790.394901000001,nan,,instructions:u,instructions,0.0,100.0,nan,,ok
8790.394901000001,nan,,cycles:u,cycles,0.0,100.0,nan,,ok
8790.394901000001,nan,,branches:u,branches,0.0,100.0,nan,,ok
8790.394901000001,nan,,branch-misses:u,branch-misses,0.0,100.0,nan,,ok
8790.394901000001,nan,,L1-dcache-loads:u,l1-dcache-loads,0.0,100.0,nan,,ok
8790.394901000001,nan,,cache-references:u,cache-references,0.0,100.0,nan,,ok
8790.394901000001,nan,,cache-misses:u,cache-misses,0.0,100.0,nan,,ok
8790.394901000001,nan,,stalled-cycles-frontend:u,stalled-cycles-frontend,0.0,100.0,nan,,ok
8801.810295,nan,,instructions:u,instructions,0.0,100.0,nan,,ok
8801.810295,nan,,cycles:u,cycles,0.0,100.0,nan,,ok
8801.810295,nan,,branches:u,branches,0.0,100.0,nan,,ok
8801.810295,nan,,branch-misses:u,branch-misses,0.0,100.0,nan,,ok
8801.810295,nan,,L1-dcache-loads:u,l1-dcache-loads,0.0,100.0,nan,,ok
8801.810295,nan,,cache-references:u,cache-references,0.0,100.0,nan,,ok
8801.810295,nan,,cache-misses:u,cache-misses,0.0,100.0,nan,,ok
8801.810295,nan,,stalled-cycles-frontend:u,stalled-cycles-frontend,0.0,100.0,nan,,ok
8813.543475999999,nan,,instructions:u,instructions,0.0,100.0,nan,,ok
8813.543475999999,nan,,cycles:u,cycles,0.0,100.0,nan,,ok
8813.543475999999,nan,,branches:u,branches,0.0,100.0,nan,,ok
8813.543475999999,nan,,branch-misses:u,branch-misses,0.0,100.0,nan,,ok
8813.543475999999,nan,,L1-dcache-loads:u,l1-dcache-loads,0.0,100.0,nan,,ok
8813.543475999999,nan,,cache-references:u,cache-references,0.0,100.0,nan,,ok
8813.543475999999,nan,,cache-misses:u,cache-misses,0.0,100.0,nan,,ok
8813.543475999999,nan,,stalled-cycles-frontend:u,stalled-cycles-frontend,0.0,100.0,nan,,ok
8825.180549,nan,,instructions:u,instructions,0.0,100.0,nan,,ok
8825.180549,nan,,cycles:u,cycles,0.0,100.0,nan,,ok
8825.180549,nan,,branches:u,branches,0.0,100.0,nan,,ok
8825.180549,nan,,branch-misses:u,branch-misses,0.0,100.0,nan,,ok
8825.180549,nan,,L1-dcache-loads:u,l1-dcache-loads,0.0,100.0,nan,,ok
8825.180549,nan,,cache-references:u,cache-references,0.0,100.0,nan,,ok
8825.180549,nan,,cache-misses:u,cache-misses,0.0,100.0,nan,,ok
8825.180549,nan,,stalled-cycles-frontend:u,stalled-cycles-frontend,0.0,100.0,nan,,ok
8836.668133,nan,,instructions:u,instructions,0.0,100.0,nan,,ok
8836.668133,nan,,cycles:u,cycles,0.0,100.0,nan,,ok
8836.668133,nan,,branches:u,branches,0.0,100.0,nan,,ok
8836.668133,nan,,branch-misses:u,branch-misses,0.0,100.0,nan,,ok
8836.668133,nan,,L1-dcache-loads:u,l1-dcache-loads,0.0,100.0,nan,,ok
8836.668133,nan,,cache-references:u,cache-references,0.0,100.0,nan,,ok
8836.668133,nan,,cache-misses:u,cache-misses,0.0,100.0,nan,,ok
8836.668133,nan,,stalled-cycles-frontend:u,stalled-cycles-frontend,0.0,100.0,nan,,ok
8848.170962999999,nan,,instructions:u,instructions,0.0,100.0,nan,,ok
8848.170962999999,nan,,cycles:u,cycles,0.0,100.0,nan,,ok
8848.170962999999,nan,,branches:u,branches,0.0,100.0,nan,,ok
8848.170962999999,nan,,branch-misses:u,branch-misses,0.0,100.0,nan,,ok
8848.170962999999,nan,,L1-dcache-loads:u,l1-dcache-loads,0.0,100.0,nan,,ok
8848.170962999999,nan,,cache-references:u,cache-references,0.0,100.0,nan,,ok
8848.170962999999,nan,,cache-misses:u,cache-misses,0.0,100.0,nan,,ok
8848.170962999999,nan,,stalled-cycles-frontend:u,stalled-cycles-frontend,0.0,100.0,nan,,ok
8859.606458,0.0,,instructions:u,instructions,2991322.0,74.0,nan,,ok
8859.606458,0.0,,cycles:u,cycles,2999182.0,74.0,nan,,ok
8859.606458,0.0,,branches:u,branches,3027972.0,75.0,nan,,ok
8859.606458,0.0,,branch-misses:u,branch-misses,3027972.0,75.0,nan,,ok
8859.606458,0.0,,L1-dcache-loads:u,l1-dcache-loads,2023858.0,50.0,nan,,ok
8859.606458,0.0,,cache-references:u,cache-references,1033701.0,25.0,nan,,ok
8859.606458,0.0,,cache-misses:u,cache-misses,1025841.0,25.0,nan,,ok
8859.606458,0.0,,stalled-cycles-frontend:u,stalled-cycles-frontend,2001165.0,49.0,nan,,ok
8871.210106999999,nan,,instructions:u,instructions,0.0,100.0,nan,,ok
8871.210106999999,nan,,cycles:u,cycles,0.0,100.0,nan,,ok
8871.210106999999,nan,,branches:u,branches,0.0,100.0,nan,,ok
8871.210106999999,nan,,branch-misses:u,branch-misses,0.0,100.0,nan,,ok
8871.210106999999,nan,,L1-dcache-loads:u,l1-dcache-loads,0.0,100.0,nan,,ok
8871.210106999999,nan,,cache-references:u,cache-references,0.0,100.0,nan,,ok
8871.210106999999,nan,,cache-misses:u,cache-misses,0.0,100.0,nan,,ok
8871.210106999999,nan,,stalled-cycles-frontend:u,stalled-cycles-frontend,0.0,100.0,nan,,ok
8882.799718,nan,,instructions:u,instructions,0.0,100.0,nan,,ok
8882.799718,nan,,cycles:u,cycles,0.0,100.0,nan,,ok
8882.799718,nan,,branches:u,branches,0.0,100.0,nan,,ok
8882.799718,nan,,branch-misses:u,branch-misses,0.0,100.0,nan,,ok
8882.799718,nan,,L1-dcache-loads:u,l1-dcache-loads,0.0,100.0,nan,,ok
8882.799718,nan,,cache-references:u,cache-references,0.0,100.0,nan,,ok
8882.799718,nan,,cache-misses:u,cache-misses,0.0,100.0,nan,,ok
8882.799718,nan,,stalled-cycles-frontend:u,stalled-cycles-frontend,0.0,100.0,nan,,ok
8894.123345,nan,,instructions:u,instructions,0.0,100.0,nan,,ok
8894.123345,nan,,cycles:u,cycles,0.0,100.0,nan,,ok
8894.123345,nan,,branches:u,branches,0.0,100.0,nan,,ok
8894.123345,nan,,branch-misses:u,branch-misses,0.0,100.0,nan,,ok
8894.123345,nan,,L1-dcache-loads:u,l1-dcache-loads,0.0,100.0,nan,,ok
8894.123345,nan,,cache-references:u,cache-references,0.0,100.0,nan,,ok
8894.123345,nan,,cache-misses:u,cache-misses,0.0,100.0,nan,,ok
8894.123345,nan,,stalled-cycles-frontend:u,stalled-cycles-frontend,0.0,100.0,nan,,ok
8905.5849,nan,,instructions:u,instructions,0.0,100.0,nan,,ok
8905.5849,nan,,cycles:u,cycles,0.0,100.0,nan,,ok
8905.5849,nan,,branches:u,branches,0.0,100.0,nan,,ok
8905.5849,nan,,branch-misses:u,branch-misses,0.0,100.0,nan,,ok
8905.5849,nan,,L1-dcache-loads:u,l1-dcache-loads,0.0,100.0,nan,,ok
8905.5849,nan,,cache-references:u,cache-references,0.0,100.0,nan,,ok
8905.5849,nan,,cache-misses:u,cache-misses,0.0,100.0,nan,,ok
8905.5849,nan,,stalled-cycles-frontend:u,stalled-cycles-frontend,0.0,100.0,nan,,ok
8917.044116,nan,,instructions:u,instructions,0.0,100.0,nan,,ok
8917.044116,nan,,cycles:u,cycles,0.0,100.0,nan,,ok
8917.044116,nan,,branches:u,branches,0.0,100.0,nan,,ok
8917.044116,nan,,branch-misses:u,branch-misses,0.0,100.0,nan,,ok
8917.044116,nan,,L1-dcache-loads:u,l1-dcache-loads,0.0,100.0,nan,,ok
8917.044116,nan,,cache-references:u,cache-references,0.0,100.0,nan,,ok
8917.044116,nan,,cache-misses:u,cache-misses,0.0,100.0,nan,,ok
8917.044116,nan,,stalled-cycles-frontend:u,stalled-cycles-frontend,0.0,100.0,nan,,ok
8928.403244,nan,,instructions:u,instructions,0.0,0.0,nan,,ok
8928.403244,nan,,cycles:u,cycles,0.0,0.0,nan,,ok
8928.403244,0.0,,branches:u,branches,712493.0,100.0,nan,,ok
8928.403244,0.0,,branch-misses:u,branch-misses,733936.0,100.0,nan,,ok
8928.403244,0.0,,L1-dcache-loads:u,l1-dcache-loads,756395.0,100.0,nan,,ok
8928.403244,0.0,,cache-references:u,cache-references,776878.0,100.0,nan,,ok
8928.403244,0.0,,cache-misses:u,cache-misses,794625.0,100.0,nan,,ok
8928.403244,nan,,stalled-cycles-frontend:u,stalled-cycles-frontend,0.0,0.0,nan,,ok
8939.938078000001,0.0,,instructions:u,instructions,29865.0,0.0,nan,,ok
8939.938078000001,nan,,cycles:u,cycles,0.0,0.0,nan,,ok
8939.938078000001,0.0,,branches:u,branches,273573.0,8.0,nan,,ok
8939.938078000001,0.0,,branch-misses:u,branch-misses,1252134.0,38.0,nan,,ok
8939.938078000001,0.0,,L1-dcache-loads:u,l1-dcache-loads,2223726.0,68.0,nan,,ok
8939.938078000001,0.0,,cache-references:u,cache-references,3205362.0,99.0,nan,,ok
8939.938078000001,0.0,,cache-misses:u,cache-misses,3217480.0,100.0,nan,,ok
8939.938078000001,0.0,,stalled-cycles-frontend:u,stalled-cycles-frontend,29865.0,0.0,nan,,ok
8951.328518,nan,,instructions:u,instructions,0.0,100.0,nan,,ok
8951.328518,nan,,cycles:u,cycles,0.0,100.0,nan,,ok
8951.328518,nan,,branches:u,branches,0.0,100.0,nan,,ok
8951.328518,nan,,branch-misses:u,branch-misses,0.0,100.0,nan,,ok
8951.328518,nan,,L1-dcache-loads:u,l1-dcache-loads,0.0,100.0,nan,,ok
8951.328518,nan,,cache-references:u,cache-references,0.0,100.0,nan,,ok
8951.328518,nan,,cache-misses:u,cache-misses,0.0,100.0,nan,,ok
8951.328518,nan,,stalled-cycles-frontend:u,stalled-cycles-frontend,0.0,100.0,nan,,ok
8962.868977,nan,,instructions:u,instructions,0.0,100.0,nan,,ok
8962.868977,nan,,cycles:u,cycles,0.0,100.0,nan,,ok
8962.868977,nan,,branches:u,branches,0.0,100.0,nan,,ok
8962.868977,nan,,branch-misses:u,branch-misses,0.0,100.0,nan,,ok
8962.868977,nan,,L1-dcache-loads:u,l1-dcache-loads,0.0,100.0,nan,,ok
8962.868977,nan,,cache-references:u,cache-references,0.0,100.0,nan,,ok
8962.868977,nan,,cache-misses:u,cache-misses,0.0,100.0,nan,,ok
8962.868977,nan,,stalled-cycles-frontend:u,stalled-cycles-frontend,0.0,100.0,nan,,ok
8974.200465999998,nan,,instructions:u,instructions,0.0,100.0,nan,,ok
8974.200465999998,nan,,cycles:u,cycles,0.0,100.0,nan,,ok
8974.200465999998,nan,,branches:u,branches,0.0,100.0,nan,,ok
8974.200465999998,nan,,branch-misses:u,branch-misses,0.0,100.0,nan,,ok
8974.200465999998,nan,,L1-dcache-loads:u,l1-dcache-loads,0.0,100.0,nan,,ok
8974.200465999998,nan,,cache-references:u,cache-references,0.0,100.0,nan,,ok
8974.200465999998,nan,,cache-misses:u,cache-misses,0.0,100.0,nan,,ok
8974.200465999998,nan,,stalled-cycles-frontend:u,stalled-cycles-frontend,0.0,100.0,nan,,ok
8985.630666000001,0.0,,instructions:u,instructions,1898112.0,100.0,nan,,ok
8985.630666000001,0.0,,cycles:u,cycles,945959.0,49.0,nan,,ok
8985.630666000001,0.0,,branches:u,branches,973358.0,49.0,nan,,ok
8985.630666000001,0.0,,branch-misses:u,branch-misses,1070281.0,52.0,nan,,ok
8985.630666000001,0.0,,L1-dcache-loads:u,l1-dcache-loads,84201.0,4.0,nan,,ok
8985.630666000001,nan,,cache-references:u,cache-references,0.0,0.0,nan,,ok
8985.630666000001,0.0,,cache-misses:u,cache-misses,975526.0,46.0,nan,,ok
8985.630666000001,0.0,,stalled-cycles-frontend:u,stalled-cycles-frontend,1983067.0,94.0,nan,,ok
8997.504411,0.0,,instructions:u,instructions,1077335.0,50.0,nan,,ok
8997.504411,0.0,,cycles:u,cycles,2056688.0,98.0,nan,,ok
8997.504411,0.0,,branches:u,branches,2068541.0,100.0,nan,,ok
8997.504411,0.0,,branch-misses:u,branch-misses,1971618.0,100.0,nan,,ok
8997.504411,0.0,,L1-dcache-loads:u,l1-dcache-loads,1950157.0,100.0,nan,,ok
8997.504411,0.0,,cache-references:u,cache-references,1041978.0,53.0,nan,,ok
8997.504411,0.0,,cache-misses:u,cache-misses,39252.0,2.0,nan,,ok
8997.504411,nan,,stalled-cycles-frontend:u,stalled-cycles-frontend,0.0,0.0,nan,,ok
9008.822386,nan,,instructions:u,instructions,0.0,100.0,nan,,ok
9008.822386,nan,,cycles:u,cycles,0.0,100.0,nan,,ok
9008.822386,nan,,branches:u,branches,0.0,100.0,nan,,ok
9008.822386,nan,,branch-misses:u,branch-misses,0.0,100.0,nan,,ok
9008.822386,nan,,L1-dcache-loads:u,l1-dcache-loads,0.0,100.0,nan,,ok
9008.822386,nan,,cache-references:u,cache-references,0.0,100.0,nan,,ok
9008.822386,nan,,cache-misses:u,cache-misses,0.0,100.0,nan,,ok
9008.822386,nan,,stalled-cycles-frontend:u,stalled-cycles-frontend,0.0,100.0,nan,,ok
9020.246515,nan,,instructions:u,instructions,0.0,100.0,nan,,ok
9020.246515,nan,,cycles:u,cycles,0.0,100.0,nan,,ok
9020.246515,nan,,branches:u,branches,0.0,100.0,nan,,ok
9020.246515,nan,,branch-misses:u,branch-misses,0.0,100.0,nan,,ok
9020.246515,nan,,L1-dcache-loads:u,l1-dcache-loads,0.0,100.0,nan,,ok
9020.246515,nan,,cache-references:u,cache-references,0.0,100.0,nan,,ok
9020.246515,nan,,cache-misses:u,cache-misses,0.0,100.0,nan,,ok
9020.246515,nan,,stalled-cycles-frontend:u,stalled-cycles-frontend,0.0,100.0,nan,,ok
9031.753533,nan,,instructions:u,instructions,0.0,100.0,nan,,ok
9031.753533,nan,,cycles:u,cycles,0.0,100.0,nan,,ok
9031.753533,nan,,branches:u,branches,0.0,100.0,nan,,ok
9031.753533,nan,,branch-misses:u,branch-misses,0.0,100.0,nan,,ok
9031.753533,nan,,L1-dcache-loads:u,l1-dcache-loads,0.0,100.0,nan,,ok
9031.753533,nan,,cache-references:u,cache-references,0.0,100.0,nan,,ok
9031.753533,nan,,cache-misses:u,cache-misses,0.0,100.0,nan,,ok
9031.753533,nan,,stalled-cycles-frontend:u,stalled-cycles-frontend,0.0,100.0,nan,,ok
9043.297542999999,nan,,instructions:u,instructions,0.0,100.0,nan,,ok
9043.297542999999,nan,,cycles:u,cycles,0.0,100.0,nan,,ok
9043.297542999999,nan,,branches:u,branches,0.0,100.0,nan,,ok
9043.297542999999,nan,,branch-misses:u,branch-misses,0.0,100.0,nan,,ok
9043.297542999999,nan,,L1-dcache-loads:u,l1-dcache-loads,0.0,100.0,nan,,ok
9043.297542999999,nan,,cache-references:u,cache-references,0.0,100.0,nan,,ok
9043.297542999999,nan,,cache-misses:u,cache-misses,0.0,100.0,nan,,ok
9043.297542999999,nan,,stalled-cycles-frontend:u,stalled-cycles-frontend,0.0,100.0,nan,,ok
9054.698535,nan,,instructions:u,instructions,0.0,100.0,nan,,ok
9054.698535,nan,,cycles:u,cycles,0.0,100.0,nan,,ok
9054.698535,nan,,branches:u,branches,0.0,100.0,nan,,ok
9054.698535,nan,,branch-misses:u,branch-misses,0.0,100.0,nan,,ok
9054.698535,nan,,L1-dcache-loads:u,l1-dcache-loads,0.0,100.0,nan,,ok
9054.698535,nan,,cache-references:u,cache-references,0.0,100.0,nan,,ok
9054.698535,nan,,cache-misses:u,cache-misses,0.0,100.0,nan,,ok
9054.698535,nan,,stalled-cycles-frontend:u,stalled-cycles-frontend,0.0,100.0,nan,,ok
9066.192425000001,nan,,instructions:u,instructions,0.0,100.0,nan,,ok
9066.192425000001,nan,,cycles:u,cycles,0.0,100.0,nan,,ok
9066.192425000001,nan,,branches:u,branches,0.0,100.0,nan,,ok
9066.192425000001,nan,,branch-misses:u,branch-misses,0.0,100.0,nan,,ok
9066.192425000001,nan,,L1-dcache-loads:u,l1-dcache-loads,0.0,100.0,nan,,ok
9066.192425000001,nan,,cache-references:u,cache-references,0.0,100.0,nan,,ok
9066.192425000001,nan,,cache-misses:u,cache-misses,0.0,100.0,nan,,ok
9066.192425000001,nan,,stalled-cycles-frontend:u,stalled-cycles-frontend,0.0,100.0,nan,,ok
9077.693761,nan,,instructions:u,instructions,0.0,100.0,nan,,ok
9077.693761,nan,,cycles:u,cycles,0.0,100.0,nan,,ok
9077.693761,0.0,,branches:u,branches,38309.0,100.0,nan,,ok
9077.693761,0.0,,branch-misses:u,branch-misses,60622.0,100.0,nan,,ok
9077.693761,0.0,,L1-dcache-loads:u,l1-dcache-loads,82410.0,100.0,nan,,ok
9077.693761,0.0,,cache-references:u,cache-references,100513.0,100.0,nan,,ok
9077.693761,0.0,,cache-misses:u,cache-misses,120795.0,100.0,nan,,ok
9077.693761,nan,,stalled-cycles-frontend:u,stalled-cycles-frontend,0.0,0.0,nan,,ok
9089.477077,0.0,,instructions:u,instructions,241271.0,5.0,nan,,ok
9089.477077,nan,,cycles:u,cycles,0.0,0.0,nan,,ok
9089.477077,0.0,,branches:u,branches,944769.0,22.0,nan,,ok
9089.477077,0.0,,branch-misses:u,branch-misses,1923447.0,46.0,nan,,ok
9089.477077,0.0,,L1-dcache-loads:u,l1-dcache-loads,2899175.0,69.0,nan,,ok
9089.477077,0.0,,cache-references:u,cache-references,3882500.0,94.0,nan,,ok
9089.477077,0.0,,cache-misses:u,cache-misses,4103489.0,100.0,nan,,ok
9089.477077,0.0,,stalled-cycles-frontend:u,stalled-cycles-frontend,241271.0,5.0,nan,,ok
9102.805112,nan,,instructions:u,instructions,0.0,100.0,nan,,ok
9102.805112,nan,,cycles:u,cycles,0.0,100.0,nan,,ok
9102.805112,nan,,branches:u,branches,0.0,100.0,nan,,ok
9102.805112,nan,,branch-misses:u,branch-misses,0.0,100.0,nan,,ok
9102.805112,nan,,L1-dcache-loads:u,l1-dcache-loads,0.0,100.0,nan,,ok
9102.805112,nan,,cache-references:u,cache-references,0.0,100.0,nan,,ok
9102.805112,nan,,cache-misses:u,cache-misses,0.0,100.0,nan,,ok
9102.805112,nan,,stalled-cycles-frontend:u,stalled-cycles-frontend,0.0,100.0,nan,,ok
9115.788991000001,nan,,instructions:u,instructions,0.0,100.0,nan,,ok
9115.788991000001,nan,,cycles:u,cycles,0.0,100.0,nan,,ok
9115.788991000001,nan,,branches:u,branches,0.0,100.0,nan,,ok
9115.788991000001,nan,,branch-misses:u,branch-misses,0.0,100.0,nan,,ok
9115.788991000001,nan,,L1-dcache-loads:u,l1-dcache-loads,0.0,100.0,nan,,ok
9115.788991000001,nan,,cache-references:u,cache-references,0.0,100.0,nan,,ok
9115.788991000001,nan,,cache-misses:u,cache-misses,0.0,100.0,nan,,ok
9115.788991000001,nan,,stalled-cycles-frontend:u,stalled-cycles-frontend,0.0,100.0,nan,,ok
9128.788584,nan,,instructions:u,instructions,0.0,100.0,nan,,ok
9128.788584,nan,,cycles:u,cycles,0.0,100.0,nan,,ok
9128.788584,nan,,branches:u,branches,0.0,100.0,nan,,ok
9128.788584,nan,,branch-misses:u,branch-misses,0.0,100.0,nan,,ok
9128.788584,nan,,L1-dcache-loads:u,l1-dcache-loads,0.0,100.0,nan,,ok
9128.788584,nan,,cache-references:u,cache-references,0.0,100.0,nan,,ok
9128.788584,nan,,cache-misses:u,cache-misses,0.0,100.0,nan,,ok
9128.788584,nan,,stalled-cycles-frontend:u,stalled-cycles-frontend,0.0,100.0,nan,,ok
9141.79531,nan,,instructions:u,instructions,0.0,100.0,nan,,ok
9141.79531,nan,,cycles:u,cycles,0.0,100.0,nan,,ok
9141.79531,nan,,branches:u,branches,0.0,100.0,nan,,ok
9141.79531,nan,,branch-misses:u,branch-misses,0.0,100.0,nan,,ok
9141.79531,nan,,L1-dcache-loads:u,l1-dcache-loads,0.0,100.0,nan,,ok
9141.79531,nan,,cache-references:u,cache-references,0.0,100.0,nan,,ok
9141.79531,nan,,cache-misses:u,cache-misses,0.0,100.0,nan,,ok
9141.79531,nan,,stalled-cycles-frontend:u,stalled-cycles-frontend,0.0,100.0,nan,,ok
9154.792243,0.0,,instructions:u,instructions,2995516.0,73.0,nan,,ok
9154.792243,0.0,,cycles:u,cycles,3000155.0,73.0,nan,,ok
9154.792243,0.0,,branches:u,branches,3111464.0,75.0,nan,,ok
9154.792243,0.0,,branch-misses:u,branch-misses,3132412.0,75.0,nan,,ok
9154.792243,0.0,,L1-dcache-loads:u,l1-dcache-loads,2145234.0,51.0,nan,,ok
9154.792243,0.0,,cache-references:u,cache-references,1166615.0,28.0,nan,,ok
9154.792243,0.0,,cache-misses:u,cache-misses,1185684.0,28.0,nan,,ok
9154.792243,0.0,,stalled-cycles-frontend:u,stalled-cycles-frontend,1998366.0,47.0,nan,,ok
9167.793788,0.0,,instructions:u,instructions,115269.0,2.0,nan,,ok
9167.793788,nan,,cycles:u,cycles,0.0,0.0,nan,,ok
9167.793788,0.0,,branches:u,branches,888541.0,22.0,nan,,ok
9167.793788,0.0,,branch-misses:u,branch-misses,1866597.0,46.0,nan,,ok
9167.793788,0.0,,L1-dcache-loads:u,l1-dcache-loads,2844198.0,71.0,nan,,ok
9167.793788,0.0,,cache-references:u,cache-references,3831512.0,97.0,nan,,ok
9167.793788,0.0,,cache-misses:u,cache-misses,3923073.0,100.0,nan,,ok
9167.793788,0.0,,stalled-cycles-frontend:u,stalled-cycles-frontend,115269.0,2.0,nan,,ok
9180.794629999999,nan,,instructions:u,instructions,0.0,100.0,nan,,ok
9180.794629999999,nan,,cycles:u,cycles,0.0,100.0,nan,,ok
9180.794629999999,nan,,branches:u,branches,0.0,100.0,nan,,ok
9180.794629999999,nan,,branch-misses:u,branch-misses,0.0,100.0,nan,,ok
9180.794629999999,nan,,L1-dcache-loads:u,l1-dcache-loads,0.0,100.0,nan,,ok
9180.794629999999,nan,,cache-references:u,cache-references,0.0,100.0,nan,,ok
9180.794629999999,nan,,cache-misses:u,cache-misses,0.0,100.0,nan,,ok
9180.794629999999,nan,,stalled-cycles-frontend:u,stalled-cycles-frontend,0.0,100.0,nan,,ok
9193.785808999999,nan,,instructions:u,instructions,0.0,100.0,nan,,ok
9193.785808999999,nan,,cycles:u,cycles,0.0,100.0,nan,,ok
9193.785808999999,nan,,branches:u,branches,0.0,100.0,nan,,ok
9193.785808999999,nan,,branch-misses:u,branch-misses,0.0,100.0,nan,,ok
9193.785808999999,nan,,L1-dcache-loads:u,l1-dcache-loads,0.0,100.0,nan,,ok
9193.785808999999,nan,,cache-references:u,cache-references,0.0,100.0,nan,,ok
9193.785808999999,nan,,cache-misses:u,cache-misses,0.0,100.0,nan,,ok
9193.785808999999,nan,,stalled-cycles-frontend:u,stalled-cycles-frontend,0.0,100.0,nan,,ok
9206.797228,nan,,instructions:u,instructions,0.0,100.0,nan,,ok
9206.797228,nan,,cycles:u,cycles,0.0,100.0,nan,,ok
9206.797228,nan,,branches:u,branches,0.0,100.0,nan,,ok
9206.797228,nan,,branch-misses:u,branch-misses,0.0,100.0,nan,,ok
9206.797228,nan,,L1-dcache-loads:u,l1-dcache-loads,0.0,100.0,nan,,ok
9206.797228,nan,,cache-references:u,cache-references,0.0,100.0,nan,,ok
9206.797228,nan,,cache-misses:u,cache-misses,0.0,100.0,nan,,ok
9206.797228,nan,,stalled-cycles-frontend:u,stalled-cycles-frontend,0.0,100.0,nan,,ok
9219.7943,0.0,,instructions:u,instructions,2994929.0,48.0,nan,,ok
9219.7943,0.0,,cycles:u,cycles,3000666.0,48.0,nan,,ok
9219.7943,0.0,,branches:u,branches,4001965.0,64.0,nan,,ok
9219.7943,0.0,,branch-misses:u,branch-misses,5001263.0,80.0,nan,,ok
9219.7943,0.0,,L1-dcache-loads:u,l1-dcache-loads,4208876.0,67.0,nan,,ok
9219.7943,0.0,,cache-references:u,cache-references,3200596.0,51.0,nan,,ok
9219.7943,0.0,,cache-misses:u,cache-misses,3194859.0,51.0,nan,,ok
9219.7943,0.0,,stalled-cycles-frontend:u,stalled-cycles-frontend,1986649.0,32.0,nan,,ok
9232.793097,nan,,instructions:u,instructions,0.0,100.0,nan,,ok
9232.793097,nan,,cycles:u,cycles,0.0,100.0,nan,,ok
9232.793097,nan,,branches:u,branches,0.0,100.0,nan,,ok
9232.793097,nan,,branch-misses:u,branch-misses,0.0,100.0,nan,,ok
9232.793097,nan,,L1-dcache-loads:u,l1-dcache-loads,0.0,100.0,nan,,ok
9232.793097,nan,,cache-references:u,cache-references,0.0,100.0,nan,,ok
9232.793097,nan,,cache-misses:u,cache-misses,0.0,100.0,nan,,ok
9232.793097,nan,,stalled-cycles-frontend:u,stalled-cycles-frontend,0.0,100.0,nan,,ok
9245.789594,nan,,instructions:u,instructions,0.0,100.0,nan,,ok
9245.789594,nan,,cycles:u,cycles,0.0,100.0,nan,,ok
9245.789594,nan,,branches:u,branches,0.0,100.0,nan,,ok
9245.789594,nan,,branch-misses:u,branch-misses,0.0,100.0,nan,,ok
9245.789594,nan,,L1-dcache-loads:u,l1-dcache-loads,0.0,100.0,nan,,ok
9245.789594,nan,,cache-references:u,cache-references,0.0,100.0,nan,,ok
9245.789594,nan,,cache-misses:u,cache-misses,0.0,100.0,nan,,ok
9245.789594,nan,,stalled-cycles-frontend:u,stalled-cycles-frontend,0.0,100.0,nan,,ok
9258.792148999999,nan,,instructions:u,instructions,0.0,100.0,nan,,ok
9258.792148999999,nan,,cycles:u,cycles,0.0,100.0,nan,,ok
9258.792148999999,nan,,branches:u,branches,0.0,100.0,nan,,ok
9258.792148999999,nan,,branch-misses:u,branch-misses,0.0,100.0,nan,,ok
9258.792148999999,nan,,L1-dcache-loads:u,l1-dcache-loads,0.0,100.0,nan,,ok
9258.792148999999,nan,,cache-references:u,cache-references,0.0,100.0,nan,,ok
9258.792148999999,nan,,cache-misses:u,cache-misses,0.0,100.0,nan,,ok
9258.792148999999,nan,,stalled-cycles-frontend:u,stalled-cycles-frontend,0.0,100.0,nan,,ok
9271.800318,nan,,instructions:u,instructions,0.0,100.0,nan,,ok
9271.800318,nan,,cycles:u,cycles,0.0,100.0,nan,,ok
9271.800318,nan,,branches:u,branches,0.0,100.0,nan,,ok
9271.800318,nan,,branch-misses:u,branch-misses,0.0,100.0,nan,,ok
9271.800318,nan,,L1-dcache-loads:u,l1-dcache-loads,0.0,100.0,nan,,ok
9271.800318,nan,,cache-references:u,cache-references,0.0,100.0,nan,,ok
9271.800318,nan,,cache-misses:u,cache-misses,0.0,100.0,nan,,ok
9271.800318,nan,,stalled-cycles-frontend:u,stalled-cycles-frontend,0.0,100.0,nan,,ok
9296.793007,0.0,,instructions:u,instructions,3009284.0,49.0,nan,,ok
9296.793007,0.0,,cycles:u,cycles,3007725.0,49.0,nan,,ok
9296.793007,0.0,,branches:u,branches,3067739.0,50.0,nan,,ok
9296.793007,0.0,,branch-misses:u,branch-misses,3067739.0,50.0,nan,,ok
9296.793007,0.0,,L1-dcache-loads:u,l1-dcache-loads,3062201.0,50.0,nan,,ok
9296.793007,0.0,,cache-references:u,cache-references,3055546.0,50.0,nan,,ok
9296.793007,0.0,,cache-misses:u,cache-misses,3057105.0,50.0,nan,,ok
9296.793007,0.0,,stalled-cycles-frontend:u,stalled-cycles-frontend,2005338.0,33.0,nan,,ok
9317.792259999998,nan,,instructions:u,instructions,0.0,100.0,nan,,ok
9317.792259999998,nan,,cycles:u,cycles,0.0,100.0,nan,,ok
9317.792259999998,nan,,branches:u,branches,0.0,100.0,nan,,ok
9317.792259999998,nan,,branch-misses:u,branch-misses,0.0,100.0,nan,,ok
9317.792259999998,nan,,L1-dcache-loads:u,l1-dcache-loads,0.0,100.0,nan,,ok
9317.792259999998,nan,,cache-references:u,cache-references,0.0,100.0,nan,,ok
9317.792259999998,nan,,cache-misses:u,cache-misses,0.0,100.0,nan,,ok
9317.792259999998,nan,,stalled-cycles-frontend:u,stalled-cycles-frontend,0.0,100.0,nan,,ok
9330.794627,nan,,instructions:u,instructions,0.0,100.0,nan,,ok
9330.794627,nan,,cycles:u,cycles,0.0,100.0,nan,,ok
9330.794627,nan,,branches:u,branches,0.0,100.0,nan,,ok
9330.794627,nan,,branch-misses:u,branch-misses,0.0,100.0,nan,,ok
9330.794627,nan,,L1-dcache-loads:u,l1-dcache-loads,0.0,100.0,nan,,ok
9330.794627,nan,,cache-references:u,cache-references,0.0,100.0,nan,,ok
9330.794627,nan,,cache-misses:u,cache-misses,0.0,100.0,nan,,ok
9330.794627,nan,,stalled-cycles-frontend:u,stalled-cycles-frontend,0.0,100.0,nan,,ok
9343.795551,0.0,,instructions:u,instructions,3013744.0,40.0,nan,,ok
9343.795551,0.0,,cycles:u,cycles,2381770.0,32.0,nan,,ok
9343.795551,0.0,,branches:u,branches,3394373.0,46.0,nan,,ok
9343.795551,0.0,,branch-misses:u,branch-misses,4362446.0,59.0,nan,,ok
9343.795551,0.0,,L1-dcache-loads:u,l1-dcache-loads,4339373.0,58.0,nan,,ok
9343.795551,0.0,,cache-references:u,cache-references,4345000.0,59.0,nan,,ok
9343.795551,0.0,,cache-misses:u,cache-misses,4976974.0,67.0,nan,,ok
9343.795551,0.0,,stalled-cycles-frontend:u,stalled-cycles-frontend,2015116.0,27.0,nan,,ok
9356.790058999999,nan,,instructions:u,instructions,0.0,100.0,nan,,ok
9356.790058999999,nan,,cycles:u,cycles,0.0,100.0,nan,,ok
9356.790058999999,nan,,branches:u,branches,0.0,100.0,nan,,ok
9356.790058999999,nan,,branch-misses:u,branch-misses,0.0,100.0,nan,,ok
9356.790058999999,nan,,L1-dcache-loads:u,l1-dcache-loads,0.0,100.0,nan,,ok
9356.790058999999,nan,,cache-references:u,cache-references,0.0,100.0,nan,,ok
9356.790058999999,nan,,cache-misses:u,cache-misses,0.0,100.0,nan,,ok
9356.790058999999,nan,,stalled-cycles-frontend:u,stalled-cycles-frontend,0.0,100.0,nan,,ok
9369.789079,nan,,instructions:u,instructions,0.0,100.0,nan,,ok
9369.789079,nan,,cycles:u,cycles,0.0,100.0,nan,,ok
9369.789079,nan,,branches:u,branches,0.0,100.0,nan,,ok
9369.789079,nan,,branch-misses:u,branch-misses,0.0,100.0,nan,,ok
9369.789079,nan,,L1-dcache-loads:u,l1-dcache-loads,0.0,100.0,nan,,ok
9369.789079,nan,,cache-references:u,cache-references,0.0,100.0,nan,,ok
9369.789079,nan,,cache-misses:u,cache-misses,0.0,100.0,nan,,ok
9369.789079,nan,,stalled-cycles-frontend:u,stalled-cycles-frontend,0.0,100.0,nan,,ok
9398.80435,nan,,instructions:u,instructions,0.0,100.0,nan,,ok
9398.80435,nan,,cycles:u,cycles,0.0,100.0,nan,,ok
9398.80435,nan,,branches:u,branches,0.0,100.0,nan,,ok
9398.80435,nan,,branch-misses:u,branch-misses,0.0,100.0,nan,,ok
9398.80435,nan,,L1-dcache-loads:u,l1-dcache-loads,0.0,100.0,nan,,ok
9398.80435,nan,,cache-references:u,cache-references,0.0,100.0,nan,,ok
9398.80435,nan,,cache-misses:u,cache-misses,0.0,100.0,nan,,ok
9398.80435,nan,,stalled-cycles-frontend:u,stalled-cycles-frontend,0.0,100.0,nan,,ok
9415.798985,0.0,,instructions:u,instructions,1788945.0,26.0,nan,,ok
9415.798985,0.0,,cycles:u,cycles,1810972.0,26.0,nan,,ok
9415.798985,0.0,,branches:u,branches,2793331.0,41.0,nan,,ok
9415.798985,0.0,,branch-misses:u,branch-misses,3769430.0,55.0,nan,,ok
9415.798985,0.0,,L1-dcache-loads:u,l1-dcache-loads,3975670.0,58.0,nan,,ok
9415.798985,0.0,,cache-references:u,cache-references,4980090.0,73.0,nan,,ok
9415.798985,0.0,,cache-misses:u,cache-misses,4958063.0,73.0,nan,,ok
9415.798985,0.0,,stalled-cycles-frontend:u,stalled-cycles-frontend,1788945.0,26.0,nan,,ok
9428.788936,nan,,instructions:u,instructions,0.0,100.0,nan,,ok
9428.788936,nan,,cycles:u,cycles,0.0,100.0,nan,,ok
9428.788936,nan,,branches:u,branches,0.0,100.0,nan,,ok
9428.788936,nan,,branch-misses:u,branch-misses,0.0,100.0,nan,,ok
9428.788936,nan,,L1-dcache-loads:u,l1-dcache-loads,0.0,100.0,nan,,ok
9428.788936,nan,,cache-references:u,cache-references,0.0,100.0,nan,,ok
9428.788936,nan,,cache-misses:u,cache-misses,0.0,100.0,nan,,ok
9428.788936,nan,,stalled-cycles-frontend:u,stalled-cycles-frontend,0.0,100.0,nan,,ok
9441.788746,nan,,instructions:u,instructions,0.0,100.0,nan,,ok
9441.788746,nan,,cycles:u,cycles,0.0,100.0,nan,,ok
9441.788746,nan,,branches:u,branches,0.0,100.0,nan,,ok
9441.788746,nan,,branch-misses:u,branch-misses,0.0,100.0,nan,,ok
9441.788746,nan,,L1-dcache-loads:u,l1-dcache-loads,0.0,100.0,nan,,ok
9441.788746,nan,,cache-references:u,cache-references,0.0,100.0,nan,,ok
9441.788746,nan,,cache-misses:u,cache-misses,0.0,100.0,nan,,ok
9441.788746,nan,,stalled-cycles-frontend:u,stalled-cycles-frontend,0.0,100.0,nan,,ok
9454.790292,nan,,instructions:u,instructions,0.0,100.0,nan,,ok
9454.790292,nan,,cycles:u,cycles,0.0,100.0,nan,,ok
9454.790292,nan,,branches:u,branches,0.0,100.0,nan,,ok
9454.790292,nan,,branch-misses:u,branch-misses,0.0,100.0,nan,,ok
9454.790292,nan,,L1-dcache-loads:u,l1-dcache-loads,0.0,100.0,nan,,ok
9454.790292,nan,,cache-references:u,cache-references,0.0,100.0,nan,,ok
9454.790292,nan,,cache-misses:u,cache-misses,0.0,100.0,nan,,ok
9454.790292,nan,,stalled-cycles-frontend:u,stalled-cycles-frontend,0.0,100.0,nan,,ok
9487.796246,nan,,instructions:u,instructions,0.0,100.0,nan,,ok
9487.796246,nan,,cycles:u,cycles,0.0,100.0,nan,,ok
9487.796246,nan,,branches:u,branches,0.0,100.0,nan,,ok
9487.796246,nan,,branch-misses:u,branch-misses,0.0,100.0,nan,,ok
9487.796246,nan,,L1-dcache-loads:u,l1-dcache-loads,0.0,100.0,nan,,ok
9487.796246,nan,,cache-references:u,cache-references,0.0,100.0,nan,,ok
9487.796246,nan,,cache-misses:u,cache-misses,0.0,100.0,nan,,ok
9487.796246,nan,,stalled-cycles-frontend:u,stalled-cycles-frontend,0.0,100.0,nan,,ok
9504.797307,nan,,instructions:u,instructions,0.0,100.0,nan,,ok
9504.797307,nan,,cycles:u,cycles,0.0,100.0,nan,,ok
9504.797307,nan,,branches:u,branches,0.0,100.0,nan,,ok
9504.797307,nan,,branch-misses:u,branch-misses,0.0,100.0,nan,,ok
9504.797307,nan,,L1-dcache-loads:u,l1-dcache-loads,0.0,100.0,nan,,ok
9504.797307,nan,,cache-references:u,cache-references,0.0,100.0,nan,,ok
9504.797307,nan,,cache-misses:u,cache-misses,0.0,100.0,nan,,ok
9504.797307,nan,,stalled-cycles-frontend:u,stalled-cycles-frontend,0.0,100.0,nan,,ok
9517.798297000001,0.0,,instructions:u,instructions,1974075.0,96.0,nan,,ok
9517.798297000001,0.0,,cycles:u,cycles,2082357.0,100.0,nan,,ok
9517.798297000001,0.0,,branches:u,branches,2100018.0,100.0,nan,,ok
9517.798297000001,0.0,,branch-misses:u,branch-misses,2117522.0,100.0,nan,,ok
9517.798297000001,0.0,,L1-dcache-loads:u,l1-dcache-loads,1152469.0,54.0,nan,,ok
9517.798297000001,0.0,,cache-references:u,cache-references,174731.0,8.0,nan,,ok
9517.798297000001,nan,,cache-misses:u,cache-misses,0.0,0.0,nan,,ok
9517.798297000001,0.0,,stalled-cycles-frontend:u,stalled-cycles-frontend,981130.0,45.0,nan,,ok
9530.796384000001,nan,,instructions:u,instructions,0.0,0.0,nan,,ok
9530.796384000001,0.0,,cycles:u,cycles,890944.0,23.0,nan,,ok
9530.796384000001,0.0,,branches:u,branches,1874967.0,48.0,nan,,ok
9530.796384000001,0.0,,branch-misses:u,branch-misses,2857940.0,74.0,nan,,ok
9530.796384000001,0.0,,L1-dcache-loads:u,l1-dcache-loads,3799573.0,100.0,nan,,ok
9530.796384000001,0.0,,cache-references:u,cache-references,3784366.0,100.0,nan,,ok
9530.796384000001,0.0,,cache-misses:u,cache-misses,2959871.0,78.0,nan,,ok
9530.796384000001,nan,,stalled-cycles-frontend:u,stalled-cycles-frontend,0.0,0.0,nan,,ok
9543.790994,nan,,instructions:u,instructions,0.0,100.0,nan,,ok
9543.790994,nan,,cycles:u,cycles,0.0,100.0,nan,,ok
9543.790994,nan,,branches:u,branches,0.0,100.0,nan,,ok
9543.790994,nan,,branch-misses:u,branch-misses,0.0,100.0,nan,,ok
9543.790994,nan,,L1-dcache-loads:u,l1-dcache-loads,0.0,100.0,nan,,ok
9543.790994,nan,,cache-references:u,cache-references,0.0,100.0,nan,,ok
9543.790994,nan,,cache-misses:u,cache-misses,0.0,100.0,nan,,ok
9543.790994,nan,,stalled-cycles-frontend:u,stalled-cycles-frontend,0.0,100.0,nan,,ok
9556.813816,nan,,instructions:u,instructions,0.0,100.0,nan,,ok
9556.813816,nan,,cycles:u,cycles,0.0,100.0,nan,,ok
9556.813816,nan,,branches:u,branches,0.0,100.0,nan,,ok
9556.813816,nan,,branch-misses:u,branch-misses,0.0,100.0,nan,,ok
9556.813816,nan,,L1-dcache-loads:u,l1-dcache-loads,0.0,100.0,nan,,ok
9556.813816,nan,,cache-references:u,cache-references,0.0,100.0,nan,,ok
9556.813816,nan,,cache-misses:u,cache-misses,0.0,100.0,nan,,ok
9556.813816,nan,,stalled-cycles-frontend:u,stalled-cycles-frontend,0.0,100.0,nan,,ok
9573.796269,nan,,instructions:u,instructions,0.0,100.0,nan,,ok
9573.796269,nan,,cycles:u,cycles,0.0,100.0,nan,,ok
9573.796269,nan,,branches:u,branches,0.0,100.0,nan,,ok
9573.796269,nan,,branch-misses:u,branch-misses,0.0,100.0,nan,,ok
9573.796269,nan,,L1-dcache-loads:u,l1-dcache-loads,0.0,100.0,nan,,ok
9573.796269,nan,,cache-references:u,cache-references,0.0,100.0,nan,,ok
9573.796269,nan,,cache-misses:u,cache-misses,0.0,100.0,nan,,ok
9573.796269,nan,,stalled-cycles-frontend:u,stalled-cycles-frontend,0.0,100.0,nan,,ok
9586.799655,0.0,,instructions:u,instructions,3001365.0,49.0,nan,,ok
9586.799655,0.0,,cycles:u,cycles,3004359.0,49.0,nan,,ok
9586.799655,0.0,,branches:u,branches,3165319.0,51.0,nan,,ok
9586.799655,0.0,,branch-misses:u,branch-misses,3212422.0,51.0,nan,,ok
9586.799655,0.0,,L1-dcache-loads:u,l1-dcache-loads,3233044.0,51.0,nan,,ok
9586.799655,0.0,,cache-references:u,cache-references,3257248.0,52.0,nan,,ok
9586.799655,0.0,,cache-misses:u,cache-misses,3254254.0,51.0,nan,,ok
9586.799655,0.0,,stalled-cycles-frontend:u,stalled-cycles-frontend,2005899.0,32.0,nan,,ok
9599.790764,nan,,instructions:u,instructions,0.0,0.0,nan,,ok
9599.790764,nan,,cycles:u,cycles,0.0,0.0,nan,,ok
9599.790764,0.0,,branches:u,branches,118135.0,100.0,nan,,ok
9599.790764,0.0,,branch-misses:u,branch-misses,71032.0,100.0,nan,,ok
9599.790764,0.0,,L1-dcache-loads:u,l1-dcache-loads,18407.0,100.0,nan,,ok
9599.790764,nan,,cache-references:u,cache-references,0.0,100.0,nan,,ok
9599.790764,nan,,cache-misses:u,cache-misses,0.0,100.0,nan,,ok
9599.790764,nan,,stalled-cycles-frontend:u,stalled-cycles-frontend,0.0,100.0,nan,,ok
9612.79197,nan,,instructions:u,instructions,0.0,100.0,nan,,ok
9612.79197,nan,,cycles:u,cycles,0.0,100.0,nan,,ok
9612.79197,nan,,branches:u,branches,0.0,100.0,nan,,ok
9612.79197,nan,,branch-misses:u,branch-misses,0.0,100.0,nan,,ok
9612.79197,nan,,L1-dcache-loads:u,l1-dcache-loads,0.0,100.0,nan,,ok
9612.79197,nan,,cache-references:u,cache-references,0.0,100.0,nan,,ok
9612.79197,nan,,cache-misses:u,cache-misses,0.0,100.0,nan,,ok
9612.79197,nan,,stalled-cycles-frontend:u,stalled-cycles-frontend,0.0,100.0,nan,,ok
9625.796896,nan,,instructions:u,instructions,0.0,100.0,nan,,ok
9625.796896,nan,,cycles:u,cycles,0.0,100.0,nan,,ok
9625.796896,nan,,branches:u,branches,0.0,100.0,nan,,ok
9625.796896,nan,,branch-misses:u,branch-misses,0.0,100.0,nan,,ok
9625.796896,nan,,L1-dcache-loads:u,l1-dcache-loads,0.0,100.0,nan,,ok
9625.796896,nan,,cache-references:u,cache-references,0.0,100.0,nan,,ok
9625.796896,nan,,cache-misses:u,cache-misses,0.0,100.0,nan,,ok
9625.796896,nan,,stalled-cycles-frontend:u,stalled-cycles-frontend,0.0,100.0,nan,,ok
9650.799181,nan,,instructions:u,instructions,0.0,100.0,nan,,ok
9650.799181,nan,,cycles:u,cycles,0.0,100.0,nan,,ok
9650.799181,nan,,branches:u,branches,0.0,100.0,nan,,ok
9650.799181,nan,,branch-misses:u,branch-misses,0.0,100.0,nan,,ok
9650.799181,nan,,L1-dcache-loads:u,l1-dcache-loads,0.0,100.0,nan,,ok
9650.799181,nan,,cache-references:u,cache-references,0.0,100.0,nan,,ok
9650.799181,nan,,cache-misses:u,cache-misses,0.0,100.0,nan,,ok
9650.799181,nan,,stalled-cycles-frontend:u,stalled-cycles-frontend,0.0,100.0,nan,,ok
9663.792882,nan,,instructions:u,instructions,0.0,100.0,nan,,ok
9663.792882,nan,,cycles:u,cycles,0.0,100.0,nan,,ok
9663.792882,nan,,branches:u,branches,0.0,100.0,nan,,ok
9663.792882,nan,,branch-misses:u,branch-misses,0.0,100.0,nan,,ok
9663.792882,nan,,L1-dcache-loads:u,l1-dcache-loads,0.0,100.0,nan,,ok
9663.792882,nan,,cache-references:u,cache-references,0.0,100.0,nan,,ok
9663.792882,nan,,cache-misses:u,cache-misses,0.0,100.0,nan,,ok
9663.792882,nan,,stalled-cycles-frontend:u,stalled-cycles-frontend,0.0,100.0,nan,,ok
9676.794499,nan,,instructions:u,instructions,0.0,100.0,nan,,ok
9676.794499,nan,,cycles:u,cycles,0.0,100.0,nan,,ok
9676.794499,nan,,branches:u,branches,0.0,100.0,nan,,ok
9676.794499,nan,,branch-misses:u,branch-misses,0.0,100.0,nan,,ok
9676.794499,nan,,L1-dcache-loads:u,l1-dcache-loads,0.0,100.0,nan,,ok
9676.794499,nan,,cache-references:u,cache-references,0.0,100.0,nan,,ok
9676.794499,nan,,cache-misses:u,cache-misses,0.0,100.0,nan,,ok
9676.794499,nan,,stalled-cycles-frontend:u,stalled-cycles-frontend,0.0,100.0,nan,,ok
9689.788459000001,0.0,,instructions:u,instructions,3002706.0,42.0,nan,,ok
9689.788459000001,0.0,,cycles:u,cycles,2146000.0,30.0,nan,,ok
9689.788459000001,0.0,,branches:u,branches,3115140.0,43.0,nan,,ok
9689.788459000001,0.0,,branch-misses:u,branch-misses,4106642.0,57.0,nan,,ok
9689.788459000001,0.0,,L1-dcache-loads:u,l1-dcache-loads,4100508.0,57.0,nan,,ok
9689.788459000001,0.0,,cache-references:u,cache-references,4101958.0,57.0,nan,,ok
9689.788459000001,0.0,,cache-misses:u,cache-misses,4958664.0,69.0,nan,,ok
9689.788459000001,0.0,,stalled-cycles-frontend:u,stalled-cycles-frontend,1996857.0,28.0,nan,,ok
9702.793347,nan,,instructions:u,instructions,0.0,100.0,nan,,ok
9702.793347,nan,,cycles:u,cycles,0.0,100.0,nan,,ok
9702.793347,nan,,branches:u,branches,0.0,100.0,nan,,ok
9702.793347,nan,,branch-misses:u,branch-misses,0.0,100.0,nan,,ok
9702.793347,nan,,L1-dcache-loads:u,l1-dcache-loads,0.0,100.0,nan,,ok
9702.793347,nan,,cache-references:u,cache-references,0.0,100.0,nan,,ok
9702.793347,nan,,cache-misses:u,cache-misses,0.0,100.0,nan,,ok
9702.793347,nan,,stalled-cycles-frontend:u,stalled-cycles-frontend,0.0,100.0,nan,,ok
9728.787211,nan,,instructions:u,instructions,0.0,100.0,nan,,ok
9728.787211,nan,,cycles:u,cycles,0.0,100.0,nan,,ok
9728.787211,nan,,branches:u,branches,0.0,100.0,nan,,ok
9728.787211,nan,,branch-misses:u,branch-misses,0.0,100.0,nan,,ok
9728.787211,nan,,L1-dcache-loads:u,l1-dcache-loads,0.0,100.0,nan,,ok
9728.787211,nan,,cache-references:u,cache-references,0.0,100.0,nan,,ok
9728.787211,nan,,cache-misses:u,cache-misses,0.0,100.0,nan,,ok
9728.787211,nan,,stalled-cycles-frontend:u,stalled-cycles-frontend,0.0,100.0,nan,,ok
9741.793564,nan,,instructions:u,instructions,0.0,100.0,nan,,ok
9741.793564,nan,,cycles:u,cycles,0.0,100.0,nan,,ok
9741.793564,nan,,branches:u,branches,0.0,100.0,nan,,ok
9741.793564,nan,,branch-misses:u,branch-misses,0.0,100.0,nan,,ok
9741.793564,nan,,L1-dcache-loads:u,l1-dcache-loads,0.0,100.0,nan,,ok
9741.793564,nan,,cache-references:u,cache-references,0.0,100.0,nan,,ok
9741.793564,nan,,cache-misses:u,cache-misses,0.0,100.0,nan,,ok
9741.793564,nan,,stalled-cycles-frontend:u,stalled-cycles-frontend,0.0,100.0,nan,,ok
9754.790843,nan,,instructions:u,instructions,0.0,100.0,nan,,ok
9754.790843,nan,,cycles:u,cycles,0.0,100.0,nan,,ok
9754.790843,nan,,branches:u,branches,0.0,100.0,nan,,ok
9754.790843,nan,,branch-misses:u,branch-misses,0.0,100.0,nan,,ok
9754.790843,nan,,L1-dcache-loads:u,l1-dcache-loads,0.0,100.0,nan,,ok
9754.790843,nan,,cache-references:u,cache-references,0.0,100.0,nan,,ok
9754.790843,nan,,cache-misses:u,cache-misses,0.0,100.0,nan,,ok
9754.790843,nan,,stalled-cycles-frontend:u,stalled-cycles-frontend,0.0,100.0,nan,,ok
9767.788271000001,nan,,instructions:u,instructions,0.0,0.0,nan,,ok
9767.788271000001,0.0,,cycles:u,cycles,994987.0,23.0,nan,,ok
9767.788271000001,0.0,,branches:u,branches,1994661.0,46.0,nan,,ok
9767.788271000001,0.0,,branch-misses:u,branch-misses,2990389.0,69.0,nan,,ok
9767.788271000001,0.0,,L1-dcache-loads:u,l1-dcache-loads,3990152.0,92.0,nan,,ok
9767.788271000001,0.0,,cache-references:u,cache-references,4291971.0,100.0,nan,,ok
9767.788271000001,0.0,,cache-misses:u,cache-misses,3296984.0,76.0,nan,,ok
9767.788271000001,nan,,stalled-cycles-frontend:u,stalled-cycles-frontend,0.0,0.0,nan,,ok
9780.81543,nan,,instructions:u,instructions,0.0,100.0,nan,,ok
9780.81543,nan,,cycles:u,cycles,0.0,100.0,nan,,ok
9780.81543,nan,,branches:u,branches,0.0,100.0,nan,,ok
9780.81543,nan,,branch-misses:u,branch-misses,0.0,100.0,nan,,ok
9780.81543,nan,,L1-dcache-loads:u,l1-dcache-loads,0.0,100.0,nan,,ok
9780.81543,nan,,cache-references:u,cache-references,0.0,100.0,nan,,ok
9780.81543,nan,,cache-misses:u,cache-misses,0.0,100.0,nan,,ok
9780.81543,nan,,stalled-cycles-frontend:u,stalled-cycles-frontend,0.0,100.0,nan,,ok
9797.793379,nan,,instructions:u,instructions,0.0,100.0,nan,,ok
9797.793379,nan,,cycles:u,cycles,0.0,100.0,nan,,ok
9797.793379,nan,,branches:u,branches,0.0,100.0,nan,,ok
9797.793379,nan,,branch-misses:u,branch-misses,0.0,100.0,nan,,ok
9797.793379,nan,,L1-dcache-loads:u,l1-dcache-loads,0.0,100.0,nan,,ok
9797.793379,nan,,cache-references:u,cache-references,0.0,100.0,nan,,ok
9797.793379,nan,,cache-misses:u,cache-misses,0.0,100.0,nan,,ok
9797.793379,nan,,stalled-cycles-frontend:u,stalled-cycles-frontend,0.0,100.0,nan,,ok
9810.79711,nan,,instructions:u,instructions,0.0,100.0,nan,,ok
9810.79711,nan,,cycles:u,cycles,0.0,100.0,nan,,ok
9810.79711,nan,,branches:u,branches,0.0,100.0,nan,,ok
9810.79711,nan,,branch-misses:u,branch-misses,0.0,100.0,nan,,ok
9810.79711,nan,,L1-dcache-loads:u,l1-dcache-loads,0.0,100.0,nan,,ok
9810.79711,nan,,cache-references:u,cache-references,0.0,100.0,nan,,ok
9810.79711,nan,,cache-misses:u,cache-misses,0.0,100.0,nan,,ok
9810.79711,nan,,stalled-cycles-frontend:u,stalled-cycles-frontend,0.0,100.0,nan,,ok
9823.78995,0.0,,instructions:u,instructions,2987696.0,73.0,nan,,ok
9823.78995,0.0,,cycles:u,cycles,2123703.0,51.0,nan,,ok
9823.78995,0.0,,branches:u,branches,2144383.0,51.0,nan,,ok
9823.78995,0.0,,branch-misses:u,branch-misses,2165671.0,52.0,nan,,ok
9823.78995,0.0,,L1-dcache-loads:u,l1-dcache-loads,1182698.0,28.0,nan,,ok
9823.78995,0.0,,cache-references:u,cache-references,1208873.0,28.0,nan,,ok
9823.78995,0.0,,cache-misses:u,cache-misses,1981622.0,47.0,nan,,ok
9823.78995,0.0,,stalled-cycles-frontend:u,stalled-cycles-frontend,1992474.0,47.0,nan,,ok
9836.808506000001,nan,,instructions:u,instructions,0.0,0.0,nan,,ok
9836.808506000001,0.0,,cycles:u,cycles,887398.0,51.0,nan,,ok
9836.808506000001,0.0,,branches:u,branches,1695349.0,100.0,nan,,ok
9836.808506000001,0.0,,branch-misses:u,branch-misses,1674061.0,100.0,nan,,ok
9836.808506000001,0.0,,L1-dcache-loads:u,l1-dcache-loads,1649146.0,100.0,nan,,ok
9836.808506000001,0.0,,cache-references:u,cache-references,1624785.0,100.0,nan,,ok
9836.808506000001,0.0,,cache-misses:u,cache-misses,828631.0,51.0,nan,,ok
9836.808506000001,nan,,stalled-cycles-frontend:u,stalled-cycles-frontend,0.0,0.0,nan,,ok
9853.795391,nan,,instructions:u,instructions,0.0,100.0,nan,,ok
9853.795391,nan,,cycles:u,cycles,0.0,100.0,nan,,ok
9853.795391,nan,,branches:u,branches,0.0,100.0,nan,,ok
9853.795391,nan,,branch-misses:u,branch-misses,0.0,100.0,nan,,ok
9853.795391,nan,,L1-dcache-loads:u,l1-dcache-loads,0.0,100.0,nan,,ok
9853.795391,nan,,cache-references:u,cache-references,0.0,100.0,nan,,ok
9853.795391,nan,,cache-misses:u,cache-misses,0.0,100.0,nan,,ok
9853.795391,nan,,stalled-cycles-frontend:u,stalled-cycles-frontend,0.0,100.0,nan,,ok
9866.792694000002,nan,,instructions:u,instructions,0.0,100.0,nan,,ok
9866.792694000002,nan,,cycles:u,cycles,0.0,100.0,nan,,ok
9866.792694000002,nan,,branches:u,branches,0.0,100.0,nan,,ok
9866.792694000002,nan,,branch-misses:u,branch-misses,0.0,100.0,nan,,ok
9866.792694000002,nan,,L1-dcache-loads:u,l1-dcache-loads,0.0,100.0,nan,,ok
9866.792694000002,nan,,cache-references:u,cache-references,0.0,100.0,nan,,ok
9866.792694000002,nan,,cache-misses:u,cache-misses,0.0,100.0,nan,,ok
9866.792694000002,nan,,stalled-cycles-frontend:u,stalled-cycles-frontend,0.0,100.0,nan,,ok
9887.798019,nan,,instructions:u,instructions,0.0,100.0,nan,,ok
9887.798019,nan,,cycles:u,cycles,0.0,100.0,nan,,ok
9887.798019,nan,,branches:u,branches,0.0,100.0,nan,,ok
9887.798019,nan,,branch-misses:u,branch-misses,0.0,100.0,nan,,ok
9887.798019,nan,,L1-dcache-loads:u,l1-dcache-loads,0.0,100.0,nan,,ok
9887.798019,nan,,cache-references:u,cache-references,0.0,100.0,nan,,ok
9887.798019,nan,,cache-misses:u,cache-misses,0.0,100.0,nan,,ok
9887.798019,nan,,stalled-cycles-frontend:u,stalled-cycles-frontend,0.0,100.0,nan,,ok
9900.793769,nan,,instructions:u,instructions,0.0,100.0,nan,,ok
9900.793769,nan,,cycles:u,cycles,0.0,100.0,nan,,ok
9900.793769,nan,,branches:u,branches,0.0,100.0,nan,,ok
9900.793769,nan,,branch-misses:u,branch-misses,0.0,100.0,nan,,ok
9900.793769,nan,,L1-dcache-loads:u,l1-dcache-loads,0.0,100.0,nan,,ok
9900.793769,nan,,cache-references:u,cache-references,0.0,100.0,nan,,ok
9900.793769,nan,,cache-misses:u,cache-misses,0.0,100.0,nan,,ok
9900.793769,nan,,stalled-cycles-frontend:u,stalled-cycles-frontend,0.0,100.0,nan,,ok
9913.788891999999,nan,,instructions:u,instructions,0.0,0.0,nan,,ok
9913.788891999999,nan,,cycles:u,cycles,0.0,0.0,nan,,ok
9913.788891999999,0.0,,branches:u,branches,1006384.0,47.0,nan,,ok
9913.788891999999,0.0,,branch-misses:u,branch-misses,1997493.0,94.0,nan,,ok
9913.788891999999,0.0,,L1-dcache-loads:u,l1-dcache-loads,2139611.0,100.0,nan,,ok
9913.788891999999,0.0,,cache-references:u,cache-references,2161260.0,100.0,nan,,ok
9913.788891999999,0.0,,cache-misses:u,cache-misses,2185234.0,100.0,nan,,ok
9913.788891999999,nan,,stalled-cycles-frontend:u,stalled-cycles-frontend,0.0,0.0,nan,,ok
9926.789514999999,0.0,,instructions:u,instructions,580968.0,23.0,nan,,ok
9926.789514999999,nan,,cycles:u,cycles,0.0,0.0,nan,,ok
9926.789514999999,nan,,branches:u,branches,0.0,0.0,nan,,ok
9926.789514999999,nan,,branch-misses:u,branch-misses,0.0,0.0,nan,,ok
9926.789514999999,0.0,,L1-dcache-loads:u,l1-dcache-loads,859306.0,35.0,nan,,ok
9926.789514999999,0.0,,cache-references:u,cache-references,1844510.0,76.0,nan,,ok
9926.789514999999,0.0,,cache-misses:u,cache-misses,2401504.0,100.0,nan,,ok
9926.789514999999,0.0,,stalled-cycles-frontend:u,stalled-cycles-frontend,580968.0,24.0,nan,,ok
9939.782269,nan,,instructions:u,instructions,0.0,100.0,nan,,ok
9939.782269,nan,,cycles:u,cycles,0.0,100.0,nan,,ok
9939.782269,nan,,branches:u,branches,0.0,100.0,nan,,ok
9939.782269,nan,,branch-misses:u,branch-misses,0.0,100.0,nan,,ok
9939.782269,nan,,L1-dcache-loads:u,l1-dcache-loads,0.0,100.0,nan,,ok
9939.782269,nan,,cache-references:u,cache-references,0.0,100.0,nan,,ok
9939.782269,nan,,cache-misses:u,cache-misses,0.0,100.0,nan,,ok
9939.782269,nan,,stalled-cycles-frontend:u,stalled-cycles-frontend,0.0,100.0,nan,,ok
9952.788225999999,nan,,instructions:u,instructions,0.0,100.0,nan,,ok
9952.788225999999,nan,,cycles:u,cycles,0.0,100.0,nan,,ok
9952.788225999999,nan,,branches:u,branches,0.0,100.0,nan,,ok
9952.788225999999,nan,,branch-misses:u,branch-misses,0.0,100.0,nan,,ok
9952.788225999999,nan,,L1-dcache-loads:u,l1-dcache-loads,0.0,100.0,nan,,ok
9952.788225999999,nan,,cache-references:u,cache-references,0.0,100.0,nan,,ok
9952.788225999999,nan,,cache-misses:u,cache-misses,0.0,100.0,nan,,ok
9952.788225999999,nan,,stalled-cycles-frontend:u,stalled-cycles-frontend,0.0,100.0,nan,,ok
9965.807633,0.0,,instructions:u,instructions,2987640.0,60.0,nan,,ok
9965.807633,0.0,,cycles:u,cycles,2975472.0,60.0,nan,,ok
9965.807633,0.0,,branches:u,branches,3935522.0,79.0,nan,,ok
9965.807633,0.0,,branch-misses:u,branch-misses,3935522.0,79.0,nan,,ok
9965.807633,0.0,,L1-dcache-loads:u,l1-dcache-loads,2958627.0,59.0,nan,,ok
9965.807633,0.0,,cache-references:u,cache-references,1961121.0,39.0,nan,,ok
9965.807633,0.0,,cache-misses:u,cache-misses,1973289.0,39.0,nan,,ok
9965.807633,0.0,,stalled-cycles-frontend:u,stalled-cycles-frontend,1990134.0,40.0,nan,,ok
9978.79345,nan,,instructions:u,instructions,0.0,100.0,nan,,ok
9978.79345,nan,,cycles:u,cycles,0.0,100.0,nan,,ok
9978.79345,nan,,branches:u,branches,0.0,100.0,nan,,ok
9978.79345,nan,,branch-misses:u,branch-misses,0.0,100.0,nan,,ok
9978.79345,nan,,L1-dcache-loads:u,l1-dcache-loads,0.0,100.0,nan,,ok
9978.79345,nan,,cache-references:u,cache-references,0.0,100.0,nan,,ok
9978.79345,nan,,cache-misses:u,cache-misses,0.0,100.0,nan,,ok
9978.79345,nan,,stalled-cycles-frontend:u,stalled-cycles-frontend,0.0,100.0,nan,,ok
9991.793047,nan,,instructions:u,instructions,0.0,100.0,nan,,ok
9991.793047,nan,,cycles:u,cycles,0.0,100.0,nan,,ok
9991.793047,nan,,branches:u,branches,0.0,100.0,nan,,ok
9991.793047,nan,,branch-misses:u,branch-misses,0.0,100.0,nan,,ok
9991.793047,nan,,L1-dcache-loads:u,l1-dcache-loads,0.0,100.0,nan,,ok
9991.793047,nan,,cache-references:u,cache-references,0.0,100.0,nan,,ok
9991.793047,nan,,cache-misses:u,cache-misses,0.0,100.0,nan,,ok
9991.793047,nan,,stalled-cycles-frontend:u,stalled-cycles-frontend,0.0,100.0,nan,,ok
10004.798923999999,nan,,instructions:u,instructions,0.0,100.0,nan,,ok
10004.798923999999,nan,,cycles:u,cycles,0.0,100.0,nan,,ok
10004.798923999999,nan,,branches:u,branches,0.0,100.0,nan,,ok
10004.798923999999,nan,,branch-misses:u,branch-misses,0.0,100.0,nan,,ok
10004.798923999999,nan,,L1-dcache-loads:u,l1-dcache-loads,0.0,100.0,nan,,ok
10004.798923999999,nan,,cache-references:u,cache-references,0.0,100.0,nan,,ok
10004.798923999999,nan,,cache-misses:u,cache-misses,0.0,100.0,nan,,ok
10004.798923999999,nan,,stalled-cycles-frontend:u,stalled-cycles-frontend,0.0,100.0,nan,,ok
10021.788609,0.0,,instructions:u,instructions,1078597.0,21.0,nan,,ok
10021.788609,0.0,,cycles:u,cycles,60922.0,1.0,nan,,ok
10021.788609,0.0,,branches:u,branches,1035513.0,20.0,nan,,ok
10021.788609,0.0,,branch-misses:u,branch-misses,2035635.0,40.0,nan,,ok
10021.788609,0.0,,L1-dcache-loads:u,l1-dcache-loads,2970038.0,58.0,nan,,ok
10021.788609,0.0,,cache-references:u,cache-references,3974154.0,78.0,nan,,ok
10021.788609,0.0,,cache-misses:u,cache-misses,4991829.0,98.0,nan,,ok
10021.788609,0.0,,stalled-cycles-frontend:u,stalled-cycles-frontend,1078597.0,21.0,nan,,ok
10038.80315,nan,,instructions:u,instructions,0.0,100.0,nan,,ok
10038.80315,nan,,cycles:u,cycles,0.0,100.0,nan,,ok
10038.80315,nan,,branches:u,branches,0.0,100.0,nan,,ok
10038.80315,nan,,branch-misses:u,branch-misses,0.0,100.0,nan,,ok
10038.80315,nan,,L1-dcache-loads:u,l1-dcache-loads,0.0,100.0,nan,,ok
10038.80315,nan,,cache-references:u,cache-references,0.0,100.0,nan,,ok
10038.80315,nan,,cache-misses:u,cache-misses,0.0,100.0,nan,,ok
10038.80315,nan,,stalled-cycles-frontend:u,stalled-cycles-frontend,0.0,100.0,nan,,ok
10051.793197,nan,,instructions:u,instructions,0.0,100.0,nan,,ok
10051.793197,nan,,cycles:u,cycles,0.0,100.0,nan,,ok
10051.793197,nan,,branches:u,branches,0.0,100.0,nan,,ok
10051.793197,nan,,branch-misses:u,branch-misses,0.0,100.0,nan,,ok
10051.793197,nan,,L1-dcache-loads:u,l1-dcache-loads,0.0,100.0,nan,,ok
10051.793197,nan,,cache-references:u,cache-references,0.0,100.0,nan,,ok
10051.793197,nan,,cache-misses:u,cache-misses,0.0,100.0,nan,,ok
10051.793197,nan,,stalled-cycles-frontend:u,stalled-cycles-frontend,0.0,100.0,nan,,ok
10064.796174,nan,,instructions:u,instructions,0.0,100.0,nan,,ok
10064.796174,nan,,cycles:u,cycles,0.0,100.0,nan,,ok
10064.796174,nan,,branches:u,branches,0.0,100.0,nan,,ok
10064.796174,nan,,branch-misses:u,branch-misses,0.0,100.0,nan,,ok
10064.796174,nan,,L1-dcache-loads:u,l1-dcache-loads,0.0,100.0,nan,,ok
10064.796174,nan,,cache-references:u,cache-references,0.0,100.0,nan,,ok
10064.796174,nan,,cache-misses:u,cache-misses,0.0,100.0,nan,,ok
10064.796174,nan,,stalled-cycles-frontend:u,stalled-cycles-frontend,0.0,100.0,nan,,ok
10077.788313,0.0,,instructions:u,instructions,1983484.0,48.0,nan,,ok
10077.788313,0.0,,cycles:u,cycles,2982896.0,73.0,nan,,ok
10077.788313,0.0,,branches:u,branches,3984081.0,97.0,nan,,ok
10077.788313,0.0,,branch-misses:u,branch-misses,4110252.0,100.0,nan,,ok
10077.788313,0.0,,L1-dcache-loads:u,l1-dcache-loads,3146517.0,76.0,nan,,ok
10077.788313,0.0,,cache-references:u,cache-references,2178093.0,52.0,nan,,ok
10077.788313,0.0,,cache-misses:u,cache-misses,1199878.0,28.0,nan,,ok
10077.788313,0.0,,stalled-cycles-frontend:u,stalled-cycles-frontend,992232.0,23.0,nan,,ok
10090.803572,nan,,instructions:u,instructions,0.0,0.0,nan,,ok
10090.803572,nan,,cycles:u,cycles,0.0,0.0,nan,,ok
10090.803572,nan,,branches:u,branches,0.0,0.0,nan,,ok
10090.803572,0.0,,branch-misses:u,branch-misses,877964.0,47.0,nan,,ok
10090.803572,0.0,,L1-dcache-loads:u,l1-dcache-loads,1816603.0,100.0,nan,,ok
10090.803572,0.0,,cache-references:u,cache-references,1793775.0,100.0,nan,,ok
10090.803572,0.0,,cache-misses:u,cache-misses,1772578.0,100.0,nan,,ok
10090.803572,nan,,stalled-cycles-frontend:u,stalled-cycles-frontend,0.0,0.0,nan,,ok
10111.79343,nan,,instructions:u,instructions,0.0,100.0,nan,,ok
10111.79343,nan,,cycles:u,cycles,0.0,100.0,nan,,ok
10111.79343,nan,,branches:u,branches,0.0,100.0,nan,,ok
10111.79343,nan,,branch-misses:u,branch-misses,0.0,100.0,nan,,ok
10111.79343,nan,,L1-dcache-loads:u,l1-dcache-loads,0.0,100.0,nan,,ok
10111.79343,nan,,cache-references:u,cache-references,0.0,100.0,nan,,ok
10111.79343,nan,,cache-misses:u,cache-misses,0.0,100.0,nan,,ok
10111.79343,nan,,stalled-cycles-frontend:u,stalled-cycles-frontend,0.0,100.0,nan,,ok
10124.802709000001,nan,,instructions:u,instructions,0.0,100.0,nan,,ok
10124.802709000001,nan,,cycles:u,cycles,0.0,100.0,nan,,ok
10124.802709000001,nan,,branches:u,branches,0.0,100.0,nan,,ok
10124.802709000001,nan,,branch-misses:u,branch-misses,0.0,100.0,nan,,ok
10124.802709000001,nan,,L1-dcache-loads:u,l1-dcache-loads,0.0,100.0,nan,,ok
10124.802709000001,nan,,cache-references:u,cache-references,0.0,100.0,nan,,ok
10124.802709000001,nan,,cache-misses:u,cache-misses,0.0,100.0,nan,,ok
10124.802709000001,nan,,stalled-cycles-frontend:u,stalled-cycles-frontend,0.0,100.0,nan,,ok
10137.791598,nan,,instructions:u,instructions,0.0,100.0,nan,,ok
10137.791598,nan,,cycles:u,cycles,0.0,100.0,nan,,ok
10137.791598,nan,,branches:u,branches,0.0,100.0,nan,,ok
10137.791598,nan,,branch-misses:u,branch-misses,0.0,100.0,nan,,ok
10137.791598,nan,,L1-dcache-loads:u,l1-dcache-loads,0.0,100.0,nan,,ok
10137.791598,nan,,cache-references:u,cache-references,0.0,100.0,nan,,ok
10137.791598,nan,,cache-misses:u,cache-misses,0.0,100.0,nan,,ok
10137.791598,nan,,stalled-cycles-frontend:u,stalled-cycles-frontend,0.0,100.0,nan,,ok
10150.795495,nan,,instructions:u,instructions,0.0,100.0,nan,,ok
10150.795495,nan,,cycles:u,cycles,0.0,100.0,nan,,ok
10150.795495,nan,,branches:u,branches,0.0,100.0,nan,,ok
10150.795495,nan,,branch-misses:u,branch-misses,0.0,100.0,nan,,ok
10150.795495,nan,,L1-dcache-loads:u,l1-dcache-loads,0.0,100.0,nan,,ok
10150.795495,nan,,cache-references:u,cache-references,0.0,100.0,nan,,ok
10150.795495,nan,,cache-misses:u,cache-misses,0.0,100.0,nan,,ok
10150.795495,nan,,stalled-cycles-frontend:u,stalled-cycles-frontend,0.0,100.0,nan,,ok
10163.799520999999,nan,,instructions:u,instructions,0.0,100.0,nan,,ok
10163.799520999999,nan,,cycles:u,cycles,0.0,100.0,nan,,ok
10163.799520999999,nan,,branches:u,branches,0.0,100.0,nan,,ok
10163.799520999999,nan,,branch-misses:u,branch-misses,0.0,100.0,nan,,ok
10163.799520999999,nan,,L1-dcache-loads:u,l1-dcache-loads,0.0,100.0,nan,,ok
10163.799520999999,nan,,cache-references:u,cache-references,0.0,100.0,nan,,ok
10163.799520999999,nan,,cache-misses:u,cache-misses,0.0,100.0,nan,,ok
10163.799520999999,nan,,stalled-cycles-frontend:u,stalled-cycles-frontend,0.0,100.0,nan,,ok
10180.798976,0.0,,instructions:u,instructions,2428384.0,55.0,nan,,ok
10180.798976,0.0,,cycles:u,cycles,1423125.0,32.0,nan,,ok
10180.798976,0.0,,branches:u,branches,1423125.0,32.0,nan,,ok
10180.798976,0.0,,branch-misses:u,branch-misses,1423125.0,32.0,nan,,ok
10180.798976,0.0,,L1-dcache-loads:u,l1-dcache-loads,1407605.0,31.0,nan,,ok
10180.798976,0.0,,cache-references:u,cache-references,1980920.0,44.0,nan,,ok
10180.798976,0.0,,cache-misses:u,cache-misses,2986179.0,67.0,nan,,ok
10180.798976,0.0,,stalled-cycles-frontend:u,stalled-cycles-frontend,2008517.0,45.0,nan,,ok
10193.78743,nan,,instructions:u,instructions,0.0,100.0,nan,,ok
10193.78743,nan,,cycles:u,cycles,0.0,100.0,nan,,ok
10193.78743,nan,,branches:u,branches,0.0,100.0,nan,,ok
10193.78743,nan,,branch-misses:u,branch-misses,0.0,100.0,nan,,ok
10193.78743,nan,,L1-dcache-loads:u,l1-dcache-loads,0.0,100.0,nan,,ok
10193.78743,nan,,cache-references:u,cache-references,0.0,100.0,nan,,ok
10193.78743,nan,,cache-misses:u,cache-misses,0.0,100.0,nan,,ok
10193.78743,nan,,stalled-cycles-frontend:u,stalled-cycles-frontend,0.0,100.0,nan,,ok
10206.805874,nan,,instructions:u,instructions,0.0,100.0,nan,,ok
10206.805874,nan,,cycles:u,cycles,0.0,100.0,nan,,ok
10206.805874,nan,,branches:u,branches,0.0,100.0,nan,,ok
10206.805874,nan,,branch-misses:u,branch-misses,0.0,100.0,nan,,ok
10206.805874,nan,,L1-dcache-loads:u,l1-dcache-loads,0.0,100.0,nan,,ok
10206.805874,nan,,cache-references:u,cache-references,0.0,100.0,nan,,ok
10206.805874,nan,,cache-misses:u,cache-misses,0.0,100.0,nan,,ok
10206.805874,nan,,stalled-cycles-frontend:u,stalled-cycles-frontend,0.0,100.0,nan,,ok
10219.80637,nan,,instructions:u,instructions,0.0,100.0,nan,,ok
10219.80637,nan,,cycles:u,cycles,0.0,100.0,nan,,ok
10219.80637,nan,,branches:u,branches,0.0,100.0,nan,,ok
10219.80637,nan,,branch-misses:u,branch-misses,0.0,100.0,nan,,ok
10219.80637,nan,,L1-dcache-loads:u,l1-dcache-loads,0.0,100.0,nan,,ok
10219.80637,nan,,cache-references:u,cache-references,0.0,100.0,nan,,ok
10219.80637,nan,,cache-misses:u,cache-misses,0.0,100.0,nan,,ok
10219.80637,nan,,stalled-cycles-frontend:u,stalled-cycles-frontend,0.0,100.0,nan,,ok
10236.802149000001,0.0,,instructions:u,instructions,102290.0,100.0,nan,,ok
10236.802149000001,0.0,,cycles:u,cycles,133365.0,100.0,nan,,ok
10236.802149000001,0.0,,branches:u,branches,158946.0,100.0,nan,,ok
10236.802149000001,0.0,,branch-misses:u,branch-misses,183967.0,100.0,nan,,ok
10236.802149000001,0.0,,L1-dcache-loads:u,l1-dcache-loads,212344.0,100.0,nan,,ok
10236.802149000001,nan,,cache-references:u,cache-references,0.0,0.0,nan,,ok
10236.802149000001,nan,,cache-misses:u,cache-misses,0.0,0.0,nan,,ok
10236.802149000001,nan,,stalled-cycles-frontend:u,stalled-cycles-frontend,0.0,0.0,nan,,ok
10257.791684000002,0.0,,instructions:u,instructions,883164.0,22.0,nan,,ok
10257.791684000002,0.0,,cycles:u,cycles,1849745.0,47.0,nan,,ok
10257.791684000002,0.0,,branches:u,branches,2822474.0,73.0,nan,,ok
10257.791684000002,0.0,,branch-misses:u,branch-misses,3800904.0,99.0,nan,,ok
10257.791684000002,0.0,,L1-dcache-loads:u,l1-dcache-loads,3800090.0,100.0,nan,,ok
10257.791684000002,0.0,,cache-references:u,cache-references,3026980.0,80.0,nan,,ok
10257.791684000002,0.0,,cache-misses:u,cache-misses,2029324.0,53.0,nan,,ok
10257.791684000002,nan,,stalled-cycles-frontend:u,stalled-cycles-frontend,0.0,0.0,nan,,ok
10270.793518,nan,,instructions:u,instructions,0.0,100.0,nan,,ok
10270.793518,nan,,cycles:u,cycles,0.0,100.0,nan,,ok
10270.793518,nan,,branches:u,branches,0.0,100.0,nan,,ok
10270.793518,nan,,branch-misses:u,branch-misses,0.0,100.0,nan,,ok
10270.793518,nan,,L1-dcache-loads:u,l1-dcache-loads,0.0,100.0,nan,,ok
10270.793518,nan,,cache-references:u,cache-references,0.0,100.0,nan,,ok
10270.793518,nan,,cache-misses:u,cache-misses,0.0,100.0,nan,,ok
10270.793518,nan,,stalled-cycles-frontend:u,stalled-cycles-frontend,0.0,100.0,nan,,ok
10283.784426,nan,,instructions:u,instructions,0.0,100.0,nan,,ok
10283.784426,nan,,cycles:u,cycles,0.0,100.0,nan,,ok
10283.784426,nan,,branches:u,branches,0.0,100.0,nan,,ok
10283.784426,nan,,branch-misses:u,branch-misses,0.0,100.0,nan,,ok
10283.784426,nan,,L1-dcache-loads:u,l1-dcache-loads,0.0,100.0,nan,,ok
10283.784426,nan,,cache-references:u,cache-references,0.0,100.0,nan,,ok
10283.784426,nan,,cache-misses:u,cache-misses,0.0,100.0,nan,,ok
10283.784426,nan,,stalled-cycles-frontend:u,stalled-cycles-frontend,0.0,100.0,nan,,ok
10296.806983999999,nan,,instructions:u,instructions,0.0,0.0,nan,,ok
10296.806983999999,nan,,cycles:u,cycles,0.0,0.0,nan,,ok
10296.806983999999,nan,,branches:u,branches,0.0,0.0,nan,,ok
10296.806983999999,nan,,branch-misses:u,branch-misses,0.0,0.0,nan,,ok
10296.806983999999,0.0,,L1-dcache-loads:u,l1-dcache-loads,188693.0,100.0,nan,,ok
10296.806983999999,0.0,,cache-references:u,cache-references,210438.0,100.0,nan,,ok
10296.806983999999,0.0,,cache-misses:u,cache-misses,229152.0,100.0,nan,,ok
10296.806983999999,nan,,stalled-cycles-frontend:u,stalled-cycles-frontend,0.0,0.0,nan,,ok
10313.799258,0.0,,instructions:u,instructions,2032949.0,51.0,nan,,ok
10313.799258,0.0,,cycles:u,cycles,1024413.0,26.0,nan,,ok
10313.799258,0.0,,branches:u,branches,1024413.0,26.0,nan,,ok
10313.799258,0.0,,branch-misses:u,branch-misses,1024413.0,26.0,nan,,ok
10313.799258,0.0,,L1-dcache-loads:u,l1-dcache-loads,832949.0,21.0,nan,,ok
10313.799258,0.0,,cache-references:u,cache-references,1776714.0,46.0,nan,,ok
10313.799258,0.0,,cache-misses:u,cache-misses,2766536.0,72.0,nan,,ok
10313.799258,0.0,,stalled-cycles-frontend:u,stalled-cycles-frontend,2003248.0,53.0,nan,,ok
10326.792069,nan,,instructions:u,instructions,0.0,100.0,nan,,ok
10326.792069,nan,,cycles:u,cycles,0.0,100.0,nan,,ok
10326.792069,nan,,branches:u,branches,0.0,100.0,nan,,ok
10326.792069,nan,,branch-misses:u,branch-misses,0.0,100.0,nan,,ok
10326.792069,nan,,L1-dcache-loads:u,l1-dcache-loads,0.0,100.0,nan,,ok
10326.792069,nan,,cache-references:u,cache-references,0.0,100.0,nan,,ok
10326.792069,nan,,cache-misses:u,cache-misses,0.0,100.0,nan,,ok
10326.792069,nan,,stalled-cycles-frontend:u,stalled-cycles-frontend,0.0,100.0,nan,,ok
10339.801989,nan,,instructions:u,instructions,0.0,100.0,nan,,ok
10339.801989,nan,,cycles:u,cycles,0.0,100.0,nan,,ok
10339.801989,nan,,branches:u,branches,0.0,100.0,nan,,ok
10339.801989,nan,,branch-misses:u,branch-misses,0.0,100.0,nan,,ok
10339.801989,nan,,L1-dcache-loads:u,l1-dcache-loads,0.0,100.0,nan,,ok
10339.801989,nan,,cache-references:u,cache-references,0.0,100.0,nan,,ok
10339.801989,nan,,cache-misses:u,cache-misses,0.0,100.0,nan,,ok
10339.801989,nan,,stalled-cycles-frontend:u,stalled-cycles-frontend,0.0,100.0,nan,,ok
10352.801597,0.0,,instructions:u,instructions,988665.0,24.0,nan,,ok
10352.801597,0.0,,cycles:u,cycles,1983660.0,49.0,nan,,ok
10352.801597,0.0,,branches:u,branches,2986270.0,74.0,nan,,ok
10352.801597,0.0,,branch-misses:u,branch-misses,3984033.0,99.0,nan,,ok
10352.801597,0.0,,L1-dcache-loads:u,l1-dcache-loads,4006260.0,100.0,nan,,ok
10352.801597,0.0,,cache-references:u,cache-references,3017595.0,75.0,nan,,ok
10352.801597,0.0,,cache-misses:u,cache-misses,2022600.0,50.0,nan,,ok
10352.801597,nan,,stalled-cycles-frontend:u,stalled-cycles-frontend,0.0,0.0,nan,,ok
10369.792330999999,nan,,instructions:u,instructions,0.0,100.0,nan,,ok
10369.792330999999,nan,,cycles:u,cycles,0.0,100.0,nan,,ok
10369.792330999999,nan,,branches:u,branches,0.0,100.0,nan,,ok
10369.792330999999,nan,,branch-misses:u,branch-misses,0.0,100.0,nan,,ok
10369.792330999999,nan,,L1-dcache-loads:u,l1-dcache-loads,0.0,100.0,nan,,ok
10369.792330999999,nan,,cache-references:u,cache-references,0.0,100.0,nan,,ok
10369.792330999999,nan,,cache-misses:u,cache-misses,0.0,100.0,nan,,ok
10369.792330999999,nan,,stalled-cycles-frontend:u,stalled-cycles-frontend,0.0,100.0,nan,,ok
10386.798490000001,nan,,instructions:u,instructions,0.0,100.0,nan,,ok
10386.798490000001,nan,,cycles:u,cycles,0.0,100.0,nan,,ok
10386.798490000001,nan,,branches:u,branches,0.0,100.0,nan,,ok
10386.798490000001,nan,,branch-misses:u,branch-misses,0.0,100.0,nan,,ok
10386.798490000001,nan,,L1-dcache-loads:u,l1-dcache-loads,0.0,100.0,nan,,ok
10386.798490000001,nan,,cache-references:u,cache-references,0.0,100.0,nan,,ok
10386.798490000001,nan,,cache-misses:u,cache-misses,0.0,100.0,nan,,ok
10386.798490000001,nan,,stalled-cycles-frontend:u,stalled-cycles-frontend,0.0,100.0,nan,,ok
10399.801342,0.0,,instructions:u,instructions,3011818.0,51.0,nan,,ok
10399.801342,0.0,,cycles:u,cycles,2835290.0,48.0,nan,,ok
10399.801342,0.0,,branches:u,branches,2835290.0,48.0,nan,,ok
10399.801342,0.0,,branch-misses:u,branch-misses,2835290.0,48.0,nan,,ok
10399.801342,0.0,,L1-dcache-loads:u,l1-dcache-loads,2823269.0,48.0,nan,,ok
10399.801342,0.0,,cache-references:u,cache-references,2810650.0,48.0,nan,,ok
10399.801342,0.0,,cache-misses:u,cache-misses,2987178.0,51.0,nan,,ok
10399.801342,0.0,,stalled-cycles-frontend:u,stalled-cycles-frontend,2009458.0,34.0,nan,,ok
10412.794554,nan,,instructions:u,instructions,0.0,100.0,nan,,ok
10412.794554,nan,,cycles:u,cycles,0.0,100.0,nan,,ok
10412.794554,nan,,branches:u,branches,0.0,100.0,nan,,ok
10412.794554,nan,,branch-misses:u,branch-misses,0.0,100.0,nan,,ok
10412.794554,nan,,L1-dcache-loads:u,l1-dcache-loads,0.0,100.0,nan,,ok
10412.794554,nan,,cache-references:u,cache-references,0.0,100.0,nan,,ok
10412.794554,nan,,cache-misses:u,cache-misses,0.0,100.0,nan,,ok
10412.794554,nan,,stalled-cycles-frontend:u,stalled-cycles-frontend,0.0,100.0,nan,,ok
10425.790932,nan,,instructions:u,instructions,0.0,100.0,nan,,ok
10425.790932,nan,,cycles:u,cycles,0.0,100.0,nan,,ok
10425.790932,nan,,branches:u,branches,0.0,100.0,nan,,ok
10425.790932,nan,,branch-misses:u,branch-misses,0.0,100.0,nan,,ok
10425.790932,nan,,L1-dcache-loads:u,l1-dcache-loads,0.0,100.0,nan,,ok
10425.790932,nan,,cache-references:u,cache-references,0.0,100.0,nan,,ok
10425.790932,nan,,cache-misses:u,cache-misses,0.0,100.0,nan,,ok
10425.790932,nan,,stalled-cycles-frontend:u,stalled-cycles-frontend,0.0,100.0,nan,,ok
10438.800913,nan,,instructions:u,instructions,0.0,100.0,nan,,ok
10438.800913,nan,,cycles:u,cycles,0.0,100.0,nan,,ok
10438.800913,nan,,branches:u,branches,0.0,100.0,nan,,ok
10438.800913,nan,,branch-misses:u,branch-misses,0.0,100.0,nan,,ok
10438.800913,nan,,L1-dcache-loads:u,l1-dcache-loads,0.0,100.0,nan,,ok
10438.800913,nan,,cache-references:u,cache-references,0.0,100.0,nan,,ok
10438.800913,nan,,cache-misses:u,cache-misses,0.0,100.0,nan,,ok
10438.800913,nan,,stalled-cycles-frontend:u,stalled-cycles-frontend,0.0,100.0,nan,,ok
10451.790505,nan,,instructions:u,instructions,0.0,100.0,nan,,ok
10451.790505,nan,,cycles:u,cycles,0.0,100.0,nan,,ok
10451.790505,nan,,branches:u,branches,0.0,100.0,nan,,ok
10451.790505,nan,,branch-misses:u,branch-misses,0.0,100.0,nan,,ok
10451.790505,nan,,L1-dcache-loads:u,l1-dcache-loads,0.0,100.0,nan,,ok
10451.790505,nan,,cache-references:u,cache-references,0.0,100.0,nan,,ok
10451.790505,nan,,cache-misses:u,cache-misses,0.0,100.0,nan,,ok
10451.790505,nan,,stalled-cycles-frontend:u,stalled-cycles-frontend,0.0,100.0,nan,,ok
10468.797693999999,0.0,,instructions:u,instructions,349088.0,6.0,nan,,ok
10468.797693999999,0.0,,cycles:u,cycles,995584.0,18.0,nan,,ok
10468.797693999999,0.0,,branches:u,branches,1998731.0,37.0,nan,,ok
10468.797693999999,0.0,,branch-misses:u,branch-misses,2991421.0,55.0,nan,,ok
10468.797693999999,0.0,,L1-dcache-loads:u,l1-dcache-loads,3988448.0,74.0,nan,,ok
10468.797693999999,0.0,,cache-references:u,cache-references,4996945.0,93.0,nan,,ok
10468.797693999999,0.0,,cache-misses:u,cache-misses,4350449.0,81.0,nan,,ok
10468.797693999999,0.0,,stalled-cycles-frontend:u,stalled-cycles-frontend,349088.0,6.0,nan,,ok
10481.789527,nan,,instructions:u,instructions,0.0,100.0,nan,,ok
10481.789527,nan,,cycles:u,cycles,0.0,100.0,nan,,ok
10481.789527,nan,,branches:u,branches,0.0,100.0,nan,,ok
10481.789527,nan,,branch-misses:u,branch-misses,0.0,100.0,nan,,ok
10481.789527,nan,,L1-dcache-loads:u,l1-dcache-loads,0.0,100.0,nan,,ok
10481.789527,nan,,cache-references:u,cache-references,0.0,100.0,nan,,ok
10481.789527,nan,,cache-misses:u,cache-misses,0.0,100.0,nan,,ok
10481.789527,nan,,stalled-cycles-frontend:u,stalled-cycles-frontend,0.0,100.0,nan,,ok
10494.801156,nan,,instructions:u,instructions,0.0,100.0,nan,,ok
10494.801156,nan,,cycles:u,cycles,0.0,100.0,nan,,ok
10494.801156,nan,,branches:u,branches,0.0,100.0,nan,,ok
10494.801156,nan,,branch-misses:u,branch-misses,0.0,100.0,nan,,ok
10494.801156,nan,,L1-dcache-loads:u,l1-dcache-loads,0.0,100.0,nan,,ok
10494.801156,nan,,cache-references:u,cache-references,0.0,100.0,nan,,ok
10494.801156,nan,,cache-misses:u,cache-misses,0.0,100.0,nan,,ok
10494.801156,nan,,stalled-cycles-frontend:u,stalled-cycles-frontend,0.0,100.0,nan,,ok
10507.791046,nan,,instructions:u,instructions,0.0,100.0,nan,,ok
10507.791046,nan,,cycles:u,cycles,0.0,100.0,nan,,ok
10507.791046,nan,,branches:u,branches,0.0,100.0,nan,,ok
10507.791046,nan,,branch-misses:u,branch-misses,0.0,100.0,nan,,ok
10507.791046,nan,,L1-dcache-loads:u,l1-dcache-loads,0.0,100.0,nan,,ok
10507.791046,nan,,cache-references:u,cache-references,0.0,100.0,nan,,ok
10507.791046,nan,,cache-misses:u,cache-misses,0.0,100.0,nan,,ok
10507.791046,nan,,stalled-cycles-frontend:u,stalled-cycles-frontend,0.0,100.0,nan,,ok
10528.797789,0.0,,instructions:u,instructions,2989004.0,48.0,nan,,ok
10528.797789,0.0,,cycles:u,cycles,2997172.0,48.0,nan,,ok
10528.797789,0.0,,branches:u,branches,3998594.0,64.0,nan,,ok
10528.797789,0.0,,branch-misses:u,branch-misses,4999005.0,80.0,nan,,ok
10528.797789,0.0,,L1-dcache-loads:u,l1-dcache-loads,4184394.0,67.0,nan,,ok
10528.797789,0.0,,cache-references:u,cache-references,3187079.0,51.0,nan,,ok
10528.797789,0.0,,cache-misses:u,cache-misses,3178911.0,51.0,nan,,ok
10528.797789,0.0,,stalled-cycles-frontend:u,stalled-cycles-frontend,1991689.0,32.0,nan,,ok
10549.789046000002,nan,,instructions:u,instructions,0.0,100.0,nan,,ok
10549.789046000002,nan,,cycles:u,cycles,0.0,100.0,nan,,ok
10549.789046000002,nan,,branches:u,branches,0.0,100.0,nan,,ok
10549.789046000002,nan,,branch-misses:u,branch-misses,0.0,100.0,nan,,ok
10549.789046000002,nan,,L1-dcache-loads:u,l1-dcache-loads,0.0,100.0,nan,,ok
10549.789046000002,nan,,cache-references:u,cache-references,0.0,100.0,nan,,ok
10549.789046000002,nan,,cache-misses:u,cache-misses,0.0,100.0,nan,,ok
10549.789046000002,nan,,stalled-cycles-frontend:u,stalled-cycles-frontend,0.0,100.0,nan,,ok
10561.79239,nan,,instructions:u,instructions,0.0,100.0,nan,,ok
10561.79239,nan,,cycles:u,cycles,0.0,100.0,nan,,ok
10561.79239,nan,,branches:u,branches,0.0,100.0,nan,,ok
10561.79239,nan,,branch-misses:u,branch-misses,0.0,100.0,nan,,ok
10561.79239,nan,,L1-dcache-loads:u,l1-dcache-loads,0.0,100.0,nan,,ok
10561.79239,nan,,cache-references:u,cache-references,0.0,100.0,nan,,ok
10561.79239,nan,,cache-misses:u,cache-misses,0.0,100.0,nan,,ok
10561.79239,nan,,stalled-cycles-frontend:u,stalled-cycles-frontend,0.0,100.0,nan,,ok
10573.782084999999,nan,,instructions:u,instructions,0.0,100.0,nan,,ok
10573.782084999999,nan,,cycles:u,cycles,0.0,100.0,nan,,ok
10573.782084999999,nan,,branches:u,branches,0.0,100.0,nan,,ok
10573.782084999999,nan,,branch-misses:u,branch-misses,0.0,100.0,nan,,ok
10573.782084999999,nan,,L1-dcache-loads:u,l1-dcache-loads,0.0,100.0,nan,,ok
10573.782084999999,nan,,cache-references:u,cache-references,0.0,100.0,nan,,ok
10573.782084999999,nan,,cache-misses:u,cache-misses,0.0,100.0,nan,,ok
10573.782084999999,nan,,stalled-cycles-frontend:u,stalled-cycles-frontend,0.0,100.0,nan,,ok
10585.786200999999,nan,,instructions:u,instructions,0.0,100.0,nan,,ok
10585.786200999999,nan,,cycles:u,cycles,0.0,100.0,nan,,ok
10585.786200999999,nan,,branches:u,branches,0.0,100.0,nan,,ok
10585.786200999999,nan,,branch-misses:u,branch-misses,0.0,100.0,nan,,ok
10585.786200999999,nan,,L1-dcache-loads:u,l1-dcache-loads,0.0,100.0,nan,,ok
10585.786200999999,nan,,cache-references:u,cache-references,0.0,100.0,nan,,ok
10585.786200999999,nan,,cache-misses:u,cache-misses,0.0,100.0,nan,,ok
10585.786200999999,nan,,stalled-cycles-frontend:u,stalled-cycles-frontend,0.0,100.0,nan,,ok
10597.787949000001,nan,,instructions:u,instructions,0.0,100.0,nan,,ok
10597.787949000001,nan,,cycles:u,cycles,0.0,100.0,nan,,ok
10597.787949000001,nan,,branches:u,branches,0.0,100.0,nan,,ok
10597.787949000001,nan,,branch-misses:u,branch-misses,0.0,100.0,nan,,ok
10597.787949000001,nan,,L1-dcache-loads:u,l1-dcache-loads,0.0,100.0,nan,,ok
10597.787949000001,nan,,cache-references:u,cache-references,0.0,100.0,nan,,ok
10597.787949000001,nan,,cache-misses:u,cache-misses,0.0,100.0,nan,,ok
10597.787949000001,nan,,stalled-cycles-frontend:u,stalled-cycles-frontend,0.0,100.0,nan,,ok
10609.786747999999,0.0,,instructions:u,instructions,78293.0,3.0,nan,,ok
10609.786747999999,nan,,cycles:u,cycles,0.0,0.0,nan,,ok
10609.786747999999,nan,,branches:u,branches,0.0,0.0,nan,,ok
10609.786747999999,nan,,branch-misses:u,branch-misses,0.0,0.0,nan,,ok
10609.786747999999,0.0,,L1-dcache-loads:u,l1-dcache-loads,960714.0,45.0,nan,,ok
10609.786747999999,0.0,,cache-references:u,cache-references,1961387.0,93.0,nan,,ok
10609.786747999999,0.0,,cache-misses:u,cache-misses,2120704.0,100.0,nan,,ok
10609.786747999999,0.0,,stalled-cycles-frontend:u,stalled-cycles-frontend,176121.0,8.0,nan,,ok
10621.78708,0.0,,instructions:u,instructions,2927186.0,80.0,nan,,ok
10621.78708,0.0,,cycles:u,cycles,2701991.0,74.0,nan,,ok
10621.78708,0.0,,branches:u,branches,2701991.0,75.0,nan,,ok
10621.78708,0.0,,branch-misses:u,branch-misses,2701991.0,75.0,nan,,ok
10621.78708,0.0,,L1-dcache-loads:u,l1-dcache-loads,1699777.0,47.0,nan,,ok
10621.78708,0.0,,cache-references:u,cache-references,697091.0,19.0,nan,,ok
10621.78708,0.0,,cache-misses:u,cache-misses,841262.0,23.0,nan,,ok
10621.78708,0.0,,stalled-cycles-frontend:u,stalled-cycles-frontend,1826672.0,51.0,nan,,ok
10633.795937,nan,,instructions:u,instructions,0.0,100.0,nan,,ok
10633.795937,nan,,cycles:u,cycles,0.0,100.0,nan,,ok
10633.795937,nan,,branches:u,branches,0.0,100.0,nan,,ok
10633.795937,nan,,branch-misses:u,branch-misses,0.0,100.0,nan,,ok
10633.795937,nan,,L1-dcache-loads:u,l1-dcache-loads,0.0,100.0,nan,,ok
10633.795937,nan,,cache-references:u,cache-references,0.0,100.0,nan,,ok
10633.795937,nan,,cache-misses:u,cache-misses,0.0,100.0,nan,,ok
10633.795937,nan,,stalled-cycles-frontend:u,stalled-cycles-frontend,0.0,100.0,nan,,ok
10645.791475999999,nan,,instructions:u,instructions,0.0,100.0,nan,,ok
10645.791475999999,nan,,cycles:u,cycles,0.0,100.0,nan,,ok
10645.791475999999,nan,,branches:u,branches,0.0,100.0,nan,,ok
10645.791475999999,nan,,branch-misses:u,branch-misses,0.0,100.0,nan,,ok
10645.791475999999,nan,,L1-dcache-loads:u,l1-dcache-loads,0.0,100.0,nan,,ok
10645.791475999999,nan,,cache-references:u,cache-references,0.0,100.0,nan,,ok
10645.791475999999,nan,,cache-misses:u,cache-misses,0.0,100.0,nan,,ok
10645.791475999999,nan,,stalled-cycles-frontend:u,stalled-cycles-frontend,0.0,100.0,nan,,ok
10657.791126,nan,,instructions:u,instructions,0.0,100.0,nan,,ok
10657.791126,nan,,cycles:u,cycles,0.0,100.0,nan,,ok
10657.791126,nan,,branches:u,branches,0.0,100.0,nan,,ok
10657.791126,nan,,branch-misses:u,branch-misses,0.0,100.0,nan,,ok
10657.791126,nan,,L1-dcache-loads:u,l1-dcache-loads,0.0,100.0,nan,,ok
10657.791126,nan,,cache-references:u,cache-references,0.0,100.0,nan,,ok
10657.791126,nan,,cache-misses:u,cache-misses,0.0,100.0,nan,,ok
10657.791126,nan,,stalled-cycles-frontend:u,stalled-cycles-frontend,0.0,100.0,nan,,ok
10669.788443,0.0,,instructions:u,instructions,78212.0,1.0,nan,,ok
10669.788443,0.0,,cycles:u,cycles,989194.0,19.0,nan,,ok
10669.788443,0.0,,branches:u,branches,1962543.0,38.0,nan,,ok
10669.788443,0.0,,branch-misses:u,branch-misses,2949391.0,58.0,nan,,ok
10669.788443,0.0,,L1-dcache-loads:u,l1-dcache-loads,3952030.0,77.0,nan,,ok
10669.788443,0.0,,cache-references:u,cache-references,4955136.0,97.0,nan,,ok
10669.788443,0.0,,cache-misses:u,cache-misses,4118510.0,80.0,nan,,ok
10669.788443,0.0,,stalled-cycles-frontend:u,stalled-cycles-frontend,171233.0,3.0,nan,,ok
10681.790031,0.0,,instructions:u,instructions,830484.0,100.0,nan,,ok
10681.790031,nan,,cycles:u,cycles,0.0,0.0,nan,,ok
10681.790031,nan,,branches:u,branches,0.0,0.0,nan,,ok
10681.790031,nan,,branch-misses:u,branch-misses,0.0,0.0,nan,,ok
10681.790031,nan,,L1-dcache-loads:u,l1-dcache-loads,0.0,0.0,nan,,ok
10681.790031,nan,,cache-references:u,cache-references,0.0,0.0,nan,,ok
10681.790031,0.0,,cache-misses:u,cache-misses,756128.0,100.0,nan,,ok
10681.790031,0.0,,stalled-cycles-frontend:u,stalled-cycles-frontend,737463.0,100.0,nan,,ok
10693.790772,nan,,instructions:u,instructions,0.0,100.0,nan,,ok
10693.790772,nan,,cycles:u,cycles,0.0,100.0,nan,,ok
10693.790772,nan,,branches:u,branches,0.0,100.0,nan,,ok
10693.790772,nan,,branch-misses:u,branch-misses,0.0,100.0,nan,,ok
10693.790772,nan,,L1-dcache-loads:u,l1-dcache-loads,0.0,100.0,nan,,ok
10693.790772,nan,,cache-references:u,cache-references,0.0,100.0,nan,,ok
10693.790772,nan,,cache-misses:u,cache-misses,0.0,100.0,nan,,ok
10693.790772,nan,,stalled-cycles-frontend:u,stalled-cycles-frontend,0.0,100.0,nan,,ok
10704.419266,nan,,instructions:u,instructions,0.0,100.0,nan,,ok
10704.419266,nan,,cycles:u,cycles,0.0,100.0,nan,,ok
10704.419266,nan,,branches:u,branches,0.0,100.0,nan,,ok
10704.419266,nan,,branch-misses:u,branch-misses,0.0,100.0,nan,,ok
10704.419266,nan,,L1-dcache-loads:u,l1-dcache-loads,0.0,100.0,nan,,ok
10704.419266,nan,,cache-references:u,cache-references,0.0,100.0,nan,,ok
10704.419266,nan,,cache-misses:u,cache-misses,0.0,100.0,nan,,ok
10704.419266,nan,,stalled-cycles-frontend:u,stalled-cycles-frontend,0.0,100.0,nan,,ok
10716.795318,nan,,instructions:u,instructions,0.0,100.0,nan,,ok
10716.795318,nan,,cycles:u,cycles,0.0,100.0,nan,,ok
10716.795318,nan,,branches:u,branches,0.0,100.0,nan,,ok
10716.795318,nan,,branch-misses:u,branch-misses,0.0,100.0,nan,,ok
10716.795318,nan,,L1-dcache-loads:u,l1-dcache-loads,0.0,100.0,nan,,ok
10716.795318,nan,,cache-references:u,cache-references,0.0,100.0,nan,,ok
10716.795318,nan,,cache-misses:u,cache-misses,0.0,100.0,nan,,ok
10716.795318,nan,,stalled-cycles-frontend:u,stalled-cycles-frontend,0.0,100.0,nan,,ok
10727.539804,nan,,instructions:u,instructions,0.0,100.0,nan,,ok
10727.539804,nan,,cycles:u,cycles,0.0,100.0,nan,,ok
10727.539804,nan,,branches:u,branches,0.0,100.0,nan,,ok
10727.539804,nan,,branch-misses:u,branch-misses,0.0,100.0,nan,,ok
10727.539804,nan,,L1-dcache-loads:u,l1-dcache-loads,0.0,100.0,nan,,ok
10727.539804,nan,,cache-references:u,cache-references,0.0,100.0,nan,,ok
10727.539804,nan,,cache-misses:u,cache-misses,0.0,100.0,nan,,ok
10727.539804,nan,,stalled-cycles-frontend:u,stalled-cycles-frontend,0.0,100.0,nan,,ok
10739.877856,nan,,instructions:u,instructions,0.0,100.0,nan,,ok
10739.877856,nan,,cycles:u,cycles,0.0,100.0,nan,,ok
10739.877856,nan,,branches:u,branches,0.0,100.0,nan,,ok
10739.877856,nan,,branch-misses:u,branch-misses,0.0,100.0,nan,,ok
10739.877856,nan,,L1-dcache-loads:u,l1-dcache-loads,0.0,100.0,nan,,ok
10739.877856,nan,,cache-references:u,cache-references,0.0,100.0,nan,,ok
10739.877856,nan,,cache-misses:u,cache-misses,0.0,100.0,nan,,ok
10739.877856,nan,,stalled-cycles-frontend:u,stalled-cycles-frontend,0.0,100.0,nan,,ok
10751.793942,0.0,,instructions:u,instructions,106698.0,100.0,nan,,ok
10751.793942,nan,,cycles:u,cycles,0.0,0.0,nan,,ok
10751.793942,nan,,branches:u,branches,0.0,0.0,nan,,ok
10751.793942,nan,,branch-misses:u,branch-misses,0.0,0.0,nan,,ok
10751.793942,nan,,L1-dcache-loads:u,l1-dcache-loads,0.0,0.0,nan,,ok
10751.793942,nan,,cache-references:u,cache-references,0.0,0.0,nan,,ok
10751.793942,0.0,,cache-misses:u,cache-misses,220841.0,100.0,nan,,ok
10751.793942,0.0,,stalled-cycles-frontend:u,stalled-cycles-frontend,244187.0,100.0,nan,,ok
10763.806086,0.0,,instructions:u,instructions,2886101.0,61.0,nan,,ok
10763.806086,0.0,,cycles:u,cycles,2995618.0,63.0,nan,,ok
10763.806086,0.0,,branches:u,branches,3831903.0,82.0,nan,,ok
10763.806086,0.0,,branch-misses:u,branch-misses,3831903.0,82.0,nan,,ok
10763.806086,0.0,,L1-dcache-loads:u,l1-dcache-loads,2832119.0,61.0,nan,,ok
10763.806086,0.0,,cache-references:u,cache-references,1829255.0,39.0,nan,,ok
10763.806086,0.0,,cache-misses:u,cache-misses,1605595.0,34.0,nan,,ok
10763.806086,0.0,,stalled-cycles-frontend:u,stalled-cycles-frontend,1745748.0,38.0,nan,,ok
10775.793295,nan,,instructions:u,instructions,0.0,100.0,nan,,ok
10775.793295,nan,,cycles:u,cycles,0.0,100.0,nan,,ok
10775.793295,nan,,branches:u,branches,0.0,100.0,nan,,ok
10775.793295,nan,,branch-misses:u,branch-misses,0.0,100.0,nan,,ok
10775.793295,nan,,L1-dcache-loads:u,l1-dcache-loads,0.0,100.0,nan,,ok
10775.793295,nan,,cache-references:u,cache-references,0.0,100.0,nan,,ok
10775.793295,nan,,cache-misses:u,cache-misses,0.0,100.0,nan,,ok
10775.793295,nan,,stalled-cycles-frontend:u,stalled-cycles-frontend,0.0,100.0,nan,,ok
10787.795642000001,nan,,instructions:u,instructions,0.0,100.0,nan,,ok
10787.795642000001,nan,,cycles:u,cycles,0.0,100.0,nan,,ok
10787.795642000001,nan,,branches:u,branches,0.0,100.0,nan,,ok
10787.795642000001,nan,,branch-misses:u,branch-misses,0.0,100.0,nan,,ok
10787.795642000001,nan,,L1-dcache-loads:u,l1-dcache-loads,0.0,100.0,nan,,ok
10787.795642000001,nan,,cache-references:u,cache-references,0.0,100.0,nan,,ok
10787.795642000001,nan,,cache-misses:u,cache-misses,0.0,100.0,nan,,ok
10787.795642000001,nan,,stalled-cycles-frontend:u,stalled-cycles-frontend,0.0,100.0,nan,,ok
10798.49957,nan,,instructions:u,instructions,0.0,100.0,nan,,ok
10798.49957,nan,,cycles:u,cycles,0.0,100.0,nan,,ok
10798.49957,nan,,branches:u,branches,0.0,100.0,nan,,ok
10798.49957,nan,,branch-misses:u,branch-misses,0.0,100.0,nan,,ok
10798.49957,nan,,L1-dcache-loads:u,l1-dcache-loads,0.0,100.0,nan,,ok
10798.49957,nan,,cache-references:u,cache-references,0.0,100.0,nan,,ok
10798.49957,nan,,cache-misses:u,cache-misses,0.0,100.0,nan,,ok
10798.49957,nan,,stalled-cycles-frontend:u,stalled-cycles-frontend,0.0,100.0,nan,,ok
10813.794935,nan,,instructions:u,instructions,0.0,0.0,nan,,ok
10813.794935,nan,,cycles:u,cycles,0.0,0.0,nan,,ok
10813.794935,0.0,,branches:u,branches,990367.0,47.0,nan,,ok
10813.794935,0.0,,branch-misses:u,branch-misses,1984292.0,93.0,nan,,ok
10813.794935,0.0,,L1-dcache-loads:u,l1-dcache-loads,2145464.0,100.0,nan,,ok
10813.794935,0.0,,cache-references:u,cache-references,2172416.0,100.0,nan,,ok
10813.794935,0.0,,cache-misses:u,cache-misses,2205394.0,100.0,nan,,ok
10813.794935,nan,,stalled-cycles-frontend:u,stalled-cycles-frontend,0.0,0.0,nan,,ok
10828.796735,0.0,,instructions:u,instructions,1870379.0,49.0,nan,,ok
10828.796735,0.0,,cycles:u,cycles,864003.0,22.0,nan,,ok
10828.796735,0.0,,branches:u,branches,864003.0,23.0,nan,,ok
10828.796735,0.0,,branch-misses:u,branch-misses,864003.0,23.0,nan,,ok
10828.796735,0.0,,L1-dcache-loads:u,l1-dcache-loads,840602.0,22.0,nan,,ok
10828.796735,0.0,,cache-references:u,cache-references,1806289.0,49.0,nan,,ok
10828.796735,0.0,,cache-misses:u,cache-misses,2779687.0,76.0,nan,,ok
10828.796735,0.0,,stalled-cycles-frontend:u,stalled-cycles-frontend,1870379.0,51.0,nan,,ok
10843.802041,nan,,instructions:u,instructions,0.0,100.0,nan,,ok
10843.802041,nan,,cycles:u,cycles,0.0,100.0,nan,,ok
10843.802041,nan,,branches:u,branches,0.0,100.0,nan,,ok
10843.802041,nan,,branch-misses:u,branch-misses,0.0,100.0,nan,,ok
10843.802041,nan,,L1-dcache-loads:u,l1-dcache-loads,0.0,100.0,nan,,ok
10843.802041,nan,,cache-references:u,cache-references,0.0,100.0,nan,,ok
10843.802041,nan,,cache-misses:u,cache-misses,0.0,100.0,nan,,ok
10843.802041,nan,,stalled-cycles-frontend:u,stalled-cycles-frontend,0.0,100.0,nan,,ok
10870.797933,nan,,instructions:u,instructions,0.0,100.0,nan,,ok
10870.797933,nan,,cycles:u,cycles,0.0,100.0,nan,,ok
10870.797933,nan,,branches:u,branches,0.0,100.0,nan,,ok
10870.797933,nan,,branch-misses:u,branch-misses,0.0,100.0,nan,,ok
10870.797933,nan,,L1-dcache-loads:u,l1-dcache-loads,0.0,100.0,nan,,ok
10870.797933,nan,,cache-references:u,cache-references,0.0,100.0,nan,,ok
10870.797933,nan,,cache-misses:u,cache-misses,0.0,100.0,nan,,ok
10870.797933,nan,,stalled-cycles-frontend:u,stalled-cycles-frontend,0.0,100.0,nan,,ok
10889.799096,nan,,instructions:u,instructions,0.0,100.0,nan,,ok
10889.799096,nan,,cycles:u,cycles,0.0,100.0,nan,,ok
10889.799096,nan,,branches:u,branches,0.0,100.0,nan,,ok
10889.799096,nan,,branch-misses:u,branch-misses,0.0,100.0,nan,,ok
10889.799096,nan,,L1-dcache-loads:u,l1-dcache-loads,0.0,100.0,nan,,ok
10889.799096,nan,,cache-references:u,cache-references,0.0,100.0,nan,,ok
10889.799096,nan,,cache-misses:u,cache-misses,0.0,100.0,nan,,ok
10889.799096,nan,,stalled-cycles-frontend:u,stalled-cycles-frontend,0.0,100.0,nan,,ok
10906.798480000001,nan,,instructions:u,instructions,0.0,100.0,nan,,ok
10906.798480000001,nan,,cycles:u,cycles,0.0,100.0,nan,,ok
10906.798480000001,nan,,branches:u,branches,0.0,100.0,nan,,ok
10906.798480000001,nan,,branch-misses:u,branch-misses,0.0,100.0,nan,,ok
10906.798480000001,nan,,L1-dcache-loads:u,l1-dcache-loads,0.0,100.0,nan,,ok
10906.798480000001,nan,,cache-references:u,cache-references,0.0,100.0,nan,,ok
10906.798480000001,nan,,cache-misses:u,cache-misses,0.0,100.0,nan,,ok
10906.798480000001,nan,,stalled-cycles-frontend:u,stalled-cycles-frontend,0.0,100.0,nan,,ok
10919.787998,nan,,instructions:u,instructions,0.0,100.0,nan,,ok
10919.787998,nan,,cycles:u,cycles,0.0,100.0,nan,,ok
10919.787998,nan,,branches:u,branches,0.0,100.0,nan,,ok
10919.787998,nan,,branch-misses:u,branch-misses,0.0,100.0,nan,,ok
10919.787998,nan,,L1-dcache-loads:u,l1-dcache-loads,0.0,100.0,nan,,ok
10919.787998,nan,,cache-references:u,cache-references,0.0,100.0,nan,,ok
10919.787998,nan,,cache-misses:u,cache-misses,0.0,100.0,nan,,ok
10919.787998,nan,,stalled-cycles-frontend:u,stalled-cycles-frontend,0.0,100.0,nan,,ok
10932.801316000001,0.0,,instructions:u,instructions,100037.0,100.0,nan,,ok
10932.801316000001,0.0,,cycles:u,cycles,138013.0,100.0,nan,,ok
10932.801316000001,0.0,,branches:u,branches,161255.0,100.0,nan,,ok
10932.801316000001,0.0,,branch-misses:u,branch-misses,181620.0,100.0,nan,,ok
10932.801316000001,nan,,L1-dcache-loads:u,l1-dcache-loads,0.0,0.0,nan,,ok
10932.801316000001,nan,,cache-references:u,cache-references,0.0,0.0,nan,,ok
10932.801316000001,nan,,cache-misses:u,cache-misses,0.0,0.0,nan,,ok
10932.801316000001,0.0,,stalled-cycles-frontend:u,stalled-cycles-frontend,349180.0,100.0,nan,,ok
10949.790181999999,0.0,,instructions:u,instructions,3763828.0,42.0,nan,,ok
10949.790181999999,0.0,,cycles:u,cycles,3703269.0,42.0,nan,,ok
10949.790181999999,0.0,,branches:u,branches,4684627.0,53.0,nan,,ok
10949.790181999999,0.0,,branch-misses:u,branch-misses,5664084.0,65.0,nan,,ok
10949.790181999999,0.0,,L1-dcache-loads:u,l1-dcache-loads,4960634.0,57.0,nan,,ok
10949.790181999999,0.0,,cache-references:u,cache-references,4998068.0,57.0,nan,,ok
10949.790181999999,0.0,,cache-misses:u,cache-misses,5020651.0,58.0,nan,,ok
10949.790181999999,0.0,,stalled-cycles-frontend:u,stalled-cycles-frontend,2546624.0,29.0,nan,,ok
10962.789111,nan,,instructions:u,instructions,0.0,100.0,nan,,ok
10962.789111,nan,,cycles:u,cycles,0.0,100.0,nan,,ok
10962.789111,nan,,branches:u,branches,0.0,100.0,nan,,ok
10962.789111,nan,,branch-misses:u,branch-misses,0.0,100.0,nan,,ok
10962.789111,nan,,L1-dcache-loads:u,l1-dcache-loads,0.0,100.0,nan,,ok
10962.789111,nan,,cache-references:u,cache-references,0.0,100.0,nan,,ok
10962.789111,nan,,cache-misses:u,cache-misses,0.0,100.0,nan,,ok
10962.789111,nan,,stalled-cycles-frontend:u,stalled-cycles-frontend,0.0,100.0,nan,,ok
10975.794918,nan,,instructions:u,instructions,0.0,100.0,nan,,ok
10975.794918,nan,,cycles:u,cycles,0.0,100.0,nan,,ok
10975.794918,nan,,branches:u,branches,0.0,100.0,nan,,ok
10975.794918,nan,,branch-misses:u,branch-misses,0.0,100.0,nan,,ok
10975.794918,nan,,L1-dcache-loads:u,l1-dcache-loads,0.0,100.0,nan,,ok
10975.794918,nan,,cache-references:u,cache-references,0.0,100.0,nan,,ok
10975.794918,nan,,cache-misses:u,cache-misses,0.0,100.0,nan,,ok
10975.794918,nan,,stalled-cycles-frontend:u,stalled-cycles-frontend,0.0,100.0,nan,,ok
10988.791044,nan,,instructions:u,instructions,0.0,100.0,nan,,ok
10988.791044,nan,,cycles:u,cycles,0.0,100.0,nan,,ok
10988.791044,nan,,branches:u,branches,0.0,100.0,nan,,ok
10988.791044,nan,,branch-misses:u,branch-misses,0.0,100.0,nan,,ok
10988.791044,nan,,L1-dcache-loads:u,l1-dcache-loads,0.0,100.0,nan,,ok
10988.791044,nan,,cache-references:u,cache-references,0.0,100.0,nan,,ok
10988.791044,nan,,cache-misses:u,cache-misses,0.0,100.0,nan,,ok
10988.791044,nan,,stalled-cycles-frontend:u,stalled-cycles-frontend,0.0,100.0,nan,,ok
11005.794155,nan,,instructions:u,instructions,0.0,100.0,nan,,ok
11005.794155,nan,,cycles:u,cycles,0.0,100.0,nan,,ok
11005.794155,nan,,branches:u,branches,0.0,100.0,nan,,ok
11005.794155,nan,,branch-misses:u,branch-misses,0.0,100.0,nan,,ok
11005.794155,nan,,L1-dcache-loads:u,l1-dcache-loads,0.0,100.0,nan,,ok
11005.794155,nan,,cache-references:u,cache-references,0.0,100.0,nan,,ok
11005.794155,nan,,cache-misses:u,cache-misses,0.0,100.0,nan,,ok
11005.794155,nan,,stalled-cycles-frontend:u,stalled-cycles-frontend,0.0,100.0,nan,,ok
11018.790061000002,nan,,instructions:u,instructions,0.0,100.0,nan,,ok
11018.790061000002,nan,,cycles:u,cycles,0.0,100.0,nan,,ok
11018.790061000002,nan,,branches:u,branches,0.0,100.0,nan,,ok
11018.790061000002,nan,,branch-misses:u,branch-misses,0.0,100.0,nan,,ok
11018.790061000002,nan,,L1-dcache-loads:u,l1-dcache-loads,0.0,100.0,nan,,ok
11018.790061000002,nan,,cache-references:u,cache-references,0.0,100.0,nan,,ok
11018.790061000002,nan,,cache-misses:u,cache-misses,0.0,100.0,nan,,ok
11018.790061000002,nan,,stalled-cycles-frontend:u,stalled-cycles-frontend,0.0,100.0,nan,,ok
11031.799791,0.0,,instructions:u,instructions,1984410.0,33.0,nan,,ok
11031.799791,0.0,,cycles:u,cycles,2983971.0,50.0,nan,,ok
11031.799791,0.0,,branches:u,branches,3988939.0,67.0,nan,,ok
11031.799791,0.0,,branch-misses:u,branch-misses,4988130.0,84.0,nan,,ok
11031.799791,0.0,,L1-dcache-loads:u,l1-dcache-loads,4881637.0,83.0,nan,,ok
11031.799791,0.0,,cache-references:u,cache-references,3887367.0,66.0,nan,,ok
11031.799791,0.0,,cache-misses:u,cache-misses,2887806.0,49.0,nan,,ok
11031.799791,0.0,,stalled-cycles-frontend:u,stalled-cycles-frontend,990140.0,16.0,nan,,ok
11044.803528999999,nan,,instructions:u,instructions,0.0,100.0,nan,,ok
11044.803528999999,nan,,cycles:u,cycles,0.0,100.0,nan,,ok
11044.803528999999,nan,,branches:u,branches,0.0,100.0,nan,,ok
11044.803528999999,nan,,branch-misses:u,branch-misses,0.0,100.0,nan,,ok
11044.803528999999,nan,,L1-dcache-loads:u,l1-dcache-loads,0.0,100.0,nan,,ok
11044.803528999999,nan,,cache-references:u,cache-references,0.0,100.0,nan,,ok
11044.803528999999,nan,,cache-misses:u,cache-misses,0.0,100.0,nan,,ok
11044.803528999999,nan,,stalled-cycles-frontend:u,stalled-cycles-frontend,0.0,100.0,nan,,ok
11061.785731,nan,,instructions:u,instructions,0.0,100.0,nan,,ok
11061.785731,nan,,cycles:u,cycles,0.0,100.0,nan,,ok
11061.785731,nan,,branches:u,branches,0.0,100.0,nan,,ok
11061.785731,nan,,branch-misses:u,branch-misses,0.0,100.0,nan,,ok
11061.785731,nan,,L1-dcache-loads:u,l1-dcache-loads,0.0,100.0,nan,,ok
11061.785731,nan,,cache-references:u,cache-references,0.0,100.0,nan,,ok
11061.785731,nan,,cache-misses:u,cache-misses,0.0,100.0,nan,,ok
11061.785731,nan,,stalled-cycles-frontend:u,stalled-cycles-frontend,0.0,100.0,nan,,ok
11078.791077,nan,,instructions:u,instructions,0.0,100.0,nan,,ok
11078.791077,nan,,cycles:u,cycles,0.0,100.0,nan,,ok
11078.791077,nan,,branches:u,branches,0.0,100.0,nan,,ok
11078.791077,nan,,branch-misses:u,branch-misses,0.0,100.0,nan,,ok
11078.791077,nan,,L1-dcache-loads:u,l1-dcache-loads,0.0,100.0,nan,,ok
11078.791077,nan,,cache-references:u,cache-references,0.0,100.0,nan,,ok
11078.791077,nan,,cache-misses:u,cache-misses,0.0,100.0,nan,,ok
11078.791077,nan,,stalled-cycles-frontend:u,stalled-cycles-frontend,0.0,100.0,nan,,ok
11091.795743,0.0,,instructions:u,instructions,3010018.0,59.0,nan,,ok
11091.795743,0.0,,cycles:u,cycles,2131717.0,41.0,nan,,ok
11091.795743,0.0,,branches:u,branches,2161429.0,42.0,nan,,ok
11091.795743,0.0,,branch-misses:u,branch-misses,2184191.0,42.0,nan,,ok
11091.795743,0.0,,L1-dcache-loads:u,l1-dcache-loads,2175583.0,42.0,nan,,ok
11091.795743,0.0,,cache-references:u,cache-references,2181585.0,42.0,nan,,ok
11091.795743,0.0,,cache-misses:u,cache-misses,2962279.0,56.0,nan,,ok
11091.795743,0.0,,stalled-cycles-frontend:u,stalled-cycles-frontend,2006538.0,38.0,nan,,ok
11104.795585,nan,,instructions:u,instructions,0.0,0.0,nan,,ok
11104.795585,0.0,,cycles:u,cycles,884202.0,69.0,nan,,ok
11104.795585,0.0,,branches:u,branches,1249620.0,100.0,nan,,ok
11104.795585,0.0,,branch-misses:u,branch-misses,1226858.0,100.0,nan,,ok
11104.795585,0.0,,L1-dcache-loads:u,l1-dcache-loads,1200932.0,100.0,nan,,ok
11104.795585,0.0,,cache-references:u,cache-references,1181725.0,100.0,nan,,ok
11104.795585,0.0,,cache-misses:u,cache-misses,395130.0,33.0,nan,,ok
11104.795585,nan,,stalled-cycles-frontend:u,stalled-cycles-frontend,0.0,0.0,nan,,ok
11121.792481,nan,,instructions:u,instructions,0.0,100.0,nan,,ok
11121.792481,nan,,cycles:u,cycles,0.0,100.0,nan,,ok
11121.792481,nan,,branches:u,branches,0.0,100.0,nan,,ok
11121.792481,nan,,branch-misses:u,branch-misses,0.0,100.0,nan,,ok
11121.792481,nan,,L1-dcache-loads:u,l1-dcache-loads,0.0,100.0,nan,,ok
11121.792481,nan,,cache-references:u,cache-references,0.0,100.0,nan,,ok
11121.792481,nan,,cache-misses:u,cache-misses,0.0,100.0,nan,,ok
11121.792481,nan,,stalled-cycles-frontend:u,stalled-cycles-frontend,0.0,100.0,nan,,ok
11138.790429,nan,,instructions:u,instructions,0.0,100.0,nan,,ok
11138.790429,nan,,cycles:u,cycles,0.0,100.0,nan,,ok
11138.790429,nan,,branches:u,branches,0.0,100.0,nan,,ok
11138.790429,nan,,branch-misses:u,branch-misses,0.0,100.0,nan,,ok
11138.790429,nan,,L1-dcache-loads:u,l1-dcache-loads,0.0,100.0,nan,,ok
11138.790429,nan,,cache-references:u,cache-references,0.0,100.0,nan,,ok
11138.790429,nan,,cache-misses:u,cache-misses,0.0,100.0,nan,,ok
11138.790429,nan,,stalled-cycles-frontend:u,stalled-cycles-frontend,0.0,100.0,nan,,ok
11151.797525,nan,,instructions:u,instructions,0.0,100.0,nan,,ok
11151.797525,nan,,cycles:u,cycles,0.0,100.0,nan,,ok
11151.797525,nan,,branches:u,branches,0.0,100.0,nan,,ok
11151.797525,nan,,branch-misses:u,branch-misses,0.0,100.0,nan,,ok
11151.797525,nan,,L1-dcache-loads:u,l1-dcache-loads,0.0,100.0,nan,,ok
11151.797525,nan,,cache-references:u,cache-references,0.0,100.0,nan,,ok
11151.797525,nan,,cache-misses:u,cache-misses,0.0,100.0,nan,,ok
11151.797525,nan,,stalled-cycles-frontend:u,stalled-cycles-frontend,0.0,100.0,nan,,ok
11164.792862,0.0,,instructions:u,instructions,90241.0,2.0,nan,,ok
11164.792862,nan,,cycles:u,cycles,0.0,0.0,nan,,ok
11164.792862,0.0,,branches:u,branches,975386.0,23.0,nan,,ok
11164.792862,0.0,,branch-misses:u,branch-misses,1955450.0,47.0,nan,,ok
11164.792862,0.0,,L1-dcache-loads:u,l1-dcache-loads,2958275.0,72.0,nan,,ok
11164.792862,0.0,,cache-references:u,cache-references,3956513.0,96.0,nan,,ok
11164.792862,0.0,,cache-misses:u,cache-misses,4135868.0,100.0,nan,,ok
11164.792862,0.0,,stalled-cycles-frontend:u,stalled-cycles-frontend,197285.0,4.0,nan,,ok
11177.793524,0.0,,instructions:u,instructions,967545.0,100.0,nan,,ok
11177.793524,0.0,,cycles:u,cycles,54440.0,5.0,nan,,ok
11177.793524,0.0,,branches:u,branches,54440.0,5.0,nan,,ok
11177.793524,0.0,,branch-misses:u,branch-misses,54440.0,5.0,nan,,ok
11177.793524,nan,,L1-dcache-loads:u,l1-dcache-loads,0.0,0.0,nan,,ok
11177.793524,nan,,cache-references:u,cache-references,0.0,0.0,nan,,ok
11177.793524,0.0,,cache-misses:u,cache-misses,823991.0,93.0,nan,,ok
11177.793524,0.0,,stalled-cycles-frontend:u,stalled-cycles-frontend,860501.0,100.0,nan,,ok
11190.795230000002,nan,,instructions:u,instructions,0.0,100.0,nan,,ok
11190.795230000002,nan,,cycles:u,cycles,0.0,100.0,nan,,ok
11190.795230000002,nan,,branches:u,branches,0.0,100.0,nan,,ok
11190.795230000002,nan,,branch-misses:u,branch-misses,0.0,100.0,nan,,ok
11190.795230000002,nan,,L1-dcache-loads:u,l1-dcache-loads,0.0,100.0,nan,,ok
11190.795230000002,nan,,cache-references:u,cache-references,0.0,100.0,nan,,ok
11190.795230000002,nan,,cache-misses:u,cache-misses,0.0,100.0,nan,,ok
11190.795230000002,nan,,stalled-cycles-frontend:u,stalled-cycles-frontend,0.0,100.0,nan,,ok
11203.799683,nan,,instructions:u,instructions,0.0,100.0,nan,,ok
11203.799683,nan,,cycles:u,cycles,0.0,100.0,nan,,ok
11203.799683,nan,,branches:u,branches,0.0,100.0,nan,,ok
11203.799683,nan,,branch-misses:u,branch-misses,0.0,100.0,nan,,ok
11203.799683,nan,,L1-dcache-loads:u,l1-dcache-loads,0.0,100.0,nan,,ok
11203.799683,nan,,cache-references:u,cache-references,0.0,100.0,nan,,ok
11203.799683,nan,,cache-misses:u,cache-misses,0.0,100.0,nan,,ok
11203.799683,nan,,stalled-cycles-frontend:u,stalled-cycles-frontend,0.0,100.0,nan,,ok
11216.801721,nan,,instructions:u,instructions,0.0,100.0,nan,,ok
11216.801721,nan,,cycles:u,cycles,0.0,100.0,nan,,ok
11216.801721,nan,,branches:u,branches,0.0,100.0,nan,,ok
11216.801721,nan,,branch-misses:u,branch-misses,0.0,100.0,nan,,ok
11216.801721,nan,,L1-dcache-loads:u,l1-dcache-loads,0.0,100.0,nan,,ok
11216.801721,nan,,cache-references:u,cache-references,0.0,100.0,nan,,ok
11216.801721,nan,,cache-misses:u,cache-misses,0.0,100.0,nan,,ok
11216.801721,nan,,stalled-cycles-frontend:u,stalled-cycles-frontend,0.0,100.0,nan,,ok
11229.786722,nan,,instructions:u,instructions,0.0,100.0,nan,,ok
11229.786722,nan,,cycles:u,cycles,0.0,100.0,nan,,ok
11229.786722,nan,,branches:u,branches,0.0,100.0,nan,,ok
11229.786722,nan,,branch-misses:u,branch-misses,0.0,100.0,nan,,ok
11229.786722,nan,,L1-dcache-loads:u,l1-dcache-loads,0.0,100.0,nan,,ok
11229.786722,nan,,cache-references:u,cache-references,0.0,100.0,nan,,ok
11229.786722,nan,,cache-misses:u,cache-misses,0.0,100.0,nan,,ok
11229.786722,nan,,stalled-cycles-frontend:u,stalled-cycles-frontend,0.0,100.0,nan,,ok
11242.792121,0.0,,instructions:u,instructions,1961875.0,38.0,nan,,ok
11242.792121,0.0,,cycles:u,cycles,2965488.0,58.0,nan,,ok
11242.792121,0.0,,branches:u,branches,3966592.0,78.0,nan,,ok
11242.792121,0.0,,branch-misses:u,branch-misses,4966153.0,97.0,nan,,ok
11242.792121,0.0,,L1-dcache-loads:u,l1-dcache-loads,4146436.0,80.0,nan,,ok
11242.792121,0.0,,cache-references:u,cache-references,3172949.0,61.0,nan,,ok
11242.792121,0.0,,cache-misses:u,cache-misses,2189536.0,42.0,nan,,ok
11242.792121,0.0,,stalled-cycles-frontend:u,stalled-cycles-frontend,973669.0,18.0,nan,,ok
11259.794241,0.0,,instructions:u,instructions,330820.0,14.0,nan,,ok
11259.794241,nan,,cycles:u,cycles,0.0,0.0,nan,,ok
11259.794241,nan,,branches:u,branches,0.0,0.0,nan,,ok
11259.794241,nan,,branch-misses:u,branch-misses,0.0,0.0,nan,,ok
11259.794241,0.0,,L1-dcache-loads:u,l1-dcache-loads,847423.0,38.0,nan,,ok
11259.794241,0.0,,cache-references:u,cache-references,1830310.0,84.0,nan,,ok
11259.794241,0.0,,cache-misses:u,cache-misses,2140930.0,100.0,nan,,ok
11259.794241,0.0,,stalled-cycles-frontend:u,stalled-cycles-frontend,330820.0,15.0,nan,,ok
11272.80039,nan,,instructions:u,instructions,0.0,100.0,nan,,ok
11272.80039,nan,,cycles:u,cycles,0.0,100.0,nan,,ok
11272.80039,nan,,branches:u,branches,0.0,100.0,nan,,ok
11272.80039,nan,,branch-misses:u,branch-misses,0.0,100.0,nan,,ok
11272.80039,nan,,L1-dcache-loads:u,l1-dcache-loads,0.0,100.0,nan,,ok
11272.80039,nan,,cache-references:u,cache-references,0.0,100.0,nan,,ok
11272.80039,nan,,cache-misses:u,cache-misses,0.0,100.0,nan,,ok
11272.80039,nan,,stalled-cycles-frontend:u,stalled-cycles-frontend,0.0,100.0,nan,,ok
11293.792083999999,nan,,instructions:u,instructions,0.0,100.0,nan,,ok
11293.792083999999,nan,,cycles:u,cycles,0.0,100.0,nan,,ok
11293.792083999999,nan,,branches:u,branches,0.0,100.0,nan,,ok
11293.792083999999,nan,,branch-misses:u,branch-misses,0.0,100.0,nan,,ok
11293.792083999999,nan,,L1-dcache-loads:u,l1-dcache-loads,0.0,100.0,nan,,ok
11293.792083999999,nan,,cache-references:u,cache-references,0.0,100.0,nan,,ok
11293.792083999999,nan,,cache-misses:u,cache-misses,0.0,100.0,nan,,ok
11293.792083999999,nan,,stalled-cycles-frontend:u,stalled-cycles-frontend,0.0,100.0,nan,,ok
11306.795057000001,nan,,instructions:u,instructions,0.0,100.0,nan,,ok
11306.795057000001,nan,,cycles:u,cycles,0.0,100.0,nan,,ok
11306.795057000001,nan,,branches:u,branches,0.0,100.0,nan,,ok
11306.795057000001,nan,,branch-misses:u,branch-misses,0.0,100.0,nan,,ok
11306.795057000001,nan,,L1-dcache-loads:u,l1-dcache-loads,0.0,100.0,nan,,ok
11306.795057000001,nan,,cache-references:u,cache-references,0.0,100.0,nan,,ok
11306.795057000001,nan,,cache-misses:u,cache-misses,0.0,100.0,nan,,ok
11306.795057000001,nan,,stalled-cycles-frontend:u,stalled-cycles-frontend,0.0,100.0,nan,,ok
11321.055073,0.0,,instructions:u,instructions,3000037.0,68.0,nan,,ok
11321.055073,0.0,,cycles:u,cycles,2999230.0,67.0,nan,,ok
11321.055073,0.0,,branches:u,branches,3564678.0,77.0,nan,,ok
11321.055073,0.0,,branch-misses:u,branch-misses,3660356.0,78.0,nan,,ok
11321.055073,0.0,,L1-dcache-loads:u,l1-dcache-loads,2735191.0,57.0,nan,,ok
11321.055073,0.0,,cache-references:u,cache-references,1785811.0,37.0,nan,,ok
11321.055073,0.0,,cache-misses:u,cache-misses,1852791.0,38.0,nan,,ok
11321.055073,0.0,,stalled-cycles-frontend:u,stalled-cycles-frontend,1999945.0,40.0,nan,,ok
11353.823632,0.0,,instructions:u,instructions,705847.0,16.0,nan,,ok
11353.823632,nan,,cycles:u,cycles,0.0,0.0,nan,,ok
11353.823632,0.0,,branches:u,branches,423554.0,10.0,nan,,ok
11353.823632,0.0,,branch-misses:u,branch-misses,1334339.0,33.0,nan,,ok
11353.823632,0.0,,L1-dcache-loads:u,l1-dcache-loads,2262108.0,57.0,nan,,ok
11353.823632,0.0,,cache-references:u,cache-references,3206897.0,81.0,nan,,ok
11353.823632,0.0,,cache-misses:u,cache-misses,3846571.0,100.0,nan,,ok
11353.823632,0.0,,stalled-cycles-frontend:u,stalled-cycles-frontend,705847.0,18.0,nan,,ok
11366.849935,nan,,instructions:u,instructions,0.0,100.0,nan,,ok
11366.849935,nan,,cycles:u,cycles,0.0,100.0,nan,,ok
11366.849935,nan,,branches:u,branches,0.0,100.0,nan,,ok
11366.849935,nan,,branch-misses:u,branch-misses,0.0,100.0,nan,,ok
11366.849935,nan,,L1-dcache-loads:u,l1-dcache-loads,0.0,100.0,nan,,ok
11366.849935,nan,,cache-references:u,cache-references,0.0,100.0,nan,,ok
11366.849935,nan,,cache-misses:u,cache-misses,0.0,100.0,nan,,ok
11366.849935,nan,,stalled-cycles-frontend:u,stalled-cycles-frontend,0.0,100.0,nan,,ok
11399.924401,nan,,instructions:u,instructions,0.0,100.0,nan,,ok
11399.924401,nan,,cycles:u,cycles,0.0,100.0,nan,,ok
11399.924401,nan,,branches:u,branches,0.0,100.0,nan,,ok
11399.924401,nan,,branch-misses:u,branch-misses,0.0,100.0,nan,,ok
11399.924401,nan,,L1-dcache-loads:u,l1-dcache-loads,0.0,100.0,nan,,ok
11399.924401,nan,,cache-references:u,cache-references,0.0,100.0,nan,,ok
11399.924401,nan,,cache-misses:u,cache-misses,0.0,100.0,nan,,ok
11399.924401,nan,,stalled-cycles-frontend:u,stalled-cycles-frontend,0.0,100.0,nan,,ok
11466.947569,0.0,,instructions:u,instructions,2991280.0,68.0,nan,,ok
11466.947569,0.0,,cycles:u,cycles,3001133.0,68.0,nan,,ok
11466.947569,0.0,,branches:u,branches,3359621.0,77.0,nan,,ok
11466.947569,0.0,,branch-misses:u,branch-misses,3359621.0,77.0,nan,,ok
11466.947569,0.0,,L1-dcache-loads:u,l1-dcache-loads,2355703.0,54.0,nan,,ok
11466.947569,0.0,,cache-references:u,cache-references,1360278.0,31.0,nan,,ok
11466.947569,0.0,,cache-misses:u,cache-misses,1350425.0,31.0,nan,,ok
11466.947569,0.0,,stalled-cycles-frontend:u,stalled-cycles-frontend,1995855.0,45.0,nan,,ok
11519.814480000001,0.0,,instructions:u,instructions,1120437.0,21.0,nan,,ok
11519.814480000001,0.0,,cycles:u,cycles,141628.0,2.0,nan,,ok
11519.814480000001,0.0,,branches:u,branches,1111625.0,21.0,nan,,ok
11519.814480000001,0.0,,branch-misses:u,branch-misses,2241715.0,42.0,nan,,ok
11519.814480000001,0.0,,L1-dcache-loads:u,l1-dcache-loads,3100788.0,59.0,nan,,ok
11519.814480000001,0.0,,cache-references:u,cache-references,4116316.0,78.0,nan,,ok
11519.814480000001,0.0,,cache-misses:u,cache-misses,5095125.0,97.0,nan,,ok
11519.814480000001,0.0,,stalled-cycles-frontend:u,stalled-cycles-frontend,1120437.0,21.0,nan,,ok
11532.820013,nan,,instructions:u,instructions,0.0,100.0,nan,,ok
11532.820013,nan,,cycles:u,cycles,0.0,100.0,nan,,ok
11532.820013,nan,,branches:u,branches,0.0,100.0,nan,,ok
11532.820013,nan,,branch-misses:u,branch-misses,0.0,100.0,nan,,ok
11532.820013,nan,,L1-dcache-loads:u,l1-dcache-loads,0.0,100.0,nan,,ok
11532.820013,nan,,cache-references:u,cache-references,0.0,100.0,nan,,ok
11532.820013,nan,,cache-misses:u,cache-misses,0.0,100.0,nan,,ok
11532.820013,nan,,stalled-cycles-frontend:u,stalled-cycles-frontend,0.0,100.0,nan,,ok
11590.862563,nan,,instructions:u,instructions,0.0,100.0,nan,,ok
11590.862563,nan,,cycles:u,cycles,0.0,100.0,nan,,ok
11590.862563,nan,,branches:u,branches,0.0,100.0,nan,,ok
11590.862563,nan,,branch-misses:u,branch-misses,0.0,100.0,nan,,ok
11590.862563,nan,,L1-dcache-loads:u,l1-dcache-loads,0.0,100.0,nan,,ok
11590.862563,nan,,cache-references:u,cache-references,0.0,100.0,nan,,ok
11590.862563,nan,,cache-misses:u,cache-misses,0.0,100.0,nan,,ok
11590.862563,nan,,stalled-cycles-frontend:u,stalled-cycles-frontend,0.0,100.0,nan,,ok
11604.876579000002,nan,,instructions:u,instructions,0.0,100.0,nan,,ok
11604.876579000002,nan,,cycles:u,cycles,0.0,100.0,nan,,ok
11604.876579000002,nan,,branches:u,branches,0.0,100.0,nan,,ok
11604.876579000002,nan,,branch-misses:u,branch-misses,0.0,100.0,nan,,ok
11604.876579000002,nan,,L1-dcache-loads:u,l1-dcache-loads,0.0,100.0,nan,,ok
11604.876579000002,nan,,cache-references:u,cache-references,0.0,100.0,nan,,ok
11604.876579000002,nan,,cache-misses:u,cache-misses,0.0,100.0,nan,,ok
11604.876579000002,nan,,stalled-cycles-frontend:u,stalled-cycles-frontend,0.0,100.0,nan,,ok
11672.850604000001,1954.0,,instructions:u,instructions,7435904.0,57.0,0.02,insn per cycle,ok
11672.850604000001,nan,,,,nan,nan,130.8,stalled cycles per insn,unknown
11672.850604000001,124291.0,,cycles:u,cycles,8855553.0,59.0,nan,,ok
11672.850604000001,382.0,,branches:u,branches,11940466.0,70.0,nan,,ok
11672.850604000001,44.0,,branch-misses:u,branch-misses,14238037.0,77.0,11.52,of all branches,ok
11672.850604000001,25.0,,L1-dcache-loads:u,l1-dcache-loads,13629518.0,70.0,nan,,ok
11672.850604000001,482.0,,cache-references:u,cache-references,12310841.0,63.0,nan,,ok
11672.850604000001,376.0,,cache-misses:u,cache-misses,10891192.0,56.0,78.01,of all cache refs,ok
11672.850604000001,255578.0,,stalled-cycles-frontend:u,stalled-cycles-frontend,4440299.0,23.0,205.63,frontend cycles idle,ok
11744.823312999999,0.0,,instructions:u,instructions,2985533.0,37.0,nan,,ok
11744.823312999999,0.0,,cycles:u,cycles,2969285.0,37.0,nan,,ok
11744.823312999999,0.0,,branches:u,branches,3962649.0,50.0,nan,,ok
11744.823312999999,0.0,,branch-misses:u,branch-misses,4963863.0,62.0,nan,,ok
11744.823312999999,0.0,,L1-dcache-loads:u,l1-dcache-loads,5003104.0,63.0,nan,,ok
11744.823312999999,0.0,,cache-references:u,cache-references,4903688.0,62.0,nan,,ok
11744.823312999999,0.0,,cache-misses:u,cache-misses,4919936.0,62.0,nan,,ok
11744.823312999999,0.0,,stalled-cycles-frontend:u,stalled-cycles-frontend,1971299.0,24.0,nan,,ok
11776.846126,nan,,instructions:u,instructions,0.0,100.0,nan,,ok
11776.846126,nan,,cycles:u,cycles,0.0,100.0,nan,,ok
11776.846126,nan,,branches:u,branches,0.0,100.0,nan,,ok
11776.846126,nan,,branch-misses:u,branch-misses,0.0,100.0,nan,,ok
11776.846126,nan,,L1-dcache-loads:u,l1-dcache-loads,0.0,100.0,nan,,ok
11776.846126,nan,,cache-references:u,cache-references,0.0,100.0,nan,,ok
11776.846126,nan,,cache-misses:u,cache-misses,0.0,100.0,nan,,ok
11776.846126,nan,,stalled-cycles-frontend:u,stalled-cycles-frontend,0.0,100.0,nan,,ok
11822.811907,0.0,,instructions:u,instructions,3006120.0,63.0,nan,,ok
11822.811907,0.0,,cycles:u,cycles,2777124.0,58.0,nan,,ok
11822.811907,0.0,,branches:u,branches,2777124.0,58.0,nan,,ok
11822.811907,0.0,,branch-misses:u,branch-misses,2777124.0,58.0,nan,,ok
11822.811907,0.0,,L1-dcache-loads:u,l1-dcache-loads,1775990.0,37.0,nan,,ok
11822.811907,0.0,,cache-references:u,cache-references,1761474.0,36.0,nan,,ok
11822.811907,0.0,,cache-misses:u,cache-misses,1990470.0,41.0,nan,,ok
11822.811907,0.0,,stalled-cycles-frontend:u,stalled-cycles-frontend,2000618.0,41.0,nan,,ok
11846.878714,0.0,,instructions:u,instructions,1113762.0,18.0,nan,,ok
11846.878714,0.0,,cycles:u,cycles,1085005.0,17.0,nan,,ok
11846.878714,0.0,,branches:u,branches,2085968.0,34.0,nan,,ok
11846.878714,0.0,,branch-misses:u,branch-misses,3085745.0,50.0,nan,,ok
11846.878714,0.0,,L1-dcache-loads:u,l1-dcache-loads,3977859.0,65.0,nan,,ok
11846.878714,0.0,,cache-references:u,cache-references,4979173.0,81.0,nan,,ok
11846.878714,0.0,,cache-misses:u,cache-misses,5007930.0,82.0,nan,,ok
11846.878714,0.0,,stalled-cycles-frontend:u,stalled-cycles-frontend,1113762.0,18.0,nan,,ok
11898.890992,0.0,,instructions:u,instructions,1992755.0,36.0,nan,,ok
11898.890992,0.0,,cycles:u,cycles,3000396.0,54.0,nan,,ok
11898.890992,0.0,,branches:u,branches,3985630.0,72.0,nan,,ok
11898.890992,0.0,,branch-misses:u,branch-misses,4994193.0,91.0,nan,,ok
11898.890992,0.0,,L1-dcache-loads:u,l1-dcache-loads,4486782.0,81.0,nan,,ok
11898.890992,0.0,,cache-references:u,cache-references,3485256.0,63.0,nan,,ok
11898.890992,0.0,,cache-misses:u,cache-misses,2477615.0,45.0,nan,,ok
11898.890992,0.0,,stalled-cycles-frontend:u,stalled-cycles-frontend,991229.0,18.0,nan,,ok
11930.830675,nan,,instructions:u,instructions,0.0,100.0,nan,,ok
11930.830675,nan,,cycles:u,cycles,0.0,100.0,nan,,ok
11930.830675,nan,,branches:u,branches,0.0,100.0,nan,,ok
11930.830675,nan,,branch-misses:u,branch-misses,0.0,100.0,nan,,ok
11930.830675,nan,,L1-dcache-loads:u,l1-dcache-loads,0.0,100.0,nan,,ok
11930.830675,nan,,cache-references:u,cache-references,0.0,100.0,nan,,ok
11930.830675,nan,,cache-misses:u,cache-misses,0.0,100.0,nan,,ok
11930.830675,nan,,stalled-cycles-frontend:u,stalled-cycles-frontend,0.0,100.0,nan,,ok
11978.816495000001,0.0,,instructions:u,instructions,3010459.0,51.0,nan,,ok
11978.816495000001,0.0,,cycles:u,cycles,2847876.0,48.0,nan,,ok
11978.816495000001,0.0,,branches:u,branches,2847876.0,48.0,nan,,ok
11978.816495000001,0.0,,branch-misses:u,branch-misses,2847876.0,48.0,nan,,ok
11978.816495000001,0.0,,L1-dcache-loads:u,l1-dcache-loads,2832480.0,48.0,nan,,ok
11978.816495000001,0.0,,cache-references:u,cache-references,2816253.0,48.0,nan,,ok
11978.816495000001,0.0,,cache-misses:u,cache-misses,2978836.0,51.0,nan,,ok
11978.816495000001,0.0,,stalled-cycles-frontend:u,stalled-cycles-frontend,2004507.0,34.0,nan,,ok
12005.847687,0.0,,instructions:u,instructions,1092732.0,17.0,nan,,ok
12005.847687,0.0,,cycles:u,cycles,1063928.0,17.0,nan,,ok
12005.847687,0.0,,branches:u,branches,2065924.0,33.0,nan,,ok
12005.847687,0.0,,branch-misses:u,branch-misses,3064273.0,50.0,nan,,ok
12005.847687,0.0,,L1-dcache-loads:u,l1-dcache-loads,3990065.0,65.0,nan,,ok
12005.847687,0.0,,cache-references:u,cache-references,4984289.0,82.0,nan,,ok
12005.847687,0.0,,cache-misses:u,cache-misses,5013093.0,82.0,nan,,ok
12005.847687,0.0,,stalled-cycles-frontend:u,stalled-cycles-frontend,1092732.0,17.0,nan,,ok
12049.891639,0.0,,instructions:u,instructions,1989648.0,47.0,nan,,ok
12049.891639,0.0,,cycles:u,cycles,2994119.0,71.0,nan,,ok
12049.891639,0.0,,branches:u,branches,3998028.0,95.0,nan,,ok
12049.891639,0.0,,branch-misses:u,branch-misses,4171339.0,100.0,nan,,ok
12049.891639,0.0,,L1-dcache-loads:u,l1-dcache-loads,3177607.0,76.0,nan,,ok
12049.891639,0.0,,cache-references:u,cache-references,2181691.0,52.0,nan,,ok
12049.891639,0.0,,cache-misses:u,cache-misses,1177220.0,28.0,nan,,ok
12049.891639,0.0,,stalled-cycles-frontend:u,stalled-cycles-frontend,993732.0,23.0,nan,,ok
12076.818287,0.0,,instructions:u,instructions,1085589.0,26.0,nan,,ok
12076.818287,0.0,,cycles:u,cycles,57008.0,1.0,nan,,ok
12076.818287,0.0,,branches:u,branches,57008.0,1.0,nan,,ok
12076.818287,0.0,,branch-misses:u,branch-misses,1017348.0,25.0,nan,,ok
12076.818287,0.0,,L1-dcache-loads:u,l1-dcache-loads,1955686.0,48.0,nan,,ok
12076.818287,0.0,,cache-references:u,cache-references,2955957.0,73.0,nan,,ok
12076.818287,0.0,,cache-misses:u,cache-misses,3984538.0,98.0,nan,,ok
12076.818287,0.0,,stalled-cycles-frontend:u,stalled-cycles-frontend,1085589.0,26.0,nan,,ok
12127.885747,0.0,,instructions:u,instructions,2011442.0,32.0,nan,,ok
12127.885747,0.0,,cycles:u,cycles,3002615.0,48.0,nan,,ok
12127.885747,0.0,,branches:u,branches,3994160.0,64.0,nan,,ok
12127.885747,0.0,,branch-misses:u,branch-misses,4992292.0,80.0,nan,,ok
12127.885747,0.0,,L1-dcache-loads:u,l1-dcache-loads,4998755.0,80.0,nan,,ok
12127.885747,0.0,,cache-references:u,cache-references,4204341.0,67.0,nan,,ok
12127.885747,0.0,,cache-misses:u,cache-misses,3213168.0,51.0,nan,,ok
12127.885747,0.0,,stalled-cycles-frontend:u,stalled-cycles-frontend,995787.0,16.0,nan,,ok
12147.864707,nan,,instructions:u,instructions,0.0,100.0,nan,,ok
12147.864707,nan,,cycles:u,cycles,0.0,100.0,nan,,ok
12147.864707,nan,,branches:u,branches,0.0,100.0,nan,,ok
12147.864707,nan,,branch-misses:u,branch-misses,0.0,100.0,nan,,ok
12147.864707,nan,,L1-dcache-loads:u,l1-dcache-loads,0.0,100.0,nan,,ok
12147.864707,nan,,cache-references:u,cache-references,0.0,100.0,nan,,ok
12147.864707,nan,,cache-misses:u,cache-misses,0.0,100.0,nan,,ok
12147.864707,nan,,stalled-cycles-frontend:u,stalled-cycles-frontend,0.0,100.0,nan,,ok
12203.903123,0.0,,instructions:u,instructions,2998674.0,48.0,nan,,ok
12203.903123,0.0,,cycles:u,cycles,3005557.0,48.0,nan,,ok
12203.903123,0.0,,branches:u,branches,4018694.0,64.0,nan,,ok
12203.903123,0.0,,branch-misses:u,branch-misses,4253692.0,68.0,nan,,ok
12203.903123,0.0,,L1-dcache-loads:u,l1-dcache-loads,3245831.0,52.0,nan,,ok
12203.903123,0.0,,cache-references:u,cache-references,3218604.0,51.0,nan,,ok
12203.903123,0.0,,cache-misses:u,cache-misses,3211721.0,51.0,nan,,ok
12203.903123,0.0,,stalled-cycles-frontend:u,stalled-cycles-frontend,1987599.0,31.0,nan,,ok
12240.832274,nan,,instructions:u,instructions,0.0,100.0,nan,,ok
12240.832274,nan,,cycles:u,cycles,0.0,100.0,nan,,ok
12240.832274,nan,,branches:u,branches,0.0,100.0,nan,,ok
12240.832274,nan,,branch-misses:u,branch-misses,0.0,100.0,nan,,ok
12240.832274,nan,,L1-dcache-loads:u,l1-dcache-loads,0.0,100.0,nan,,ok
12240.832274,nan,,cache-references:u,cache-references,0.0,100.0,nan,,ok
12240.832274,nan,,cache-misses:u,cache-misses,0.0,100.0,nan,,ok
12240.832274,nan,,stalled-cycles-frontend:u,stalled-cycles-frontend,0.0,100.0,nan,,ok
12283.815787,0.0,,instructions:u,instructions,3000819.0,37.0,nan,,ok
12283.815787,0.0,,cycles:u,cycles,2998705.0,37.0,nan,,ok
12283.815787,0.0,,branches:u,branches,3942254.0,49.0,nan,,ok
12283.815787,0.0,,branch-misses:u,branch-misses,4924028.0,62.0,nan,,ok
12283.815787,0.0,,L1-dcache-loads:u,l1-dcache-loads,4923333.0,62.0,nan,,ok
12283.815787,0.0,,cache-references:u,cache-references,4922369.0,62.0,nan,,ok
12283.815787,0.0,,cache-misses:u,cache-misses,4924483.0,62.0,nan,,ok
12283.815787,0.0,,stalled-cycles-frontend:u,stalled-cycles-frontend,2001424.0,25.0,nan,,ok
12308.879097000001,nan,,instructions:u,instructions,0.0,100.0,nan,,ok
12308.879097000001,nan,,cycles:u,cycles,0.0,100.0,nan,,ok
12308.879097000001,nan,,branches:u,branches,0.0,100.0,nan,,ok
12308.879097000001,nan,,branch-misses:u,branch-misses,0.0,100.0,nan,,ok
12308.879097000001,nan,,L1-dcache-loads:u,l1-dcache-loads,0.0,100.0,nan,,ok
12308.879097000001,nan,,cache-references:u,cache-references,0.0,100.0,nan,,ok
12308.879097000001,nan,,cache-misses:u,cache-misses,0.0,100.0,nan,,ok
12308.879097000001,nan,,stalled-cycles-frontend:u,stalled-cycles-frontend,0.0,100.0,nan,,ok
12351.822104,nan,,instructions:u,instructions,0.0,100.0,nan,,ok
12351.822104,nan,,cycles:u,cycles,0.0,100.0,nan,,ok
12351.822104,nan,,branches:u,branches,0.0,100.0,nan,,ok
12351.822104,nan,,branch-misses:u,branch-misses,0.0,100.0,nan,,ok
12351.822104,nan,,L1-dcache-loads:u,l1-dcache-loads,0.0,100.0,nan,,ok
12351.822104,nan,,cache-references:u,cache-references,0.0,100.0,nan,,ok
12351.822104,nan,,cache-misses:u,cache-misses,0.0,100.0,nan,,ok
12351.822104,nan,,stalled-cycles-frontend:u,stalled-cycles-frontend,0.0,100.0,nan,,ok
12365.846152,0.0,,instructions:u,instructions,23785.0,0.0,nan,,ok
12365.846152,nan,,cycles:u,cycles,0.0,0.0,nan,,ok
12365.846152,0.0,,branches:u,branches,990436.0,24.0,nan,,ok
12365.846152,0.0,,branch-misses:u,branch-misses,1985150.0,49.0,nan,,ok
12365.846152,0.0,,L1-dcache-loads:u,l1-dcache-loads,2988293.0,74.0,nan,,ok
12365.846152,0.0,,cache-references:u,cache-references,3986306.0,99.0,nan,,ok
12365.846152,0.0,,cache-misses:u,cache-misses,4010091.0,100.0,nan,,ok
12365.846152,0.0,,stalled-cycles-frontend:u,stalled-cycles-frontend,23785.0,0.0,nan,,ok
12392.845333000001,nan,,instructions:u,instructions,0.0,100.0,nan,,ok
12392.845333000001,nan,,cycles:u,cycles,0.0,100.0,nan,,ok
12392.845333000001,nan,,branches:u,branches,0.0,100.0,nan,,ok
12392.845333000001,nan,,branch-misses:u,branch-misses,0.0,100.0,nan,,ok
12392.845333000001,nan,,L1-dcache-loads:u,l1-dcache-loads,0.0,100.0,nan,,ok
12392.845333000001,nan,,cache-references:u,cache-references,0.0,100.0,nan,,ok
12392.845333000001,nan,,cache-misses:u,cache-misses,0.0,100.0,nan,,ok
12392.845333000001,nan,,stalled-cycles-frontend:u,stalled-cycles-frontend,0.0,100.0,nan,,ok
12431.914699,0.0,,instructions:u,instructions,2985479.0,73.0,nan,,ok
12431.914699,0.0,,cycles:u,cycles,2999417.0,73.0,nan,,ok
12431.914699,0.0,,branches:u,branches,3096469.0,75.0,nan,,ok
12431.914699,0.0,,branch-misses:u,branch-misses,3096469.0,75.0,nan,,ok
12431.914699,0.0,,L1-dcache-loads:u,l1-dcache-loads,2098539.0,51.0,nan,,ok
12431.914699,0.0,,cache-references:u,cache-references,1093481.0,26.0,nan,,ok
12431.914699,0.0,,cache-misses:u,cache-misses,1079543.0,26.0,nan,,ok
12431.914699,0.0,,stalled-cycles-frontend:u,stalled-cycles-frontend,1980421.0,48.0,nan,,ok
12463.85621,nan,,instructions:u,instructions,0.0,100.0,nan,,ok
12463.85621,nan,,cycles:u,cycles,0.0,100.0,nan,,ok
12463.85621,nan,,branches:u,branches,0.0,100.0,nan,,ok
12463.85621,nan,,branch-misses:u,branch-misses,0.0,100.0,nan,,ok
12463.85621,nan,,L1-dcache-loads:u,l1-dcache-loads,0.0,100.0,nan,,ok
12463.85621,nan,,cache-references:u,cache-references,0.0,100.0,nan,,ok
12463.85621,nan,,cache-misses:u,cache-misses,0.0,100.0,nan,,ok
12463.85621,nan,,stalled-cycles-frontend:u,stalled-cycles-frontend,0.0,100.0,nan,,ok
12510.86959,0.0,,instructions:u,instructions,1071903.0,23.0,nan,,ok
12510.86959,0.0,,cycles:u,cycles,71474.0,1.0,nan,,ok
12510.86959,0.0,,branches:u,branches,1020954.0,22.0,nan,,ok
12510.86959,0.0,,branch-misses:u,branch-misses,1634907.0,35.0,nan,,ok
12510.86959,0.0,,L1-dcache-loads:u,l1-dcache-loads,2565947.0,55.0,nan,,ok
12510.86959,0.0,,cache-references:u,cache-references,3567357.0,76.0,nan,,ok
12510.86959,0.0,,cache-misses:u,cache-misses,4567786.0,98.0,nan,,ok
12510.86959,0.0,,stalled-cycles-frontend:u,stalled-cycles-frontend,1071903.0,23.0,nan,,ok
12546.863539,0.0,,instructions:u,instructions,1971430.0,49.0,nan,,ok
12546.863539,0.0,,cycles:u,cycles,2972513.0,73.0,nan,,ok
12546.863539,0.0,,branches:u,branches,3973959.0,98.0,nan,,ok
12546.863539,0.0,,branch-misses:u,branch-misses,4017891.0,100.0,nan,,ok
12546.863539,0.0,,L1-dcache-loads:u,l1-dcache-loads,3036129.0,75.0,nan,,ok
12546.863539,0.0,,cache-references:u,cache-references,2046461.0,50.0,nan,,ok
12546.863539,0.0,,cache-misses:u,cache-misses,1045378.0,26.0,nan,,ok
12546.863539,0.0,,stalled-cycles-frontend:u,stalled-cycles-frontend,981762.0,24.0,nan,,ok
12589.840562,0.0,,instructions:u,instructions,227779.0,7.0,nan,,ok
12589.840562,nan,,cycles:u,cycles,0.0,0.0,nan,,ok
12589.840562,nan,,branches:u,branches,0.0,0.0,nan,,ok
12589.840562,0.0,,branch-misses:u,branch-misses,956073.0,29.0,nan,,ok
12589.840562,0.0,,L1-dcache-loads:u,l1-dcache-loads,1960138.0,59.0,nan,,ok
12589.840562,0.0,,cache-references:u,cache-references,2954177.0,89.0,nan,,ok
12589.840562,0.0,,cache-misses:u,cache-misses,3338890.0,100.0,nan,,ok
12589.840562,0.0,,stalled-cycles-frontend:u,stalled-cycles-frontend,416826.0,12.0,nan,,ok
12625.814822,0.0,,instructions:u,instructions,821083.0,100.0,nan,,ok
12625.814822,0.0,,cycles:u,cycles,41753.0,5.0,nan,,ok
12625.814822,0.0,,branches:u,branches,41753.0,5.0,nan,,ok
12625.814822,0.0,,branch-misses:u,branch-misses,41753.0,5.0,nan,,ok
12625.814822,nan,,L1-dcache-loads:u,l1-dcache-loads,0.0,0.0,nan,,ok
12625.814822,nan,,cache-references:u,cache-references,0.0,0.0,nan,,ok
12625.814822,0.0,,cache-misses:u,cache-misses,622396.0,93.0,nan,,ok
12625.814822,0.0,,stalled-cycles-frontend:u,stalled-cycles-frontend,632036.0,100.0,nan,,ok
12664.889658,0.0,,instructions:u,instructions,1991555.0,37.0,nan,,ok
12664.889658,0.0,,cycles:u,cycles,2992387.0,55.0,nan,,ok
12664.889658,0.0,,branches:u,branches,3993779.0,74.0,nan,,ok
12664.889658,0.0,,branch-misses:u,branch-misses,4994354.0,92.0,nan,,ok
12664.889658,0.0,,L1-dcache-loads:u,l1-dcache-loads,4381340.0,81.0,nan,,ok
12664.889658,0.0,,cache-references:u,cache-references,3383354.0,62.0,nan,,ok
12664.889658,0.0,,cache-misses:u,cache-misses,2382522.0,44.0,nan,,ok
12664.889658,0.0,,stalled-cycles-frontend:u,stalled-cycles-frontend,993569.0,18.0,nan,,ok
12695.813108,nan,,instructions:u,instructions,0.0,100.0,nan,,ok
12695.813108,nan,,cycles:u,cycles,0.0,100.0,nan,,ok
12695.813108,nan,,branches:u,branches,0.0,100.0,nan,,ok
12695.813108,nan,,branch-misses:u,branch-misses,0.0,100.0,nan,,ok
12695.813108,nan,,L1-dcache-loads:u,l1-dcache-loads,0.0,100.0,nan,,ok
12695.813108,nan,,cache-references:u,cache-references,0.0,100.0,nan,,ok
12695.813108,nan,,cache-misses:u,cache-misses,0.0,100.0,nan,,ok
12695.813108,nan,,stalled-cycles-frontend:u,stalled-cycles-frontend,0.0,100.0,nan,,ok
12729.836784,0.0,,instructions:u,instructions,2000591.0,50.0,nan,,ok
12729.836784,0.0,,cycles:u,cycles,881779.0,22.0,nan,,ok
12729.836784,0.0,,branches:u,branches,881779.0,22.0,nan,,ok
12729.836784,0.0,,branch-misses:u,branch-misses,881779.0,22.0,nan,,ok
12729.836784,0.0,,L1-dcache-loads:u,l1-dcache-loads,998931.0,25.0,nan,,ok
12729.836784,0.0,,cache-references:u,cache-references,1990380.0,49.0,nan,,ok
12729.836784,0.0,,cache-misses:u,cache-misses,3109192.0,77.0,nan,,ok
12729.836784,0.0,,stalled-cycles-frontend:u,stalled-cycles-frontend,2000591.0,50.0,nan,,ok
12749.829846,nan,,instructions:u,instructions,0.0,100.0,nan,,ok
12749.829846,nan,,cycles:u,cycles,0.0,100.0,nan,,ok
12749.829846,nan,,branches:u,branches,0.0,100.0,nan,,ok
12749.829846,nan,,branch-misses:u,branch-misses,0.0,100.0,nan,,ok
12749.829846,nan,,L1-dcache-loads:u,l1-dcache-loads,0.0,100.0,nan,,ok
12749.829846,nan,,cache-references:u,cache-references,0.0,100.0,nan,,ok
12749.829846,nan,,cache-misses:u,cache-misses,0.0,100.0,nan,,ok
12749.829846,nan,,stalled-cycles-frontend:u,stalled-cycles-frontend,0.0,100.0,nan,,ok
12762.82003,0.0,,instructions:u,instructions,1999309.0,63.0,nan,,ok
12762.82003,0.0,,cycles:u,cycles,2995929.0,95.0,nan,,ok
12762.82003,0.0,,branches:u,branches,3177854.0,100.0,nan,,ok
12762.82003,0.0,,branch-misses:u,branch-misses,3202117.0,100.0,nan,,ok
12762.82003,0.0,,L1-dcache-loads:u,l1-dcache-loads,2225858.0,69.0,nan,,ok
12762.82003,0.0,,cache-references:u,cache-references,1244670.0,38.0,nan,,ok
12762.82003,0.0,,cache-misses:u,cache-misses,275570.0,8.0,nan,,ok
12762.82003,0.0,,stalled-cycles-frontend:u,stalled-cycles-frontend,998815.0,30.0,nan,,ok
12775.850935999999,nan,,instructions:u,instructions,0.0,0.0,nan,,ok
12775.850935999999,nan,,cycles:u,cycles,0.0,0.0,nan,,ok
12775.850935999999,0.0,,branches:u,branches,816880.0,35.0,nan,,ok
12775.850935999999,0.0,,branch-misses:u,branch-misses,1802081.0,79.0,nan,,ok
12775.850935999999,0.0,,L1-dcache-loads:u,l1-dcache-loads,2254223.0,100.0,nan,,ok
12775.850935999999,0.0,,cache-references:u,cache-references,2234917.0,100.0,nan,,ok
12775.850935999999,0.0,,cache-misses:u,cache-misses,2207397.0,100.0,nan,,ok
12775.850935999999,nan,,stalled-cycles-frontend:u,stalled-cycles-frontend,0.0,0.0,nan,,ok
12796.925408,nan,,instructions:u,instructions,0.0,100.0,nan,,ok
12796.925408,nan,,cycles:u,cycles,0.0,100.0,nan,,ok
12796.925408,nan,,branches:u,branches,0.0,100.0,nan,,ok
12796.925408,nan,,branch-misses:u,branch-misses,0.0,100.0,nan,,ok
12796.925408,nan,,L1-dcache-loads:u,l1-dcache-loads,0.0,100.0,nan,,ok
12796.925408,nan,,cache-references:u,cache-references,0.0,100.0,nan,,ok
12796.925408,nan,,cache-misses:u,cache-misses,0.0,100.0,nan,,ok
12796.925408,nan,,stalled-cycles-frontend:u,stalled-cycles-frontend,0.0,100.0,nan,,ok
12812.85039,nan,,instructions:u,instructions,0.0,100.0,nan,,ok
12812.85039,nan,,cycles:u,cycles,0.0,100.0,nan,,ok
12812.85039,nan,,branches:u,branches,0.0,100.0,nan,,ok
12812.85039,nan,,branch-misses:u,branch-misses,0.0,100.0,nan,,ok
12812.85039,nan,,L1-dcache-loads:u,l1-dcache-loads,0.0,100.0,nan,,ok
12812.85039,nan,,cache-references:u,cache-references,0.0,100.0,nan,,ok
12812.85039,nan,,cache-misses:u,cache-misses,0.0,100.0,nan,,ok
12812.85039,nan,,stalled-cycles-frontend:u,stalled-cycles-frontend,0.0,100.0,nan,,ok
12851.915212,0.0,,instructions:u,instructions,1312196.0,39.0,nan,,ok
12851.915212,0.0,,cycles:u,cycles,368593.0,10.0,nan,,ok
12851.915212,0.0,,branches:u,branches,396838.0,11.0,nan,,ok
12851.915212,0.0,,branch-misses:u,branch-misses,434371.0,12.0,nan,,ok
12851.915212,0.0,,L1-dcache-loads:u,l1-dcache-loads,992193.0,28.0,nan,,ok
12851.915212,0.0,,cache-references:u,cache-references,1989008.0,57.0,nan,,ok
12851.915212,0.0,,cache-misses:u,cache-misses,2986154.0,85.0,nan,,ok
12851.915212,0.0,,stalled-cycles-frontend:u,stalled-cycles-frontend,1536096.0,43.0,nan,,ok
12867.809627,0.0,,instructions:u,instructions,1696722.0,89.0,nan,,ok
12867.809627,0.0,,cycles:u,cycles,1833382.0,100.0,nan,,ok
12867.809627,0.0,,branches:u,branches,1805137.0,100.0,nan,,ok
12867.809627,0.0,,branch-misses:u,branch-misses,1767604.0,100.0,nan,,ok
12867.809627,0.0,,L1-dcache-loads:u,l1-dcache-loads,1201651.0,69.0,nan,,ok
12867.809627,0.0,,cache-references:u,cache-references,190203.0,11.0,nan,,ok
12867.809627,nan,,cache-misses:u,cache-misses,0.0,0.0,nan,,ok
12867.809627,0.0,,stalled-cycles-frontend:u,stalled-cycles-frontend,461374.0,27.0,nan,,ok
12884.833556,nan,,instructions:u,instructions,0.0,100.0,nan,,ok
12884.833556,nan,,cycles:u,cycles,0.0,100.0,nan,,ok
12884.833556,nan,,branches:u,branches,0.0,100.0,nan,,ok
12884.833556,nan,,branch-misses:u,branch-misses,0.0,100.0,nan,,ok
12884.833556,nan,,L1-dcache-loads:u,l1-dcache-loads,0.0,100.0,nan,,ok
12884.833556,nan,,cache-references:u,cache-references,0.0,100.0,nan,,ok
12884.833556,nan,,cache-misses:u,cache-misses,0.0,100.0,nan,,ok
12884.833556,nan,,stalled-cycles-frontend:u,stalled-cycles-frontend,0.0,100.0,nan,,ok
12930.887030999998,0.0,,instructions:u,instructions,876533.0,15.0,nan,,ok
12930.887030999998,0.0,,cycles:u,cycles,967865.0,16.0,nan,,ok
12930.887030999998,0.0,,branches:u,branches,1962107.0,33.0,nan,,ok
12930.887030999998,0.0,,branch-misses:u,branch-misses,2967789.0,50.0,nan,,ok
12930.887030999998,0.0,,L1-dcache-loads:u,l1-dcache-loads,3961380.0,67.0,nan,,ok
12930.887030999998,0.0,,cache-references:u,cache-references,4966338.0,84.0,nan,,ok
12930.887030999998,0.0,,cache-misses:u,cache-misses,4875006.0,83.0,nan,,ok
12930.887030999998,0.0,,stalled-cycles-frontend:u,stalled-cycles-frontend,876533.0,15.0,nan,,ok
12946.919601,nan,,instructions:u,instructions,0.0,100.0,nan,,ok
12946.919601,nan,,cycles:u,cycles,0.0,100.0,nan,,ok
12946.919601,nan,,branches:u,branches,0.0,100.0,nan,,ok
12946.919601,nan,,branch-misses:u,branch-misses,0.0,100.0,nan,,ok
12946.919601,nan,,L1-dcache-loads:u,l1-dcache-loads,0.0,100.0,nan,,ok
12946.919601,nan,,cache-references:u,cache-references,0.0,100.0,nan,,ok
12946.919601,nan,,cache-misses:u,cache-misses,0.0,100.0,nan,,ok
12946.919601,nan,,stalled-cycles-frontend:u,stalled-cycles-frontend,0.0,100.0,nan,,ok
12990.827406999999,0.0,,instructions:u,instructions,3403351.0,40.0,nan,,ok
12990.827406999999,0.0,,cycles:u,cycles,3003034.0,35.0,nan,,ok
12990.827406999999,0.0,,branches:u,branches,3999035.0,47.0,nan,,ok
12990.827406999999,0.0,,branch-misses:u,branch-misses,4998314.0,59.0,nan,,ok
12990.827406999999,0.0,,L1-dcache-loads:u,l1-dcache-loads,4999038.0,59.0,nan,,ok
12990.827406999999,0.0,,cache-references:u,cache-references,4956444.0,59.0,nan,,ok
12990.827406999999,0.0,,cache-misses:u,cache-misses,5356761.0,64.0,nan,,ok
12990.827406999999,0.0,,stalled-cycles-frontend:u,stalled-cycles-frontend,2359027.0,28.0,nan,,ok
13005.82715,nan,,instructions:u,instructions,0.0,100.0,nan,,ok
13005.82715,nan,,cycles:u,cycles,0.0,100.0,nan,,ok
13005.82715,nan,,branches:u,branches,0.0,100.0,nan,,ok
13005.82715,nan,,branch-misses:u,branch-misses,0.0,100.0,nan,,ok
13005.82715,nan,,L1-dcache-loads:u,l1-dcache-loads,0.0,100.0,nan,,ok
13005.82715,nan,,cache-references:u,cache-references,0.0,100.0,nan,,ok
13005.82715,nan,,cache-misses:u,cache-misses,0.0,100.0,nan,,ok
13005.82715,nan,,stalled-cycles-frontend:u,stalled-cycles-frontend,0.0,100.0,nan,,ok
13041.994257,nan,,instructions:u,instructions,0.0,100.0,nan,,ok
13041.994257,nan,,cycles:u,cycles,0.0,100.0,nan,,ok
13041.994257,nan,,branches:u,branches,0.0,100.0,nan,,ok
13041.994257,nan,,branch-misses:u,branch-misses,0.0,100.0,nan,,ok
13041.994257,nan,,L1-dcache-loads:u,l1-dcache-loads,0.0,100.0,nan,,ok
13041.994257,nan,,cache-references:u,cache-references,0.0,100.0,nan,,ok
13041.994257,nan,,cache-misses:u,cache-misses,0.0,100.0,nan,,ok
13041.994257,nan,,stalled-cycles-frontend:u,stalled-cycles-frontend,0.0,100.0,nan,,ok
13081.902402000002,0.0,,instructions:u,instructions,3003940.0,48.0,nan,,ok
13081.902402000002,0.0,,cycles:u,cycles,2999455.0,48.0,nan,,ok
13081.902402000002,0.0,,branches:u,branches,4001982.0,64.0,nan,,ok
13081.902402000002,0.0,,branch-misses:u,branch-misses,4998712.0,80.0,nan,,ok
13081.902402000002,0.0,,L1-dcache-loads:u,l1-dcache-loads,4188538.0,67.0,nan,,ok
13081.902402000002,0.0,,cache-references:u,cache-references,3169149.0,51.0,nan,,ok
13081.902402000002,0.0,,cache-misses:u,cache-misses,3173634.0,51.0,nan,,ok
13081.902402000002,0.0,,stalled-cycles-frontend:u,stalled-cycles-frontend,1984551.0,32.0,nan,,ok
13101.829269,nan,,instructions:u,instructions,0.0,100.0,nan,,ok
13101.829269,nan,,cycles:u,cycles,0.0,100.0,nan,,ok
13101.829269,nan,,branches:u,branches,0.0,100.0,nan,,ok
13101.829269,nan,,branch-misses:u,branch-misses,0.0,100.0,nan,,ok
13101.829269,nan,,L1-dcache-loads:u,l1-dcache-loads,0.0,100.0,nan,,ok
13101.829269,nan,,cache-references:u,cache-references,0.0,100.0,nan,,ok
13101.829269,nan,,cache-misses:u,cache-misses,0.0,100.0,nan,,ok
13101.829269,nan,,stalled-cycles-frontend:u,stalled-cycles-frontend,0.0,100.0,nan,,ok
13120.807254000001,nan,,instructions:u,instructions,0.0,100.0,nan,,ok
13120.807254000001,nan,,cycles:u,cycles,0.0,100.0,nan,,ok
13120.807254000001,nan,,branches:u,branches,0.0,100.0,nan,,ok
13120.807254000001,nan,,branch-misses:u,branch-misses,0.0,100.0,nan,,ok
13120.807254000001,nan,,L1-dcache-loads:u,l1-dcache-loads,0.0,100.0,nan,,ok
13120.807254000001,nan,,cache-references:u,cache-references,0.0,100.0,nan,,ok
13120.807254000001,nan,,cache-misses:u,cache-misses,0.0,100.0,nan,,ok
13120.807254000001,nan,,stalled-cycles-frontend:u,stalled-cycles-frontend,0.0,100.0,nan,,ok
13159.814403,0.0,,instructions:u,instructions,3000996.0,50.0,nan,,ok
13159.814403,0.0,,cycles:u,cycles,2997914.0,50.0,nan,,ok
13159.814403,0.0,,branches:u,branches,2997914.0,50.0,nan,,ok
13159.814403,0.0,,branch-misses:u,branch-misses,2997914.0,50.0,nan,,ok
13159.814403,0.0,,L1-dcache-loads:u,l1-dcache-loads,2970970.0,49.0,nan,,ok
13159.814403,0.0,,cache-references:u,cache-references,2963867.0,49.0,nan,,ok
13159.814403,0.0,,cache-misses:u,cache-misses,2966949.0,49.0,nan,,ok
13159.814403,0.0,,stalled-cycles-frontend:u,stalled-cycles-frontend,2000952.0,33.0,nan,,ok
13173.836902,nan,,instructions:u,instructions,0.0,100.0,nan,,ok
13173.836902,nan,,cycles:u,cycles,0.0,100.0,nan,,ok
13173.836902,nan,,branches:u,branches,0.0,100.0,nan,,ok
13173.836902,nan,,branch-misses:u,branch-misses,0.0,100.0,nan,,ok
13173.836902,nan,,L1-dcache-loads:u,l1-dcache-loads,0.0,100.0,nan,,ok
13173.836902,nan,,cache-references:u,cache-references,0.0,100.0,nan,,ok
13173.836902,nan,,cache-misses:u,cache-misses,0.0,100.0,nan,,ok
13173.836902,nan,,stalled-cycles-frontend:u,stalled-cycles-frontend,0.0,100.0,nan,,ok
13200.882385,nan,,instructions:u,instructions,0.0,100.0,nan,,ok
13200.882385,nan,,cycles:u,cycles,0.0,100.0,nan,,ok
13200.882385,nan,,branches:u,branches,0.0,100.0,nan,,ok
13200.882385,nan,,branch-misses:u,branch-misses,0.0,100.0,nan,,ok
13200.882385,nan,,L1-dcache-loads:u,l1-dcache-loads,0.0,100.0,nan,,ok
13200.882385,nan,,cache-references:u,cache-references,0.0,100.0,nan,,ok
13200.882385,nan,,cache-misses:u,cache-misses,0.0,100.0,nan,,ok
13200.882385,nan,,stalled-cycles-frontend:u,stalled-cycles-frontend,0.0,100.0,nan,,ok
13224.827896,0.0,,instructions:u,instructions,339847.0,6.0,nan,,ok
13224.827896,0.0,,cycles:u,cycles,885671.0,16.0,nan,,ok
13224.827896,0.0,,branches:u,branches,1877942.0,36.0,nan,,ok
13224.827896,0.0,,branch-misses:u,branch-misses,2876990.0,55.0,nan,,ok
13224.827896,0.0,,L1-dcache-loads:u,l1-dcache-loads,3872590.0,74.0,nan,,ok
13224.827896,0.0,,cache-references:u,cache-references,4876221.0,93.0,nan,,ok
13224.827896,0.0,,cache-misses:u,cache-misses,4330397.0,83.0,nan,,ok
13224.827896,0.0,,stalled-cycles-frontend:u,stalled-cycles-frontend,339847.0,6.0,nan,,ok
13263.855157,nan,,instructions:u,instructions,0.0,100.0,nan,,ok
13263.855157,nan,,cycles:u,cycles,0.0,100.0,nan,,ok
13263.855157,nan,,branches:u,branches,0.0,100.0,nan,,ok
13263.855157,nan,,branch-misses:u,branch-misses,0.0,100.0,nan,,ok
13263.855157,nan,,L1-dcache-loads:u,l1-dcache-loads,0.0,100.0,nan,,ok
13263.855157,nan,,cache-references:u,cache-references,0.0,100.0,nan,,ok
13263.855157,nan,,cache-misses:u,cache-misses,0.0,100.0,nan,,ok
13263.855157,nan,,stalled-cycles-frontend:u,stalled-cycles-frontend,0.0,100.0,nan,,ok
13287.866878,0.0,,instructions:u,instructions,2981220.0,41.0,nan,,ok
13287.866878,0.0,,cycles:u,cycles,3021672.0,41.0,nan,,ok
13287.866878,0.0,,branches:u,branches,3993656.0,54.0,nan,,ok
13287.866878,0.0,,branch-misses:u,branch-misses,4992868.0,68.0,nan,,ok
13287.866878,0.0,,L1-dcache-loads:u,l1-dcache-loads,5010068.0,68.0,nan,,ok
13287.866878,0.0,,cache-references:u,cache-references,4378187.0,59.0,nan,,ok
13287.866878,0.0,,cache-misses:u,cache-misses,4368393.0,59.0,nan,,ok
13287.866878,0.0,,stalled-cycles-frontend:u,stalled-cycles-frontend,1978129.0,26.0,nan,,ok
13334.916120999998,0.0,,instructions:u,instructions,849417.0,52.0,nan,,ok
13334.916120999998,nan,,cycles:u,cycles,0.0,0.0,nan,,ok
13334.916120999998,nan,,branches:u,branches,0.0,0.0,nan,,ok
13334.916120999998,nan,,branch-misses:u,branch-misses,0.0,0.0,nan,,ok
13334.916120999998,nan,,L1-dcache-loads:u,l1-dcache-loads,0.0,0.0,nan,,ok
13334.916120999998,0.0,,cache-references:u,cache-references,620542.0,42.0,nan,,ok
13334.916120999998,0.0,,cache-misses:u,cache-misses,1439301.0,100.0,nan,,ok
13334.916120999998,0.0,,stalled-cycles-frontend:u,stalled-cycles-frontend,849417.0,60.0,nan,,ok
13365.807645,nan,,instructions:u,instructions,0.0,100.0,nan,,ok
13365.807645,nan,,cycles:u,cycles,0.0,100.0,nan,,ok
13365.807645,nan,,branches:u,branches,0.0,100.0,nan,,ok
13365.807645,nan,,branch-misses:u,branch-misses,0.0,100.0,nan,,ok
13365.807645,nan,,L1-dcache-loads:u,l1-dcache-loads,0.0,100.0,nan,,ok
13365.807645,nan,,cache-references:u,cache-references,0.0,100.0,nan,,ok
13365.807645,nan,,cache-misses:u,cache-misses,0.0,100.0,nan,,ok
13365.807645,nan,,stalled-cycles-frontend:u,stalled-cycles-frontend,0.0,100.0,nan,,ok
13398.831366,nan,,instructions:u,instructions,0.0,100.0,nan,,ok
13398.831366,nan,,cycles:u,cycles,0.0,100.0,nan,,ok
13398.831366,nan,,branches:u,branches,0.0,100.0,nan,,ok
13398.831366,nan,,branch-misses:u,branch-misses,0.0,100.0,nan,,ok
13398.831366,nan,,L1-dcache-loads:u,l1-dcache-loads,0.0,100.0,nan,,ok
13398.831366,nan,,cache-references:u,cache-references,0.0,100.0,nan,,ok
13398.831366,nan,,cache-misses:u,cache-misses,0.0,100.0,nan,,ok
13398.831366,nan,,stalled-cycles-frontend:u,stalled-cycles-frontend,0.0,100.0,nan,,ok
13410.804575,0.0,,instructions:u,instructions,3063148.0,49.0,nan,,ok
13410.804575,0.0,,cycles:u,cycles,2999390.0,48.0,nan,,ok
13410.804575,0.0,,branches:u,branches,3994018.0,64.0,nan,,ok
13410.804575,0.0,,branch-misses:u,branch-misses,5008967.0,80.0,nan,,ok
13410.804575,0.0,,L1-dcache-loads:u,l1-dcache-loads,4221570.0,67.0,nan,,ok
13410.804575,0.0,,cache-references:u,cache-references,3153924.0,50.0,nan,,ok
13410.804575,0.0,,cache-misses:u,cache-misses,3217682.0,51.0,nan,,ok
13410.804575,0.0,,stalled-cycles-frontend:u,stalled-cycles-frontend,1995502.0,32.0,nan,,ok
13423.883913,nan,,instructions:u,instructions,0.0,100.0,nan,,ok
13423.883913,nan,,cycles:u,cycles,0.0,100.0,nan,,ok
13423.883913,nan,,branches:u,branches,0.0,100.0,nan,,ok
13423.883913,nan,,branch-misses:u,branch-misses,0.0,100.0,nan,,ok
13423.883913,nan,,L1-dcache-loads:u,l1-dcache-loads,0.0,100.0,nan,,ok
13423.883913,nan,,cache-references:u,cache-references,0.0,100.0,nan,,ok
13423.883913,nan,,cache-misses:u,cache-misses,0.0,100.0,nan,,ok
13423.883913,nan,,stalled-cycles-frontend:u,stalled-cycles-frontend,0.0,100.0,nan,,ok
13464.820623,nan,,instructions:u,instructions,0.0,100.0,nan,,ok
13464.820623,nan,,cycles:u,cycles,0.0,100.0,nan,,ok
13464.820623,nan,,branches:u,branches,0.0,100.0,nan,,ok
13464.820623,nan,,branch-misses:u,branch-misses,0.0,100.0,nan,,ok
13464.820623,nan,,L1-dcache-loads:u,l1-dcache-loads,0.0,100.0,nan,,ok
13464.820623,nan,,cache-references:u,cache-references,0.0,100.0,nan,,ok
13464.820623,nan,,cache-misses:u,cache-misses,0.0,100.0,nan,,ok
13464.820623,nan,,stalled-cycles-frontend:u,stalled-cycles-frontend,0.0,100.0,nan,,ok
13477.835312,nan,,instructions:u,instructions,0.0,100.0,nan,,ok
13477.835312,nan,,cycles:u,cycles,0.0,100.0,nan,,ok
13477.835312,nan,,branches:u,branches,0.0,100.0,nan,,ok
13477.835312,nan,,branch-misses:u,branch-misses,0.0,100.0,nan,,ok
13477.835312,nan,,L1-dcache-loads:u,l1-dcache-loads,0.0,100.0,nan,,ok
13477.835312,nan,,cache-references:u,cache-references,0.0,100.0,nan,,ok
13477.835312,nan,,cache-misses:u,cache-misses,0.0,100.0,nan,,ok
13477.835312,nan,,stalled-cycles-frontend:u,stalled-cycles-frontend,0.0,100.0,nan,,ok
13491.885926,0.0,,instructions:u,instructions,2043283.0,51.0,nan,,ok
13491.885926,0.0,,cycles:u,cycles,1049051.0,26.0,nan,,ok
13491.885926,0.0,,branches:u,branches,1049051.0,26.0,nan,,ok
13491.885926,0.0,,branch-misses:u,branch-misses,1049051.0,26.0,nan,,ok
13491.885926,0.0,,L1-dcache-loads:u,l1-dcache-loads,1005337.0,25.0,nan,,ok
13491.885926,0.0,,cache-references:u,cache-references,1956726.0,48.0,nan,,ok
13491.885926,0.0,,cache-misses:u,cache-misses,2950958.0,73.0,nan,,ok
13491.885926,0.0,,stalled-cycles-frontend:u,stalled-cycles-frontend,1995661.0,49.0,nan,,ok
13573.872571,0.0,,instructions:u,instructions,998550.0,24.0,nan,,ok
13573.872571,0.0,,cycles:u,cycles,1983678.0,49.0,nan,,ok
13573.872571,0.0,,branches:u,branches,2984760.0,74.0,nan,,ok
13573.872571,0.0,,branch-misses:u,branch-misses,3982258.0,99.0,nan,,ok
13573.872571,0.0,,L1-dcache-loads:u,l1-dcache-loads,4012840.0,100.0,nan,,ok
13573.872571,0.0,,cache-references:u,cache-references,3014290.0,75.0,nan,,ok
13573.872571,0.0,,cache-misses:u,cache-misses,2029162.0,50.0,nan,,ok
13573.872571,nan,,stalled-cycles-frontend:u,stalled-cycles-frontend,0.0,0.0,nan,,ok
13586.926558,nan,,instructions:u,instructions,0.0,100.0,nan,,ok
13586.926558,nan,,cycles:u,cycles,0.0,100.0,nan,,ok
13586.926558,nan,,branches:u,branches,0.0,100.0,nan,,ok
13586.926558,nan,,branch-misses:u,branch-misses,0.0,100.0,nan,,ok
13586.926558,nan,,L1-dcache-loads:u,l1-dcache-loads,0.0,100.0,nan,,ok
13586.926558,nan,,cache-references:u,cache-references,0.0,100.0,nan,,ok
13586.926558,nan,,cache-misses:u,cache-misses,0.0,100.0,nan,,ok
13586.926558,nan,,stalled-cycles-frontend:u,stalled-cycles-frontend,0.0,100.0,nan,,ok
13599.830842,nan,,instructions:u,instructions,0.0,0.0,nan,,ok
13599.830842,nan,,cycles:u,cycles,0.0,0.0,nan,,ok
13599.830842,nan,,branches:u,branches,0.0,0.0,nan,,ok
13599.830842,nan,,branch-misses:u,branch-misses,0.0,0.0,nan,,ok
13599.830842,0.0,,L1-dcache-loads:u,l1-dcache-loads,293254.0,100.0,nan,,ok
13599.830842,0.0,,cache-references:u,cache-references,325549.0,100.0,nan,,ok
13599.830842,0.0,,cache-misses:u,cache-misses,355999.0,100.0,nan,,ok
13599.830842,nan,,stalled-cycles-frontend:u,stalled-cycles-frontend,0.0,0.0,nan,,ok
13640.819021000001,0.0,,instructions:u,instructions,2032769.0,52.0,nan,,ok
13640.819021000001,0.0,,cycles:u,cycles,1026385.0,26.0,nan,,ok
13640.819021000001,0.0,,branches:u,branches,1026385.0,27.0,nan,,ok
13640.819021000001,0.0,,branch-misses:u,branch-misses,1026385.0,27.0,nan,,ok
13640.819021000001,0.0,,L1-dcache-loads:u,l1-dcache-loads,715251.0,19.0,nan,,ok
13640.819021000001,0.0,,cache-references:u,cache-references,1653772.0,44.0,nan,,ok
13640.819021000001,0.0,,cache-misses:u,cache-misses,2629706.0,71.0,nan,,ok
13640.819021000001,0.0,,stalled-cycles-frontend:u,stalled-cycles-frontend,2007682.0,55.0,nan,,ok
13653.913274,nan,,instructions:u,instructions,0.0,100.0,nan,,ok
13653.913274,nan,,cycles:u,cycles,0.0,100.0,nan,,ok
13653.913274,nan,,branches:u,branches,0.0,100.0,nan,,ok
13653.913274,nan,,branch-misses:u,branch-misses,0.0,100.0,nan,,ok
13653.913274,nan,,L1-dcache-loads:u,l1-dcache-loads,0.0,100.0,nan,,ok
13653.913274,nan,,cache-references:u,cache-references,0.0,100.0,nan,,ok
13653.913274,nan,,cache-misses:u,cache-misses,0.0,100.0,nan,,ok
13653.913274,nan,,stalled-cycles-frontend:u,stalled-cycles-frontend,0.0,100.0,nan,,ok
13706.872874,0.0,,instructions:u,instructions,993554.0,24.0,nan,,ok
13706.872874,0.0,,cycles:u,cycles,1984942.0,49.0,nan,,ok
13706.872874,0.0,,branches:u,branches,2986412.0,74.0,nan,,ok
13706.872874,0.0,,branch-misses:u,branch-misses,3978555.0,99.0,nan,,ok
13706.872874,0.0,,L1-dcache-loads:u,l1-dcache-loads,4005537.0,100.0,nan,,ok
13706.872874,0.0,,cache-references:u,cache-references,3011983.0,75.0,nan,,ok
13706.872874,0.0,,cache-misses:u,cache-misses,2020595.0,50.0,nan,,ok
13706.872874,nan,,stalled-cycles-frontend:u,stalled-cycles-frontend,0.0,0.0,nan,,ok
13719.858617,0.0,,instructions:u,instructions,3000093.0,43.0,nan,,ok
13719.858617,0.0,,cycles:u,cycles,3001279.0,43.0,nan,,ok
13719.858617,0.0,,branches:u,branches,3882475.0,56.0,nan,,ok
13719.858617,0.0,,branch-misses:u,branch-misses,3882475.0,56.0,nan,,ok
13719.858617,0.0,,L1-dcache-loads:u,l1-dcache-loads,3864970.0,56.0,nan,,ok
13719.858617,0.0,,cache-references:u,cache-references,3871958.0,56.0,nan,,ok
13719.858617,0.0,,cache-misses:u,cache-misses,3870772.0,56.0,nan,,ok
13719.858617,0.0,,stalled-cycles-frontend:u,stalled-cycles-frontend,2006707.0,29.0,nan,,ok
13731.851683,nan,,instructions:u,instructions,0.0,100.0,nan,,ok
13731.851683,nan,,cycles:u,cycles,0.0,100.0,nan,,ok
13731.851683,nan,,branches:u,branches,0.0,100.0,nan,,ok
13731.851683,nan,,branch-misses:u,branch-misses,0.0,100.0,nan,,ok
13731.851683,nan,,L1-dcache-loads:u,l1-dcache-loads,0.0,100.0,nan,,ok
13731.851683,nan,,cache-references:u,cache-references,0.0,100.0,nan,,ok
13731.851683,nan,,cache-misses:u,cache-misses,0.0,100.0,nan,,ok
13731.851683,nan,,stalled-cycles-frontend:u,stalled-cycles-frontend,0.0,100.0,nan,,ok
13783.848942,nan,,instructions:u,instructions,0.0,100.0,nan,,ok
13783.848942,nan,,cycles:u,cycles,0.0,100.0,nan,,ok
13783.848942,nan,,branches:u,branches,0.0,100.0,nan,,ok
13783.848942,nan,,branch-misses:u,branch-misses,0.0,100.0,nan,,ok
13783.848942,nan,,L1-dcache-loads:u,l1-dcache-loads,0.0,100.0,nan,,ok
13783.848942,nan,,cache-references:u,cache-references,0.0,100.0,nan,,ok
13783.848942,nan,,cache-misses:u,cache-misses,0.0,100.0,nan,,ok
13783.848942,nan,,stalled-cycles-frontend:u,stalled-cycles-frontend,0.0,100.0,nan,,ok
13796.881582999998,nan,,instructions:u,instructions,0.0,100.0,nan,,ok
13796.881582999998,nan,,cycles:u,cycles,0.0,100.0,nan,,ok
13796.881582999998,nan,,branches:u,branches,0.0,100.0,nan,,ok
13796.881582999998,nan,,branch-misses:u,branch-misses,0.0,100.0,nan,,ok
13796.881582999998,nan,,L1-dcache-loads:u,l1-dcache-loads,0.0,100.0,nan,,ok
13796.881582999998,nan,,cache-references:u,cache-references,0.0,100.0,nan,,ok
13796.881582999998,nan,,cache-misses:u,cache-misses,0.0,100.0,nan,,ok
13796.881582999998,nan,,stalled-cycles-frontend:u,stalled-cycles-frontend,0.0,100.0,nan,,ok
13872.840918,0.0,,instructions:u,instructions,3003505.0,36.0,nan,,ok
13872.840918,0.0,,cycles:u,cycles,3002266.0,36.0,nan,,ok
13872.840918,0.0,,branches:u,branches,4268034.0,51.0,nan,,ok
13872.840918,0.0,,branch-misses:u,branch-misses,5268574.0,63.0,nan,,ok
13872.840918,0.0,,L1-dcache-loads:u,l1-dcache-loads,5279499.0,63.0,nan,,ok
13872.840918,0.0,,cache-references:u,cache-references,5258069.0,63.0,nan,,ok
13872.840918,0.0,,cache-misses:u,cache-misses,5259308.0,63.0,nan,,ok
13872.840918,0.0,,stalled-cycles-frontend:u,stalled-cycles-frontend,2008595.0,24.0,nan,,ok
13903.878101,nan,,instructions:u,instructions,0.0,100.0,nan,,ok
13903.878101,nan,,cycles:u,cycles,0.0,100.0,nan,,ok
13903.878101,nan,,branches:u,branches,0.0,100.0,nan,,ok
13903.878101,nan,,branch-misses:u,branch-misses,0.0,100.0,nan,,ok
13903.878101,nan,,L1-dcache-loads:u,l1-dcache-loads,0.0,100.0,nan,,ok
13903.878101,nan,,cache-references:u,cache-references,0.0,100.0,nan,,ok
13903.878101,nan,,cache-misses:u,cache-misses,0.0,100.0,nan,,ok
13903.878101,nan,,stalled-cycles-frontend:u,stalled-cycles-frontend,0.0,100.0,nan,,ok
13968.808481,0.0,,instructions:u,instructions,249631.0,5.0,nan,,ok
13968.808481,nan,,cycles:u,cycles,0.0,0.0,nan,,ok
13968.808481,0.0,,branches:u,branches,992143.0,23.0,nan,,ok
13968.808481,0.0,,branch-misses:u,branch-misses,1991034.0,46.0,nan,,ok
13968.808481,0.0,,L1-dcache-loads:u,l1-dcache-loads,2989019.0,70.0,nan,,ok
13968.808481,0.0,,cache-references:u,cache-references,4000036.0,94.0,nan,,ok
13968.808481,0.0,,cache-misses:u,cache-misses,4249667.0,100.0,nan,,ok
13968.808481,0.0,,stalled-cycles-frontend:u,stalled-cycles-frontend,249631.0,5.0,nan,,ok
13983.820701,nan,,instructions:u,instructions,0.0,100.0,nan,,ok
13983.820701,nan,,cycles:u,cycles,0.0,100.0,nan,,ok
13983.820701,nan,,branches:u,branches,0.0,100.0,nan,,ok
13983.820701,nan,,branch-misses:u,branch-misses,0.0,100.0,nan,,ok
13983.820701,nan,,L1-dcache-loads:u,l1-dcache-loads,0.0,100.0,nan,,ok
13983.820701,nan,,cache-references:u,cache-references,0.0,100.0,nan,,ok
13983.820701,nan,,cache-misses:u,cache-misses,0.0,100.0,nan,,ok
13983.820701,nan,,stalled-cycles-frontend:u,stalled-cycles-frontend,0.0,100.0,nan,,ok
14045.851348,0.0,,instructions:u,instructions,2992166.0,58.0,nan,,ok
14045.851348,0.0,,cycles:u,cycles,2998994.0,58.0,nan,,ok
14045.851348,0.0,,branches:u,branches,4002346.0,78.0,nan,,ok
14045.851348,0.0,,branch-misses:u,branch-misses,4137373.0,80.0,nan,,ok
14045.851348,0.0,,L1-dcache-loads:u,l1-dcache-loads,3139602.0,61.0,nan,,ok
14045.851348,0.0,,cache-references:u,cache-references,2132737.0,41.0,nan,,ok
14045.851348,0.0,,cache-misses:u,cache-misses,2125909.0,41.0,nan,,ok
14045.851348,0.0,,stalled-cycles-frontend:u,stalled-cycles-frontend,1985301.0,38.0,nan,,ok
14061.887682,0.0,,instructions:u,instructions,2931930.0,40.0,nan,,ok
14061.887682,0.0,,cycles:u,cycles,2996842.0,41.0,nan,,ok
14061.887682,0.0,,branches:u,branches,3173687.0,44.0,nan,,ok
14061.887682,0.0,,branch-misses:u,branch-misses,4158474.0,58.0,nan,,ok
14061.887682,0.0,,L1-dcache-loads:u,l1-dcache-loads,4160090.0,58.0,nan,,ok
14061.887682,0.0,,cache-references:u,cache-references,4237015.0,59.0,nan,,ok
14061.887682,0.0,,cache-misses:u,cache-misses,4172103.0,58.0,nan,,ok
14061.887682,0.0,,stalled-cycles-frontend:u,stalled-cycles-frontend,1935633.0,27.0,nan,,ok
14121.885121,nan,,instructions:u,instructions,0.0,100.0,nan,,ok
14121.885121,nan,,cycles:u,cycles,0.0,100.0,nan,,ok
14121.885121,nan,,branches:u,branches,0.0,100.0,nan,,ok
14121.885121,nan,,branch-misses:u,branch-misses,0.0,100.0,nan,,ok
14121.885121,nan,,L1-dcache-loads:u,l1-dcache-loads,0.0,100.0,nan,,ok
14121.885121,nan,,cache-references:u,cache-references,0.0,100.0,nan,,ok
14121.885121,nan,,cache-misses:u,cache-misses,0.0,100.0,nan,,ok
14121.885121,nan,,stalled-cycles-frontend:u,stalled-cycles-frontend,0.0,100.0,nan,,ok
14136.842057999998,nan,,instructions:u,instructions,0.0,100.0,nan,,ok
14136.842057999998,nan,,cycles:u,cycles,0.0,100.0,nan,,ok
14136.842057999998,nan,,branches:u,branches,0.0,100.0,nan,,ok
14136.842057999998,nan,,branch-misses:u,branch-misses,0.0,100.0,nan,,ok
14136.842057999998,nan,,L1-dcache-loads:u,l1-dcache-loads,0.0,100.0,nan,,ok
14136.842057999998,nan,,cache-references:u,cache-references,0.0,100.0,nan,,ok
14136.842057999998,nan,,cache-misses:u,cache-misses,0.0,100.0,nan,,ok
14136.842057999998,nan,,stalled-cycles-frontend:u,stalled-cycles-frontend,0.0,100.0,nan,,ok
14183.879883,0.0,,instructions:u,instructions,759463.0,16.0,nan,,ok
14183.879883,nan,,cycles:u,cycles,0.0,0.0,nan,,ok
14183.879883,0.0,,branches:u,branches,1008519.0,21.0,nan,,ok
14183.879883,0.0,,branch-misses:u,branch-misses,1985496.0,41.0,nan,,ok
14183.879883,0.0,,L1-dcache-loads:u,l1-dcache-loads,2993049.0,63.0,nan,,ok
14183.879883,0.0,,cache-references:u,cache-references,3983580.0,83.0,nan,,ok
14183.879883,0.0,,cache-misses:u,cache-misses,4743043.0,100.0,nan,,ok
14183.879883,0.0,,stalled-cycles-frontend:u,stalled-cycles-frontend,759463.0,16.0,nan,,ok
14207.864296,nan,,instructions:u,instructions,0.0,100.0,nan,,ok
14207.864296,nan,,cycles:u,cycles,0.0,100.0,nan,,ok
14207.864296,nan,,branches:u,branches,0.0,100.0,nan,,ok
14207.864296,nan,,branch-misses:u,branch-misses,0.0,100.0,nan,,ok
14207.864296,nan,,L1-dcache-loads:u,l1-dcache-loads,0.0,100.0,nan,,ok
14207.864296,nan,,cache-references:u,cache-references,0.0,100.0,nan,,ok
14207.864296,nan,,cache-misses:u,cache-misses,0.0,100.0,nan,,ok
14207.864296,nan,,stalled-cycles-frontend:u,stalled-cycles-frontend,0.0,100.0,nan,,ok
14258.883572,0.0,,instructions:u,instructions,2981293.0,47.0,nan,,ok
14258.883572,0.0,,cycles:u,cycles,3005270.0,47.0,nan,,ok
14258.883572,0.0,,branches:u,branches,4042695.0,64.0,nan,,ok
14258.883572,0.0,,branch-misses:u,branch-misses,4998723.0,79.0,nan,,ok
14258.883572,0.0,,L1-dcache-loads:u,l1-dcache-loads,4279953.0,68.0,nan,,ok
14258.883572,0.0,,cache-references:u,cache-references,3280013.0,52.0,nan,,ok
14258.883572,0.0,,cache-misses:u,cache-misses,3256036.0,52.0,nan,,ok
14258.883572,0.0,,stalled-cycles-frontend:u,stalled-cycles-frontend,1981353.0,31.0,nan,,ok
14283.831362,nan,,instructions:u,instructions,0.0,0.0,nan,,ok
14283.831362,nan,,cycles:u,cycles,0.0,0.0,nan,,ok
14283.831362,nan,,branches:u,branches,0.0,0.0,nan,,ok
14283.831362,nan,,branch-misses:u,branch-misses,0.0,0.0,nan,,ok
14283.831362,0.0,,L1-dcache-loads:u,l1-dcache-loads,310701.0,100.0,nan,,ok
14283.831362,0.0,,cache-references:u,cache-references,362968.0,100.0,nan,,ok
14283.831362,0.0,,cache-misses:u,cache-misses,405436.0,100.0,nan,,ok
14283.831362,nan,,stalled-cycles-frontend:u,stalled-cycles-frontend,0.0,0.0,nan,,ok
14335.861471,0.0,,instructions:u,instructions,2071103.0,53.0,nan,,ok
14335.861471,0.0,,cycles:u,cycles,1069651.0,27.0,nan,,ok
14335.861471,0.0,,branches:u,branches,1069651.0,27.0,nan,,ok
14335.861471,0.0,,branch-misses:u,branch-misses,1069651.0,28.0,nan,,ok
14335.861471,0.0,,L1-dcache-loads:u,l1-dcache-loads,703621.0,18.0,nan,,ok
14335.861471,0.0,,cache-references:u,cache-references,1608537.0,43.0,nan,,ok
14335.861471,0.0,,cache-misses:u,cache-misses,2567521.0,70.0,nan,,ok
14335.861471,0.0,,stalled-cycles-frontend:u,stalled-cycles-frontend,2029659.0,56.0,nan,,ok
14376.868286,0.0,,instructions:u,instructions,997941.0,20.0,nan,,ok
14376.868286,0.0,,cycles:u,cycles,1995220.0,40.0,nan,,ok
14376.868286,0.0,,branches:u,branches,2994433.0,60.0,nan,,ok
14376.868286,0.0,,branch-misses:u,branch-misses,4004140.0,81.0,nan,,ok
14376.868286,0.0,,L1-dcache-loads:u,l1-dcache-loads,4940609.0,100.0,nan,,ok
14376.868286,0.0,,cache-references:u,cache-references,3942668.0,79.0,nan,,ok
14376.868286,0.0,,cache-misses:u,cache-misses,2945389.0,59.0,nan,,ok
14376.868286,nan,,stalled-cycles-frontend:u,stalled-cycles-frontend,0.0,0.0,nan,,ok
14412.798542,0.0,,instructions:u,instructions,1087144.0,35.0,nan,,ok
14412.798542,0.0,,cycles:u,cycles,120654.0,3.0,nan,,ok
14412.798542,0.0,,branches:u,branches,145022.0,4.0,nan,,ok
14412.798542,0.0,,branch-misses:u,branch-misses,164100.0,5.0,nan,,ok
14412.798542,0.0,,L1-dcache-loads:u,l1-dcache-loads,955306.0,30.0,nan,,ok
14412.798542,0.0,,cache-references:u,cache-references,1959223.0,62.0,nan,,ok
14412.798542,0.0,,cache-misses:u,cache-misses,2944974.0,93.0,nan,,ok
14412.798542,0.0,,stalled-cycles-frontend:u,stalled-cycles-frontend,1200820.0,38.0,nan,,ok
14426.827444,0.0,,instructions:u,instructions,1904490.0,51.0,nan,,ok
14426.827444,0.0,,cycles:u,cycles,2922874.0,79.0,nan,,ok
14426.827444,0.0,,branches:u,branches,3657485.0,100.0,nan,,ok
14426.827444,0.0,,branch-misses:u,branch-misses,3638407.0,100.0,nan,,ok
14426.827444,0.0,,L1-dcache-loads:u,l1-dcache-loads,2800760.0,77.0,nan,,ok
14426.827444,0.0,,cache-references:u,cache-references,1796624.0,49.0,nan,,ok
14426.827444,0.0,,cache-misses:u,cache-misses,758979.0,21.0,nan,,ok
14426.827444,0.0,,stalled-cycles-frontend:u,stalled-cycles-frontend,786678.0,21.0,nan,,ok
14476.853000000001,nan,,instructions:u,instructions,0.0,100.0,nan,,ok
14476.853000000001,nan,,cycles:u,cycles,0.0,100.0,nan,,ok
14476.853000000001,nan,,branches:u,branches,0.0,100.0,nan,,ok
14476.853000000001,nan,,branch-misses:u,branch-misses,0.0,100.0,nan,,ok
14476.853000000001,nan,,L1-dcache-loads:u,l1-dcache-loads,0.0,100.0,nan,,ok
14476.853000000001,nan,,cache-references:u,cache-references,0.0,100.0,nan,,ok
14476.853000000001,nan,,cache-misses:u,cache-misses,0.0,100.0,nan,,ok
14476.853000000001,nan,,stalled-cycles-frontend:u,stalled-cycles-frontend,0.0,100.0,nan,,ok
14500.793923,nan,,instructions:u,instructions,0.0,100.0,nan,,ok
14500.793923,nan,,cycles:u,cycles,0.0,100.0,nan,,ok
14500.793923,nan,,branches:u,branches,0.0,100.0,nan,,ok
14500.793923,nan,,branch-misses:u,branch-misses,0.0,100.0,nan,,ok
14500.793923,nan,,L1-dcache-loads:u,l1-dcache-loads,0.0,100.0,nan,,ok
14500.793923,nan,,cache-references:u,cache-references,0.0,100.0,nan,,ok
14500.793923,nan,,cache-misses:u,cache-misses,0.0,100.0,nan,,ok
14500.793923,nan,,stalled-cycles-frontend:u,stalled-cycles-frontend,0.0,100.0,nan,,ok
14542.863321,0.0,,instructions:u,instructions,1677845.0,29.0,nan,,ok
14542.863321,0.0,,cycles:u,cycles,641979.0,11.0,nan,,ok
14542.863321,0.0,,branches:u,branches,1624434.0,28.0,nan,,ok
14542.863321,0.0,,branch-misses:u,branch-misses,2622676.0,46.0,nan,,ok
14542.863321,0.0,,L1-dcache-loads:u,l1-dcache-loads,2978672.0,52.0,nan,,ok
14542.863321,0.0,,cache-references:u,cache-references,3979605.0,70.0,nan,,ok
14542.863321,0.0,,cache-misses:u,cache-misses,5015471.0,88.0,nan,,ok
14542.863321,0.0,,stalled-cycles-frontend:u,stalled-cycles-frontend,1677845.0,29.0,nan,,ok
14561.838402,nan,,instructions:u,instructions,0.0,100.0,nan,,ok
14561.838402,nan,,cycles:u,cycles,0.0,100.0,nan,,ok
14561.838402,nan,,branches:u,branches,0.0,100.0,nan,,ok
14561.838402,nan,,branch-misses:u,branch-misses,0.0,100.0,nan,,ok
14561.838402,nan,,L1-dcache-loads:u,l1-dcache-loads,0.0,100.0,nan,,ok
14561.838402,nan,,cache-references:u,cache-references,0.0,100.0,nan,,ok
14561.838402,nan,,cache-misses:u,cache-misses,0.0,100.0,nan,,ok
14561.838402,nan,,stalled-cycles-frontend:u,stalled-cycles-frontend,0.0,100.0,nan,,ok
14592.844155,0.0,,instructions:u,instructions,1983341.0,28.0,nan,,ok
14592.844155,0.0,,cycles:u,cycles,2989748.0,42.0,nan,,ok
14592.844155,0.0,,branches:u,branches,3981669.0,57.0,nan,,ok
14592.844155,0.0,,branch-misses:u,branch-misses,4983126.0,71.0,nan,,ok
14592.844155,0.0,,L1-dcache-loads:u,l1-dcache-loads,5002126.0,71.0,nan,,ok
14592.844155,0.0,,cache-references:u,cache-references,4994579.0,71.0,nan,,ok
14592.844155,0.0,,cache-misses:u,cache-misses,3988172.0,57.0,nan,,ok
14592.844155,0.0,,stalled-cycles-frontend:u,stalled-cycles-frontend,980467.0,14.0,nan,,ok
14622.87183,nan,,instructions:u,instructions,0.0,100.0,nan,,ok
14622.87183,nan,,cycles:u,cycles,0.0,100.0,nan,,ok
14622.87183,nan,,branches:u,branches,0.0,100.0,nan,,ok
14622.87183,nan,,branch-misses:u,branch-misses,0.0,100.0,nan,,ok
14622.87183,nan,,L1-dcache-loads:u,l1-dcache-loads,0.0,100.0,nan,,ok
14622.87183,nan,,cache-references:u,cache-references,0.0,100.0,nan,,ok
14622.87183,nan,,cache-misses:u,cache-misses,0.0,100.0,nan,,ok
14622.87183,nan,,stalled-cycles-frontend:u,stalled-cycles-frontend,0.0,100.0,nan,,ok
14645.880491,nan,,instructions:u,instructions,0.0,100.0,nan,,ok
14645.880491,nan,,cycles:u,cycles,0.0,100.0,nan,,ok
14645.880491,nan,,branches:u,branches,0.0,100.0,nan,,ok
14645.880491,nan,,branch-misses:u,branch-misses,0.0,100.0,nan,,ok
14645.880491,nan,,L1-dcache-loads:u,l1-dcache-loads,0.0,100.0,nan,,ok
14645.880491,nan,,cache-references:u,cache-references,0.0,100.0,nan,,ok
14645.880491,nan,,cache-misses:u,cache-misses,0.0,100.0,nan,,ok
14645.880491,nan,,stalled-cycles-frontend:u,stalled-cycles-frontend,0.0,100.0,nan,,ok
14692.863901,nan,,instructions:u,instructions,0.0,100.0,nan,,ok
14692.863901,nan,,cycles:u,cycles,0.0,100.0,nan,,ok
14692.863901,nan,,branches:u,branches,0.0,100.0,nan,,ok
14692.863901,nan,,branch-misses:u,branch-misses,0.0,100.0,nan,,ok
14692.863901,nan,,L1-dcache-loads:u,l1-dcache-loads,0.0,100.0,nan,,ok
14692.863901,nan,,cache-references:u,cache-references,0.0,100.0,nan,,ok
14692.863901,nan,,cache-misses:u,cache-misses,0.0,100.0,nan,,ok
14692.863901,nan,,stalled-cycles-frontend:u,stalled-cycles-frontend,0.0,100.0,nan,,ok
14711.81524,0.0,,instructions:u,instructions,3005130.0,57.0,nan,,ok
14711.81524,0.0,,cycles:u,cycles,2999777.0,57.0,nan,,ok
14711.81524,0.0,,branches:u,branches,3193822.0,61.0,nan,,ok
14711.81524,0.0,,branch-misses:u,branch-misses,3193822.0,61.0,nan,,ok
14711.81524,0.0,,L1-dcache-loads:u,l1-dcache-loads,2205650.0,42.0,nan,,ok
14711.81524,0.0,,cache-references:u,cache-references,2187366.0,42.0,nan,,ok
14711.81524,0.0,,cache-misses:u,cache-misses,2192719.0,42.0,nan,,ok
14711.81524,0.0,,stalled-cycles-frontend:u,stalled-cycles-frontend,1996233.0,38.0,nan,,ok
14770.926486,nan,,instructions:u,instructions,0.0,100.0,nan,,ok
14770.926486,nan,,cycles:u,cycles,0.0,100.0,nan,,ok
14770.926486,nan,,branches:u,branches,0.0,100.0,nan,,ok
14770.926486,nan,,branch-misses:u,branch-misses,0.0,100.0,nan,,ok
14770.926486,nan,,L1-dcache-loads:u,l1-dcache-loads,0.0,100.0,nan,,ok
14770.926486,nan,,cache-references:u,cache-references,0.0,100.0,nan,,ok
14770.926486,nan,,cache-misses:u,cache-misses,0.0,100.0,nan,,ok
14770.926486,nan,,stalled-cycles-frontend:u,stalled-cycles-frontend,0.0,100.0,nan,,ok
14794.885259,nan,,instructions:u,instructions,0.0,100.0,nan,,ok
14794.885259,nan,,cycles:u,cycles,0.0,100.0,nan,,ok
14794.885259,nan,,branches:u,branches,0.0,100.0,nan,,ok
14794.885259,nan,,branch-misses:u,branch-misses,0.0,100.0,nan,,ok
14794.885259,nan,,L1-dcache-loads:u,l1-dcache-loads,0.0,100.0,nan,,ok
14794.885259,nan,,cache-references:u,cache-references,0.0,100.0,nan,,ok
14794.885259,nan,,cache-misses:u,cache-misses,0.0,100.0,nan,,ok
14794.885259,nan,,stalled-cycles-frontend:u,stalled-cycles-frontend,0.0,100.0,nan,,ok
14850.834739,nan,,instructions:u,instructions,0.0,100.0,nan,,ok
14850.834739,nan,,cycles:u,cycles,0.0,100.0,nan,,ok
14850.834739,nan,,branches:u,branches,0.0,100.0,nan,,ok
14850.834739,nan,,branch-misses:u,branch-misses,0.0,100.0,nan,,ok
14850.834739,nan,,L1-dcache-loads:u,l1-dcache-loads,0.0,100.0,nan,,ok
14850.834739,nan,,cache-references:u,cache-references,0.0,100.0,nan,,ok
14850.834739,nan,,cache-misses:u,cache-misses,0.0,100.0,nan,,ok
14850.834739,nan,,stalled-cycles-frontend:u,stalled-cycles-frontend,0.0,100.0,nan,,ok
14874.838132,0.0,,instructions:u,instructions,32186.0,0.0,nan,,ok
14874.838132,nan,,cycles:u,cycles,0.0,0.0,nan,,ok
14874.838132,0.0,,branches:u,branches,963949.0,24.0,nan,,ok
14874.838132,0.0,,branch-misses:u,branch-misses,1961601.0,49.0,nan,,ok
14874.838132,0.0,,L1-dcache-loads:u,l1-dcache-loads,2958957.0,74.0,nan,,ok
14874.838132,0.0,,cache-references:u,cache-references,3957825.0,99.0,nan,,ok
14874.838132,0.0,,cache-misses:u,cache-misses,3990011.0,100.0,nan,,ok
14874.838132,0.0,,stalled-cycles-frontend:u,stalled-cycles-frontend,32186.0,0.0,nan,,ok
14930.831247,nan,,instructions:u,instructions,0.0,100.0,nan,,ok
14930.831247,nan,,cycles:u,cycles,0.0,100.0,nan,,ok
14930.831247,nan,,branches:u,branches,0.0,100.0,nan,,ok
14930.831247,nan,,branch-misses:u,branch-misses,0.0,100.0,nan,,ok
14930.831247,nan,,L1-dcache-loads:u,l1-dcache-loads,0.0,100.0,nan,,ok
14930.831247,nan,,cache-references:u,cache-references,0.0,100.0,nan,,ok
14930.831247,nan,,cache-misses:u,cache-misses,0.0,100.0,nan,,ok
14930.831247,nan,,stalled-cycles-frontend:u,stalled-cycles-frontend,0.0,100.0,nan,,ok
14949.950183,0.0,,instructions:u,instructions,2964038.0,73.0,nan,,ok
14949.950183,0.0,,cycles:u,cycles,2998518.0,74.0,nan,,ok
14949.950183,0.0,,branches:u,branches,3064512.0,76.0,nan,,ok
14949.950183,0.0,,branch-misses:u,branch-misses,3064512.0,76.0,nan,,ok
14949.950183,0.0,,L1-dcache-loads:u,l1-dcache-loads,2061313.0,51.0,nan,,ok
14949.950183,0.0,,cache-references:u,cache-references,1066379.0,26.0,nan,,ok
14949.950183,0.0,,cache-misses:u,cache-misses,1031899.0,25.0,nan,,ok
14949.950183,0.0,,stalled-cycles-frontend:u,stalled-cycles-frontend,1969104.0,48.0,nan,,ok
15006.906162,nan,,instructions:u,instructions,0.0,100.0,nan,,ok
15006.906162,nan,,cycles:u,cycles,0.0,100.0,nan,,ok
15006.906162,nan,,branches:u,branches,0.0,100.0,nan,,ok
15006.906162,nan,,branch-misses:u,branch-misses,0.0,100.0,nan,,ok
15006.906162,nan,,L1-dcache-loads:u,l1-dcache-loads,0.0,100.0,nan,,ok
15006.906162,nan,,cache-references:u,cache-references,0.0,100.0,nan,,ok
15006.906162,nan,,cache-misses:u,cache-misses,0.0,100.0,nan,,ok
15006.906162,nan,,stalled-cycles-frontend:u,stalled-cycles-frontend,0.0,100.0,nan,,ok
15030.885438000001,nan,,instructions:u,instructions,0.0,100.0,nan,,ok
15030.885438000001,nan,,cycles:u,cycles,0.0,100.0,nan,,ok
15030.885438000001,nan,,branches:u,branches,0.0,100.0,nan,,ok
15030.885438000001,nan,,branch-misses:u,branch-misses,0.0,100.0,nan,,ok
15030.885438000001,nan,,L1-dcache-loads:u,l1-dcache-loads,0.0,100.0,nan,,ok
15030.885438000001,nan,,cache-references:u,cache-references,0.0,100.0,nan,,ok
15030.885438000001,nan,,cache-misses:u,cache-misses,0.0,100.0,nan,,ok
15030.885438000001,nan,,stalled-cycles-frontend:u,stalled-cycles-frontend,0.0,100.0,nan,,ok
15086.822384,0.0,,instructions:u,instructions,8654057.0,38.0,nan,,ok
15086.822384,0.0,,cycles:u,cycles,7689211.0,33.0,nan,,ok
15086.822384,0.0,,branches:u,branches,10724195.0,47.0,nan,,ok
15086.822384,0.0,,branch-misses:u,branch-misses,13767873.0,60.0,nan,,ok
15086.822384,0.0,,L1-dcache-loads:u,l1-dcache-loads,13315005.0,58.0,nan,,ok
15086.822384,0.0,,cache-references:u,cache-references,13979328.0,61.0,nan,,ok
15086.822384,0.0,,cache-misses:u,cache-misses,14990315.0,65.0,nan,,ok
15086.822384,0.0,,stalled-cycles-frontend:u,stalled-cycles-frontend,6475341.0,28.0,nan,,ok
15109.892386,0.0,,instructions:u,instructions,3835278.0,38.0,nan,,ok
15109.892386,0.0,,cycles:u,cycles,4150219.0,41.0,nan,,ok
15109.892386,0.0,,branches:u,branches,5187496.0,51.0,nan,,ok
15109.892386,0.0,,branch-misses:u,branch-misses,6194426.0,61.0,nan,,ok
15109.892386,0.0,,L1-dcache-loads:u,l1-dcache-loads,7142173.0,70.0,nan,,ok
15109.892386,0.0,,cache-references:u,cache-references,6501831.0,64.0,nan,,ok
15109.892386,0.0,,cache-misses:u,cache-misses,5937250.0,58.0,nan,,ok
15109.892386,0.0,,stalled-cycles-frontend:u,stalled-cycles-frontend,1997561.0,19.0,nan,,ok
15166.825853,1369.0,,instructions:u,instructions,10157250.0,34.0,0.0,insn per cycle,ok
15166.825853,nan,,,,nan,nan,341.31,stalled cycles per insn,unknown
15166.825853,350705.0,,cycles:u,cycles,11612111.0,40.0,nan,,ok
15166.825853,231.0,,branches:u,branches,15751314.0,54.0,nan,,ok
15166.825853,32.0,,branch-misses:u,branch-misses,19705644.0,68.0,13.85,of all branches,ok
15166.825853,538.0,,L1-dcache-loads:u,l1-dcache-loads,18863024.0,65.0,nan,,ok
15166.825853,372.0,,cache-references:u,cache-references,18650120.0,64.0,nan,,ok
15166.825853,300.0,,cache-misses:u,cache-misses,17398758.0,60.0,80.65,of all cache refs,ok
15166.825853,467257.0,,stalled-cycles-frontend:u,stalled-cycles-frontend,7005133.0,24.0,133.23,frontend cycles idle,ok
15197.865919,nan,,instructions:u,instructions,0.0,100.0,nan,,ok
15197.865919,nan,,cycles:u,cycles,0.0,100.0,nan,,ok
15197.865919,nan,,branches:u,branches,0.0,100.0,nan,,ok
15197.865919,nan,,branch-misses:u,branch-misses,0.0,100.0,nan,,ok
15197.865919,nan,,L1-dcache-loads:u,l1-dcache-loads,0.0,100.0,nan,,ok
15197.865919,nan,,cache-references:u,cache-references,0.0,100.0,nan,,ok
15197.865919,nan,,cache-misses:u,cache-misses,0.0,100.0,nan,,ok
15197.865919,nan,,stalled-cycles-frontend:u,stalled-cycles-frontend,0.0,100.0,nan,,ok
15234.801493,6516.0,,instructions:u,instructions,2922703.0,51.0,0.13,insn per cycle,ok
15234.801493,nan,,,,nan,nan,173.94,stalled cycles per insn,unknown
15234.801493,48525.0,,cycles:u,cycles,2496104.0,44.0,nan,,ok
15234.801493,285.0,,branches:u,branches,2496104.0,44.0,nan,,ok
15234.801493,38.0,,branch-misses:u,branch-misses,2496104.0,44.0,13.33,of all branches,ok
15234.801493,781.0,,L1-dcache-loads:u,l1-dcache-loads,2652253.0,46.0,nan,,ok
15234.801493,1717.0,,cache-references:u,cache-references,2725501.0,51.0,nan,,ok
15234.801493,1386.0,,cache-misses:u,cache-misses,3152100.0,73.0,80.72,of all cache refs,ok
15234.801493,1133363.0,,stalled-cycles-frontend:u,stalled-cycles-frontend,2001679.0,37.0,2335.63,frontend cycles idle,ok
15246.843232,nan,,instructions:u,instructions,0.0,100.0,nan,,ok
15246.843232,nan,,cycles:u,cycles,0.0,100.0,nan,,ok
15246.843232,nan,,branches:u,branches,0.0,100.0,nan,,ok
15246.843232,nan,,branch-misses:u,branch-misses,0.0,100.0,nan,,ok
15246.843232,nan,,L1-dcache-loads:u,l1-dcache-loads,0.0,100.0,nan,,ok
15246.843232,nan,,cache-references:u,cache-references,0.0,100.0,nan,,ok
15246.843232,nan,,cache-misses:u,cache-misses,0.0,100.0,nan,,ok
15246.843232,nan,,stalled-cycles-frontend:u,stalled-cycles-frontend,0.0,100.0,nan,,ok
15268.980001999998,nan,,instructions:u,instructions,0.0,0.0,nan,,ok
15268.980001999998,0.0,,cycles:u,cycles,97342.0,100.0,nan,,ok
15268.980001999998,0.0,,branches:u,branches,97342.0,100.0,nan,,ok
15268.980001999998,0.0,,branch-misses:u,branch-misses,97342.0,100.0,nan,,ok
15268.980001999998,0.0,,L1-dcache-loads:u,l1-dcache-loads,97342.0,100.0,nan,,ok
15268.980001999998,0.0,,cache-references:u,cache-references,97342.0,100.0,nan,,ok
15268.980001999998,nan,,cache-misses:u,cache-misses,0.0,0.0,nan,,ok
15268.980001999998,nan,,stalled-cycles-frontend:u,stalled-cycles-frontend,0.0,0.0,nan,,ok
