timestamp_ms,value,unit,event_name,event_name_normalized,runtime_ns,enabled_pct,metric_value,metric_unit,status
10.089751,23398918.0,,inst_retired.any:u,inst_retired.any,6821070.0,84.0,nan,,ok
10.089751,11573806.0,,cpu_clk_unhalted.thread:u,cpu_clk_unhalted.thread,7066554.0,87.0,nan,,ok
10.089751,4021196.0,,br_inst_retired.all_branches:u,br_inst_retired.all_branches,7350502.0,91.0,nan,,ok
10.089751,72383.0,,br_misp_retired.all_branches:u,br_misp_retired.all_branches,7070043.0,87.0,nan,,ok
10.089751,3605701.0,,mem_uops_retired.all_loads:u,mem_uops_retired.all_loads,7074565.0,87.0,nan,,ok
10.089751,2404162.0,,mem_uops_retired.all_stores:u,mem_uops_retired.all_stores,7026537.0,87.0,nan,,ok
10.089751,47509.0,,longest_lat_cache.reference:u,longest_lat_cache.reference,7033430.0,87.0,nan,,ok
10.089751,5803.0,,longest_lat_cache.miss:u,longest_lat_cache.miss,7269336.0,98.0,nan,,ok
10.089751,21538.0,,offcore_requests.demand_data_rd:u,offcore_requests.demand_data_rd,8080435.0,100.0,nan,,ok
10.089751,639636.0,,resource_stalls.any:u,resource_stalls.any,6627015.0,81.0,nan,,ok
20.376379,3485149.0,,inst_retired.any:u,inst_retired.any,7694932.0,100.0,nan,,ok
20.376379,4656104.0,,cpu_clk_unhalted.thread:u,cpu_clk_unhalted.thread,8141118.0,100.0,nan,,ok
20.376379,810244.0,,br_inst_retired.all_branches:u,br_inst_retired.all_branches,8141452.0,100.0,nan,,ok
20.376379,43174.0,,br_misp_retired.all_branches:u,br_misp_retired.all_branches,8141421.0,100.0,nan,,ok
20.376379,941558.0,,mem_uops_retired.all_loads:u,mem_uops_retired.all_loads,8141485.0,100.0,nan,,ok
20.376379,411875.0,,mem_uops_retired.all_stores:u,mem_uops_retired.all_stores,8141648.0,100.0,nan,,ok
20.376379,35943.0,,longest_lat_cache.reference:u,longest_lat_cache.reference,7529735.0,92.0,nan,,ok
20.376379,2363.0,,longest_lat_cache.miss:u,longest_lat_cache.miss,6325789.0,77.0,nan,,ok
20.376379,19675.0,,offcore_requests.demand_data_rd:u,offcore_requests.demand_data_rd,4316221.0,53.0,nan,,ok
20.376379,444218.0,,resource_stalls.any:u,resource_stalls.any,6249568.0,85.0,nan,,ok
30.599764,2603558.0,,inst_retired.any:u,inst_retired.any,7093585.0,87.0,nan,,ok
30.599764,4616559.0,,cpu_clk_unhalted.thread:u,cpu_clk_unhalted.thread,8117128.0,85.0,nan,,ok
30.599764,665238.0,,br_inst_retired.all_branches:u,br_inst_retired.all_branches,9445332.0,100.0,nan,,ok
30.599764,45965.0,,br_misp_retired.all_branches:u,br_misp_retired.all_branches,9445086.0,100.0,nan,,ok
30.599764,824151.0,,mem_uops_retired.all_loads:u,mem_uops_retired.all_loads,9445049.0,100.0,nan,,ok
30.599764,336725.0,,mem_uops_retired.all_stores:u,mem_uops_retired.all_stores,9445036.0,100.0,nan,,ok
30.599764,43460.0,,longest_lat_cache.reference:u,longest_lat_cache.reference,9444713.0,100.0,nan,,ok
30.599764,1427.0,,longest_lat_cache.miss:u,longest_lat_cache.miss,8105456.0,85.0,nan,,ok
30.599764,18565.0,,offcore_requests.demand_data_rd:u,offcore_requests.demand_data_rd,7270159.0,76.0,nan,,ok
30.599764,212031.0,,resource_stalls.any:u,resource_stalls.any,4856171.0,64.0,nan,,ok
40.795997,2272376.0,,inst_retired.any:u,inst_retired.any,5768938.0,65.0,nan,,ok
40.795997,4841200.0,,cpu_clk_unhalted.thread:u,cpu_clk_unhalted.thread,5590675.0,66.0,nan,,ok
40.795997,610800.0,,br_inst_retired.all_branches:u,br_inst_retired.all_branches,6648942.0,75.0,nan,,ok
40.795997,39525.0,,br_misp_retired.all_branches:u,br_misp_retired.all_branches,8464456.0,100.0,nan,,ok
40.795997,764799.0,,mem_uops_retired.all_loads:u,mem_uops_retired.all_loads,8824163.0,100.0,nan,,ok
40.795997,316563.0,,mem_uops_retired.all_stores:u,mem_uops_retired.all_stores,8824129.0,100.0,nan,,ok
40.795997,39185.0,,longest_lat_cache.reference:u,longest_lat_cache.reference,8824202.0,100.0,nan,,ok
40.795997,1877.0,,longest_lat_cache.miss:u,longest_lat_cache.miss,8824150.0,100.0,nan,,ok
40.795997,14526.0,,offcore_requests.demand_data_rd:u,offcore_requests.demand_data_rd,8824115.0,100.0,nan,,ok
40.795997,155897.0,,resource_stalls.any:u,resource_stalls.any,5767959.0,65.0,nan,,ok
50.993294,2881804.0,,inst_retired.any:u,inst_retired.any,7619348.0,80.0,nan,,ok
50.993294,4057922.0,,cpu_clk_unhalted.thread:u,cpu_clk_unhalted.thread,6651574.0,76.0,nan,,ok
50.993294,761758.0,,br_inst_retired.all_branches:u,br_inst_retired.all_branches,7398516.0,78.0,nan,,ok
50.993294,41600.0,,br_misp_retired.all_branches:u,br_misp_retired.all_branches,6642882.0,78.0,nan,,ok
50.993294,838534.0,,mem_uops_retired.all_loads:u,mem_uops_retired.all_loads,9438478.0,100.0,nan,,ok
50.993294,344268.0,,mem_uops_retired.all_stores:u,mem_uops_retired.all_stores,9438529.0,100.0,nan,,ok
50.993294,46239.0,,longest_lat_cache.reference:u,longest_lat_cache.reference,9438632.0,100.0,nan,,ok
50.993294,1712.0,,longest_lat_cache.miss:u,longest_lat_cache.miss,9438678.0,100.0,nan,,ok
50.993294,17872.0,,offcore_requests.demand_data_rd:u,offcore_requests.demand_data_rd,9438764.0,100.0,nan,,ok
50.993294,248403.0,,resource_stalls.any:u,resource_stalls.any,7618818.0,80.0,nan,,ok
61.222122,2703887.0,,inst_retired.any:u,inst_retired.any,9060650.0,100.0,nan,,ok
61.222122,3790935.0,,cpu_clk_unhalted.thread:u,cpu_clk_unhalted.thread,9063898.0,100.0,nan,,ok
61.222122,411891.0,,br_inst_retired.all_branches:u,br_inst_retired.all_branches,5637443.0,68.0,nan,,ok
61.222122,40907.0,,br_misp_retired.all_branches:u,br_misp_retired.all_branches,7780919.0,85.0,nan,,ok
61.222122,709508.0,,mem_uops_retired.all_loads:u,mem_uops_retired.all_loads,7180884.0,79.0,nan,,ok
61.222122,324870.0,,mem_uops_retired.all_stores:u,mem_uops_retired.all_stores,7747728.0,85.0,nan,,ok
61.222122,37088.0,,longest_lat_cache.reference:u,longest_lat_cache.reference,8072934.0,88.0,nan,,ok
61.222122,2406.0,,longest_lat_cache.miss:u,longest_lat_cache.miss,8929945.0,100.0,nan,,ok
61.222122,13450.0,,offcore_requests.demand_data_rd:u,offcore_requests.demand_data_rd,9079694.0,100.0,nan,,ok
61.222122,216824.0,,resource_stalls.any:u,resource_stalls.any,9084108.0,100.0,nan,,ok
71.464662,2732851.0,,inst_retired.any:u,inst_retired.any,9379695.0,100.0,nan,,ok
71.464662,3790186.0,,cpu_clk_unhalted.thread:u,cpu_clk_unhalted.thread,9378968.0,100.0,nan,,ok
71.464662,588622.0,,br_inst_retired.all_branches:u,br_inst_retired.all_branches,9378251.0,100.0,nan,,ok
71.464662,39328.0,,br_misp_retired.all_branches:u,br_misp_retired.all_branches,9378008.0,100.0,nan,,ok
71.464662,715757.0,,mem_uops_retired.all_loads:u,mem_uops_retired.all_loads,9377514.0,100.0,nan,,ok
71.464662,334079.0,,mem_uops_retired.all_stores:u,mem_uops_retired.all_stores,8383161.0,89.0,nan,,ok
71.464662,39056.0,,longest_lat_cache.reference:u,longest_lat_cache.reference,6484681.0,69.0,nan,,ok
71.464662,1289.0,,longest_lat_cache.miss:u,longest_lat_cache.miss,5903283.0,62.0,nan,,ok
71.464662,9477.0,,offcore_requests.demand_data_rd:u,offcore_requests.demand_data_rd,7354989.0,99.0,nan,,ok
71.464662,188663.0,,resource_stalls.any:u,resource_stalls.any,9375075.0,100.0,nan,,ok
81.678152,1719453.0,,inst_retired.any:u,inst_retired.any,5709102.0,79.0,nan,,ok
81.678152,3985156.0,,cpu_clk_unhalted.thread:u,cpu_clk_unhalted.thread,7172783.0,81.0,nan,,ok
81.678152,562233.0,,br_inst_retired.all_branches:u,br_inst_retired.all_branches,8156313.0,92.0,nan,,ok
81.678152,35977.0,,br_misp_retired.all_branches:u,br_misp_retired.all_branches,8782753.0,100.0,nan,,ok
81.678152,671047.0,,mem_uops_retired.all_loads:u,mem_uops_retired.all_loads,8782370.0,100.0,nan,,ok
81.678152,263967.0,,mem_uops_retired.all_stores:u,mem_uops_retired.all_stores,8782757.0,100.0,nan,,ok
81.678152,37149.0,,longest_lat_cache.reference:u,longest_lat_cache.reference,8783337.0,100.0,nan,,ok
81.678152,1339.0,,longest_lat_cache.miss:u,longest_lat_cache.miss,8240433.0,93.0,nan,,ok
81.678152,14112.0,,offcore_requests.demand_data_rd:u,offcore_requests.demand_data_rd,7782911.0,88.0,nan,,ok
81.678152,183421.0,,resource_stalls.any:u,resource_stalls.any,3800513.0,52.0,nan,,ok
91.91142400000001,2699886.0,,inst_retired.any:u,inst_retired.any,8711742.0,96.0,nan,,ok
91.91142400000001,2429399.0,,cpu_clk_unhalted.thread:u,cpu_clk_unhalted.thread,6640710.0,73.0,nan,,ok
91.91142400000001,629467.0,,br_inst_retired.all_branches:u,br_inst_retired.all_branches,6802084.0,75.0,nan,,ok
91.91142400000001,38771.0,,br_misp_retired.all_branches:u,br_misp_retired.all_branches,6119167.0,78.0,nan,,ok
91.91142400000001,725080.0,,mem_uops_retired.all_loads:u,mem_uops_retired.all_loads,8000787.0,88.0,nan,,ok
91.91142400000001,301434.0,,mem_uops_retired.all_stores:u,mem_uops_retired.all_stores,8695927.0,100.0,nan,,ok
91.91142400000001,35939.0,,longest_lat_cache.reference:u,longest_lat_cache.reference,9001093.0,100.0,nan,,ok
91.91142400000001,1341.0,,longest_lat_cache.miss:u,longest_lat_cache.miss,9004770.0,100.0,nan,,ok
91.91142400000001,13363.0,,offcore_requests.demand_data_rd:u,offcore_requests.demand_data_rd,9008067.0,100.0,nan,,ok
91.91142400000001,160792.0,,resource_stalls.any:u,resource_stalls.any,8735783.0,96.0,nan,,ok
102.368182,1507677.0,,inst_retired.any:u,inst_retired.any,9730221.0,100.0,nan,,ok
102.368182,2212444.0,,cpu_clk_unhalted.thread:u,cpu_clk_unhalted.thread,8370797.0,86.0,nan,,ok
102.368182,278113.0,,br_inst_retired.all_branches:u,br_inst_retired.all_branches,7626969.0,78.0,nan,,ok
102.368182,21632.0,,br_misp_retired.all_branches:u,br_misp_retired.all_branches,8081419.0,83.0,nan,,ok
102.368182,405824.0,,mem_uops_retired.all_loads:u,mem_uops_retired.all_loads,7101988.0,72.0,nan,,ok
102.368182,139987.0,,mem_uops_retired.all_stores:u,mem_uops_retired.all_stores,7977324.0,88.0,nan,,ok
102.368182,23510.0,,longest_lat_cache.reference:u,longest_lat_cache.reference,9490604.0,100.0,nan,,ok
102.368182,815.0,,longest_lat_cache.miss:u,longest_lat_cache.miss,9731297.0,100.0,nan,,ok
102.368182,9172.0,,offcore_requests.demand_data_rd:u,offcore_requests.demand_data_rd,9731193.0,100.0,nan,,ok
102.368182,92112.0,,resource_stalls.any:u,resource_stalls.any,9731057.0,100.0,nan,,ok
112.812017,1906723.0,,inst_retired.any:u,inst_retired.any,9704651.0,100.0,nan,,ok
112.812017,2546008.0,,cpu_clk_unhalted.thread:u,cpu_clk_unhalted.thread,9703338.0,100.0,nan,,ok
112.812017,362506.0,,br_inst_retired.all_branches:u,br_inst_retired.all_branches,7904127.0,81.0,nan,,ok
112.812017,24931.0,,br_misp_retired.all_branches:u,br_misp_retired.all_branches,7652594.0,78.0,nan,,ok
112.812017,522051.0,,mem_uops_retired.all_loads:u,mem_uops_retired.all_loads,8112985.0,83.0,nan,,ok
112.812017,235697.0,,mem_uops_retired.all_stores:u,mem_uops_retired.all_stores,7765787.0,80.0,nan,,ok
112.812017,22532.0,,longest_lat_cache.reference:u,longest_lat_cache.reference,8155330.0,92.0,nan,,ok
112.812017,1028.0,,longest_lat_cache.miss:u,longest_lat_cache.miss,8875720.0,91.0,nan,,ok
112.812017,9478.0,,offcore_requests.demand_data_rd:u,offcore_requests.demand_data_rd,9690041.0,100.0,nan,,ok
112.812017,96947.0,,resource_stalls.any:u,resource_stalls.any,9688048.0,100.0,nan,,ok
123.23722099999999,1771675.0,,inst_retired.any:u,inst_retired.any,9131961.0,100.0,nan,,ok
123.23722099999999,2382599.0,,cpu_clk_unhalted.thread:u,cpu_clk_unhalted.thread,9132044.0,100.0,nan,,ok
123.23722099999999,390461.0,,br_inst_retired.all_branches:u,br_inst_retired.all_branches,9132008.0,100.0,nan,,ok
123.23722099999999,21523.0,,br_misp_retired.all_branches:u,br_misp_retired.all_branches,8771464.0,96.0,nan,,ok
123.23722099999999,367046.0,,mem_uops_retired.all_loads:u,mem_uops_retired.all_loads,6481349.0,70.0,nan,,ok
123.23722099999999,263771.0,,mem_uops_retired.all_stores:u,mem_uops_retired.all_stores,5266826.0,57.0,nan,,ok
123.23722099999999,25185.0,,longest_lat_cache.reference:u,longest_lat_cache.reference,7894228.0,86.0,nan,,ok
123.23722099999999,1222.0,,longest_lat_cache.miss:u,longest_lat_cache.miss,8700242.0,97.0,nan,,ok
123.23722099999999,8600.0,,offcore_requests.demand_data_rd:u,offcore_requests.demand_data_rd,8550795.0,100.0,nan,,ok
123.23722099999999,114661.0,,resource_stalls.any:u,resource_stalls.any,9132414.0,100.0,nan,,ok
133.652811,1794991.0,,inst_retired.any:u,inst_retired.any,9023958.0,100.0,nan,,ok
133.652811,2536333.0,,cpu_clk_unhalted.thread:u,cpu_clk_unhalted.thread,9567208.0,100.0,nan,,ok
133.652811,395874.0,,br_inst_retired.all_branches:u,br_inst_retired.all_branches,9568335.0,100.0,nan,,ok
133.652811,26592.0,,br_misp_retired.all_branches:u,br_misp_retired.all_branches,9568882.0,100.0,nan,,ok
133.652811,472182.0,,mem_uops_retired.all_loads:u,mem_uops_retired.all_loads,9570038.0,100.0,nan,,ok
133.652811,199844.0,,mem_uops_retired.all_stores:u,mem_uops_retired.all_stores,9541618.0,99.0,nan,,ok
133.652811,24564.0,,longest_lat_cache.reference:u,longest_lat_cache.reference,7723799.0,80.0,nan,,ok
133.652811,1015.0,,longest_lat_cache.miss:u,longest_lat_cache.miss,6525954.0,68.0,nan,,ok
133.652811,9831.0,,offcore_requests.demand_data_rd:u,offcore_requests.demand_data_rd,6456220.0,74.0,nan,,ok
133.652811,104005.0,,resource_stalls.any:u,resource_stalls.any,8030644.0,88.0,nan,,ok
144.058798,1652970.0,,inst_retired.any:u,inst_retired.any,6960258.0,77.0,nan,,ok
144.058798,2136538.0,,cpu_clk_unhalted.thread:u,cpu_clk_unhalted.thread,7953052.0,100.0,nan,,ok
144.058798,367133.0,,br_inst_retired.all_branches:u,br_inst_retired.all_branches,8943195.0,100.0,nan,,ok
144.058798,24506.0,,br_misp_retired.all_branches:u,br_misp_retired.all_branches,8938055.0,100.0,nan,,ok
144.058798,452454.0,,mem_uops_retired.all_loads:u,mem_uops_retired.all_loads,8932235.0,100.0,nan,,ok
144.058798,178158.0,,mem_uops_retired.all_stores:u,mem_uops_retired.all_stores,8926972.0,100.0,nan,,ok
144.058798,24398.0,,longest_lat_cache.reference:u,longest_lat_cache.reference,8921685.0,100.0,nan,,ok
144.058798,516.0,,longest_lat_cache.miss:u,longest_lat_cache.miss,7394797.0,82.0,nan,,ok
144.058798,9800.0,,offcore_requests.demand_data_rd:u,offcore_requests.demand_data_rd,7233953.0,81.0,nan,,ok
144.058798,132616.0,,resource_stalls.any:u,resource_stalls.any,4191571.0,47.0,nan,,ok
154.453608,2060985.0,,inst_retired.any:u,inst_retired.any,7267023.0,76.0,nan,,ok
154.453608,2743887.0,,cpu_clk_unhalted.thread:u,cpu_clk_unhalted.thread,7193803.0,75.0,nan,,ok
154.453608,405274.0,,br_inst_retired.all_branches:u,br_inst_retired.all_branches,7522156.0,79.0,nan,,ok
154.453608,23830.0,,br_misp_retired.all_branches:u,br_misp_retired.all_branches,8791479.0,95.0,nan,,ok
154.453608,488503.0,,mem_uops_retired.all_loads:u,mem_uops_retired.all_loads,9524144.0,100.0,nan,,ok
154.453608,195698.0,,mem_uops_retired.all_stores:u,mem_uops_retired.all_stores,9529480.0,100.0,nan,,ok
154.453608,24967.0,,longest_lat_cache.reference:u,longest_lat_cache.reference,9534580.0,100.0,nan,,ok
154.453608,957.0,,longest_lat_cache.miss:u,longest_lat_cache.miss,9539330.0,100.0,nan,,ok
154.453608,9853.0,,offcore_requests.demand_data_rd:u,offcore_requests.demand_data_rd,9544040.0,100.0,nan,,ok
154.453608,67705.0,,resource_stalls.any:u,resource_stalls.any,5067196.0,53.0,nan,,ok
164.87386800000002,1895588.0,,inst_retired.any:u,inst_retired.any,9587533.0,99.0,nan,,ok
164.87386800000002,1931683.0,,cpu_clk_unhalted.thread:u,cpu_clk_unhalted.thread,8014680.0,83.0,nan,,ok
164.87386800000002,465875.0,,br_inst_retired.all_branches:u,br_inst_retired.all_branches,7630153.0,79.0,nan,,ok
164.87386800000002,29266.0,,br_misp_retired.all_branches:u,br_misp_retired.all_branches,6559902.0,71.0,nan,,ok
164.87386800000002,531980.0,,mem_uops_retired.all_loads:u,mem_uops_retired.all_loads,7968335.0,82.0,nan,,ok
164.87386800000002,195841.0,,mem_uops_retired.all_stores:u,mem_uops_retired.all_stores,8369907.0,90.0,nan,,ok
164.87386800000002,26328.0,,longest_lat_cache.reference:u,longest_lat_cache.reference,9633754.0,100.0,nan,,ok
164.87386800000002,897.0,,longest_lat_cache.miss:u,longest_lat_cache.miss,9636004.0,100.0,nan,,ok
164.87386800000002,10039.0,,offcore_requests.demand_data_rd:u,offcore_requests.demand_data_rd,9638597.0,100.0,nan,,ok
164.87386800000002,108887.0,,resource_stalls.any:u,resource_stalls.any,9605616.0,99.0,nan,,ok
175.334464,1842889.0,,inst_retired.any:u,inst_retired.any,9228487.0,100.0,nan,,ok
175.334464,2410168.0,,cpu_clk_unhalted.thread:u,cpu_clk_unhalted.thread,9218787.0,100.0,nan,,ok
175.334464,399011.0,,br_inst_retired.all_branches:u,br_inst_retired.all_branches,8894896.0,96.0,nan,,ok
175.334464,18407.0,,br_misp_retired.all_branches:u,br_misp_retired.all_branches,6152099.0,66.0,nan,,ok
175.334464,509647.0,,mem_uops_retired.all_loads:u,mem_uops_retired.all_loads,6987503.0,75.0,nan,,ok
175.334464,222201.0,,mem_uops_retired.all_stores:u,mem_uops_retired.all_stores,8342451.0,90.0,nan,,ok
175.334464,23841.0,,longest_lat_cache.reference:u,longest_lat_cache.reference,7560840.0,82.0,nan,,ok
175.334464,863.0,,longest_lat_cache.miss:u,longest_lat_cache.miss,8181666.0,89.0,nan,,ok
175.334464,9141.0,,offcore_requests.demand_data_rd:u,offcore_requests.demand_data_rd,9029040.0,100.0,nan,,ok
175.334464,82397.0,,resource_stalls.any:u,resource_stalls.any,9164874.0,100.0,nan,,ok
185.735127,1951680.0,,inst_retired.any:u,inst_retired.any,9835109.0,100.0,nan,,ok
185.735127,2638306.0,,cpu_clk_unhalted.thread:u,cpu_clk_unhalted.thread,9843536.0,100.0,nan,,ok
185.735127,424718.0,,br_inst_retired.all_branches:u,br_inst_retired.all_branches,9849290.0,100.0,nan,,ok
185.735127,27881.0,,br_misp_retired.all_branches:u,br_misp_retired.all_branches,9855430.0,100.0,nan,,ok
185.735127,513653.0,,mem_uops_retired.all_loads:u,mem_uops_retired.all_loads,9605950.0,97.0,nan,,ok
185.735127,153124.0,,mem_uops_retired.all_stores:u,mem_uops_retired.all_stores,6609632.0,66.0,nan,,ok
185.735127,28822.0,,longest_lat_cache.reference:u,longest_lat_cache.reference,6914419.0,70.0,nan,,ok
185.735127,1192.0,,longest_lat_cache.miss:u,longest_lat_cache.miss,7646655.0,82.0,nan,,ok
185.735127,10827.0,,offcore_requests.demand_data_rd:u,offcore_requests.demand_data_rd,8884313.0,89.0,nan,,ok
185.735127,96557.0,,resource_stalls.any:u,resource_stalls.any,9720130.0,100.0,nan,,ok
196.177232,1920772.0,,inst_retired.any:u,inst_retired.any,8715787.0,89.0,nan,,ok
196.177232,2586506.0,,cpu_clk_unhalted.thread:u,cpu_clk_unhalted.thread,9551864.0,100.0,nan,,ok
196.177232,415319.0,,br_inst_retired.all_branches:u,br_inst_retired.all_branches,9714266.0,100.0,nan,,ok
196.177232,27055.0,,br_misp_retired.all_branches:u,br_misp_retired.all_branches,9714773.0,100.0,nan,,ok
196.177232,495166.0,,mem_uops_retired.all_loads:u,mem_uops_retired.all_loads,9714340.0,100.0,nan,,ok
196.177232,209849.0,,mem_uops_retired.all_stores:u,mem_uops_retired.all_stores,9714710.0,100.0,nan,,ok
196.177232,27405.0,,longest_lat_cache.reference:u,longest_lat_cache.reference,9206761.0,94.0,nan,,ok
196.177232,614.0,,longest_lat_cache.miss:u,longest_lat_cache.miss,6374060.0,65.0,nan,,ok
196.177232,9363.0,,offcore_requests.demand_data_rd:u,offcore_requests.demand_data_rd,7297092.0,75.0,nan,,ok
196.177232,108419.0,,resource_stalls.any:u,resource_stalls.any,6426010.0,71.0,nan,,ok
206.61482,1829584.0,,inst_retired.any:u,inst_retired.any,6994373.0,78.0,nan,,ok
206.61482,2445972.0,,cpu_clk_unhalted.thread:u,cpu_clk_unhalted.thread,6660234.0,80.0,nan,,ok
206.61482,407190.0,,br_inst_retired.all_branches:u,br_inst_retired.all_branches,7963635.0,88.0,nan,,ok
206.61482,24550.0,,br_misp_retired.all_branches:u,br_misp_retired.all_branches,8725435.0,100.0,nan,,ok
206.61482,482675.0,,mem_uops_retired.all_loads:u,mem_uops_retired.all_loads,8957705.0,100.0,nan,,ok
206.61482,193617.0,,mem_uops_retired.all_stores:u,mem_uops_retired.all_stores,8955975.0,100.0,nan,,ok
206.61482,25345.0,,longest_lat_cache.reference:u,longest_lat_cache.reference,8954545.0,100.0,nan,,ok
206.61482,853.0,,longest_lat_cache.miss:u,longest_lat_cache.miss,8952755.0,100.0,nan,,ok
206.61482,9993.0,,offcore_requests.demand_data_rd:u,offcore_requests.demand_data_rd,7890604.0,88.0,nan,,ok
206.61482,54300.0,,resource_stalls.any:u,resource_stalls.any,4589373.0,51.0,nan,,ok
217.043767,1972183.0,,inst_retired.any:u,inst_retired.any,8339623.0,85.0,nan,,ok
217.043767,2222953.0,,cpu_clk_unhalted.thread:u,cpu_clk_unhalted.thread,8092721.0,82.0,nan,,ok
217.043767,386343.0,,br_inst_retired.all_branches:u,br_inst_retired.all_branches,7786914.0,79.0,nan,,ok
217.043767,25927.0,,br_misp_retired.all_branches:u,br_misp_retired.all_branches,7416022.0,81.0,nan,,ok
217.043767,477341.0,,mem_uops_retired.all_loads:u,mem_uops_retired.all_loads,8789464.0,89.0,nan,,ok
217.043767,189801.0,,mem_uops_retired.all_stores:u,mem_uops_retired.all_stores,9731426.0,99.0,nan,,ok
217.043767,25237.0,,longest_lat_cache.reference:u,longest_lat_cache.reference,9784420.0,100.0,nan,,ok
217.043767,714.0,,longest_lat_cache.miss:u,longest_lat_cache.miss,9784866.0,100.0,nan,,ok
217.043767,9692.0,,offcore_requests.demand_data_rd:u,offcore_requests.demand_data_rd,9785417.0,100.0,nan,,ok
217.043767,88744.0,,resource_stalls.any:u,resource_stalls.any,7128576.0,72.0,nan,,ok
227.468528,1965184.0,,inst_retired.any:u,inst_retired.any,9710078.0,100.0,nan,,ok
227.468528,2251426.0,,cpu_clk_unhalted.thread:u,cpu_clk_unhalted.thread,8170417.0,84.0,nan,,ok
227.468528,463794.0,,br_inst_retired.all_branches:u,br_inst_retired.all_branches,8102134.0,83.0,nan,,ok
227.468528,26497.0,,br_misp_retired.all_branches:u,br_misp_retired.all_branches,8008619.0,82.0,nan,,ok
227.468528,499137.0,,mem_uops_retired.all_loads:u,mem_uops_retired.all_loads,7712124.0,79.0,nan,,ok
227.468528,232029.0,,mem_uops_retired.all_stores:u,mem_uops_retired.all_stores,7319226.0,81.0,nan,,ok
227.468528,25866.0,,longest_lat_cache.reference:u,longest_lat_cache.reference,9236457.0,95.0,nan,,ok
227.468528,988.0,,longest_lat_cache.miss:u,longest_lat_cache.miss,9711441.0,100.0,nan,,ok
227.468528,9802.0,,offcore_requests.demand_data_rd:u,offcore_requests.demand_data_rd,9711741.0,100.0,nan,,ok
227.468528,99158.0,,resource_stalls.any:u,resource_stalls.any,9711777.0,100.0,nan,,ok
237.887575,1954083.0,,inst_retired.any:u,inst_retired.any,9253366.0,100.0,nan,,ok
237.887575,2494839.0,,cpu_clk_unhalted.thread:u,cpu_clk_unhalted.thread,9245493.0,100.0,nan,,ok
237.887575,429280.0,,br_inst_retired.all_branches:u,br_inst_retired.all_branches,9240353.0,100.0,nan,,ok
237.887575,21985.0,,br_misp_retired.all_branches:u,br_misp_retired.all_branches,7226147.0,78.0,nan,,ok
237.887575,525885.0,,mem_uops_retired.all_loads:u,mem_uops_retired.all_loads,7637004.0,82.0,nan,,ok
237.887575,194355.0,,mem_uops_retired.all_stores:u,mem_uops_retired.all_stores,7518849.0,81.0,nan,,ok
237.887575,23910.0,,longest_lat_cache.reference:u,longest_lat_cache.reference,6737904.0,73.0,nan,,ok
237.887575,1186.0,,longest_lat_cache.miss:u,longest_lat_cache.miss,7785634.0,91.0,nan,,ok
237.887575,9172.0,,offcore_requests.demand_data_rd:u,offcore_requests.demand_data_rd,9210099.0,100.0,nan,,ok
237.887575,98419.0,,resource_stalls.any:u,resource_stalls.any,9205223.0,100.0,nan,,ok
248.314459,2092938.0,,inst_retired.any:u,inst_retired.any,9080513.0,100.0,nan,,ok
248.314459,2625275.0,,cpu_clk_unhalted.thread:u,cpu_clk_unhalted.thread,9088536.0,100.0,nan,,ok
248.314459,455824.0,,br_inst_retired.all_branches:u,br_inst_retired.all_branches,9093260.0,100.0,nan,,ok
248.314459,27092.0,,br_misp_retired.all_branches:u,br_misp_retired.all_branches,9099140.0,100.0,nan,,ok
248.314459,529037.0,,mem_uops_retired.all_loads:u,mem_uops_retired.all_loads,9104500.0,100.0,nan,,ok
248.314459,204279.0,,mem_uops_retired.all_stores:u,mem_uops_retired.all_stores,7029042.0,77.0,nan,,ok
248.314459,28480.0,,longest_lat_cache.reference:u,longest_lat_cache.reference,6868144.0,75.0,nan,,ok
248.314459,1161.0,,longest_lat_cache.miss:u,longest_lat_cache.miss,6185132.0,67.0,nan,,ok
248.314459,10507.0,,offcore_requests.demand_data_rd:u,offcore_requests.demand_data_rd,7390102.0,85.0,nan,,ok
248.314459,94094.0,,resource_stalls.any:u,resource_stalls.any,9002433.0,100.0,nan,,ok
258.71812900000003,1629240.0,,inst_retired.any:u,inst_retired.any,6378666.0,79.0,nan,,ok
258.71812900000003,2352396.0,,cpu_clk_unhalted.thread:u,cpu_clk_unhalted.thread,7972333.0,88.0,nan,,ok
258.71812900000003,379652.0,,br_inst_retired.all_branches:u,br_inst_retired.all_branches,8692044.0,100.0,nan,,ok
258.71812900000003,24134.0,,br_misp_retired.all_branches:u,br_misp_retired.all_branches,8973563.0,100.0,nan,,ok
258.71812900000003,467095.0,,mem_uops_retired.all_loads:u,mem_uops_retired.all_loads,8975183.0,100.0,nan,,ok
258.71812900000003,183934.0,,mem_uops_retired.all_stores:u,mem_uops_retired.all_stores,8975837.0,100.0,nan,,ok
258.71812900000003,25445.0,,longest_lat_cache.reference:u,longest_lat_cache.reference,8976957.0,100.0,nan,,ok
258.71812900000003,733.0,,longest_lat_cache.miss:u,longest_lat_cache.miss,8394463.0,93.0,nan,,ok
258.71812900000003,9638.0,,offcore_requests.demand_data_rd:u,offcore_requests.demand_data_rd,7559533.0,84.0,nan,,ok
258.71812900000003,96183.0,,resource_stalls.any:u,resource_stalls.any,3282698.0,40.0,nan,,ok
269.17209399999996,2083872.0,,inst_retired.any:u,inst_retired.any,7655682.0,85.0,nan,,ok
269.17209399999996,2388409.0,,cpu_clk_unhalted.thread:u,cpu_clk_unhalted.thread,6673641.0,74.0,nan,,ok
269.17209399999996,462253.0,,br_inst_retired.all_branches:u,br_inst_retired.all_branches,7282109.0,81.0,nan,,ok
269.17209399999996,27346.0,,br_misp_retired.all_branches:u,br_misp_retired.all_branches,6322443.0,70.0,nan,,ok
269.17209399999996,506068.0,,mem_uops_retired.all_loads:u,mem_uops_retired.all_loads,8130622.0,97.0,nan,,ok
269.17209399999996,213768.0,,mem_uops_retired.all_stores:u,mem_uops_retired.all_stores,8940512.0,100.0,nan,,ok
269.17209399999996,25451.0,,longest_lat_cache.reference:u,longest_lat_cache.reference,8939702.0,100.0,nan,,ok
269.17209399999996,341.0,,longest_lat_cache.miss:u,longest_lat_cache.miss,8938225.0,100.0,nan,,ok
269.17209399999996,9818.0,,offcore_requests.demand_data_rd:u,offcore_requests.demand_data_rd,8935662.0,100.0,nan,,ok
269.17209399999996,92019.0,,resource_stalls.any:u,resource_stalls.any,7395512.0,82.0,nan,,ok
279.577704,2071403.0,,inst_retired.any:u,inst_retired.any,9132110.0,100.0,nan,,ok
279.577704,2232593.0,,cpu_clk_unhalted.thread:u,cpu_clk_unhalted.thread,8480639.0,92.0,nan,,ok
279.577704,461441.0,,br_inst_retired.all_branches:u,br_inst_retired.all_branches,5999987.0,65.0,nan,,ok
279.577704,28956.0,,br_misp_retired.all_branches:u,br_misp_retired.all_branches,7565025.0,82.0,nan,,ok
279.577704,565190.0,,mem_uops_retired.all_loads:u,mem_uops_retired.all_loads,7686240.0,84.0,nan,,ok
279.577704,234855.0,,mem_uops_retired.all_stores:u,mem_uops_retired.all_stores,7836135.0,88.0,nan,,ok
279.577704,26661.0,,longest_lat_cache.reference:u,longest_lat_cache.reference,8150172.0,89.0,nan,,ok
279.577704,956.0,,longest_lat_cache.miss:u,longest_lat_cache.miss,9074080.0,100.0,nan,,ok
279.577704,9735.0,,offcore_requests.demand_data_rd:u,offcore_requests.demand_data_rd,9130260.0,100.0,nan,,ok
279.577704,87668.0,,resource_stalls.any:u,resource_stalls.any,9129213.0,100.0,nan,,ok
289.996578,1739257.0,,inst_retired.any:u,inst_retired.any,8878926.0,100.0,nan,,ok
289.996578,2203754.0,,cpu_clk_unhalted.thread:u,cpu_clk_unhalted.thread,8871346.0,100.0,nan,,ok
289.996578,381135.0,,br_inst_retired.all_branches:u,br_inst_retired.all_branches,8789253.0,99.0,nan,,ok
289.996578,20136.0,,br_misp_retired.all_branches:u,br_misp_retired.all_branches,7380871.0,83.0,nan,,ok
289.996578,478131.0,,mem_uops_retired.all_loads:u,mem_uops_retired.all_loads,6815620.0,76.0,nan,,ok
289.996578,207451.0,,mem_uops_retired.all_stores:u,mem_uops_retired.all_stores,6008759.0,67.0,nan,,ok
289.996578,21918.0,,longest_lat_cache.reference:u,longest_lat_cache.reference,6984668.0,87.0,nan,,ok
289.996578,680.0,,longest_lat_cache.miss:u,longest_lat_cache.miss,8286229.0,100.0,nan,,ok
289.996578,9339.0,,offcore_requests.demand_data_rd:u,offcore_requests.demand_data_rd,8837216.0,100.0,nan,,ok
289.996578,79489.0,,resource_stalls.any:u,resource_stalls.any,8832383.0,100.0,nan,,ok
300.40970500000003,2044453.0,,inst_retired.any:u,inst_retired.any,9158444.0,96.0,nan,,ok
300.40970500000003,2540034.0,,cpu_clk_unhalted.thread:u,cpu_clk_unhalted.thread,9547561.0,100.0,nan,,ok
300.40970500000003,444767.0,,br_inst_retired.all_branches:u,br_inst_retired.all_branches,9553914.0,100.0,nan,,ok
300.40970500000003,26224.0,,br_misp_retired.all_branches:u,br_misp_retired.all_branches,9560284.0,100.0,nan,,ok
300.40970500000003,532057.0,,mem_uops_retired.all_loads:u,mem_uops_retired.all_loads,9566761.0,100.0,nan,,ok
300.40970500000003,131373.0,,mem_uops_retired.all_stores:u,mem_uops_retired.all_stores,7982060.0,83.0,nan,,ok
300.40970500000003,27024.0,,longest_lat_cache.reference:u,longest_lat_cache.reference,7526550.0,78.0,nan,,ok
300.40970500000003,943.0,,longest_lat_cache.miss:u,longest_lat_cache.miss,6997827.0,73.0,nan,,ok
300.40970500000003,10782.0,,offcore_requests.demand_data_rd:u,offcore_requests.demand_data_rd,7970726.0,83.0,nan,,ok
300.40970500000003,97389.0,,resource_stalls.any:u,resource_stalls.any,7850400.0,84.0,nan,,ok
310.840376,2052967.0,,inst_retired.any:u,inst_retired.any,7004060.0,89.0,nan,,ok
310.840376,2527492.0,,cpu_clk_unhalted.thread:u,cpu_clk_unhalted.thread,9175663.0,100.0,nan,,ok
310.840376,437692.0,,br_inst_retired.all_branches:u,br_inst_retired.all_branches,9175194.0,100.0,nan,,ok
310.840376,26121.0,,br_misp_retired.all_branches:u,br_misp_retired.all_branches,9174597.0,100.0,nan,,ok
310.840376,512911.0,,mem_uops_retired.all_loads:u,mem_uops_retired.all_loads,9175117.0,100.0,nan,,ok
310.840376,218985.0,,mem_uops_retired.all_stores:u,mem_uops_retired.all_stores,9174500.0,100.0,nan,,ok
310.840376,20937.0,,longest_lat_cache.reference:u,longest_lat_cache.reference,7363592.0,80.0,nan,,ok
310.840376,1166.0,,longest_lat_cache.miss:u,longest_lat_cache.miss,7684147.0,83.0,nan,,ok
310.840376,9114.0,,offcore_requests.demand_data_rd:u,offcore_requests.demand_data_rd,7483995.0,81.0,nan,,ok
310.840376,87029.0,,resource_stalls.any:u,resource_stalls.any,5003919.0,63.0,nan,,ok
321.310215,1810618.0,,inst_retired.any:u,inst_retired.any,5913787.0,66.0,nan,,ok
321.310215,2849851.0,,cpu_clk_unhalted.thread:u,cpu_clk_unhalted.thread,7041728.0,79.0,nan,,ok
321.310215,467256.0,,br_inst_retired.all_branches:u,br_inst_retired.all_branches,7590965.0,88.0,nan,,ok
321.310215,25939.0,,br_misp_retired.all_branches:u,br_misp_retired.all_branches,7978527.0,100.0,nan,,ok
321.310215,515438.0,,mem_uops_retired.all_loads:u,mem_uops_retired.all_loads,8880311.0,100.0,nan,,ok
321.310215,217977.0,,mem_uops_retired.all_stores:u,mem_uops_retired.all_stores,8880605.0,100.0,nan,,ok
321.310215,26649.0,,longest_lat_cache.reference:u,longest_lat_cache.reference,8880225.0,100.0,nan,,ok
321.310215,891.0,,longest_lat_cache.miss:u,longest_lat_cache.miss,8877962.0,100.0,nan,,ok
321.310215,9415.0,,offcore_requests.demand_data_rd:u,offcore_requests.demand_data_rd,8085082.0,91.0,nan,,ok
321.310215,60016.0,,resource_stalls.any:u,resource_stalls.any,4814923.0,54.0,nan,,ok
331.739343,2182043.0,,inst_retired.any:u,inst_retired.any,8878205.0,92.0,nan,,ok
331.739343,2644855.0,,cpu_clk_unhalted.thread:u,cpu_clk_unhalted.thread,8151911.0,84.0,nan,,ok
331.739343,340483.0,,br_inst_retired.all_branches:u,br_inst_retired.all_branches,7220658.0,75.0,nan,,ok
331.739343,28390.0,,br_misp_retired.all_branches:u,br_misp_retired.all_branches,7593608.0,79.0,nan,,ok
331.739343,559139.0,,mem_uops_retired.all_loads:u,mem_uops_retired.all_loads,8484356.0,93.0,nan,,ok
331.739343,229096.0,,mem_uops_retired.all_stores:u,mem_uops_retired.all_stores,8585938.0,89.0,nan,,ok
331.739343,25365.0,,longest_lat_cache.reference:u,longest_lat_cache.reference,8607835.0,100.0,nan,,ok
331.739343,951.0,,longest_lat_cache.miss:u,longest_lat_cache.miss,9582985.0,100.0,nan,,ok
331.739343,10470.0,,offcore_requests.demand_data_rd:u,offcore_requests.demand_data_rd,9581868.0,100.0,nan,,ok
331.739343,108007.0,,resource_stalls.any:u,resource_stalls.any,8923029.0,93.0,nan,,ok
342.176827,1589100.0,,inst_retired.any:u,inst_retired.any,9747528.0,100.0,nan,,ok
342.176827,2252189.0,,cpu_clk_unhalted.thread:u,cpu_clk_unhalted.thread,9747541.0,100.0,nan,,ok
342.176827,350978.0,,br_inst_retired.all_branches:u,br_inst_retired.all_branches,8650707.0,88.0,nan,,ok
342.176827,22444.0,,br_misp_retired.all_branches:u,br_misp_retired.all_branches,8120713.0,83.0,nan,,ok
342.176827,415762.0,,mem_uops_retired.all_loads:u,mem_uops_retired.all_loads,8071227.0,82.0,nan,,ok
342.176827,158265.0,,mem_uops_retired.all_stores:u,mem_uops_retired.all_stores,7752928.0,79.0,nan,,ok
342.176827,24107.0,,longest_lat_cache.reference:u,longest_lat_cache.reference,7542959.0,82.0,nan,,ok
342.176827,845.0,,longest_lat_cache.miss:u,longest_lat_cache.miss,8775501.0,90.0,nan,,ok
342.176827,9825.0,,offcore_requests.demand_data_rd:u,offcore_requests.demand_data_rd,9555174.0,98.0,nan,,ok
342.176827,95499.0,,resource_stalls.any:u,resource_stalls.any,9749501.0,100.0,nan,,ok
352.596904,1962901.0,,inst_retired.any:u,inst_retired.any,8995226.0,100.0,nan,,ok
352.596904,2496680.0,,cpu_clk_unhalted.thread:u,cpu_clk_unhalted.thread,8995270.0,100.0,nan,,ok
352.596904,439769.0,,br_inst_retired.all_branches:u,br_inst_retired.all_branches,8995056.0,100.0,nan,,ok
352.596904,25640.0,,br_misp_retired.all_branches:u,br_misp_retired.all_branches,8994779.0,100.0,nan,,ok
352.596904,448728.0,,mem_uops_retired.all_loads:u,mem_uops_retired.all_loads,6692059.0,74.0,nan,,ok
352.596904,172951.0,,mem_uops_retired.all_stores:u,mem_uops_retired.all_stores,6975333.0,77.0,nan,,ok
352.596904,25314.0,,longest_lat_cache.reference:u,longest_lat_cache.reference,7386902.0,82.0,nan,,ok
352.596904,1552.0,,longest_lat_cache.miss:u,longest_lat_cache.miss,6751190.0,75.0,nan,,ok
352.596904,8344.0,,offcore_requests.demand_data_rd:u,offcore_requests.demand_data_rd,8187340.0,100.0,nan,,ok
352.596904,100459.0,,resource_stalls.any:u,resource_stalls.any,8998346.0,100.0,nan,,ok
363.019558,1995993.0,,inst_retired.any:u,inst_retired.any,8954782.0,100.0,nan,,ok
363.019558,2622025.0,,cpu_clk_unhalted.thread:u,cpu_clk_unhalted.thread,9687632.0,100.0,nan,,ok
363.019558,451834.0,,br_inst_retired.all_branches:u,br_inst_retired.all_branches,9682512.0,100.0,nan,,ok
363.019558,27028.0,,br_misp_retired.all_branches:u,br_misp_retired.all_branches,9677616.0,100.0,nan,,ok
363.019558,547346.0,,mem_uops_retired.all_loads:u,mem_uops_retired.all_loads,9672442.0,100.0,nan,,ok
363.019558,192424.0,,mem_uops_retired.all_stores:u,mem_uops_retired.all_stores,8971366.0,92.0,nan,,ok
363.019558,26848.0,,longest_lat_cache.reference:u,longest_lat_cache.reference,8405725.0,87.0,nan,,ok
363.019558,726.0,,longest_lat_cache.miss:u,longest_lat_cache.miss,7268711.0,75.0,nan,,ok
363.019558,10420.0,,offcore_requests.demand_data_rd:u,offcore_requests.demand_data_rd,7035911.0,72.0,nan,,ok
363.019558,102820.0,,resource_stalls.any:u,resource_stalls.any,6938636.0,80.0,nan,,ok
373.436445,2150807.0,,inst_retired.any:u,inst_retired.any,6774627.0,73.0,nan,,ok
373.436445,2590456.0,,cpu_clk_unhalted.thread:u,cpu_clk_unhalted.thread,8514722.0,100.0,nan,,ok
373.436445,454949.0,,br_inst_retired.all_branches:u,br_inst_retired.all_branches,9194355.0,100.0,nan,,ok
373.436445,27569.0,,br_misp_retired.all_branches:u,br_misp_retired.all_branches,9201099.0,100.0,nan,,ok
373.436445,522745.0,,mem_uops_retired.all_loads:u,mem_uops_retired.all_loads,9207285.0,100.0,nan,,ok
373.436445,224022.0,,mem_uops_retired.all_stores:u,mem_uops_retired.all_stores,9213169.0,100.0,nan,,ok
373.436445,28675.0,,longest_lat_cache.reference:u,longest_lat_cache.reference,9220309.0,100.0,nan,,ok
373.436445,666.0,,longest_lat_cache.miss:u,longest_lat_cache.miss,7498737.0,81.0,nan,,ok
373.436445,10751.0,,offcore_requests.demand_data_rd:u,offcore_requests.demand_data_rd,7672638.0,83.0,nan,,ok
373.436445,84741.0,,resource_stalls.any:u,resource_stalls.any,3960899.0,42.0,nan,,ok
383.866266,1905859.0,,inst_retired.any:u,inst_retired.any,7227837.0,74.0,nan,,ok
383.866266,2874501.0,,cpu_clk_unhalted.thread:u,cpu_clk_unhalted.thread,7432646.0,76.0,nan,,ok
383.866266,461227.0,,br_inst_retired.all_branches:u,br_inst_retired.all_branches,7707817.0,79.0,nan,,ok
383.866266,26597.0,,br_misp_retired.all_branches:u,br_misp_retired.all_branches,8803578.0,100.0,nan,,ok
383.866266,534490.0,,mem_uops_retired.all_loads:u,mem_uops_retired.all_loads,9706275.0,100.0,nan,,ok
383.866266,215833.0,,mem_uops_retired.all_stores:u,mem_uops_retired.all_stores,9707337.0,100.0,nan,,ok
383.866266,26523.0,,longest_lat_cache.reference:u,longest_lat_cache.reference,9707287.0,100.0,nan,,ok
383.866266,948.0,,longest_lat_cache.miss:u,longest_lat_cache.miss,9707028.0,100.0,nan,,ok
383.866266,10172.0,,offcore_requests.demand_data_rd:u,offcore_requests.demand_data_rd,9708075.0,100.0,nan,,ok
383.866266,64167.0,,resource_stalls.any:u,resource_stalls.any,5171699.0,53.0,nan,,ok
394.32116099999996,1326981.0,,inst_retired.any:u,inst_retired.any,8756192.0,91.0,nan,,ok
394.32116099999996,2456411.0,,cpu_clk_unhalted.thread:u,cpu_clk_unhalted.thread,7504822.0,78.0,nan,,ok
394.32116099999996,444192.0,,br_inst_retired.all_branches:u,br_inst_retired.all_branches,6691345.0,69.0,nan,,ok
394.32116099999996,26092.0,,br_misp_retired.all_branches:u,br_misp_retired.all_branches,7989852.0,83.0,nan,,ok
394.32116099999996,476818.0,,mem_uops_retired.all_loads:u,mem_uops_retired.all_loads,8350425.0,89.0,nan,,ok
394.32116099999996,182198.0,,mem_uops_retired.all_stores:u,mem_uops_retired.all_stores,8723106.0,100.0,nan,,ok
394.32116099999996,25992.0,,longest_lat_cache.reference:u,longest_lat_cache.reference,9597980.0,100.0,nan,,ok
394.32116099999996,884.0,,longest_lat_cache.miss:u,longest_lat_cache.miss,9596469.0,100.0,nan,,ok
394.32116099999996,10072.0,,offcore_requests.demand_data_rd:u,offcore_requests.demand_data_rd,9594289.0,100.0,nan,,ok
394.32116099999996,88386.0,,resource_stalls.any:u,resource_stalls.any,8799869.0,91.0,nan,,ok
404.71649399999995,1934319.0,,inst_retired.any:u,inst_retired.any,9659487.0,100.0,nan,,ok
404.71649399999995,2474191.0,,cpu_clk_unhalted.thread:u,cpu_clk_unhalted.thread,9660103.0,100.0,nan,,ok
404.71649399999995,288168.0,,br_inst_retired.all_branches:u,br_inst_retired.all_branches,8350697.0,86.0,nan,,ok
404.71649399999995,26655.0,,br_misp_retired.all_branches:u,br_misp_retired.all_branches,7638977.0,79.0,nan,,ok
404.71649399999995,542920.0,,mem_uops_retired.all_loads:u,mem_uops_retired.all_loads,7044132.0,72.0,nan,,ok
404.71649399999995,226193.0,,mem_uops_retired.all_stores:u,mem_uops_retired.all_stores,8036358.0,83.0,nan,,ok
404.71649399999995,23162.0,,longest_lat_cache.reference:u,longest_lat_cache.reference,8283938.0,89.0,nan,,ok
404.71649399999995,866.0,,longest_lat_cache.miss:u,longest_lat_cache.miss,8936626.0,92.0,nan,,ok
404.71649399999995,9824.0,,offcore_requests.demand_data_rd:u,offcore_requests.demand_data_rd,9662897.0,100.0,nan,,ok
404.71649399999995,97185.0,,resource_stalls.any:u,resource_stalls.any,9663907.0,100.0,nan,,ok
415.157573,2018208.0,,inst_retired.any:u,inst_retired.any,9121234.0,100.0,nan,,ok
415.157573,2526451.0,,cpu_clk_unhalted.thread:u,cpu_clk_unhalted.thread,9113294.0,100.0,nan,,ok
415.157573,445808.0,,br_inst_retired.all_branches:u,br_inst_retired.all_branches,9107997.0,100.0,nan,,ok
415.157573,21756.0,,br_misp_retired.all_branches:u,br_misp_retired.all_branches,7113189.0,78.0,nan,,ok
415.157573,552982.0,,mem_uops_retired.all_loads:u,mem_uops_retired.all_loads,7693423.0,84.0,nan,,ok
415.157573,174501.0,,mem_uops_retired.all_stores:u,mem_uops_retired.all_stores,7387459.0,81.0,nan,,ok
415.157573,23443.0,,longest_lat_cache.reference:u,longest_lat_cache.reference,7089883.0,78.0,nan,,ok
415.157573,1171.0,,longest_lat_cache.miss:u,longest_lat_cache.miss,7312248.0,87.0,nan,,ok
415.157573,9273.0,,offcore_requests.demand_data_rd:u,offcore_requests.demand_data_rd,8862647.0,100.0,nan,,ok
415.157573,98474.0,,resource_stalls.any:u,resource_stalls.any,9073137.0,100.0,nan,,ok
425.555112,2169010.0,,inst_retired.any:u,inst_retired.any,9400613.0,100.0,nan,,ok
425.555112,2709663.0,,cpu_clk_unhalted.thread:u,cpu_clk_unhalted.thread,9408283.0,100.0,nan,,ok
425.555112,479140.0,,br_inst_retired.all_branches:u,br_inst_retired.all_branches,9413466.0,100.0,nan,,ok
425.555112,27875.0,,br_misp_retired.all_branches:u,br_misp_retired.all_branches,9418649.0,100.0,nan,,ok
425.555112,539935.0,,mem_uops_retired.all_loads:u,mem_uops_retired.all_loads,9423846.0,100.0,nan,,ok
425.555112,188372.0,,mem_uops_retired.all_stores:u,mem_uops_retired.all_stores,7478332.0,79.0,nan,,ok
425.555112,29281.0,,longest_lat_cache.reference:u,longest_lat_cache.reference,7815682.0,82.0,nan,,ok
425.555112,1096.0,,longest_lat_cache.miss:u,longest_lat_cache.miss,6894015.0,73.0,nan,,ok
425.555112,10092.0,,offcore_requests.demand_data_rd:u,offcore_requests.demand_data_rd,6875605.0,72.0,nan,,ok
425.555112,93529.0,,resource_stalls.any:u,resource_stalls.any,8686406.0,100.0,nan,,ok
435.977993,2036320.0,,inst_retired.any:u,inst_retired.any,7680432.0,79.0,nan,,ok
435.977993,2425089.0,,cpu_clk_unhalted.thread:u,cpu_clk_unhalted.thread,8849083.0,100.0,nan,,ok
435.977993,445422.0,,br_inst_retired.all_branches:u,br_inst_retired.all_branches,9680510.0,100.0,nan,,ok
435.977993,27002.0,,br_misp_retired.all_branches:u,br_misp_retired.all_branches,9680657.0,100.0,nan,,ok
435.977993,527517.0,,mem_uops_retired.all_loads:u,mem_uops_retired.all_loads,9681624.0,100.0,nan,,ok
435.977993,214987.0,,mem_uops_retired.all_stores:u,mem_uops_retired.all_stores,9682914.0,100.0,nan,,ok
435.977993,25987.0,,longest_lat_cache.reference:u,longest_lat_cache.reference,9720187.0,100.0,nan,,ok
435.977993,438.0,,longest_lat_cache.miss:u,longest_lat_cache.miss,8092149.0,83.0,nan,,ok
435.977993,10290.0,,offcore_requests.demand_data_rd:u,offcore_requests.demand_data_rd,7792207.0,80.0,nan,,ok
435.977993,112056.0,,resource_stalls.any:u,resource_stalls.any,4385135.0,45.0,nan,,ok
446.442022,1740193.0,,inst_retired.any:u,inst_retired.any,7235587.0,75.0,nan,,ok
446.442022,2850160.0,,cpu_clk_unhalted.thread:u,cpu_clk_unhalted.thread,7394219.0,76.0,nan,,ok
446.442022,417421.0,,br_inst_retired.all_branches:u,br_inst_retired.all_branches,7650858.0,79.0,nan,,ok
446.442022,25457.0,,br_misp_retired.all_branches:u,br_misp_retired.all_branches,8679161.0,100.0,nan,,ok
446.442022,494781.0,,mem_uops_retired.all_loads:u,mem_uops_retired.all_loads,9650057.0,100.0,nan,,ok
446.442022,194437.0,,mem_uops_retired.all_stores:u,mem_uops_retired.all_stores,9649947.0,100.0,nan,,ok
446.442022,26011.0,,longest_lat_cache.reference:u,longest_lat_cache.reference,9615868.0,100.0,nan,,ok
446.442022,990.0,,longest_lat_cache.miss:u,longest_lat_cache.miss,9618318.0,100.0,nan,,ok
446.442022,10019.0,,offcore_requests.demand_data_rd:u,offcore_requests.demand_data_rd,9613151.0,100.0,nan,,ok
446.442022,63894.0,,resource_stalls.any:u,resource_stalls.any,5223723.0,54.0,nan,,ok
456.88011,1870683.0,,inst_retired.any:u,inst_retired.any,8735092.0,99.0,nan,,ok
456.88011,2180431.0,,cpu_clk_unhalted.thread:u,cpu_clk_unhalted.thread,7081326.0,80.0,nan,,ok
456.88011,320382.0,,br_inst_retired.all_branches:u,br_inst_retired.all_branches,5834931.0,66.0,nan,,ok
456.88011,27114.0,,br_misp_retired.all_branches:u,br_misp_retired.all_branches,6610814.0,74.0,nan,,ok
456.88011,476662.0,,mem_uops_retired.all_loads:u,mem_uops_retired.all_loads,7821411.0,88.0,nan,,ok
456.88011,183740.0,,mem_uops_retired.all_stores:u,mem_uops_retired.all_stores,7999666.0,100.0,nan,,ok
456.88011,21899.0,,longest_lat_cache.reference:u,longest_lat_cache.reference,8818052.0,100.0,nan,,ok
456.88011,910.0,,longest_lat_cache.miss:u,longest_lat_cache.miss,8816462.0,100.0,nan,,ok
456.88011,8467.0,,offcore_requests.demand_data_rd:u,offcore_requests.demand_data_rd,8823149.0,100.0,nan,,ok
456.88011,96655.0,,resource_stalls.any:u,resource_stalls.any,8793019.0,99.0,nan,,ok
467.330784,2239104.0,,inst_retired.any:u,inst_retired.any,9182762.0,100.0,nan,,ok
467.330784,2734106.0,,cpu_clk_unhalted.thread:u,cpu_clk_unhalted.thread,9183032.0,100.0,nan,,ok
467.330784,491975.0,,br_inst_retired.all_branches:u,br_inst_retired.all_branches,9183545.0,100.0,nan,,ok
467.330784,26307.0,,br_misp_retired.all_branches:u,br_misp_retired.all_branches,8661345.0,94.0,nan,,ok
467.330784,398185.0,,mem_uops_retired.all_loads:u,mem_uops_retired.all_loads,6150011.0,66.0,nan,,ok
467.330784,271921.0,,mem_uops_retired.all_stores:u,mem_uops_retired.all_stores,6641742.0,76.0,nan,,ok
467.330784,31729.0,,longest_lat_cache.reference:u,longest_lat_cache.reference,8171814.0,88.0,nan,,ok
467.330784,456.0,,longest_lat_cache.miss:u,longest_lat_cache.miss,8183474.0,89.0,nan,,ok
467.330784,11524.0,,offcore_requests.demand_data_rd:u,offcore_requests.demand_data_rd,8184305.0,89.0,nan,,ok
467.330784,92812.0,,resource_stalls.any:u,resource_stalls.any,9094585.0,100.0,nan,,ok
477.769079,2100069.0,,inst_retired.any:u,inst_retired.any,9689344.0,100.0,nan,,ok
477.769079,2611816.0,,cpu_clk_unhalted.thread:u,cpu_clk_unhalted.thread,9689478.0,100.0,nan,,ok
477.769079,460495.0,,br_inst_retired.all_branches:u,br_inst_retired.all_branches,9689102.0,100.0,nan,,ok
477.769079,26161.0,,br_misp_retired.all_branches:u,br_misp_retired.all_branches,9688548.0,100.0,nan,,ok
477.769079,473727.0,,mem_uops_retired.all_loads:u,mem_uops_retired.all_loads,8184353.0,84.0,nan,,ok
477.769079,249211.0,,mem_uops_retired.all_stores:u,mem_uops_retired.all_stores,8214431.0,84.0,nan,,ok
477.769079,27923.0,,longest_lat_cache.reference:u,longest_lat_cache.reference,6728683.0,69.0,nan,,ok
477.769079,877.0,,longest_lat_cache.miss:u,longest_lat_cache.miss,6902246.0,71.0,nan,,ok
477.769079,9492.0,,offcore_requests.demand_data_rd:u,offcore_requests.demand_data_rd,8720468.0,100.0,nan,,ok
477.769079,89577.0,,resource_stalls.any:u,resource_stalls.any,9688674.0,100.0,nan,,ok
488.223084,2018068.0,,inst_retired.any:u,inst_retired.any,8396827.0,89.0,nan,,ok
488.223084,2413508.0,,cpu_clk_unhalted.thread:u,cpu_clk_unhalted.thread,8875967.0,100.0,nan,,ok
488.223084,441076.0,,br_inst_retired.all_branches:u,br_inst_retired.all_branches,9721634.0,100.0,nan,,ok
488.223084,27058.0,,br_misp_retired.all_branches:u,br_misp_retired.all_branches,9722178.0,100.0,nan,,ok
488.223084,530633.0,,mem_uops_retired.all_loads:u,mem_uops_retired.all_loads,9722815.0,100.0,nan,,ok
488.223084,220041.0,,mem_uops_retired.all_stores:u,mem_uops_retired.all_stores,9723798.0,100.0,nan,,ok
488.223084,23478.0,,longest_lat_cache.reference:u,longest_lat_cache.reference,9107295.0,93.0,nan,,ok
488.223084,714.0,,longest_lat_cache.miss:u,longest_lat_cache.miss,8374827.0,86.0,nan,,ok
488.223084,10392.0,,offcore_requests.demand_data_rd:u,offcore_requests.demand_data_rd,5920646.0,60.0,nan,,ok
488.223084,118431.0,,resource_stalls.any:u,resource_stalls.any,6613130.0,70.0,nan,,ok
498.661562,1188859.0,,inst_retired.any:u,inst_retired.any,6901450.0,78.0,nan,,ok
498.661562,2100535.0,,cpu_clk_unhalted.thread:u,cpu_clk_unhalted.thread,6778564.0,77.0,nan,,ok
498.661562,388560.0,,br_inst_retired.all_branches:u,br_inst_retired.all_branches,7180352.0,87.0,nan,,ok
498.661562,23282.0,,br_misp_retired.all_branches:u,br_misp_retired.all_branches,8163575.0,93.0,nan,,ok
498.661562,413072.0,,mem_uops_retired.all_loads:u,mem_uops_retired.all_loads,8113107.0,92.0,nan,,ok
498.661562,163862.0,,mem_uops_retired.all_stores:u,mem_uops_retired.all_stores,8768527.0,100.0,nan,,ok
498.661562,24475.0,,longest_lat_cache.reference:u,longest_lat_cache.reference,8767003.0,100.0,nan,,ok
498.661562,791.0,,longest_lat_cache.miss:u,longest_lat_cache.miss,8765750.0,100.0,nan,,ok
498.661562,10007.0,,offcore_requests.demand_data_rd:u,offcore_requests.demand_data_rd,8017793.0,91.0,nan,,ok
498.661562,95018.0,,resource_stalls.any:u,resource_stalls.any,5628183.0,64.0,nan,,ok
509.08329299999997,1992269.0,,inst_retired.any:u,inst_retired.any,9416757.0,97.0,nan,,ok
509.08329299999997,1928704.0,,cpu_clk_unhalted.thread:u,cpu_clk_unhalted.thread,6879495.0,70.0,nan,,ok
509.08329299999997,488810.0,,br_inst_retired.all_branches:u,br_inst_retired.all_branches,7699753.0,79.0,nan,,ok
509.08329299999997,28561.0,,br_misp_retired.all_branches:u,br_misp_retired.all_branches,7426646.0,76.0,nan,,ok
509.08329299999997,522285.0,,mem_uops_retired.all_loads:u,mem_uops_retired.all_loads,8282820.0,85.0,nan,,ok
509.08329299999997,196197.0,,mem_uops_retired.all_stores:u,mem_uops_retired.all_stores,8786956.0,100.0,nan,,ok
509.08329299999997,25443.0,,longest_lat_cache.reference:u,longest_lat_cache.reference,9697897.0,100.0,nan,,ok
509.08329299999997,1123.0,,longest_lat_cache.miss:u,longest_lat_cache.miss,9696897.0,100.0,nan,,ok
509.08329299999997,9253.0,,offcore_requests.demand_data_rd:u,offcore_requests.demand_data_rd,9698577.0,100.0,nan,,ok
509.08329299999997,88567.0,,resource_stalls.any:u,resource_stalls.any,9415457.0,97.0,nan,,ok
519.508867,2033535.0,,inst_retired.any:u,inst_retired.any,10031994.0,100.0,nan,,ok
519.508867,2672956.0,,cpu_clk_unhalted.thread:u,cpu_clk_unhalted.thread,10000711.0,99.0,nan,,ok
519.508867,381098.0,,br_inst_retired.all_branches:u,br_inst_retired.all_branches,8047461.0,80.0,nan,,ok
519.508867,27541.0,,br_misp_retired.all_branches:u,br_misp_retired.all_branches,8662773.0,86.0,nan,,ok
519.508867,504788.0,,mem_uops_retired.all_loads:u,mem_uops_retired.all_loads,7431541.0,74.0,nan,,ok
519.508867,209674.0,,mem_uops_retired.all_stores:u,mem_uops_retired.all_stores,7108346.0,78.0,nan,,ok
519.508867,27905.0,,longest_lat_cache.reference:u,longest_lat_cache.reference,8898090.0,94.0,nan,,ok
519.508867,1051.0,,longest_lat_cache.miss:u,longest_lat_cache.miss,10030505.0,100.0,nan,,ok
519.508867,10958.0,,offcore_requests.demand_data_rd:u,offcore_requests.demand_data_rd,10027978.0,100.0,nan,,ok
519.508867,110301.0,,resource_stalls.any:u,resource_stalls.any,10027595.0,100.0,nan,,ok
529.911777,2125919.0,,inst_retired.any:u,inst_retired.any,8682022.0,100.0,nan,,ok
529.911777,2532412.0,,cpu_clk_unhalted.thread:u,cpu_clk_unhalted.thread,8683752.0,100.0,nan,,ok
529.911777,466629.0,,br_inst_retired.all_branches:u,br_inst_retired.all_branches,8684792.0,100.0,nan,,ok
529.911777,27289.0,,br_misp_retired.all_branches:u,br_misp_retired.all_branches,8686018.0,100.0,nan,,ok
529.911777,474639.0,,mem_uops_retired.all_loads:u,mem_uops_retired.all_loads,7101192.0,81.0,nan,,ok
529.911777,259478.0,,mem_uops_retired.all_stores:u,mem_uops_retired.all_stores,7250692.0,83.0,nan,,ok
529.911777,26214.0,,longest_lat_cache.reference:u,longest_lat_cache.reference,7374714.0,84.0,nan,,ok
529.911777,1149.0,,longest_lat_cache.miss:u,longest_lat_cache.miss,6205075.0,71.0,nan,,ok
529.911777,9764.0,,offcore_requests.demand_data_rd:u,offcore_requests.demand_data_rd,6953730.0,86.0,nan,,ok
529.911777,96136.0,,resource_stalls.any:u,resource_stalls.any,8553635.0,100.0,nan,,ok
540.365335,1926205.0,,inst_retired.any:u,inst_retired.any,7379242.0,76.0,nan,,ok
540.365335,2342132.0,,cpu_clk_unhalted.thread:u,cpu_clk_unhalted.thread,7666396.0,79.0,nan,,ok
540.365335,394427.0,,br_inst_retired.all_branches:u,br_inst_retired.all_branches,8941402.0,100.0,nan,,ok
540.365335,22490.0,,br_misp_retired.all_branches:u,br_misp_retired.all_branches,9661867.0,100.0,nan,,ok
540.365335,483582.0,,mem_uops_retired.all_loads:u,mem_uops_retired.all_loads,9660857.0,100.0,nan,,ok
540.365335,188638.0,,mem_uops_retired.all_stores:u,mem_uops_retired.all_stores,9659610.0,100.0,nan,,ok
540.365335,24809.0,,longest_lat_cache.reference:u,longest_lat_cache.reference,9659250.0,100.0,nan,,ok
540.365335,388.0,,longest_lat_cache.miss:u,longest_lat_cache.miss,9138869.0,94.0,nan,,ok
540.365335,10727.0,,offcore_requests.demand_data_rd:u,offcore_requests.demand_data_rd,7525467.0,77.0,nan,,ok
540.365335,39717.0,,resource_stalls.any:u,resource_stalls.any,5365148.0,55.0,nan,,ok
550.784003,1734521.0,,inst_retired.any:u,inst_retired.any,6642146.0,73.0,nan,,ok
550.784003,2888430.0,,cpu_clk_unhalted.thread:u,cpu_clk_unhalted.thread,6885086.0,75.0,nan,,ok
550.784003,456392.0,,br_inst_retired.all_branches:u,br_inst_retired.all_branches,7735479.0,94.0,nan,,ok
550.784003,26159.0,,br_misp_retired.all_branches:u,br_misp_retired.all_branches,9072569.0,100.0,nan,,ok
550.784003,540410.0,,mem_uops_retired.all_loads:u,mem_uops_retired.all_loads,9072912.0,100.0,nan,,ok
550.784003,225531.0,,mem_uops_retired.all_stores:u,mem_uops_retired.all_stores,9073703.0,100.0,nan,,ok
550.784003,24906.0,,longest_lat_cache.reference:u,longest_lat_cache.reference,9073556.0,100.0,nan,,ok
550.784003,1078.0,,longest_lat_cache.miss:u,longest_lat_cache.miss,9074286.0,100.0,nan,,ok
550.784003,8441.0,,offcore_requests.demand_data_rd:u,offcore_requests.demand_data_rd,7289239.0,80.0,nan,,ok
550.784003,95851.0,,resource_stalls.any:u,resource_stalls.any,5342415.0,58.0,nan,,ok
561.228481,2082097.0,,inst_retired.any:u,inst_retired.any,9141669.0,100.0,nan,,ok
561.228481,2639332.0,,cpu_clk_unhalted.thread:u,cpu_clk_unhalted.thread,8982286.0,98.0,nan,,ok
561.228481,317578.0,,br_inst_retired.all_branches:u,br_inst_retired.all_branches,7106820.0,77.0,nan,,ok
561.228481,26796.0,,br_misp_retired.all_branches:u,br_misp_retired.all_branches,6092050.0,66.0,nan,,ok
561.228481,586599.0,,mem_uops_retired.all_loads:u,mem_uops_retired.all_loads,6551552.0,77.0,nan,,ok
561.228481,240696.0,,mem_uops_retired.all_stores:u,mem_uops_retired.all_stores,8146582.0,89.0,nan,,ok
561.228481,27547.0,,longest_lat_cache.reference:u,longest_lat_cache.reference,8830242.0,100.0,nan,,ok
561.228481,1007.0,,longest_lat_cache.miss:u,longest_lat_cache.miss,9144286.0,100.0,nan,,ok
561.228481,10613.0,,offcore_requests.demand_data_rd:u,offcore_requests.demand_data_rd,9144442.0,100.0,nan,,ok
561.228481,92735.0,,resource_stalls.any:u,resource_stalls.any,9145033.0,100.0,nan,,ok
571.651835,2198434.0,,inst_retired.any:u,inst_retired.any,9632057.0,100.0,nan,,ok
571.651835,2641104.0,,cpu_clk_unhalted.thread:u,cpu_clk_unhalted.thread,9633517.0,100.0,nan,,ok
571.651835,486409.0,,br_inst_retired.all_branches:u,br_inst_retired.all_branches,9634674.0,100.0,nan,,ok
571.651835,23840.0,,br_misp_retired.all_branches:u,br_misp_retired.all_branches,8102043.0,84.0,nan,,ok
571.651835,600871.0,,mem_uops_retired.all_loads:u,mem_uops_retired.all_loads,7389056.0,76.0,nan,,ok
571.651835,206590.0,,mem_uops_retired.all_stores:u,mem_uops_retired.all_stores,7699761.0,79.0,nan,,ok
571.651835,25279.0,,longest_lat_cache.reference:u,longest_lat_cache.reference,7663199.0,79.0,nan,,ok
571.651835,957.0,,longest_lat_cache.miss:u,longest_lat_cache.miss,7855966.0,88.0,nan,,ok
571.651835,10617.0,,offcore_requests.demand_data_rd:u,offcore_requests.demand_data_rd,9475501.0,100.0,nan,,ok
571.651835,111479.0,,resource_stalls.any:u,resource_stalls.any,9642393.0,100.0,nan,,ok
582.066392,1681085.0,,inst_retired.any:u,inst_retired.any,9659984.0,100.0,nan,,ok
582.066392,2323795.0,,cpu_clk_unhalted.thread:u,cpu_clk_unhalted.thread,9657781.0,100.0,nan,,ok
582.066392,368111.0,,br_inst_retired.all_branches:u,br_inst_retired.all_branches,9656244.0,100.0,nan,,ok
582.066392,22610.0,,br_misp_retired.all_branches:u,br_misp_retired.all_branches,9654471.0,100.0,nan,,ok
582.066392,453847.0,,mem_uops_retired.all_loads:u,mem_uops_retired.all_loads,9653168.0,100.0,nan,,ok
582.066392,134101.0,,mem_uops_retired.all_stores:u,mem_uops_retired.all_stores,7631560.0,79.0,nan,,ok
582.066392,27033.0,,longest_lat_cache.reference:u,longest_lat_cache.reference,7163330.0,74.0,nan,,ok
582.066392,676.0,,longest_lat_cache.miss:u,longest_lat_cache.miss,7275286.0,75.0,nan,,ok
582.066392,9577.0,,offcore_requests.demand_data_rd:u,offcore_requests.demand_data_rd,7648056.0,79.0,nan,,ok
582.066392,85763.0,,resource_stalls.any:u,resource_stalls.any,8859314.0,100.0,nan,,ok
592.478794,2462126.0,,inst_retired.any:u,inst_retired.any,7220781.0,81.0,nan,,ok
592.478794,2863537.0,,cpu_clk_unhalted.thread:u,cpu_clk_unhalted.thread,7626521.0,88.0,nan,,ok
592.478794,504249.0,,br_inst_retired.all_branches:u,br_inst_retired.all_branches,8433374.0,94.0,nan,,ok
592.478794,28741.0,,br_misp_retired.all_branches:u,br_misp_retired.all_branches,8893699.0,100.0,nan,,ok
592.478794,577171.0,,mem_uops_retired.all_loads:u,mem_uops_retired.all_loads,8893214.0,100.0,nan,,ok
592.478794,235997.0,,mem_uops_retired.all_stores:u,mem_uops_retired.all_stores,8896328.0,100.0,nan,,ok
592.478794,28503.0,,longest_lat_cache.reference:u,longest_lat_cache.reference,8895355.0,100.0,nan,,ok
592.478794,672.0,,longest_lat_cache.miss:u,longest_lat_cache.miss,7633715.0,85.0,nan,,ok
592.478794,10737.0,,offcore_requests.demand_data_rd:u,offcore_requests.demand_data_rd,7289963.0,81.0,nan,,ok
592.478794,191826.0,,resource_stalls.any:u,resource_stalls.any,4621558.0,51.0,nan,,ok
602.859319,3472777.0,,inst_retired.any:u,inst_retired.any,6424805.0,66.0,nan,,ok
602.859319,4921423.0,,cpu_clk_unhalted.thread:u,cpu_clk_unhalted.thread,7809734.0,83.0,nan,,ok
602.859319,856162.0,,br_inst_retired.all_branches:u,br_inst_retired.all_branches,8111019.0,89.0,nan,,ok
602.859319,48953.0,,br_misp_retired.all_branches:u,br_misp_retired.all_branches,9012498.0,100.0,nan,,ok
602.859319,965949.0,,mem_uops_retired.all_loads:u,mem_uops_retired.all_loads,9746135.0,100.0,nan,,ok
602.859319,402330.0,,mem_uops_retired.all_stores:u,mem_uops_retired.all_stores,9742990.0,100.0,nan,,ok
602.859319,48005.0,,longest_lat_cache.reference:u,longest_lat_cache.reference,9743090.0,100.0,nan,,ok
602.859319,1821.0,,longest_lat_cache.miss:u,longest_lat_cache.miss,9743821.0,100.0,nan,,ok
602.859319,17920.0,,offcore_requests.demand_data_rd:u,offcore_requests.demand_data_rd,9470714.0,97.0,nan,,ok
602.859319,155875.0,,resource_stalls.any:u,resource_stalls.any,4536820.0,46.0,nan,,ok
613.270446,2911261.0,,inst_retired.any:u,inst_retired.any,8562201.0,95.0,nan,,ok
613.270446,2548559.0,,cpu_clk_unhalted.thread:u,cpu_clk_unhalted.thread,6060987.0,67.0,nan,,ok
613.270446,736362.0,,br_inst_retired.all_branches:u,br_inst_retired.all_branches,6374973.0,71.0,nan,,ok
613.270446,33957.0,,br_misp_retired.all_branches:u,br_misp_retired.all_branches,6755937.0,79.0,nan,,ok
613.270446,712950.0,,mem_uops_retired.all_loads:u,mem_uops_retired.all_loads,7924042.0,96.0,nan,,ok
613.270446,285923.0,,mem_uops_retired.all_stores:u,mem_uops_retired.all_stores,8931207.0,100.0,nan,,ok
613.270446,34536.0,,longest_lat_cache.reference:u,longest_lat_cache.reference,8931915.0,100.0,nan,,ok
613.270446,1364.0,,longest_lat_cache.miss:u,longest_lat_cache.miss,8931330.0,100.0,nan,,ok
613.270446,13184.0,,offcore_requests.demand_data_rd:u,offcore_requests.demand_data_rd,8931558.0,100.0,nan,,ok
613.270446,217558.0,,resource_stalls.any:u,resource_stalls.any,8612061.0,96.0,nan,,ok
623.653015,3106793.0,,inst_retired.any:u,inst_retired.any,8758467.0,100.0,nan,,ok
623.653015,3773245.0,,cpu_clk_unhalted.thread:u,cpu_clk_unhalted.thread,8506508.0,97.0,nan,,ok
623.653015,631828.0,,br_inst_retired.all_branches:u,br_inst_retired.all_branches,8339962.0,95.0,nan,,ok
623.653015,28928.0,,br_misp_retired.all_branches:u,br_misp_retired.all_branches,6247890.0,71.0,nan,,ok
623.653015,820542.0,,mem_uops_retired.all_loads:u,mem_uops_retired.all_loads,6146575.0,70.0,nan,,ok
623.653015,348654.0,,mem_uops_retired.all_stores:u,mem_uops_retired.all_stores,7218910.0,91.0,nan,,ok
623.653015,42174.0,,longest_lat_cache.reference:u,longest_lat_cache.reference,7749162.0,88.0,nan,,ok
623.653015,1406.0,,longest_lat_cache.miss:u,longest_lat_cache.miss,8309150.0,100.0,nan,,ok
623.653015,15841.0,,offcore_requests.demand_data_rd:u,offcore_requests.demand_data_rd,8746933.0,100.0,nan,,ok
623.653015,203712.0,,resource_stalls.any:u,resource_stalls.any,8746958.0,100.0,nan,,ok
634.0228890000001,3799501.0,,inst_retired.any:u,inst_retired.any,9877733.0,100.0,nan,,ok
634.0228890000001,4895005.0,,cpu_clk_unhalted.thread:u,cpu_clk_unhalted.thread,9878558.0,100.0,nan,,ok
634.0228890000001,839521.0,,br_inst_retired.all_branches:u,br_inst_retired.all_branches,9878948.0,100.0,nan,,ok
634.0228890000001,41909.0,,br_misp_retired.all_branches:u,br_misp_retired.all_branches,8020307.0,87.0,nan,,ok
634.0228890000001,1001121.0,,mem_uops_retired.all_loads:u,mem_uops_retired.all_loads,9514215.0,96.0,nan,,ok
634.0228890000001,335800.0,,mem_uops_retired.all_stores:u,mem_uops_retired.all_stores,7859945.0,79.0,nan,,ok
634.0228890000001,50249.0,,longest_lat_cache.reference:u,longest_lat_cache.reference,6087087.0,61.0,nan,,ok
634.0228890000001,2114.0,,longest_lat_cache.miss:u,longest_lat_cache.miss,8057372.0,87.0,nan,,ok
634.0228890000001,17714.0,,offcore_requests.demand_data_rd:u,offcore_requests.demand_data_rd,9850139.0,100.0,nan,,ok
634.0228890000001,258576.0,,resource_stalls.any:u,resource_stalls.any,9881047.0,100.0,nan,,ok
644.4225409999999,3137906.0,,inst_retired.any:u,inst_retired.any,8332366.0,100.0,nan,,ok
644.4225409999999,4436510.0,,cpu_clk_unhalted.thread:u,cpu_clk_unhalted.thread,8895667.0,100.0,nan,,ok
644.4225409999999,750847.0,,br_inst_retired.all_branches:u,br_inst_retired.all_branches,8895449.0,100.0,nan,,ok
644.4225409999999,44672.0,,br_misp_retired.all_branches:u,br_misp_retired.all_branches,8895601.0,100.0,nan,,ok
644.4225409999999,875104.0,,mem_uops_retired.all_loads:u,mem_uops_retired.all_loads,8895875.0,100.0,nan,,ok
644.4225409999999,380521.0,,mem_uops_retired.all_stores:u,mem_uops_retired.all_stores,8896032.0,100.0,nan,,ok
644.4225409999999,42174.0,,longest_lat_cache.reference:u,longest_lat_cache.reference,8895921.0,100.0,nan,,ok
644.4225409999999,1303.0,,longest_lat_cache.miss:u,longest_lat_cache.miss,6531152.0,73.0,nan,,ok
644.4225409999999,15494.0,,offcore_requests.demand_data_rd:u,offcore_requests.demand_data_rd,5023235.0,59.0,nan,,ok
644.4225409999999,223744.0,,resource_stalls.any:u,resource_stalls.any,6230944.0,82.0,nan,,ok
654.793047,3261293.0,,inst_retired.any:u,inst_retired.any,7010642.0,73.0,nan,,ok
654.793047,3813608.0,,cpu_clk_unhalted.thread:u,cpu_clk_unhalted.thread,7412549.0,81.0,nan,,ok
654.793047,638258.0,,br_inst_retired.all_branches:u,br_inst_retired.all_branches,7877067.0,88.0,nan,,ok
654.793047,34742.0,,br_misp_retired.all_branches:u,br_misp_retired.all_branches,8842467.0,100.0,nan,,ok
654.793047,755249.0,,mem_uops_retired.all_loads:u,mem_uops_retired.all_loads,9529999.0,100.0,nan,,ok
654.793047,295915.0,,mem_uops_retired.all_stores:u,mem_uops_retired.all_stores,9530262.0,100.0,nan,,ok
654.793047,35791.0,,longest_lat_cache.reference:u,longest_lat_cache.reference,9529707.0,100.0,nan,,ok
654.793047,1255.0,,longest_lat_cache.miss:u,longest_lat_cache.miss,9529558.0,100.0,nan,,ok
654.793047,13877.0,,offcore_requests.demand_data_rd:u,offcore_requests.demand_data_rd,9230753.0,96.0,nan,,ok
654.793047,77370.0,,resource_stalls.any:u,resource_stalls.any,4758869.0,49.0,nan,,ok
665.1598789999999,3036446.0,,inst_retired.any:u,inst_retired.any,7539893.0,80.0,nan,,ok
665.1598789999999,4358533.0,,cpu_clk_unhalted.thread:u,cpu_clk_unhalted.thread,6250309.0,66.0,nan,,ok
665.1598789999999,830344.0,,br_inst_retired.all_branches:u,br_inst_retired.all_branches,7421919.0,83.0,nan,,ok
665.1598789999999,45325.0,,br_misp_retired.all_branches:u,br_misp_retired.all_branches,7814886.0,88.0,nan,,ok
665.1598789999999,899485.0,,mem_uops_retired.all_loads:u,mem_uops_retired.all_loads,8567170.0,100.0,nan,,ok
665.1598789999999,401229.0,,mem_uops_retired.all_stores:u,mem_uops_retired.all_stores,9342310.0,100.0,nan,,ok
665.1598789999999,44251.0,,longest_lat_cache.reference:u,longest_lat_cache.reference,9342839.0,100.0,nan,,ok
665.1598789999999,1777.0,,longest_lat_cache.miss:u,longest_lat_cache.miss,9343146.0,100.0,nan,,ok
665.1598789999999,16992.0,,offcore_requests.demand_data_rd:u,offcore_requests.demand_data_rd,9344040.0,100.0,nan,,ok
665.1598789999999,223283.0,,resource_stalls.any:u,resource_stalls.any,7349998.0,78.0,nan,,ok
675.5611540000001,5220662.0,,inst_retired.any:u,inst_retired.any,9269835.0,100.0,nan,,ok
675.5611540000001,4623020.0,,cpu_clk_unhalted.thread:u,cpu_clk_unhalted.thread,6622785.0,71.0,nan,,ok
675.5611540000001,1559303.0,,br_inst_retired.all_branches:u,br_inst_retired.all_branches,5190624.0,56.0,nan,,ok
675.5611540000001,57533.0,,br_misp_retired.all_branches:u,br_misp_retired.all_branches,7133710.0,89.0,nan,,ok
675.5611540000001,1270359.0,,mem_uops_retired.all_loads:u,mem_uops_retired.all_loads,8846842.0,100.0,nan,,ok
675.5611540000001,558930.0,,mem_uops_retired.all_stores:u,mem_uops_retired.all_stores,9265569.0,100.0,nan,,ok
675.5611540000001,59642.0,,longest_lat_cache.reference:u,longest_lat_cache.reference,9265609.0,100.0,nan,,ok
675.5611540000001,1259.0,,longest_lat_cache.miss:u,longest_lat_cache.miss,9265599.0,100.0,nan,,ok
675.5611540000001,22896.0,,offcore_requests.demand_data_rd:u,offcore_requests.demand_data_rd,9265120.0,100.0,nan,,ok
675.5611540000001,322780.0,,resource_stalls.any:u,resource_stalls.any,9265401.0,100.0,nan,,ok
685.923596,2755002.0,,inst_retired.any:u,inst_retired.any,8905563.0,100.0,nan,,ok
685.923596,3508871.0,,cpu_clk_unhalted.thread:u,cpu_clk_unhalted.thread,8721678.0,97.0,nan,,ok
685.923596,594875.0,,br_inst_retired.all_branches:u,br_inst_retired.all_branches,8077108.0,90.0,nan,,ok
685.923596,30308.0,,br_misp_retired.all_branches:u,br_misp_retired.all_branches,6549427.0,73.0,nan,,ok
685.923596,761955.0,,mem_uops_retired.all_loads:u,mem_uops_retired.all_loads,6087913.0,68.0,nan,,ok
685.923596,273666.0,,mem_uops_retired.all_stores:u,mem_uops_retired.all_stores,7101388.0,91.0,nan,,ok
685.923596,35877.0,,longest_lat_cache.reference:u,longest_lat_cache.reference,7981094.0,89.0,nan,,ok
685.923596,1256.0,,longest_lat_cache.miss:u,longest_lat_cache.miss,8905981.0,100.0,nan,,ok
685.923596,14479.0,,offcore_requests.demand_data_rd:u,offcore_requests.demand_data_rd,8906272.0,100.0,nan,,ok
685.923596,189690.0,,resource_stalls.any:u,resource_stalls.any,8905812.0,100.0,nan,,ok
696.296839,3487017.0,,inst_retired.any:u,inst_retired.any,9751449.0,100.0,nan,,ok
696.296839,4444370.0,,cpu_clk_unhalted.thread:u,cpu_clk_unhalted.thread,9751087.0,100.0,nan,,ok
696.296839,768349.0,,br_inst_retired.all_branches:u,br_inst_retired.all_branches,9751073.0,100.0,nan,,ok
696.296839,44142.0,,br_misp_retired.all_branches:u,br_misp_retired.all_branches,9575239.0,98.0,nan,,ok
696.296839,769952.0,,mem_uops_retired.all_loads:u,mem_uops_retired.all_loads,7991709.0,81.0,nan,,ok
696.296839,349114.0,,mem_uops_retired.all_stores:u,mem_uops_retired.all_stores,6878687.0,70.0,nan,,ok
696.296839,43362.0,,longest_lat_cache.reference:u,longest_lat_cache.reference,7624097.0,82.0,nan,,ok
696.296839,1795.0,,longest_lat_cache.miss:u,longest_lat_cache.miss,7658082.0,85.0,nan,,ok
696.296839,16182.0,,offcore_requests.demand_data_rd:u,offcore_requests.demand_data_rd,9020287.0,100.0,nan,,ok
696.296839,225587.0,,resource_stalls.any:u,resource_stalls.any,9750976.0,100.0,nan,,ok
706.672207,3326639.0,,inst_retired.any:u,inst_retired.any,9015345.0,100.0,nan,,ok
706.672207,4164155.0,,cpu_clk_unhalted.thread:u,cpu_clk_unhalted.thread,9015439.0,100.0,nan,,ok
706.672207,737368.0,,br_inst_retired.all_branches:u,br_inst_retired.all_branches,9014948.0,100.0,nan,,ok
706.672207,39905.0,,br_misp_retired.all_branches:u,br_misp_retired.all_branches,9015159.0,100.0,nan,,ok
706.672207,844820.0,,mem_uops_retired.all_loads:u,mem_uops_retired.all_loads,9015864.0,100.0,nan,,ok
706.672207,306561.0,,mem_uops_retired.all_stores:u,mem_uops_retired.all_stores,7640476.0,84.0,nan,,ok
706.672207,43733.0,,longest_lat_cache.reference:u,longest_lat_cache.reference,7283103.0,80.0,nan,,ok
706.672207,1082.0,,longest_lat_cache.miss:u,longest_lat_cache.miss,5887950.0,75.0,nan,,ok
706.672207,14528.0,,offcore_requests.demand_data_rd:u,offcore_requests.demand_data_rd,6708219.0,74.0,nan,,ok
706.672207,192298.0,,resource_stalls.any:u,resource_stalls.any,8545982.0,100.0,nan,,ok
717.054296,3292730.0,,inst_retired.any:u,inst_retired.any,8056972.0,89.0,nan,,ok
717.054296,4236139.0,,cpu_clk_unhalted.thread:u,cpu_clk_unhalted.thread,8728935.0,100.0,nan,,ok
717.054296,749139.0,,br_inst_retired.all_branches:u,br_inst_retired.all_branches,9566301.0,100.0,nan,,ok
717.054296,42727.0,,br_misp_retired.all_branches:u,br_misp_retired.all_branches,9561729.0,100.0,nan,,ok
717.054296,883748.0,,mem_uops_retired.all_loads:u,mem_uops_retired.all_loads,9556929.0,100.0,nan,,ok
717.054296,372857.0,,mem_uops_retired.all_stores:u,mem_uops_retired.all_stores,9552152.0,100.0,nan,,ok
717.054296,42187.0,,longest_lat_cache.reference:u,longest_lat_cache.reference,9547189.0,100.0,nan,,ok
717.054296,1377.0,,longest_lat_cache.miss:u,longest_lat_cache.miss,8839656.0,92.0,nan,,ok
717.054296,15390.0,,offcore_requests.demand_data_rd:u,offcore_requests.demand_data_rd,5741013.0,60.0,nan,,ok
717.054296,323525.0,,resource_stalls.any:u,resource_stalls.any,5338547.0,61.0,nan,,ok
727.391177,2785087.0,,inst_retired.any:u,inst_retired.any,6465675.0,86.0,nan,,ok
727.391177,3877049.0,,cpu_clk_unhalted.thread:u,cpu_clk_unhalted.thread,8979658.0,100.0,nan,,ok
727.391177,663811.0,,br_inst_retired.all_branches:u,br_inst_retired.all_branches,9033729.0,100.0,nan,,ok
727.391177,38868.0,,br_misp_retired.all_branches:u,br_misp_retired.all_branches,9037980.0,100.0,nan,,ok
727.391177,785854.0,,mem_uops_retired.all_loads:u,mem_uops_retired.all_loads,9042160.0,100.0,nan,,ok
727.391177,343455.0,,mem_uops_retired.all_stores:u,mem_uops_retired.all_stores,9046360.0,100.0,nan,,ok
727.391177,37819.0,,longest_lat_cache.reference:u,longest_lat_cache.reference,9050232.0,100.0,nan,,ok
727.391177,1403.0,,longest_lat_cache.miss:u,longest_lat_cache.miss,9054372.0,100.0,nan,,ok
727.391177,14810.0,,offcore_requests.demand_data_rd:u,offcore_requests.demand_data_rd,6867292.0,75.0,nan,,ok
727.391177,200986.0,,resource_stalls.any:u,resource_stalls.any,2240963.0,29.0,nan,,ok
737.757977,4637305.0,,inst_retired.any:u,inst_retired.any,6927561.0,71.0,nan,,ok
737.757977,4059638.0,,cpu_clk_unhalted.thread:u,cpu_clk_unhalted.thread,6242596.0,74.0,nan,,ok
737.757977,877075.0,,br_inst_retired.all_branches:u,br_inst_retired.all_branches,8836260.0,90.0,nan,,ok
737.757977,42186.0,,br_misp_retired.all_branches:u,br_misp_retired.all_branches,9130687.0,100.0,nan,,ok
737.757977,971613.0,,mem_uops_retired.all_loads:u,mem_uops_retired.all_loads,9743810.0,100.0,nan,,ok
737.757977,402550.0,,mem_uops_retired.all_stores:u,mem_uops_retired.all_stores,9743527.0,100.0,nan,,ok
737.757977,45623.0,,longest_lat_cache.reference:u,longest_lat_cache.reference,9743841.0,100.0,nan,,ok
737.757977,1842.0,,longest_lat_cache.miss:u,longest_lat_cache.miss,9743912.0,100.0,nan,,ok
737.757977,17609.0,,offcore_requests.demand_data_rd:u,offcore_requests.demand_data_rd,9744132.0,100.0,nan,,ok
737.757977,244625.0,,resource_stalls.any:u,resource_stalls.any,5053282.0,51.0,nan,,ok
748.14048,2983061.0,,inst_retired.any:u,inst_retired.any,9488005.0,100.0,nan,,ok
748.14048,3674794.0,,cpu_clk_unhalted.thread:u,cpu_clk_unhalted.thread,9224999.0,97.0,nan,,ok
748.14048,733759.0,,br_inst_retired.all_branches:u,br_inst_retired.all_branches,7631717.0,80.0,nan,,ok
748.14048,27262.0,,br_misp_retired.all_branches:u,br_misp_retired.all_branches,6259090.0,71.0,nan,,ok
748.14048,847841.0,,mem_uops_retired.all_loads:u,mem_uops_retired.all_loads,6865064.0,72.0,nan,,ok
748.14048,270171.0,,mem_uops_retired.all_stores:u,mem_uops_retired.all_stores,7954828.0,98.0,nan,,ok
748.14048,35875.0,,longest_lat_cache.reference:u,longest_lat_cache.reference,9486736.0,100.0,nan,,ok
748.14048,1189.0,,longest_lat_cache.miss:u,longest_lat_cache.miss,9486657.0,100.0,nan,,ok
748.14048,14486.0,,offcore_requests.demand_data_rd:u,offcore_requests.demand_data_rd,9486219.0,100.0,nan,,ok
748.14048,207893.0,,resource_stalls.any:u,resource_stalls.any,9485877.0,100.0,nan,,ok
758.504722,3587449.0,,inst_retired.any:u,inst_retired.any,8974419.0,100.0,nan,,ok
758.504722,4513395.0,,cpu_clk_unhalted.thread:u,cpu_clk_unhalted.thread,8974934.0,100.0,nan,,ok
758.504722,790388.0,,br_inst_retired.all_branches:u,br_inst_retired.all_branches,8974633.0,100.0,nan,,ok
758.504722,44328.0,,br_misp_retired.all_branches:u,br_misp_retired.all_branches,8973985.0,100.0,nan,,ok
758.504722,914349.0,,mem_uops_retired.all_loads:u,mem_uops_retired.all_loads,8973754.0,100.0,nan,,ok
758.504722,284874.0,,mem_uops_retired.all_stores:u,mem_uops_retired.all_stores,7228074.0,80.0,nan,,ok
758.504722,45175.0,,longest_lat_cache.reference:u,longest_lat_cache.reference,6081818.0,67.0,nan,,ok
758.504722,1974.0,,longest_lat_cache.miss:u,longest_lat_cache.miss,5913558.0,70.0,nan,,ok
758.504722,14464.0,,offcore_requests.demand_data_rd:u,offcore_requests.demand_data_rd,7690124.0,93.0,nan,,ok
758.504722,250599.0,,resource_stalls.any:u,resource_stalls.any,8975773.0,100.0,nan,,ok
768.867871,3692504.0,,inst_retired.any:u,inst_retired.any,8769779.0,100.0,nan,,ok
768.867871,5130897.0,,cpu_clk_unhalted.thread:u,cpu_clk_unhalted.thread,9737344.0,100.0,nan,,ok
768.867871,919038.0,,br_inst_retired.all_branches:u,br_inst_retired.all_branches,9737908.0,100.0,nan,,ok
768.867871,50271.0,,br_misp_retired.all_branches:u,br_misp_retired.all_branches,9738384.0,100.0,nan,,ok
768.867871,1046832.0,,mem_uops_retired.all_loads:u,mem_uops_retired.all_loads,9738685.0,100.0,nan,,ok
768.867871,452056.0,,mem_uops_retired.all_stores:u,mem_uops_retired.all_stores,9739183.0,100.0,nan,,ok
768.867871,45165.0,,longest_lat_cache.reference:u,longest_lat_cache.reference,8372217.0,85.0,nan,,ok
768.867871,2716.0,,longest_lat_cache.miss:u,longest_lat_cache.miss,7858129.0,80.0,nan,,ok
768.867871,17491.0,,offcore_requests.demand_data_rd:u,offcore_requests.demand_data_rd,6367718.0,71.0,nan,,ok
768.867871,186625.0,,resource_stalls.any:u,resource_stalls.any,6617215.0,75.0,nan,,ok
779.263925,6519489.0,,inst_retired.any:u,inst_retired.any,4606948.0,52.0,nan,,ok
779.263925,5834014.0,,cpu_clk_unhalted.thread:u,cpu_clk_unhalted.thread,7043225.0,96.0,nan,,ok
779.263925,1169799.0,,br_inst_retired.all_branches:u,br_inst_retired.all_branches,8819081.0,100.0,nan,,ok
779.263925,59731.0,,br_misp_retired.all_branches:u,br_misp_retired.all_branches,8819234.0,100.0,nan,,ok
779.263925,1358365.0,,mem_uops_retired.all_loads:u,mem_uops_retired.all_loads,8819516.0,100.0,nan,,ok
779.263925,538965.0,,mem_uops_retired.all_stores:u,mem_uops_retired.all_stores,8820030.0,100.0,nan,,ok
779.263925,66923.0,,longest_lat_cache.reference:u,longest_lat_cache.reference,8829115.0,100.0,nan,,ok
779.263925,289.0,,longest_lat_cache.miss:u,longest_lat_cache.miss,8829801.0,100.0,nan,,ok
779.263925,26520.0,,offcore_requests.demand_data_rd:u,offcore_requests.demand_data_rd,8829773.0,100.0,nan,,ok
779.263925,48674.0,,resource_stalls.any:u,resource_stalls.any,1822672.0,20.0,nan,,ok
789.647254,2763847.0,,inst_retired.any:u,inst_retired.any,6261103.0,69.0,nan,,ok
789.647254,4602030.0,,cpu_clk_unhalted.thread:u,cpu_clk_unhalted.thread,6422887.0,71.0,nan,,ok
789.647254,773370.0,,br_inst_retired.all_branches:u,br_inst_retired.all_branches,7054796.0,82.0,nan,,ok
789.647254,39153.0,,br_misp_retired.all_branches:u,br_misp_retired.all_branches,8368707.0,100.0,nan,,ok
789.647254,843073.0,,mem_uops_retired.all_loads:u,mem_uops_retired.all_loads,9033416.0,100.0,nan,,ok
789.647254,361417.0,,mem_uops_retired.all_stores:u,mem_uops_retired.all_stores,9028356.0,100.0,nan,,ok
789.647254,38359.0,,longest_lat_cache.reference:u,longest_lat_cache.reference,9014740.0,100.0,nan,,ok
789.647254,1376.0,,longest_lat_cache.miss:u,longest_lat_cache.miss,9009489.0,100.0,nan,,ok
789.647254,14669.0,,offcore_requests.demand_data_rd:u,offcore_requests.demand_data_rd,9005058.0,100.0,nan,,ok
789.647254,161832.0,,resource_stalls.any:u,resource_stalls.any,5234744.0,58.0,nan,,ok
799.995621,3474621.0,,inst_retired.any:u,inst_retired.any,9361005.0,97.0,nan,,ok
799.995621,3395650.0,,cpu_clk_unhalted.thread:u,cpu_clk_unhalted.thread,6997795.0,72.0,nan,,ok
799.995621,811226.0,,br_inst_retired.all_branches:u,br_inst_retired.all_branches,5925559.0,61.0,nan,,ok
799.995621,37925.0,,br_misp_retired.all_branches:u,br_misp_retired.all_branches,7244404.0,87.0,nan,,ok
799.995621,818767.0,,mem_uops_retired.all_loads:u,mem_uops_retired.all_loads,8908725.0,100.0,nan,,ok
799.995621,348430.0,,mem_uops_retired.all_stores:u,mem_uops_retired.all_stores,9636190.0,100.0,nan,,ok
799.995621,41239.0,,longest_lat_cache.reference:u,longest_lat_cache.reference,9640825.0,100.0,nan,,ok
799.995621,1692.0,,longest_lat_cache.miss:u,longest_lat_cache.miss,9645918.0,100.0,nan,,ok
799.995621,15748.0,,offcore_requests.demand_data_rd:u,offcore_requests.demand_data_rd,9650058.0,100.0,nan,,ok
799.995621,211553.0,,resource_stalls.any:u,resource_stalls.any,9427776.0,97.0,nan,,ok
810.388746,3727105.0,,inst_retired.any:u,inst_retired.any,8981359.0,100.0,nan,,ok
810.388746,4638308.0,,cpu_clk_unhalted.thread:u,cpu_clk_unhalted.thread,8973537.0,100.0,nan,,ok
810.388746,722486.0,,br_inst_retired.all_branches:u,br_inst_retired.all_branches,7562946.0,84.0,nan,,ok
810.388746,52743.0,,br_misp_retired.all_branches:u,br_misp_retired.all_branches,6376054.0,71.0,nan,,ok
810.388746,730093.0,,mem_uops_retired.all_loads:u,mem_uops_retired.all_loads,5511237.0,72.0,nan,,ok
810.388746,425143.0,,mem_uops_retired.all_stores:u,mem_uops_retired.all_stores,8075884.0,90.0,nan,,ok
810.388746,38651.0,,longest_lat_cache.reference:u,longest_lat_cache.reference,8314775.0,100.0,nan,,ok
810.388746,1628.0,,longest_lat_cache.miss:u,longest_lat_cache.miss,8959156.0,100.0,nan,,ok
810.388746,16942.0,,offcore_requests.demand_data_rd:u,offcore_requests.demand_data_rd,8959444.0,100.0,nan,,ok
810.388746,230238.0,,resource_stalls.any:u,resource_stalls.any,8959317.0,100.0,nan,,ok
820.759233,3111683.0,,inst_retired.any:u,inst_retired.any,9542095.0,100.0,nan,,ok
820.759233,3780363.0,,cpu_clk_unhalted.thread:u,cpu_clk_unhalted.thread,9546817.0,100.0,nan,,ok
820.759233,690101.0,,br_inst_retired.all_branches:u,br_inst_retired.all_branches,9552809.0,100.0,nan,,ok
820.759233,36518.0,,br_misp_retired.all_branches:u,br_misp_retired.all_branches,9552363.0,100.0,nan,,ok
820.759233,788366.0,,mem_uops_retired.all_loads:u,mem_uops_retired.all_loads,8941940.0,93.0,nan,,ok
820.759233,296642.0,,mem_uops_retired.all_stores:u,mem_uops_retired.all_stores,6830627.0,71.0,nan,,ok
820.759233,31176.0,,longest_lat_cache.reference:u,longest_lat_cache.reference,7460926.0,85.0,nan,,ok
820.759233,1209.0,,longest_lat_cache.miss:u,longest_lat_cache.miss,7845979.0,88.0,nan,,ok
820.759233,15169.0,,offcore_requests.demand_data_rd:u,offcore_requests.demand_data_rd,7895985.0,82.0,nan,,ok
820.759233,204574.0,,resource_stalls.any:u,resource_stalls.any,8764757.0,91.0,nan,,ok
831.153036,4146466.0,,inst_retired.any:u,inst_retired.any,7605633.0,79.0,nan,,ok
831.153036,5193693.0,,cpu_clk_unhalted.thread:u,cpu_clk_unhalted.thread,8606169.0,89.0,nan,,ok
831.153036,839854.0,,br_inst_retired.all_branches:u,br_inst_retired.all_branches,9582998.0,100.0,nan,,ok
831.153036,47949.0,,br_misp_retired.all_branches:u,br_misp_retired.all_branches,9613387.0,100.0,nan,,ok
831.153036,975009.0,,mem_uops_retired.all_loads:u,mem_uops_retired.all_loads,9608941.0,100.0,nan,,ok
831.153036,415395.0,,mem_uops_retired.all_stores:u,mem_uops_retired.all_stores,9603981.0,100.0,nan,,ok
831.153036,45395.0,,longest_lat_cache.reference:u,longest_lat_cache.reference,9599687.0,100.0,nan,,ok
831.153036,1790.0,,longest_lat_cache.miss:u,longest_lat_cache.miss,8647210.0,90.0,nan,,ok
831.153036,16631.0,,offcore_requests.demand_data_rd:u,offcore_requests.demand_data_rd,8407975.0,87.0,nan,,ok
831.153036,214328.0,,resource_stalls.any:u,resource_stalls.any,3187441.0,39.0,nan,,ok
841.496186,3159602.0,,inst_retired.any:u,inst_retired.any,8899986.0,100.0,nan,,ok
841.496186,3629518.0,,cpu_clk_unhalted.thread:u,cpu_clk_unhalted.thread,8723397.0,97.0,nan,,ok
841.496186,787260.0,,br_inst_retired.all_branches:u,br_inst_retired.all_branches,7841978.0,88.0,nan,,ok
841.496186,36566.0,,br_misp_retired.all_branches:u,br_misp_retired.all_branches,6219833.0,69.0,nan,,ok
841.496186,640992.0,,mem_uops_retired.all_loads:u,mem_uops_retired.all_loads,6787534.0,84.0,nan,,ok
841.496186,307779.0,,mem_uops_retired.all_stores:u,mem_uops_retired.all_stores,7239177.0,87.0,nan,,ok
841.496186,39328.0,,longest_lat_cache.reference:u,longest_lat_cache.reference,7761669.0,86.0,nan,,ok
841.496186,1462.0,,longest_lat_cache.miss:u,longest_lat_cache.miss,8930629.0,100.0,nan,,ok
841.496186,14020.0,,offcore_requests.demand_data_rd:u,offcore_requests.demand_data_rd,8934800.0,100.0,nan,,ok
841.496186,203202.0,,resource_stalls.any:u,resource_stalls.any,8939049.0,100.0,nan,,ok
851.859545,3609784.0,,inst_retired.any:u,inst_retired.any,9803822.0,100.0,nan,,ok
851.859545,4361926.0,,cpu_clk_unhalted.thread:u,cpu_clk_unhalted.thread,9797365.0,100.0,nan,,ok
851.859545,789957.0,,br_inst_retired.all_branches:u,br_inst_retired.all_branches,9793305.0,100.0,nan,,ok
851.859545,41767.0,,br_misp_retired.all_branches:u,br_misp_retired.all_branches,9789202.0,100.0,nan,,ok
851.859545,919856.0,,mem_uops_retired.all_loads:u,mem_uops_retired.all_loads,9784990.0,100.0,nan,,ok
851.859545,394258.0,,mem_uops_retired.all_stores:u,mem_uops_retired.all_stores,9718950.0,99.0,nan,,ok
851.859545,36935.0,,longest_lat_cache.reference:u,longest_lat_cache.reference,6941844.0,70.0,nan,,ok
851.859545,1742.0,,longest_lat_cache.miss:u,longest_lat_cache.miss,6150437.0,69.0,nan,,ok
851.859545,13076.0,,offcore_requests.demand_data_rd:u,offcore_requests.demand_data_rd,7251898.0,87.0,nan,,ok
851.859545,198426.0,,resource_stalls.any:u,resource_stalls.any,9024407.0,92.0,nan,,ok
862.231254,4224579.0,,inst_retired.any:u,inst_retired.any,5998660.0,70.0,nan,,ok
862.231254,4567118.0,,cpu_clk_unhalted.thread:u,cpu_clk_unhalted.thread,7467406.0,86.0,nan,,ok
862.231254,813744.0,,br_inst_retired.all_branches:u,br_inst_retired.all_branches,8478618.0,100.0,nan,,ok
862.231254,44150.0,,br_misp_retired.all_branches:u,br_misp_retired.all_branches,9200055.0,100.0,nan,,ok
862.231254,936194.0,,mem_uops_retired.all_loads:u,mem_uops_retired.all_loads,9204241.0,100.0,nan,,ok
862.231254,377841.0,,mem_uops_retired.all_stores:u,mem_uops_retired.all_stores,9208635.0,100.0,nan,,ok
862.231254,44147.0,,longest_lat_cache.reference:u,longest_lat_cache.reference,9212678.0,100.0,nan,,ok
862.231254,1629.0,,longest_lat_cache.miss:u,longest_lat_cache.miss,9217032.0,100.0,nan,,ok
862.231254,15931.0,,offcore_requests.demand_data_rd:u,offcore_requests.demand_data_rd,8298865.0,89.0,nan,,ok
862.231254,175779.0,,resource_stalls.any:u,resource_stalls.any,3399073.0,39.0,nan,,ok
872.605028,2622807.0,,inst_retired.any:u,inst_retired.any,7768216.0,81.0,nan,,ok
872.605028,3973187.0,,cpu_clk_unhalted.thread:u,cpu_clk_unhalted.thread,6589627.0,69.0,nan,,ok
872.605028,877759.0,,br_inst_retired.all_branches:u,br_inst_retired.all_branches,6392929.0,70.0,nan,,ok
872.605028,38307.0,,br_misp_retired.all_branches:u,br_misp_retired.all_branches,7980465.0,100.0,nan,,ok
872.605028,880091.0,,mem_uops_retired.all_loads:u,mem_uops_retired.all_loads,9487740.0,100.0,nan,,ok
872.605028,379828.0,,mem_uops_retired.all_stores:u,mem_uops_retired.all_stores,9487286.0,100.0,nan,,ok
872.605028,39316.0,,longest_lat_cache.reference:u,longest_lat_cache.reference,9486760.0,100.0,nan,,ok
872.605028,1384.0,,longest_lat_cache.miss:u,longest_lat_cache.miss,9486192.0,100.0,nan,,ok
872.605028,15136.0,,offcore_requests.demand_data_rd:u,offcore_requests.demand_data_rd,9485543.0,100.0,nan,,ok
872.605028,192326.0,,resource_stalls.any:u,resource_stalls.any,7497773.0,79.0,nan,,ok
882.966318,5124032.0,,inst_retired.any:u,inst_retired.any,9072053.0,100.0,nan,,ok
882.966318,4972390.0,,cpu_clk_unhalted.thread:u,cpu_clk_unhalted.thread,6501936.0,71.0,nan,,ok
882.966318,1590304.0,,br_inst_retired.all_branches:u,br_inst_retired.all_branches,4707975.0,51.0,nan,,ok
882.966318,47351.0,,br_misp_retired.all_branches:u,br_misp_retired.all_branches,6931736.0,100.0,nan,,ok
882.966318,1298724.0,,mem_uops_retired.all_loads:u,mem_uops_retired.all_loads,9073381.0,100.0,nan,,ok
882.966318,516473.0,,mem_uops_retired.all_stores:u,mem_uops_retired.all_stores,9073636.0,100.0,nan,,ok
882.966318,61749.0,,longest_lat_cache.reference:u,longest_lat_cache.reference,9074559.0,100.0,nan,,ok
882.966318,1080.0,,longest_lat_cache.miss:u,longest_lat_cache.miss,9075073.0,100.0,nan,,ok
882.966318,24394.0,,offcore_requests.demand_data_rd:u,offcore_requests.demand_data_rd,9084102.0,100.0,nan,,ok
882.966318,277701.0,,resource_stalls.any:u,resource_stalls.any,9084296.0,100.0,nan,,ok
893.3660759999999,3717090.0,,inst_retired.any:u,inst_retired.any,8993862.0,100.0,nan,,ok
893.3660759999999,3675849.0,,cpu_clk_unhalted.thread:u,cpu_clk_unhalted.thread,7379121.0,82.0,nan,,ok
893.3660759999999,799045.0,,br_inst_retired.all_branches:u,br_inst_retired.all_branches,6457536.0,71.0,nan,,ok
893.3660759999999,46530.0,,br_misp_retired.all_branches:u,br_misp_retired.all_branches,5466456.0,65.0,nan,,ok
893.3660759999999,864191.0,,mem_uops_retired.all_loads:u,mem_uops_retired.all_loads,7678698.0,98.0,nan,,ok
893.3660759999999,395448.0,,mem_uops_retired.all_stores:u,mem_uops_retired.all_stores,8995413.0,100.0,nan,,ok
893.3660759999999,42157.0,,longest_lat_cache.reference:u,longest_lat_cache.reference,8995436.0,100.0,nan,,ok
893.3660759999999,1819.0,,longest_lat_cache.miss:u,longest_lat_cache.miss,8995636.0,100.0,nan,,ok
893.3660759999999,16076.0,,offcore_requests.demand_data_rd:u,offcore_requests.demand_data_rd,8987573.0,100.0,nan,,ok
893.3660759999999,255331.0,,resource_stalls.any:u,resource_stalls.any,8988373.0,100.0,nan,,ok
903.734025,3162262.0,,inst_retired.any:u,inst_retired.any,9584353.0,100.0,nan,,ok
903.734025,3846987.0,,cpu_clk_unhalted.thread:u,cpu_clk_unhalted.thread,9583964.0,100.0,nan,,ok
903.734025,710609.0,,br_inst_retired.all_branches:u,br_inst_retired.all_branches,9520527.0,99.0,nan,,ok
903.734025,25436.0,,br_misp_retired.all_branches:u,br_misp_retired.all_branches,7606928.0,79.0,nan,,ok
903.734025,995423.0,,mem_uops_retired.all_loads:u,mem_uops_retired.all_loads,6021765.0,62.0,nan,,ok
903.734025,289849.0,,mem_uops_retired.all_stores:u,mem_uops_retired.all_stores,6326963.0,78.0,nan,,ok
903.734025,38474.0,,longest_lat_cache.reference:u,longest_lat_cache.reference,8849155.0,92.0,nan,,ok
903.734025,1315.0,,longest_lat_cache.miss:u,longest_lat_cache.miss,9582641.0,100.0,nan,,ok
903.734025,15225.0,,offcore_requests.demand_data_rd:u,offcore_requests.demand_data_rd,9584195.0,100.0,nan,,ok
903.734025,201179.0,,resource_stalls.any:u,resource_stalls.any,9583409.0,100.0,nan,,ok
914.107053,3846393.0,,inst_retired.any:u,inst_retired.any,9666002.0,100.0,nan,,ok
914.107053,4749343.0,,cpu_clk_unhalted.thread:u,cpu_clk_unhalted.thread,9785481.0,100.0,nan,,ok
914.107053,851049.0,,br_inst_retired.all_branches:u,br_inst_retired.all_branches,9785418.0,100.0,nan,,ok
914.107053,45408.0,,br_misp_retired.all_branches:u,br_misp_retired.all_branches,9785305.0,100.0,nan,,ok
914.107053,978885.0,,mem_uops_retired.all_loads:u,mem_uops_retired.all_loads,9747703.0,99.0,nan,,ok
914.107053,308691.0,,mem_uops_retired.all_stores:u,mem_uops_retired.all_stores,8437212.0,86.0,nan,,ok
914.107053,48714.0,,longest_lat_cache.reference:u,longest_lat_cache.reference,6133151.0,63.0,nan,,ok
914.107053,1941.0,,longest_lat_cache.miss:u,longest_lat_cache.miss,6991800.0,83.0,nan,,ok
914.107053,16739.0,,offcore_requests.demand_data_rd:u,offcore_requests.demand_data_rd,8939012.0,91.0,nan,,ok
914.107053,272317.0,,resource_stalls.any:u,resource_stalls.any,8670894.0,89.0,nan,,ok
924.484557,2423686.0,,inst_retired.any:u,inst_retired.any,5065397.0,82.0,nan,,ok
924.484557,2880691.0,,cpu_clk_unhalted.thread:u,cpu_clk_unhalted.thread,5106288.0,83.0,nan,,ok
924.484557,509571.0,,br_inst_retired.all_branches:u,br_inst_retired.all_branches,5832212.0,100.0,nan,,ok
924.484557,25542.0,,br_misp_retired.all_branches:u,br_misp_retired.all_branches,6107401.0,100.0,nan,,ok
924.484557,549965.0,,mem_uops_retired.all_loads:u,mem_uops_retired.all_loads,6107945.0,100.0,nan,,ok
924.484557,218660.0,,mem_uops_retired.all_stores:u,mem_uops_retired.all_stores,6107760.0,100.0,nan,,ok
924.484557,23474.0,,longest_lat_cache.reference:u,longest_lat_cache.reference,6107277.0,100.0,nan,,ok
924.484557,1124.0,,longest_lat_cache.miss:u,longest_lat_cache.miss,6106856.0,100.0,nan,,ok
924.484557,7556.0,,offcore_requests.demand_data_rd:u,offcore_requests.demand_data_rd,4364628.0,71.0,nan,,ok
924.484557,153358.0,,resource_stalls.any:u,resource_stalls.any,3016095.0,49.0,nan,,ok
934.845418,2915899.0,,inst_retired.any:u,inst_retired.any,6485567.0,66.0,nan,,ok
934.845418,5096856.0,,cpu_clk_unhalted.thread:u,cpu_clk_unhalted.thread,7063485.0,73.0,nan,,ok
934.845418,946833.0,,br_inst_retired.all_branches:u,br_inst_retired.all_branches,7634915.0,82.0,nan,,ok
934.845418,43086.0,,br_misp_retired.all_branches:u,br_misp_retired.all_branches,9123655.0,100.0,nan,,ok
934.845418,964214.0,,mem_uops_retired.all_loads:u,mem_uops_retired.all_loads,9661034.0,100.0,nan,,ok
934.845418,402882.0,,mem_uops_retired.all_stores:u,mem_uops_retired.all_stores,9656791.0,100.0,nan,,ok
934.845418,43041.0,,longest_lat_cache.reference:u,longest_lat_cache.reference,9652763.0,100.0,nan,,ok
934.845418,1604.0,,longest_lat_cache.miss:u,longest_lat_cache.miss,9648574.0,100.0,nan,,ok
934.845418,16846.0,,offcore_requests.demand_data_rd:u,offcore_requests.demand_data_rd,9643945.0,100.0,nan,,ok
934.845418,130900.0,,resource_stalls.any:u,resource_stalls.any,5187967.0,53.0,nan,,ok
945.200164,2923548.0,,inst_retired.any:u,inst_retired.any,8706576.0,96.0,nan,,ok
945.200164,2877267.0,,cpu_clk_unhalted.thread:u,cpu_clk_unhalted.thread,6866138.0,76.0,nan,,ok
945.200164,650471.0,,br_inst_retired.all_branches:u,br_inst_retired.all_branches,6973287.0,77.0,nan,,ok
945.200164,38350.0,,br_misp_retired.all_branches:u,br_misp_retired.all_branches,6762599.0,79.0,nan,,ok
945.200164,735617.0,,mem_uops_retired.all_loads:u,mem_uops_retired.all_loads,7315358.0,87.0,nan,,ok
945.200164,304841.0,,mem_uops_retired.all_stores:u,mem_uops_retired.all_stores,8317711.0,100.0,nan,,ok
945.200164,39788.0,,longest_lat_cache.reference:u,longest_lat_cache.reference,9002957.0,100.0,nan,,ok
945.200164,1267.0,,longest_lat_cache.miss:u,longest_lat_cache.miss,9006842.0,100.0,nan,,ok
945.200164,15337.0,,offcore_requests.demand_data_rd:u,offcore_requests.demand_data_rd,9010668.0,100.0,nan,,ok
945.200164,171978.0,,resource_stalls.any:u,resource_stalls.any,8744962.0,97.0,nan,,ok
955.5678949999999,4643487.0,,inst_retired.any:u,inst_retired.any,9697555.0,100.0,nan,,ok
955.5678949999999,5207167.0,,cpu_clk_unhalted.thread:u,cpu_clk_unhalted.thread,9697877.0,100.0,nan,,ok
955.5678949999999,888282.0,,br_inst_retired.all_branches:u,br_inst_retired.all_branches,8667026.0,89.0,nan,,ok
955.5678949999999,45993.0,,br_misp_retired.all_branches:u,br_misp_retired.all_branches,6975207.0,79.0,nan,,ok
955.5678949999999,1206427.0,,mem_uops_retired.all_loads:u,mem_uops_retired.all_loads,8701432.0,89.0,nan,,ok
955.5678949999999,500112.0,,mem_uops_retired.all_stores:u,mem_uops_retired.all_stores,8949365.0,92.0,nan,,ok
955.5678949999999,47935.0,,longest_lat_cache.reference:u,longest_lat_cache.reference,8702285.0,89.0,nan,,ok
955.5678949999999,1630.0,,longest_lat_cache.miss:u,longest_lat_cache.miss,8161751.0,84.0,nan,,ok
955.5678949999999,15978.0,,offcore_requests.demand_data_rd:u,offcore_requests.demand_data_rd,8610836.0,95.0,nan,,ok
955.5678949999999,232010.0,,resource_stalls.any:u,resource_stalls.any,9109844.0,93.0,nan,,ok
965.933942,2697227.0,,inst_retired.any:u,inst_retired.any,5731286.0,64.0,nan,,ok
965.933942,3965905.0,,cpu_clk_unhalted.thread:u,cpu_clk_unhalted.thread,6311855.0,70.0,nan,,ok
965.933942,635733.0,,br_inst_retired.all_branches:u,br_inst_retired.all_branches,7205598.0,81.0,nan,,ok
965.933942,34972.0,,br_misp_retired.all_branches:u,br_misp_retired.all_branches,8702189.0,100.0,nan,,ok
965.933942,706867.0,,mem_uops_retired.all_loads:u,mem_uops_retired.all_loads,8926357.0,100.0,nan,,ok
965.933942,289604.0,,mem_uops_retired.all_stores:u,mem_uops_retired.all_stores,8927140.0,100.0,nan,,ok
965.933942,33976.0,,longest_lat_cache.reference:u,longest_lat_cache.reference,8928095.0,100.0,nan,,ok
965.933942,1230.0,,longest_lat_cache.miss:u,longest_lat_cache.miss,8928286.0,100.0,nan,,ok
965.933942,13369.0,,offcore_requests.demand_data_rd:u,offcore_requests.demand_data_rd,8929383.0,100.0,nan,,ok
965.933942,121636.0,,resource_stalls.any:u,resource_stalls.any,4598864.0,51.0,nan,,ok
976.317996,3440802.0,,inst_retired.any:u,inst_retired.any,8842908.0,92.0,nan,,ok
976.317996,3801359.0,,cpu_clk_unhalted.thread:u,cpu_clk_unhalted.thread,7158308.0,74.0,nan,,ok
976.317996,934217.0,,br_inst_retired.all_branches:u,br_inst_retired.all_branches,6653137.0,69.0,nan,,ok
976.317996,45183.0,,br_misp_retired.all_branches:u,br_misp_retired.all_branches,7727248.0,81.0,nan,,ok
976.317996,994435.0,,mem_uops_retired.all_loads:u,mem_uops_retired.all_loads,8328064.0,89.0,nan,,ok
976.317996,403800.0,,mem_uops_retired.all_stores:u,mem_uops_retired.all_stores,9076870.0,100.0,nan,,ok
976.317996,41232.0,,longest_lat_cache.reference:u,longest_lat_cache.reference,9555483.0,100.0,nan,,ok
976.317996,1685.0,,longest_lat_cache.miss:u,longest_lat_cache.miss,9555610.0,100.0,nan,,ok
976.317996,15835.0,,offcore_requests.demand_data_rd:u,offcore_requests.demand_data_rd,9554592.0,100.0,nan,,ok
976.317996,195449.0,,resource_stalls.any:u,resource_stalls.any,8839108.0,92.0,nan,,ok
986.680944,4318881.0,,inst_retired.any:u,inst_retired.any,8902272.0,100.0,nan,,ok
986.680944,5110595.0,,cpu_clk_unhalted.thread:u,cpu_clk_unhalted.thread,8902206.0,100.0,nan,,ok
986.680944,918413.0,,br_inst_retired.all_branches:u,br_inst_retired.all_branches,8142723.0,91.0,nan,,ok
986.680944,29122.0,,br_misp_retired.all_branches:u,br_misp_retired.all_branches,5445750.0,73.0,nan,,ok
986.680944,1191245.0,,mem_uops_retired.all_loads:u,mem_uops_retired.all_loads,7050944.0,79.0,nan,,ok
986.680944,510507.0,,mem_uops_retired.all_stores:u,mem_uops_retired.all_stores,6737670.0,79.0,nan,,ok
986.680944,53815.0,,longest_lat_cache.reference:u,longest_lat_cache.reference,8220546.0,92.0,nan,,ok
986.680944,703.0,,longest_lat_cache.miss:u,longest_lat_cache.miss,8901633.0,100.0,nan,,ok
986.680944,20814.0,,offcore_requests.demand_data_rd:u,offcore_requests.demand_data_rd,8901689.0,100.0,nan,,ok
986.680944,215234.0,,resource_stalls.any:u,resource_stalls.any,8901246.0,100.0,nan,,ok
997.049484,3999352.0,,inst_retired.any:u,inst_retired.any,9663264.0,100.0,nan,,ok
997.049484,4736208.0,,cpu_clk_unhalted.thread:u,cpu_clk_unhalted.thread,9662828.0,100.0,nan,,ok
997.049484,891809.0,,br_inst_retired.all_branches:u,br_inst_retired.all_branches,9663295.0,100.0,nan,,ok
997.049484,45056.0,,br_misp_retired.all_branches:u,br_misp_retired.all_branches,9552490.0,98.0,nan,,ok
997.049484,822340.0,,mem_uops_retired.all_loads:u,mem_uops_retired.all_loads,8348295.0,86.0,nan,,ok
997.049484,363795.0,,mem_uops_retired.all_stores:u,mem_uops_retired.all_stores,5402051.0,60.0,nan,,ok
997.049484,42540.0,,longest_lat_cache.reference:u,longest_lat_cache.reference,6842110.0,77.0,nan,,ok
997.049484,1687.0,,longest_lat_cache.miss:u,longest_lat_cache.miss,8600399.0,88.0,nan,,ok
997.049484,17135.0,,offcore_requests.demand_data_rd:u,offcore_requests.demand_data_rd,9573165.0,100.0,nan,,ok
997.049484,218515.0,,resource_stalls.any:u,resource_stalls.any,9665207.0,100.0,nan,,ok
1007.412427,3708393.0,,inst_retired.any:u,inst_retired.any,7689887.0,84.0,nan,,ok
1007.412427,4114281.0,,cpu_clk_unhalted.thread:u,cpu_clk_unhalted.thread,8696160.0,100.0,nan,,ok
1007.412427,762846.0,,br_inst_retired.all_branches:u,br_inst_retired.all_branches,9173648.0,100.0,nan,,ok
1007.412427,39300.0,,br_misp_retired.all_branches:u,br_misp_retired.all_branches,9168962.0,100.0,nan,,ok
1007.412427,864329.0,,mem_uops_retired.all_loads:u,mem_uops_retired.all_loads,9164159.0,100.0,nan,,ok
1007.412427,364483.0,,mem_uops_retired.all_stores:u,mem_uops_retired.all_stores,9159411.0,100.0,nan,,ok
1007.412427,37345.0,,longest_lat_cache.reference:u,longest_lat_cache.reference,9155307.0,100.0,nan,,ok
1007.412427,1239.0,,longest_lat_cache.miss:u,longest_lat_cache.miss,7403676.0,80.0,nan,,ok
1007.412427,14803.0,,offcore_requests.demand_data_rd:u,offcore_requests.demand_data_rd,6278572.0,68.0,nan,,ok
1007.412427,300830.0,,resource_stalls.any:u,resource_stalls.any,5091398.0,56.0,nan,,ok
1017.7611989999999,3299494.0,,inst_retired.any:u,inst_retired.any,6619568.0,70.0,nan,,ok
1017.7611989999999,4699289.0,,cpu_clk_unhalted.thread:u,cpu_clk_unhalted.thread,6288432.0,70.0,nan,,ok
1017.7611989999999,783775.0,,br_inst_retired.all_branches:u,br_inst_retired.all_branches,7948407.0,100.0,nan,,ok
1017.7611989999999,40793.0,,br_misp_retired.all_branches:u,br_misp_retired.all_branches,9469374.0,100.0,nan,,ok
1017.7611989999999,911537.0,,mem_uops_retired.all_loads:u,mem_uops_retired.all_loads,9473377.0,100.0,nan,,ok
1017.7611989999999,389483.0,,mem_uops_retired.all_stores:u,mem_uops_retired.all_stores,9477574.0,100.0,nan,,ok
1017.7611989999999,39797.0,,longest_lat_cache.reference:u,longest_lat_cache.reference,9481554.0,100.0,nan,,ok
1017.7611989999999,1349.0,,longest_lat_cache.miss:u,longest_lat_cache.miss,9485708.0,100.0,nan,,ok
1017.7611989999999,15173.0,,offcore_requests.demand_data_rd:u,offcore_requests.demand_data_rd,9169120.0,96.0,nan,,ok
1017.7611989999999,113041.0,,resource_stalls.any:u,resource_stalls.any,5009260.0,52.0,nan,,ok
1028.125953,2748707.0,,inst_retired.any:u,inst_retired.any,7367916.0,96.0,nan,,ok
1028.125953,4473823.0,,cpu_clk_unhalted.thread:u,cpu_clk_unhalted.thread,8911278.0,96.0,nan,,ok
1028.125953,510223.0,,br_inst_retired.all_branches:u,br_inst_retired.all_branches,7592844.0,82.0,nan,,ok
1028.125953,44091.0,,br_misp_retired.all_branches:u,br_misp_retired.all_branches,6907633.0,75.0,nan,,ok
1028.125953,910539.0,,mem_uops_retired.all_loads:u,mem_uops_retired.all_loads,7647572.0,83.0,nan,,ok
1028.125953,366669.0,,mem_uops_retired.all_stores:u,mem_uops_retired.all_stores,7893041.0,88.0,nan,,ok
1028.125953,41010.0,,longest_lat_cache.reference:u,longest_lat_cache.reference,8825978.0,100.0,nan,,ok
1028.125953,1450.0,,longest_lat_cache.miss:u,longest_lat_cache.miss,9176582.0,100.0,nan,,ok
1028.125953,16396.0,,offcore_requests.demand_data_rd:u,offcore_requests.demand_data_rd,9172670.0,100.0,nan,,ok
1028.125953,194506.0,,resource_stalls.any:u,resource_stalls.any,7367916.0,87.0,nan,,ok
1038.481352,3475184.0,,inst_retired.any:u,inst_retired.any,9427187.0,100.0,nan,,ok
1038.481352,4106299.0,,cpu_clk_unhalted.thread:u,cpu_clk_unhalted.thread,9434133.0,100.0,nan,,ok
1038.481352,787697.0,,br_inst_retired.all_branches:u,br_inst_retired.all_branches,9438307.0,100.0,nan,,ok
1038.481352,34389.0,,br_misp_retired.all_branches:u,br_misp_retired.all_branches,8206167.0,86.0,nan,,ok
1038.481352,706859.0,,mem_uops_retired.all_loads:u,mem_uops_retired.all_loads,5956736.0,63.0,nan,,ok
1038.481352,436377.0,,mem_uops_retired.all_stores:u,mem_uops_retired.all_stores,6724429.0,71.0,nan,,ok
1038.481352,33784.0,,longest_lat_cache.reference:u,longest_lat_cache.reference,7950814.0,88.0,nan,,ok
1038.481352,1530.0,,longest_lat_cache.miss:u,longest_lat_cache.miss,8963324.0,100.0,nan,,ok
1038.481352,14870.0,,offcore_requests.demand_data_rd:u,offcore_requests.demand_data_rd,9462130.0,100.0,nan,,ok
1038.481352,241400.0,,resource_stalls.any:u,resource_stalls.any,9466110.0,100.0,nan,,ok
1048.846891,3811448.0,,inst_retired.any:u,inst_retired.any,9823026.0,100.0,nan,,ok
1048.846891,4614752.0,,cpu_clk_unhalted.thread:u,cpu_clk_unhalted.thread,9822493.0,100.0,nan,,ok
1048.846891,833603.0,,br_inst_retired.all_branches:u,br_inst_retired.all_branches,9822260.0,100.0,nan,,ok
1048.846891,43215.0,,br_misp_retired.all_branches:u,br_misp_retired.all_branches,9833056.0,100.0,nan,,ok
1048.846891,965187.0,,mem_uops_retired.all_loads:u,mem_uops_retired.all_loads,9833189.0,100.0,nan,,ok
1048.846891,431747.0,,mem_uops_retired.all_stores:u,mem_uops_retired.all_stores,9204055.0,93.0,nan,,ok
1048.846891,34233.0,,longest_lat_cache.reference:u,longest_lat_cache.reference,7590268.0,84.0,nan,,ok
1048.846891,1151.0,,longest_lat_cache.miss:u,longest_lat_cache.miss,6176851.0,62.0,nan,,ok
1048.846891,14074.0,,offcore_requests.demand_data_rd:u,offcore_requests.demand_data_rd,7469165.0,81.0,nan,,ok
1048.846891,249682.0,,resource_stalls.any:u,resource_stalls.any,8892286.0,100.0,nan,,ok
1059.244878,3322712.0,,inst_retired.any:u,inst_retired.any,6321349.0,83.0,nan,,ok
1059.244878,4704274.0,,cpu_clk_unhalted.thread:u,cpu_clk_unhalted.thread,7418062.0,80.0,nan,,ok
1059.244878,899149.0,,br_inst_retired.all_branches:u,br_inst_retired.all_branches,7950135.0,86.0,nan,,ok
1059.244878,42958.0,,br_misp_retired.all_branches:u,br_misp_retired.all_branches,9025775.0,100.0,nan,,ok
1059.244878,945894.0,,mem_uops_retired.all_loads:u,mem_uops_retired.all_loads,9168769.0,100.0,nan,,ok
1059.244878,394126.0,,mem_uops_retired.all_stores:u,mem_uops_retired.all_stores,9169348.0,100.0,nan,,ok
1059.244878,44548.0,,longest_lat_cache.reference:u,longest_lat_cache.reference,9169171.0,100.0,nan,,ok
1059.244878,1536.0,,longest_lat_cache.miss:u,longest_lat_cache.miss,8418555.0,99.0,nan,,ok
1059.244878,16685.0,,offcore_requests.demand_data_rd:u,offcore_requests.demand_data_rd,8973532.0,97.0,nan,,ok
1059.244878,209122.0,,resource_stalls.any:u,resource_stalls.any,4105549.0,48.0,nan,,ok
1069.618318,3969358.0,,inst_retired.any:u,inst_retired.any,9612445.0,100.0,nan,,ok
1069.618318,4356234.0,,cpu_clk_unhalted.thread:u,cpu_clk_unhalted.thread,9352602.0,97.0,nan,,ok
1069.618318,911669.0,,br_inst_retired.all_branches:u,br_inst_retired.all_branches,7832024.0,81.0,nan,,ok
1069.618318,29640.0,,br_misp_retired.all_branches:u,br_misp_retired.all_branches,5772683.0,70.0,nan,,ok
1069.618318,928674.0,,mem_uops_retired.all_loads:u,mem_uops_retired.all_loads,8005015.0,83.0,nan,,ok
1069.618318,431895.0,,mem_uops_retired.all_stores:u,mem_uops_retired.all_stores,8933753.0,92.0,nan,,ok
1069.618318,43333.0,,longest_lat_cache.reference:u,longest_lat_cache.reference,8610254.0,89.0,nan,,ok
1069.618318,2216.0,,longest_lat_cache.miss:u,longest_lat_cache.miss,9149759.0,100.0,nan,,ok
1069.618318,16239.0,,offcore_requests.demand_data_rd:u,offcore_requests.demand_data_rd,9609814.0,100.0,nan,,ok
1069.618318,377243.0,,resource_stalls.any:u,resource_stalls.any,9608583.0,100.0,nan,,ok
1079.97396,2947553.0,,inst_retired.any:u,inst_retired.any,9107340.0,100.0,nan,,ok
1079.97396,4608734.0,,cpu_clk_unhalted.thread:u,cpu_clk_unhalted.thread,9107570.0,100.0,nan,,ok
1079.97396,642178.0,,br_inst_retired.all_branches:u,br_inst_retired.all_branches,9107817.0,100.0,nan,,ok
1079.97396,37434.0,,br_misp_retired.all_branches:u,br_misp_retired.all_branches,9108167.0,100.0,nan,,ok
1079.97396,762130.0,,mem_uops_retired.all_loads:u,mem_uops_retired.all_loads,8406386.0,92.0,nan,,ok
1079.97396,286532.0,,mem_uops_retired.all_stores:u,mem_uops_retired.all_stores,6751892.0,74.0,nan,,ok
1079.97396,37815.0,,longest_lat_cache.reference:u,longest_lat_cache.reference,5795733.0,68.0,nan,,ok
1079.97396,5276.0,,longest_lat_cache.miss:u,longest_lat_cache.miss,7481093.0,81.0,nan,,ok
1079.97396,16647.0,,offcore_requests.demand_data_rd:u,offcore_requests.demand_data_rd,8119870.0,88.0,nan,,ok
1079.97396,418494.0,,resource_stalls.any:u,resource_stalls.any,9059380.0,100.0,nan,,ok
1090.399446,5536213.0,,inst_retired.any:u,inst_retired.any,9060677.0,96.0,nan,,ok
1090.399446,6467484.0,,cpu_clk_unhalted.thread:u,cpu_clk_unhalted.thread,9427459.0,100.0,nan,,ok
1090.399446,1243031.0,,br_inst_retired.all_branches:u,br_inst_retired.all_branches,9425603.0,100.0,nan,,ok
1090.399446,56183.0,,br_misp_retired.all_branches:u,br_misp_retired.all_branches,9423796.0,100.0,nan,,ok
1090.399446,1354008.0,,mem_uops_retired.all_loads:u,mem_uops_retired.all_loads,9422071.0,100.0,nan,,ok
1090.399446,550991.0,,mem_uops_retired.all_stores:u,mem_uops_retired.all_stores,9408667.0,100.0,nan,,ok
1090.399446,57942.0,,longest_lat_cache.reference:u,longest_lat_cache.reference,9407134.0,100.0,nan,,ok
1090.399446,2679.0,,longest_lat_cache.miss:u,longest_lat_cache.miss,6934866.0,73.0,nan,,ok
1090.399446,23890.0,,offcore_requests.demand_data_rd:u,offcore_requests.demand_data_rd,4829164.0,52.0,nan,,ok
1090.399446,335965.0,,resource_stalls.any:u,resource_stalls.any,7006832.0,85.0,nan,,ok
1100.611065,4837872.0,,inst_retired.any:u,inst_retired.any,6515006.0,82.0,nan,,ok
1100.611065,5986384.0,,cpu_clk_unhalted.thread:u,cpu_clk_unhalted.thread,6580513.0,72.0,nan,,ok
1100.611065,1354375.0,,br_inst_retired.all_branches:u,br_inst_retired.all_branches,6679664.0,74.0,nan,,ok
1100.611065,57918.0,,br_misp_retired.all_branches:u,br_misp_retired.all_branches,8645917.0,99.0,nan,,ok
1100.611065,1323591.0,,mem_uops_retired.all_loads:u,mem_uops_retired.all_loads,9040414.0,100.0,nan,,ok
1100.611065,543980.0,,mem_uops_retired.all_stores:u,mem_uops_retired.all_stores,9040694.0,100.0,nan,,ok
1100.611065,59912.0,,longest_lat_cache.reference:u,longest_lat_cache.reference,9040097.0,100.0,nan,,ok
1100.611065,4158.0,,longest_lat_cache.miss:u,longest_lat_cache.miss,9040346.0,100.0,nan,,ok
1100.611065,22794.0,,offcore_requests.demand_data_rd:u,offcore_requests.demand_data_rd,8797999.0,97.0,nan,,ok
1100.611065,519123.0,,resource_stalls.any:u,resource_stalls.any,5477940.0,69.0,nan,,ok
1110.823208,5087402.0,,inst_retired.any:u,inst_retired.any,8889992.0,100.0,nan,,ok
1110.823208,6523070.0,,cpu_clk_unhalted.thread:u,cpu_clk_unhalted.thread,8843964.0,99.0,nan,,ok
1110.823208,819837.0,,br_inst_retired.all_branches:u,br_inst_retired.all_branches,6544958.0,76.0,nan,,ok
1110.823208,58977.0,,br_misp_retired.all_branches:u,br_misp_retired.all_branches,5129881.0,57.0,nan,,ok
1110.823208,1287599.0,,mem_uops_retired.all_loads:u,mem_uops_retired.all_loads,6447151.0,80.0,nan,,ok
1110.823208,527486.0,,mem_uops_retired.all_stores:u,mem_uops_retired.all_stores,8583927.0,100.0,nan,,ok
1110.823208,57130.0,,longest_lat_cache.reference:u,longest_lat_cache.reference,8886545.0,100.0,nan,,ok
1110.823208,3501.0,,longest_lat_cache.miss:u,longest_lat_cache.miss,8885729.0,100.0,nan,,ok
1110.823208,21764.0,,offcore_requests.demand_data_rd:u,offcore_requests.demand_data_rd,8885431.0,100.0,nan,,ok
1110.823208,467003.0,,resource_stalls.any:u,resource_stalls.any,8884673.0,100.0,nan,,ok
1121.035935,5760096.0,,inst_retired.any:u,inst_retired.any,9476240.0,100.0,nan,,ok
1121.035935,6912694.0,,cpu_clk_unhalted.thread:u,cpu_clk_unhalted.thread,9475863.0,100.0,nan,,ok
1121.035935,1283492.0,,br_inst_retired.all_branches:u,br_inst_retired.all_branches,9475690.0,100.0,nan,,ok
1121.035935,62794.0,,br_misp_retired.all_branches:u,br_misp_retired.all_branches,7149551.0,75.0,nan,,ok
1121.035935,1287704.0,,mem_uops_retired.all_loads:u,mem_uops_retired.all_loads,7756134.0,82.0,nan,,ok
1121.035935,541978.0,,mem_uops_retired.all_stores:u,mem_uops_retired.all_stores,5423015.0,66.0,nan,,ok
1121.035935,58009.0,,longest_lat_cache.reference:u,longest_lat_cache.reference,8116914.0,90.0,nan,,ok
1121.035935,3866.0,,longest_lat_cache.miss:u,longest_lat_cache.miss,9451612.0,99.0,nan,,ok
1121.035935,24355.0,,offcore_requests.demand_data_rd:u,offcore_requests.demand_data_rd,9475117.0,100.0,nan,,ok
1121.035935,415873.0,,resource_stalls.any:u,resource_stalls.any,9487628.0,100.0,nan,,ok
1131.2469549999998,4929920.0,,inst_retired.any:u,inst_retired.any,8205308.0,100.0,nan,,ok
1131.2469549999998,6417926.0,,cpu_clk_unhalted.thread:u,cpu_clk_unhalted.thread,8832421.0,100.0,nan,,ok
1131.2469549999998,1166045.0,,br_inst_retired.all_branches:u,br_inst_retired.all_branches,8832537.0,100.0,nan,,ok
1131.2469549999998,57704.0,,br_misp_retired.all_branches:u,br_misp_retired.all_branches,8832948.0,100.0,nan,,ok
1131.2469549999998,1283927.0,,mem_uops_retired.all_loads:u,mem_uops_retired.all_loads,8833219.0,100.0,nan,,ok
1131.2469549999998,466116.0,,mem_uops_retired.all_stores:u,mem_uops_retired.all_stores,8172737.0,92.0,nan,,ok
1131.2469549999998,50512.0,,longest_lat_cache.reference:u,longest_lat_cache.reference,6788513.0,85.0,nan,,ok
1131.2469549999998,4211.0,,longest_lat_cache.miss:u,longest_lat_cache.miss,7381778.0,87.0,nan,,ok
1131.2469549999998,18847.0,,offcore_requests.demand_data_rd:u,offcore_requests.demand_data_rd,6667209.0,82.0,nan,,ok
1131.2469549999998,402246.0,,resource_stalls.any:u,resource_stalls.any,6308257.0,76.0,nan,,ok
1141.474762,3568374.0,,inst_retired.any:u,inst_retired.any,5958787.0,80.0,nan,,ok
1141.474762,6643803.0,,cpu_clk_unhalted.thread:u,cpu_clk_unhalted.thread,7797105.0,87.0,nan,,ok
1141.474762,1084984.0,,br_inst_retired.all_branches:u,br_inst_retired.all_branches,6514504.0,76.0,nan,,ok
1141.474762,62154.0,,br_misp_retired.all_branches:u,br_misp_retired.all_branches,7653917.0,85.0,nan,,ok
1141.474762,1316052.0,,mem_uops_retired.all_loads:u,mem_uops_retired.all_loads,8587018.0,99.0,nan,,ok
1141.474762,564568.0,,mem_uops_retired.all_stores:u,mem_uops_retired.all_stores,8940956.0,100.0,nan,,ok
1141.474762,59550.0,,longest_lat_cache.reference:u,longest_lat_cache.reference,8942238.0,100.0,nan,,ok
1141.474762,3331.0,,longest_lat_cache.miss:u,longest_lat_cache.miss,8943308.0,100.0,nan,,ok
1141.474762,23479.0,,offcore_requests.demand_data_rd:u,offcore_requests.demand_data_rd,8944072.0,100.0,nan,,ok
1141.474762,301558.0,,resource_stalls.any:u,resource_stalls.any,5222324.0,69.0,nan,,ok
1151.690435,5735918.0,,inst_retired.any:u,inst_retired.any,9281673.0,100.0,nan,,ok
1151.690435,6607844.0,,cpu_clk_unhalted.thread:u,cpu_clk_unhalted.thread,9277585.0,100.0,nan,,ok
1151.690435,1293037.0,,br_inst_retired.all_branches:u,br_inst_retired.all_branches,9132908.0,98.0,nan,,ok
1151.690435,50270.0,,br_misp_retired.all_branches:u,br_misp_retired.all_branches,7445716.0,80.0,nan,,ok
1151.690435,1217849.0,,mem_uops_retired.all_loads:u,mem_uops_retired.all_loads,4256326.0,55.0,nan,,ok
1151.690435,607200.0,,mem_uops_retired.all_stores:u,mem_uops_retired.all_stores,7342534.0,83.0,nan,,ok
1151.690435,56728.0,,longest_lat_cache.reference:u,longest_lat_cache.reference,8895649.0,100.0,nan,,ok
1151.690435,3130.0,,longest_lat_cache.miss:u,longest_lat_cache.miss,9260060.0,100.0,nan,,ok
1151.690435,23108.0,,offcore_requests.demand_data_rd:u,offcore_requests.demand_data_rd,9257265.0,100.0,nan,,ok
1151.690435,491036.0,,resource_stalls.any:u,resource_stalls.any,9253545.0,100.0,nan,,ok
1161.882889,5384389.0,,inst_retired.any:u,inst_retired.any,8792420.0,100.0,nan,,ok
1161.882889,6572790.0,,cpu_clk_unhalted.thread:u,cpu_clk_unhalted.thread,8795244.0,100.0,nan,,ok
1161.882889,1205560.0,,br_inst_retired.all_branches:u,br_inst_retired.all_branches,8797083.0,100.0,nan,,ok
1161.882889,56527.0,,br_misp_retired.all_branches:u,br_misp_retired.all_branches,8799083.0,100.0,nan,,ok
1161.882889,1260370.0,,mem_uops_retired.all_loads:u,mem_uops_retired.all_loads,7525428.0,85.0,nan,,ok
1161.882889,501520.0,,mem_uops_retired.all_stores:u,mem_uops_retired.all_stores,5612740.0,63.0,nan,,ok
1161.882889,51804.0,,longest_lat_cache.reference:u,longest_lat_cache.reference,4799727.0,65.0,nan,,ok
1161.882889,3828.0,,longest_lat_cache.miss:u,longest_lat_cache.miss,8472742.0,100.0,nan,,ok
1161.882889,22878.0,,offcore_requests.demand_data_rd:u,offcore_requests.demand_data_rd,8808214.0,100.0,nan,,ok
1161.882889,445276.0,,resource_stalls.any:u,resource_stalls.any,8810549.0,100.0,nan,,ok
1172.101521,5297672.0,,inst_retired.any:u,inst_retired.any,8675116.0,100.0,nan,,ok
1172.101521,6286948.0,,cpu_clk_unhalted.thread:u,cpu_clk_unhalted.thread,8676110.0,100.0,nan,,ok
1172.101521,1181672.0,,br_inst_retired.all_branches:u,br_inst_retired.all_branches,8676787.0,100.0,nan,,ok
1172.101521,58469.0,,br_misp_retired.all_branches:u,br_misp_retired.all_branches,8677556.0,100.0,nan,,ok
1172.101521,1322426.0,,mem_uops_retired.all_loads:u,mem_uops_retired.all_loads,8678645.0,100.0,nan,,ok
1172.101521,551854.0,,mem_uops_retired.all_stores:u,mem_uops_retired.all_stores,8679584.0,100.0,nan,,ok
1172.101521,56306.0,,longest_lat_cache.reference:u,longest_lat_cache.reference,7921450.0,91.0,nan,,ok
1172.101521,2845.0,,longest_lat_cache.miss:u,longest_lat_cache.miss,4563588.0,58.0,nan,,ok
1172.101521,20104.0,,offcore_requests.demand_data_rd:u,offcore_requests.demand_data_rd,5370170.0,72.0,nan,,ok
1172.101521,357218.0,,resource_stalls.any:u,resource_stalls.any,8184952.0,98.0,nan,,ok
1182.296408,6256167.0,,inst_retired.any:u,inst_retired.any,6002025.0,77.0,nan,,ok
1182.296408,6076111.0,,cpu_clk_unhalted.thread:u,cpu_clk_unhalted.thread,6936349.0,78.0,nan,,ok
1182.296408,1457661.0,,br_inst_retired.all_branches:u,br_inst_retired.all_branches,8371518.0,88.0,nan,,ok
1182.296408,61577.0,,br_misp_retired.all_branches:u,br_misp_retired.all_branches,9415079.0,100.0,nan,,ok
1182.296408,1507973.0,,mem_uops_retired.all_loads:u,mem_uops_retired.all_loads,9505107.0,100.0,nan,,ok
1182.296408,608039.0,,mem_uops_retired.all_stores:u,mem_uops_retired.all_stores,9505254.0,100.0,nan,,ok
1182.296408,63277.0,,longest_lat_cache.reference:u,longest_lat_cache.reference,9505538.0,100.0,nan,,ok
1182.296408,2601.0,,longest_lat_cache.miss:u,longest_lat_cache.miss,9506646.0,100.0,nan,,ok
1182.296408,24911.0,,offcore_requests.demand_data_rd:u,offcore_requests.demand_data_rd,9505936.0,100.0,nan,,ok
1182.296408,241950.0,,resource_stalls.any:u,resource_stalls.any,3814521.0,43.0,nan,,ok
1192.502236,8872879.0,,inst_retired.any:u,inst_retired.any,8384999.0,100.0,nan,,ok
1192.502236,8048121.0,,cpu_clk_unhalted.thread:u,cpu_clk_unhalted.thread,8047490.0,95.0,nan,,ok
1192.502236,2242401.0,,br_inst_retired.all_branches:u,br_inst_retired.all_branches,5982003.0,78.0,nan,,ok
1192.502236,55337.0,,br_misp_retired.all_branches:u,br_misp_retired.all_branches,6772890.0,86.0,nan,,ok
1192.502236,1950938.0,,mem_uops_retired.all_loads:u,mem_uops_retired.all_loads,6456509.0,77.0,nan,,ok
1192.502236,1242280.0,,mem_uops_retired.all_stores:u,mem_uops_retired.all_stores,7083048.0,84.0,nan,,ok
1192.502236,55091.0,,longest_lat_cache.reference:u,longest_lat_cache.reference,7561100.0,91.0,nan,,ok
1192.502236,4105.0,,longest_lat_cache.miss:u,longest_lat_cache.miss,8378044.0,100.0,nan,,ok
1192.502236,23743.0,,offcore_requests.demand_data_rd:u,offcore_requests.demand_data_rd,8377217.0,100.0,nan,,ok
1192.502236,801861.0,,resource_stalls.any:u,resource_stalls.any,8376103.0,100.0,nan,,ok
1202.701562,4835025.0,,inst_retired.any:u,inst_retired.any,8922453.0,100.0,nan,,ok
1202.701562,6549010.0,,cpu_clk_unhalted.thread:u,cpu_clk_unhalted.thread,8922740.0,100.0,nan,,ok
1202.701562,1051841.0,,br_inst_retired.all_branches:u,br_inst_retired.all_branches,8923289.0,100.0,nan,,ok
1202.701562,64495.0,,br_misp_retired.all_branches:u,br_misp_retired.all_branches,8923551.0,100.0,nan,,ok
1202.701562,1036579.0,,mem_uops_retired.all_loads:u,mem_uops_retired.all_loads,5548247.0,62.0,nan,,ok
1202.701562,516834.0,,mem_uops_retired.all_stores:u,mem_uops_retired.all_stores,6185647.0,69.0,nan,,ok
1202.701562,49531.0,,longest_lat_cache.reference:u,longest_lat_cache.reference,6380492.0,79.0,nan,,ok
1202.701562,11301.0,,longest_lat_cache.miss:u,longest_lat_cache.miss,8660983.0,100.0,nan,,ok
1202.701562,30458.0,,offcore_requests.demand_data_rd:u,offcore_requests.demand_data_rd,8928406.0,100.0,nan,,ok
1202.701562,828911.0,,resource_stalls.any:u,resource_stalls.any,8930714.0,100.0,nan,,ok
1212.9063760000001,5535400.0,,inst_retired.any:u,inst_retired.any,8207004.0,84.0,nan,,ok
1212.9063760000001,8243246.0,,cpu_clk_unhalted.thread:u,cpu_clk_unhalted.thread,8721581.0,89.0,nan,,ok
1212.9063760000001,1363598.0,,br_inst_retired.all_branches:u,br_inst_retired.all_branches,7803139.0,80.0,nan,,ok
1212.9063760000001,39759.0,,br_misp_retired.all_branches:u,br_misp_retired.all_branches,9636950.0,99.0,nan,,ok
1212.9063760000001,1516370.0,,mem_uops_retired.all_loads:u,mem_uops_retired.all_loads,9720803.0,100.0,nan,,ok
1212.9063760000001,951998.0,,mem_uops_retired.all_stores:u,mem_uops_retired.all_stores,8462320.0,87.0,nan,,ok
1212.9063760000001,112621.0,,longest_lat_cache.reference:u,longest_lat_cache.reference,8786111.0,90.0,nan,,ok
1212.9063760000001,43441.0,,longest_lat_cache.miss:u,longest_lat_cache.miss,8722357.0,89.0,nan,,ok
1212.9063760000001,38946.0,,offcore_requests.demand_data_rd:u,offcore_requests.demand_data_rd,8720694.0,89.0,nan,,ok
1212.9063760000001,2419388.0,,resource_stalls.any:u,resource_stalls.any,7214118.0,74.0,nan,,ok
1223.1420959999998,7263135.0,,inst_retired.any:u,inst_retired.any,9173767.0,90.0,nan,,ok
1223.1420959999998,7819804.0,,cpu_clk_unhalted.thread:u,cpu_clk_unhalted.thread,9220886.0,90.0,nan,,ok
1223.1420959999998,1186478.0,,br_inst_retired.all_branches:u,br_inst_retired.all_branches,9063898.0,89.0,nan,,ok
1223.1420959999998,92045.0,,br_misp_retired.all_branches:u,br_misp_retired.all_branches,9066377.0,89.0,nan,,ok
1223.1420959999998,1403969.0,,mem_uops_retired.all_loads:u,mem_uops_retired.all_loads,9179654.0,90.0,nan,,ok
1223.1420959999998,635778.0,,mem_uops_retired.all_stores:u,mem_uops_retired.all_stores,9179951.0,90.0,nan,,ok
1223.1420959999998,23054.0,,longest_lat_cache.reference:u,longest_lat_cache.reference,9181314.0,90.0,nan,,ok
1223.1420959999998,12824.0,,longest_lat_cache.miss:u,longest_lat_cache.miss,9181336.0,90.0,nan,,ok
1223.1420959999998,5288.0,,offcore_requests.demand_data_rd:u,offcore_requests.demand_data_rd,9182360.0,90.0,nan,,ok
1223.1420959999998,872120.0,,resource_stalls.any:u,resource_stalls.any,8170108.0,80.0,nan,,ok
1233.3915849999998,15242457.0,,inst_retired.any:u,inst_retired.any,9713377.0,90.0,nan,,ok
1233.3915849999998,24564216.0,,cpu_clk_unhalted.thread:u,cpu_clk_unhalted.thread,9694564.0,90.0,nan,,ok
1233.3915849999998,3026249.0,,br_inst_retired.all_branches:u,br_inst_retired.all_branches,10204371.0,95.0,nan,,ok
1233.3915849999998,100894.0,,br_misp_retired.all_branches:u,br_misp_retired.all_branches,9636353.0,89.0,nan,,ok
1233.3915849999998,4594479.0,,mem_uops_retired.all_loads:u,mem_uops_retired.all_loads,9709159.0,90.0,nan,,ok
1233.3915849999998,2647802.0,,mem_uops_retired.all_stores:u,mem_uops_retired.all_stores,9706900.0,90.0,nan,,ok
1233.3915849999998,266341.0,,longest_lat_cache.reference:u,longest_lat_cache.reference,8726088.0,81.0,nan,,ok
1233.3915849999998,37105.0,,longest_lat_cache.miss:u,longest_lat_cache.miss,9707115.0,90.0,nan,,ok
1233.3915849999998,99957.0,,offcore_requests.demand_data_rd:u,offcore_requests.demand_data_rd,9579164.0,89.0,nan,,ok
1233.3915849999998,4743268.0,,resource_stalls.any:u,resource_stalls.any,8704875.0,81.0,nan,,ok
1243.5999149999998,37126985.0,,inst_retired.any:u,inst_retired.any,16886771.0,97.0,nan,,ok
1243.5999149999998,48670104.0,,cpu_clk_unhalted.thread:u,cpu_clk_unhalted.thread,17340062.0,100.0,nan,,ok
1243.5999149999998,7821645.0,,br_inst_retired.all_branches:u,br_inst_retired.all_branches,15224310.0,87.0,nan,,ok
1243.5999149999998,419662.0,,br_misp_retired.all_branches:u,br_misp_retired.all_branches,14346193.0,82.0,nan,,ok
1243.5999149999998,11678877.0,,mem_uops_retired.all_loads:u,mem_uops_retired.all_loads,14340027.0,82.0,nan,,ok
1243.5999149999998,5939318.0,,mem_uops_retired.all_stores:u,mem_uops_retired.all_stores,14580546.0,84.0,nan,,ok
1243.5999149999998,551088.0,,longest_lat_cache.reference:u,longest_lat_cache.reference,15929996.0,91.0,nan,,ok
1243.5999149999998,43087.0,,longest_lat_cache.miss:u,longest_lat_cache.miss,15337684.0,88.0,nan,,ok
1243.5999149999998,193861.0,,offcore_requests.demand_data_rd:u,offcore_requests.demand_data_rd,16039396.0,92.0,nan,,ok
1243.5999149999998,7135301.0,,resource_stalls.any:u,resource_stalls.any,15569481.0,89.0,nan,,ok
1253.8129609999999,27263966.0,,inst_retired.any:u,inst_retired.any,12219340.0,85.0,nan,,ok
1253.8129609999999,41053166.0,,cpu_clk_unhalted.thread:u,cpu_clk_unhalted.thread,12278419.0,85.0,nan,,ok
1253.8129609999999,5232766.0,,br_inst_retired.all_branches:u,br_inst_retired.all_branches,12557371.0,87.0,nan,,ok
1253.8129609999999,375971.0,,br_misp_retired.all_branches:u,br_misp_retired.all_branches,13280327.0,93.0,nan,,ok
1253.8129609999999,8482601.0,,mem_uops_retired.all_loads:u,mem_uops_retired.all_loads,13855134.0,97.0,nan,,ok
1253.8129609999999,4290329.0,,mem_uops_retired.all_stores:u,mem_uops_retired.all_stores,13810931.0,96.0,nan,,ok
1253.8129609999999,608384.0,,longest_lat_cache.reference:u,longest_lat_cache.reference,12393175.0,86.0,nan,,ok
1253.8129609999999,27301.0,,longest_lat_cache.miss:u,longest_lat_cache.miss,12990151.0,90.0,nan,,ok
1253.8129609999999,252065.0,,offcore_requests.demand_data_rd:u,offcore_requests.demand_data_rd,12868673.0,90.0,nan,,ok
1253.8129609999999,4602972.0,,resource_stalls.any:u,resource_stalls.any,10204023.0,71.0,nan,,ok
1264.027899,21019346.0,,inst_retired.any:u,inst_retired.any,9011244.0,88.0,nan,,ok
1264.027899,30996089.0,,cpu_clk_unhalted.thread:u,cpu_clk_unhalted.thread,9207783.0,90.0,nan,,ok
1264.027899,4280627.0,,br_inst_retired.all_branches:u,br_inst_retired.all_branches,9221648.0,90.0,nan,,ok
1264.027899,346510.0,,br_misp_retired.all_branches:u,br_misp_retired.all_branches,9221431.0,90.0,nan,,ok
1264.027899,6693169.0,,mem_uops_retired.all_loads:u,mem_uops_retired.all_loads,9221365.0,90.0,nan,,ok
1264.027899,3449601.0,,mem_uops_retired.all_stores:u,mem_uops_retired.all_stores,9221943.0,90.0,nan,,ok
1264.027899,429595.0,,longest_lat_cache.reference:u,longest_lat_cache.reference,9219231.0,90.0,nan,,ok
1264.027899,9072.0,,longest_lat_cache.miss:u,longest_lat_cache.miss,9220685.0,90.0,nan,,ok
1264.027899,178361.0,,offcore_requests.demand_data_rd:u,offcore_requests.demand_data_rd,9219688.0,90.0,nan,,ok
1264.027899,3624042.0,,resource_stalls.any:u,resource_stalls.any,8038643.0,78.0,nan,,ok
1274.2531450000001,23457849.0,,inst_retired.any:u,inst_retired.any,9215015.0,90.0,nan,,ok
1274.2531450000001,30062200.0,,cpu_clk_unhalted.thread:u,cpu_clk_unhalted.thread,8997867.0,88.0,nan,,ok
1274.2531450000001,4439683.0,,br_inst_retired.all_branches:u,br_inst_retired.all_branches,9388137.0,91.0,nan,,ok
1274.2531450000001,302367.0,,br_misp_retired.all_branches:u,br_misp_retired.all_branches,9214558.0,90.0,nan,,ok
1274.2531450000001,7054995.0,,mem_uops_retired.all_loads:u,mem_uops_retired.all_loads,9213229.0,90.0,nan,,ok
1274.2531450000001,3534449.0,,mem_uops_retired.all_stores:u,mem_uops_retired.all_stores,9213705.0,90.0,nan,,ok
1274.2531450000001,394389.0,,longest_lat_cache.reference:u,longest_lat_cache.reference,9042210.0,88.0,nan,,ok
1274.2531450000001,7818.0,,longest_lat_cache.miss:u,longest_lat_cache.miss,9212571.0,90.0,nan,,ok
1274.2531450000001,124119.0,,offcore_requests.demand_data_rd:u,offcore_requests.demand_data_rd,9210723.0,90.0,nan,,ok
1274.2531450000001,2075156.0,,resource_stalls.any:u,resource_stalls.any,8211479.0,80.0,nan,,ok
1284.454168,45158986.0,,inst_retired.any:u,inst_retired.any,16681486.0,92.0,nan,,ok
1284.454168,52632980.0,,cpu_clk_unhalted.thread:u,cpu_clk_unhalted.thread,16349901.0,90.0,nan,,ok
1284.454168,8907363.0,,br_inst_retired.all_branches:u,br_inst_retired.all_branches,16575782.0,91.0,nan,,ok
1284.454168,589094.0,,br_misp_retired.all_branches:u,br_misp_retired.all_branches,16696049.0,92.0,nan,,ok
1284.454168,14058242.0,,mem_uops_retired.all_loads:u,mem_uops_retired.all_loads,16192379.0,89.0,nan,,ok
1284.454168,5660304.0,,mem_uops_retired.all_stores:u,mem_uops_retired.all_stores,16143917.0,88.0,nan,,ok
1284.454168,467963.0,,longest_lat_cache.reference:u,longest_lat_cache.reference,16148293.0,88.0,nan,,ok
1284.454168,42424.0,,longest_lat_cache.miss:u,longest_lat_cache.miss,16153398.0,88.0,nan,,ok
1284.454168,190019.0,,offcore_requests.demand_data_rd:u,offcore_requests.demand_data_rd,16162546.0,88.0,nan,,ok
1284.454168,5826933.0,,resource_stalls.any:u,resource_stalls.any,14698896.0,80.0,nan,,ok
1294.678663,42715338.0,,inst_retired.any:u,inst_retired.any,16926475.0,91.0,nan,,ok
1294.678663,50425369.0,,cpu_clk_unhalted.thread:u,cpu_clk_unhalted.thread,16492588.0,89.0,nan,,ok
1294.678663,7850371.0,,br_inst_retired.all_branches:u,br_inst_retired.all_branches,16493654.0,89.0,nan,,ok
1294.678663,456006.0,,br_misp_retired.all_branches:u,br_misp_retired.all_branches,16390210.0,88.0,nan,,ok
1294.678663,12650670.0,,mem_uops_retired.all_loads:u,mem_uops_retired.all_loads,16496312.0,89.0,nan,,ok
1294.678663,5824383.0,,mem_uops_retired.all_stores:u,mem_uops_retired.all_stores,15887051.0,85.0,nan,,ok
1294.678663,601815.0,,longest_lat_cache.reference:u,longest_lat_cache.reference,15219196.0,82.0,nan,,ok
1294.678663,44389.0,,longest_lat_cache.miss:u,longest_lat_cache.miss,17492464.0,94.0,nan,,ok
1294.678663,249668.0,,offcore_requests.demand_data_rd:u,offcore_requests.demand_data_rd,17492437.0,94.0,nan,,ok
1294.678663,7608584.0,,resource_stalls.any:u,resource_stalls.any,15984472.0,86.0,nan,,ok
1304.90233,38962581.0,,inst_retired.any:u,inst_retired.any,15176125.0,88.0,nan,,ok
1304.90233,49163347.0,,cpu_clk_unhalted.thread:u,cpu_clk_unhalted.thread,14863046.0,86.0,nan,,ok
1304.90233,7681311.0,,br_inst_retired.all_branches:u,br_inst_retired.all_branches,15332408.0,89.0,nan,,ok
1304.90233,490867.0,,br_misp_retired.all_branches:u,br_misp_retired.all_branches,16100526.0,93.0,nan,,ok
1304.90233,11412723.0,,mem_uops_retired.all_loads:u,mem_uops_retired.all_loads,15734588.0,91.0,nan,,ok
1304.90233,5558575.0,,mem_uops_retired.all_stores:u,mem_uops_retired.all_stores,16146540.0,94.0,nan,,ok
1304.90233,716023.0,,longest_lat_cache.reference:u,longest_lat_cache.reference,15609550.0,91.0,nan,,ok
1304.90233,20689.0,,longest_lat_cache.miss:u,longest_lat_cache.miss,15138055.0,88.0,nan,,ok
1304.90233,284475.0,,offcore_requests.demand_data_rd:u,offcore_requests.demand_data_rd,15131693.0,88.0,nan,,ok
1304.90233,5278407.0,,resource_stalls.any:u,resource_stalls.any,13136027.0,76.0,nan,,ok
1315.1502799999998,33720801.0,,inst_retired.any:u,inst_retired.any,15200232.0,93.0,nan,,ok
1315.1502799999998,46645133.0,,cpu_clk_unhalted.thread:u,cpu_clk_unhalted.thread,15206997.0,93.0,nan,,ok
1315.1502799999998,6704914.0,,br_inst_retired.all_branches:u,br_inst_retired.all_branches,13034680.0,80.0,nan,,ok
1315.1502799999998,422645.0,,br_misp_retired.all_branches:u,br_misp_retired.all_branches,14577795.0,89.0,nan,,ok
1315.1502799999998,9917174.0,,mem_uops_retired.all_loads:u,mem_uops_retired.all_loads,13811929.0,85.0,nan,,ok
1315.1502799999998,4690800.0,,mem_uops_retired.all_stores:u,mem_uops_retired.all_stores,14080856.0,86.0,nan,,ok
1315.1502799999998,767004.0,,longest_lat_cache.reference:u,longest_lat_cache.reference,14524759.0,89.0,nan,,ok
1315.1502799999998,23583.0,,longest_lat_cache.miss:u,longest_lat_cache.miss,15083602.0,92.0,nan,,ok
1315.1502799999998,286772.0,,offcore_requests.demand_data_rd:u,offcore_requests.demand_data_rd,15238709.0,93.0,nan,,ok
1315.1502799999998,5461977.0,,resource_stalls.any:u,resource_stalls.any,14246458.0,87.0,nan,,ok
1325.387495,34874477.0,,inst_retired.any:u,inst_retired.any,15256455.0,93.0,nan,,ok
1325.387495,47428936.0,,cpu_clk_unhalted.thread:u,cpu_clk_unhalted.thread,15255506.0,93.0,nan,,ok
1325.387495,6944812.0,,br_inst_retired.all_branches:u,br_inst_retired.all_branches,15255775.0,93.0,nan,,ok
1325.387495,515182.0,,br_misp_retired.all_branches:u,br_misp_retired.all_branches,15255171.0,93.0,nan,,ok
1325.387495,10538416.0,,mem_uops_retired.all_loads:u,mem_uops_retired.all_loads,15246820.0,93.0,nan,,ok
1325.387495,4745818.0,,mem_uops_retired.all_stores:u,mem_uops_retired.all_stores,14061439.0,86.0,nan,,ok
1325.387495,743616.0,,longest_lat_cache.reference:u,longest_lat_cache.reference,13763042.0,84.0,nan,,ok
1325.387495,21229.0,,longest_lat_cache.miss:u,longest_lat_cache.miss,13297432.0,81.0,nan,,ok
1325.387495,289769.0,,offcore_requests.demand_data_rd:u,offcore_requests.demand_data_rd,14035731.0,86.0,nan,,ok
1325.387495,4941025.0,,resource_stalls.any:u,resource_stalls.any,13858167.0,85.0,nan,,ok
1335.6072809999998,46703345.0,,inst_retired.any:u,inst_retired.any,15778523.0,88.0,nan,,ok
1335.6072809999998,49518514.0,,cpu_clk_unhalted.thread:u,cpu_clk_unhalted.thread,16380572.0,92.0,nan,,ok
1335.6072809999998,8977599.0,,br_inst_retired.all_branches:u,br_inst_retired.all_branches,16150626.0,90.0,nan,,ok
1335.6072809999998,461836.0,,br_misp_retired.all_branches:u,br_misp_retired.all_branches,15929904.0,89.0,nan,,ok
1335.6072809999998,15258188.0,,mem_uops_retired.all_loads:u,mem_uops_retired.all_loads,16311346.0,91.0,nan,,ok
1335.6072809999998,5607907.0,,mem_uops_retired.all_stores:u,mem_uops_retired.all_stores,15782218.0,88.0,nan,,ok
1335.6072809999998,621392.0,,longest_lat_cache.reference:u,longest_lat_cache.reference,16170108.0,90.0,nan,,ok
1335.6072809999998,19993.0,,longest_lat_cache.miss:u,longest_lat_cache.miss,15167591.0,85.0,nan,,ok
1335.6072809999998,221565.0,,offcore_requests.demand_data_rd:u,offcore_requests.demand_data_rd,16165257.0,90.0,nan,,ok
1335.6072809999998,4880351.0,,resource_stalls.any:u,resource_stalls.any,14176575.0,79.0,nan,,ok
1345.8259859999998,45530963.0,,inst_retired.any:u,inst_retired.any,15180929.0,88.0,nan,,ok
1345.8259859999998,48561666.0,,cpu_clk_unhalted.thread:u,cpu_clk_unhalted.thread,14323908.0,83.0,nan,,ok
1345.8259859999998,9890737.0,,br_inst_retired.all_branches:u,br_inst_retired.all_branches,14985877.0,87.0,nan,,ok
1345.8259859999998,491344.0,,br_misp_retired.all_branches:u,br_misp_retired.all_branches,16172110.0,94.0,nan,,ok
1345.8259859999998,13942553.0,,mem_uops_retired.all_loads:u,mem_uops_retired.all_loads,16159706.0,94.0,nan,,ok
1345.8259859999998,6828348.0,,mem_uops_retired.all_stores:u,mem_uops_retired.all_stores,16160934.0,94.0,nan,,ok
1345.8259859999998,587912.0,,longest_lat_cache.reference:u,longest_lat_cache.reference,15936741.0,92.0,nan,,ok
1345.8259859999998,27094.0,,longest_lat_cache.miss:u,longest_lat_cache.miss,16108760.0,93.0,nan,,ok
1345.8259859999998,254429.0,,offcore_requests.demand_data_rd:u,offcore_requests.demand_data_rd,14756867.0,86.0,nan,,ok
1345.8259859999998,5992827.0,,resource_stalls.any:u,resource_stalls.any,12646617.0,73.0,nan,,ok
1356.041641,32379578.0,,inst_retired.any:u,inst_retired.any,14336075.0,93.0,nan,,ok
1356.041641,42965949.0,,cpu_clk_unhalted.thread:u,cpu_clk_unhalted.thread,14333795.0,93.0,nan,,ok
1356.041641,6375985.0,,br_inst_retired.all_branches:u,br_inst_retired.all_branches,13208147.0,86.0,nan,,ok
1356.041641,404503.0,,br_misp_retired.all_branches:u,br_misp_retired.all_branches,12262099.0,79.0,nan,,ok
1356.041641,8498380.0,,mem_uops_retired.all_loads:u,mem_uops_retired.all_loads,13333897.0,86.0,nan,,ok
1356.041641,4716497.0,,mem_uops_retired.all_stores:u,mem_uops_retired.all_stores,14253181.0,92.0,nan,,ok
1356.041641,758698.0,,longest_lat_cache.reference:u,longest_lat_cache.reference,13310403.0,86.0,nan,,ok
1356.041641,17546.0,,longest_lat_cache.miss:u,longest_lat_cache.miss,14307695.0,93.0,nan,,ok
1356.041641,287666.0,,offcore_requests.demand_data_rd:u,offcore_requests.demand_data_rd,14352209.0,93.0,nan,,ok
1356.041641,4004669.0,,resource_stalls.any:u,resource_stalls.any,13344179.0,86.0,nan,,ok
1366.2673750000001,37957370.0,,inst_retired.any:u,inst_retired.any,14725203.0,93.0,nan,,ok
1366.2673750000001,44837956.0,,cpu_clk_unhalted.thread:u,cpu_clk_unhalted.thread,14714445.0,93.0,nan,,ok
1366.2673750000001,7245515.0,,br_inst_retired.all_branches:u,br_inst_retired.all_branches,14716074.0,93.0,nan,,ok
1366.2673750000001,431531.0,,br_misp_retired.all_branches:u,br_misp_retired.all_branches,14475979.0,92.0,nan,,ok
1366.2673750000001,10751314.0,,mem_uops_retired.all_loads:u,mem_uops_retired.all_loads,13715389.0,87.0,nan,,ok
1366.2673750000001,5345951.0,,mem_uops_retired.all_stores:u,mem_uops_retired.all_stores,14447911.0,91.0,nan,,ok
1366.2673750000001,653002.0,,longest_lat_cache.reference:u,longest_lat_cache.reference,13280610.0,84.0,nan,,ok
1366.2673750000001,20608.0,,longest_lat_cache.miss:u,longest_lat_cache.miss,13487238.0,85.0,nan,,ok
1366.2673750000001,261406.0,,offcore_requests.demand_data_rd:u,offcore_requests.demand_data_rd,13718989.0,87.0,nan,,ok
1366.2673750000001,4699345.0,,resource_stalls.any:u,resource_stalls.any,13135483.0,83.0,nan,,ok
1376.53827,31975061.0,,inst_retired.any:u,inst_retired.any,11034870.0,88.0,nan,,ok
1376.53827,33453702.0,,cpu_clk_unhalted.thread:u,cpu_clk_unhalted.thread,11433677.0,91.0,nan,,ok
1376.53827,6316590.0,,br_inst_retired.all_branches:u,br_inst_retired.all_branches,11436218.0,91.0,nan,,ok
1376.53827,280995.0,,br_misp_retired.all_branches:u,br_misp_retired.all_branches,11435194.0,91.0,nan,,ok
1376.53827,8179585.0,,mem_uops_retired.all_loads:u,mem_uops_retired.all_loads,11434728.0,91.0,nan,,ok
1376.53827,4256242.0,,mem_uops_retired.all_stores:u,mem_uops_retired.all_stores,11434236.0,91.0,nan,,ok
1376.53827,438040.0,,longest_lat_cache.reference:u,longest_lat_cache.reference,10837773.0,87.0,nan,,ok
1376.53827,14826.0,,longest_lat_cache.miss:u,longest_lat_cache.miss,10045567.0,80.0,nan,,ok
1376.53827,181677.0,,offcore_requests.demand_data_rd:u,offcore_requests.demand_data_rd,11437080.0,91.0,nan,,ok
1376.53827,4559735.0,,resource_stalls.any:u,resource_stalls.any,9993093.0,80.0,nan,,ok
1386.8057359999998,30702881.0,,inst_retired.any:u,inst_retired.any,11872970.0,85.0,nan,,ok
1386.8057359999998,39250379.0,,cpu_clk_unhalted.thread:u,cpu_clk_unhalted.thread,12932681.0,92.0,nan,,ok
1386.8057359999998,6043411.0,,br_inst_retired.all_branches:u,br_inst_retired.all_branches,12932855.0,92.0,nan,,ok
1386.8057359999998,418367.0,,br_misp_retired.all_branches:u,br_misp_retired.all_branches,12933951.0,92.0,nan,,ok
1386.8057359999998,8634783.0,,mem_uops_retired.all_loads:u,mem_uops_retired.all_loads,12933439.0,92.0,nan,,ok
1386.8057359999998,4323191.0,,mem_uops_retired.all_stores:u,mem_uops_retired.all_stores,12961258.0,92.0,nan,,ok
1386.8057359999998,624365.0,,longest_lat_cache.reference:u,longest_lat_cache.reference,12963661.0,92.0,nan,,ok
1386.8057359999998,10711.0,,longest_lat_cache.miss:u,longest_lat_cache.miss,12303760.0,88.0,nan,,ok
1386.8057359999998,275042.0,,offcore_requests.demand_data_rd:u,offcore_requests.demand_data_rd,11996833.0,85.0,nan,,ok
1386.8057359999998,3591158.0,,resource_stalls.any:u,resource_stalls.any,9663556.0,69.0,nan,,ok
1397.085892,1047708.0,,inst_retired.any:u,inst_retired.any,9116984.0,99.0,nan,,ok
1397.085892,2206891.0,,cpu_clk_unhalted.thread:u,cpu_clk_unhalted.thread,9192937.0,100.0,nan,,ok
1397.085892,217880.0,,br_inst_retired.all_branches:u,br_inst_retired.all_branches,8453711.0,92.0,nan,,ok
1397.085892,22787.0,,br_misp_retired.all_branches:u,br_misp_retired.all_branches,8209981.0,89.0,nan,,ok
1397.085892,375045.0,,mem_uops_retired.all_loads:u,mem_uops_retired.all_loads,8224559.0,89.0,nan,,ok
1397.085892,173293.0,,mem_uops_retired.all_stores:u,mem_uops_retired.all_stores,8180337.0,89.0,nan,,ok
1397.085892,35458.0,,longest_lat_cache.reference:u,longest_lat_cache.reference,7947809.0,86.0,nan,,ok
1397.085892,3509.0,,longest_lat_cache.miss:u,longest_lat_cache.miss,7967155.0,87.0,nan,,ok
1397.085892,9091.0,,offcore_requests.demand_data_rd:u,offcore_requests.demand_data_rd,7738418.0,85.0,nan,,ok
1397.085892,306498.0,,resource_stalls.any:u,resource_stalls.any,7708849.0,86.0,nan,,ok
1407.320453,2083947.0,,inst_retired.any:u,inst_retired.any,8876546.0,90.0,nan,,ok
1407.320453,3745572.0,,cpu_clk_unhalted.thread:u,cpu_clk_unhalted.thread,8801757.0,89.0,nan,,ok
1407.320453,453809.0,,br_inst_retired.all_branches:u,br_inst_retired.all_branches,8793409.0,89.0,nan,,ok
1407.320453,25149.0,,br_misp_retired.all_branches:u,br_misp_retired.all_branches,8803984.0,89.0,nan,,ok
1407.320453,564059.0,,mem_uops_retired.all_loads:u,mem_uops_retired.all_loads,8795337.0,89.0,nan,,ok
1407.320453,230038.0,,mem_uops_retired.all_stores:u,mem_uops_retired.all_stores,8885832.0,95.0,nan,,ok
1407.320453,13857.0,,longest_lat_cache.reference:u,longest_lat_cache.reference,8185042.0,83.0,nan,,ok
1407.320453,8846.0,,longest_lat_cache.miss:u,longest_lat_cache.miss,8579455.0,87.0,nan,,ok
1407.320453,5955.0,,offcore_requests.demand_data_rd:u,offcore_requests.demand_data_rd,9030419.0,92.0,nan,,ok
1407.320453,367176.0,,resource_stalls.any:u,resource_stalls.any,8483507.0,90.0,nan,,ok
1417.548869,6550331.0,,inst_retired.any:u,inst_retired.any,5268040.0,100.0,nan,,ok
1417.548869,5232960.0,,cpu_clk_unhalted.thread:u,cpu_clk_unhalted.thread,5265304.0,100.0,nan,,ok
1417.548869,1500412.0,,br_inst_retired.all_branches:u,br_inst_retired.all_branches,5263665.0,100.0,nan,,ok
1417.548869,34944.0,,br_misp_retired.all_branches:u,br_misp_retired.all_branches,5262078.0,100.0,nan,,ok
1417.548869,1608970.0,,mem_uops_retired.all_loads:u,mem_uops_retired.all_loads,5260231.0,100.0,nan,,ok
1417.548869,644142.0,,mem_uops_retired.all_stores:u,mem_uops_retired.all_stores,5258570.0,100.0,nan,,ok
1417.548869,31051.0,,longest_lat_cache.reference:u,longest_lat_cache.reference,4815497.0,91.0,nan,,ok
1417.548869,3669.0,,longest_lat_cache.miss:u,longest_lat_cache.miss,3178563.0,60.0,nan,,ok
1417.548869,16576.0,,offcore_requests.demand_data_rd:u,offcore_requests.demand_data_rd,2517151.0,50.0,nan,,ok
1417.548869,677126.0,,resource_stalls.any:u,resource_stalls.any,5252599.0,100.0,nan,,ok
1427.781489,1634766.0,,inst_retired.any:u,inst_retired.any,4376583.0,79.0,nan,,ok
1427.781489,3398106.0,,cpu_clk_unhalted.thread:u,cpu_clk_unhalted.thread,5988548.0,94.0,nan,,ok
1427.781489,430636.0,,br_inst_retired.all_branches:u,br_inst_retired.all_branches,6478943.0,100.0,nan,,ok
1427.781489,25988.0,,br_misp_retired.all_branches:u,br_misp_retired.all_branches,6480861.0,100.0,nan,,ok
1427.781489,550222.0,,mem_uops_retired.all_loads:u,mem_uops_retired.all_loads,6482655.0,100.0,nan,,ok
1427.781489,195603.0,,mem_uops_retired.all_stores:u,mem_uops_retired.all_stores,6484848.0,100.0,nan,,ok
1427.781489,35195.0,,longest_lat_cache.reference:u,longest_lat_cache.reference,6486700.0,100.0,nan,,ok
1427.781489,2902.0,,longest_lat_cache.miss:u,longest_lat_cache.miss,6488938.0,100.0,nan,,ok
1427.781489,14202.0,,offcore_requests.demand_data_rd:u,offcore_requests.demand_data_rd,5628262.0,86.0,nan,,ok
1427.781489,166906.0,,resource_stalls.any:u,resource_stalls.any,1350798.0,26.0,nan,,ok
1437.975604,2283916.0,,inst_retired.any:u,inst_retired.any,5859131.0,89.0,nan,,ok
1437.975604,4184296.0,,cpu_clk_unhalted.thread:u,cpu_clk_unhalted.thread,3382410.0,55.0,nan,,ok
1437.975604,546227.0,,br_inst_retired.all_branches:u,br_inst_retired.all_branches,4655826.0,72.0,nan,,ok
1437.975604,27625.0,,br_misp_retired.all_branches:u,br_misp_retired.all_branches,5766679.0,88.0,nan,,ok
1437.975604,700583.0,,mem_uops_retired.all_loads:u,mem_uops_retired.all_loads,6423621.0,100.0,nan,,ok
1437.975604,300388.0,,mem_uops_retired.all_stores:u,mem_uops_retired.all_stores,6522861.0,100.0,nan,,ok
1437.975604,33741.0,,longest_lat_cache.reference:u,longest_lat_cache.reference,6522873.0,100.0,nan,,ok
1437.975604,5112.0,,longest_lat_cache.miss:u,longest_lat_cache.miss,6522517.0,100.0,nan,,ok
1437.975604,14453.0,,offcore_requests.demand_data_rd:u,offcore_requests.demand_data_rd,6522841.0,100.0,nan,,ok
1437.975604,401676.0,,resource_stalls.any:u,resource_stalls.any,5876964.0,90.0,nan,,ok
1448.2324529999999,2967702.0,,inst_retired.any:u,inst_retired.any,7663639.0,100.0,nan,,ok
1448.2324529999999,3604379.0,,cpu_clk_unhalted.thread:u,cpu_clk_unhalted.thread,7200713.0,93.0,nan,,ok
1448.2324529999999,720144.0,,br_inst_retired.all_branches:u,br_inst_retired.all_branches,4172976.0,58.0,nan,,ok
1448.2324529999999,35216.0,,br_misp_retired.all_branches:u,br_misp_retired.all_branches,5440491.0,76.0,nan,,ok
1448.2324529999999,780937.0,,mem_uops_retired.all_loads:u,mem_uops_retired.all_loads,6205105.0,82.0,nan,,ok
1448.2324529999999,306080.0,,mem_uops_retired.all_stores:u,mem_uops_retired.all_stores,7607599.0,99.0,nan,,ok
1448.2324529999999,42728.0,,longest_lat_cache.reference:u,longest_lat_cache.reference,7651501.0,100.0,nan,,ok
1448.2324529999999,2383.0,,longest_lat_cache.miss:u,longest_lat_cache.miss,7649619.0,100.0,nan,,ok
1448.2324529999999,16281.0,,offcore_requests.demand_data_rd:u,offcore_requests.demand_data_rd,7647637.0,100.0,nan,,ok
1448.2324529999999,173387.0,,resource_stalls.any:u,resource_stalls.any,7645806.0,100.0,nan,,ok
1458.42661,1808516.0,,inst_retired.any:u,inst_retired.any,7853074.0,100.0,nan,,ok
1458.42661,3020640.0,,cpu_clk_unhalted.thread:u,cpu_clk_unhalted.thread,7855756.0,100.0,nan,,ok
1458.42661,470785.0,,br_inst_retired.all_branches:u,br_inst_retired.all_branches,5448537.0,70.0,nan,,ok
1458.42661,20392.0,,br_misp_retired.all_branches:u,br_misp_retired.all_branches,4917351.0,65.0,nan,,ok
1458.42661,428870.0,,mem_uops_retired.all_loads:u,mem_uops_retired.all_loads,5727745.0,75.0,nan,,ok
1458.42661,176223.0,,mem_uops_retired.all_stores:u,mem_uops_retired.all_stores,7487789.0,98.0,nan,,ok
1458.42661,35751.0,,longest_lat_cache.reference:u,longest_lat_cache.reference,7863723.0,100.0,nan,,ok
1458.42661,1384.0,,longest_lat_cache.miss:u,longest_lat_cache.miss,7865288.0,100.0,nan,,ok
1458.42661,13956.0,,offcore_requests.demand_data_rd:u,offcore_requests.demand_data_rd,7866915.0,100.0,nan,,ok
1458.42661,152488.0,,resource_stalls.any:u,resource_stalls.any,7868562.0,100.0,nan,,ok
1468.638003,4631746.0,,inst_retired.any:u,inst_retired.any,9819008.0,100.0,nan,,ok
1468.638003,5975663.0,,cpu_clk_unhalted.thread:u,cpu_clk_unhalted.thread,9816326.0,100.0,nan,,ok
1468.638003,1152304.0,,br_inst_retired.all_branches:u,br_inst_retired.all_branches,7647222.0,77.0,nan,,ok
1468.638003,54775.0,,br_misp_retired.all_branches:u,br_misp_retired.all_branches,6311592.0,64.0,nan,,ok
1468.638003,1105154.0,,mem_uops_retired.all_loads:u,mem_uops_retired.all_loads,8645137.0,89.0,nan,,ok
1468.638003,417146.0,,mem_uops_retired.all_stores:u,mem_uops_retired.all_stores,8810793.0,89.0,nan,,ok
1468.638003,50568.0,,longest_lat_cache.reference:u,longest_lat_cache.reference,8848654.0,90.0,nan,,ok
1468.638003,8838.0,,longest_lat_cache.miss:u,longest_lat_cache.miss,8807978.0,89.0,nan,,ok
1468.638003,33790.0,,offcore_requests.demand_data_rd:u,offcore_requests.demand_data_rd,9783768.0,99.0,nan,,ok
1468.638003,837089.0,,resource_stalls.any:u,resource_stalls.any,9803520.0,100.0,nan,,ok
1478.846549,1574594.0,,inst_retired.any:u,inst_retired.any,7243285.0,100.0,nan,,ok
1478.846549,3003272.0,,cpu_clk_unhalted.thread:u,cpu_clk_unhalted.thread,7254052.0,100.0,nan,,ok
1478.846549,346889.0,,br_inst_retired.all_branches:u,br_inst_retired.all_branches,7261183.0,100.0,nan,,ok
1478.846549,22775.0,,br_misp_retired.all_branches:u,br_misp_retired.all_branches,6678613.0,96.0,nan,,ok
1478.846549,409954.0,,mem_uops_retired.all_loads:u,mem_uops_retired.all_loads,5376333.0,79.0,nan,,ok
1478.846549,166095.0,,mem_uops_retired.all_stores:u,mem_uops_retired.all_stores,3501280.0,50.0,nan,,ok
1478.846549,28417.0,,longest_lat_cache.reference:u,longest_lat_cache.reference,6510062.0,91.0,nan,,ok
1478.846549,1961.0,,longest_lat_cache.miss:u,longest_lat_cache.miss,7296591.0,100.0,nan,,ok
1478.846549,12614.0,,offcore_requests.demand_data_rd:u,offcore_requests.demand_data_rd,7072097.0,99.0,nan,,ok
1478.846549,154452.0,,resource_stalls.any:u,resource_stalls.any,7313129.0,100.0,nan,,ok
1489.040961,9961769.0,,inst_retired.any:u,inst_retired.any,9177840.0,90.0,nan,,ok
1489.040961,12918695.0,,cpu_clk_unhalted.thread:u,cpu_clk_unhalted.thread,9125005.0,89.0,nan,,ok
1489.040961,3487589.0,,br_inst_retired.all_branches:u,br_inst_retired.all_branches,9167124.0,90.0,nan,,ok
1489.040961,276499.0,,br_misp_retired.all_branches:u,br_misp_retired.all_branches,10137029.0,99.0,nan,,ok
1489.040961,1886262.0,,mem_uops_retired.all_loads:u,mem_uops_retired.all_loads,10155574.0,100.0,nan,,ok
1489.040961,1206548.0,,mem_uops_retired.all_stores:u,mem_uops_retired.all_stores,9267637.0,91.0,nan,,ok
1489.040961,52187.0,,longest_lat_cache.reference:u,longest_lat_cache.reference,7595493.0,74.0,nan,,ok
1489.040961,6508.0,,longest_lat_cache.miss:u,longest_lat_cache.miss,8542819.0,84.0,nan,,ok
1489.040961,23839.0,,offcore_requests.demand_data_rd:u,offcore_requests.demand_data_rd,9090707.0,89.0,nan,,ok
1489.040961,1275659.0,,resource_stalls.any:u,resource_stalls.any,8133302.0,80.0,nan,,ok
1499.24363,27388371.0,,inst_retired.any:u,inst_retired.any,10825803.0,100.0,nan,,ok
1499.24363,21013296.0,,cpu_clk_unhalted.thread:u,cpu_clk_unhalted.thread,9909420.0,91.0,nan,,ok
1499.24363,3931949.0,,br_inst_retired.all_branches:u,br_inst_retired.all_branches,9838802.0,90.0,nan,,ok
1499.24363,13854.0,,br_misp_retired.all_branches:u,br_misp_retired.all_branches,8106002.0,74.0,nan,,ok
1499.24363,4278433.0,,mem_uops_retired.all_loads:u,mem_uops_retired.all_loads,9347624.0,86.0,nan,,ok
1499.24363,3174141.0,,mem_uops_retired.all_stores:u,mem_uops_retired.all_stores,9023983.0,83.0,nan,,ok
1499.24363,55543.0,,longest_lat_cache.reference:u,longest_lat_cache.reference,9055471.0,85.0,nan,,ok
1499.24363,25453.0,,longest_lat_cache.miss:u,longest_lat_cache.miss,9792505.0,99.0,nan,,ok
1499.24363,9669.0,,offcore_requests.demand_data_rd:u,offcore_requests.demand_data_rd,10866457.0,100.0,nan,,ok
1499.24363,1554867.0,,resource_stalls.any:u,resource_stalls.any,10871873.0,100.0,nan,,ok
1507.799967,2428722.0,,inst_retired.any:u,inst_retired.any,5808185.0,100.0,nan,,ok
1507.799967,3603860.0,,cpu_clk_unhalted.thread:u,cpu_clk_unhalted.thread,5796934.0,100.0,nan,,ok
1507.799967,541584.0,,br_inst_retired.all_branches:u,br_inst_retired.all_branches,5789247.0,100.0,nan,,ok
1507.799967,24627.0,,br_misp_retired.all_branches:u,br_misp_retired.all_branches,5781364.0,100.0,nan,,ok
1507.799967,667304.0,,mem_uops_retired.all_loads:u,mem_uops_retired.all_loads,5773076.0,100.0,nan,,ok
1507.799967,131692.0,,mem_uops_retired.all_stores:u,mem_uops_retired.all_stores,3922404.0,68.0,nan,,ok
1507.799967,42238.0,,longest_lat_cache.reference:u,longest_lat_cache.reference,3582548.0,65.0,nan,,ok
1507.799967,5705.0,,longest_lat_cache.miss:u,longest_lat_cache.miss,4014595.0,72.0,nan,,ok
1507.799967,14715.0,,offcore_requests.demand_data_rd:u,offcore_requests.demand_data_rd,5746209.0,100.0,nan,,ok
1507.799967,727079.0,,resource_stalls.any:u,resource_stalls.any,5738352.0,100.0,nan,,ok
