timestamp_ms,value,unit,event_name,event_name_normalized,runtime_ns,enabled_pct,metric_value,metric_unit,status
10.091137,10582234.0,,instructions:u,instructions,2798732.0,38.0,0.96,insn per cycle,ok
10.091137,nan,,,,nan,nan,0.27,stalled cycles per insn,unknown
10.091137,10978843.0,,cycles:u,cycles,3239087.0,45.0,nan,,ok
10.091137,2734506.0,,branches:u,branches,4211918.0,58.0,nan,,ok
10.091137,48434.0,,branch-misses:u,branch-misses,4793470.0,66.0,1.77,of all branches,ok
10.091137,3515140.0,,L1-dcache-loads:u,l1-dcache-loads,4582633.0,63.0,nan,,ok
10.091137,93663.0,,cache-references:u,cache-references,4417997.0,61.0,nan,,ok
10.091137,11951.0,,cache-misses:u,cache-misses,3951398.0,54.0,12.76,of all cache refs,ok
10.091137,2824788.0,,stalled-cycles-frontend:u,stalled-cycles-frontend,1627369.0,22.0,25.73,frontend cycles idle,ok
20.647624,3456190.0,,instructions:u,instructions,3599299.0,40.0,0.61,insn per cycle,ok
20.647624,nan,,,,nan,nan,0.62,stalled cycles per insn,unknown
20.647624,5648749.0,,cycles:u,cycles,3125307.0,35.0,nan,,ok
20.647624,2104366.0,,branches:u,branches,4117419.0,46.0,nan,,ok
20.647624,65595.0,,branch-misses:u,branch-misses,5109892.0,57.0,3.12,of all branches,ok
20.647624,7024023.0,,L1-dcache-loads:u,l1-dcache-loads,4835939.0,54.0,nan,,ok
20.647624,254472.0,,cache-references:u,cache-references,5227226.0,59.0,nan,,ok
20.647624,8722.0,,cache-misses:u,cache-misses,5727462.0,64.0,3.43,of all cache refs,ok
20.647624,2148362.0,,stalled-cycles-frontend:u,stalled-cycles-frontend,2598105.0,29.0,38.03,frontend cycles idle,ok
31.117646,1875362.0,,instructions:u,instructions,4702703.0,89.0,0.51,insn per cycle,ok
31.117646,nan,,,,nan,nan,2.26,stalled cycles per insn,unknown
31.117646,3684772.0,,cycles:u,cycles,6835702.0,100.0,nan,,ok
31.117646,532514.0,,branches:u,branches,8833832.0,100.0,nan,,ok
31.117646,35231.0,,branch-misses:u,branch-misses,9585020.0,100.0,6.62,of all branches,ok
31.117646,774837.0,,L1-dcache-loads:u,l1-dcache-loads,7862267.0,82.0,nan,,ok
31.117646,95857.0,,cache-references:u,cache-references,4882317.0,50.0,nan,,ok
31.117646,18386.0,,cache-misses:u,cache-misses,2749318.0,28.0,19.18,of all cache refs,ok
31.117646,4230544.0,,stalled-cycles-frontend:u,stalled-cycles-frontend,1722753.0,19.0,114.81,frontend cycles idle,ok
41.615297000000005,1399300.0,,instructions:u,instructions,3358402.0,94.0,0.4,insn per cycle,ok
41.615297000000005,nan,,,,nan,nan,3.87,stalled cycles per insn,unknown
41.615297000000005,3457505.0,,cycles:u,cycles,5461413.0,100.0,nan,,ok
41.615297000000005,546377.0,,branches:u,branches,8474977.0,100.0,nan,,ok
41.615297000000005,39176.0,,branch-misses:u,branch-misses,9970660.0,100.0,7.17,of all branches,ok
41.615297000000005,995672.0,,L1-dcache-loads:u,l1-dcache-loads,9024077.0,90.0,nan,,ok
41.615297000000005,122648.0,,cache-references:u,cache-references,6623413.0,66.0,nan,,ok
41.615297000000005,18135.0,,cache-misses:u,cache-misses,4496727.0,45.0,14.79,of all cache refs,ok
41.615297000000005,5416505.0,,stalled-cycles-frontend:u,stalled-cycles-frontend,952402.0,11.0,156.66,frontend cycles idle,ok
52.109449000000005,nan,,instructions:u,instructions,0.0,0.0,nan,,ok
52.109449000000005,2037279.0,,cycles:u,cycles,1107272.0,33.0,nan,,ok
52.109449000000005,313704.0,,branches:u,branches,3252370.0,63.0,nan,,ok
52.109449000000005,30516.0,,branch-misses:u,branch-misses,7204394.0,90.0,9.73,of all branches,ok
52.109449000000005,1083746.0,,L1-dcache-loads:u,l1-dcache-loads,9195332.0,100.0,nan,,ok
52.109449000000005,139162.0,,cache-references:u,cache-references,9195919.0,100.0,nan,,ok
52.109449000000005,14288.0,,cache-misses:u,cache-misses,8118627.0,88.0,10.27,of all cache refs,ok
52.109449000000005,nan,,stalled-cycles-frontend:u,stalled-cycles-frontend,0.0,0.0,nan,,ok
62.57083300000001,1979662.0,,instructions:u,instructions,4460859.0,56.0,0.78,insn per cycle,ok
62.57083300000001,nan,,,,nan,nan,1.06,stalled cycles per insn,unknown
62.57083300000001,2531353.0,,cycles:u,cycles,1500014.0,19.0,nan,,ok
62.57083300000001,252507.0,,branches:u,branches,1500014.0,19.0,nan,,ok
62.57083300000001,20364.0,,branch-misses:u,branch-misses,1741060.0,22.0,8.06,of all branches,ok
62.57083300000001,954582.0,,L1-dcache-loads:u,l1-dcache-loads,2453956.0,32.0,nan,,ok
62.57083300000001,92279.0,,cache-references:u,cache-references,5193189.0,96.0,nan,,ok
62.57083300000001,19884.0,,cache-misses:u,cache-misses,8172071.0,100.0,21.55,of all cache refs,ok
62.57083300000001,2088753.0,,stalled-cycles-frontend:u,stalled-cycles-frontend,4492147.0,50.0,82.52,frontend cycles idle,ok
73.042362,1981731.0,,instructions:u,instructions,7513534.0,94.0,0.45,insn per cycle,ok
73.042362,nan,,,,nan,nan,1.2,stalled cycles per insn,unknown
73.042362,4417907.0,,cycles:u,cycles,7931348.0,90.0,nan,,ok
73.042362,513530.0,,branches:u,branches,8894995.0,91.0,nan,,ok
73.042362,33955.0,,branch-misses:u,branch-misses,8901219.0,91.0,6.61,of all branches,ok
73.042362,812169.0,,L1-dcache-loads:u,l1-dcache-loads,5123456.0,52.0,nan,,ok
73.042362,108127.0,,cache-references:u,cache-references,2262894.0,25.0,nan,,ok
73.042362,6435.0,,cache-misses:u,cache-misses,1796365.0,25.0,5.95,of all cache refs,ok
73.042362,2380861.0,,stalled-cycles-frontend:u,stalled-cycles-frontend,4615798.0,58.0,53.89,frontend cycles idle,ok
83.533015,1978968.0,,instructions:u,instructions,3984931.0,68.0,0.48,insn per cycle,ok
83.533015,nan,,,,nan,nan,1.79,stalled cycles per insn,unknown
83.533015,4122521.0,,cycles:u,cycles,5908818.0,83.0,nan,,ok
83.533015,531673.0,,branches:u,branches,8850726.0,98.0,nan,,ok
83.533015,33200.0,,branch-misses:u,branch-misses,9166834.0,100.0,6.24,of all branches,ok
83.533015,845726.0,,L1-dcache-loads:u,l1-dcache-loads,7191206.0,78.0,nan,,ok
83.533015,117890.0,,cache-references:u,cache-references,5183693.0,56.0,nan,,ok
83.533015,11541.0,,cache-misses:u,cache-misses,3290259.0,35.0,9.79,of all cache refs,ok
83.533015,3545606.0,,stalled-cycles-frontend:u,stalled-cycles-frontend,1975572.0,21.0,86.01,frontend cycles idle,ok
94.008187,1877131.0,,instructions:u,instructions,5166753.0,91.0,0.47,insn per cycle,ok
94.008187,nan,,,,nan,nan,2.14,stalled cycles per insn,unknown
94.008187,3969272.0,,cycles:u,cycles,7227926.0,100.0,nan,,ok
94.008187,539456.0,,branches:u,branches,9225822.0,100.0,nan,,ok
94.008187,34354.0,,branch-misses:u,branch-misses,9802068.0,100.0,6.37,of all branches,ok
94.008187,807357.0,,L1-dcache-loads:u,l1-dcache-loads,7634521.0,77.0,nan,,ok
94.008187,99237.0,,cache-references:u,cache-references,4621509.0,47.0,nan,,ok
94.008187,15659.0,,cache-misses:u,cache-misses,2554256.0,26.0,15.78,of all cache refs,ok
94.008187,4019239.0,,stalled-cycles-frontend:u,stalled-cycles-frontend,2161473.0,23.0,101.26,frontend cycles idle,ok
104.516678,1981589.0,,instructions:u,instructions,3383029.0,63.0,0.56,insn per cycle,ok
104.516678,nan,,,,nan,nan,1.91,stalled cycles per insn,unknown
104.516678,3526383.0,,cycles:u,cycles,5325457.0,82.0,nan,,ok
104.516678,522117.0,,branches:u,branches,8322336.0,98.0,nan,,ok
104.516678,34434.0,,branch-misses:u,branch-misses,9210347.0,100.0,6.6,of all branches,ok
104.516678,819643.0,,L1-dcache-loads:u,l1-dcache-loads,7769455.0,84.0,nan,,ok
104.516678,110419.0,,cache-references:u,cache-references,5839465.0,63.0,nan,,ok
104.516678,17821.0,,cache-misses:u,cache-misses,3902718.0,42.0,16.14,of all cache refs,ok
104.516678,3782393.0,,stalled-cycles-frontend:u,stalled-cycles-frontend,1447057.0,17.0,107.26,frontend cycles idle,ok
114.987081,1835373.0,,instructions:u,instructions,2943072.0,83.0,0.51,insn per cycle,ok
114.987081,nan,,,,nan,nan,2.86,stalled cycles per insn,unknown
114.987081,3585026.0,,cycles:u,cycles,5360734.0,100.0,nan,,ok
114.987081,494954.0,,branches:u,branches,7192567.0,100.0,nan,,ok
114.987081,34918.0,,branch-misses:u,branch-misses,8975803.0,100.0,7.05,of all branches,ok
114.987081,1033196.0,,L1-dcache-loads:u,l1-dcache-loads,8817363.0,94.0,nan,,ok
114.987081,109583.0,,cache-references:u,cache-references,6372493.0,68.0,nan,,ok
114.987081,15818.0,,cache-misses:u,cache-misses,3925088.0,42.0,14.43,of all cache refs,ok
114.987081,5246846.0,,stalled-cycles-frontend:u,stalled-cycles-frontend,498265.0,6.0,146.35,frontend cycles idle,ok
125.45832200000001,2868061.0,,instructions:u,instructions,1258256.0,30.0,0.76,insn per cycle,ok
125.45832200000001,3785382.0,,cycles:u,cycles,3667870.0,66.0,nan,,ok
125.45832200000001,407949.0,,branches:u,branches,6140107.0,85.0,nan,,ok
125.45832200000001,34426.0,,branch-misses:u,branch-misses,9143713.0,99.0,8.44,of all branches,ok
125.45832200000001,1147204.0,,L1-dcache-loads:u,l1-dcache-loads,9825705.0,100.0,nan,,ok
125.45832200000001,118799.0,,cache-references:u,cache-references,8561530.0,87.0,nan,,ok
125.45832200000001,16231.0,,cache-misses:u,cache-misses,6175978.0,62.0,13.66,of all cache refs,ok
125.45832200000001,nan,,stalled-cycles-frontend:u,stalled-cycles-frontend,0.0,0.0,nan,,ok
135.886879,1723305.0,,instructions:u,instructions,2033631.0,80.0,0.53,insn per cycle,ok
135.886879,3269768.0,,cycles:u,cycles,4521514.0,100.0,nan,,ok
135.886879,427172.0,,branches:u,branches,6173784.0,100.0,nan,,ok
135.886879,32787.0,,branch-misses:u,branch-misses,8124864.0,100.0,7.68,of all branches,ok
135.886879,1154504.0,,L1-dcache-loads:u,l1-dcache-loads,9103354.0,100.0,nan,,ok
135.886879,104890.0,,cache-references:u,cache-references,7075980.0,77.0,nan,,ok
135.886879,14872.0,,cache-misses:u,cache-misses,4563052.0,50.0,14.18,of all cache refs,ok
135.886879,nan,,stalled-cycles-frontend:u,stalled-cycles-frontend,0.0,0.0,nan,,ok
146.32506,2663332.0,,instructions:u,instructions,1225242.0,30.0,0.72,insn per cycle,ok
146.32506,3719410.0,,cycles:u,cycles,3742951.0,68.0,nan,,ok
146.32506,396260.0,,branches:u,branches,6221005.0,87.0,nan,,ok
146.32506,33752.0,,branch-misses:u,branch-misses,9081892.0,100.0,8.52,of all branches,ok
146.32506,1130221.0,,L1-dcache-loads:u,l1-dcache-loads,9780263.0,100.0,nan,,ok
146.32506,117541.0,,cache-references:u,cache-references,8554862.0,87.0,nan,,ok
146.32506,16117.0,,cache-misses:u,cache-misses,6068200.0,62.0,13.71,of all cache refs,ok
146.32506,nan,,stalled-cycles-frontend:u,stalled-cycles-frontend,0.0,0.0,nan,,ok
156.77638199999998,1680482.0,,instructions:u,instructions,2159840.0,85.0,0.51,insn per cycle,ok
156.77638199999998,3320154.0,,cycles:u,cycles,4537679.0,100.0,nan,,ok
156.77638199999998,437032.0,,branches:u,branches,6198252.0,100.0,nan,,ok
156.77638199999998,33512.0,,branch-misses:u,branch-misses,8217871.0,100.0,7.67,of all branches,ok
156.77638199999998,1174013.0,,L1-dcache-loads:u,l1-dcache-loads,9234869.0,100.0,nan,,ok
156.77638199999998,108085.0,,cache-references:u,cache-references,7075244.0,76.0,nan,,ok
156.77638199999998,15068.0,,cache-misses:u,cache-misses,4665830.0,50.0,13.94,of all cache refs,ok
156.77638199999998,nan,,stalled-cycles-frontend:u,stalled-cycles-frontend,0.0,0.0,nan,,ok
167.217058,2748035.0,,instructions:u,instructions,1131188.0,30.0,0.76,insn per cycle,ok
167.217058,3611782.0,,cycles:u,cycles,3751706.0,70.0,nan,,ok
167.217058,390024.0,,branches:u,branches,6101382.0,88.0,nan,,ok
167.217058,33074.0,,branch-misses:u,branch-misses,8918064.0,100.0,8.48,of all branches,ok
167.217058,1115746.0,,L1-dcache-loads:u,l1-dcache-loads,9714116.0,100.0,nan,,ok
167.217058,112296.0,,cache-references:u,cache-references,8583191.0,88.0,nan,,ok
167.217058,16571.0,,cache-misses:u,cache-misses,5994217.0,61.0,14.76,of all cache refs,ok
167.217058,nan,,stalled-cycles-frontend:u,stalled-cycles-frontend,0.0,0.0,nan,,ok
177.666686,1666948.0,,instructions:u,instructions,1924896.0,88.0,0.54,insn per cycle,ok
177.666686,3110778.0,,cycles:u,cycles,4134920.0,100.0,nan,,ok
177.666686,434403.0,,branches:u,branches,5777793.0,100.0,nan,,ok
177.666686,32762.0,,branch-misses:u,branch-misses,7956376.0,100.0,7.54,of all branches,ok
177.666686,1195257.0,,L1-dcache-loads:u,l1-dcache-loads,9200855.0,100.0,nan,,ok
177.666686,104104.0,,cache-references:u,cache-references,7275120.0,79.0,nan,,ok
177.666686,14201.0,,cache-misses:u,cache-misses,5034588.0,54.0,13.64,of all cache refs,ok
177.666686,nan,,stalled-cycles-frontend:u,stalled-cycles-frontend,0.0,0.0,nan,,ok
188.103838,2882645.0,,instructions:u,instructions,1096158.0,30.0,0.8,insn per cycle,ok
188.103838,3597823.0,,cycles:u,cycles,3756893.0,70.0,nan,,ok
188.103838,397277.0,,branches:u,branches,6234970.0,89.0,nan,,ok
188.103838,33704.0,,branch-misses:u,branch-misses,8941115.0,100.0,8.48,of all branches,ok
188.103838,1131266.0,,L1-dcache-loads:u,l1-dcache-loads,9771551.0,100.0,nan,,ok
188.103838,115355.0,,cache-references:u,cache-references,8675532.0,88.0,nan,,ok
188.103838,16660.0,,cache-misses:u,cache-misses,6045239.0,61.0,14.44,of all cache refs,ok
188.103838,nan,,stalled-cycles-frontend:u,stalled-cycles-frontend,0.0,0.0,nan,,ok
198.55592099999998,1609541.0,,instructions:u,instructions,2895301.0,100.0,0.51,insn per cycle,ok
198.55592099999998,3173052.0,,cycles:u,cycles,4582334.0,100.0,nan,,ok
198.55592099999998,491236.0,,branches:u,branches,6416482.0,100.0,nan,,ok
198.55592099999998,33838.0,,branch-misses:u,branch-misses,8237559.0,100.0,6.89,of all branches,ok
198.55592099999998,1222971.0,,L1-dcache-loads:u,l1-dcache-loads,9106498.0,100.0,nan,,ok
198.55592099999998,106229.0,,cache-references:u,cache-references,6178579.0,67.0,nan,,ok
198.55592099999998,13872.0,,cache-misses:u,cache-misses,4494232.0,49.0,13.06,of all cache refs,ok
198.55592099999998,nan,,stalled-cycles-frontend:u,stalled-cycles-frontend,0.0,0.0,nan,,ok
208.99349,2268318.0,,instructions:u,instructions,1817803.0,42.0,0.63,insn per cycle,ok
208.99349,3625037.0,,cycles:u,cycles,4630970.0,76.0,nan,,ok
208.99349,449618.0,,branches:u,branches,7286658.0,92.0,nan,,ok
208.99349,32607.0,,branch-misses:u,branch-misses,9312366.0,100.0,7.25,of all branches,ok
208.99349,1099306.0,,L1-dcache-loads:u,l1-dcache-loads,9761762.0,100.0,nan,,ok
208.99349,108308.0,,cache-references:u,cache-references,7976955.0,81.0,nan,,ok
208.99349,17403.0,,cache-misses:u,cache-misses,5161549.0,52.0,16.07,of all cache refs,ok
208.99349,nan,,stalled-cycles-frontend:u,stalled-cycles-frontend,0.0,0.0,nan,,ok
219.433035,947172.0,,instructions:u,instructions,1541336.0,34.0,0.23,insn per cycle,ok
219.433035,nan,,,,nan,nan,1.94,stalled cycles per insn,unknown
219.433035,4178343.0,,cycles:u,cycles,991085.0,20.0,nan,,ok
219.433035,462870.0,,branches:u,branches,2327305.0,39.0,nan,,ok
219.433035,32357.0,,branch-misses:u,branch-misses,3846700.0,54.0,6.99,of all branches,ok
219.433035,1293197.0,,L1-dcache-loads:u,l1-dcache-loads,6235124.0,77.0,nan,,ok
219.433035,133827.0,,cache-references:u,cache-references,7630320.0,100.0,nan,,ok
219.433035,15913.0,,cache-misses:u,cache-misses,8180454.0,94.0,11.89,of all cache refs,ok
219.433035,1833549.0,,stalled-cycles-frontend:u,stalled-cycles-frontend,1541336.0,18.0,43.88,frontend cycles idle,ok
229.89521399999998,2590656.0,,instructions:u,instructions,6824811.0,80.0,0.52,insn per cycle,ok
229.89521399999998,nan,,,,nan,nan,0.62,stalled cycles per insn,unknown
229.89521399999998,4948193.0,,cycles:u,cycles,6883933.0,75.0,nan,,ok
229.89521399999998,585581.0,,branches:u,branches,6889817.0,75.0,nan,,ok
229.89521399999998,34368.0,,branch-misses:u,branch-misses,6895285.0,75.0,5.87,of all branches,ok
229.89521399999998,1121474.0,,L1-dcache-loads:u,l1-dcache-loads,4685325.0,51.0,nan,,ok
229.89521399999998,125320.0,,cache-references:u,cache-references,2315832.0,27.0,nan,,ok
229.89521399999998,11004.0,,cache-misses:u,cache-misses,2227405.0,32.0,8.78,of all cache refs,ok
229.89521399999998,1617731.0,,stalled-cycles-frontend:u,stalled-cycles-frontend,3275973.0,55.0,32.69,frontend cycles idle,ok
240.374058,21522.0,,instructions:u,instructions,113672.0,3.0,0.01,insn per cycle,ok
240.374058,3131034.0,,cycles:u,cycles,2790929.0,50.0,nan,,ok
240.374058,549284.0,,branches:u,branches,6386961.0,78.0,nan,,ok
240.374058,32316.0,,branch-misses:u,branch-misses,8222655.0,91.0,5.88,of all branches,ok
240.374058,1109541.0,,L1-dcache-loads:u,l1-dcache-loads,9043341.0,99.0,nan,,ok
240.374058,135795.0,,cache-references:u,cache-references,8941285.0,98.0,nan,,ok
240.374058,15419.0,,cache-misses:u,cache-misses,6293271.0,69.0,11.35,of all cache refs,ok
240.374058,nan,,stalled-cycles-frontend:u,stalled-cycles-frontend,0.0,0.0,nan,,ok
250.838251,0.0,,instructions:u,instructions,217710.0,2.0,nan,,ok
250.838251,nan,,cycles:u,cycles,0.0,0.0,nan,,ok
250.838251,310005.0,,branches:u,branches,2418259.0,100.0,nan,,ok
250.838251,19791.0,,branch-misses:u,branch-misses,4426268.0,100.0,6.38,of all branches,ok
250.838251,957340.0,,L1-dcache-loads:u,l1-dcache-loads,6067950.0,100.0,nan,,ok
250.838251,152073.0,,cache-references:u,cache-references,8983717.0,100.0,nan,,ok
250.838251,18882.0,,cache-misses:u,cache-misses,9195254.0,100.0,12.42,of all cache refs,ok
250.838251,0.0,,stalled-cycles-frontend:u,stalled-cycles-frontend,217710.0,2.0,nan,,ok
261.263524,0.0,,instructions:u,instructions,32302.0,0.0,nan,,ok
261.263524,nan,,cycles:u,cycles,0.0,0.0,nan,,ok
261.263524,341678.0,,branches:u,branches,2963457.0,100.0,nan,,ok
261.263524,20282.0,,branch-misses:u,branch-misses,4963186.0,100.0,5.94,of all branches,ok
261.263524,1016146.0,,L1-dcache-loads:u,l1-dcache-loads,6563458.0,100.0,nan,,ok
261.263524,140691.0,,cache-references:u,cache-references,8566383.0,100.0,nan,,ok
261.263524,15784.0,,cache-misses:u,cache-misses,8604695.0,100.0,11.22,of all cache refs,ok
261.263524,0.0,,stalled-cycles-frontend:u,stalled-cycles-frontend,32302.0,0.0,nan,,ok
271.713334,1067346.0,,instructions:u,instructions,895793.0,14.0,nan,,ok
271.713334,nan,,,,nan,nan,1.65,stalled cycles per insn,unknown
271.713334,nan,,cycles:u,cycles,0.0,0.0,nan,,ok
271.713334,21841.0,,branches:u,branches,196050.0,7.0,nan,,ok
271.713334,17063.0,,branch-misses:u,branch-misses,2214422.0,48.0,78.12,of all branches,ok
271.713334,977126.0,,L1-dcache-loads:u,l1-dcache-loads,5268737.0,82.0,nan,,ok
271.713334,126968.0,,cache-references:u,cache-references,8127491.0,100.0,nan,,ok
271.713334,16464.0,,cache-misses:u,cache-misses,9023373.0,100.0,12.97,of all cache refs,ok
271.713334,1766457.0,,stalled-cycles-frontend:u,stalled-cycles-frontend,895793.0,11.0,nan,,ok
282.187118,2321219.0,,instructions:u,instructions,7136620.0,77.0,0.7,insn per cycle,ok
282.187118,nan,,,,nan,nan,0.83,stalled cycles per insn,unknown
282.187118,3298946.0,,cycles:u,cycles,3297195.0,39.0,nan,,ok
282.187118,317364.0,,branches:u,branches,3297195.0,42.0,nan,,ok
282.187118,22668.0,,branch-misses:u,branch-misses,3297195.0,42.0,7.14,of all branches,ok
282.187118,477935.0,,L1-dcache-loads:u,l1-dcache-loads,963072.0,13.0,nan,,ok
282.187118,112582.0,,cache-references:u,cache-references,2053254.0,40.0,nan,,ok
282.187118,13185.0,,cache-misses:u,cache-misses,5886580.0,100.0,11.71,of all cache refs,ok
282.187118,1915974.0,,stalled-cycles-frontend:u,stalled-cycles-frontend,6366539.0,75.0,58.08,frontend cycles idle,ok
292.666322,2128821.0,,instructions:u,instructions,4269182.0,66.0,0.35,insn per cycle,ok
292.666322,nan,,,,nan,nan,1.18,stalled cycles per insn,unknown
292.666322,6005787.0,,cycles:u,cycles,7670438.0,85.0,nan,,ok
292.666322,606371.0,,branches:u,branches,9455940.0,96.0,nan,,ok
292.666322,34612.0,,branch-misses:u,branch-misses,9640650.0,98.0,5.71,of all branches,ok
292.666322,1136797.0,,L1-dcache-loads:u,l1-dcache-loads,8526876.0,86.0,nan,,ok
292.666322,133642.0,,cache-references:u,cache-references,5571397.0,56.0,nan,,ok
292.666322,14330.0,,cache-misses:u,cache-misses,2176167.0,23.0,10.72,of all cache refs,ok
292.666322,2504207.0,,stalled-cycles-frontend:u,stalled-cycles-frontend,1306851.0,20.0,41.7,frontend cycles idle,ok
303.14730499999996,35503.0,,instructions:u,instructions,178638.0,3.0,0.01,insn per cycle,ok
303.14730499999996,nan,,,,nan,nan,9.13,stalled cycles per insn,unknown
303.14730499999996,5901528.0,,cycles:u,cycles,1193357.0,20.0,nan,,ok
303.14730499999996,412601.0,,branches:u,branches,2847452.0,65.0,nan,,ok
303.14730499999996,22749.0,,branch-misses:u,branch-misses,5374449.0,91.0,5.51,of all branches,ok
303.14730499999996,984902.0,,L1-dcache-loads:u,l1-dcache-loads,7607845.0,100.0,nan,,ok
303.14730499999996,130118.0,,cache-references:u,cache-references,8722683.0,100.0,nan,,ok
303.14730499999996,11687.0,,cache-misses:u,cache-misses,7707926.0,86.0,8.98,of all cache refs,ok
303.14730499999996,324101.0,,stalled-cycles-frontend:u,stalled-cycles-frontend,178638.0,2.0,5.49,frontend cycles idle,ok
313.623546,86024.0,,instructions:u,instructions,742311.0,7.0,nan,,ok
313.623546,nan,,,,nan,nan,6.65,stalled cycles per insn,unknown
313.623546,nan,,cycles:u,cycles,0.0,0.0,nan,,ok
313.623546,386016.0,,branches:u,branches,2105271.0,90.0,nan,,ok
313.623546,20604.0,,branch-misses:u,branch-misses,4340395.0,100.0,5.34,of all branches,ok
313.623546,985064.0,,L1-dcache-loads:u,l1-dcache-loads,6201098.0,100.0,nan,,ok
313.623546,162711.0,,cache-references:u,cache-references,9190640.0,100.0,nan,,ok
313.623546,20432.0,,cache-misses:u,cache-misses,9933101.0,100.0,12.56,of all cache refs,ok
313.623546,571920.0,,stalled-cycles-frontend:u,stalled-cycles-frontend,742311.0,7.0,nan,,ok
324.090144,332975.0,,instructions:u,instructions,685697.0,7.0,nan,,ok
324.090144,nan,,,,nan,nan,2.86,stalled cycles per insn,unknown
324.090144,nan,,cycles:u,cycles,0.0,0.0,nan,,ok
324.090144,491520.0,,branches:u,branches,1445090.0,49.0,nan,,ok
324.090144,20925.0,,branch-misses:u,branch-misses,4212120.0,89.0,4.26,of all branches,ok
324.090144,833272.0,,L1-dcache-loads:u,l1-dcache-loads,6334303.0,100.0,nan,,ok
324.090144,131862.0,,cache-references:u,cache-references,8327483.0,100.0,nan,,ok
324.090144,15540.0,,cache-misses:u,cache-misses,9013520.0,100.0,11.79,of all cache refs,ok
324.090144,952466.0,,stalled-cycles-frontend:u,stalled-cycles-frontend,685697.0,7.0,nan,,ok
334.563114,1027676.0,,instructions:u,instructions,1513625.0,15.0,nan,,ok
334.563114,nan,,,,nan,nan,1.56,stalled cycles per insn,unknown
334.563114,nan,,cycles:u,cycles,0.0,0.0,nan,,ok
334.563114,318212.0,,branches:u,branches,1095126.0,70.0,nan,,ok
334.563114,17015.0,,branch-misses:u,branch-misses,3387864.0,95.0,5.35,of all branches,ok
334.563114,889267.0,,L1-dcache-loads:u,l1-dcache-loads,5299559.0,100.0,nan,,ok
334.563114,145156.0,,cache-references:u,cache-references,8176774.0,100.0,nan,,ok
334.563114,21004.0,,cache-misses:u,cache-misses,9689804.0,100.0,14.47,of all cache refs,ok
334.563114,1601053.0,,stalled-cycles-frontend:u,stalled-cycles-frontend,1513625.0,15.0,nan,,ok
345.023576,2342882.0,,instructions:u,instructions,5858746.0,60.0,0.75,insn per cycle,ok
345.023576,nan,,,,nan,nan,0.94,stalled cycles per insn,unknown
345.023576,3132541.0,,cycles:u,cycles,2260151.0,25.0,nan,,ok
345.023576,230073.0,,branches:u,branches,2266703.0,36.0,nan,,ok
345.023576,16712.0,,branch-misses:u,branch-misses,2272926.0,36.0,7.26,of all branches,ok
345.023576,454062.0,,L1-dcache-loads:u,l1-dcache-loads,1396425.0,22.0,nan,,ok
345.023576,97905.0,,cache-references:u,cache-references,3724314.0,60.0,nan,,ok
345.023576,17111.0,,cache-misses:u,cache-misses,7324511.0,83.0,17.48,of all cache refs,ok
345.023576,2199340.0,,stalled-cycles-frontend:u,stalled-cycles-frontend,5442948.0,56.0,70.21,frontend cycles idle,ok
355.524635,2514699.0,,instructions:u,instructions,6091110.0,84.0,0.63,insn per cycle,ok
355.524635,nan,,,,nan,nan,1.13,stalled cycles per insn,unknown
355.524635,3983524.0,,cycles:u,cycles,6956432.0,75.0,nan,,ok
355.524635,386345.0,,branches:u,branches,7161196.0,77.0,nan,,ok
355.524635,27776.0,,branch-misses:u,branch-misses,7160856.0,77.0,7.19,of all branches,ok
355.524635,838784.0,,L1-dcache-loads:u,l1-dcache-loads,5218223.0,56.0,nan,,ok
355.524635,123119.0,,cache-references:u,cache-references,3214370.0,34.0,nan,,ok
355.524635,25960.0,,cache-misses:u,cache-misses,2347409.0,25.0,21.09,of all cache refs,ok
355.524635,2838508.0,,stalled-cycles-frontend:u,stalled-cycles-frontend,4054832.0,44.0,71.26,frontend cycles idle,ok
366.00991300000004,2016932.0,,instructions:u,instructions,4938525.0,100.0,0.52,insn per cycle,ok
366.00991300000004,nan,,,,nan,nan,1.88,stalled cycles per insn,unknown
366.00991300000004,3898249.0,,cycles:u,cycles,6147137.0,93.0,nan,,ok
366.00991300000004,589136.0,,branches:u,branches,8181513.0,95.0,nan,,ok
366.00991300000004,33496.0,,branch-misses:u,branch-misses,8769221.0,95.0,5.69,of all branches,ok
366.00991300000004,745235.0,,L1-dcache-loads:u,l1-dcache-loads,6850010.0,74.0,nan,,ok
366.00991300000004,102690.0,,cache-references:u,cache-references,4207392.0,45.0,nan,,ok
366.00991300000004,20293.0,,cache-misses:u,cache-misses,3001271.0,32.0,19.76,of all cache refs,ok
366.00991300000004,3793679.0,,stalled-cycles-frontend:u,stalled-cycles-frontend,2328719.0,26.0,97.32,frontend cycles idle,ok
376.50550599999997,2071832.0,,instructions:u,instructions,3484539.0,64.0,0.56,insn per cycle,ok
376.50550599999997,nan,,,,nan,nan,2.47,stalled cycles per insn,unknown
376.50550599999997,3694056.0,,cycles:u,cycles,5902087.0,84.0,nan,,ok
376.50550599999997,549086.0,,branches:u,branches,8896220.0,98.0,nan,,ok
376.50550599999997,35307.0,,branch-misses:u,branch-misses,9760685.0,100.0,6.43,of all branches,ok
376.50550599999997,864850.0,,L1-dcache-loads:u,l1-dcache-loads,8670752.0,88.0,nan,,ok
376.50550599999997,109831.0,,cache-references:u,cache-references,6308966.0,64.0,nan,,ok
376.50550599999997,18661.0,,cache-misses:u,cache-misses,3888482.0,39.0,16.99,of all cache refs,ok
376.50550599999997,5121777.0,,stalled-cycles-frontend:u,stalled-cycles-frontend,1089720.0,12.0,138.65,frontend cycles idle,ok
386.97116,1744735.0,,instructions:u,instructions,1291674.0,75.0,0.57,insn per cycle,ok
386.97116,3074805.0,,cycles:u,cycles,3700864.0,100.0,nan,,ok
386.97116,475389.0,,branches:u,branches,5318526.0,100.0,nan,,ok
386.97116,31778.0,,branch-misses:u,branch-misses,7607318.0,100.0,6.68,of all branches,ok
386.97116,1205416.0,,L1-dcache-loads:u,l1-dcache-loads,8583170.0,100.0,nan,,ok
386.97116,112464.0,,cache-references:u,cache-references,7285363.0,84.0,nan,,ok
386.97116,13643.0,,cache-misses:u,cache-misses,4870772.0,56.0,12.13,of all cache refs,ok
386.97116,nan,,stalled-cycles-frontend:u,stalled-cycles-frontend,0.0,0.0,nan,,ok
397.393132,nan,,instructions:u,instructions,0.0,0.0,nan,,ok
397.393132,4443756.0,,cycles:u,cycles,772796.0,25.0,nan,,ok
397.393132,582826.0,,branches:u,branches,3229040.0,64.0,nan,,ok
397.393132,25856.0,,branch-misses:u,branch-misses,5798140.0,88.0,4.44,of all branches,ok
397.393132,1193848.0,,L1-dcache-loads:u,l1-dcache-loads,8550572.0,99.0,nan,,ok
397.393132,148356.0,,cache-references:u,cache-references,9591733.0,100.0,nan,,ok
397.393132,13467.0,,cache-misses:u,cache-misses,8825417.0,91.0,9.08,of all cache refs,ok
397.393132,nan,,stalled-cycles-frontend:u,stalled-cycles-frontend,0.0,0.0,nan,,ok
407.83296,2451653.0,,instructions:u,instructions,4975732.0,50.0,0.61,insn per cycle,ok
407.83296,nan,,,,nan,nan,0.79,stalled cycles per insn,unknown
407.83296,3986540.0,,cycles:u,cycles,2212499.0,23.0,nan,,ok
407.83296,359862.0,,branches:u,branches,2212499.0,26.0,nan,,ok
407.83296,35354.0,,branch-misses:u,branch-misses,2599405.0,31.0,9.82,of all branches,ok
407.83296,1524725.0,,L1-dcache-loads:u,l1-dcache-loads,2446168.0,31.0,nan,,ok
407.83296,145642.0,,cache-references:u,cache-references,4878376.0,68.0,nan,,ok
407.83296,16635.0,,cache-misses:u,cache-misses,7666585.0,100.0,11.42,of all cache refs,ok
407.83296,1928694.0,,stalled-cycles-frontend:u,stalled-cycles-frontend,4360041.0,47.0,48.38,frontend cycles idle,ok
418.305523,1839329.0,,instructions:u,instructions,4175175.0,69.0,0.47,insn per cycle,ok
418.305523,nan,,,,nan,nan,1.12,stalled cycles per insn,unknown
418.305523,3910302.0,,cycles:u,cycles,5735974.0,76.0,nan,,ok
418.305523,512335.0,,branches:u,branches,7577248.0,89.0,nan,,ok
418.305523,30999.0,,branch-misses:u,branch-misses,8264236.0,90.0,6.05,of all branches,ok
418.305523,1014301.0,,L1-dcache-loads:u,l1-dcache-loads,7176630.0,78.0,nan,,ok
418.305523,118678.0,,cache-references:u,cache-references,4980300.0,54.0,nan,,ok
418.305523,16716.0,,cache-misses:u,cache-misses,3388045.0,39.0,14.09,of all cache refs,ok
418.305523,2054731.0,,stalled-cycles-frontend:u,stalled-cycles-frontend,1941490.0,28.0,52.55,frontend cycles idle,ok
428.775242,864037.0,,instructions:u,instructions,916682.0,21.0,0.22,insn per cycle,ok
428.775242,nan,,,,nan,nan,1.98,stalled cycles per insn,unknown
428.775242,3933575.0,,cycles:u,cycles,253213.0,7.0,nan,,ok
428.775242,209161.0,,branches:u,branches,2305036.0,86.0,nan,,ok
428.775242,25218.0,,branch-misses:u,branch-misses,5778187.0,94.0,12.06,of all branches,ok
428.775242,1052108.0,,L1-dcache-loads:u,l1-dcache-loads,7876716.0,100.0,nan,,ok
428.775242,143520.0,,cache-references:u,cache-references,8692664.0,100.0,nan,,ok
428.775242,18881.0,,cache-misses:u,cache-misses,9362102.0,97.0,13.16,of all cache refs,ok
428.775242,1711010.0,,stalled-cycles-frontend:u,stalled-cycles-frontend,916682.0,11.0,43.5,frontend cycles idle,ok
439.244473,1872517.0,,instructions:u,instructions,4656557.0,50.0,0.53,insn per cycle,ok
439.244473,nan,,,,nan,nan,1.06,stalled cycles per insn,unknown
439.244473,3556768.0,,cycles:u,cycles,2214961.0,23.0,nan,,ok
439.244473,348792.0,,branches:u,branches,2214961.0,23.0,nan,,ok
439.244473,25218.0,,branch-misses:u,branch-misses,2214961.0,23.0,7.23,of all branches,ok
439.244473,2027236.0,,L1-dcache-loads:u,l1-dcache-loads,2109757.0,22.0,nan,,ok
439.244473,180392.0,,cache-references:u,cache-references,4555705.0,50.0,nan,,ok
439.244473,12919.0,,cache-misses:u,cache-misses,7015479.0,100.0,7.16,of all cache refs,ok
439.244473,1990115.0,,stalled-cycles-frontend:u,stalled-cycles-frontend,4471266.0,49.0,55.95,frontend cycles idle,ok
449.731027,1725510.0,,instructions:u,instructions,6888683.0,79.0,0.45,insn per cycle,ok
449.731027,nan,,,,nan,nan,0.76,stalled cycles per insn,unknown
449.731027,3799697.0,,cycles:u,cycles,5090444.0,56.0,nan,,ok
449.731027,387915.0,,branches:u,branches,5096561.0,56.0,nan,,ok
449.731027,30803.0,,branch-misses:u,branch-misses,5102416.0,56.0,7.94,of all branches,ok
449.731027,699681.0,,L1-dcache-loads:u,l1-dcache-loads,2688628.0,29.0,nan,,ok
449.731027,232164.0,,cache-references:u,cache-references,2186519.0,24.0,nan,,ok
449.731027,16891.0,,cache-misses:u,cache-misses,3967369.0,45.0,7.28,of all cache refs,ok
449.731027,1308971.0,,stalled-cycles-frontend:u,stalled-cycles-frontend,4555238.0,67.0,34.45,frontend cycles idle,ok
460.18886,1537544.0,,instructions:u,instructions,6252150.0,76.0,0.45,insn per cycle,ok
460.18886,nan,,,,nan,nan,0.68,stalled cycles per insn,unknown
460.18886,3440428.0,,cycles:u,cycles,5274773.0,57.0,nan,,ok
460.18886,356600.0,,branches:u,branches,5268656.0,57.0,nan,,ok
460.18886,26461.0,,branch-misses:u,branch-misses,5262801.0,57.0,7.42,of all branches,ok
460.18886,855871.0,,L1-dcache-loads:u,l1-dcache-loads,3667531.0,39.0,nan,,ok
460.18886,258723.0,,cache-references:u,cache-references,2968581.0,32.0,nan,,ok
460.18886,21670.0,,cache-misses:u,cache-misses,3945423.0,48.0,8.38,of all cache refs,ok
460.18886,1051559.0,,stalled-cycles-frontend:u,stalled-cycles-frontend,3575778.0,64.0,30.56,frontend cycles idle,ok
470.65105600000004,1912060.0,,instructions:u,instructions,7768135.0,89.0,0.51,insn per cycle,ok
470.65105600000004,nan,,,,nan,nan,0.88,stalled cycles per insn,unknown
470.65105600000004,3738889.0,,cycles:u,cycles,6611147.0,68.0,nan,,ok
470.65105600000004,377413.0,,branches:u,branches,6617288.0,68.0,nan,,ok
470.65105600000004,28336.0,,branch-misses:u,branch-misses,6623263.0,68.0,7.51,of all branches,ok
470.65105600000004,912785.0,,L1-dcache-loads:u,l1-dcache-loads,4071092.0,41.0,nan,,ok
470.65105600000004,171383.0,,cache-references:u,cache-references,1944460.0,20.0,nan,,ok
470.65105600000004,20148.0,,cache-misses:u,cache-misses,3070570.0,35.0,11.76,of all cache refs,ok
470.65105600000004,1689940.0,,stalled-cycles-frontend:u,stalled-cycles-frontend,4950142.0,73.0,45.2,frontend cycles idle,ok
481.115167,766888.0,,instructions:u,instructions,1354745.0,72.0,0.22,insn per cycle,ok
481.115167,nan,,,,nan,nan,6.01,stalled cycles per insn,unknown
481.115167,3479372.0,,cycles:u,cycles,5041958.0,93.0,nan,,ok
481.115167,574215.0,,branches:u,branches,8675243.0,100.0,nan,,ok
481.115167,35886.0,,branch-misses:u,branch-misses,9476758.0,100.0,6.25,of all branches,ok
481.115167,1209834.0,,L1-dcache-loads:u,l1-dcache-loads,9190294.0,97.0,nan,,ok
481.115167,146965.0,,cache-references:u,cache-references,8109474.0,85.0,nan,,ok
481.115167,15220.0,,cache-misses:u,cache-misses,4446916.0,47.0,10.36,of all cache refs,ok
481.115167,4611546.0,,stalled-cycles-frontend:u,stalled-cycles-frontend,280404.0,3.0,132.54,frontend cycles idle,ok
491.58775399999996,0.0,,instructions:u,instructions,52079.0,0.0,nan,,ok
491.58775399999996,nan,,cycles:u,cycles,0.0,0.0,nan,,ok
491.58775399999996,489977.0,,branches:u,branches,2695884.0,70.0,nan,,ok
491.58775399999996,24886.0,,branch-misses:u,branch-misses,6493438.0,97.0,5.08,of all branches,ok
491.58775399999996,1154876.0,,L1-dcache-loads:u,l1-dcache-loads,8406891.0,100.0,nan,,ok
491.58775399999996,146447.0,,cache-references:u,cache-references,9458256.0,100.0,nan,,ok
491.58775399999996,15913.0,,cache-misses:u,cache-misses,9510335.0,100.0,10.87,of all cache refs,ok
491.58775399999996,0.0,,stalled-cycles-frontend:u,stalled-cycles-frontend,52079.0,0.0,nan,,ok
502.00128499999994,0.0,,instructions:u,instructions,254973.0,2.0,nan,,ok
502.00128499999994,nan,,cycles:u,cycles,0.0,0.0,nan,,ok
502.00128499999994,309020.0,,branches:u,branches,2109659.0,100.0,nan,,ok
502.00128499999994,18380.0,,branch-misses:u,branch-misses,4117937.0,100.0,5.95,of all branches,ok
502.00128499999994,1009548.0,,L1-dcache-loads:u,l1-dcache-loads,6397129.0,100.0,nan,,ok
502.00128499999994,157999.0,,cache-references:u,cache-references,9315556.0,100.0,nan,,ok
502.00128499999994,20589.0,,cache-misses:u,cache-misses,9570529.0,100.0,13.03,of all cache refs,ok
502.00128499999994,0.0,,stalled-cycles-frontend:u,stalled-cycles-frontend,254973.0,2.0,nan,,ok
512.421115,64381.0,,instructions:u,instructions,311400.0,3.0,nan,,ok
512.421115,nan,,,,nan,nan,6.61,stalled cycles per insn,unknown
512.421115,nan,,cycles:u,cycles,0.0,0.0,nan,,ok
512.421115,402677.0,,branches:u,branches,2049187.0,74.0,nan,,ok
512.421115,20357.0,,branch-misses:u,branch-misses,4722319.0,99.0,5.06,of all branches,ok
512.421115,1039634.0,,L1-dcache-loads:u,l1-dcache-loads,6322141.0,100.0,nan,,ok
512.421115,140610.0,,cache-references:u,cache-references,8323826.0,100.0,nan,,ok
512.421115,15643.0,,cache-misses:u,cache-misses,8640855.0,100.0,11.13,of all cache refs,ok
512.421115,425530.0,,stalled-cycles-frontend:u,stalled-cycles-frontend,311400.0,3.0,nan,,ok
522.877299,1956856.0,,instructions:u,instructions,2544733.0,28.0,1.46,insn per cycle,ok
522.877299,nan,,,,nan,nan,1.03,stalled cycles per insn,unknown
522.877299,1336531.0,,cycles:u,cycles,542761.0,5.0,nan,,ok
522.877299,51932.0,,branches:u,branches,542761.0,5.0,nan,,ok
522.877299,52172.0,,branch-misses:u,branch-misses,2204737.0,24.0,100.46,of all branches,ok
522.877299,1619184.0,,L1-dcache-loads:u,l1-dcache-loads,4580151.0,53.0,nan,,ok
522.877299,104117.0,,cache-references:u,cache-references,6506244.0,100.0,nan,,ok
522.877299,14829.0,,cache-misses:u,cache-misses,8502587.0,100.0,14.24,of all cache refs,ok
522.877299,2021983.0,,stalled-cycles-frontend:u,stalled-cycles-frontend,2544733.0,28.0,151.29,frontend cycles idle,ok
533.333254,2134688.0,,instructions:u,instructions,4035123.0,41.0,1.1,insn per cycle,ok
533.333254,nan,,,,nan,nan,1.05,stalled cycles per insn,unknown
533.333254,1936212.0,,cycles:u,cycles,1035966.0,10.0,nan,,ok
533.333254,135524.0,,branches:u,branches,1035966.0,10.0,nan,,ok
533.333254,58131.0,,branch-misses:u,branch-misses,2828284.0,28.0,42.89,of all branches,ok
533.333254,2001181.0,,L1-dcache-loads:u,l1-dcache-loads,3800418.0,43.0,nan,,ok
533.333254,109973.0,,cache-references:u,cache-references,5824179.0,100.0,nan,,ok
533.333254,19899.0,,cache-misses:u,cache-misses,8828648.0,100.0,18.09,of all cache refs,ok
533.333254,2234502.0,,stalled-cycles-frontend:u,stalled-cycles-frontend,4035123.0,40.0,115.41,frontend cycles idle,ok
543.845876,1627448.0,,instructions:u,instructions,2843292.0,31.0,0.67,insn per cycle,ok
543.845876,nan,,,,nan,nan,1.28,stalled cycles per insn,unknown
543.845876,2416454.0,,cycles:u,cycles,622198.0,7.0,nan,,ok
543.845876,141054.0,,branches:u,branches,622198.0,12.0,nan,,ok
543.845876,20161.0,,branch-misses:u,branch-misses,1030078.0,19.0,14.29,of all branches,ok
543.845876,871526.0,,L1-dcache-loads:u,l1-dcache-loads,2582169.0,44.0,nan,,ok
543.845876,107847.0,,cache-references:u,cache-references,6140538.0,92.0,nan,,ok
543.845876,14647.0,,cache-misses:u,cache-misses,8387098.0,100.0,13.58,of all cache refs,ok
543.845876,2085192.0,,stalled-cycles-frontend:u,stalled-cycles-frontend,2884892.0,31.0,86.29,frontend cycles idle,ok
554.314894,578278.0,,instructions:u,instructions,2366416.0,84.0,0.47,insn per cycle,ok
554.314894,nan,,,,nan,nan,0.48,stalled cycles per insn,unknown
554.314894,1234864.0,,cycles:u,cycles,1849614.0,65.0,nan,,ok
554.314894,125320.0,,branches:u,branches,1849614.0,65.0,nan,,ok
554.314894,9639.0,,branch-misses:u,branch-misses,1849614.0,65.0,7.69,of all branches,ok
554.314894,221718.0,,L1-dcache-loads:u,l1-dcache-loads,1049261.0,37.0,nan,,ok
554.314894,80315.0,,cache-references:u,cache-references,469549.0,16.0,nan,,ok
554.314894,8757.0,,cache-misses:u,cache-misses,955573.0,34.0,10.9,of all cache refs,ok
554.314894,276466.0,,stalled-cycles-frontend:u,stalled-cycles-frontend,1324431.0,75.0,22.39,frontend cycles idle,ok
564.788124,1677294.0,,instructions:u,instructions,6884387.0,74.0,0.47,insn per cycle,ok
564.788124,nan,,,,nan,nan,0.85,stalled cycles per insn,unknown
564.788124,3593409.0,,cycles:u,cycles,4452110.0,45.0,nan,,ok
564.788124,357401.0,,branches:u,branches,4462633.0,45.0,nan,,ok
564.788124,27738.0,,branch-misses:u,branch-misses,4468645.0,45.0,7.76,of all branches,ok
564.788124,762028.0,,L1-dcache-loads:u,l1-dcache-loads,2449075.0,25.0,nan,,ok
564.788124,232243.0,,cache-references:u,cache-references,2808275.0,28.0,nan,,ok
564.788124,20195.0,,cache-misses:u,cache-misses,5247752.0,56.0,8.7,of all cache refs,ok
564.788124,1418522.0,,stalled-cycles-frontend:u,stalled-cycles-frontend,4957107.0,68.0,39.48,frontend cycles idle,ok
575.264153,1856666.0,,instructions:u,instructions,6535342.0,72.0,0.46,insn per cycle,ok
575.264153,nan,,,,nan,nan,0.65,stalled cycles per insn,unknown
575.264153,4071515.0,,cycles:u,cycles,5467671.0,56.0,nan,,ok
575.264153,406340.0,,branches:u,branches,5457148.0,56.0,nan,,ok
575.264153,31405.0,,branch-misses:u,branch-misses,5451136.0,56.0,7.73,of all branches,ok
575.264153,923990.0,,L1-dcache-loads:u,l1-dcache-loads,3283811.0,33.0,nan,,ok
575.264153,223362.0,,cache-references:u,cache-references,3227750.0,35.0,nan,,ok
575.264153,18671.0,,cache-misses:u,cache-misses,4294650.0,57.0,8.36,of all cache refs,ok
575.264153,1209624.0,,stalled-cycles-frontend:u,stalled-cycles-frontend,3957769.0,61.0,29.71,frontend cycles idle,ok
585.76584,2290283.0,,instructions:u,instructions,6506586.0,92.0,0.52,insn per cycle,ok
585.76584,nan,,,,nan,nan,0.99,stalled cycles per insn,unknown
585.76584,4398227.0,,cycles:u,cycles,6851491.0,79.0,nan,,ok
585.76584,515037.0,,branches:u,branches,7503676.0,81.0,nan,,ok
585.76584,30391.0,,branch-misses:u,branch-misses,7509693.0,81.0,5.9,of all branches,ok
585.76584,1148927.0,,L1-dcache-loads:u,l1-dcache-loads,5391233.0,58.0,nan,,ok
585.76584,145833.0,,cache-references:u,cache-references,2757681.0,29.0,nan,,ok
585.76584,16304.0,,cache-misses:u,cache-misses,2382960.0,27.0,11.18,of all cache refs,ok
585.76584,2258008.0,,stalled-cycles-frontend:u,stalled-cycles-frontend,3750884.0,53.0,51.34,frontend cycles idle,ok
596.235375,232106.0,,instructions:u,instructions,143538.0,3.0,0.06,insn per cycle,ok
596.235375,3702993.0,,cycles:u,cycles,2600859.0,41.0,nan,,ok
596.235375,608782.0,,branches:u,branches,5413277.0,67.0,nan,,ok
596.235375,32015.0,,branch-misses:u,branch-misses,7231703.0,81.0,5.26,of all branches,ok
596.235375,1246930.0,,L1-dcache-loads:u,l1-dcache-loads,8887058.0,91.0,nan,,ok
596.235375,148135.0,,cache-references:u,cache-references,9588480.0,98.0,nan,,ok
596.235375,15609.0,,cache-misses:u,cache-misses,7160013.0,73.0,10.54,of all cache refs,ok
596.235375,nan,,stalled-cycles-frontend:u,stalled-cycles-frontend,0.0,0.0,nan,,ok
606.6772609999999,1563110.0,,instructions:u,instructions,1379142.0,15.0,1.67,insn per cycle,ok
606.6772609999999,nan,,,,nan,nan,1.18,stalled cycles per insn,unknown
606.6772609999999,933990.0,,cycles:u,cycles,216886.0,2.0,nan,,ok
606.6772609999999,682167.0,,branches:u,branches,1563176.0,25.0,nan,,ok
606.6772609999999,35093.0,,branch-misses:u,branch-misses,3934262.0,56.0,5.14,of all branches,ok
606.6772609999999,1382895.0,,L1-dcache-loads:u,l1-dcache-loads,5763534.0,76.0,nan,,ok
606.6772609999999,135528.0,,cache-references:u,cache-references,7737701.0,100.0,nan,,ok
606.6772609999999,17839.0,,cache-misses:u,cache-misses,8900516.0,100.0,13.16,of all cache refs,ok
606.6772609999999,1841566.0,,stalled-cycles-frontend:u,stalled-cycles-frontend,1379142.0,15.0,197.17,frontend cycles idle,ok
617.1422399999999,1990617.0,,instructions:u,instructions,2034318.0,21.0,1.28,insn per cycle,ok
617.1422399999999,nan,,,,nan,nan,1.03,stalled cycles per insn,unknown
617.1422399999999,1551284.0,,cycles:u,cycles,319379.0,3.0,nan,,ok
617.1422399999999,44669.0,,branches:u,branches,319379.0,5.0,nan,,ok
617.1422399999999,36057.0,,branch-misses:u,branch-misses,1214345.0,19.0,80.72,of all branches,ok
617.1422399999999,1183682.0,,L1-dcache-loads:u,l1-dcache-loads,3539896.0,51.0,nan,,ok
617.1422399999999,115131.0,,cache-references:u,cache-references,7457856.0,100.0,nan,,ok
617.1422399999999,17310.0,,cache-misses:u,cache-misses,9172995.0,100.0,15.04,of all cache refs,ok
617.1422399999999,2049554.0,,stalled-cycles-frontend:u,stalled-cycles-frontend,2034318.0,21.0,132.12,frontend cycles idle,ok
627.635758,2216102.0,,instructions:u,instructions,6744100.0,81.0,0.6,insn per cycle,ok
627.635758,nan,,,,nan,nan,1.01,stalled cycles per insn,unknown
627.635758,3711011.0,,cycles:u,cycles,4628319.0,54.0,nan,,ok
627.635758,351856.0,,branches:u,branches,4727856.0,56.0,nan,,ok
627.635758,26156.0,,branch-misses:u,branch-misses,4727856.0,56.0,7.43,of all branches,ok
627.635758,764246.0,,L1-dcache-loads:u,l1-dcache-loads,3080123.0,36.0,nan,,ok
627.635758,144011.0,,cache-references:u,cache-references,2568881.0,33.0,nan,,ok
627.635758,17128.0,,cache-misses:u,cache-misses,4678436.0,61.0,11.89,of all cache refs,ok
627.635758,2244630.0,,stalled-cycles-frontend:u,stalled-cycles-frontend,4991217.0,59.0,60.49,frontend cycles idle,ok
638.0879,2439456.0,,instructions:u,instructions,4870452.0,87.0,0.58,insn per cycle,ok
638.0879,nan,,,,nan,nan,1.67,stalled cycles per insn,unknown
638.0879,4236168.0,,cycles:u,cycles,7149546.0,100.0,nan,,ok
638.0879,660891.0,,branches:u,branches,9080394.0,100.0,nan,,ok
638.0879,34260.0,,branch-misses:u,branch-misses,9742941.0,100.0,5.18,of all branches,ok
638.0879,802844.0,,L1-dcache-loads:u,l1-dcache-loads,7871431.0,80.0,nan,,ok
638.0879,103108.0,,cache-references:u,cache-references,4872489.0,50.0,nan,,ok
638.0879,15147.0,,cache-misses:u,cache-misses,2593395.0,26.0,14.69,of all cache refs,ok
638.0879,4068014.0,,stalled-cycles-frontend:u,stalled-cycles-frontend,1871510.0,20.0,96.03,frontend cycles idle,ok
648.561229,672492.0,,instructions:u,instructions,415656.0,55.0,0.41,insn per cycle,ok
648.561229,1648136.0,,cycles:u,cycles,1810711.0,84.0,nan,,ok
648.561229,386715.0,,branches:u,branches,4796207.0,96.0,nan,,ok
648.561229,34038.0,,branch-misses:u,branch-misses,8230989.0,100.0,8.8,of all branches,ok
648.561229,1284343.0,,L1-dcache-loads:u,l1-dcache-loads,9745685.0,100.0,nan,,ok
648.561229,150052.0,,cache-references:u,cache-references,9335666.0,95.0,nan,,ok
648.561229,17724.0,,cache-misses:u,cache-misses,7946735.0,81.0,11.81,of all cache refs,ok
648.561229,nan,,stalled-cycles-frontend:u,stalled-cycles-frontend,0.0,0.0,nan,,ok
658.996082,1614422.0,,instructions:u,instructions,2209166.0,24.0,nan,,ok
658.996082,nan,,,,nan,nan,1.25,stalled cycles per insn,unknown
658.996082,0.0,,cycles:u,cycles,210118.0,2.0,nan,,ok
658.996082,0.0,,branches:u,branches,210118.0,2.0,nan,,ok
658.996082,46299.0,,branch-misses:u,branch-misses,2353145.0,25.0,nan,,ok
658.996082,1701996.0,,L1-dcache-loads:u,l1-dcache-loads,4801536.0,53.0,nan,,ok
658.996082,121450.0,,cache-references:u,cache-references,6939889.0,100.0,nan,,ok
658.996082,15478.0,,cache-misses:u,cache-misses,8940932.0,100.0,12.74,of all cache refs,ok
658.996082,2021663.0,,stalled-cycles-frontend:u,stalled-cycles-frontend,2209166.0,24.0,nan,,ok
669.448522,2001503.0,,instructions:u,instructions,6040622.0,62.0,0.43,insn per cycle,ok
669.448522,nan,,,,nan,nan,0.84,stalled cycles per insn,unknown
669.448522,4628005.0,,cycles:u,cycles,3686852.0,38.0,nan,,ok
669.448522,437109.0,,branches:u,branches,3693482.0,38.0,nan,,ok
669.448522,32549.0,,branch-misses:u,branch-misses,3699169.0,38.0,7.45,of all branches,ok
669.448522,2693687.0,,L1-dcache-loads:u,l1-dcache-loads,1988622.0,20.0,nan,,ok
669.448522,191223.0,,cache-references:u,cache-references,3546939.0,39.0,nan,,ok
669.448522,11946.0,,cache-misses:u,cache-misses,5900558.0,85.0,6.25,of all cache refs,ok
669.448522,1681610.0,,stalled-cycles-frontend:u,stalled-cycles-frontend,5304943.0,59.0,36.34,frontend cycles idle,ok
679.916968,3139132.0,,instructions:u,instructions,8401570.0,92.0,0.58,insn per cycle,ok
679.916968,nan,,,,nan,nan,0.6,stalled cycles per insn,unknown
679.916968,5384505.0,,cycles:u,cycles,8470273.0,85.0,nan,,ok
679.916968,665259.0,,branches:u,branches,8469679.0,85.0,nan,,ok
679.916968,35238.0,,branch-misses:u,branch-misses,8470202.0,85.0,5.3,of all branches,ok
679.916968,1260696.0,,L1-dcache-loads:u,l1-dcache-loads,5511457.0,55.0,nan,,ok
679.916968,145448.0,,cache-references:u,cache-references,1560125.0,18.0,nan,,ok
679.916968,22312.0,,cache-misses:u,cache-misses,1458959.0,24.0,15.34,of all cache refs,ok
679.916968,1870307.0,,stalled-cycles-frontend:u,stalled-cycles-frontend,4204487.0,70.0,34.73,frontend cycles idle,ok
690.3886500000001,2304554.0,,instructions:u,instructions,1978834.0,53.0,0.72,insn per cycle,ok
690.3886500000001,3202343.0,,cycles:u,cycles,4456001.0,85.0,nan,,ok
690.3886500000001,453807.0,,branches:u,branches,6775482.0,99.0,nan,,ok
690.3886500000001,31751.0,,branch-misses:u,branch-misses,8793201.0,100.0,7.0,of all branches,ok
690.3886500000001,1117886.0,,L1-dcache-loads:u,l1-dcache-loads,9017913.0,100.0,nan,,ok
690.3886500000001,101324.0,,cache-references:u,cache-references,7039341.0,78.0,nan,,ok
690.3886500000001,17100.0,,cache-misses:u,cache-misses,4592421.0,50.0,16.88,of all cache refs,ok
690.3886500000001,nan,,stalled-cycles-frontend:u,stalled-cycles-frontend,0.0,0.0,nan,,ok
700.854369,2170096.0,,instructions:u,instructions,1197004.0,58.0,0.64,insn per cycle,ok
700.854369,3405864.0,,cycles:u,cycles,3552899.0,89.0,nan,,ok
700.854369,526816.0,,branches:u,branches,5579287.0,100.0,nan,,ok
700.854369,35519.0,,branch-misses:u,branch-misses,8575035.0,100.0,6.74,of all branches,ok
700.854369,1378210.0,,L1-dcache-loads:u,l1-dcache-loads,9821438.0,100.0,nan,,ok
700.854369,138403.0,,cache-references:u,cache-references,8624369.0,87.0,nan,,ok
700.854369,15396.0,,cache-misses:u,cache-misses,6268777.0,63.0,11.12,of all cache refs,ok
700.854369,nan,,stalled-cycles-frontend:u,stalled-cycles-frontend,0.0,0.0,nan,,ok
711.296201,1200356.0,,instructions:u,instructions,1069523.0,16.0,nan,,ok
711.296201,nan,,,,nan,nan,1.64,stalled cycles per insn,unknown
711.296201,0.0,,cycles:u,cycles,70108.0,1.0,nan,,ok
711.296201,207306.0,,branches:u,branches,848448.0,11.0,nan,,ok
711.296201,38243.0,,branch-misses:u,branch-misses,4488880.0,50.0,18.45,of all branches,ok
711.296201,1377588.0,,L1-dcache-loads:u,l1-dcache-loads,7125432.0,74.0,nan,,ok
711.296201,131621.0,,cache-references:u,cache-references,8524982.0,100.0,nan,,ok
711.296201,16675.0,,cache-misses:u,cache-misses,9525035.0,100.0,12.67,of all cache refs,ok
711.296201,1965740.0,,stalled-cycles-frontend:u,stalled-cycles-frontend,1069523.0,12.0,nan,,ok
721.773543,2039217.0,,instructions:u,instructions,3951262.0,42.0,0.99,insn per cycle,ok
721.773543,nan,,,,nan,nan,1.02,stalled cycles per insn,unknown
721.773543,2064076.0,,cycles:u,cycles,995138.0,10.0,nan,,ok
721.773543,155433.0,,branches:u,branches,1001547.0,10.0,nan,,ok
721.773543,47397.0,,branch-misses:u,branch-misses,2526413.0,27.0,30.49,of all branches,ok
721.773543,1774940.0,,L1-dcache-loads:u,l1-dcache-loads,3513440.0,40.0,nan,,ok
721.773543,110876.0,,cache-references:u,cache-references,5219015.0,79.0,nan,,ok
721.773543,16896.0,,cache-misses:u,cache-misses,8175651.0,95.0,15.24,of all cache refs,ok
721.773543,2073044.0,,stalled-cycles-frontend:u,stalled-cycles-frontend,3987203.0,43.0,100.43,frontend cycles idle,ok
732.25144,2904201.0,,instructions:u,instructions,5992814.0,60.0,0.78,insn per cycle,ok
732.25144,nan,,,,nan,nan,0.79,stalled cycles per insn,unknown
732.25144,3713402.0,,cycles:u,cycles,2337772.0,23.0,nan,,ok
732.25144,339673.0,,branches:u,branches,2337700.0,23.0,nan,,ok
732.25144,33604.0,,branch-misses:u,branch-misses,2800733.0,28.0,9.89,of all branches,ok
732.25144,1678321.0,,L1-dcache-loads:u,l1-dcache-loads,1825220.0,21.0,nan,,ok
732.25144,111306.0,,cache-references:u,cache-references,3845097.0,68.0,nan,,ok
732.25144,19195.0,,cache-misses:u,cache-misses,7500057.0,89.0,17.25,of all cache refs,ok
732.25144,2305583.0,,stalled-cycles-frontend:u,stalled-cycles-frontend,5992650.0,60.0,62.09,frontend cycles idle,ok
742.7581090000001,2015538.0,,instructions:u,instructions,6367739.0,100.0,0.58,insn per cycle,ok
742.7581090000001,nan,,,,nan,nan,1.27,stalled cycles per insn,unknown
742.7581090000001,3458679.0,,cycles:u,cycles,5904772.0,70.0,nan,,ok
742.7581090000001,354939.0,,branches:u,branches,6638803.0,72.0,nan,,ok
742.7581090000001,26414.0,,branch-misses:u,branch-misses,6639348.0,72.0,7.44,of all branches,ok
742.7581090000001,740281.0,,L1-dcache-loads:u,l1-dcache-loads,4686294.0,51.0,nan,,ok
742.7581090000001,124741.0,,cache-references:u,cache-references,2730195.0,29.0,nan,,ok
742.7581090000001,21633.0,,cache-misses:u,cache-misses,3193591.0,35.0,17.34,of all cache refs,ok
742.7581090000001,2558004.0,,stalled-cycles-frontend:u,stalled-cycles-frontend,4402414.0,52.0,73.96,frontend cycles idle,ok
753.2298910000001,2428089.0,,instructions:u,instructions,5481670.0,100.0,0.52,insn per cycle,ok
753.2298910000001,nan,,,,nan,nan,1.34,stalled cycles per insn,unknown
753.2298910000001,4676289.0,,cycles:u,cycles,7335293.0,95.0,nan,,ok
753.2298910000001,678575.0,,branches:u,branches,9302224.0,96.0,nan,,ok
753.2298910000001,35972.0,,branch-misses:u,branch-misses,9469079.0,96.0,5.3,of all branches,ok
753.2298910000001,870730.0,,L1-dcache-loads:u,l1-dcache-loads,6990961.0,70.0,nan,,ok
753.2298910000001,118874.0,,cache-references:u,cache-references,4367195.0,44.0,nan,,ok
753.2298910000001,19609.0,,cache-misses:u,cache-misses,2513537.0,27.0,16.5,of all cache refs,ok
753.2298910000001,3251620.0,,stalled-cycles-frontend:u,stalled-cycles-frontend,2870658.0,37.0,69.53,frontend cycles idle,ok
763.725686,1766248.0,,instructions:u,instructions,2802558.0,56.0,0.39,insn per cycle,ok
763.725686,nan,,,,nan,nan,2.14,stalled cycles per insn,unknown
763.725686,4475644.0,,cycles:u,cycles,6436911.0,84.0,nan,,ok
763.725686,590803.0,,branches:u,branches,9182148.0,98.0,nan,,ok
763.725686,32033.0,,branch-misses:u,branch-misses,9804963.0,100.0,5.42,of all branches,ok
763.725686,1066439.0,,L1-dcache-loads:u,l1-dcache-loads,9146828.0,93.0,nan,,ok
763.725686,129182.0,,cache-references:u,cache-references,7025644.0,71.0,nan,,ok
763.725686,11033.0,,cache-misses:u,cache-misses,3383774.0,34.0,8.54,of all cache refs,ok
763.725686,3771006.0,,stalled-cycles-frontend:u,stalled-cycles-frontend,642069.0,7.0,84.26,frontend cycles idle,ok
774.1882919999999,nan,,instructions:u,instructions,0.0,0.0,nan,,ok
774.1882919999999,4556010.0,,cycles:u,cycles,2099874.0,44.0,nan,,ok
774.1882919999999,544887.0,,branches:u,branches,4101066.0,71.0,nan,,ok
774.1882919999999,28936.0,,branch-misses:u,branch-misses,6351989.0,88.0,5.31,of all branches,ok
774.1882919999999,1221101.0,,L1-dcache-loads:u,l1-dcache-loads,9150130.0,100.0,nan,,ok
774.1882919999999,148289.0,,cache-references:u,cache-references,9262036.0,100.0,nan,,ok
774.1882919999999,15034.0,,cache-misses:u,cache-misses,7168464.0,77.0,10.14,of all cache refs,ok
774.1882919999999,nan,,stalled-cycles-frontend:u,stalled-cycles-frontend,0.0,0.0,nan,,ok
784.629244,667809.0,,instructions:u,instructions,695179.0,13.0,0.08,insn per cycle,ok
784.629244,nan,,,,nan,nan,2.32,stalled cycles per insn,unknown
784.629244,8115446.0,,cycles:u,cycles,519679.0,9.0,nan,,ok
784.629244,416522.0,,branches:u,branches,1900059.0,56.0,nan,,ok
784.629244,19635.0,,branch-misses:u,branch-misses,3953400.0,76.0,4.71,of all branches,ok
784.629244,1199450.0,,L1-dcache-loads:u,l1-dcache-loads,6973716.0,96.0,nan,,ok
784.629244,159701.0,,cache-references:u,cache-references,9179761.0,100.0,nan,,ok
784.629244,16948.0,,cache-misses:u,cache-misses,9355024.0,94.0,10.61,of all cache refs,ok
784.629244,1549815.0,,stalled-cycles-frontend:u,stalled-cycles-frontend,695179.0,7.0,19.1,frontend cycles idle,ok
795.091893,1759525.0,,instructions:u,instructions,4440352.0,50.0,0.5,insn per cycle,ok
795.091893,nan,,,,nan,nan,0.91,stalled cycles per insn,unknown
795.091893,3538324.0,,cycles:u,cycles,2228455.0,25.0,nan,,ok
795.091893,353875.0,,branches:u,branches,2228455.0,25.0,nan,,ok
795.091893,25944.0,,branch-misses:u,branch-misses,2228455.0,25.0,7.33,of all branches,ok
795.091893,2243129.0,,L1-dcache-loads:u,l1-dcache-loads,1953090.0,24.0,nan,,ok
795.091893,131952.0,,cache-references:u,cache-references,4414106.0,65.0,nan,,ok
795.091893,12505.0,,cache-misses:u,cache-misses,6644119.0,100.0,9.48,of all cache refs,ok
795.091893,1600155.0,,stalled-cycles-frontend:u,stalled-cycles-frontend,4172862.0,48.0,45.22,frontend cycles idle,ok
805.58066,2509353.0,,instructions:u,instructions,7555276.0,96.0,0.58,insn per cycle,ok
805.58066,nan,,,,nan,nan,0.9,stalled cycles per insn,unknown
805.58066,4357943.0,,cycles:u,cycles,7109801.0,82.0,nan,,ok
805.58066,549679.0,,branches:u,branches,8113889.0,83.0,nan,,ok
805.58066,34069.0,,branch-misses:u,branch-misses,8225847.0,84.0,6.2,of all branches,ok
805.58066,787170.0,,L1-dcache-loads:u,l1-dcache-loads,4352542.0,44.0,nan,,ok
805.58066,125264.0,,cache-references:u,cache-references,2215083.0,26.0,nan,,ok
805.58066,11597.0,,cache-misses:u,cache-misses,2643489.0,48.0,9.26,of all cache refs,ok
805.58066,2251739.0,,stalled-cycles-frontend:u,stalled-cycles-frontend,5144219.0,62.0,51.67,frontend cycles idle,ok
816.0524810000001,2618272.0,,instructions:u,instructions,4957186.0,88.0,0.57,insn per cycle,ok
816.0524810000001,nan,,,,nan,nan,1.82,stalled cycles per insn,unknown
816.0524810000001,4559757.0,,cycles:u,cycles,7249045.0,100.0,nan,,ok
816.0524810000001,709494.0,,branches:u,branches,9255570.0,100.0,nan,,ok
816.0524810000001,37060.0,,branch-misses:u,branch-misses,10032862.0,100.0,5.22,of all branches,ok
816.0524810000001,908208.0,,L1-dcache-loads:u,l1-dcache-loads,8103812.0,80.0,nan,,ok
816.0524810000001,110897.0,,cache-references:u,cache-references,5105939.0,50.0,nan,,ok
816.0524810000001,18503.0,,cache-misses:u,cache-misses,2782910.0,27.0,16.68,of all cache refs,ok
816.0524810000001,4773010.0,,stalled-cycles-frontend:u,stalled-cycles-frontend,1918807.0,20.0,104.68,frontend cycles idle,ok
826.544476,1079021.0,,instructions:u,instructions,259439.0,8.0,0.3,insn per cycle,ok
826.544476,3550702.0,,cycles:u,cycles,2575970.0,47.0,nan,,ok
826.544476,604952.0,,branches:u,branches,5261663.0,73.0,nan,,ok
826.544476,30598.0,,branch-misses:u,branch-misses,7078737.0,88.0,5.06,of all branches,ok
826.544476,1185187.0,,L1-dcache-loads:u,l1-dcache-loads,8820192.0,99.0,nan,,ok
826.544476,133398.0,,cache-references:u,cache-references,8639027.0,97.0,nan,,ok
826.544476,14929.0,,cache-misses:u,cache-misses,6352104.0,71.0,11.19,of all cache refs,ok
826.544476,nan,,stalled-cycles-frontend:u,stalled-cycles-frontend,0.0,0.0,nan,,ok
836.9667710000001,1051360.0,,instructions:u,instructions,1320372.0,13.0,nan,,ok
836.9667710000001,nan,,,,nan,nan,1.48,stalled cycles per insn,unknown
836.9667710000001,nan,,cycles:u,cycles,0.0,0.0,nan,,ok
836.9667710000001,390826.0,,branches:u,branches,1557323.0,73.0,nan,,ok
836.9667710000001,19801.0,,branch-misses:u,branch-misses,4131644.0,100.0,5.07,of all branches,ok
836.9667710000001,1030822.0,,L1-dcache-loads:u,l1-dcache-loads,5659094.0,100.0,nan,,ok
836.9667710000001,151497.0,,cache-references:u,cache-references,8433652.0,100.0,nan,,ok
836.9667710000001,19971.0,,cache-misses:u,cache-misses,9756279.0,100.0,13.18,of all cache refs,ok
836.9667710000001,1557881.0,,stalled-cycles-frontend:u,stalled-cycles-frontend,1320372.0,13.0,nan,,ok
847.423485,1785036.0,,instructions:u,instructions,2978432.0,32.0,0.53,insn per cycle,ok
847.423485,nan,,,,nan,nan,1.01,stalled cycles per insn,unknown
847.423485,3355191.0,,cycles:u,cycles,1284041.0,15.0,nan,,ok
847.423485,228127.0,,branches:u,branches,1284041.0,21.0,nan,,ok
847.423485,14551.0,,branch-misses:u,branch-misses,1767380.0,27.0,6.38,of all branches,ok
847.423485,1360775.0,,L1-dcache-loads:u,l1-dcache-loads,3616459.0,48.0,nan,,ok
847.423485,139622.0,,cache-references:u,cache-references,6151799.0,77.0,nan,,ok
847.423485,13642.0,,cache-misses:u,cache-misses,7862623.0,100.0,9.77,of all cache refs,ok
847.423485,1805800.0,,stalled-cycles-frontend:u,stalled-cycles-frontend,2730262.0,30.0,53.82,frontend cycles idle,ok
857.880961,2402363.0,,instructions:u,instructions,7524148.0,76.0,0.57,insn per cycle,ok
857.880961,nan,,,,nan,nan,0.82,stalled cycles per insn,unknown
857.880961,4247603.0,,cycles:u,cycles,4383998.0,44.0,nan,,ok
857.880961,428395.0,,branches:u,branches,4389872.0,44.0,nan,,ok
857.880961,30068.0,,branch-misses:u,branch-misses,4395599.0,44.0,7.02,of all branches,ok
857.880961,1776529.0,,L1-dcache-loads:u,l1-dcache-loads,2282281.0,25.0,nan,,ok
857.880961,152752.0,,cache-references:u,cache-references,2279761.0,33.0,nan,,ok
857.880961,16393.0,,cache-misses:u,cache-misses,5371631.0,69.0,10.73,of all cache refs,ok
857.880961,1958848.0,,stalled-cycles-frontend:u,stalled-cycles-frontend,6284636.0,66.0,46.12,frontend cycles idle,ok
868.3716019999999,2088544.0,,instructions:u,instructions,3724561.0,79.0,0.49,insn per cycle,ok
868.3716019999999,nan,,,,nan,nan,1.83,stalled cycles per insn,unknown
868.3716019999999,4251154.0,,cycles:u,cycles,6706136.0,99.0,nan,,ok
868.3716019999999,695758.0,,branches:u,branches,8699455.0,99.0,nan,,ok
868.3716019999999,35506.0,,branch-misses:u,branch-misses,9814372.0,99.0,5.1,of all branches,ok
868.3716019999999,1012331.0,,L1-dcache-loads:u,l1-dcache-loads,8295014.0,84.0,nan,,ok
868.3716019999999,135854.0,,cache-references:u,cache-references,6122908.0,62.0,nan,,ok
868.3716019999999,18871.0,,cache-misses:u,cache-misses,3147801.0,33.0,13.89,of all cache refs,ok
868.3716019999999,3830374.0,,stalled-cycles-frontend:u,stalled-cycles-frontend,1552895.0,18.0,90.1,frontend cycles idle,ok
878.873736,nan,,instructions:u,instructions,0.0,0.0,nan,,ok
878.873736,3506980.0,,cycles:u,cycles,1953518.0,57.0,nan,,ok
878.873736,494008.0,,branches:u,branches,4877546.0,91.0,nan,,ok
878.873736,25379.0,,branch-misses:u,branch-misses,6981089.0,100.0,5.14,of all branches,ok
878.873736,1205851.0,,L1-dcache-loads:u,l1-dcache-loads,8929488.0,100.0,nan,,ok
878.873736,141529.0,,cache-references:u,cache-references,9159544.0,100.0,nan,,ok
878.873736,11689.0,,cache-misses:u,cache-misses,7229786.0,78.0,8.26,of all cache refs,ok
878.873736,nan,,stalled-cycles-frontend:u,stalled-cycles-frontend,0.0,0.0,nan,,ok
889.297216,850932.0,,instructions:u,instructions,896299.0,22.0,0.12,insn per cycle,ok
889.297216,nan,,,,nan,nan,2.25,stalled cycles per insn,unknown
889.297216,6994400.0,,cycles:u,cycles,595258.0,12.0,nan,,ok
889.297216,591660.0,,branches:u,branches,1880071.0,33.0,nan,,ok
889.297216,31651.0,,branch-misses:u,branch-misses,5031510.0,65.0,5.35,of all branches,ok
889.297216,1273333.0,,L1-dcache-loads:u,l1-dcache-loads,7612266.0,81.0,nan,,ok
889.297216,151084.0,,cache-references:u,cache-references,8797603.0,90.0,nan,,ok
889.297216,16533.0,,cache-misses:u,cache-misses,9115905.0,93.0,10.94,of all cache refs,ok
889.297216,1916177.0,,stalled-cycles-frontend:u,stalled-cycles-frontend,925276.0,10.0,27.4,frontend cycles idle,ok
899.77826,1754526.0,,instructions:u,instructions,2732011.0,29.0,0.91,insn per cycle,ok
899.77826,nan,,,,nan,nan,1.14,stalled cycles per insn,unknown
899.77826,1934319.0,,cycles:u,cycles,659189.0,7.0,nan,,ok
899.77826,181511.0,,branches:u,branches,659189.0,7.0,nan,,ok
899.77826,54706.0,,branch-misses:u,branch-misses,3118272.0,34.0,30.14,of all branches,ok
899.77826,1834743.0,,L1-dcache-loads:u,l1-dcache-loads,4760816.0,56.0,nan,,ok
899.77826,122164.0,,cache-references:u,cache-references,6415605.0,100.0,nan,,ok
899.77826,18278.0,,cache-misses:u,cache-misses,8471030.0,100.0,14.96,of all cache refs,ok
899.77826,1998850.0,,stalled-cycles-frontend:u,stalled-cycles-frontend,2703034.0,29.0,103.34,frontend cycles idle,ok
910.241034,2605537.0,,instructions:u,instructions,6983304.0,71.0,0.66,insn per cycle,ok
910.241034,nan,,,,nan,nan,0.86,stalled cycles per insn,unknown
910.241034,3956918.0,,cycles:u,cycles,3986001.0,40.0,nan,,ok
910.241034,383005.0,,branches:u,branches,3991850.0,40.0,nan,,ok
910.241034,29016.0,,branch-misses:u,branch-misses,3997670.0,40.0,7.58,of all branches,ok
910.241034,670553.0,,L1-dcache-loads:u,l1-dcache-loads,2499480.0,27.0,nan,,ok
910.241034,115202.0,,cache-references:u,cache-references,2736777.0,38.0,nan,,ok
910.241034,14285.0,,cache-misses:u,cache-misses,5735224.0,77.0,12.4,of all cache refs,ok
910.241034,2245030.0,,stalled-cycles-frontend:u,stalled-cycles-frontend,5407531.0,61.0,56.74,frontend cycles idle,ok
920.72842,2281138.0,,instructions:u,instructions,5501775.0,100.0,0.51,insn per cycle,ok
920.72842,nan,,,,nan,nan,1.4,stalled cycles per insn,unknown
920.72842,4511220.0,,cycles:u,cycles,7199849.0,86.0,nan,,ok
920.72842,523544.0,,branches:u,branches,8829018.0,88.0,nan,,ok
920.72842,33118.0,,branch-misses:u,branch-misses,8829352.0,88.0,6.33,of all branches,ok
920.72842,1102737.0,,L1-dcache-loads:u,l1-dcache-loads,6761251.0,67.0,nan,,ok
920.72842,141446.0,,cache-references:u,cache-references,4467844.0,44.0,nan,,ok
920.72842,27261.0,,cache-misses:u,cache-misses,2769648.0,27.0,19.27,of all cache refs,ok
920.72842,3182197.0,,stalled-cycles-frontend:u,stalled-cycles-frontend,3209400.0,38.0,70.54,frontend cycles idle,ok
931.174469,2237338.0,,instructions:u,instructions,3144555.0,34.0,0.51,insn per cycle,ok
931.174469,nan,,,,nan,nan,0.64,stalled cycles per insn,unknown
931.174469,4378246.0,,cycles:u,cycles,3311209.0,36.0,nan,,ok
931.174469,478092.0,,branches:u,branches,4121467.0,45.0,nan,,ok
931.174469,27989.0,,branch-misses:u,branch-misses,5111227.0,56.0,5.85,of all branches,ok
931.174469,1454529.0,,L1-dcache-loads:u,l1-dcache-loads,5491550.0,60.0,nan,,ok
931.174469,152931.0,,cache-references:u,cache-references,5923438.0,71.0,nan,,ok
931.174469,15612.0,,cache-misses:u,cache-misses,5755636.0,77.0,10.21,of all cache refs,ok
931.174469,1441612.0,,stalled-cycles-frontend:u,stalled-cycles-frontend,1757941.0,21.0,32.93,frontend cycles idle,ok
941.683302,2530078.0,,instructions:u,instructions,7849744.0,92.0,0.64,insn per cycle,ok
941.683302,nan,,,,nan,nan,1.06,stalled cycles per insn,unknown
941.683302,3978542.0,,cycles:u,cycles,5741932.0,60.0,nan,,ok
941.683302,366585.0,,branches:u,branches,5978825.0,61.0,nan,,ok
941.683302,26526.0,,branch-misses:u,branch-misses,5985075.0,61.0,7.24,of all branches,ok
941.683302,693269.0,,L1-dcache-loads:u,l1-dcache-loads,3131637.0,35.0,nan,,ok
941.683302,108950.0,,cache-references:u,cache-references,1850994.0,25.0,nan,,ok
941.683302,23186.0,,cache-misses:u,cache-misses,3928244.0,44.0,21.28,of all cache refs,ok
941.683302,2681666.0,,stalled-cycles-frontend:u,stalled-cycles-frontend,6253323.0,66.0,67.4,frontend cycles idle,ok
952.142114,2325553.0,,instructions:u,instructions,4989227.0,100.0,0.55,insn per cycle,ok
952.142114,nan,,,,nan,nan,1.19,stalled cycles per insn,unknown
952.142114,4219028.0,,cycles:u,cycles,6855102.0,92.0,nan,,ok
952.142114,515276.0,,branches:u,branches,8046924.0,93.0,nan,,ok
952.142114,33402.0,,branch-misses:u,branch-misses,9038663.0,93.0,6.48,of all branches,ok
952.142114,1202155.0,,L1-dcache-loads:u,l1-dcache-loads,7840324.0,81.0,nan,,ok
952.142114,122728.0,,cache-references:u,cache-references,4665109.0,48.0,nan,,ok
952.142114,21781.0,,cache-misses:u,cache-misses,2823872.0,31.0,17.75,of all cache refs,ok
952.142114,2765656.0,,stalled-cycles-frontend:u,stalled-cycles-frontend,1820019.0,27.0,65.55,frontend cycles idle,ok
962.616382,589.0,,instructions:u,instructions,52509.0,3.0,0.0,insn per cycle,ok
962.616382,3122438.0,,cycles:u,cycles,1296142.0,46.0,nan,,ok
962.616382,477073.0,,branches:u,branches,3497789.0,74.0,nan,,ok
962.616382,28267.0,,branch-misses:u,branch-misses,7077926.0,96.0,5.93,of all branches,ok
962.616382,1317486.0,,L1-dcache-loads:u,l1-dcache-loads,8988942.0,100.0,nan,,ok
962.616382,152233.0,,cache-references:u,cache-references,9304665.0,99.0,nan,,ok
962.616382,14343.0,,cache-misses:u,cache-misses,8067519.0,86.0,9.42,of all cache refs,ok
962.616382,nan,,stalled-cycles-frontend:u,stalled-cycles-frontend,0.0,0.0,nan,,ok
973.050832,2035588.0,,instructions:u,instructions,3720843.0,38.0,0.48,insn per cycle,ok
973.050832,nan,,,,nan,nan,0.98,stalled cycles per insn,unknown
973.050832,4212383.0,,cycles:u,cycles,1332980.0,15.0,nan,,ok
973.050832,340557.0,,branches:u,branches,1332980.0,18.0,nan,,ok
973.050832,23053.0,,branch-misses:u,branch-misses,1384710.0,19.0,6.77,of all branches,ok
973.050832,1677371.0,,L1-dcache-loads:u,l1-dcache-loads,3714698.0,46.0,nan,,ok
973.050832,148670.0,,cache-references:u,cache-references,6035347.0,70.0,nan,,ok
973.050832,15675.0,,cache-misses:u,cache-misses,8441179.0,100.0,10.54,of all cache refs,ok
973.050832,1995630.0,,stalled-cycles-frontend:u,stalled-cycles-frontend,3418103.0,36.0,47.38,frontend cycles idle,ok
983.570435,2212508.0,,instructions:u,instructions,6850985.0,93.0,0.54,insn per cycle,ok
983.570435,nan,,,,nan,nan,1.0,stalled cycles per insn,unknown
983.570435,4098966.0,,cycles:u,cycles,6179860.0,75.0,nan,,ok
983.570435,561798.0,,branches:u,branches,7184075.0,78.0,nan,,ok
983.570435,30264.0,,branch-misses:u,branch-misses,7224500.0,78.0,5.39,of all branches,ok
983.570435,794159.0,,L1-dcache-loads:u,l1-dcache-loads,3927439.0,45.0,nan,,ok
983.570435,123998.0,,cache-references:u,cache-references,2373798.0,31.0,nan,,ok
983.570435,11518.0,,cache-misses:u,cache-misses,3027715.0,50.0,9.29,of all cache refs,ok
983.570435,2215358.0,,stalled-cycles-frontend:u,stalled-cycles-frontend,5052512.0,60.0,54.05,frontend cycles idle,ok
994.040306,2362635.0,,instructions:u,instructions,3574492.0,68.0,0.51,insn per cycle,ok
994.040306,nan,,,,nan,nan,1.87,stalled cycles per insn,unknown
994.040306,4665409.0,,cycles:u,cycles,6180173.0,90.0,nan,,ok
994.040306,766187.0,,branches:u,branches,8802818.0,100.0,nan,,ok
994.040306,37798.0,,branch-misses:u,branch-misses,9980450.0,100.0,4.93,of all branches,ok
994.040306,1197737.0,,L1-dcache-loads:u,l1-dcache-loads,8661748.0,86.0,nan,,ok
994.040306,143355.0,,cache-references:u,cache-references,6436371.0,64.0,nan,,ok
994.040306,18096.0,,cache-misses:u,cache-misses,3833332.0,38.0,12.62,of all cache refs,ok
994.040306,4419664.0,,stalled-cycles-frontend:u,stalled-cycles-frontend,1308296.0,14.0,94.73,frontend cycles idle,ok
1004.533751,nan,,instructions:u,instructions,0.0,0.0,nan,,ok
1004.533751,4069935.0,,cycles:u,cycles,1635621.0,46.0,nan,,ok
1004.533751,419343.0,,branches:u,branches,4001289.0,81.0,nan,,ok
1004.533751,23903.0,,branch-misses:u,branch-misses,6314024.0,97.0,5.7,of all branches,ok
1004.533751,1095613.0,,L1-dcache-loads:u,l1-dcache-loads,8458058.0,100.0,nan,,ok
1004.533751,134979.0,,cache-references:u,cache-references,9019777.0,100.0,nan,,ok
1004.533751,11623.0,,cache-misses:u,cache-misses,7379775.0,81.0,8.61,of all cache refs,ok
1004.533751,nan,,stalled-cycles-frontend:u,stalled-cycles-frontend,0.0,0.0,nan,,ok
1014.9776889999999,761100.0,,instructions:u,instructions,1328510.0,30.0,0.19,insn per cycle,ok
1014.9776889999999,nan,,,,nan,nan,2.38,stalled cycles per insn,unknown
1014.9776889999999,3996483.0,,cycles:u,cycles,762476.0,16.0,nan,,ok
1014.9776889999999,642601.0,,branches:u,branches,1799445.0,31.0,nan,,ok
1014.9776889999999,25361.0,,branch-misses:u,branch-misses,3941878.0,58.0,3.95,of all branches,ok
1014.9776889999999,1340417.0,,L1-dcache-loads:u,l1-dcache-loads,6294321.0,77.0,nan,,ok
1014.9776889999999,136111.0,,cache-references:u,cache-references,8480926.0,100.0,nan,,ok
1014.9776889999999,16284.0,,cache-misses:u,cache-misses,9047009.0,95.0,11.96,of all cache refs,ok
1014.9776889999999,1811708.0,,stalled-cycles-frontend:u,stalled-cycles-frontend,1328510.0,15.0,45.33,frontend cycles idle,ok
1025.446327,1302632.0,,instructions:u,instructions,1486147.0,15.0,nan,,ok
1025.446327,nan,,,,nan,nan,1.3,stalled cycles per insn,unknown
1025.446327,nan,,cycles:u,cycles,0.0,0.0,nan,,ok
1025.446327,nan,,branches:u,branches,0.0,0.0,nan,,ok
1025.446327,19200.0,,branch-misses:u,branch-misses,1819191.0,47.0,nan,,ok
1025.446327,1260028.0,,L1-dcache-loads:u,l1-dcache-loads,4628115.0,81.0,nan,,ok
1025.446327,153118.0,,cache-references:u,cache-references,8364557.0,99.0,nan,,ok
1025.446327,18544.0,,cache-misses:u,cache-misses,9869588.0,100.0,12.11,of all cache refs,ok
1025.446327,1688872.0,,stalled-cycles-frontend:u,stalled-cycles-frontend,1516206.0,15.0,nan,,ok
1035.89898,1616810.0,,instructions:u,instructions,6670407.0,75.0,0.42,insn per cycle,ok
1035.89898,nan,,,,nan,nan,0.95,stalled cycles per insn,unknown
1035.89898,3885823.0,,cycles:u,cycles,4177297.0,47.0,nan,,ok
1035.89898,393804.0,,branches:u,branches,4183354.0,47.0,nan,,ok
1035.89898,28456.0,,branch-misses:u,branch-misses,4190000.0,47.0,7.23,of all branches,ok
1035.89898,1811067.0,,L1-dcache-loads:u,l1-dcache-loads,1527098.0,17.0,nan,,ok
1035.89898,224212.0,,cache-references:u,cache-references,2209488.0,27.0,nan,,ok
1035.89898,11807.0,,cache-misses:u,cache-misses,4686405.0,78.0,5.27,of all cache refs,ok
1035.89898,1538602.0,,stalled-cycles-frontend:u,stalled-cycles-frontend,5694166.0,72.0,39.6,frontend cycles idle,ok
1046.371304,2631933.0,,instructions:u,instructions,5096479.0,100.0,0.56,insn per cycle,ok
1046.371304,nan,,,,nan,nan,1.09,stalled cycles per insn,unknown
1046.371304,4727560.0,,cycles:u,cycles,6657451.0,96.0,nan,,ok
1046.371304,730155.0,,branches:u,branches,8406410.0,97.0,nan,,ok
1046.371304,37537.0,,branch-misses:u,branch-misses,9446332.0,97.0,5.14,of all branches,ok
1046.371304,1345111.0,,L1-dcache-loads:u,l1-dcache-loads,8263605.0,82.0,nan,,ok
1046.371304,114918.0,,cache-references:u,cache-references,4911217.0,52.0,nan,,ok
1046.371304,18689.0,,cache-misses:u,cache-misses,3322831.0,37.0,16.26,of all cache refs,ok
1046.371304,2876069.0,,stalled-cycles-frontend:u,stalled-cycles-frontend,1742462.0,21.0,60.84,frontend cycles idle,ok
1056.895745,3015405.0,,instructions:u,instructions,490584.0,17.0,0.79,insn per cycle,ok
1056.895745,3810481.0,,cycles:u,cycles,3348960.0,69.0,nan,,ok
1056.895745,543900.0,,branches:u,branches,6180778.0,93.0,nan,,ok
1056.895745,29061.0,,branch-misses:u,branch-misses,8395224.0,100.0,5.34,of all branches,ok
1056.895745,1327380.0,,L1-dcache-loads:u,l1-dcache-loads,9901085.0,100.0,nan,,ok
1056.895745,141534.0,,cache-references:u,cache-references,9492384.0,95.0,nan,,ok
1056.895745,13002.0,,cache-misses:u,cache-misses,6653173.0,66.0,9.19,of all cache refs,ok
1056.895745,nan,,stalled-cycles-frontend:u,stalled-cycles-frontend,0.0,0.0,nan,,ok
1067.311769,nan,,instructions:u,instructions,0.0,0.0,nan,,ok
1067.311769,5783818.0,,cycles:u,cycles,554601.0,14.0,nan,,ok
1067.311769,472786.0,,branches:u,branches,1895576.0,39.0,nan,,ok
1067.311769,24258.0,,branch-misses:u,branch-misses,3294277.0,55.0,5.13,of all branches,ok
1067.311769,1197786.0,,L1-dcache-loads:u,l1-dcache-loads,6294781.0,78.0,nan,,ok
1067.311769,143671.0,,cache-references:u,cache-references,8943398.0,100.0,nan,,ok
1067.311769,15936.0,,cache-misses:u,cache-misses,8395012.0,93.0,11.09,of all cache refs,ok
1067.311769,nan,,stalled-cycles-frontend:u,stalled-cycles-frontend,0.0,0.0,nan,,ok
1077.754107,1904616.0,,instructions:u,instructions,6825203.0,73.0,0.56,insn per cycle,ok
1077.754107,nan,,,,nan,nan,0.78,stalled cycles per insn,unknown
1077.754107,3416859.0,,cycles:u,cycles,4294966.0,47.0,nan,,ok
1077.754107,342629.0,,branches:u,branches,4294966.0,47.0,nan,,ok
1077.754107,26578.0,,branch-misses:u,branch-misses,4294966.0,47.0,7.76,of all branches,ok
1077.754107,754753.0,,L1-dcache-loads:u,l1-dcache-loads,2773944.0,30.0,nan,,ok
1077.754107,224421.0,,cache-references:u,cache-references,3080465.0,34.0,nan,,ok
1077.754107,20236.0,,cache-misses:u,cache-misses,5628481.0,61.0,9.02,of all cache refs,ok
1077.754107,1484659.0,,stalled-cycles-frontend:u,stalled-cycles-frontend,4858465.0,67.0,43.45,frontend cycles idle,ok
1088.2188159999998,2808506.0,,instructions:u,instructions,7122936.0,91.0,0.59,insn per cycle,ok
1088.2188159999998,nan,,,,nan,nan,1.01,stalled cycles per insn,unknown
1088.2188159999998,4792883.0,,cycles:u,cycles,7715468.0,89.0,nan,,ok
1088.2188159999998,697461.0,,branches:u,branches,8725468.0,90.0,nan,,ok
1088.2188159999998,33970.0,,branch-misses:u,branch-misses,8928535.0,91.0,4.87,of all branches,ok
1088.2188159999998,763094.0,,L1-dcache-loads:u,l1-dcache-loads,5358129.0,54.0,nan,,ok
1088.2188159999998,85133.0,,cache-references:u,cache-references,2703896.0,29.0,nan,,ok
1088.2188159999998,14466.0,,cache-misses:u,cache-misses,2062268.0,28.0,16.99,of all cache refs,ok
1088.2188159999998,2825262.0,,stalled-cycles-frontend:u,stalled-cycles-frontend,4431219.0,49.0,58.95,frontend cycles idle,ok
1098.703758,2454865.0,,instructions:u,instructions,2076158.0,40.0,0.56,insn per cycle,ok
1098.703758,nan,,,,nan,nan,1.83,stalled cycles per insn,unknown
1098.703758,4365682.0,,cycles:u,cycles,4088913.0,66.0,nan,,ok
1098.703758,639343.0,,branches:u,branches,7083496.0,86.0,nan,,ok
1098.703758,35008.0,,branch-misses:u,branch-misses,8990164.0,97.0,5.48,of all branches,ok
1098.703758,1056839.0,,L1-dcache-loads:u,l1-dcache-loads,8513951.0,92.0,nan,,ok
1098.703758,122636.0,,cache-references:u,cache-references,7151682.0,77.0,nan,,ok
1098.703758,17671.0,,cache-misses:u,cache-misses,5170205.0,56.0,14.41,of all cache refs,ok
1098.703758,4503213.0,,stalled-cycles-frontend:u,stalled-cycles-frontend,714150.0,8.0,103.15,frontend cycles idle,ok
1109.168026,nan,,instructions:u,instructions,0.0,0.0,nan,,ok
1109.168026,3355299.0,,cycles:u,cycles,1973630.0,71.0,nan,,ok
1109.168026,612034.0,,branches:u,branches,4748734.0,100.0,nan,,ok
1109.168026,26741.0,,branch-misses:u,branch-misses,6394433.0,100.0,4.37,of all branches,ok
1109.168026,1490798.0,,L1-dcache-loads:u,l1-dcache-loads,9008291.0,100.0,nan,,ok
1109.168026,170667.0,,cache-references:u,cache-references,9926055.0,100.0,nan,,ok
1109.168026,12444.0,,cache-misses:u,cache-misses,7952043.0,80.0,7.29,of all cache refs,ok
1109.168026,nan,,stalled-cycles-frontend:u,stalled-cycles-frontend,0.0,0.0,nan,,ok
1119.614317,1465590.0,,instructions:u,instructions,1272626.0,20.0,1.89,insn per cycle,ok
1119.614317,nan,,,,nan,nan,1.27,stalled cycles per insn,unknown
1119.614317,774269.0,,cycles:u,cycles,271782.0,4.0,nan,,ok
1119.614317,61637.0,,branches:u,branches,634580.0,9.0,nan,,ok
1119.614317,32005.0,,branch-misses:u,branch-misses,3579962.0,47.0,51.92,of all branches,ok
1119.614317,1273619.0,,L1-dcache-loads:u,l1-dcache-loads,6061468.0,75.0,nan,,ok
1119.614317,128801.0,,cache-references:u,cache-references,7860052.0,100.0,nan,,ok
1119.614317,15440.0,,cache-misses:u,cache-misses,8860857.0,100.0,11.99,of all cache refs,ok
1119.614317,1866395.0,,stalled-cycles-frontend:u,stalled-cycles-frontend,1272626.0,15.0,241.05,frontend cycles idle,ok
1130.072271,1916879.0,,instructions:u,instructions,4752777.0,48.0,0.54,insn per cycle,ok
1130.072271,nan,,,,nan,nan,1.05,stalled cycles per insn,unknown
1130.072271,3551562.0,,cycles:u,cycles,1929805.0,21.0,nan,,ok
1130.072271,226886.0,,branches:u,branches,1936171.0,34.0,nan,,ok
1130.072271,25152.0,,branch-misses:u,branch-misses,2427158.0,39.0,11.09,of all branches,ok
1130.072271,1304021.0,,L1-dcache-loads:u,l1-dcache-loads,2257777.0,34.0,nan,,ok
1130.072271,125963.0,,cache-references:u,cache-references,4937660.0,66.0,nan,,ok
1130.072271,17270.0,,cache-misses:u,cache-misses,7762484.0,84.0,13.71,of all cache refs,ok
1130.072271,2004072.0,,stalled-cycles-frontend:u,stalled-cycles-frontend,4081738.0,42.0,56.43,frontend cycles idle,ok
1140.578495,2706865.0,,instructions:u,instructions,7078800.0,86.0,0.7,insn per cycle,ok
1140.578495,nan,,,,nan,nan,0.58,stalled cycles per insn,unknown
1140.578495,3847079.0,,cycles:u,cycles,5889732.0,59.0,nan,,ok
1140.578495,392547.0,,branches:u,branches,5889343.0,59.0,nan,,ok
1140.578495,28712.0,,branch-misses:u,branch-misses,5888921.0,59.0,7.31,of all branches,ok
1140.578495,869579.0,,L1-dcache-loads:u,l1-dcache-loads,3921226.0,39.0,nan,,ok
1140.578495,208903.0,,cache-references:u,cache-references,2872923.0,28.0,nan,,ok
1140.578495,20894.0,,cache-misses:u,cache-misses,4062473.0,49.0,10.0,of all cache refs,ok
1140.578495,1577316.0,,stalled-cycles-frontend:u,stalled-cycles-frontend,4948153.0,81.0,41.0,frontend cycles idle,ok
1151.0401610000001,2110170.0,,instructions:u,instructions,6158045.0,100.0,0.51,insn per cycle,ok
1151.0401610000001,nan,,,,nan,nan,1.44,stalled cycles per insn,unknown
1151.0401610000001,4151432.0,,cycles:u,cycles,7131626.0,87.0,nan,,ok
1151.0401610000001,513480.0,,branches:u,branches,8144368.0,88.0,nan,,ok
1151.0401610000001,26899.0,,branch-misses:u,branch-misses,8144135.0,88.0,5.24,of all branches,ok
1151.0401610000001,757069.0,,L1-dcache-loads:u,l1-dcache-loads,5340468.0,58.0,nan,,ok
1151.0401610000001,130596.0,,cache-references:u,cache-references,3021202.0,32.0,nan,,ok
1151.0401610000001,28668.0,,cache-misses:u,cache-misses,2047087.0,22.0,21.95,of all cache refs,ok
1151.0401610000001,3030306.0,,stalled-cycles-frontend:u,stalled-cycles-frontend,3827720.0,46.0,72.99,frontend cycles idle,ok
1161.544494,2443386.0,,instructions:u,instructions,2106096.0,42.0,0.5,insn per cycle,ok
1161.544494,nan,,,,nan,nan,2.13,stalled cycles per insn,unknown
1161.544494,4883787.0,,cycles:u,cycles,5633205.0,74.0,nan,,ok
1161.544494,634177.0,,branches:u,branches,8509212.0,90.0,nan,,ok
1161.544494,33129.0,,branch-misses:u,branch-misses,9564097.0,98.0,5.22,of all branches,ok
1161.544494,953094.0,,L1-dcache-loads:u,l1-dcache-loads,9049440.0,93.0,nan,,ok
1161.544494,129649.0,,cache-references:u,cache-references,7639191.0,78.0,nan,,ok
1161.544494,12352.0,,cache-misses:u,cache-misses,4110659.0,42.0,9.53,of all cache refs,ok
1161.544494,5200789.0,,stalled-cycles-frontend:u,stalled-cycles-frontend,664375.0,7.0,106.49,frontend cycles idle,ok
1172.02106,61845.0,,instructions:u,instructions,276132.0,6.0,0.01,insn per cycle,ok
1172.02106,nan,,,,nan,nan,13.6,stalled cycles per insn,unknown
1172.02106,7306460.0,,cycles:u,cycles,581332.0,12.0,nan,,ok
1172.02106,438426.0,,branches:u,branches,2885708.0,100.0,nan,,ok
1172.02106,20104.0,,branch-misses:u,branch-misses,4824662.0,100.0,4.59,of all branches,ok
1172.02106,1201045.0,,L1-dcache-loads:u,l1-dcache-loads,7319718.0,100.0,nan,,ok
1172.02106,164793.0,,cache-references:u,cache-references,9652332.0,100.0,nan,,ok
1172.02106,17700.0,,cache-misses:u,cache-misses,9346714.0,94.0,10.74,of all cache refs,ok
1172.02106,841168.0,,stalled-cycles-frontend:u,stalled-cycles-frontend,276132.0,3.0,11.51,frontend cycles idle,ok
1182.551328,898064.0,,instructions:u,instructions,2161331.0,43.0,0.38,insn per cycle,ok
1182.551328,nan,,,,nan,nan,1.7,stalled cycles per insn,unknown
1182.551328,2393225.0,,cycles:u,cycles,1340782.0,26.0,nan,,ok
1182.551328,486954.0,,branches:u,branches,1736106.0,32.0,nan,,ok
1182.551328,22886.0,,branch-misses:u,branch-misses,2785366.0,43.0,4.7,of all branches,ok
1182.551328,1652677.0,,L1-dcache-loads:u,l1-dcache-loads,5181283.0,63.0,nan,,ok
1182.551328,158468.0,,cache-references:u,cache-references,6871106.0,79.0,nan,,ok
1182.551328,13867.0,,cache-misses:u,cache-misses,7692558.0,100.0,8.75,of all cache refs,ok
1182.551328,1530169.0,,stalled-cycles-frontend:u,stalled-cycles-frontend,1819917.0,23.0,63.94,frontend cycles idle,ok
1193.0288719999999,3101498.0,,instructions:u,instructions,7745218.0,88.0,0.8,insn per cycle,ok
1193.0288719999999,nan,,,,nan,nan,0.87,stalled cycles per insn,unknown
1193.0288719999999,3879343.0,,cycles:u,cycles,5214940.0,53.0,nan,,ok
1193.0288719999999,339256.0,,branches:u,branches,5348019.0,54.0,nan,,ok
1193.0288719999999,24200.0,,branch-misses:u,branch-misses,5354238.0,54.0,7.13,of all branches,ok
1193.0288719999999,785693.0,,L1-dcache-loads:u,l1-dcache-loads,2542189.0,28.0,nan,,ok
1193.0288719999999,92871.0,,cache-references:u,cache-references,2105193.0,28.0,nan,,ok
1193.0288719999999,20716.0,,cache-misses:u,cache-misses,4636521.0,51.0,22.31,of all cache refs,ok
1193.0288719999999,2704738.0,,stalled-cycles-frontend:u,stalled-cycles-frontend,6354017.0,65.0,69.72,frontend cycles idle,ok
1203.516979,2473730.0,,instructions:u,instructions,3900181.0,59.0,0.51,insn per cycle,ok
1203.516979,nan,,,,nan,nan,1.01,stalled cycles per insn,unknown
1203.516979,4842668.0,,cycles:u,cycles,5781453.0,72.0,nan,,ok
1203.516979,622820.0,,branches:u,branches,7712725.0,86.0,nan,,ok
1203.516979,31969.0,,branch-misses:u,branch-misses,8526964.0,95.0,5.13,of all branches,ok
1203.516979,975951.0,,L1-dcache-loads:u,l1-dcache-loads,7621373.0,85.0,nan,,ok
1203.516979,116340.0,,cache-references:u,cache-references,5062754.0,56.0,nan,,ok
1203.516979,13802.0,,cache-misses:u,cache-misses,3181272.0,38.0,11.86,of all cache refs,ok
1203.516979,2505815.0,,stalled-cycles-frontend:u,stalled-cycles-frontend,1308324.0,20.0,51.74,frontend cycles idle,ok
1213.930596,873654.0,,instructions:u,instructions,1188852.0,26.0,0.14,insn per cycle,ok
1213.930596,nan,,,,nan,nan,2.25,stalled cycles per insn,unknown
1213.930596,6144622.0,,cycles:u,cycles,782967.0,15.0,nan,,ok
1213.930596,710176.0,,branches:u,branches,1995549.0,33.0,nan,,ok
1213.930596,33257.0,,branch-misses:u,branch-misses,5103589.0,65.0,4.68,of all branches,ok
1213.930596,1493261.0,,L1-dcache-loads:u,l1-dcache-loads,7548125.0,81.0,nan,,ok
1213.930596,144820.0,,cache-references:u,cache-references,8643220.0,100.0,nan,,ok
1213.930596,18178.0,,cache-misses:u,cache-misses,9047854.0,93.0,12.55,of all cache refs,ok
1213.930596,1966673.0,,stalled-cycles-frontend:u,stalled-cycles-frontend,1188852.0,13.0,32.01,frontend cycles idle,ok
1224.412439,2060275.0,,instructions:u,instructions,3460288.0,34.0,0.57,insn per cycle,ok
1224.412439,nan,,,,nan,nan,1.01,stalled cycles per insn,unknown
1224.412439,3603599.0,,cycles:u,cycles,1701209.0,17.0,nan,,ok
1224.412439,347630.0,,branches:u,branches,1701209.0,17.0,nan,,ok
1224.412439,38992.0,,branch-misses:u,branch-misses,2511375.0,25.0,11.22,of all branches,ok
1224.412439,2486503.0,,L1-dcache-loads:u,l1-dcache-loads,3765329.0,40.0,nan,,ok
1224.412439,156347.0,,cache-references:u,cache-references,6494339.0,77.0,nan,,ok
1224.412439,14761.0,,cache-misses:u,cache-misses,8271219.0,100.0,9.44,of all cache refs,ok
1224.412439,2084700.0,,stalled-cycles-frontend:u,stalled-cycles-frontend,3406584.0,34.0,57.85,frontend cycles idle,ok
1234.877228,2492955.0,,instructions:u,instructions,6983642.0,77.0,0.62,insn per cycle,ok
1234.877228,nan,,,,nan,nan,0.66,stalled cycles per insn,unknown
1234.877228,3994723.0,,cycles:u,cycles,4467492.0,49.0,nan,,ok
1234.877228,399301.0,,branches:u,branches,4473299.0,49.0,nan,,ok
1234.877228,29493.0,,branch-misses:u,branch-misses,4479480.0,49.0,7.39,of all branches,ok
1234.877228,1470448.0,,L1-dcache-loads:u,l1-dcache-loads,2180873.0,24.0,nan,,ok
1234.877228,190884.0,,cache-references:u,cache-references,2018179.0,25.0,nan,,ok
1234.877228,10914.0,,cache-misses:u,cache-misses,4518330.0,77.0,5.72,of all cache refs,ok
1234.877228,1636103.0,,stalled-cycles-frontend:u,stalled-cycles-frontend,5508813.0,70.0,40.96,frontend cycles idle,ok
1245.340711,2115609.0,,instructions:u,instructions,5515720.0,100.0,0.52,insn per cycle,ok
1245.340711,nan,,,,nan,nan,1.51,stalled cycles per insn,unknown
1245.340711,4082420.0,,cycles:u,cycles,7179144.0,86.0,nan,,ok
1245.340711,496485.0,,branches:u,branches,8775275.0,88.0,nan,,ok
1245.340711,30089.0,,branch-misses:u,branch-misses,8776531.0,88.0,6.06,of all branches,ok
1245.340711,872520.0,,L1-dcache-loads:u,l1-dcache-loads,6739400.0,67.0,nan,,ok
1245.340711,134757.0,,cache-references:u,cache-references,4406385.0,44.0,nan,,ok
1245.340711,26779.0,,cache-misses:u,cache-misses,2748905.0,27.0,19.87,of all cache refs,ok
1245.340711,3201438.0,,stalled-cycles-frontend:u,stalled-cycles-frontend,3222358.0,38.0,78.42,frontend cycles idle,ok
1255.86278,2579762.0,,instructions:u,instructions,1568238.0,62.0,0.67,insn per cycle,ok
1255.86278,3847371.0,,cycles:u,cycles,3786585.0,84.0,nan,,ok
1255.86278,725554.0,,branches:u,branches,7065626.0,100.0,nan,,ok
1255.86278,36644.0,,branch-misses:u,branch-misses,8727683.0,100.0,5.05,of all branches,ok
1255.86278,1555437.0,,L1-dcache-loads:u,l1-dcache-loads,9152465.0,99.0,nan,,ok
1255.86278,139580.0,,cache-references:u,cache-references,7656455.0,83.0,nan,,ok
1255.86278,15220.0,,cache-misses:u,cache-misses,5430111.0,59.0,10.9,of all cache refs,ok
1255.86278,nan,,stalled-cycles-frontend:u,stalled-cycles-frontend,0.0,0.0,nan,,ok
1266.30513,665095.0,,instructions:u,instructions,536491.0,5.0,nan,,ok
1266.30513,nan,,,,nan,nan,1.84,stalled cycles per insn,unknown
1266.30513,nan,,cycles:u,cycles,0.0,0.0,nan,,ok
1266.30513,773953.0,,branches:u,branches,1934801.0,51.0,nan,,ok
1266.30513,20487.0,,branch-misses:u,branch-misses,4814487.0,84.0,2.65,of all branches,ok
1266.30513,1074825.0,,L1-dcache-loads:u,l1-dcache-loads,7371178.0,100.0,nan,,ok
1266.30513,143220.0,,cache-references:u,cache-references,9368163.0,100.0,nan,,ok
1266.30513,16466.0,,cache-misses:u,cache-misses,9904389.0,100.0,11.5,of all cache refs,ok
1266.30513,1221647.0,,stalled-cycles-frontend:u,stalled-cycles-frontend,536491.0,5.0,nan,,ok
1276.7808519999999,2210356.0,,instructions:u,instructions,3694118.0,38.0,0.8,insn per cycle,ok
1276.7808519999999,nan,,,,nan,nan,0.99,stalled cycles per insn,unknown
1276.7808519999999,2755591.0,,cycles:u,cycles,886449.0,9.0,nan,,ok
1276.7808519999999,252245.0,,branches:u,branches,892412.0,9.0,nan,,ok
1276.7808519999999,47276.0,,branch-misses:u,branch-misses,2259647.0,23.0,18.74,of all branches,ok
1276.7808519999999,2153611.0,,L1-dcache-loads:u,l1-dcache-loads,3454920.0,37.0,nan,,ok
1276.7808519999999,119750.0,,cache-references:u,cache-references,5940419.0,82.0,nan,,ok
1276.7808519999999,18648.0,,cache-misses:u,cache-misses,8749708.0,95.0,15.57,of all cache refs,ok
1276.7808519999999,2197541.0,,stalled-cycles-frontend:u,stalled-cycles-frontend,3728646.0,38.0,79.75,frontend cycles idle,ok
1287.2494199999999,8622228.0,,instructions:u,instructions,6467953.0,71.0,1.23,insn per cycle,ok
1287.2494199999999,nan,,,,nan,nan,0.29,stalled cycles per insn,unknown
1287.2494199999999,6984999.0,,cycles:u,cycles,5653521.0,60.0,nan,,ok
1287.2494199999999,1211849.0,,branches:u,branches,5653032.0,60.0,nan,,ok
1287.2494199999999,52817.0,,branch-misses:u,branch-misses,5652862.0,60.0,4.36,of all branches,ok
1287.2494199999999,979263.0,,L1-dcache-loads:u,l1-dcache-loads,3212167.0,36.0,nan,,ok
1287.2494199999999,201327.0,,cache-references:u,cache-references,2893877.0,32.0,nan,,ok
1287.2494199999999,18880.0,,cache-misses:u,cache-misses,3678111.0,43.0,9.38,of all cache refs,ok
1287.2494199999999,2514166.0,,stalled-cycles-frontend:u,stalled-cycles-frontend,4499432.0,55.0,35.99,frontend cycles idle,ok
1297.741861,14009.0,,instructions:u,instructions,95996.0,3.0,0.0,insn per cycle,ok
1297.741861,2920791.0,,cycles:u,cycles,2322759.0,52.0,nan,,ok
1297.741861,308877.0,,branches:u,branches,5362988.0,83.0,nan,,ok
1297.741861,26362.0,,branch-misses:u,branch-misses,7282240.0,100.0,8.53,of all branches,ok
1297.741861,890090.0,,L1-dcache-loads:u,l1-dcache-loads,8307616.0,100.0,nan,,ok
1297.741861,118879.0,,cache-references:u,cache-references,8212126.0,98.0,nan,,ok
1297.741861,9617.0,,cache-misses:u,cache-misses,6014252.0,72.0,8.09,of all cache refs,ok
1297.741861,nan,,stalled-cycles-frontend:u,stalled-cycles-frontend,0.0,0.0,nan,,ok
1308.1778040000002,2334632.0,,instructions:u,instructions,2503275.0,34.0,0.75,insn per cycle,ok
1308.1778040000002,nan,,,,nan,nan,1.37,stalled cycles per insn,unknown
1308.1778040000002,3105621.0,,cycles:u,cycles,2326457.0,32.0,nan,,ok
1308.1778040000002,345927.0,,branches:u,branches,3396820.0,47.0,nan,,ok
1308.1778040000002,23299.0,,branch-misses:u,branch-misses,5444191.0,65.0,6.74,of all branches,ok
1308.1778040000002,928095.0,,L1-dcache-loads:u,l1-dcache-loads,6757285.0,72.0,nan,,ok
1308.1778040000002,124310.0,,cache-references:u,cache-references,7432865.0,74.0,nan,,ok
1308.1778040000002,19887.0,,cache-misses:u,cache-misses,7610343.0,76.0,16.0,of all cache refs,ok
1308.1778040000002,3207046.0,,stalled-cycles-frontend:u,stalled-cycles-frontend,1505670.0,16.0,103.27,frontend cycles idle,ok
1318.679764,2197259.0,,instructions:u,instructions,3741331.0,44.0,0.43,insn per cycle,ok
1318.679764,nan,,,,nan,nan,1.53,stalled cycles per insn,unknown
1318.679764,5129127.0,,cycles:u,cycles,3557964.0,41.0,nan,,ok
1318.679764,395479.0,,branches:u,branches,4724638.0,54.0,nan,,ok
1318.679764,32284.0,,branch-misses:u,branch-misses,6741419.0,69.0,8.16,of all branches,ok
1318.679764,1269114.0,,L1-dcache-loads:u,l1-dcache-loads,6793350.0,66.0,nan,,ok
1318.679764,147875.0,,cache-references:u,cache-references,6448814.0,62.0,nan,,ok
1318.679764,14410.0,,cache-misses:u,cache-misses,6634256.0,64.0,9.74,of all cache refs,ok
1318.679764,3362339.0,,stalled-cycles-frontend:u,stalled-cycles-frontend,2457887.0,25.0,65.55,frontend cycles idle,ok
1329.1939719999998,3929384.0,,instructions:u,instructions,3724169.0,38.0,0.64,insn per cycle,ok
1329.1939719999998,nan,,,,nan,nan,1.21,stalled cycles per insn,unknown
1329.1939719999998,6172079.0,,cycles:u,cycles,4512947.0,46.0,nan,,ok
1329.1939719999998,870921.0,,branches:u,branches,5465523.0,55.0,nan,,ok
1329.1939719999998,35788.0,,branch-misses:u,branch-misses,6446525.0,65.0,4.11,of all branches,ok
1329.1939719999998,1347985.0,,L1-dcache-loads:u,l1-dcache-loads,6934595.0,70.0,nan,,ok
1329.1939719999998,122821.0,,cache-references:u,cache-references,6100479.0,62.0,nan,,ok
1329.1939719999998,26159.0,,cache-misses:u,cache-misses,5275561.0,53.0,21.3,of all cache refs,ok
1329.1939719999998,4757792.0,,stalled-cycles-frontend:u,stalled-cycles-frontend,2003876.0,20.0,77.09,frontend cycles idle,ok
1339.718703,2897627.0,,instructions:u,instructions,3004528.0,28.0,0.45,insn per cycle,ok
1339.718703,nan,,,,nan,nan,0.69,stalled cycles per insn,unknown
1339.718703,6502647.0,,cycles:u,cycles,3195467.0,30.0,nan,,ok
1339.718703,656470.0,,branches:u,branches,5188718.0,49.0,nan,,ok
1339.718703,61451.0,,branch-misses:u,branch-misses,7184480.0,68.0,9.36,of all branches,ok
1339.718703,748157.0,,L1-dcache-loads:u,l1-dcache-loads,7517938.0,71.0,nan,,ok
1339.718703,92309.0,,cache-references:u,cache-references,7475028.0,71.0,nan,,ok
1339.718703,380.0,,cache-misses:u,cache-misses,7318240.0,69.0,0.41,of all cache refs,ok
1339.718703,2000928.0,,stalled-cycles-frontend:u,stalled-cycles-frontend,2005105.0,19.0,30.77,frontend cycles idle,ok
1350.2152899999999,4258539.0,,instructions:u,instructions,3818626.0,36.0,0.72,insn per cycle,ok
1350.2152899999999,nan,,,,nan,nan,0.83,stalled cycles per insn,unknown
1350.2152899999999,5938384.0,,cycles:u,cycles,3002219.0,28.0,nan,,ok
1350.2152899999999,894079.0,,branches:u,branches,4001975.0,38.0,nan,,ok
1350.2152899999999,36662.0,,branch-misses:u,branch-misses,5003297.0,47.0,4.1,of all branches,ok
1350.2152899999999,3004217.0,,L1-dcache-loads:u,l1-dcache-loads,5656638.0,53.0,nan,,ok
1350.2152899999999,205744.0,,cache-references:u,cache-references,6653935.0,63.0,nan,,ok
1350.2152899999999,23917.0,,cache-misses:u,cache-misses,7491876.0,71.0,11.62,of all cache refs,ok
1350.2152899999999,3523804.0,,stalled-cycles-frontend:u,stalled-cycles-frontend,2855123.0,27.0,59.34,frontend cycles idle,ok
1360.7206190000002,8306279.0,,instructions:u,instructions,5187793.0,49.0,0.44,insn per cycle,ok
1360.7206190000002,nan,,,,nan,nan,0.71,stalled cycles per insn,unknown
1360.7206190000002,19062324.0,,cycles:u,cycles,5326125.0,50.0,nan,,ok
1360.7206190000002,1755645.0,,branches:u,branches,6332158.0,60.0,nan,,ok
1360.7206190000002,89555.0,,branch-misses:u,branch-misses,7337009.0,69.0,5.1,of all branches,ok
1360.7206190000002,5728853.0,,L1-dcache-loads:u,l1-dcache-loads,6336559.0,60.0,nan,,ok
1360.7206190000002,731596.0,,cache-references:u,cache-references,5347041.0,50.0,nan,,ok
1360.7206190000002,27800.0,,cache-misses:u,cache-misses,5152692.0,49.0,3.8,of all cache refs,ok
1360.7206190000002,5930252.0,,stalled-cycles-frontend:u,stalled-cycles-frontend,3156288.0,30.0,31.11,frontend cycles idle,ok
1371.202883,7392798.0,,instructions:u,instructions,2997466.0,28.0,0.35,insn per cycle,ok
1371.202883,nan,,,,nan,nan,0.78,stalled cycles per insn,unknown
1371.202883,21076104.0,,cycles:u,cycles,3681000.0,35.0,nan,,ok
1371.202883,2566082.0,,branches:u,branches,5672251.0,54.0,nan,,ok
1371.202883,190852.0,,branch-misses:u,branch-misses,7481254.0,71.0,7.44,of all branches,ok
1371.202883,7693644.0,,L1-dcache-loads:u,l1-dcache-loads,7471689.0,71.0,nan,,ok
1371.202883,763111.0,,cache-references:u,cache-references,7481912.0,71.0,nan,,ok
1371.202883,22389.0,,cache-misses:u,cache-misses,6833454.0,65.0,2.93,of all cache refs,ok
1371.202883,5758266.0,,stalled-cycles-frontend:u,stalled-cycles-frontend,2001283.0,19.0,27.32,frontend cycles idle,ok
1381.710573,8841102.0,,instructions:u,instructions,4250775.0,40.0,0.37,insn per cycle,ok
1381.710573,nan,,,,nan,nan,0.85,stalled cycles per insn,unknown
1381.710573,23827482.0,,cycles:u,cycles,3315689.0,31.0,nan,,ok
1381.710573,1928879.0,,branches:u,branches,4327267.0,41.0,nan,,ok
1381.710573,127733.0,,branch-misses:u,branch-misses,5517343.0,52.0,6.62,of all branches,ok
1381.710573,6661591.0,,L1-dcache-loads:u,l1-dcache-loads,6169499.0,58.0,nan,,ok
1381.710573,872468.0,,cache-references:u,cache-references,6187101.0,59.0,nan,,ok
1381.710573,31803.0,,cache-misses:u,cache-misses,7124367.0,68.0,3.65,of all cache refs,ok
1381.710573,7547784.0,,stalled-cycles-frontend:u,stalled-cycles-frontend,3299444.0,31.0,31.68,frontend cycles idle,ok
1392.212054,10407367.0,,instructions:u,instructions,4690003.0,44.0,0.49,insn per cycle,ok
1392.212054,nan,,,,nan,nan,0.65,stalled cycles per insn,unknown
1392.212054,21171148.0,,cycles:u,cycles,5507776.0,52.0,nan,,ok
1392.212054,2123228.0,,branches:u,branches,6518211.0,61.0,nan,,ok
1392.212054,139829.0,,branch-misses:u,branch-misses,7517068.0,71.0,6.59,of all branches,ok
1392.212054,5489935.0,,L1-dcache-loads:u,l1-dcache-loads,6880402.0,65.0,nan,,ok
1392.212054,857488.0,,cache-references:u,cache-references,5880776.0,55.0,nan,,ok
1392.212054,19606.0,,cache-misses:u,cache-misses,4997192.0,47.0,2.29,of all cache refs,ok
1392.212054,6776691.0,,stalled-cycles-frontend:u,stalled-cycles-frontend,2641807.0,25.0,32.01,frontend cycles idle,ok
1402.7447630000001,15076564.0,,instructions:u,instructions,3002121.0,28.0,0.67,insn per cycle,ok
1402.7447630000001,nan,,,,nan,nan,0.38,stalled cycles per insn,unknown
1402.7447630000001,22551945.0,,cycles:u,cycles,3174463.0,30.0,nan,,ok
1402.7447630000001,2585569.0,,branches:u,branches,5148587.0,49.0,nan,,ok
1402.7447630000001,197778.0,,branch-misses:u,branch-misses,7137030.0,67.0,7.65,of all branches,ok
1402.7447630000001,6742445.0,,L1-dcache-loads:u,l1-dcache-loads,7484252.0,71.0,nan,,ok
1402.7447630000001,838094.0,,cache-references:u,cache-references,7484558.0,71.0,nan,,ok
1402.7447630000001,44945.0,,cache-misses:u,cache-misses,7375353.0,70.0,5.36,of all cache refs,ok
1402.7447630000001,5765408.0,,stalled-cycles-frontend:u,stalled-cycles-frontend,2002466.0,19.0,25.57,frontend cycles idle,ok
1413.2157359999999,9333556.0,,instructions:u,instructions,3816925.0,36.0,0.43,insn per cycle,ok
1413.2157359999999,nan,,,,nan,nan,0.59,stalled cycles per insn,unknown
1413.2157359999999,21471087.0,,cycles:u,cycles,3000324.0,28.0,nan,,ok
1413.2157359999999,1890044.0,,branches:u,branches,4004290.0,38.0,nan,,ok
1413.2157359999999,147894.0,,branch-misses:u,branch-misses,4998628.0,47.0,7.82,of all branches,ok
1413.2157359999999,5661864.0,,L1-dcache-loads:u,l1-dcache-loads,5635325.0,53.0,nan,,ok
1413.2157359999999,913723.0,,cache-references:u,cache-references,6627505.0,63.0,nan,,ok
1413.2157359999999,39852.0,,cache-misses:u,cache-misses,7467848.0,71.0,4.36,of all cache refs,ok
1413.2157359999999,5538408.0,,stalled-cycles-frontend:u,stalled-cycles-frontend,2856429.0,27.0,25.79,frontend cycles idle,ok
1423.709511,11310889.0,,instructions:u,instructions,5190909.0,49.0,0.51,insn per cycle,ok
1423.709511,nan,,,,nan,nan,0.59,stalled cycles per insn,unknown
1423.709511,22163131.0,,cycles:u,cycles,5319195.0,50.0,nan,,ok
1423.709511,2516331.0,,branches:u,branches,6326307.0,60.0,nan,,ok
1423.709511,153211.0,,branch-misses:u,branch-misses,7333815.0,69.0,6.09,of all branches,ok
1423.709511,7453915.0,,L1-dcache-loads:u,l1-dcache-loads,6333721.0,60.0,nan,,ok
1423.709511,879055.0,,cache-references:u,cache-references,5338664.0,50.0,nan,,ok
1423.709511,29596.0,,cache-misses:u,cache-misses,5149498.0,49.0,3.37,of all cache refs,ok
1423.709511,6671609.0,,stalled-cycles-frontend:u,stalled-cycles-frontend,3147916.0,29.0,30.1,frontend cycles idle,ok
1434.189922,8412281.0,,instructions:u,instructions,3005516.0,28.0,0.38,insn per cycle,ok
1434.189922,nan,,,,nan,nan,0.84,stalled cycles per insn,unknown
1434.189922,22399402.0,,cycles:u,cycles,3682181.0,35.0,nan,,ok
1434.189922,1818791.0,,branches:u,branches,5679550.0,54.0,nan,,ok
1434.189922,179542.0,,branch-misses:u,branch-misses,7477571.0,71.0,9.87,of all branches,ok
1434.189922,6949399.0,,L1-dcache-loads:u,l1-dcache-loads,7472064.0,71.0,nan,,ok
1434.189922,853699.0,,cache-references:u,cache-references,7466885.0,71.0,nan,,ok
1434.189922,36145.0,,cache-misses:u,cache-misses,6827372.0,65.0,4.23,of all cache refs,ok
1434.189922,7033158.0,,stalled-cycles-frontend:u,stalled-cycles-frontend,2001924.0,19.0,31.4,frontend cycles idle,ok
1444.6805009999998,7595235.0,,instructions:u,instructions,3286243.0,31.0,0.31,insn per cycle,ok
1444.6805009999998,nan,,,,nan,nan,0.84,stalled cycles per insn,unknown
1444.6805009999998,24302733.0,,cycles:u,cycles,3000358.0,28.0,nan,,ok
1444.6805009999998,1333027.0,,branches:u,branches,4005634.0,38.0,nan,,ok
1444.6805009999998,181320.0,,branch-misses:u,branch-misses,5211137.0,49.0,13.6,of all branches,ok
1444.6805009999998,5332248.0,,L1-dcache-loads:u,l1-dcache-loads,6194992.0,59.0,nan,,ok
1444.6805009999998,1081384.0,,cache-references:u,cache-references,7176325.0,68.0,nan,,ok
1444.6805009999998,40062.0,,cache-misses:u,cache-misses,7487727.0,71.0,3.7,of all cache refs,ok
1444.6805009999998,6376565.0,,stalled-cycles-frontend:u,stalled-cycles-frontend,2328860.0,22.0,26.24,frontend cycles idle,ok
1455.172181,6442680.0,,instructions:u,instructions,5497630.0,52.0,0.28,insn per cycle,ok
1455.172181,nan,,,,nan,nan,0.88,stalled cycles per insn,unknown
1455.172181,23360012.0,,cycles:u,cycles,4776010.0,45.0,nan,,ok
1455.172181,1269627.0,,branches:u,branches,5783699.0,55.0,nan,,ok
1455.172181,174984.0,,branch-misses:u,branch-misses,6798754.0,64.0,13.78,of all branches,ok
1455.172181,5439768.0,,L1-dcache-loads:u,l1-dcache-loads,5777162.0,55.0,nan,,ok
1455.172181,1008032.0,,cache-references:u,cache-references,4980000.0,47.0,nan,,ok
1455.172181,50603.0,,cache-misses:u,cache-misses,5678226.0,54.0,5.02,of all cache refs,ok
1455.172181,5699092.0,,stalled-cycles-frontend:u,stalled-cycles-frontend,3691917.0,35.0,24.4,frontend cycles idle,ok
1465.665279,8626659.0,,instructions:u,instructions,3235045.0,30.0,0.44,insn per cycle,ok
1465.665279,nan,,,,nan,nan,0.71,stalled cycles per insn,unknown
1465.665279,19419973.0,,cycles:u,cycles,4223305.0,40.0,nan,,ok
1465.665279,1457758.0,,branches:u,branches,6215073.0,59.0,nan,,ok
1465.665279,169656.0,,branch-misses:u,branch-misses,7495850.0,71.0,11.64,of all branches,ok
1465.665279,5230664.0,,L1-dcache-loads:u,l1-dcache-loads,7484586.0,71.0,nan,,ok
1465.665279,881336.0,,cache-references:u,cache-references,7294228.0,69.0,nan,,ok
1465.665279,29558.0,,cache-misses:u,cache-misses,6304327.0,60.0,3.35,of all cache refs,ok
1465.665279,6107270.0,,stalled-cycles-frontend:u,stalled-cycles-frontend,2009099.0,19.0,31.45,frontend cycles idle,ok
1476.151319,8087747.0,,instructions:u,instructions,2998876.0,28.0,0.43,insn per cycle,ok
1476.151319,nan,,,,nan,nan,0.78,stalled cycles per insn,unknown
1476.151319,18605913.0,,cycles:u,cycles,3001839.0,28.0,nan,,ok
1476.151319,2092977.0,,branches:u,branches,4001695.0,38.0,nan,,ok
1476.151319,174057.0,,branch-misses:u,branch-misses,5718251.0,54.0,8.32,of all branches,ok
1476.151319,7019799.0,,L1-dcache-loads:u,l1-dcache-loads,6709737.0,64.0,nan,,ok
1476.151319,760303.0,,cache-references:u,cache-references,7474294.0,71.0,nan,,ok
1476.151319,28339.0,,cache-misses:u,cache-misses,7471657.0,71.0,3.73,of all cache refs,ok
1476.151319,6339457.0,,stalled-cycles-frontend:u,stalled-cycles-frontend,1994489.0,19.0,34.07,frontend cycles idle,ok
1486.634756,8344980.0,,instructions:u,instructions,5237753.0,49.0,0.42,insn per cycle,ok
1486.634756,nan,,,,nan,nan,0.76,stalled cycles per insn,unknown
1486.634756,19995782.0,,cycles:u,cycles,4251151.0,40.0,nan,,ok
1486.634756,1556542.0,,branches:u,branches,5273865.0,50.0,nan,,ok
1486.634756,152572.0,,branch-misses:u,branch-misses,6294433.0,59.0,9.8,of all branches,ok
1486.634756,5215263.0,,L1-dcache-loads:u,l1-dcache-loads,5294330.0,50.0,nan,,ok
1486.634756,854222.0,,cache-references:u,cache-references,5221327.0,49.0,nan,,ok
1486.634756,15336.0,,cache-misses:u,cache-misses,6217515.0,59.0,1.8,of all cache refs,ok
1486.634756,6377725.0,,stalled-cycles-frontend:u,stalled-cycles-frontend,4007213.0,38.0,31.9,frontend cycles idle,ok
1497.1624809999998,13258233.0,,instructions:u,instructions,3771093.0,35.0,0.63,insn per cycle,ok
1497.1624809999998,nan,,,,nan,nan,0.5,stalled cycles per insn,unknown
1497.1624809999998,20995031.0,,cycles:u,cycles,4746734.0,45.0,nan,,ok
1497.1624809999998,2521047.0,,branches:u,branches,6505099.0,61.0,nan,,ok
1497.1624809999998,220213.0,,branch-misses:u,branch-misses,7494699.0,71.0,8.73,of all branches,ok
1497.1624809999998,7572827.0,,L1-dcache-loads:u,l1-dcache-loads,7479797.0,71.0,nan,,ok
1497.1624809999998,655991.0,,cache-references:u,cache-references,6789809.0,64.0,nan,,ok
1497.1624809999998,34692.0,,cache-misses:u,cache-misses,5804219.0,55.0,5.29,of all cache refs,ok
1497.1624809999998,6694021.0,,stalled-cycles-frontend:u,stalled-cycles-frontend,2004875.0,19.0,31.88,frontend cycles idle,ok
1507.652374,11753666.0,,instructions:u,instructions,3001226.0,28.0,0.55,insn per cycle,ok
1507.652374,nan,,,,nan,nan,0.49,stalled cycles per insn,unknown
1507.652374,21364548.0,,cycles:u,cycles,3003127.0,28.0,nan,,ok
1507.652374,2830875.0,,branches:u,branches,4233036.0,40.0,nan,,ok
1507.652374,253777.0,,branch-misses:u,branch-misses,6222693.0,59.0,8.96,of all branches,ok
1507.652374,9224375.0,,L1-dcache-loads:u,l1-dcache-loads,7207894.0,68.0,nan,,ok
1507.652374,708118.0,,cache-references:u,cache-references,7480579.0,71.0,nan,,ok
1507.652374,55554.0,,cache-misses:u,cache-misses,7478800.0,71.0,7.85,of all cache refs,ok
1507.652374,5808596.0,,stalled-cycles-frontend:u,stalled-cycles-frontend,2000502.0,19.0,27.19,frontend cycles idle,ok
1518.1249779999998,15707462.0,,instructions:u,instructions,4738656.0,45.0,0.72,insn per cycle,ok
1518.1249779999998,nan,,,,nan,nan,0.37,stalled cycles per insn,unknown
1518.1249779999998,21962049.0,,cycles:u,cycles,3736289.0,35.0,nan,,ok
1518.1249779999998,2767886.0,,branches:u,branches,4742030.0,45.0,nan,,ok
1518.1249779999998,251262.0,,branch-misses:u,branch-misses,5752827.0,54.0,9.08,of all branches,ok
1518.1249779999998,9373838.0,,L1-dcache-loads:u,l1-dcache-loads,5000751.0,47.0,nan,,ok
1518.1249779999998,734498.0,,cache-references:u,cache-references,5709342.0,54.0,nan,,ok
1518.1249779999998,33842.0,,cache-misses:u,cache-misses,6712980.0,64.0,4.61,of all cache refs,ok
1518.1249779999998,5854962.0,,stalled-cycles-frontend:u,stalled-cycles-frontend,3777265.0,36.0,26.66,frontend cycles idle,ok
1528.626324,11444858.0,,instructions:u,instructions,4282524.0,40.0,0.54,insn per cycle,ok
1528.626324,nan,,,,nan,nan,0.6,stalled cycles per insn,unknown
1528.626324,21284497.0,,cycles:u,cycles,5269239.0,50.0,nan,,ok
1528.626324,3310775.0,,branches:u,branches,6495564.0,61.0,nan,,ok
1528.626324,182915.0,,branch-misses:u,branch-misses,7500648.0,71.0,5.52,of all branches,ok
1528.626324,8640508.0,,L1-dcache-loads:u,l1-dcache-loads,7253424.0,69.0,nan,,ok
1528.626324,652531.0,,cache-references:u,cache-references,6252199.0,59.0,nan,,ok
1528.626324,51458.0,,cache-misses:u,cache-misses,5263854.0,50.0,7.89,of all cache refs,ok
1528.626324,6882015.0,,stalled-cycles-frontend:u,stalled-cycles-frontend,2232123.0,21.0,32.33,frontend cycles idle,ok
1539.109888,9804133.0,,instructions:u,instructions,3002549.0,28.0,0.48,insn per cycle,ok
1539.109888,nan,,,,nan,nan,0.84,stalled cycles per insn,unknown
1539.109888,20611498.0,,cycles:u,cycles,3000692.0,28.0,nan,,ok
1539.109888,2395029.0,,branches:u,branches,4760464.0,45.0,nan,,ok
1539.109888,195388.0,,branch-misses:u,branch-misses,6758008.0,64.0,8.16,of all branches,ok
1539.109888,6138464.0,,L1-dcache-loads:u,l1-dcache-loads,7479071.0,71.0,nan,,ok
1539.109888,866820.0,,cache-references:u,cache-references,7474314.0,71.0,nan,,ok
1539.109888,40951.0,,cache-misses:u,cache-misses,7476714.0,71.0,4.72,of all cache refs,ok
1539.109888,8192035.0,,stalled-cycles-frontend:u,stalled-cycles-frontend,2002546.0,19.0,39.74,frontend cycles idle,ok
1549.598217,7903600.0,,instructions:u,instructions,4200545.0,40.0,0.46,insn per cycle,ok
1549.598217,nan,,,,nan,nan,0.9,stalled cycles per insn,unknown
1549.598217,17069868.0,,cycles:u,cycles,3214999.0,30.0,nan,,ok
1549.598217,1380966.0,,branches:u,branches,4222177.0,40.0,nan,,ok
1549.598217,113158.0,,branch-misses:u,branch-misses,5231482.0,49.0,8.19,of all branches,ok
1549.598217,4591987.0,,L1-dcache-loads:u,l1-dcache-loads,5267376.0,50.0,nan,,ok
1549.598217,772534.0,,cache-references:u,cache-references,6261535.0,59.0,nan,,ok
1549.598217,37627.0,,cache-misses:u,cache-misses,7249481.0,69.0,4.87,of all cache refs,ok
1549.598217,7107928.0,,stalled-cycles-frontend:u,stalled-cycles-frontend,3257458.0,31.0,41.64,frontend cycles idle,ok
1560.090653,10979468.0,,instructions:u,instructions,4809874.0,45.0,0.54,insn per cycle,ok
1560.090653,nan,,,,nan,nan,0.61,stalled cycles per insn,unknown
1560.090653,20443379.0,,cycles:u,cycles,5486273.0,52.0,nan,,ok
1560.090653,2221886.0,,branches:u,branches,6488305.0,61.0,nan,,ok
1560.090653,170056.0,,branch-misses:u,branch-misses,7485071.0,71.0,7.65,of all branches,ok
1560.090653,6722837.0,,L1-dcache-loads:u,l1-dcache-loads,6721651.0,64.0,nan,,ok
1560.090653,792101.0,,cache-references:u,cache-references,5721340.0,54.0,nan,,ok
1560.090653,67158.0,,cache-misses:u,cache-misses,5002505.0,47.0,8.48,of all cache refs,ok
1560.090653,6661012.0,,stalled-cycles-frontend:u,stalled-cycles-frontend,2751579.0,26.0,32.58,frontend cycles idle,ok
1570.585946,10685725.0,,instructions:u,instructions,3001856.0,28.0,0.47,insn per cycle,ok
1570.585946,nan,,,,nan,nan,0.65,stalled cycles per insn,unknown
1570.585946,22571193.0,,cycles:u,cycles,3300728.0,31.0,nan,,ok
1570.585946,2443441.0,,branches:u,branches,5289623.0,50.0,nan,,ok
1570.585946,173457.0,,branch-misses:u,branch-misses,7285935.0,69.0,7.1,of all branches,ok
1570.585946,6369252.0,,L1-dcache-loads:u,l1-dcache-loads,7482559.0,71.0,nan,,ok
1570.585946,826388.0,,cache-references:u,cache-references,7481173.0,71.0,nan,,ok
1570.585946,47214.0,,cache-misses:u,cache-misses,7222227.0,68.0,5.71,of all cache refs,ok
1570.585946,6991861.0,,stalled-cycles-frontend:u,stalled-cycles-frontend,2001750.0,19.0,30.98,frontend cycles idle,ok
1581.048665,12085081.0,,instructions:u,instructions,3655544.0,34.0,0.55,insn per cycle,ok
1581.048665,nan,,,,nan,nan,0.63,stalled cycles per insn,unknown
1581.048665,21800359.0,,cycles:u,cycles,3006899.0,28.0,nan,,ok
1581.048665,2359437.0,,branches:u,branches,4003294.0,38.0,nan,,ok
1581.048665,182435.0,,branch-misses:u,branch-misses,5001698.0,47.0,7.73,of all branches,ok
1581.048665,6305528.0,,L1-dcache-loads:u,l1-dcache-loads,5792440.0,55.0,nan,,ok
1581.048665,730324.0,,cache-references:u,cache-references,6780304.0,64.0,nan,,ok
1581.048665,71864.0,,cache-misses:u,cache-misses,7455194.0,71.0,9.84,of all cache refs,ok
1581.048665,7656473.0,,stalled-cycles-frontend:u,stalled-cycles-frontend,2692169.0,25.0,35.12,frontend cycles idle,ok
1591.547018,11063467.0,,instructions:u,instructions,5348915.0,50.0,0.52,insn per cycle,ok
1591.547018,nan,,,,nan,nan,0.63,stalled cycles per insn,unknown
1591.547018,21477893.0,,cycles:u,cycles,5154274.0,49.0,nan,,ok
1591.547018,2592791.0,,branches:u,branches,6182552.0,58.0,nan,,ok
1591.547018,190942.0,,branch-misses:u,branch-misses,7203399.0,68.0,7.36,of all branches,ok
1591.547018,6687826.0,,L1-dcache-loads:u,l1-dcache-loads,6217084.0,58.0,nan,,ok
1591.547018,694350.0,,cache-references:u,cache-references,5245416.0,49.0,nan,,ok
1591.547018,67644.0,,cache-misses:u,cache-misses,5318028.0,50.0,9.74,of all cache refs,ok
1591.547018,6923393.0,,stalled-cycles-frontend:u,stalled-cycles-frontend,3313343.0,31.0,32.23,frontend cycles idle,ok
1602.105643,10983615.0,,instructions:u,instructions,3006685.0,28.0,0.54,insn per cycle,ok
1602.105643,nan,,,,nan,nan,0.72,stalled cycles per insn,unknown
1602.105643,20198304.0,,cycles:u,cycles,3837694.0,36.0,nan,,ok
1602.105643,2013167.0,,branches:u,branches,5820531.0,55.0,nan,,ok
1602.105643,199126.0,,branch-misses:u,branch-misses,7520600.0,71.0,9.89,of all branches,ok
1602.105643,6852545.0,,L1-dcache-loads:u,l1-dcache-loads,7501753.0,71.0,nan,,ok
1602.105643,806591.0,,cache-references:u,cache-references,7487112.0,71.0,nan,,ok
1602.105643,52602.0,,cache-misses:u,cache-misses,6751990.0,64.0,6.52,of all cache refs,ok
1602.105643,7871089.0,,stalled-cycles-frontend:u,stalled-cycles-frontend,2007410.0,19.0,38.97,frontend cycles idle,ok
1612.6104590000002,10614190.0,,instructions:u,instructions,3216595.0,30.0,0.51,insn per cycle,ok
1612.6104590000002,nan,,,,nan,nan,0.68,stalled cycles per insn,unknown
1612.6104590000002,20970493.0,,cycles:u,cycles,3012232.0,28.0,nan,,ok
1612.6104590000002,1751303.0,,branches:u,branches,4011812.0,38.0,nan,,ok
1612.6104590000002,169730.0,,branch-misses:u,branch-misses,5282750.0,50.0,9.69,of all branches,ok
1612.6104590000002,4937049.0,,L1-dcache-loads:u,l1-dcache-loads,6260679.0,59.0,nan,,ok
1612.6104590000002,779044.0,,cache-references:u,cache-references,7256374.0,69.0,nan,,ok
1612.6104590000002,48400.0,,cache-misses:u,cache-misses,7490340.0,71.0,6.21,of all cache refs,ok
1612.6104590000002,7212167.0,,stalled-cycles-frontend:u,stalled-cycles-frontend,2265896.0,21.0,34.39,frontend cycles idle,ok
1623.0978910000001,10850635.0,,instructions:u,instructions,5491892.0,52.0,0.5,insn per cycle,ok
1623.0978910000001,nan,,,,nan,nan,0.73,stalled cycles per insn,unknown
1623.0978910000001,21783042.0,,cycles:u,cycles,4707696.0,44.0,nan,,ok
1623.0978910000001,2364922.0,,branches:u,branches,5715652.0,54.0,nan,,ok
1623.0978910000001,198808.0,,branch-misses:u,branch-misses,6721672.0,64.0,8.41,of all branches,ok
1623.0978910000001,6847377.0,,L1-dcache-loads:u,l1-dcache-loads,5732233.0,54.0,nan,,ok
1623.0978910000001,757119.0,,cache-references:u,cache-references,4996136.0,47.0,nan,,ok
1623.0978910000001,81335.0,,cache-misses:u,cache-misses,5752749.0,54.0,10.74,of all cache refs,ok
1623.0978910000001,7967295.0,,stalled-cycles-frontend:u,stalled-cycles-frontend,3748204.0,35.0,36.58,frontend cycles idle,ok
1633.612396,10149292.0,,instructions:u,instructions,3305834.0,31.0,0.45,insn per cycle,ok
1633.612396,nan,,,,nan,nan,0.67,stalled cycles per insn,unknown
1633.612396,22418755.0,,cycles:u,cycles,4291248.0,40.0,nan,,ok
1633.612396,1879961.0,,branches:u,branches,6277930.0,59.0,nan,,ok
1633.612396,163696.0,,branch-misses:u,branch-misses,7498034.0,71.0,8.71,of all branches,ok
1633.612396,5566712.0,,L1-dcache-loads:u,l1-dcache-loads,7497455.0,71.0,nan,,ok
1633.612396,777352.0,,cache-references:u,cache-references,7240203.0,68.0,nan,,ok
1633.612396,71451.0,,cache-misses:u,cache-misses,6252513.0,59.0,9.19,of all cache refs,ok
1633.612396,6816670.0,,stalled-cycles-frontend:u,stalled-cycles-frontend,2006454.0,19.0,30.41,frontend cycles idle,ok
1644.094439,9925623.0,,instructions:u,instructions,3000549.0,28.0,0.43,insn per cycle,ok
1644.094439,nan,,,,nan,nan,0.73,stalled cycles per insn,unknown
1644.094439,22935829.0,,cycles:u,cycles,2999955.0,28.0,nan,,ok
1644.094439,1952405.0,,branches:u,branches,4002178.0,38.0,nan,,ok
1644.094439,196663.0,,branch-misses:u,branch-misses,5774485.0,55.0,10.07,of all branches,ok
1644.094439,6420690.0,,L1-dcache-loads:u,l1-dcache-loads,6766956.0,64.0,nan,,ok
1644.094439,935918.0,,cache-references:u,cache-references,7473351.0,71.0,nan,,ok
1644.094439,41420.0,,cache-misses:u,cache-misses,7474420.0,71.0,4.43,of all cache refs,ok
1644.094439,7221375.0,,stalled-cycles-frontend:u,stalled-cycles-frontend,1999817.0,19.0,31.49,frontend cycles idle,ok
1654.589774,7737682.0,,instructions:u,instructions,5186297.0,49.0,0.36,insn per cycle,ok
1654.589774,nan,,,,nan,nan,1.07,stalled cycles per insn,unknown
1654.589774,21574824.0,,cycles:u,cycles,4199378.0,39.0,nan,,ok
1654.589774,1270949.0,,branches:u,branches,5207681.0,49.0,nan,,ok
1654.589774,171987.0,,branch-misses:u,branch-misses,6219172.0,59.0,13.53,of all branches,ok
1654.589774,4608668.0,,L1-dcache-loads:u,l1-dcache-loads,5215037.0,49.0,nan,,ok
1654.589774,866934.0,,cache-references:u,cache-references,5285235.0,50.0,nan,,ok
1654.589774,76369.0,,cache-misses:u,cache-misses,6274085.0,59.0,8.81,of all cache refs,ok
1654.589774,8268173.0,,stalled-cycles-frontend:u,stalled-cycles-frontend,4006973.0,38.0,38.32,frontend cycles idle,ok
1665.0809849999998,10228873.0,,instructions:u,instructions,3813267.0,36.0,0.47,insn per cycle,ok
1665.0809849999998,nan,,,,nan,nan,0.75,stalled cycles per insn,unknown
1665.0809849999998,21560670.0,,cycles:u,cycles,4798692.0,45.0,nan,,ok
1665.0809849999998,2092725.0,,branches:u,branches,6485872.0,61.0,nan,,ok
1665.0809849999998,180244.0,,branch-misses:u,branch-misses,7484173.0,71.0,8.61,of all branches,ok
1665.0809849999998,5644811.0,,L1-dcache-loads:u,l1-dcache-loads,7481077.0,71.0,nan,,ok
1665.0809849999998,732177.0,,cache-references:u,cache-references,6711915.0,64.0,nan,,ok
1665.0809849999998,67055.0,,cache-misses:u,cache-misses,5724839.0,54.0,9.16,of all cache refs,ok
1665.0809849999998,7713355.0,,stalled-cycles-frontend:u,stalled-cycles-frontend,2002573.0,19.0,35.78,frontend cycles idle,ok
1675.591169,7754684.0,,instructions:u,instructions,3012342.0,28.0,0.35,insn per cycle,ok
1675.591169,nan,,,,nan,nan,0.98,stalled cycles per insn,unknown
1675.591169,21923947.0,,cycles:u,cycles,3005239.0,28.0,nan,,ok
1675.591169,1705740.0,,branches:u,branches,4312109.0,41.0,nan,,ok
1675.591169,181115.0,,branch-misses:u,branch-misses,6301586.0,59.0,10.62,of all branches,ok
1675.591169,5623584.0,,L1-dcache-loads:u,l1-dcache-loads,7290655.0,69.0,nan,,ok
1675.591169,790731.0,,cache-references:u,cache-references,7489474.0,71.0,nan,,ok
1675.591169,74473.0,,cache-misses:u,cache-misses,7496507.0,71.0,9.42,of all cache refs,ok
1675.591169,7591505.0,,stalled-cycles-frontend:u,stalled-cycles-frontend,2000872.0,19.0,34.63,frontend cycles idle,ok
1686.0742790000002,15685437.0,,instructions:u,instructions,4674389.0,44.0,0.76,insn per cycle,ok
1686.0742790000002,nan,,,,nan,nan,0.35,stalled cycles per insn,unknown
1686.0742790000002,20547506.0,,cycles:u,cycles,3682900.0,35.0,nan,,ok
1686.0742790000002,2401323.0,,branches:u,branches,4695682.0,44.0,nan,,ok
1686.0742790000002,181892.0,,branch-misses:u,branch-misses,5699188.0,54.0,7.57,of all branches,ok
1686.0742790000002,7206715.0,,L1-dcache-loads:u,l1-dcache-loads,4998749.0,47.0,nan,,ok
1686.0742790000002,683570.0,,cache-references:u,cache-references,5782400.0,55.0,nan,,ok
1686.0742790000002,35904.0,,cache-misses:u,cache-misses,6775041.0,64.0,5.25,of all cache refs,ok
1686.0742790000002,5476527.0,,stalled-cycles-frontend:u,stalled-cycles-frontend,3717743.0,35.0,26.65,frontend cycles idle,ok
1696.570473,18781670.0,,instructions:u,instructions,4325731.0,41.0,0.86,insn per cycle,ok
1696.570473,nan,,,,nan,nan,0.23,stalled cycles per insn,unknown
1696.570473,21762836.0,,cycles:u,cycles,5316180.0,51.0,nan,,ok
1696.570473,3721866.0,,branches:u,branches,6495485.0,62.0,nan,,ok
1696.570473,192250.0,,branch-misses:u,branch-misses,7503536.0,72.0,5.17,of all branches,ok
1696.570473,10124340.0,,L1-dcache-loads:u,l1-dcache-loads,7073116.0,68.0,nan,,ok
1696.570473,528321.0,,cache-references:u,cache-references,6085842.0,58.0,nan,,ok
1696.570473,24985.0,,cache-misses:u,cache-misses,5094150.0,49.0,4.73,of all cache refs,ok
1696.570473,4243002.0,,stalled-cycles-frontend:u,stalled-cycles-frontend,2278972.0,21.0,19.5,frontend cycles idle,ok
1707.077831,9153492.0,,instructions:u,instructions,3008588.0,28.0,0.45,insn per cycle,ok
1707.077831,nan,,,,nan,nan,0.26,stalled cycles per insn,unknown
1707.077831,20523220.0,,cycles:u,cycles,3006101.0,28.0,nan,,ok
1707.077831,2664332.0,,branches:u,branches,4829485.0,45.0,nan,,ok
1707.077831,164773.0,,branch-misses:u,branch-misses,6817045.0,64.0,6.18,of all branches,ok
1707.077831,7345086.0,,L1-dcache-loads:u,l1-dcache-loads,7485914.0,71.0,nan,,ok
1707.077831,565452.0,,cache-references:u,cache-references,7491989.0,71.0,nan,,ok
1707.077831,58566.0,,cache-misses:u,cache-misses,7494543.0,71.0,10.36,of all cache refs,ok
1707.077831,2394415.0,,stalled-cycles-frontend:u,stalled-cycles-frontend,2008354.0,19.0,11.67,frontend cycles idle,ok
1717.598535,20720311.0,,instructions:u,instructions,4195406.0,39.0,0.92,insn per cycle,ok
1717.598535,nan,,,,nan,nan,0.21,stalled cycles per insn,unknown
1717.598535,22417360.0,,cycles:u,cycles,3205456.0,30.0,nan,,ok
1717.598535,3902455.0,,branches:u,branches,4225479.0,40.0,nan,,ok
1717.598535,128442.0,,branch-misses:u,branch-misses,5232222.0,49.0,3.29,of all branches,ok
1717.598535,7973200.0,,L1-dcache-loads:u,l1-dcache-loads,5292836.0,50.0,nan,,ok
1717.598535,715008.0,,cache-references:u,cache-references,6296643.0,59.0,nan,,ok
1717.598535,58607.0,,cache-misses:u,cache-misses,7288179.0,69.0,8.2,of all cache refs,ok
1717.598535,4286237.0,,stalled-cycles-frontend:u,stalled-cycles-frontend,3259537.0,30.0,19.12,frontend cycles idle,ok
1728.11518,12456439.0,,instructions:u,instructions,4808428.0,45.0,0.57,insn per cycle,ok
1728.11518,nan,,,,nan,nan,0.54,stalled cycles per insn,unknown
1728.11518,21718274.0,,cycles:u,cycles,5521281.0,52.0,nan,,ok
1728.11518,2337166.0,,branches:u,branches,6498827.0,61.0,nan,,ok
1728.11518,187993.0,,branch-misses:u,branch-misses,7499657.0,71.0,8.04,of all branches,ok
1728.11518,6474924.0,,L1-dcache-loads:u,l1-dcache-loads,6740281.0,64.0,nan,,ok
1728.11518,719835.0,,cache-references:u,cache-references,5742226.0,54.0,nan,,ok
1728.11518,64988.0,,cache-misses:u,cache-misses,4987293.0,47.0,9.03,of all cache refs,ok
1728.11518,6682614.0,,stalled-cycles-frontend:u,stalled-cycles-frontend,2741854.0,26.0,30.77,frontend cycles idle,ok
1738.625667,10230284.0,,instructions:u,instructions,3001408.0,28.0,0.54,insn per cycle,ok
1738.625667,nan,,,,nan,nan,0.79,stalled cycles per insn,unknown
1738.625667,19054183.0,,cycles:u,cycles,3289635.0,31.0,nan,,ok
1738.625667,1976174.0,,branches:u,branches,5272545.0,50.0,nan,,ok
1738.625667,163666.0,,branch-misses:u,branch-misses,7262557.0,69.0,8.28,of all branches,ok
1738.625667,5552716.0,,L1-dcache-loads:u,l1-dcache-loads,7497364.0,71.0,nan,,ok
1738.625667,703313.0,,cache-references:u,cache-references,7497252.0,71.0,nan,,ok
1738.625667,60647.0,,cache-misses:u,cache-misses,7248987.0,69.0,8.62,of all cache refs,ok
1738.625667,8130632.0,,stalled-cycles-frontend:u,stalled-cycles-frontend,2006622.0,19.0,42.67,frontend cycles idle,ok
1749.105175,10485239.0,,instructions:u,instructions,3706394.0,35.0,0.67,insn per cycle,ok
1749.105175,nan,,,,nan,nan,0.65,stalled cycles per insn,unknown
1749.105175,15615097.0,,cycles:u,cycles,3004992.0,28.0,nan,,ok
1749.105175,1869092.0,,branches:u,branches,4005582.0,38.0,nan,,ok
1749.105175,142407.0,,branch-misses:u,branch-misses,5004182.0,47.0,7.62,of all branches,ok
1749.105175,5934513.0,,L1-dcache-loads:u,l1-dcache-loads,5755217.0,54.0,nan,,ok
1749.105175,685349.0,,cache-references:u,cache-references,6743920.0,64.0,nan,,ok
1749.105175,46410.0,,cache-misses:u,cache-misses,7470059.0,71.0,6.77,of all cache refs,ok
1749.105175,6787794.0,,stalled-cycles-frontend:u,stalled-cycles-frontend,2741968.0,26.0,43.47,frontend cycles idle,ok
1759.6120369999999,12030468.0,,instructions:u,instructions,5302827.0,50.0,0.55,insn per cycle,ok
1759.6120369999999,nan,,,,nan,nan,0.56,stalled cycles per insn,unknown
1759.6120369999999,21688194.0,,cycles:u,cycles,5215806.0,49.0,nan,,ok
1759.6120369999999,2025166.0,,branches:u,branches,6231145.0,59.0,nan,,ok
1759.6120369999999,172959.0,,branch-misses:u,branch-misses,7231553.0,68.0,8.54,of all branches,ok
1759.6120369999999,6129628.0,,L1-dcache-loads:u,l1-dcache-loads,6237142.0,59.0,nan,,ok
1759.6120369999999,683879.0,,cache-references:u,cache-references,5243287.0,49.0,nan,,ok
1759.6120369999999,55994.0,,cache-misses:u,cache-misses,5265748.0,50.0,8.19,of all cache refs,ok
1759.6120369999999,6732093.0,,stalled-cycles-frontend:u,stalled-cycles-frontend,3259909.0,30.0,31.04,frontend cycles idle,ok
1770.105131,10239694.0,,instructions:u,instructions,2998762.0,28.0,0.47,insn per cycle,ok
1770.105131,nan,,,,nan,nan,0.7,stalled cycles per insn,unknown
1770.105131,21904489.0,,cycles:u,cycles,3778813.0,36.0,nan,,ok
1770.105131,1926986.0,,branches:u,branches,5781136.0,55.0,nan,,ok
1770.105131,159408.0,,branch-misses:u,branch-misses,7485939.0,71.0,8.27,of all branches,ok
1770.105131,5904978.0,,L1-dcache-loads:u,l1-dcache-loads,7486143.0,71.0,nan,,ok
1770.105131,806553.0,,cache-references:u,cache-references,7488542.0,71.0,nan,,ok
1770.105131,66495.0,,cache-misses:u,cache-misses,6748726.0,64.0,8.24,of all cache refs,ok
1770.105131,7181367.0,,stalled-cycles-frontend:u,stalled-cycles-frontend,1997645.0,19.0,32.78,frontend cycles idle,ok
1780.6117960000001,13738084.0,,instructions:u,instructions,3224341.0,30.0,0.58,insn per cycle,ok
1780.6117960000001,nan,,,,nan,nan,0.5,stalled cycles per insn,unknown
1780.6117960000001,23619081.0,,cycles:u,cycles,2997502.0,28.0,nan,,ok
1780.6117960000001,2255335.0,,branches:u,branches,4001354.0,38.0,nan,,ok
1780.6117960000001,174678.0,,branch-misses:u,branch-misses,5273662.0,50.0,7.75,of all branches,ok
1780.6117960000001,5336733.0,,L1-dcache-loads:u,l1-dcache-loads,6265507.0,59.0,nan,,ok
1780.6117960000001,776642.0,,cache-references:u,cache-references,7250141.0,69.0,nan,,ok
1780.6117960000001,87590.0,,cache-misses:u,cache-misses,7504039.0,71.0,11.28,of all cache refs,ok
1780.6117960000001,6852582.0,,stalled-cycles-frontend:u,stalled-cycles-frontend,2262641.0,21.0,29.01,frontend cycles idle,ok
1791.118089,11242653.0,,instructions:u,instructions,5510468.0,52.0,0.56,insn per cycle,ok
1791.118089,nan,,,,nan,nan,0.58,stalled cycles per insn,unknown
1791.118089,20194148.0,,cycles:u,cycles,4728080.0,45.0,nan,,ok
1791.118089,2543717.0,,branches:u,branches,5734030.0,54.0,nan,,ok
1791.118089,183539.0,,branch-misses:u,branch-misses,6740291.0,64.0,7.22,of all branches,ok
1791.118089,7188058.0,,L1-dcache-loads:u,l1-dcache-loads,5750877.0,54.0,nan,,ok
1791.118089,701317.0,,cache-references:u,cache-references,4995097.0,47.0,nan,,ok
1791.118089,62315.0,,cache-misses:u,cache-misses,5751265.0,54.0,8.89,of all cache refs,ok
1791.118089,6564835.0,,stalled-cycles-frontend:u,stalled-cycles-frontend,3746131.0,35.0,32.51,frontend cycles idle,ok
1801.6257739999999,15505580.0,,instructions:u,instructions,3287429.0,31.0,0.67,insn per cycle,ok
1801.6257739999999,nan,,,,nan,nan,0.48,stalled cycles per insn,unknown
1801.6257739999999,23030248.0,,cycles:u,cycles,4269713.0,40.0,nan,,ok
1801.6257739999999,3056330.0,,branches:u,branches,6270894.0,59.0,nan,,ok
1801.6257739999999,189915.0,,branch-misses:u,branch-misses,7498941.0,71.0,6.21,of all branches,ok
1801.6257739999999,6820381.0,,L1-dcache-loads:u,l1-dcache-loads,7496450.0,71.0,nan,,ok
1801.6257739999999,650028.0,,cache-references:u,cache-references,7251244.0,69.0,nan,,ok
1801.6257739999999,71744.0,,cache-misses:u,cache-misses,6267851.0,59.0,11.04,of all cache refs,ok
1801.6257739999999,7419583.0,,stalled-cycles-frontend:u,stalled-cycles-frontend,2006056.0,19.0,32.22,frontend cycles idle,ok
1812.110929,12875101.0,,instructions:u,instructions,3003052.0,28.0,0.57,insn per cycle,ok
1812.110929,nan,,,,nan,nan,0.48,stalled cycles per insn,unknown
1812.110929,22653567.0,,cycles:u,cycles,3002172.0,28.0,nan,,ok
1812.110929,3242094.0,,branches:u,branches,3998958.0,38.0,nan,,ok
1812.110929,86273.0,,branch-misses:u,branch-misses,5763426.0,55.0,2.66,of all branches,ok
1812.110929,7269121.0,,L1-dcache-loads:u,l1-dcache-loads,6722664.0,64.0,nan,,ok
1812.110929,495978.0,,cache-references:u,cache-references,7460646.0,71.0,nan,,ok
1812.110929,42254.0,,cache-misses:u,cache-misses,7461666.0,71.0,8.52,of all cache refs,ok
1812.110929,6185885.0,,stalled-cycles-frontend:u,stalled-cycles-frontend,2008641.0,19.0,27.31,frontend cycles idle,ok
1822.60409,15015936.0,,instructions:u,instructions,5216723.0,49.0,0.79,insn per cycle,ok
1822.60409,nan,,,,nan,nan,0.37,stalled cycles per insn,unknown
1822.60409,19031424.0,,cycles:u,cycles,4218433.0,40.0,nan,,ok
1822.60409,2579025.0,,branches:u,branches,5228394.0,49.0,nan,,ok
1822.60409,104480.0,,branch-misses:u,branch-misses,6235136.0,59.0,4.05,of all branches,ok
1822.60409,7928369.0,,L1-dcache-loads:u,l1-dcache-loads,5241683.0,49.0,nan,,ok
1822.60409,342174.0,,cache-references:u,cache-references,5255316.0,49.0,nan,,ok
1822.60409,43559.0,,cache-misses:u,cache-misses,6256589.0,59.0,12.73,of all cache refs,ok
1822.60409,5545880.0,,stalled-cycles-frontend:u,stalled-cycles-frontend,4008434.0,38.0,29.14,frontend cycles idle,ok
1833.1204679999998,14323226.0,,instructions:u,instructions,3791061.0,36.0,0.63,insn per cycle,ok
1833.1204679999998,nan,,,,nan,nan,0.33,stalled cycles per insn,unknown
1833.1204679999998,22612334.0,,cycles:u,cycles,4781673.0,45.0,nan,,ok
1833.1204679999998,1881264.0,,branches:u,branches,6497378.0,61.0,nan,,ok
1833.1204679999998,187051.0,,branch-misses:u,branch-misses,7498139.0,71.0,9.94,of all branches,ok
1833.1204679999998,5159951.0,,L1-dcache-loads:u,l1-dcache-loads,7502343.0,71.0,nan,,ok
1833.1204679999998,830194.0,,cache-references:u,cache-references,6758438.0,64.0,nan,,ok
1833.1204679999998,44009.0,,cache-misses:u,cache-misses,5765152.0,54.0,5.3,of all cache refs,ok
1833.1204679999998,4700017.0,,stalled-cycles-frontend:u,stalled-cycles-frontend,2002020.0,19.0,20.79,frontend cycles idle,ok
1843.631721,12842375.0,,instructions:u,instructions,3004773.0,28.0,0.58,insn per cycle,ok
1843.631721,nan,,,,nan,nan,0.51,stalled cycles per insn,unknown
1843.631721,22200859.0,,cycles:u,cycles,2995386.0,28.0,nan,,ok
1843.631721,2085932.0,,branches:u,branches,4270213.0,40.0,nan,,ok
1843.631721,184768.0,,branch-misses:u,branch-misses,6259702.0,59.0,8.86,of all branches,ok
1843.631721,5320007.0,,L1-dcache-loads:u,l1-dcache-loads,7253218.0,69.0,nan,,ok
1843.631721,873124.0,,cache-references:u,cache-references,7498146.0,71.0,nan,,ok
1843.631721,80963.0,,cache-misses:u,cache-misses,7507569.0,71.0,9.27,of all cache refs,ok
1843.631721,6506818.0,,stalled-cycles-frontend:u,stalled-cycles-frontend,2001666.0,19.0,29.31,frontend cycles idle,ok
1854.115552,10736713.0,,instructions:u,instructions,4720235.0,45.0,0.48,insn per cycle,ok
1854.115552,nan,,,,nan,nan,0.68,stalled cycles per insn,unknown
1854.115552,22189060.0,,cycles:u,cycles,3727190.0,35.0,nan,,ok
1854.115552,1989308.0,,branches:u,branches,4733811.0,45.0,nan,,ok
1854.115552,185216.0,,branch-misses:u,branch-misses,5744049.0,54.0,9.31,of all branches,ok
1854.115552,6238215.0,,L1-dcache-loads:u,l1-dcache-loads,4994964.0,47.0,nan,,ok
1854.115552,825713.0,,cache-references:u,cache-references,5735293.0,54.0,nan,,ok
1854.115552,78501.0,,cache-misses:u,cache-misses,6729623.0,64.0,9.51,of all cache refs,ok
1854.115552,7292264.0,,stalled-cycles-frontend:u,stalled-cycles-frontend,3773523.0,35.0,32.86,frontend cycles idle,ok
1864.6448209999999,1796482.0,,instructions:u,instructions,4467784.0,51.0,0.36,insn per cycle,ok
1864.6448209999999,nan,,,,nan,nan,0.64,stalled cycles per insn,unknown
1864.6448209999999,4952182.0,,cycles:u,cycles,4734306.0,54.0,nan,,ok
1864.6448209999999,264748.0,,branches:u,branches,5729001.0,65.0,nan,,ok
1864.6448209999999,28060.0,,branch-misses:u,branch-misses,6719769.0,77.0,10.6,of all branches,ok
1864.6448209999999,597244.0,,L1-dcache-loads:u,l1-dcache-loads,6456231.0,74.0,nan,,ok
1864.6448209999999,7378.0,,cache-references:u,cache-references,4621881.0,60.0,nan,,ok
1864.6448209999999,4590.0,,cache-misses:u,cache-misses,4352375.0,59.0,62.21,of all cache refs,ok
1864.6448209999999,1154097.0,,stalled-cycles-frontend:u,stalled-cycles-frontend,1974537.0,27.0,23.3,frontend cycles idle,ok
1875.173499,1446906.0,,instructions:u,instructions,5233789.0,87.0,0.38,insn per cycle,ok
1875.173499,nan,,,,nan,nan,1.01,stalled cycles per insn,unknown
1875.173499,3762363.0,,cycles:u,cycles,5523413.0,76.0,nan,,ok
1875.173499,410366.0,,branches:u,branches,6153277.0,77.0,nan,,ok
1875.173499,26379.0,,branch-misses:u,branch-misses,7157203.0,80.0,6.43,of all branches,ok
1875.173499,928314.0,,L1-dcache-loads:u,l1-dcache-loads,6474488.0,65.0,nan,,ok
1875.173499,85104.0,,cache-references:u,cache-references,4601714.0,49.0,nan,,ok
1875.173499,7792.0,,cache-misses:u,cache-misses,4314089.0,53.0,9.16,of all cache refs,ok
1875.173499,1457763.0,,stalled-cycles-frontend:u,stalled-cycles-frontend,2671806.0,34.0,38.75,frontend cycles idle,ok
1885.695267,5373106.0,,instructions:u,instructions,936220.0,18.0,0.67,insn per cycle,ok
1885.695267,7965720.0,,cycles:u,cycles,3509333.0,53.0,nan,,ok
1885.695267,1819709.0,,branches:u,branches,5499445.0,72.0,nan,,ok
1885.695267,39603.0,,branch-misses:u,branch-misses,6868417.0,86.0,2.18,of all branches,ok
1885.695267,2414169.0,,L1-dcache-loads:u,l1-dcache-loads,7903597.0,96.0,nan,,ok
1885.695267,110352.0,,cache-references:u,cache-references,7313509.0,89.0,nan,,ok
1885.695267,9849.0,,cache-misses:u,cache-misses,4738014.0,57.0,8.93,of all cache refs,ok
1885.695267,nan,,stalled-cycles-frontend:u,stalled-cycles-frontend,0.0,0.0,nan,,ok
1896.128845,125686.0,,instructions:u,instructions,533221.0,9.0,nan,,ok
1896.128845,nan,,,,nan,nan,5.17,stalled cycles per insn,unknown
1896.128845,nan,,cycles:u,cycles,0.0,0.0,nan,,ok
1896.128845,201720.0,,branches:u,branches,1958219.0,43.0,nan,,ok
1896.128845,11690.0,,branch-misses:u,branch-misses,2955728.0,65.0,5.8,of all branches,ok
1896.128845,441318.0,,L1-dcache-loads:u,l1-dcache-loads,3769415.0,83.0,nan,,ok
1896.128845,75968.0,,cache-references:u,cache-references,5196063.0,100.0,nan,,ok
1896.128845,9220.0,,cache-misses:u,cache-misses,5729510.0,100.0,12.14,of all cache refs,ok
1896.128845,649921.0,,stalled-cycles-frontend:u,stalled-cycles-frontend,533221.0,9.0,nan,,ok
1906.5946099999999,12558.0,,instructions:u,instructions,182503.0,9.0,nan,,ok
1906.5946099999999,nan,,,,nan,nan,18.62,stalled cycles per insn,unknown
1906.5946099999999,nan,,cycles:u,cycles,0.0,0.0,nan,,ok
1906.5946099999999,59900.0,,branches:u,branches,482397.0,25.0,nan,,ok
1906.5946099999999,10496.0,,branch-misses:u,branch-misses,2967341.0,93.0,17.52,of all branches,ok
1906.5946099999999,491171.0,,L1-dcache-loads:u,l1-dcache-loads,5174959.0,100.0,nan,,ok
1906.5946099999999,86225.0,,cache-references:u,cache-references,6871226.0,100.0,nan,,ok
1906.5946099999999,12591.0,,cache-misses:u,cache-misses,7054160.0,100.0,14.6,of all cache refs,ok
1906.5946099999999,233835.0,,stalled-cycles-frontend:u,stalled-cycles-frontend,182503.0,2.0,nan,,ok
1917.07035,750386.0,,instructions:u,instructions,1014816.0,14.0,nan,,ok
1917.07035,nan,,,,nan,nan,2.35,stalled cycles per insn,unknown
1917.07035,nan,,cycles:u,cycles,0.0,0.0,nan,,ok
1917.07035,nan,,branches:u,branches,0.0,0.0,nan,,ok
1917.07035,19277.0,,branch-misses:u,branch-misses,1452494.0,44.0,nan,,ok
1917.07035,664059.0,,L1-dcache-loads:u,l1-dcache-loads,4808086.0,77.0,nan,,ok
1917.07035,92000.0,,cache-references:u,cache-references,7778859.0,95.0,nan,,ok
1917.07035,12771.0,,cache-misses:u,cache-misses,8786996.0,100.0,13.88,of all cache refs,ok
1917.07035,1764401.0,,stalled-cycles-frontend:u,stalled-cycles-frontend,1014816.0,11.0,nan,,ok
1927.5417,2356873.0,,instructions:u,instructions,6505903.0,92.0,0.54,insn per cycle,ok
1927.5417,nan,,,,nan,nan,0.75,stalled cycles per insn,unknown
1927.5417,4366193.0,,cycles:u,cycles,5427340.0,73.0,nan,,ok
1927.5417,495301.0,,branches:u,branches,5433713.0,74.0,nan,,ok
1927.5417,27369.0,,branch-misses:u,branch-misses,5439344.0,74.0,5.53,of all branches,ok
1927.5417,846971.0,,L1-dcache-loads:u,l1-dcache-loads,2760030.0,37.0,nan,,ok
1927.5417,111016.0,,cache-references:u,cache-references,1092603.0,14.0,nan,,ok
1927.5417,20671.0,,cache-misses:u,cache-misses,2146719.0,30.0,18.62,of all cache refs,ok
1927.5417,1772259.0,,stalled-cycles-frontend:u,stalled-cycles-frontend,4500588.0,73.0,40.59,frontend cycles idle,ok
1938.0244209999998,396677.0,,instructions:u,instructions,1712223.0,27.0,0.15,insn per cycle,ok
1938.0244209999998,nan,,,,nan,nan,4.53,stalled cycles per insn,unknown
1938.0244209999998,2627689.0,,cycles:u,cycles,4570790.0,55.0,nan,,ok
1938.0244209999998,171216.0,,branches:u,branches,6539041.0,71.0,nan,,ok
1938.0244209999998,17243.0,,branch-misses:u,branch-misses,7536129.0,82.0,10.07,of all branches,ok
1938.0244209999998,513452.0,,L1-dcache-loads:u,l1-dcache-loads,8273802.0,90.0,nan,,ok
1938.0244209999998,94854.0,,cache-references:u,cache-references,7449240.0,81.0,nan,,ok
1938.0244209999998,11529.0,,cache-misses:u,cache-misses,4621523.0,50.0,12.15,of all cache refs,ok
1938.0244209999998,1796325.0,,stalled-cycles-frontend:u,stalled-cycles-frontend,250359.0,2.0,68.36,frontend cycles idle,ok
1948.517688,165149.0,,instructions:u,instructions,2112297.0,52.0,0.15,insn per cycle,ok
1948.517688,nan,,,,nan,nan,3.68,stalled cycles per insn,unknown
1948.517688,1103821.0,,cycles:u,cycles,2899871.0,60.0,nan,,ok
1948.517688,92881.0,,branches:u,branches,4873885.0,98.0,nan,,ok
1948.517688,8807.0,,branch-misses:u,branch-misses,5480781.0,100.0,9.48,of all branches,ok
1948.517688,251417.0,,L1-dcache-loads:u,l1-dcache-loads,4357157.0,83.0,nan,,ok
1948.517688,46090.0,,cache-references:u,cache-references,4388224.0,92.0,nan,,ok
1948.517688,6112.0,,cache-misses:u,cache-misses,3600346.0,67.0,13.26,of all cache refs,ok
1948.517688,607711.0,,stalled-cycles-frontend:u,stalled-cycles-frontend,1780565.0,29.0,55.06,frontend cycles idle,ok
1958.9850589999999,525616.0,,instructions:u,instructions,1966109.0,28.0,0.3,insn per cycle,ok
1958.9850589999999,1742849.0,,cycles:u,cycles,2923953.0,41.0,nan,,ok
1958.9850589999999,89457.0,,branches:u,branches,3931480.0,56.0,nan,,ok
1958.9850589999999,13896.0,,branch-misses:u,branch-misses,5613652.0,73.0,15.53,of all branches,ok
1958.9850589999999,401364.0,,L1-dcache-loads:u,l1-dcache-loads,6636295.0,86.0,nan,,ok
1958.9850589999999,82518.0,,cache-references:u,cache-references,5690844.0,74.0,nan,,ok
1958.9850589999999,9310.0,,cache-misses:u,cache-misses,4734590.0,61.0,11.28,of all cache refs,ok
1958.9850589999999,0.0,,stalled-cycles-frontend:u,stalled-cycles-frontend,53222.0,0.0,nan,,ok
1969.439154,955729.0,,instructions:u,instructions,2202645.0,37.0,0.33,insn per cycle,ok
1969.439154,nan,,,,nan,nan,0.51,stalled cycles per insn,unknown
1969.439154,2898183.0,,cycles:u,cycles,4799859.0,64.0,nan,,ok
1969.439154,179959.0,,branches:u,branches,6040916.0,78.0,nan,,ok
1969.439154,13301.0,,branch-misses:u,branch-misses,7641352.0,99.0,7.39,of all branches,ok
1969.439154,335789.0,,L1-dcache-loads:u,l1-dcache-loads,7674497.0,100.0,nan,,ok
1969.439154,60278.0,,cache-references:u,cache-references,5713658.0,74.0,nan,,ok
1969.439154,6808.0,,cache-misses:u,cache-misses,3115251.0,40.0,11.29,of all cache refs,ok
1969.439154,487293.0,,stalled-cycles-frontend:u,stalled-cycles-frontend,209356.0,2.0,16.81,frontend cycles idle,ok
1979.917993,3667027.0,,instructions:u,instructions,4452554.0,44.0,0.58,insn per cycle,ok
1979.917993,nan,,,,nan,nan,0.54,stalled cycles per insn,unknown
1979.917993,6371808.0,,cycles:u,cycles,3456638.0,34.0,nan,,ok
1979.917993,905839.0,,branches:u,branches,4004826.0,39.0,nan,,ok
1979.917993,61584.0,,branch-misses:u,branch-misses,4157958.0,41.0,6.8,of all branches,ok
1979.917993,1546821.0,,L1-dcache-loads:u,l1-dcache-loads,4638672.0,45.0,nan,,ok
1979.917993,103951.0,,cache-references:u,cache-references,5603100.0,55.0,nan,,ok
1979.917993,11423.0,,cache-misses:u,cache-misses,6600475.0,65.0,10.99,of all cache refs,ok
1979.917993,1985504.0,,stalled-cycles-frontend:u,stalled-cycles-frontend,3496392.0,34.0,31.16,frontend cycles idle,ok
1990.4197370000002,1229703.0,,instructions:u,instructions,1487748.0,62.0,0.49,insn per cycle,ok
1990.4197370000002,nan,,,,nan,nan,1.07,stalled cycles per insn,unknown
1990.4197370000002,2507971.0,,cycles:u,cycles,2490205.0,73.0,nan,,ok
1990.4197370000002,284723.0,,branches:u,branches,3994839.0,81.0,nan,,ok
1990.4197370000002,14841.0,,branch-misses:u,branch-misses,6040154.0,99.0,5.21,of all branches,ok
1990.4197370000002,495334.0,,L1-dcache-loads:u,l1-dcache-loads,7098638.0,93.0,nan,,ok
1990.4197370000002,75187.0,,cache-references:u,cache-references,6191653.0,80.0,nan,,ok
1990.4197370000002,10166.0,,cache-misses:u,cache-misses,5187605.0,67.0,13.52,of all cache refs,ok
1990.4197370000002,1311614.0,,stalled-cycles-frontend:u,stalled-cycles-frontend,447122.0,6.0,52.3,frontend cycles idle,ok
2000.8974080000003,632113.0,,instructions:u,instructions,1636074.0,21.0,nan,,ok
2000.8974080000003,nan,,,,nan,nan,2.31,stalled cycles per insn,unknown
2000.8974080000003,nan,,cycles:u,cycles,0.0,0.0,nan,,ok
2000.8974080000003,nan,,branches:u,branches,0.0,0.0,nan,,ok
2000.8974080000003,699.0,,branch-misses:u,branch-misses,303557.0,37.0,nan,,ok
2000.8974080000003,110004.0,,L1-dcache-loads:u,l1-dcache-loads,2938265.0,100.0,nan,,ok
2000.8974080000003,60531.0,,cache-references:u,cache-references,5939704.0,100.0,nan,,ok
2000.8974080000003,11310.0,,cache-misses:u,cache-misses,7575834.0,100.0,18.68,of all cache refs,ok
2000.8974080000003,1462625.0,,stalled-cycles-frontend:u,stalled-cycles-frontend,1636074.0,21.0,nan,,ok
2011.3659940000002,1074061.0,,instructions:u,instructions,2999430.0,35.0,0.28,insn per cycle,ok
2011.3659940000002,nan,,,,nan,nan,1.19,stalled cycles per insn,unknown
2011.3659940000002,3844134.0,,cycles:u,cycles,3000057.0,35.0,nan,,ok
2011.3659940000002,385294.0,,branches:u,branches,4002265.0,47.0,nan,,ok
2011.3659940000002,26242.0,,branch-misses:u,branch-misses,5009987.0,59.0,6.81,of all branches,ok
2011.3659940000002,618733.0,,L1-dcache-loads:u,l1-dcache-loads,5443789.0,64.0,nan,,ok
2011.3659940000002,88299.0,,cache-references:u,cache-references,5371445.0,64.0,nan,,ok
2011.3659940000002,7362.0,,cache-misses:u,cache-misses,5364398.0,64.0,8.34,of all cache refs,ok
2011.3659940000002,1275851.0,,stalled-cycles-frontend:u,stalled-cycles-frontend,2000877.0,23.0,33.19,frontend cycles idle,ok
2021.852273,3569337.0,,instructions:u,instructions,3089532.0,59.0,1.47,insn per cycle,ok
2021.852273,nan,,,,nan,nan,0.24,stalled cycles per insn,unknown
2021.852273,2422596.0,,cycles:u,cycles,2091652.0,40.0,nan,,ok
2021.852273,88028.0,,branches:u,branches,2091652.0,40.0,nan,,ok
2021.852273,10393.0,,branch-misses:u,branch-misses,2091652.0,40.0,11.81,of all branches,ok
2021.852273,142889.0,,L1-dcache-loads:u,l1-dcache-loads,2002453.0,37.0,nan,,ok
2021.852273,34772.0,,cache-references:u,cache-references,2741207.0,78.0,nan,,ok
2021.852273,6781.0,,cache-misses:u,cache-misses,3739087.0,100.0,19.5,of all cache refs,ok
2021.852273,843812.0,,stalled-cycles-frontend:u,stalled-cycles-frontend,2798849.0,56.0,34.83,frontend cycles idle,ok
2032.3648620000001,889818.0,,instructions:u,instructions,2240286.0,29.0,nan,,ok
2032.3648620000001,nan,,,,nan,nan,2.08,stalled cycles per insn,unknown
2032.3648620000001,nan,,cycles:u,cycles,0.0,0.0,nan,,ok
2032.3648620000001,nan,,branches:u,branches,0.0,0.0,nan,,ok
2032.3648620000001,1472.0,,branch-misses:u,branch-misses,224716.0,7.0,nan,,ok
2032.3648620000001,121395.0,,L1-dcache-loads:u,l1-dcache-loads,2652898.0,54.0,nan,,ok
2032.3648620000001,89183.0,,cache-references:u,cache-references,5652730.0,84.0,nan,,ok
2032.3648620000001,12231.0,,cache-misses:u,cache-misses,7935399.0,99.0,13.71,of all cache refs,ok
2032.3648620000001,1849481.0,,stalled-cycles-frontend:u,stalled-cycles-frontend,2303709.0,29.0,nan,,ok
2038.5733030000001,355492.0,,instructions:u,instructions,3387915.0,75.0,0.42,insn per cycle,ok
2038.5733030000001,nan,,,,nan,nan,2.02,stalled cycles per insn,unknown
2038.5733030000001,839195.0,,cycles:u,cycles,1318530.0,31.0,nan,,ok
2038.5733030000001,4881.0,,branches:u,branches,1318530.0,97.0,nan,,ok
2038.5733030000001,711.0,,branch-misses:u,branch-misses,1318530.0,97.0,14.57,of all branches,ok
2038.5733030000001,6510.0,,L1-dcache-loads:u,l1-dcache-loads,317941.0,23.0,nan,,ok
2038.5733030000001,33648.0,,cache-references:u,cache-references,1093724.0,52.0,nan,,ok
2038.5733030000001,6184.0,,cache-misses:u,cache-misses,3120726.0,100.0,18.38,of all cache refs,ok
2038.5733030000001,716640.0,,stalled-cycles-frontend:u,stalled-cycles-frontend,3006551.0,73.0,85.4,frontend cycles idle,ok
