timestamp_ms,value,unit,event_name,event_name_normalized,runtime_ns,enabled_pct,metric_value,metric_unit,status
10.093552,109022.0,,inst_retired.any:u,inst_retired.any,545540.0,66.0,nan,,ok
10.093552,1680.0,,cpu_clk_unhalted.thread:u,cpu_clk_unhalted.thread,555050.0,67.0,nan,,ok
10.093552,19454.0,,br_inst_retired.all_branches:u,br_inst_retired.all_branches,826380.0,100.0,nan,,ok
10.093552,918.0,,br_misp_retired.all_branches:u,br_misp_retired.all_branches,831007.0,100.0,nan,,ok
10.093552,15626.0,,mem_uops_retired.all_loads:u,mem_uops_retired.all_loads,836200.0,100.0,nan,,ok
10.093552,1938.0,,mem_uops_retired.all_stores:u,mem_uops_retired.all_stores,841030.0,100.0,nan,,ok
10.093552,709.0,,longest_lat_cache.reference:u,longest_lat_cache.reference,846367.0,100.0,nan,,ok
10.093552,17.0,,longest_lat_cache.miss:u,longest_lat_cache.miss,851277.0,100.0,nan,,ok
10.093552,206.0,,offcore_requests.demand_data_rd:u,offcore_requests.demand_data_rd,856167.0,100.0,nan,,ok
10.093552,2122.0,,resource_stalls.any:u,resource_stalls.any,305754.0,35.0,nan,,ok
20.539506999999997,5458282.0,,inst_retired.any:u,inst_retired.any,7730536.0,91.0,nan,,ok
20.539506999999997,4330535.0,,cpu_clk_unhalted.thread:u,cpu_clk_unhalted.thread,7700270.0,91.0,nan,,ok
20.539506999999997,1698022.0,,br_inst_retired.all_branches:u,br_inst_retired.all_branches,7496526.0,88.0,nan,,ok
20.539506999999997,33309.0,,br_misp_retired.all_branches:u,br_misp_retired.all_branches,7966972.0,94.0,nan,,ok
20.539506999999997,1784546.0,,mem_uops_retired.all_loads:u,mem_uops_retired.all_loads,7507630.0,88.0,nan,,ok
20.539506999999997,777189.0,,mem_uops_retired.all_stores:u,mem_uops_retired.all_stores,7445710.0,88.0,nan,,ok
20.539506999999997,22134.0,,longest_lat_cache.reference:u,longest_lat_cache.reference,7448456.0,88.0,nan,,ok
20.539506999999997,2660.0,,longest_lat_cache.miss:u,longest_lat_cache.miss,7450516.0,88.0,nan,,ok
20.539506999999997,10835.0,,offcore_requests.demand_data_rd:u,offcore_requests.demand_data_rd,7817426.0,92.0,nan,,ok
20.539506999999997,185638.0,,resource_stalls.any:u,resource_stalls.any,6686262.0,79.0,nan,,ok
30.985737999999998,13114895.0,,inst_retired.any:u,inst_retired.any,9212734.0,95.0,nan,,ok
30.985737999999998,6501167.0,,cpu_clk_unhalted.thread:u,cpu_clk_unhalted.thread,8637784.0,89.0,nan,,ok
30.985737999999998,2833254.0,,br_inst_retired.all_branches:u,br_inst_retired.all_branches,8637481.0,89.0,nan,,ok
30.985737999999998,42331.0,,br_misp_retired.all_branches:u,br_misp_retired.all_branches,8639147.0,89.0,nan,,ok
30.985737999999998,2796875.0,,mem_uops_retired.all_loads:u,mem_uops_retired.all_loads,8640254.0,89.0,nan,,ok
30.985737999999998,1471946.0,,mem_uops_retired.all_stores:u,mem_uops_retired.all_stores,8704248.0,90.0,nan,,ok
30.985737999999998,19280.0,,longest_lat_cache.reference:u,longest_lat_cache.reference,8636557.0,89.0,nan,,ok
30.985737999999998,2166.0,,longest_lat_cache.miss:u,longest_lat_cache.miss,8640597.0,89.0,nan,,ok
30.985737999999998,12431.0,,offcore_requests.demand_data_rd:u,offcore_requests.demand_data_rd,8361336.0,86.0,nan,,ok
30.985737999999998,233721.0,,resource_stalls.any:u,resource_stalls.any,8213754.0,85.0,nan,,ok
41.417482,2541897.0,,inst_retired.any:u,inst_retired.any,6160656.0,85.0,nan,,ok
41.417482,2406734.0,,cpu_clk_unhalted.thread:u,cpu_clk_unhalted.thread,6225163.0,86.0,nan,,ok
41.417482,542116.0,,br_inst_retired.all_branches:u,br_inst_retired.all_branches,6630356.0,91.0,nan,,ok
41.417482,22457.0,,br_misp_retired.all_branches:u,br_misp_retired.all_branches,7222257.0,100.0,nan,,ok
41.417482,575538.0,,mem_uops_retired.all_loads:u,mem_uops_retired.all_loads,7221903.0,100.0,nan,,ok
41.417482,256901.0,,mem_uops_retired.all_stores:u,mem_uops_retired.all_stores,7221380.0,100.0,nan,,ok
41.417482,24324.0,,longest_lat_cache.reference:u,longest_lat_cache.reference,7132503.0,98.0,nan,,ok
41.417482,242.0,,longest_lat_cache.miss:u,longest_lat_cache.miss,4529907.0,62.0,nan,,ok
41.417482,9596.0,,offcore_requests.demand_data_rd:u,offcore_requests.demand_data_rd,6416218.0,88.0,nan,,ok
41.417482,64410.0,,resource_stalls.any:u,resource_stalls.any,5217659.0,72.0,nan,,ok
51.85882,2101141.0,,inst_retired.any:u,inst_retired.any,7331441.0,76.0,nan,,ok
51.85882,2479722.0,,cpu_clk_unhalted.thread:u,cpu_clk_unhalted.thread,7613464.0,79.0,nan,,ok
51.85882,411117.0,,br_inst_retired.all_branches:u,br_inst_retired.all_branches,8363815.0,88.0,nan,,ok
51.85882,25171.0,,br_misp_retired.all_branches:u,br_misp_retired.all_branches,9553852.0,100.0,nan,,ok
51.85882,492275.0,,mem_uops_retired.all_loads:u,mem_uops_retired.all_loads,9613732.0,100.0,nan,,ok
51.85882,200497.0,,mem_uops_retired.all_stores:u,mem_uops_retired.all_stores,9613788.0,100.0,nan,,ok
51.85882,26560.0,,longest_lat_cache.reference:u,longest_lat_cache.reference,9613389.0,100.0,nan,,ok
51.85882,210.0,,longest_lat_cache.miss:u,longest_lat_cache.miss,9483632.0,98.0,nan,,ok
51.85882,9679.0,,offcore_requests.demand_data_rd:u,offcore_requests.demand_data_rd,7724918.0,80.0,nan,,ok
51.85882,58271.0,,resource_stalls.any:u,resource_stalls.any,5330256.0,55.0,nan,,ok
62.296108000000004,2018255.0,,inst_retired.any:u,inst_retired.any,6270175.0,65.0,nan,,ok
62.296108000000004,2617062.0,,cpu_clk_unhalted.thread:u,cpu_clk_unhalted.thread,7521746.0,79.0,nan,,ok
62.296108000000004,410229.0,,br_inst_retired.all_branches:u,br_inst_retired.all_branches,8929055.0,100.0,nan,,ok
62.296108000000004,25374.0,,br_misp_retired.all_branches:u,br_misp_retired.all_branches,9523316.0,100.0,nan,,ok
62.296108000000004,509112.0,,mem_uops_retired.all_loads:u,mem_uops_retired.all_loads,9523840.0,100.0,nan,,ok
62.296108000000004,210869.0,,mem_uops_retired.all_stores:u,mem_uops_retired.all_stores,9523137.0,100.0,nan,,ok
62.296108000000004,27144.0,,longest_lat_cache.reference:u,longest_lat_cache.reference,9523750.0,100.0,nan,,ok
62.296108000000004,17.0,,longest_lat_cache.miss:u,longest_lat_cache.miss,9523670.0,100.0,nan,,ok
62.296108000000004,10050.0,,offcore_requests.demand_data_rd:u,offcore_requests.demand_data_rd,7800726.0,81.0,nan,,ok
62.296108000000004,36654.0,,resource_stalls.any:u,resource_stalls.any,4274895.0,44.0,nan,,ok
72.729247,2282641.0,,inst_retired.any:u,inst_retired.any,7960908.0,82.0,nan,,ok
72.729247,2931810.0,,cpu_clk_unhalted.thread:u,cpu_clk_unhalted.thread,7931146.0,82.0,nan,,ok
72.729247,471295.0,,br_inst_retired.all_branches:u,br_inst_retired.all_branches,8058706.0,88.0,nan,,ok
72.729247,28252.0,,br_misp_retired.all_branches:u,br_misp_retired.all_branches,9207073.0,100.0,nan,,ok
72.729247,571452.0,,mem_uops_retired.all_loads:u,mem_uops_retired.all_loads,9629785.0,100.0,nan,,ok
72.729247,244261.0,,mem_uops_retired.all_stores:u,mem_uops_retired.all_stores,9623805.0,100.0,nan,,ok
72.729247,30706.0,,longest_lat_cache.reference:u,longest_lat_cache.reference,9617105.0,100.0,nan,,ok
72.729247,17.0,,longest_lat_cache.miss:u,longest_lat_cache.miss,9610712.0,100.0,nan,,ok
72.729247,11893.0,,offcore_requests.demand_data_rd:u,offcore_requests.demand_data_rd,7833070.0,81.0,nan,,ok
72.729247,60696.0,,resource_stalls.any:u,resource_stalls.any,5500577.0,57.0,nan,,ok
83.124154,1817327.0,,inst_retired.any:u,inst_retired.any,6735288.0,78.0,nan,,ok
83.124154,2684475.0,,cpu_clk_unhalted.thread:u,cpu_clk_unhalted.thread,6230825.0,72.0,nan,,ok
83.124154,445525.0,,br_inst_retired.all_branches:u,br_inst_retired.all_branches,5939917.0,69.0,nan,,ok
83.124154,21939.0,,br_misp_retired.all_branches:u,br_misp_retired.all_branches,7287423.0,100.0,nan,,ok
83.124154,514669.0,,mem_uops_retired.all_loads:u,mem_uops_retired.all_loads,8613662.0,100.0,nan,,ok
83.124154,210595.0,,mem_uops_retired.all_stores:u,mem_uops_retired.all_stores,8620240.0,100.0,nan,,ok
83.124154,28064.0,,longest_lat_cache.reference:u,longest_lat_cache.reference,8626540.0,100.0,nan,,ok
83.124154,23.0,,longest_lat_cache.miss:u,longest_lat_cache.miss,8632580.0,100.0,nan,,ok
83.124154,10944.0,,offcore_requests.demand_data_rd:u,offcore_requests.demand_data_rd,8639314.0,100.0,nan,,ok
83.124154,85469.0,,resource_stalls.any:u,resource_stalls.any,6348242.0,73.0,nan,,ok
93.52606,2058595.0,,inst_retired.any:u,inst_retired.any,8704404.0,89.0,nan,,ok
93.52606,2425972.0,,cpu_clk_unhalted.thread:u,cpu_clk_unhalted.thread,7029226.0,72.0,nan,,ok
93.52606,548767.0,,br_inst_retired.all_branches:u,br_inst_retired.all_branches,7330350.0,75.0,nan,,ok
93.52606,27887.0,,br_misp_retired.all_branches:u,br_misp_retired.all_branches,7970418.0,82.0,nan,,ok
93.52606,570403.0,,mem_uops_retired.all_loads:u,mem_uops_retired.all_loads,8021981.0,88.0,nan,,ok
93.52606,246095.0,,mem_uops_retired.all_stores:u,mem_uops_retired.all_stores,9408590.0,100.0,nan,,ok
93.52606,29396.0,,longest_lat_cache.reference:u,longest_lat_cache.reference,9694078.0,100.0,nan,,ok
93.52606,12.0,,longest_lat_cache.miss:u,longest_lat_cache.miss,9693781.0,100.0,nan,,ok
93.52606,11231.0,,offcore_requests.demand_data_rd:u,offcore_requests.demand_data_rd,9692504.0,100.0,nan,,ok
93.52606,84869.0,,resource_stalls.any:u,resource_stalls.any,8756996.0,90.0,nan,,ok
103.93808899999999,2079171.0,,inst_retired.any:u,inst_retired.any,9598542.0,100.0,nan,,ok
103.93808899999999,2404050.0,,cpu_clk_unhalted.thread:u,cpu_clk_unhalted.thread,8561971.0,89.0,nan,,ok
103.93808899999999,407463.0,,br_inst_retired.all_branches:u,br_inst_retired.all_branches,7380147.0,76.0,nan,,ok
103.93808899999999,30774.0,,br_misp_retired.all_branches:u,br_misp_retired.all_branches,6239118.0,64.0,nan,,ok
103.93808899999999,579465.0,,mem_uops_retired.all_loads:u,mem_uops_retired.all_loads,7471476.0,77.0,nan,,ok
103.93808899999999,216758.0,,mem_uops_retired.all_stores:u,mem_uops_retired.all_stores,8735625.0,100.0,nan,,ok
103.93808899999999,28079.0,,longest_lat_cache.reference:u,longest_lat_cache.reference,9600831.0,100.0,nan,,ok
103.93808899999999,14.0,,longest_lat_cache.miss:u,longest_lat_cache.miss,9600891.0,100.0,nan,,ok
103.93808899999999,11271.0,,offcore_requests.demand_data_rd:u,offcore_requests.demand_data_rd,9601694.0,100.0,nan,,ok
103.93808899999999,91328.0,,resource_stalls.any:u,resource_stalls.any,9601830.0,100.0,nan,,ok
114.34575299999999,2043431.0,,inst_retired.any:u,inst_retired.any,8618627.0,100.0,nan,,ok
114.34575299999999,2594880.0,,cpu_clk_unhalted.thread:u,cpu_clk_unhalted.thread,8618844.0,100.0,nan,,ok
114.34575299999999,421956.0,,br_inst_retired.all_branches:u,br_inst_retired.all_branches,8270957.0,95.0,nan,,ok
114.34575299999999,25153.0,,br_misp_retired.all_branches:u,br_misp_retired.all_branches,8329533.0,96.0,nan,,ok
114.34575299999999,523301.0,,mem_uops_retired.all_loads:u,mem_uops_retired.all_loads,6675384.0,77.0,nan,,ok
114.34575299999999,238558.0,,mem_uops_retired.all_stores:u,mem_uops_retired.all_stores,5620873.0,65.0,nan,,ok
114.34575299999999,29607.0,,longest_lat_cache.reference:u,longest_lat_cache.reference,7147335.0,87.0,nan,,ok
114.34575299999999,15.0,,longest_lat_cache.miss:u,longest_lat_cache.miss,7617361.0,88.0,nan,,ok
114.34575299999999,10977.0,,offcore_requests.demand_data_rd:u,offcore_requests.demand_data_rd,8041330.0,100.0,nan,,ok
114.34575299999999,79511.0,,resource_stalls.any:u,resource_stalls.any,8617330.0,100.0,nan,,ok
124.74792,1976968.0,,inst_retired.any:u,inst_retired.any,9275320.0,100.0,nan,,ok
124.74792,2494379.0,,cpu_clk_unhalted.thread:u,cpu_clk_unhalted.thread,9288386.0,100.0,nan,,ok
124.74792,426516.0,,br_inst_retired.all_branches:u,br_inst_retired.all_branches,9289475.0,100.0,nan,,ok
124.74792,24981.0,,br_misp_retired.all_branches:u,br_misp_retired.all_branches,9289326.0,100.0,nan,,ok
124.74792,526761.0,,mem_uops_retired.all_loads:u,mem_uops_retired.all_loads,9290201.0,100.0,nan,,ok
124.74792,126519.0,,mem_uops_retired.all_stores:u,mem_uops_retired.all_stores,7728810.0,83.0,nan,,ok
124.74792,29421.0,,longest_lat_cache.reference:u,longest_lat_cache.reference,6942630.0,74.0,nan,,ok
124.74792,4.0,,longest_lat_cache.miss:u,longest_lat_cache.miss,6243909.0,67.0,nan,,ok
124.74792,10288.0,,offcore_requests.demand_data_rd:u,offcore_requests.demand_data_rd,7291249.0,78.0,nan,,ok
124.74792,77233.0,,resource_stalls.any:u,resource_stalls.any,8947651.0,100.0,nan,,ok
135.17354,2058906.0,,inst_retired.any:u,inst_retired.any,8255072.0,98.0,nan,,ok
135.17354,2604368.0,,cpu_clk_unhalted.thread:u,cpu_clk_unhalted.thread,9005315.0,100.0,nan,,ok
135.17354,452623.0,,br_inst_retired.all_branches:u,br_inst_retired.all_branches,8997884.0,100.0,nan,,ok
135.17354,25642.0,,br_misp_retired.all_branches:u,br_misp_retired.all_branches,8991964.0,100.0,nan,,ok
135.17354,547782.0,,mem_uops_retired.all_loads:u,mem_uops_retired.all_loads,8985478.0,100.0,nan,,ok
135.17354,229074.0,,mem_uops_retired.all_stores:u,mem_uops_retired.all_stores,8838910.0,98.0,nan,,ok
135.17354,27096.0,,longest_lat_cache.reference:u,longest_lat_cache.reference,7712723.0,85.0,nan,,ok
135.17354,5.0,,longest_lat_cache.miss:u,longest_lat_cache.miss,7669618.0,85.0,nan,,ok
135.17354,11187.0,,offcore_requests.demand_data_rd:u,offcore_requests.demand_data_rd,6276871.0,70.0,nan,,ok
135.17354,71413.0,,resource_stalls.any:u,resource_stalls.any,5377819.0,70.0,nan,,ok
145.54963,2371558.0,,inst_retired.any:u,inst_retired.any,6957643.0,78.0,nan,,ok
145.54963,2862171.0,,cpu_clk_unhalted.thread:u,cpu_clk_unhalted.thread,7114081.0,80.0,nan,,ok
145.54963,454371.0,,br_inst_retired.all_branches:u,br_inst_retired.all_branches,7126503.0,87.0,nan,,ok
145.54963,25977.0,,br_misp_retired.all_branches:u,br_misp_retired.all_branches,8359684.0,100.0,nan,,ok
145.54963,570947.0,,mem_uops_retired.all_loads:u,mem_uops_retired.all_loads,8881715.0,100.0,nan,,ok
145.54963,240250.0,,mem_uops_retired.all_stores:u,mem_uops_retired.all_stores,8888175.0,100.0,nan,,ok
145.54963,29682.0,,longest_lat_cache.reference:u,longest_lat_cache.reference,8893858.0,100.0,nan,,ok
145.54963,7.0,,longest_lat_cache.miss:u,longest_lat_cache.miss,8900673.0,100.0,nan,,ok
145.54963,10984.0,,offcore_requests.demand_data_rd:u,offcore_requests.demand_data_rd,8700210.0,97.0,nan,,ok
145.54963,77139.0,,resource_stalls.any:u,resource_stalls.any,4211843.0,47.0,nan,,ok
155.967203,1868733.0,,inst_retired.any:u,inst_retired.any,6438762.0,70.0,nan,,ok
155.967203,2963561.0,,cpu_clk_unhalted.thread:u,cpu_clk_unhalted.thread,6416697.0,70.0,nan,,ok
155.967203,466169.0,,br_inst_retired.all_branches:u,br_inst_retired.all_branches,7226231.0,80.0,nan,,ok
155.967203,25603.0,,br_misp_retired.all_branches:u,br_misp_retired.all_branches,8177724.0,97.0,nan,,ok
155.967203,544716.0,,mem_uops_retired.all_loads:u,mem_uops_retired.all_loads,9133252.0,100.0,nan,,ok
155.967203,216883.0,,mem_uops_retired.all_stores:u,mem_uops_retired.all_stores,9132932.0,100.0,nan,,ok
155.967203,28902.0,,longest_lat_cache.reference:u,longest_lat_cache.reference,9134169.0,100.0,nan,,ok
155.967203,5.0,,longest_lat_cache.miss:u,longest_lat_cache.miss,9133243.0,100.0,nan,,ok
155.967203,11660.0,,offcore_requests.demand_data_rd:u,offcore_requests.demand_data_rd,9134203.0,100.0,nan,,ok
155.967203,82217.0,,resource_stalls.any:u,resource_stalls.any,5624885.0,61.0,nan,,ok
166.372254,1816493.0,,inst_retired.any:u,inst_retired.any,9150953.0,94.0,nan,,ok
166.372254,2608159.0,,cpu_clk_unhalted.thread:u,cpu_clk_unhalted.thread,7771771.0,80.0,nan,,ok
166.372254,512349.0,,br_inst_retired.all_branches:u,br_inst_retired.all_branches,7001469.0,72.0,nan,,ok
166.372254,30156.0,,br_misp_retired.all_branches:u,br_misp_retired.all_branches,7137602.0,73.0,nan,,ok
166.372254,562423.0,,mem_uops_retired.all_loads:u,mem_uops_retired.all_loads,8230019.0,89.0,nan,,ok
166.372254,249454.0,,mem_uops_retired.all_stores:u,mem_uops_retired.all_stores,9115629.0,94.0,nan,,ok
166.372254,30521.0,,longest_lat_cache.reference:u,longest_lat_cache.reference,9682443.0,100.0,nan,,ok
166.372254,8.0,,longest_lat_cache.miss:u,longest_lat_cache.miss,9682349.0,100.0,nan,,ok
166.372254,11701.0,,offcore_requests.demand_data_rd:u,offcore_requests.demand_data_rd,9681106.0,100.0,nan,,ok
166.372254,75736.0,,resource_stalls.any:u,resource_stalls.any,9148745.0,94.0,nan,,ok
176.77965600000002,2067526.0,,inst_retired.any:u,inst_retired.any,8579887.0,100.0,nan,,ok
176.77965600000002,2416610.0,,cpu_clk_unhalted.thread:u,cpu_clk_unhalted.thread,8257554.0,96.0,nan,,ok
176.77965600000002,443321.0,,br_inst_retired.all_branches:u,br_inst_retired.all_branches,8331915.0,97.0,nan,,ok
176.77965600000002,22231.0,,br_misp_retired.all_branches:u,br_misp_retired.all_branches,7275147.0,84.0,nan,,ok
176.77965600000002,551864.0,,mem_uops_retired.all_loads:u,mem_uops_retired.all_loads,6580594.0,76.0,nan,,ok
176.77965600000002,249382.0,,mem_uops_retired.all_stores:u,mem_uops_retired.all_stores,7097522.0,83.0,nan,,ok
176.77965600000002,26943.0,,longest_lat_cache.reference:u,longest_lat_cache.reference,6883532.0,80.0,nan,,ok
176.77965600000002,1.0,,longest_lat_cache.miss:u,longest_lat_cache.miss,7032690.0,88.0,nan,,ok
176.77965600000002,11130.0,,offcore_requests.demand_data_rd:u,offcore_requests.demand_data_rd,8578121.0,100.0,nan,,ok
176.77965600000002,78365.0,,resource_stalls.any:u,resource_stalls.any,8610129.0,100.0,nan,,ok
187.22355299999998,2360772.0,,inst_retired.any:u,inst_retired.any,9614507.0,100.0,nan,,ok
187.22355299999998,2938459.0,,cpu_clk_unhalted.thread:u,cpu_clk_unhalted.thread,9615007.0,100.0,nan,,ok
187.22355299999998,511849.0,,br_inst_retired.all_branches:u,br_inst_retired.all_branches,9616010.0,100.0,nan,,ok
187.22355299999998,30281.0,,br_misp_retired.all_branches:u,br_misp_retired.all_branches,9616898.0,100.0,nan,,ok
187.22355299999998,601434.0,,mem_uops_retired.all_loads:u,mem_uops_retired.all_loads,8031162.0,83.0,nan,,ok
187.22355299999998,238094.0,,mem_uops_retired.all_stores:u,mem_uops_retired.all_stores,6670537.0,69.0,nan,,ok
187.22355299999998,29726.0,,longest_lat_cache.reference:u,longest_lat_cache.reference,7245829.0,83.0,nan,,ok
187.22355299999998,5.0,,longest_lat_cache.miss:u,longest_lat_cache.miss,8896735.0,92.0,nan,,ok
187.22355299999998,10938.0,,offcore_requests.demand_data_rd:u,offcore_requests.demand_data_rd,8228152.0,89.0,nan,,ok
187.22355299999998,81502.0,,resource_stalls.any:u,resource_stalls.any,8985684.0,99.0,nan,,ok
197.618079,2105095.0,,inst_retired.any:u,inst_retired.any,8194254.0,100.0,nan,,ok
197.618079,2593282.0,,cpu_clk_unhalted.thread:u,cpu_clk_unhalted.thread,8695287.0,100.0,nan,,ok
197.618079,463338.0,,br_inst_retired.all_branches:u,br_inst_retired.all_branches,8695235.0,100.0,nan,,ok
197.618079,25292.0,,br_misp_retired.all_branches:u,br_misp_retired.all_branches,8694518.0,100.0,nan,,ok
197.618079,551057.0,,mem_uops_retired.all_loads:u,mem_uops_retired.all_loads,8694898.0,100.0,nan,,ok
197.618079,225109.0,,mem_uops_retired.all_stores:u,mem_uops_retired.all_stores,8694649.0,100.0,nan,,ok
197.618079,22845.0,,longest_lat_cache.reference:u,longest_lat_cache.reference,6601775.0,75.0,nan,,ok
197.618079,9.0,,longest_lat_cache.miss:u,longest_lat_cache.miss,6692481.0,76.0,nan,,ok
197.618079,10265.0,,offcore_requests.demand_data_rd:u,offcore_requests.demand_data_rd,6578606.0,75.0,nan,,ok
197.618079,99428.0,,resource_stalls.any:u,resource_stalls.any,6209225.0,75.0,nan,,ok
208.01781599999998,1936082.0,,inst_retired.any:u,inst_retired.any,8579665.0,89.0,nan,,ok
208.01781599999998,2588768.0,,cpu_clk_unhalted.thread:u,cpu_clk_unhalted.thread,8986963.0,99.0,nan,,ok
208.01781599999998,433492.0,,br_inst_retired.all_branches:u,br_inst_retired.all_branches,9583126.0,100.0,nan,,ok
208.01781599999998,24985.0,,br_misp_retired.all_branches:u,br_misp_retired.all_branches,9584612.0,100.0,nan,,ok
208.01781599999998,529989.0,,mem_uops_retired.all_loads:u,mem_uops_retired.all_loads,9583854.0,100.0,nan,,ok
208.01781599999998,214467.0,,mem_uops_retired.all_stores:u,mem_uops_retired.all_stores,9585317.0,100.0,nan,,ok
208.01781599999998,29800.0,,longest_lat_cache.reference:u,longest_lat_cache.reference,9370174.0,97.0,nan,,ok
208.01781599999998,5.0,,longest_lat_cache.miss:u,longest_lat_cache.miss,7306650.0,76.0,nan,,ok
208.01781599999998,11084.0,,offcore_requests.demand_data_rd:u,offcore_requests.demand_data_rd,5936543.0,61.0,nan,,ok
208.01781599999998,76705.0,,resource_stalls.any:u,resource_stalls.any,6728073.0,77.0,nan,,ok
218.418838,2330255.0,,inst_retired.any:u,inst_retired.any,7534291.0,84.0,nan,,ok
218.418838,2721668.0,,cpu_clk_unhalted.thread:u,cpu_clk_unhalted.thread,7025264.0,78.0,nan,,ok
218.418838,436536.0,,br_inst_retired.all_branches:u,br_inst_retired.all_branches,7779504.0,100.0,nan,,ok
218.418838,25785.0,,br_misp_retired.all_branches:u,br_misp_retired.all_branches,8962590.0,100.0,nan,,ok
218.418838,564981.0,,mem_uops_retired.all_loads:u,mem_uops_retired.all_loads,8965674.0,100.0,nan,,ok
218.418838,234345.0,,mem_uops_retired.all_stores:u,mem_uops_retired.all_stores,8965051.0,100.0,nan,,ok
218.418838,28694.0,,longest_lat_cache.reference:u,longest_lat_cache.reference,8964228.0,100.0,nan,,ok
218.418838,9.0,,longest_lat_cache.miss:u,longest_lat_cache.miss,8963694.0,100.0,nan,,ok
218.418838,10514.0,,offcore_requests.demand_data_rd:u,offcore_requests.demand_data_rd,6952751.0,77.0,nan,,ok
218.418838,61449.0,,resource_stalls.any:u,resource_stalls.any,5134641.0,57.0,nan,,ok
228.82349,2426524.0,,inst_retired.any:u,inst_retired.any,5989925.0,66.0,nan,,ok
228.82349,2730243.0,,cpu_clk_unhalted.thread:u,cpu_clk_unhalted.thread,7121766.0,78.0,nan,,ok
228.82349,404223.0,,br_inst_retired.all_branches:u,br_inst_retired.all_branches,8072959.0,100.0,nan,,ok
228.82349,26317.0,,br_misp_retired.all_branches:u,br_misp_retired.all_branches,9034026.0,100.0,nan,,ok
228.82349,549418.0,,mem_uops_retired.all_loads:u,mem_uops_retired.all_loads,9031500.0,100.0,nan,,ok
228.82349,214607.0,,mem_uops_retired.all_stores:u,mem_uops_retired.all_stores,9030354.0,100.0,nan,,ok
228.82349,26854.0,,longest_lat_cache.reference:u,longest_lat_cache.reference,9030763.0,100.0,nan,,ok
228.82349,28.0,,longest_lat_cache.miss:u,longest_lat_cache.miss,9030926.0,100.0,nan,,ok
228.82349,10714.0,,offcore_requests.demand_data_rd:u,offcore_requests.demand_data_rd,8997341.0,99.0,nan,,ok
228.82349,56966.0,,resource_stalls.any:u,resource_stalls.any,2952290.0,32.0,nan,,ok
239.26681499999998,1472776.0,,inst_retired.any:u,inst_retired.any,7879427.0,83.0,nan,,ok
239.26681499999998,2909466.0,,cpu_clk_unhalted.thread:u,cpu_clk_unhalted.thread,6732884.0,72.0,nan,,ok
239.26681499999998,495665.0,,br_inst_retired.all_branches:u,br_inst_retired.all_branches,6507495.0,69.0,nan,,ok
239.26681499999998,24999.0,,br_misp_retired.all_branches:u,br_misp_retired.all_branches,7616986.0,88.0,nan,,ok
239.26681499999998,529545.0,,mem_uops_retired.all_loads:u,mem_uops_retired.all_loads,8883287.0,100.0,nan,,ok
239.26681499999998,217114.0,,mem_uops_retired.all_stores:u,mem_uops_retired.all_stores,9345796.0,100.0,nan,,ok
239.26681499999998,28492.0,,longest_lat_cache.reference:u,longest_lat_cache.reference,9346513.0,100.0,nan,,ok
239.26681499999998,29.0,,longest_lat_cache.miss:u,longest_lat_cache.miss,9346324.0,100.0,nan,,ok
239.26681499999998,11204.0,,offcore_requests.demand_data_rd:u,offcore_requests.demand_data_rd,9346798.0,100.0,nan,,ok
239.26681499999998,81403.0,,resource_stalls.any:u,resource_stalls.any,7637886.0,81.0,nan,,ok
249.670205,1929987.0,,inst_retired.any:u,inst_retired.any,6772241.0,100.0,nan,,ok
249.670205,2211453.0,,cpu_clk_unhalted.thread:u,cpu_clk_unhalted.thread,6494964.0,100.0,nan,,ok
249.670205,431875.0,,br_inst_retired.all_branches:u,br_inst_retired.all_branches,6214470.0,91.0,nan,,ok
249.670205,22074.0,,br_misp_retired.all_branches:u,br_misp_retired.all_branches,5665761.0,83.0,nan,,ok
249.670205,361434.0,,mem_uops_retired.all_loads:u,mem_uops_retired.all_loads,5009410.0,73.0,nan,,ok
249.670205,238827.0,,mem_uops_retired.all_stores:u,mem_uops_retired.all_stores,5767450.0,85.0,nan,,ok
249.670205,25588.0,,longest_lat_cache.reference:u,longest_lat_cache.reference,6048305.0,89.0,nan,,ok
249.670205,31.0,,longest_lat_cache.miss:u,longest_lat_cache.miss,5772705.0,85.0,nan,,ok
249.670205,9519.0,,offcore_requests.demand_data_rd:u,offcore_requests.demand_data_rd,6412862.0,98.0,nan,,ok
249.670205,65350.0,,resource_stalls.any:u,resource_stalls.any,6770967.0,100.0,nan,,ok
260.09400700000003,2025461.0,,inst_retired.any:u,inst_retired.any,9290645.0,100.0,nan,,ok
260.09400700000003,2620580.0,,cpu_clk_unhalted.thread:u,cpu_clk_unhalted.thread,9292005.0,100.0,nan,,ok
260.09400700000003,438948.0,,br_inst_retired.all_branches:u,br_inst_retired.all_branches,9292045.0,100.0,nan,,ok
260.09400700000003,24779.0,,br_misp_retired.all_branches:u,br_misp_retired.all_branches,9291457.0,100.0,nan,,ok
260.09400700000003,469787.0,,mem_uops_retired.all_loads:u,mem_uops_retired.all_loads,8521922.0,91.0,nan,,ok
260.09400700000003,213749.0,,mem_uops_retired.all_stores:u,mem_uops_retired.all_stores,6304333.0,67.0,nan,,ok
260.09400700000003,28779.0,,longest_lat_cache.reference:u,longest_lat_cache.reference,5977952.0,64.0,nan,,ok
260.09400700000003,9.0,,longest_lat_cache.miss:u,longest_lat_cache.miss,7417329.0,88.0,nan,,ok
260.09400700000003,10462.0,,offcore_requests.demand_data_rd:u,offcore_requests.demand_data_rd,8943853.0,100.0,nan,,ok
260.09400700000003,78580.0,,resource_stalls.any:u,resource_stalls.any,9293445.0,100.0,nan,,ok
270.500352,2185418.0,,inst_retired.any:u,inst_retired.any,8645444.0,100.0,nan,,ok
270.500352,2689431.0,,cpu_clk_unhalted.thread:u,cpu_clk_unhalted.thread,8957585.0,100.0,nan,,ok
270.500352,478022.0,,br_inst_retired.all_branches:u,br_inst_retired.all_branches,8957910.0,100.0,nan,,ok
270.500352,26375.0,,br_misp_retired.all_branches:u,br_misp_retired.all_branches,8958630.0,100.0,nan,,ok
270.500352,570588.0,,mem_uops_retired.all_loads:u,mem_uops_retired.all_loads,8958136.0,100.0,nan,,ok
270.500352,227714.0,,mem_uops_retired.all_stores:u,mem_uops_retired.all_stores,8640481.0,96.0,nan,,ok
270.500352,27979.0,,longest_lat_cache.reference:u,longest_lat_cache.reference,6353606.0,70.0,nan,,ok
270.500352,2.0,,longest_lat_cache.miss:u,longest_lat_cache.miss,6582755.0,73.0,nan,,ok
270.500352,10488.0,,offcore_requests.demand_data_rd:u,offcore_requests.demand_data_rd,7241495.0,80.0,nan,,ok
270.500352,85663.0,,resource_stalls.any:u,resource_stalls.any,7010172.0,87.0,nan,,ok
280.916156,2060784.0,,inst_retired.any:u,inst_retired.any,7529105.0,100.0,nan,,ok
280.916156,2588218.0,,cpu_clk_unhalted.thread:u,cpu_clk_unhalted.thread,8643984.0,100.0,nan,,ok
280.916156,481392.0,,br_inst_retired.all_branches:u,br_inst_retired.all_branches,8637853.0,100.0,nan,,ok
280.916156,25622.0,,br_misp_retired.all_branches:u,br_misp_retired.all_branches,8631633.0,100.0,nan,,ok
280.916156,574501.0,,mem_uops_retired.all_loads:u,mem_uops_retired.all_loads,8625450.0,100.0,nan,,ok
280.916156,243052.0,,mem_uops_retired.all_stores:u,mem_uops_retired.all_stores,8619790.0,100.0,nan,,ok
280.916156,25586.0,,longest_lat_cache.reference:u,longest_lat_cache.reference,7830918.0,90.0,nan,,ok
280.916156,2.0,,longest_lat_cache.miss:u,longest_lat_cache.miss,6031726.0,69.0,nan,,ok
280.916156,11376.0,,offcore_requests.demand_data_rd:u,offcore_requests.demand_data_rd,6462203.0,74.0,nan,,ok
280.916156,84293.0,,resource_stalls.any:u,resource_stalls.any,5542920.0,73.0,nan,,ok
291.320317,2057368.0,,inst_retired.any:u,inst_retired.any,6427407.0,74.0,nan,,ok
291.320317,2485706.0,,cpu_clk_unhalted.thread:u,cpu_clk_unhalted.thread,6776104.0,87.0,nan,,ok
291.320317,481463.0,,br_inst_retired.all_branches:u,br_inst_retired.all_branches,7977050.0,99.0,nan,,ok
291.320317,25701.0,,br_misp_retired.all_branches:u,br_misp_retired.all_branches,8595536.0,100.0,nan,,ok
291.320317,579105.0,,mem_uops_retired.all_loads:u,mem_uops_retired.all_loads,8601490.0,100.0,nan,,ok
291.320317,244937.0,,mem_uops_retired.all_stores:u,mem_uops_retired.all_stores,8608316.0,100.0,nan,,ok
291.320317,29182.0,,longest_lat_cache.reference:u,longest_lat_cache.reference,8614279.0,100.0,nan,,ok
291.320317,12.0,,longest_lat_cache.miss:u,longest_lat_cache.miss,8455275.0,98.0,nan,,ok
291.320317,10770.0,,offcore_requests.demand_data_rd:u,offcore_requests.demand_data_rd,6427381.0,74.0,nan,,ok
291.320317,76938.0,,resource_stalls.any:u,resource_stalls.any,4729408.0,55.0,nan,,ok
301.710759,2009064.0,,inst_retired.any:u,inst_retired.any,7898577.0,91.0,nan,,ok
301.710759,2002099.0,,cpu_clk_unhalted.thread:u,cpu_clk_unhalted.thread,6298646.0,72.0,nan,,ok
301.710759,429845.0,,br_inst_retired.all_branches:u,br_inst_retired.all_branches,7085849.0,82.0,nan,,ok
301.710759,23742.0,,br_misp_retired.all_branches:u,br_misp_retired.all_branches,6950247.0,80.0,nan,,ok
301.710759,471940.0,,mem_uops_retired.all_loads:u,mem_uops_retired.all_loads,6891983.0,87.0,nan,,ok
301.710759,194102.0,,mem_uops_retired.all_stores:u,mem_uops_retired.all_stores,8010563.0,100.0,nan,,ok
301.710759,27519.0,,longest_lat_cache.reference:u,longest_lat_cache.reference,8628543.0,100.0,nan,,ok
301.710759,18.0,,longest_lat_cache.miss:u,longest_lat_cache.miss,8627106.0,100.0,nan,,ok
301.710759,10645.0,,offcore_requests.demand_data_rd:u,offcore_requests.demand_data_rd,8627903.0,100.0,nan,,ok
301.710759,78588.0,,resource_stalls.any:u,resource_stalls.any,7951743.0,92.0,nan,,ok
312.116305,2282958.0,,inst_retired.any:u,inst_retired.any,8953744.0,100.0,nan,,ok
312.116305,2722579.0,,cpu_clk_unhalted.thread:u,cpu_clk_unhalted.thread,8945681.0,100.0,nan,,ok
312.116305,468678.0,,br_inst_retired.all_branches:u,br_inst_retired.all_branches,8831126.0,98.0,nan,,ok
312.116305,23695.0,,br_misp_retired.all_branches:u,br_misp_retired.all_branches,7557893.0,84.0,nan,,ok
312.116305,552088.0,,mem_uops_retired.all_loads:u,mem_uops_retired.all_loads,6434143.0,72.0,nan,,ok
312.116305,277929.0,,mem_uops_retired.all_stores:u,mem_uops_retired.all_stores,7507917.0,84.0,nan,,ok
312.116305,28104.0,,longest_lat_cache.reference:u,longest_lat_cache.reference,7224591.0,81.0,nan,,ok
312.116305,22.0,,longest_lat_cache.miss:u,longest_lat_cache.miss,7333767.0,87.0,nan,,ok
312.116305,11290.0,,offcore_requests.demand_data_rd:u,offcore_requests.demand_data_rd,8637206.0,100.0,nan,,ok
312.116305,81760.0,,resource_stalls.any:u,resource_stalls.any,8900578.0,100.0,nan,,ok
322.46009799999996,2256218.0,,inst_retired.any:u,inst_retired.any,8813866.0,100.0,nan,,ok
322.46009799999996,2677469.0,,cpu_clk_unhalted.thread:u,cpu_clk_unhalted.thread,8813866.0,100.0,nan,,ok
322.46009799999996,493507.0,,br_inst_retired.all_branches:u,br_inst_retired.all_branches,8813866.0,100.0,nan,,ok
322.46009799999996,26081.0,,br_misp_retired.all_branches:u,br_misp_retired.all_branches,8813866.0,100.0,nan,,ok
322.46009799999996,389836.0,,mem_uops_retired.all_loads:u,mem_uops_retired.all_loads,7208288.0,81.0,nan,,ok
322.46009799999996,286701.0,,mem_uops_retired.all_stores:u,mem_uops_retired.all_stores,6812491.0,77.0,nan,,ok
322.46009799999996,31929.0,,longest_lat_cache.reference:u,longest_lat_cache.reference,5768985.0,65.0,nan,,ok
322.46009799999996,19.0,,longest_lat_cache.miss:u,longest_lat_cache.miss,6876105.0,86.0,nan,,ok
322.46009799999996,11204.0,,offcore_requests.demand_data_rd:u,offcore_requests.demand_data_rd,8589595.0,100.0,nan,,ok
322.46009799999996,81438.0,,resource_stalls.any:u,resource_stalls.any,8813866.0,100.0,nan,,ok
332.833132,2125184.0,,inst_retired.any:u,inst_retired.any,8769009.0,100.0,nan,,ok
332.833132,2542725.0,,cpu_clk_unhalted.thread:u,cpu_clk_unhalted.thread,8777863.0,100.0,nan,,ok
332.833132,465307.0,,br_inst_retired.all_branches:u,br_inst_retired.all_branches,8783849.0,100.0,nan,,ok
332.833132,23976.0,,br_misp_retired.all_branches:u,br_misp_retired.all_branches,8789640.0,100.0,nan,,ok
332.833132,523302.0,,mem_uops_retired.all_loads:u,mem_uops_retired.all_loads,7852616.0,89.0,nan,,ok
332.833132,181596.0,,mem_uops_retired.all_stores:u,mem_uops_retired.all_stores,6600358.0,74.0,nan,,ok
332.833132,30654.0,,longest_lat_cache.reference:u,longest_lat_cache.reference,7323914.0,83.0,nan,,ok
332.833132,10.0,,longest_lat_cache.miss:u,longest_lat_cache.miss,7216744.0,81.0,nan,,ok
332.833132,9689.0,,offcore_requests.demand_data_rd:u,offcore_requests.demand_data_rd,6981770.0,87.0,nan,,ok
332.833132,77795.0,,resource_stalls.any:u,resource_stalls.any,8073812.0,100.0,nan,,ok
343.270163,2208039.0,,inst_retired.any:u,inst_retired.any,6895060.0,87.0,nan,,ok
343.270163,2716030.0,,cpu_clk_unhalted.thread:u,cpu_clk_unhalted.thread,8197612.0,94.0,nan,,ok
343.270163,501066.0,,br_inst_retired.all_branches:u,br_inst_retired.all_branches,8637972.0,100.0,nan,,ok
343.270163,25471.0,,br_misp_retired.all_branches:u,br_misp_retired.all_branches,8637958.0,100.0,nan,,ok
343.270163,586142.0,,mem_uops_retired.all_loads:u,mem_uops_retired.all_loads,8637576.0,100.0,nan,,ok
343.270163,245636.0,,mem_uops_retired.all_stores:u,mem_uops_retired.all_stores,8637821.0,100.0,nan,,ok
343.270163,26449.0,,longest_lat_cache.reference:u,longest_lat_cache.reference,7350745.0,85.0,nan,,ok
343.270163,46.0,,longest_lat_cache.miss:u,longest_lat_cache.miss,6688877.0,77.0,nan,,ok
343.270163,11897.0,,offcore_requests.demand_data_rd:u,offcore_requests.demand_data_rd,7140098.0,82.0,nan,,ok
343.270163,69800.0,,resource_stalls.any:u,resource_stalls.any,5209888.0,65.0,nan,,ok
353.67600100000004,2474881.0,,inst_retired.any:u,inst_retired.any,6247674.0,72.0,nan,,ok
353.67600100000004,2889404.0,,cpu_clk_unhalted.thread:u,cpu_clk_unhalted.thread,5864222.0,69.0,nan,,ok
353.67600100000004,478791.0,,br_inst_retired.all_branches:u,br_inst_retired.all_branches,7373962.0,90.0,nan,,ok
353.67600100000004,25870.0,,br_misp_retired.all_branches:u,br_misp_retired.all_branches,8654060.0,100.0,nan,,ok
353.67600100000004,562709.0,,mem_uops_retired.all_loads:u,mem_uops_retired.all_loads,8654237.0,100.0,nan,,ok
353.67600100000004,229578.0,,mem_uops_retired.all_stores:u,mem_uops_retired.all_stores,8653946.0,100.0,nan,,ok
353.67600100000004,29412.0,,longest_lat_cache.reference:u,longest_lat_cache.reference,8653729.0,100.0,nan,,ok
353.67600100000004,23.0,,longest_lat_cache.miss:u,longest_lat_cache.miss,8308934.0,96.0,nan,,ok
353.67600100000004,11054.0,,offcore_requests.demand_data_rd:u,offcore_requests.demand_data_rd,8258430.0,95.0,nan,,ok
353.67600100000004,91845.0,,resource_stalls.any:u,resource_stalls.any,4808551.0,55.0,nan,,ok
364.098144,2148172.0,,inst_retired.any:u,inst_retired.any,8893336.0,92.0,nan,,ok
364.098144,2603341.0,,cpu_clk_unhalted.thread:u,cpu_clk_unhalted.thread,7343931.0,76.0,nan,,ok
364.098144,561383.0,,br_inst_retired.all_branches:u,br_inst_retired.all_branches,6555828.0,68.0,nan,,ok
364.098144,30302.0,,br_misp_retired.all_branches:u,br_misp_retired.all_branches,7706923.0,91.0,nan,,ok
364.098144,631958.0,,mem_uops_retired.all_loads:u,mem_uops_retired.all_loads,8602818.0,89.0,nan,,ok
364.098144,261861.0,,mem_uops_retired.all_stores:u,mem_uops_retired.all_stores,8912601.0,100.0,nan,,ok
364.098144,32894.0,,longest_lat_cache.reference:u,longest_lat_cache.reference,9604061.0,100.0,nan,,ok
364.098144,28.0,,longest_lat_cache.miss:u,longest_lat_cache.miss,9604499.0,100.0,nan,,ok
364.098144,12391.0,,offcore_requests.demand_data_rd:u,offcore_requests.demand_data_rd,9604358.0,100.0,nan,,ok
364.098144,85343.0,,resource_stalls.any:u,resource_stalls.any,8893782.0,92.0,nan,,ok
374.50455500000004,2028343.0,,inst_retired.any:u,inst_retired.any,8824208.0,100.0,nan,,ok
374.50455500000004,2533377.0,,cpu_clk_unhalted.thread:u,cpu_clk_unhalted.thread,8824477.0,100.0,nan,,ok
374.50455500000004,395031.0,,br_inst_retired.all_branches:u,br_inst_retired.all_branches,7715951.0,87.0,nan,,ok
374.50455500000004,23312.0,,br_misp_retired.all_branches:u,br_misp_retired.all_branches,7442110.0,84.0,nan,,ok
374.50455500000004,583253.0,,mem_uops_retired.all_loads:u,mem_uops_retired.all_loads,6805872.0,77.0,nan,,ok
374.50455500000004,221067.0,,mem_uops_retired.all_stores:u,mem_uops_retired.all_stores,6361462.0,72.0,nan,,ok
374.50455500000004,27858.0,,longest_lat_cache.reference:u,longest_lat_cache.reference,7312033.0,87.0,nan,,ok
374.50455500000004,53.0,,longest_lat_cache.miss:u,longest_lat_cache.miss,8471667.0,100.0,nan,,ok
374.50455500000004,11418.0,,offcore_requests.demand_data_rd:u,offcore_requests.demand_data_rd,8821637.0,100.0,nan,,ok
374.50455500000004,81430.0,,resource_stalls.any:u,resource_stalls.any,8822105.0,100.0,nan,,ok
384.910545,2599171.0,,inst_retired.any:u,inst_retired.any,9647705.0,100.0,nan,,ok
384.910545,3023668.0,,cpu_clk_unhalted.thread:u,cpu_clk_unhalted.thread,9647550.0,100.0,nan,,ok
384.910545,568681.0,,br_inst_retired.all_branches:u,br_inst_retired.all_branches,9647939.0,100.0,nan,,ok
384.910545,29344.0,,br_misp_retired.all_branches:u,br_misp_retired.all_branches,9647647.0,100.0,nan,,ok
384.910545,586095.0,,mem_uops_retired.all_loads:u,mem_uops_retired.all_loads,9341024.0,96.0,nan,,ok
384.910545,269332.0,,mem_uops_retired.all_stores:u,mem_uops_retired.all_stores,7447389.0,77.0,nan,,ok
384.910545,32334.0,,longest_lat_cache.reference:u,longest_lat_cache.reference,6019130.0,62.0,nan,,ok
384.910545,17.0,,longest_lat_cache.miss:u,longest_lat_cache.miss,7832199.0,81.0,nan,,ok
384.910545,10958.0,,offcore_requests.demand_data_rd:u,offcore_requests.demand_data_rd,8603958.0,89.0,nan,,ok
384.910545,82302.0,,resource_stalls.any:u,resource_stalls.any,8990530.0,100.0,nan,,ok
395.31437400000004,2123084.0,,inst_retired.any:u,inst_retired.any,8022502.0,100.0,nan,,ok
395.31437400000004,2673460.0,,cpu_clk_unhalted.thread:u,cpu_clk_unhalted.thread,8868417.0,100.0,nan,,ok
395.31437400000004,480036.0,,br_inst_retired.all_branches:u,br_inst_retired.all_branches,8868536.0,100.0,nan,,ok
395.31437400000004,25893.0,,br_misp_retired.all_branches:u,br_misp_retired.all_branches,8868305.0,100.0,nan,,ok
395.31437400000004,568979.0,,mem_uops_retired.all_loads:u,mem_uops_retired.all_loads,8869191.0,100.0,nan,,ok
395.31437400000004,235439.0,,mem_uops_retired.all_stores:u,mem_uops_retired.all_stores,8868626.0,100.0,nan,,ok
395.31437400000004,27209.0,,longest_lat_cache.reference:u,longest_lat_cache.reference,8486388.0,95.0,nan,,ok
395.31437400000004,8.0,,longest_lat_cache.miss:u,longest_lat_cache.miss,6012815.0,67.0,nan,,ok
395.31437400000004,12102.0,,offcore_requests.demand_data_rd:u,offcore_requests.demand_data_rd,6018876.0,67.0,nan,,ok
395.31437400000004,80790.0,,resource_stalls.any:u,resource_stalls.any,6084273.0,75.0,nan,,ok
405.721935,2207706.0,,inst_retired.any:u,inst_retired.any,7537061.0,88.0,nan,,ok
405.721935,2804550.0,,cpu_clk_unhalted.thread:u,cpu_clk_unhalted.thread,9331131.0,100.0,nan,,ok
405.721935,499621.0,,br_inst_retired.all_branches:u,br_inst_retired.all_branches,9422883.0,100.0,nan,,ok
405.721935,26794.0,,br_misp_retired.all_branches:u,br_misp_retired.all_branches,9422880.0,100.0,nan,,ok
405.721935,597891.0,,mem_uops_retired.all_loads:u,mem_uops_retired.all_loads,9421165.0,100.0,nan,,ok
405.721935,234023.0,,mem_uops_retired.all_stores:u,mem_uops_retired.all_stores,9421036.0,100.0,nan,,ok
405.721935,29941.0,,longest_lat_cache.reference:u,longest_lat_cache.reference,9420936.0,100.0,nan,,ok
405.721935,29.0,,longest_lat_cache.miss:u,longest_lat_cache.miss,8498039.0,90.0,nan,,ok
405.721935,11489.0,,offcore_requests.demand_data_rd:u,offcore_requests.demand_data_rd,6973099.0,74.0,nan,,ok
405.721935,91490.0,,resource_stalls.any:u,resource_stalls.any,3459064.0,40.0,nan,,ok
416.149161,2467505.0,,inst_retired.any:u,inst_retired.any,6713513.0,71.0,nan,,ok
416.149161,2925108.0,,cpu_clk_unhalted.thread:u,cpu_clk_unhalted.thread,6655917.0,71.0,nan,,ok
416.149161,451817.0,,br_inst_retired.all_branches:u,br_inst_retired.all_branches,7701922.0,88.0,nan,,ok
416.149161,24524.0,,br_misp_retired.all_branches:u,br_misp_retired.all_branches,8831307.0,100.0,nan,,ok
416.149161,565581.0,,mem_uops_retired.all_loads:u,mem_uops_retired.all_loads,9364402.0,100.0,nan,,ok
416.149161,236920.0,,mem_uops_retired.all_stores:u,mem_uops_retired.all_stores,9364839.0,100.0,nan,,ok
416.149161,28709.0,,longest_lat_cache.reference:u,longest_lat_cache.reference,9365539.0,100.0,nan,,ok
416.149161,11.0,,longest_lat_cache.miss:u,longest_lat_cache.miss,9365854.0,100.0,nan,,ok
416.149161,10800.0,,offcore_requests.demand_data_rd:u,offcore_requests.demand_data_rd,9080048.0,96.0,nan,,ok
416.149161,93055.0,,resource_stalls.any:u,resource_stalls.any,5237973.0,55.0,nan,,ok
426.557443,1433541.0,,inst_retired.any:u,inst_retired.any,6900915.0,77.0,nan,,ok
426.557443,2755879.0,,cpu_clk_unhalted.thread:u,cpu_clk_unhalted.thread,6378792.0,71.0,nan,,ok
426.557443,592892.0,,br_inst_retired.all_branches:u,br_inst_retired.all_branches,5731362.0,64.0,nan,,ok
426.557443,24044.0,,br_misp_retired.all_branches:u,br_misp_retired.all_branches,7738166.0,100.0,nan,,ok
426.557443,576552.0,,mem_uops_retired.all_loads:u,mem_uops_retired.all_loads,8901624.0,100.0,nan,,ok
426.557443,238878.0,,mem_uops_retired.all_stores:u,mem_uops_retired.all_stores,8894950.0,100.0,nan,,ok
426.557443,28789.0,,longest_lat_cache.reference:u,longest_lat_cache.reference,8888153.0,100.0,nan,,ok
426.557443,12.0,,longest_lat_cache.miss:u,longest_lat_cache.miss,8881735.0,100.0,nan,,ok
426.557443,11272.0,,offcore_requests.demand_data_rd:u,offcore_requests.demand_data_rd,8874444.0,100.0,nan,,ok
426.557443,85177.0,,resource_stalls.any:u,resource_stalls.any,6841872.0,77.0,nan,,ok
436.947533,1965896.0,,inst_retired.any:u,inst_retired.any,7582980.0,87.0,nan,,ok
436.947533,2449586.0,,cpu_clk_unhalted.thread:u,cpu_clk_unhalted.thread,6441661.0,74.0,nan,,ok
436.947533,609676.0,,br_inst_retired.all_branches:u,br_inst_retired.all_branches,6127219.0,70.0,nan,,ok
436.947533,25450.0,,br_misp_retired.all_branches:u,br_misp_retired.all_branches,6562246.0,85.0,nan,,ok
436.947533,590839.0,,mem_uops_retired.all_loads:u,mem_uops_retired.all_loads,7873860.0,99.0,nan,,ok
436.947533,257047.0,,mem_uops_retired.all_stores:u,mem_uops_retired.all_stores,8665649.0,100.0,nan,,ok
436.947533,29321.0,,longest_lat_cache.reference:u,longest_lat_cache.reference,8671709.0,100.0,nan,,ok
436.947533,35.0,,longest_lat_cache.miss:u,longest_lat_cache.miss,8677555.0,100.0,nan,,ok
436.947533,11548.0,,offcore_requests.demand_data_rd:u,offcore_requests.demand_data_rd,8683498.0,100.0,nan,,ok
436.947533,83551.0,,resource_stalls.any:u,resource_stalls.any,7639711.0,87.0,nan,,ok
447.36801599999995,2132545.0,,inst_retired.any:u,inst_retired.any,9028370.0,100.0,nan,,ok
447.36801599999995,2155936.0,,cpu_clk_unhalted.thread:u,cpu_clk_unhalted.thread,7754107.0,85.0,nan,,ok
447.36801599999995,453839.0,,br_inst_retired.all_branches:u,br_inst_retired.all_branches,7078300.0,78.0,nan,,ok
447.36801599999995,28685.0,,br_misp_retired.all_branches:u,br_misp_retired.all_branches,6125178.0,67.0,nan,,ok
447.36801599999995,518595.0,,mem_uops_retired.all_loads:u,mem_uops_retired.all_loads,6774556.0,84.0,nan,,ok
447.36801599999995,212210.0,,mem_uops_retired.all_stores:u,mem_uops_retired.all_stores,8379996.0,100.0,nan,,ok
447.36801599999995,28939.0,,longest_lat_cache.reference:u,longest_lat_cache.reference,9030288.0,100.0,nan,,ok
447.36801599999995,26.0,,longest_lat_cache.miss:u,longest_lat_cache.miss,9031427.0,100.0,nan,,ok
447.36801599999995,11146.0,,offcore_requests.demand_data_rd:u,offcore_requests.demand_data_rd,9031967.0,100.0,nan,,ok
447.36801599999995,81299.0,,resource_stalls.any:u,resource_stalls.any,9029788.0,100.0,nan,,ok
457.778677,2367931.0,,inst_retired.any:u,inst_retired.any,9703315.0,100.0,nan,,ok
457.778677,2912168.0,,cpu_clk_unhalted.thread:u,cpu_clk_unhalted.thread,9702357.0,100.0,nan,,ok
457.778677,426221.0,,br_inst_retired.all_branches:u,br_inst_retired.all_branches,9164378.0,94.0,nan,,ok
457.778677,27465.0,,br_misp_retired.all_branches:u,br_misp_retired.all_branches,7858943.0,81.0,nan,,ok
457.778677,655303.0,,mem_uops_retired.all_loads:u,mem_uops_retired.all_loads,6576371.0,67.0,nan,,ok
457.778677,269845.0,,mem_uops_retired.all_stores:u,mem_uops_retired.all_stores,7004551.0,72.0,nan,,ok
457.778677,30106.0,,longest_lat_cache.reference:u,longest_lat_cache.reference,8197713.0,89.0,nan,,ok
457.778677,14.0,,longest_lat_cache.miss:u,longest_lat_cache.miss,9701558.0,100.0,nan,,ok
457.778677,13027.0,,offcore_requests.demand_data_rd:u,offcore_requests.demand_data_rd,9738043.0,100.0,nan,,ok
457.778677,96476.0,,resource_stalls.any:u,resource_stalls.any,9739234.0,100.0,nan,,ok
468.225347,2397148.0,,inst_retired.any:u,inst_retired.any,8723595.0,100.0,nan,,ok
468.225347,2715284.0,,cpu_clk_unhalted.thread:u,cpu_clk_unhalted.thread,8726345.0,100.0,nan,,ok
468.225347,530701.0,,br_inst_retired.all_branches:u,br_inst_retired.all_branches,8726367.0,100.0,nan,,ok
468.225347,25403.0,,br_misp_retired.all_branches:u,br_misp_retired.all_branches,8503913.0,97.0,nan,,ok
468.225347,572241.0,,mem_uops_retired.all_loads:u,mem_uops_retired.all_loads,8353635.0,95.0,nan,,ok
468.225347,235416.0,,mem_uops_retired.all_stores:u,mem_uops_retired.all_stores,7566958.0,86.0,nan,,ok
468.225347,29988.0,,longest_lat_cache.reference:u,longest_lat_cache.reference,6778814.0,77.0,nan,,ok
468.225347,9.0,,longest_lat_cache.miss:u,longest_lat_cache.miss,6603358.0,82.0,nan,,ok
468.225347,11502.0,,offcore_requests.demand_data_rd:u,offcore_requests.demand_data_rd,7009014.0,80.0,nan,,ok
468.225347,70699.0,,resource_stalls.any:u,resource_stalls.any,7452987.0,94.0,nan,,ok
478.635362,1863525.0,,inst_retired.any:u,inst_retired.any,6748142.0,100.0,nan,,ok
478.635362,2484199.0,,cpu_clk_unhalted.thread:u,cpu_clk_unhalted.thread,8321954.0,100.0,nan,,ok
478.635362,470494.0,,br_inst_retired.all_branches:u,br_inst_retired.all_branches,8316200.0,100.0,nan,,ok
478.635362,23599.0,,br_misp_retired.all_branches:u,br_misp_retired.all_branches,8310380.0,100.0,nan,,ok
478.635362,541955.0,,mem_uops_retired.all_loads:u,mem_uops_retired.all_loads,8304180.0,100.0,nan,,ok
478.635362,223921.0,,mem_uops_retired.all_stores:u,mem_uops_retired.all_stores,8296849.0,100.0,nan,,ok
478.635362,25504.0,,longest_lat_cache.reference:u,longest_lat_cache.reference,8023197.0,96.0,nan,,ok
478.635362,3.0,,longest_lat_cache.miss:u,longest_lat_cache.miss,6294395.0,75.0,nan,,ok
478.635362,9732.0,,offcore_requests.demand_data_rd:u,offcore_requests.demand_data_rd,6325702.0,76.0,nan,,ok
478.635362,75033.0,,resource_stalls.any:u,resource_stalls.any,4209681.0,62.0,nan,,ok
489.027337,2766210.0,,inst_retired.any:u,inst_retired.any,6189517.0,64.0,nan,,ok
489.027337,2853423.0,,cpu_clk_unhalted.thread:u,cpu_clk_unhalted.thread,7736895.0,86.0,nan,,ok
489.027337,520793.0,,br_inst_retired.all_branches:u,br_inst_retired.all_branches,9230055.0,100.0,nan,,ok
489.027337,28213.0,,br_misp_retired.all_branches:u,br_misp_retired.all_branches,9627038.0,100.0,nan,,ok
489.027337,617425.0,,mem_uops_retired.all_loads:u,mem_uops_retired.all_loads,9633153.0,100.0,nan,,ok
489.027337,251430.0,,mem_uops_retired.all_stores:u,mem_uops_retired.all_stores,9640021.0,100.0,nan,,ok
489.027337,32309.0,,longest_lat_cache.reference:u,longest_lat_cache.reference,9645784.0,100.0,nan,,ok
489.027337,43.0,,longest_lat_cache.miss:u,longest_lat_cache.miss,9415204.0,97.0,nan,,ok
489.027337,12121.0,,offcore_requests.demand_data_rd:u,offcore_requests.demand_data_rd,8097586.0,83.0,nan,,ok
489.027337,71799.0,,resource_stalls.any:u,resource_stalls.any,4115856.0,42.0,nan,,ok
499.435306,1992323.0,,inst_retired.any:u,inst_retired.any,7642383.0,79.0,nan,,ok
499.435306,3077340.0,,cpu_clk_unhalted.thread:u,cpu_clk_unhalted.thread,7138015.0,74.0,nan,,ok
499.435306,514896.0,,br_inst_retired.all_branches:u,br_inst_retired.all_branches,7763106.0,82.0,nan,,ok
499.435306,26277.0,,br_misp_retired.all_branches:u,br_misp_retired.all_branches,7863406.0,88.0,nan,,ok
499.435306,573787.0,,mem_uops_retired.all_loads:u,mem_uops_retired.all_loads,9093103.0,100.0,nan,,ok
499.435306,245150.0,,mem_uops_retired.all_stores:u,mem_uops_retired.all_stores,9651301.0,100.0,nan,,ok
499.435306,30184.0,,longest_lat_cache.reference:u,longest_lat_cache.reference,9655989.0,100.0,nan,,ok
499.435306,7.0,,longest_lat_cache.miss:u,longest_lat_cache.miss,9655686.0,100.0,nan,,ok
499.435306,11496.0,,offcore_requests.demand_data_rd:u,offcore_requests.demand_data_rd,9655055.0,100.0,nan,,ok
499.435306,72630.0,,resource_stalls.any:u,resource_stalls.any,6668972.0,69.0,nan,,ok
509.86476400000004,2084187.0,,inst_retired.any:u,inst_retired.any,8186273.0,95.0,nan,,ok
509.86476400000004,2617732.0,,cpu_clk_unhalted.thread:u,cpu_clk_unhalted.thread,8318590.0,96.0,nan,,ok
509.86476400000004,501879.0,,br_inst_retired.all_branches:u,br_inst_retired.all_branches,7517195.0,87.0,nan,,ok
509.86476400000004,23324.0,,br_misp_retired.all_branches:u,br_misp_retired.all_branches,6581075.0,76.0,nan,,ok
509.86476400000004,600507.0,,mem_uops_retired.all_loads:u,mem_uops_retired.all_loads,7169861.0,83.0,nan,,ok
509.86476400000004,252869.0,,mem_uops_retired.all_stores:u,mem_uops_retired.all_stores,6910227.0,80.0,nan,,ok
509.86476400000004,26825.0,,longest_lat_cache.reference:u,longest_lat_cache.reference,6832504.0,86.0,nan,,ok
509.86476400000004,25.0,,longest_lat_cache.miss:u,longest_lat_cache.miss,8499336.0,99.0,nan,,ok
509.86476400000004,11140.0,,offcore_requests.demand_data_rd:u,offcore_requests.demand_data_rd,8572327.0,100.0,nan,,ok
509.86476400000004,82306.0,,resource_stalls.any:u,resource_stalls.any,8242178.0,96.0,nan,,ok
520.270896,2350043.0,,inst_retired.any:u,inst_retired.any,9645796.0,100.0,nan,,ok
520.270896,2890625.0,,cpu_clk_unhalted.thread:u,cpu_clk_unhalted.thread,9645846.0,100.0,nan,,ok
520.270896,515539.0,,br_inst_retired.all_branches:u,br_inst_retired.all_branches,9645559.0,100.0,nan,,ok
520.270896,26754.0,,br_misp_retired.all_branches:u,br_misp_retired.all_branches,9375602.0,97.0,nan,,ok
520.270896,466125.0,,mem_uops_retired.all_loads:u,mem_uops_retired.all_loads,8080032.0,83.0,nan,,ok
520.270896,278177.0,,mem_uops_retired.all_stores:u,mem_uops_retired.all_stores,7318398.0,75.0,nan,,ok
520.270896,34446.0,,longest_lat_cache.reference:u,longest_lat_cache.reference,7251354.0,75.0,nan,,ok
520.270896,15.0,,longest_lat_cache.miss:u,longest_lat_cache.miss,7037027.0,77.0,nan,,ok
520.270896,11979.0,,offcore_requests.demand_data_rd:u,offcore_requests.demand_data_rd,9170931.0,100.0,nan,,ok
520.270896,85396.0,,resource_stalls.any:u,resource_stalls.any,9644428.0,100.0,nan,,ok
530.678027,2195353.0,,inst_retired.any:u,inst_retired.any,8400420.0,100.0,nan,,ok
530.678027,2690072.0,,cpu_clk_unhalted.thread:u,cpu_clk_unhalted.thread,9005202.0,100.0,nan,,ok
530.678027,496844.0,,br_inst_retired.all_branches:u,br_inst_retired.all_branches,8999374.0,100.0,nan,,ok
530.678027,25970.0,,br_misp_retired.all_branches:u,br_misp_retired.all_branches,8993697.0,100.0,nan,,ok
530.678027,580288.0,,mem_uops_retired.all_loads:u,mem_uops_retired.all_loads,8988265.0,100.0,nan,,ok
530.678027,212383.0,,mem_uops_retired.all_stores:u,mem_uops_retired.all_stores,8354454.0,93.0,nan,,ok
530.678027,25071.0,,longest_lat_cache.reference:u,longest_lat_cache.reference,6634538.0,73.0,nan,,ok
530.678027,10.0,,longest_lat_cache.miss:u,longest_lat_cache.miss,7087730.0,78.0,nan,,ok
530.678027,11153.0,,offcore_requests.demand_data_rd:u,offcore_requests.demand_data_rd,7259696.0,80.0,nan,,ok
530.678027,73590.0,,resource_stalls.any:u,resource_stalls.any,6537797.0,85.0,nan,,ok
541.053133,2463200.0,,inst_retired.any:u,inst_retired.any,7539801.0,82.0,nan,,ok
541.053133,3024242.0,,cpu_clk_unhalted.thread:u,cpu_clk_unhalted.thread,7524745.0,81.0,nan,,ok
541.053133,544122.0,,br_inst_retired.all_branches:u,br_inst_retired.all_branches,7593066.0,88.0,nan,,ok
541.053133,26898.0,,br_misp_retired.all_branches:u,br_misp_retired.all_branches,8523795.0,100.0,nan,,ok
541.053133,624433.0,,mem_uops_retired.all_loads:u,mem_uops_retired.all_loads,9204204.0,100.0,nan,,ok
541.053133,260967.0,,mem_uops_retired.all_stores:u,mem_uops_retired.all_stores,9210095.0,100.0,nan,,ok
541.053133,32128.0,,longest_lat_cache.reference:u,longest_lat_cache.reference,9215598.0,100.0,nan,,ok
541.053133,15.0,,longest_lat_cache.miss:u,longest_lat_cache.miss,9198632.0,99.0,nan,,ok
541.053133,11563.0,,offcore_requests.demand_data_rd:u,offcore_requests.demand_data_rd,7884778.0,85.0,nan,,ok
541.053133,78191.0,,resource_stalls.any:u,resource_stalls.any,5307629.0,57.0,nan,,ok
551.4620679999999,2226110.0,,inst_retired.any:u,inst_retired.any,8660263.0,98.0,nan,,ok
551.4620679999999,2393908.0,,cpu_clk_unhalted.thread:u,cpu_clk_unhalted.thread,7756534.0,88.0,nan,,ok
551.4620679999999,364607.0,,br_inst_retired.all_branches:u,br_inst_retired.all_branches,6823142.0,77.0,nan,,ok
551.4620679999999,25218.0,,br_misp_retired.all_branches:u,br_misp_retired.all_branches,7364567.0,83.0,nan,,ok
551.4620679999999,601827.0,,mem_uops_retired.all_loads:u,mem_uops_retired.all_loads,7086844.0,80.0,nan,,ok
551.4620679999999,221607.0,,mem_uops_retired.all_stores:u,mem_uops_retired.all_stores,6927585.0,87.0,nan,,ok
551.4620679999999,27031.0,,longest_lat_cache.reference:u,longest_lat_cache.reference,8212896.0,93.0,nan,,ok
551.4620679999999,49.0,,longest_lat_cache.miss:u,longest_lat_cache.miss,8808756.0,100.0,nan,,ok
551.4620679999999,10652.0,,offcore_requests.demand_data_rd:u,offcore_requests.demand_data_rd,8806668.0,100.0,nan,,ok
551.4620679999999,81575.0,,resource_stalls.any:u,resource_stalls.any,8714134.0,98.0,nan,,ok
561.896176,2189343.0,,inst_retired.any:u,inst_retired.any,8622467.0,100.0,nan,,ok
561.896176,2645770.0,,cpu_clk_unhalted.thread:u,cpu_clk_unhalted.thread,8622878.0,100.0,nan,,ok
561.896176,401055.0,,br_inst_retired.all_branches:u,br_inst_retired.all_branches,7515492.0,87.0,nan,,ok
561.896176,23188.0,,br_misp_retired.all_branches:u,br_misp_retired.all_branches,6360891.0,73.0,nan,,ok
561.896176,623345.0,,mem_uops_retired.all_loads:u,mem_uops_retired.all_loads,6989740.0,81.0,nan,,ok
561.896176,256243.0,,mem_uops_retired.all_stores:u,mem_uops_retired.all_stores,7214248.0,83.0,nan,,ok
561.896176,24418.0,,longest_lat_cache.reference:u,longest_lat_cache.reference,6514435.0,86.0,nan,,ok
561.896176,7.0,,longest_lat_cache.miss:u,longest_lat_cache.miss,8518728.0,98.0,nan,,ok
561.896176,10947.0,,offcore_requests.demand_data_rd:u,offcore_requests.demand_data_rd,8624553.0,100.0,nan,,ok
561.896176,81317.0,,resource_stalls.any:u,resource_stalls.any,8624848.0,100.0,nan,,ok
572.3182479999999,2868996.0,,inst_retired.any:u,inst_retired.any,9643916.0,100.0,nan,,ok
572.3182479999999,3303259.0,,cpu_clk_unhalted.thread:u,cpu_clk_unhalted.thread,9643666.0,100.0,nan,,ok
572.3182479999999,636919.0,,br_inst_retired.all_branches:u,br_inst_retired.all_branches,9643779.0,100.0,nan,,ok
572.3182479999999,32724.0,,br_misp_retired.all_branches:u,br_misp_retired.all_branches,9568322.0,99.0,nan,,ok
572.3182479999999,622531.0,,mem_uops_retired.all_loads:u,mem_uops_retired.all_loads,8343328.0,86.0,nan,,ok
572.3182479999999,313128.0,,mem_uops_retired.all_stores:u,mem_uops_retired.all_stores,7520768.0,77.0,nan,,ok
572.3182479999999,37432.0,,longest_lat_cache.reference:u,longest_lat_cache.reference,6718793.0,69.0,nan,,ok
572.3182479999999,7.0,,longest_lat_cache.miss:u,longest_lat_cache.miss,7082984.0,87.0,nan,,ok
572.3182479999999,12641.0,,offcore_requests.demand_data_rd:u,offcore_requests.demand_data_rd,8984071.0,100.0,nan,,ok
572.3182479999999,94541.0,,resource_stalls.any:u,resource_stalls.any,9642259.0,100.0,nan,,ok
582.7524149999999,2545094.0,,inst_retired.any:u,inst_retired.any,8150827.0,89.0,nan,,ok
582.7524149999999,3066987.0,,cpu_clk_unhalted.thread:u,cpu_clk_unhalted.thread,9111922.0,100.0,nan,,ok
582.7524149999999,542661.0,,br_inst_retired.all_branches:u,br_inst_retired.all_branches,9150057.0,100.0,nan,,ok
582.7524149999999,28774.0,,br_misp_retired.all_branches:u,br_misp_retired.all_branches,9150237.0,100.0,nan,,ok
582.7524149999999,649842.0,,mem_uops_retired.all_loads:u,mem_uops_retired.all_loads,9152277.0,100.0,nan,,ok
582.7524149999999,258091.0,,mem_uops_retired.all_stores:u,mem_uops_retired.all_stores,9151602.0,100.0,nan,,ok
582.7524149999999,33362.0,,longest_lat_cache.reference:u,longest_lat_cache.reference,8602466.0,93.0,nan,,ok
582.7524149999999,4.0,,longest_lat_cache.miss:u,longest_lat_cache.miss,5955006.0,65.0,nan,,ok
582.7524149999999,12735.0,,offcore_requests.demand_data_rd:u,offcore_requests.demand_data_rd,6420253.0,70.0,nan,,ok
582.7524149999999,100019.0,,resource_stalls.any:u,resource_stalls.any,6506864.0,78.0,nan,,ok
593.203584,2659124.0,,inst_retired.any:u,inst_retired.any,5779418.0,68.0,nan,,ok
593.203584,3020070.0,,cpu_clk_unhalted.thread:u,cpu_clk_unhalted.thread,8265844.0,96.0,nan,,ok
593.203584,565862.0,,br_inst_retired.all_branches:u,br_inst_retired.all_branches,9081442.0,100.0,nan,,ok
593.203584,29500.0,,br_misp_retired.all_branches:u,br_misp_retired.all_branches,9081108.0,100.0,nan,,ok
593.203584,653667.0,,mem_uops_retired.all_loads:u,mem_uops_retired.all_loads,9079205.0,100.0,nan,,ok
593.203584,259037.0,,mem_uops_retired.all_stores:u,mem_uops_retired.all_stores,9080780.0,100.0,nan,,ok
593.203584,34581.0,,longest_lat_cache.reference:u,longest_lat_cache.reference,9080510.0,100.0,nan,,ok
593.203584,6.0,,longest_lat_cache.miss:u,longest_lat_cache.miss,8637095.0,95.0,nan,,ok
593.203584,13827.0,,offcore_requests.demand_data_rd:u,offcore_requests.demand_data_rd,7738241.0,85.0,nan,,ok
593.203584,51397.0,,resource_stalls.any:u,resource_stalls.any,2647072.0,31.0,nan,,ok
603.6444250000001,2696798.0,,inst_retired.any:u,inst_retired.any,8087424.0,88.0,nan,,ok
603.6444250000001,2801048.0,,cpu_clk_unhalted.thread:u,cpu_clk_unhalted.thread,5619845.0,64.0,nan,,ok
603.6444250000001,708969.0,,br_inst_retired.all_branches:u,br_inst_retired.all_branches,7423856.0,80.0,nan,,ok
603.6444250000001,31767.0,,br_misp_retired.all_branches:u,br_misp_retired.all_branches,7554245.0,90.0,nan,,ok
603.6444250000001,765323.0,,mem_uops_retired.all_loads:u,mem_uops_retired.all_loads,8227164.0,89.0,nan,,ok
603.6444250000001,312626.0,,mem_uops_retired.all_stores:u,mem_uops_retired.all_stores,9113944.0,100.0,nan,,ok
603.6444250000001,35637.0,,longest_lat_cache.reference:u,longest_lat_cache.reference,9183544.0,100.0,nan,,ok
603.6444250000001,50.0,,longest_lat_cache.miss:u,longest_lat_cache.miss,9183079.0,100.0,nan,,ok
603.6444250000001,13518.0,,offcore_requests.demand_data_rd:u,offcore_requests.demand_data_rd,9183229.0,100.0,nan,,ok
603.6444250000001,96161.0,,resource_stalls.any:u,resource_stalls.any,7980167.0,86.0,nan,,ok
614.0924570000001,2589586.0,,inst_retired.any:u,inst_retired.any,9378809.0,100.0,nan,,ok
614.0924570000001,2724029.0,,cpu_clk_unhalted.thread:u,cpu_clk_unhalted.thread,8661839.0,92.0,nan,,ok
614.0924570000001,658444.0,,br_inst_retired.all_branches:u,br_inst_retired.all_branches,7151901.0,76.0,nan,,ok
614.0924570000001,27969.0,,br_misp_retired.all_branches:u,br_misp_retired.all_branches,7065700.0,75.0,nan,,ok
614.0924570000001,616132.0,,mem_uops_retired.all_loads:u,mem_uops_retired.all_loads,6669699.0,77.0,nan,,ok
614.0924570000001,286902.0,,mem_uops_retired.all_stores:u,mem_uops_retired.all_stores,7919900.0,88.0,nan,,ok
614.0924570000001,33412.0,,longest_lat_cache.reference:u,longest_lat_cache.reference,9301397.0,99.0,nan,,ok
614.0924570000001,56.0,,longest_lat_cache.miss:u,longest_lat_cache.miss,9336007.0,100.0,nan,,ok
614.0924570000001,13081.0,,offcore_requests.demand_data_rd:u,offcore_requests.demand_data_rd,9329649.0,100.0,nan,,ok
614.0924570000001,105905.0,,resource_stalls.any:u,resource_stalls.any,9322779.0,100.0,nan,,ok
625.31085,2600307.0,,inst_retired.any:u,inst_retired.any,8116505.0,100.0,nan,,ok
625.31085,2936302.0,,cpu_clk_unhalted.thread:u,cpu_clk_unhalted.thread,8125217.0,100.0,nan,,ok
625.31085,579444.0,,br_inst_retired.all_branches:u,br_inst_retired.all_branches,8131282.0,100.0,nan,,ok
625.31085,27868.0,,br_misp_retired.all_branches:u,br_misp_retired.all_branches,8137357.0,100.0,nan,,ok
625.31085,410281.0,,mem_uops_retired.all_loads:u,mem_uops_retired.all_loads,5658967.0,69.0,nan,,ok
625.31085,322208.0,,mem_uops_retired.all_stores:u,mem_uops_retired.all_stores,6269720.0,76.0,nan,,ok
625.31085,32761.0,,longest_lat_cache.reference:u,longest_lat_cache.reference,7045641.0,86.0,nan,,ok
625.31085,35.0,,longest_lat_cache.miss:u,longest_lat_cache.miss,6160604.0,75.0,nan,,ok
625.31085,11331.0,,offcore_requests.demand_data_rd:u,offcore_requests.demand_data_rd,7485275.0,98.0,nan,,ok
625.31085,90186.0,,resource_stalls.any:u,resource_stalls.any,8170800.0,100.0,nan,,ok
635.744028,3115159.0,,inst_retired.any:u,inst_retired.any,9724166.0,100.0,nan,,ok
635.744028,3532830.0,,cpu_clk_unhalted.thread:u,cpu_clk_unhalted.thread,9723936.0,100.0,nan,,ok
635.744028,683929.0,,br_inst_retired.all_branches:u,br_inst_retired.all_branches,9723976.0,100.0,nan,,ok
635.744028,34782.0,,br_misp_retired.all_branches:u,br_misp_retired.all_branches,9723736.0,100.0,nan,,ok
635.744028,786860.0,,mem_uops_retired.all_loads:u,mem_uops_retired.all_loads,9617246.0,98.0,nan,,ok
635.744028,179652.0,,mem_uops_retired.all_stores:u,mem_uops_retired.all_stores,6745590.0,69.0,nan,,ok
635.744028,37940.0,,longest_lat_cache.reference:u,longest_lat_cache.reference,6876093.0,77.0,nan,,ok
635.744028,137.0,,longest_lat_cache.miss:u,longest_lat_cache.miss,8304575.0,85.0,nan,,ok
635.744028,14168.0,,offcore_requests.demand_data_rd:u,offcore_requests.demand_data_rd,7727042.0,79.0,nan,,ok
635.744028,106129.0,,resource_stalls.any:u,resource_stalls.any,9351971.0,100.0,nan,,ok
646.1915799999999,2642281.0,,inst_retired.any:u,inst_retired.any,9592648.0,100.0,nan,,ok
646.1915799999999,3237567.0,,cpu_clk_unhalted.thread:u,cpu_clk_unhalted.thread,9593156.0,100.0,nan,,ok
646.1915799999999,578491.0,,br_inst_retired.all_branches:u,br_inst_retired.all_branches,9592991.0,100.0,nan,,ok
646.1915799999999,30332.0,,br_misp_retired.all_branches:u,br_misp_retired.all_branches,9592989.0,100.0,nan,,ok
646.1915799999999,692358.0,,mem_uops_retired.all_loads:u,mem_uops_retired.all_loads,9592421.0,100.0,nan,,ok
646.1915799999999,217716.0,,mem_uops_retired.all_stores:u,mem_uops_retired.all_stores,8969724.0,93.0,nan,,ok
646.1915799999999,32000.0,,longest_lat_cache.reference:u,longest_lat_cache.reference,7261392.0,75.0,nan,,ok
646.1915799999999,75.0,,longest_lat_cache.miss:u,longest_lat_cache.miss,7110034.0,74.0,nan,,ok
646.1915799999999,11871.0,,offcore_requests.demand_data_rd:u,offcore_requests.demand_data_rd,6436196.0,67.0,nan,,ok
646.1915799999999,101788.0,,resource_stalls.any:u,resource_stalls.any,8579736.0,100.0,nan,,ok
656.6201040000001,3019210.0,,inst_retired.any:u,inst_retired.any,6446391.0,72.0,nan,,ok
656.6201040000001,3315433.0,,cpu_clk_unhalted.thread:u,cpu_clk_unhalted.thread,7221324.0,81.0,nan,,ok
656.6201040000001,594446.0,,br_inst_retired.all_branches:u,br_inst_retired.all_branches,8050816.0,90.0,nan,,ok
656.6201040000001,29331.0,,br_misp_retired.all_branches:u,br_misp_retired.all_branches,8906835.0,100.0,nan,,ok
656.6201040000001,677219.0,,mem_uops_retired.all_loads:u,mem_uops_retired.all_loads,8906717.0,100.0,nan,,ok
656.6201040000001,276308.0,,mem_uops_retired.all_stores:u,mem_uops_retired.all_stores,8907200.0,100.0,nan,,ok
656.6201040000001,34897.0,,longest_lat_cache.reference:u,longest_lat_cache.reference,8907625.0,100.0,nan,,ok
656.6201040000001,39.0,,longest_lat_cache.miss:u,longest_lat_cache.miss,8751627.0,98.0,nan,,ok
656.6201040000001,12208.0,,offcore_requests.demand_data_rd:u,offcore_requests.demand_data_rd,7870805.0,88.0,nan,,ok
656.6201040000001,88760.0,,resource_stalls.any:u,resource_stalls.any,3771535.0,45.0,nan,,ok
667.076399,3848885.0,,inst_retired.any:u,inst_retired.any,6758209.0,69.0,nan,,ok
667.076399,4011708.0,,cpu_clk_unhalted.thread:u,cpu_clk_unhalted.thread,8045427.0,82.0,nan,,ok
667.076399,715930.0,,br_inst_retired.all_branches:u,br_inst_retired.all_branches,7588307.0,77.0,nan,,ok
667.076399,32921.0,,br_misp_retired.all_branches:u,br_misp_retired.all_branches,8783659.0,100.0,nan,,ok
667.076399,787129.0,,mem_uops_retired.all_loads:u,mem_uops_retired.all_loads,9755937.0,100.0,nan,,ok
667.076399,334784.0,,mem_uops_retired.all_stores:u,mem_uops_retired.all_stores,9755504.0,100.0,nan,,ok
667.076399,35148.0,,longest_lat_cache.reference:u,longest_lat_cache.reference,9755027.0,100.0,nan,,ok
667.076399,33.0,,longest_lat_cache.miss:u,longest_lat_cache.miss,9755535.0,100.0,nan,,ok
667.076399,13584.0,,offcore_requests.demand_data_rd:u,offcore_requests.demand_data_rd,9755587.0,100.0,nan,,ok
667.076399,85438.0,,resource_stalls.any:u,resource_stalls.any,4853113.0,49.0,nan,,ok
677.504923,2301437.0,,inst_retired.any:u,inst_retired.any,8230358.0,96.0,nan,,ok
677.504923,2795699.0,,cpu_clk_unhalted.thread:u,cpu_clk_unhalted.thread,6861170.0,80.0,nan,,ok
677.504923,483570.0,,br_inst_retired.all_branches:u,br_inst_retired.all_branches,5439764.0,63.0,nan,,ok
677.504923,27077.0,,br_misp_retired.all_branches:u,br_misp_retired.all_branches,6138430.0,85.0,nan,,ok
677.504923,641804.0,,mem_uops_retired.all_loads:u,mem_uops_retired.all_loads,7468580.0,87.0,nan,,ok
677.504923,258920.0,,mem_uops_retired.all_stores:u,mem_uops_retired.all_stores,8537671.0,100.0,nan,,ok
677.504923,31584.0,,longest_lat_cache.reference:u,longest_lat_cache.reference,8537936.0,100.0,nan,,ok
677.504923,13.0,,longest_lat_cache.miss:u,longest_lat_cache.miss,8537690.0,100.0,nan,,ok
677.504923,12138.0,,offcore_requests.demand_data_rd:u,offcore_requests.demand_data_rd,8537398.0,100.0,nan,,ok
677.504923,86968.0,,resource_stalls.any:u,resource_stalls.any,8230661.0,96.0,nan,,ok
687.955152,3050225.0,,inst_retired.any:u,inst_retired.any,9628707.0,100.0,nan,,ok
687.955152,3443694.0,,cpu_clk_unhalted.thread:u,cpu_clk_unhalted.thread,9628029.0,100.0,nan,,ok
687.955152,677952.0,,br_inst_retired.all_branches:u,br_inst_retired.all_branches,9627832.0,100.0,nan,,ok
687.955152,21924.0,,br_misp_retired.all_branches:u,br_misp_retired.all_branches,7818541.0,81.0,nan,,ok
687.955152,851466.0,,mem_uops_retired.all_loads:u,mem_uops_retired.all_loads,7325854.0,76.0,nan,,ok
687.955152,375886.0,,mem_uops_retired.all_stores:u,mem_uops_retired.all_stores,7176191.0,74.0,nan,,ok
687.955152,36086.0,,longest_lat_cache.reference:u,longest_lat_cache.reference,7519938.0,78.0,nan,,ok
687.955152,39.0,,longest_lat_cache.miss:u,longest_lat_cache.miss,8673904.0,100.0,nan,,ok
687.955152,14801.0,,offcore_requests.demand_data_rd:u,offcore_requests.demand_data_rd,9629485.0,100.0,nan,,ok
687.955152,108669.0,,resource_stalls.any:u,resource_stalls.any,9628802.0,100.0,nan,,ok
698.388339,2800115.0,,inst_retired.any:u,inst_retired.any,9063288.0,100.0,nan,,ok
698.388339,3319474.0,,cpu_clk_unhalted.thread:u,cpu_clk_unhalted.thread,9063459.0,100.0,nan,,ok
698.388339,604599.0,,br_inst_retired.all_branches:u,br_inst_retired.all_branches,9064526.0,100.0,nan,,ok
698.388339,30665.0,,br_misp_retired.all_branches:u,br_misp_retired.all_branches,9063413.0,100.0,nan,,ok
698.388339,720569.0,,mem_uops_retired.all_loads:u,mem_uops_retired.all_loads,8061136.0,88.0,nan,,ok
698.388339,233954.0,,mem_uops_retired.all_stores:u,mem_uops_retired.all_stores,5128376.0,56.0,nan,,ok
698.388339,32089.0,,longest_lat_cache.reference:u,longest_lat_cache.reference,6665534.0,80.0,nan,,ok
698.388339,6.0,,longest_lat_cache.miss:u,longest_lat_cache.miss,8303913.0,91.0,nan,,ok
698.388339,12154.0,,offcore_requests.demand_data_rd:u,offcore_requests.demand_data_rd,8095040.0,100.0,nan,,ok
698.388339,104995.0,,resource_stalls.any:u,resource_stalls.any,9066633.0,100.0,nan,,ok
708.822687,2652385.0,,inst_retired.any:u,inst_retired.any,9237908.0,100.0,nan,,ok
708.822687,3053714.0,,cpu_clk_unhalted.thread:u,cpu_clk_unhalted.thread,9265012.0,100.0,nan,,ok
708.822687,586087.0,,br_inst_retired.all_branches:u,br_inst_retired.all_branches,9264695.0,100.0,nan,,ok
708.822687,29132.0,,br_misp_retired.all_branches:u,br_misp_retired.all_branches,9264890.0,100.0,nan,,ok
708.822687,670131.0,,mem_uops_retired.all_loads:u,mem_uops_retired.all_loads,9263805.0,100.0,nan,,ok
708.822687,152377.0,,mem_uops_retired.all_stores:u,mem_uops_retired.all_stores,8043690.0,86.0,nan,,ok
708.822687,36352.0,,longest_lat_cache.reference:u,longest_lat_cache.reference,6856548.0,74.0,nan,,ok
708.822687,60.0,,longest_lat_cache.miss:u,longest_lat_cache.miss,7334288.0,79.0,nan,,ok
708.822687,10584.0,,offcore_requests.demand_data_rd:u,offcore_requests.demand_data_rd,6300620.0,68.0,nan,,ok
708.822687,101665.0,,resource_stalls.any:u,resource_stalls.any,8498507.0,99.0,nan,,ok
719.277886,3115367.0,,inst_retired.any:u,inst_retired.any,8964573.0,92.0,nan,,ok
719.277886,3370667.0,,cpu_clk_unhalted.thread:u,cpu_clk_unhalted.thread,8740058.0,99.0,nan,,ok
719.277886,673636.0,,br_inst_retired.all_branches:u,br_inst_retired.all_branches,9702643.0,100.0,nan,,ok
719.277886,33523.0,,br_misp_retired.all_branches:u,br_misp_retired.all_branches,9702546.0,100.0,nan,,ok
719.277886,776633.0,,mem_uops_retired.all_loads:u,mem_uops_retired.all_loads,9702960.0,100.0,nan,,ok
719.277886,343801.0,,mem_uops_retired.all_stores:u,mem_uops_retired.all_stores,9703186.0,100.0,nan,,ok
719.277886,34508.0,,longest_lat_cache.reference:u,longest_lat_cache.reference,9384178.0,96.0,nan,,ok
719.277886,22.0,,longest_lat_cache.miss:u,longest_lat_cache.miss,8549398.0,88.0,nan,,ok
719.277886,13105.0,,offcore_requests.demand_data_rd:u,offcore_requests.demand_data_rd,6031101.0,62.0,nan,,ok
719.277886,81617.0,,resource_stalls.any:u,resource_stalls.any,6112792.0,72.0,nan,,ok
729.713277,2897881.0,,inst_retired.any:u,inst_retired.any,5994563.0,68.0,nan,,ok
729.713277,3306219.0,,cpu_clk_unhalted.thread:u,cpu_clk_unhalted.thread,6542240.0,74.0,nan,,ok
729.713277,575041.0,,br_inst_retired.all_branches:u,br_inst_retired.all_branches,7542540.0,88.0,nan,,ok
729.713277,27109.0,,br_misp_retired.all_branches:u,br_misp_retired.all_branches,8234239.0,100.0,nan,,ok
729.713277,653548.0,,mem_uops_retired.all_loads:u,mem_uops_retired.all_loads,8719483.0,100.0,nan,,ok
729.713277,257049.0,,mem_uops_retired.all_stores:u,mem_uops_retired.all_stores,8713535.0,100.0,nan,,ok
729.713277,31498.0,,longest_lat_cache.reference:u,longest_lat_cache.reference,8706668.0,100.0,nan,,ok
729.713277,10.0,,longest_lat_cache.miss:u,longest_lat_cache.miss,8700145.0,100.0,nan,,ok
729.713277,12107.0,,offcore_requests.demand_data_rd:u,offcore_requests.demand_data_rd,8311518.0,95.0,nan,,ok
729.713277,76116.0,,resource_stalls.any:u,resource_stalls.any,4258826.0,49.0,nan,,ok
740.135774,2814274.0,,inst_retired.any:u,inst_retired.any,9297827.0,97.0,nan,,ok
740.135774,3134251.0,,cpu_clk_unhalted.thread:u,cpu_clk_unhalted.thread,7539363.0,79.0,nan,,ok
740.135774,608465.0,,br_inst_retired.all_branches:u,br_inst_retired.all_branches,6065798.0,68.0,nan,,ok
740.135774,30738.0,,br_misp_retired.all_branches:u,br_misp_retired.all_branches,7390591.0,84.0,nan,,ok
740.135774,730064.0,,mem_uops_retired.all_loads:u,mem_uops_retired.all_loads,8785666.0,92.0,nan,,ok
740.135774,277275.0,,mem_uops_retired.all_stores:u,mem_uops_retired.all_stores,8621863.0,100.0,nan,,ok
740.135774,37711.0,,longest_lat_cache.reference:u,longest_lat_cache.reference,9562627.0,100.0,nan,,ok
740.135774,18.0,,longest_lat_cache.miss:u,longest_lat_cache.miss,9568615.0,100.0,nan,,ok
740.135774,14526.0,,offcore_requests.demand_data_rd:u,offcore_requests.demand_data_rd,9574955.0,100.0,nan,,ok
740.135774,105881.0,,resource_stalls.any:u,resource_stalls.any,9354977.0,97.0,nan,,ok
750.567962,3048571.0,,inst_retired.any:u,inst_retired.any,9709782.0,100.0,nan,,ok
750.567962,3441593.0,,cpu_clk_unhalted.thread:u,cpu_clk_unhalted.thread,9701462.0,100.0,nan,,ok
750.567962,657021.0,,br_inst_retired.all_branches:u,br_inst_retired.all_branches,9695587.0,100.0,nan,,ok
750.567962,21880.0,,br_misp_retired.all_branches:u,br_misp_retired.all_branches,6735415.0,69.0,nan,,ok
750.567962,871833.0,,mem_uops_retired.all_loads:u,mem_uops_retired.all_loads,6970151.0,71.0,nan,,ok
750.567962,390506.0,,mem_uops_retired.all_stores:u,mem_uops_retired.all_stores,8178746.0,84.0,nan,,ok
750.567962,29282.0,,longest_lat_cache.reference:u,longest_lat_cache.reference,7671580.0,79.0,nan,,ok
750.567962,9.0,,longest_lat_cache.miss:u,longest_lat_cache.miss,9142850.0,99.0,nan,,ok
750.567962,12631.0,,offcore_requests.demand_data_rd:u,offcore_requests.demand_data_rd,9659034.0,100.0,nan,,ok
750.567962,108845.0,,resource_stalls.any:u,resource_stalls.any,9652632.0,100.0,nan,,ok
760.987649,2683267.0,,inst_retired.any:u,inst_retired.any,8734505.0,100.0,nan,,ok
760.987649,3127295.0,,cpu_clk_unhalted.thread:u,cpu_clk_unhalted.thread,8743215.0,100.0,nan,,ok
760.987649,592594.0,,br_inst_retired.all_branches:u,br_inst_retired.all_branches,8749178.0,100.0,nan,,ok
760.987649,25235.0,,br_misp_retired.all_branches:u,br_misp_retired.all_branches,7707529.0,88.0,nan,,ok
760.987649,607596.0,,mem_uops_retired.all_loads:u,mem_uops_retired.all_loads,6674169.0,76.0,nan,,ok
760.987649,335921.0,,mem_uops_retired.all_stores:u,mem_uops_retired.all_stores,5303642.0,60.0,nan,,ok
760.987649,30318.0,,longest_lat_cache.reference:u,longest_lat_cache.reference,6791134.0,89.0,nan,,ok
760.987649,17.0,,longest_lat_cache.miss:u,longest_lat_cache.miss,8582095.0,97.0,nan,,ok
760.987649,13719.0,,offcore_requests.demand_data_rd:u,offcore_requests.demand_data_rd,8783750.0,100.0,nan,,ok
760.987649,109141.0,,resource_stalls.any:u,resource_stalls.any,8789850.0,100.0,nan,,ok
771.42192,3106397.0,,inst_retired.any:u,inst_retired.any,9652547.0,100.0,nan,,ok
771.42192,3493207.0,,cpu_clk_unhalted.thread:u,cpu_clk_unhalted.thread,9652664.0,100.0,nan,,ok
771.42192,685105.0,,br_inst_retired.all_branches:u,br_inst_retired.all_branches,9652591.0,100.0,nan,,ok
771.42192,32233.0,,br_misp_retired.all_branches:u,br_misp_retired.all_branches,9652756.0,100.0,nan,,ok
771.42192,781795.0,,mem_uops_retired.all_loads:u,mem_uops_retired.all_loads,9600689.0,99.0,nan,,ok
771.42192,185458.0,,mem_uops_retired.all_stores:u,mem_uops_retired.all_stores,7547685.0,78.0,nan,,ok
771.42192,38091.0,,longest_lat_cache.reference:u,longest_lat_cache.reference,7023853.0,72.0,nan,,ok
771.42192,10.0,,longest_lat_cache.miss:u,longest_lat_cache.miss,7478957.0,83.0,nan,,ok
771.42192,12418.0,,offcore_requests.demand_data_rd:u,offcore_requests.demand_data_rd,7650590.0,79.0,nan,,ok
771.42192,96194.0,,resource_stalls.any:u,resource_stalls.any,8964299.0,98.0,nan,,ok
781.865825,2730646.0,,inst_retired.any:u,inst_retired.any,8777938.0,91.0,nan,,ok
781.865825,3282572.0,,cpu_clk_unhalted.thread:u,cpu_clk_unhalted.thread,9503505.0,99.0,nan,,ok
781.865825,585411.0,,br_inst_retired.all_branches:u,br_inst_retired.all_branches,9541070.0,100.0,nan,,ok
781.865825,30775.0,,br_misp_retired.all_branches:u,br_misp_retired.all_branches,9540995.0,100.0,nan,,ok
781.865825,716263.0,,mem_uops_retired.all_loads:u,mem_uops_retired.all_loads,9540710.0,100.0,nan,,ok
781.865825,299645.0,,mem_uops_retired.all_stores:u,mem_uops_retired.all_stores,9540228.0,100.0,nan,,ok
781.865825,32070.0,,longest_lat_cache.reference:u,longest_lat_cache.reference,8897195.0,93.0,nan,,ok
781.865825,2.0,,longest_lat_cache.miss:u,longest_lat_cache.miss,6747859.0,70.0,nan,,ok
781.865825,12750.0,,offcore_requests.demand_data_rd:u,offcore_requests.demand_data_rd,6140114.0,69.0,nan,,ok
781.865825,102636.0,,resource_stalls.any:u,resource_stalls.any,6909269.0,78.0,nan,,ok
792.2973519999999,2909576.0,,inst_retired.any:u,inst_retired.any,6667870.0,76.0,nan,,ok
792.2973519999999,3489160.0,,cpu_clk_unhalted.thread:u,cpu_clk_unhalted.thread,5566252.0,64.0,nan,,ok
792.2973519999999,612636.0,,br_inst_retired.all_branches:u,br_inst_retired.all_branches,7065523.0,82.0,nan,,ok
792.2973519999999,27690.0,,br_misp_retired.all_branches:u,br_misp_retired.all_branches,8167680.0,100.0,nan,,ok
792.2973519999999,660276.0,,mem_uops_retired.all_loads:u,mem_uops_retired.all_loads,8676107.0,100.0,nan,,ok
792.2973519999999,269676.0,,mem_uops_retired.all_stores:u,mem_uops_retired.all_stores,8676137.0,100.0,nan,,ok
792.2973519999999,33084.0,,longest_lat_cache.reference:u,longest_lat_cache.reference,8676312.0,100.0,nan,,ok
792.2973519999999,3.0,,longest_lat_cache.miss:u,longest_lat_cache.miss,8676579.0,100.0,nan,,ok
792.2973519999999,12240.0,,offcore_requests.demand_data_rd:u,offcore_requests.demand_data_rd,8254821.0,95.0,nan,,ok
792.2973519999999,85108.0,,resource_stalls.any:u,resource_stalls.any,5642927.0,65.0,nan,,ok
802.729917,3142956.0,,inst_retired.any:u,inst_retired.any,9452491.0,97.0,nan,,ok
802.729917,3499056.0,,cpu_clk_unhalted.thread:u,cpu_clk_unhalted.thread,8565737.0,88.0,nan,,ok
802.729917,546094.0,,br_inst_retired.all_branches:u,br_inst_retired.all_branches,5776220.0,60.0,nan,,ok
802.729917,35491.0,,br_misp_retired.all_branches:u,br_misp_retired.all_branches,7043913.0,79.0,nan,,ok
802.729917,816062.0,,mem_uops_retired.all_loads:u,mem_uops_retired.all_loads,8939747.0,92.0,nan,,ok
802.729917,315004.0,,mem_uops_retired.all_stores:u,mem_uops_retired.all_stores,8740093.0,100.0,nan,,ok
802.729917,36244.0,,longest_lat_cache.reference:u,longest_lat_cache.reference,9702286.0,100.0,nan,,ok
802.729917,5.0,,longest_lat_cache.miss:u,longest_lat_cache.miss,9701839.0,100.0,nan,,ok
802.729917,14045.0,,offcore_requests.demand_data_rd:u,offcore_requests.demand_data_rd,9702041.0,100.0,nan,,ok
802.729917,112716.0,,resource_stalls.any:u,resource_stalls.any,9445623.0,97.0,nan,,ok
813.177145,2352220.0,,inst_retired.any:u,inst_retired.any,8404703.0,100.0,nan,,ok
813.177145,2806741.0,,cpu_clk_unhalted.thread:u,cpu_clk_unhalted.thread,8405304.0,100.0,nan,,ok
813.177145,291505.0,,br_inst_retired.all_branches:u,br_inst_retired.all_branches,7068619.0,84.0,nan,,ok
813.177145,32362.0,,br_misp_retired.all_branches:u,br_misp_retired.all_branches,6385086.0,75.0,nan,,ok
813.177145,686854.0,,mem_uops_retired.all_loads:u,mem_uops_retired.all_loads,6191194.0,73.0,nan,,ok
813.177145,255981.0,,mem_uops_retired.all_stores:u,mem_uops_retired.all_stores,6405264.0,76.0,nan,,ok
813.177145,26606.0,,longest_lat_cache.reference:u,longest_lat_cache.reference,7576293.0,100.0,nan,,ok
813.177145,8.0,,longest_lat_cache.miss:u,longest_lat_cache.miss,8409138.0,100.0,nan,,ok
813.177145,11650.0,,offcore_requests.demand_data_rd:u,offcore_requests.demand_data_rd,8409468.0,100.0,nan,,ok
813.177145,89411.0,,resource_stalls.any:u,resource_stalls.any,8409704.0,100.0,nan,,ok
823.616526,3119951.0,,inst_retired.any:u,inst_retired.any,9710996.0,100.0,nan,,ok
823.616526,3519979.0,,cpu_clk_unhalted.thread:u,cpu_clk_unhalted.thread,9710463.0,100.0,nan,,ok
823.616526,696927.0,,br_inst_retired.all_branches:u,br_inst_retired.all_branches,9709498.0,100.0,nan,,ok
823.616526,23024.0,,br_misp_retired.all_branches:u,br_misp_retired.all_branches,7664325.0,78.0,nan,,ok
823.616526,832629.0,,mem_uops_retired.all_loads:u,mem_uops_retired.all_loads,7100965.0,73.0,nan,,ok
823.616526,374771.0,,mem_uops_retired.all_stores:u,mem_uops_retired.all_stores,7283145.0,75.0,nan,,ok
823.616526,35940.0,,longest_lat_cache.reference:u,longest_lat_cache.reference,7676735.0,79.0,nan,,ok
823.616526,28.0,,longest_lat_cache.miss:u,longest_lat_cache.miss,9109543.0,100.0,nan,,ok
823.616526,14655.0,,offcore_requests.demand_data_rd:u,offcore_requests.demand_data_rd,9706921.0,100.0,nan,,ok
823.616526,114503.0,,resource_stalls.any:u,resource_stalls.any,9706255.0,100.0,nan,,ok
834.066555,2944364.0,,inst_retired.any:u,inst_retired.any,9687382.0,100.0,nan,,ok
834.066555,3392338.0,,cpu_clk_unhalted.thread:u,cpu_clk_unhalted.thread,9679227.0,100.0,nan,,ok
834.066555,642352.0,,br_inst_retired.all_branches:u,br_inst_retired.all_branches,9673397.0,100.0,nan,,ok
834.066555,29255.0,,br_misp_retired.all_branches:u,br_misp_retired.all_branches,9468087.0,97.0,nan,,ok
834.066555,748409.0,,mem_uops_retired.all_loads:u,mem_uops_retired.all_loads,8243469.0,85.0,nan,,ok
834.066555,325193.0,,mem_uops_retired.all_stores:u,mem_uops_retired.all_stores,7793016.0,80.0,nan,,ok
834.066555,31838.0,,longest_lat_cache.reference:u,longest_lat_cache.reference,5979150.0,61.0,nan,,ok
834.066555,1.0,,longest_lat_cache.miss:u,longest_lat_cache.miss,7325772.0,87.0,nan,,ok
834.066555,13470.0,,offcore_requests.demand_data_rd:u,offcore_requests.demand_data_rd,9448452.0,98.0,nan,,ok
834.066555,108796.0,,resource_stalls.any:u,resource_stalls.any,9634010.0,100.0,nan,,ok
844.465561,2724854.0,,inst_retired.any:u,inst_retired.any,6913032.0,81.0,nan,,ok
844.465561,3007293.0,,cpu_clk_unhalted.thread:u,cpu_clk_unhalted.thread,8201337.0,100.0,nan,,ok
844.465561,596118.0,,br_inst_retired.all_branches:u,br_inst_retired.all_branches,8633307.0,100.0,nan,,ok
844.465561,29138.0,,br_misp_retired.all_branches:u,br_misp_retired.all_branches,8639485.0,100.0,nan,,ok
844.465561,674704.0,,mem_uops_retired.all_loads:u,mem_uops_retired.all_loads,8645502.0,100.0,nan,,ok
844.465561,268721.0,,mem_uops_retired.all_stores:u,mem_uops_retired.all_stores,8653312.0,100.0,nan,,ok
844.465561,31452.0,,longest_lat_cache.reference:u,longest_lat_cache.reference,8229013.0,95.0,nan,,ok
844.465561,3.0,,longest_lat_cache.miss:u,longest_lat_cache.miss,7405702.0,85.0,nan,,ok
844.465561,13716.0,,offcore_requests.demand_data_rd:u,offcore_requests.demand_data_rd,6099319.0,70.0,nan,,ok
844.465561,109775.0,,resource_stalls.any:u,resource_stalls.any,4689313.0,54.0,nan,,ok
854.892938,2470620.0,,inst_retired.any:u,inst_retired.any,5757460.0,59.0,nan,,ok
854.892938,3517187.0,,cpu_clk_unhalted.thread:u,cpu_clk_unhalted.thread,7184453.0,87.0,nan,,ok
854.892938,738738.0,,br_inst_retired.all_branches:u,br_inst_retired.all_branches,8972212.0,92.0,nan,,ok
854.892938,35456.0,,br_misp_retired.all_branches:u,br_misp_retired.all_branches,8763324.0,90.0,nan,,ok
854.892938,806640.0,,mem_uops_retired.all_loads:u,mem_uops_retired.all_loads,9678402.0,100.0,nan,,ok
854.892938,345487.0,,mem_uops_retired.all_stores:u,mem_uops_retired.all_stores,9731885.0,100.0,nan,,ok
854.892938,36880.0,,longest_lat_cache.reference:u,longest_lat_cache.reference,9731899.0,100.0,nan,,ok
854.892938,9.0,,longest_lat_cache.miss:u,longest_lat_cache.miss,9732530.0,100.0,nan,,ok
854.892938,13381.0,,offcore_requests.demand_data_rd:u,offcore_requests.demand_data_rd,9416865.0,96.0,nan,,ok
854.892938,81520.0,,resource_stalls.any:u,resource_stalls.any,4700634.0,48.0,nan,,ok
865.323443,2042460.0,,inst_retired.any:u,inst_retired.any,8554259.0,93.0,nan,,ok
865.323443,2781850.0,,cpu_clk_unhalted.thread:u,cpu_clk_unhalted.thread,5412792.0,59.0,nan,,ok
865.323443,637838.0,,br_inst_retired.all_branches:u,br_inst_retired.all_branches,7172818.0,78.0,nan,,ok
865.323443,28933.0,,br_misp_retired.all_branches:u,br_misp_retired.all_branches,7166039.0,78.0,nan,,ok
865.323443,641418.0,,mem_uops_retired.all_loads:u,mem_uops_retired.all_loads,8171045.0,100.0,nan,,ok
865.323443,275472.0,,mem_uops_retired.all_stores:u,mem_uops_retired.all_stores,9119157.0,100.0,nan,,ok
865.323443,32972.0,,longest_lat_cache.reference:u,longest_lat_cache.reference,9118692.0,100.0,nan,,ok
865.323443,6.0,,longest_lat_cache.miss:u,longest_lat_cache.miss,9117217.0,100.0,nan,,ok
865.323443,13404.0,,offcore_requests.demand_data_rd:u,offcore_requests.demand_data_rd,9117212.0,100.0,nan,,ok
865.323443,108150.0,,resource_stalls.any:u,resource_stalls.any,8550147.0,93.0,nan,,ok
875.736993,2923685.0,,inst_retired.any:u,inst_retired.any,9274332.0,100.0,nan,,ok
875.736993,3236234.0,,cpu_clk_unhalted.thread:u,cpu_clk_unhalted.thread,9155991.0,98.0,nan,,ok
875.736993,391977.0,,br_inst_retired.all_branches:u,br_inst_retired.all_branches,6427575.0,69.0,nan,,ok
875.736993,30792.0,,br_misp_retired.all_branches:u,br_misp_retired.all_branches,6459096.0,76.0,nan,,ok
875.736993,790981.0,,mem_uops_retired.all_loads:u,mem_uops_retired.all_loads,7785932.0,83.0,nan,,ok
875.736993,299809.0,,mem_uops_retired.all_stores:u,mem_uops_retired.all_stores,7348781.0,79.0,nan,,ok
875.736993,33558.0,,longest_lat_cache.reference:u,longest_lat_cache.reference,9179842.0,100.0,nan,,ok
875.736993,16.0,,longest_lat_cache.miss:u,longest_lat_cache.miss,9272874.0,100.0,nan,,ok
875.736993,13499.0,,offcore_requests.demand_data_rd:u,offcore_requests.demand_data_rd,9272464.0,100.0,nan,,ok
875.736993,107164.0,,resource_stalls.any:u,resource_stalls.any,9272284.0,100.0,nan,,ok
886.134996,3125130.0,,inst_retired.any:u,inst_retired.any,9659471.0,100.0,nan,,ok
886.134996,3587035.0,,cpu_clk_unhalted.thread:u,cpu_clk_unhalted.thread,9659077.0,100.0,nan,,ok
886.134996,472911.0,,br_inst_retired.all_branches:u,br_inst_retired.all_branches,8449633.0,87.0,nan,,ok
886.134996,34930.0,,br_misp_retired.all_branches:u,br_misp_retired.all_branches,7400966.0,76.0,nan,,ok
886.134996,807704.0,,mem_uops_retired.all_loads:u,mem_uops_retired.all_loads,6238188.0,64.0,nan,,ok
886.134996,351140.0,,mem_uops_retired.all_stores:u,mem_uops_retired.all_stores,7591464.0,84.0,nan,,ok
886.134996,34694.0,,longest_lat_cache.reference:u,longest_lat_cache.reference,8953310.0,100.0,nan,,ok
886.134996,2.0,,longest_lat_cache.miss:u,longest_lat_cache.miss,9659589.0,100.0,nan,,ok
886.134996,14196.0,,offcore_requests.demand_data_rd:u,offcore_requests.demand_data_rd,9660161.0,100.0,nan,,ok
886.134996,101135.0,,resource_stalls.any:u,resource_stalls.any,9661039.0,100.0,nan,,ok
896.533429,2617944.0,,inst_retired.any:u,inst_retired.any,8810419.0,100.0,nan,,ok
896.533429,3007392.0,,cpu_clk_unhalted.thread:u,cpu_clk_unhalted.thread,8812361.0,100.0,nan,,ok
896.533429,584157.0,,br_inst_retired.all_branches:u,br_inst_retired.all_branches,8813202.0,100.0,nan,,ok
896.533429,28143.0,,br_misp_retired.all_branches:u,br_misp_retired.all_branches,8814799.0,100.0,nan,,ok
896.533429,675160.0,,mem_uops_retired.all_loads:u,mem_uops_retired.all_loads,8776862.0,99.0,nan,,ok
896.533429,153698.0,,mem_uops_retired.all_stores:u,mem_uops_retired.all_stores,6255922.0,71.0,nan,,ok
896.533429,32459.0,,longest_lat_cache.reference:u,longest_lat_cache.reference,6034176.0,68.0,nan,,ok
896.533429,25.0,,longest_lat_cache.miss:u,longest_lat_cache.miss,6709438.0,85.0,nan,,ok
896.533429,11672.0,,offcore_requests.demand_data_rd:u,offcore_requests.demand_data_rd,7816329.0,88.0,nan,,ok
896.533429,107054.0,,resource_stalls.any:u,resource_stalls.any,8377187.0,100.0,nan,,ok
906.980511,2747412.0,,inst_retired.any:u,inst_retired.any,8708358.0,91.0,nan,,ok
906.980511,3013456.0,,cpu_clk_unhalted.thread:u,cpu_clk_unhalted.thread,8521426.0,100.0,nan,,ok
906.980511,601109.0,,br_inst_retired.all_branches:u,br_inst_retired.all_branches,9465488.0,100.0,nan,,ok
906.980511,30319.0,,br_misp_retired.all_branches:u,br_misp_retired.all_branches,9464151.0,100.0,nan,,ok
906.980511,693051.0,,mem_uops_retired.all_loads:u,mem_uops_retired.all_loads,9469783.0,100.0,nan,,ok
906.980511,277425.0,,mem_uops_retired.all_stores:u,mem_uops_retired.all_stores,9475723.0,100.0,nan,,ok
906.980511,34763.0,,longest_lat_cache.reference:u,longest_lat_cache.reference,9179806.0,96.0,nan,,ok
906.980511,10.0,,longest_lat_cache.miss:u,longest_lat_cache.miss,7369389.0,77.0,nan,,ok
906.980511,14037.0,,offcore_requests.demand_data_rd:u,offcore_requests.demand_data_rd,6097531.0,68.0,nan,,ok
906.980511,92413.0,,resource_stalls.any:u,resource_stalls.any,6764020.0,77.0,nan,,ok
917.410679,4025314.0,,inst_retired.any:u,inst_retired.any,6561334.0,71.0,nan,,ok
917.410679,3997553.0,,cpu_clk_unhalted.thread:u,cpu_clk_unhalted.thread,7710308.0,84.0,nan,,ok
917.410679,772503.0,,br_inst_retired.all_branches:u,br_inst_retired.all_branches,7131715.0,78.0,nan,,ok
917.410679,32163.0,,br_misp_retired.all_branches:u,br_misp_retired.all_branches,8352061.0,100.0,nan,,ok
917.410679,800683.0,,mem_uops_retired.all_loads:u,mem_uops_retired.all_loads,9137288.0,100.0,nan,,ok
917.410679,351946.0,,mem_uops_retired.all_stores:u,mem_uops_retired.all_stores,9136860.0,100.0,nan,,ok
917.410679,33923.0,,longest_lat_cache.reference:u,longest_lat_cache.reference,9136147.0,100.0,nan,,ok
917.410679,5.0,,longest_lat_cache.miss:u,longest_lat_cache.miss,9135375.0,100.0,nan,,ok
917.410679,13020.0,,offcore_requests.demand_data_rd:u,offcore_requests.demand_data_rd,9135700.0,100.0,nan,,ok
917.410679,76870.0,,resource_stalls.any:u,resource_stalls.any,4212101.0,46.0,nan,,ok
927.823029,1598636.0,,inst_retired.any:u,inst_retired.any,6875398.0,74.0,nan,,ok
927.823029,3491350.0,,cpu_clk_unhalted.thread:u,cpu_clk_unhalted.thread,5824937.0,63.0,nan,,ok
927.823029,637591.0,,br_inst_retired.all_branches:u,br_inst_retired.all_branches,6916682.0,82.0,nan,,ok
927.823029,29564.0,,br_misp_retired.all_branches:u,br_misp_retired.all_branches,8168478.0,88.0,nan,,ok
927.823029,694999.0,,mem_uops_retired.all_loads:u,mem_uops_retired.all_loads,9118459.0,100.0,nan,,ok
927.823029,266249.0,,mem_uops_retired.all_stores:u,mem_uops_retired.all_stores,9199099.0,100.0,nan,,ok
927.823029,30842.0,,longest_lat_cache.reference:u,longest_lat_cache.reference,9198449.0,100.0,nan,,ok
927.823029,16.0,,longest_lat_cache.miss:u,longest_lat_cache.miss,9199876.0,100.0,nan,,ok
927.823029,12277.0,,offcore_requests.demand_data_rd:u,offcore_requests.demand_data_rd,9199479.0,100.0,nan,,ok
927.823029,92951.0,,resource_stalls.any:u,resource_stalls.any,6810038.0,74.0,nan,,ok
938.2782910000001,2684808.0,,inst_retired.any:u,inst_retired.any,8649168.0,88.0,nan,,ok
938.2782910000001,3725917.0,,cpu_clk_unhalted.thread:u,cpu_clk_unhalted.thread,7441291.0,76.0,nan,,ok
938.2782910000001,756801.0,,br_inst_retired.all_branches:u,br_inst_retired.all_branches,6813236.0,70.0,nan,,ok
938.2782910000001,36405.0,,br_misp_retired.all_branches:u,br_misp_retired.all_branches,7073229.0,78.0,nan,,ok
938.2782910000001,837811.0,,mem_uops_retired.all_loads:u,mem_uops_retired.all_loads,8871524.0,100.0,nan,,ok
938.2782910000001,377658.0,,mem_uops_retired.all_stores:u,mem_uops_retired.all_stores,9705002.0,100.0,nan,,ok
938.2782910000001,39826.0,,longest_lat_cache.reference:u,longest_lat_cache.reference,9706007.0,100.0,nan,,ok
938.2782910000001,7.0,,longest_lat_cache.miss:u,longest_lat_cache.miss,9705832.0,100.0,nan,,ok
938.2782910000001,15541.0,,offcore_requests.demand_data_rd:u,offcore_requests.demand_data_rd,9706682.0,100.0,nan,,ok
938.2782910000001,112093.0,,resource_stalls.any:u,resource_stalls.any,8627285.0,88.0,nan,,ok
948.708385,2616532.0,,inst_retired.any:u,inst_retired.any,8743003.0,100.0,nan,,ok
948.708385,3079147.0,,cpu_clk_unhalted.thread:u,cpu_clk_unhalted.thread,8741741.0,100.0,nan,,ok
948.708385,625054.0,,br_inst_retired.all_branches:u,br_inst_retired.all_branches,8153589.0,93.0,nan,,ok
948.708385,26808.0,,br_misp_retired.all_branches:u,br_misp_retired.all_branches,7236689.0,82.0,nan,,ok
948.708385,494126.0,,mem_uops_retired.all_loads:u,mem_uops_retired.all_loads,6725337.0,76.0,nan,,ok
948.708385,265109.0,,mem_uops_retired.all_stores:u,mem_uops_retired.all_stores,5931149.0,75.0,nan,,ok
948.708385,32945.0,,longest_lat_cache.reference:u,longest_lat_cache.reference,8319248.0,95.0,nan,,ok
948.708385,4.0,,longest_lat_cache.miss:u,longest_lat_cache.miss,7810194.0,89.0,nan,,ok
948.708385,11807.0,,offcore_requests.demand_data_rd:u,offcore_requests.demand_data_rd,8258008.0,100.0,nan,,ok
948.708385,96462.0,,resource_stalls.any:u,resource_stalls.any,8739913.0,100.0,nan,,ok
959.156187,2792898.0,,inst_retired.any:u,inst_retired.any,9243765.0,96.0,nan,,ok
959.156187,3256639.0,,cpu_clk_unhalted.thread:u,cpu_clk_unhalted.thread,9563357.0,100.0,nan,,ok
959.156187,612300.0,,br_inst_retired.all_branches:u,br_inst_retired.all_branches,9563942.0,100.0,nan,,ok
959.156187,30829.0,,br_misp_retired.all_branches:u,br_misp_retired.all_branches,9565007.0,100.0,nan,,ok
959.156187,715769.0,,mem_uops_retired.all_loads:u,mem_uops_retired.all_loads,9564762.0,100.0,nan,,ok
959.156187,271956.0,,mem_uops_retired.all_stores:u,mem_uops_retired.all_stores,9197331.0,96.0,nan,,ok
959.156187,35449.0,,longest_lat_cache.reference:u,longest_lat_cache.reference,6782529.0,70.0,nan,,ok
959.156187,14.0,,longest_lat_cache.miss:u,longest_lat_cache.miss,6152459.0,69.0,nan,,ok
959.156187,13466.0,,offcore_requests.demand_data_rd:u,offcore_requests.demand_data_rd,7675965.0,87.0,nan,,ok
959.156187,115370.0,,resource_stalls.any:u,resource_stalls.any,8430614.0,88.0,nan,,ok
969.582927,3327565.0,,inst_retired.any:u,inst_retired.any,6470780.0,71.0,nan,,ok
969.582927,3169215.0,,cpu_clk_unhalted.thread:u,cpu_clk_unhalted.thread,8153705.0,100.0,nan,,ok
969.582927,670260.0,,br_inst_retired.all_branches:u,br_inst_retired.all_branches,9068038.0,100.0,nan,,ok
969.582927,30948.0,,br_misp_retired.all_branches:u,br_misp_retired.all_branches,9061218.0,100.0,nan,,ok
969.582927,751856.0,,mem_uops_retired.all_loads:u,mem_uops_retired.all_loads,9055810.0,100.0,nan,,ok
969.582927,323171.0,,mem_uops_retired.all_stores:u,mem_uops_retired.all_stores,9050158.0,100.0,nan,,ok
969.582927,33560.0,,longest_lat_cache.reference:u,longest_lat_cache.reference,9044590.0,100.0,nan,,ok
969.582927,1.0,,longest_lat_cache.miss:u,longest_lat_cache.miss,7088764.0,78.0,nan,,ok
969.582927,13514.0,,offcore_requests.demand_data_rd:u,offcore_requests.demand_data_rd,6903608.0,76.0,nan,,ok
969.582927,106689.0,,resource_stalls.any:u,resource_stalls.any,4999791.0,55.0,nan,,ok
979.995387,4110655.0,,inst_retired.any:u,inst_retired.any,5954324.0,64.0,nan,,ok
979.995387,3450535.0,,cpu_clk_unhalted.thread:u,cpu_clk_unhalted.thread,7442244.0,89.0,nan,,ok
979.995387,738278.0,,br_inst_retired.all_branches:u,br_inst_retired.all_branches,8298980.0,89.0,nan,,ok
979.995387,31246.0,,br_misp_retired.all_branches:u,br_misp_retired.all_branches,8923854.0,100.0,nan,,ok
979.995387,791264.0,,mem_uops_retired.all_loads:u,mem_uops_retired.all_loads,9312306.0,100.0,nan,,ok
979.995387,319487.0,,mem_uops_retired.all_stores:u,mem_uops_retired.all_stores,9318276.0,100.0,nan,,ok
979.995387,35197.0,,longest_lat_cache.reference:u,longest_lat_cache.reference,9324084.0,100.0,nan,,ok
979.995387,18.0,,longest_lat_cache.miss:u,longest_lat_cache.miss,9330214.0,100.0,nan,,ok
979.995387,13597.0,,offcore_requests.demand_data_rd:u,offcore_requests.demand_data_rd,9154193.0,98.0,nan,,ok
979.995387,89901.0,,resource_stalls.any:u,resource_stalls.any,3465034.0,37.0,nan,,ok
990.4247750000001,2701331.0,,inst_retired.any:u,inst_retired.any,9193190.0,96.0,nan,,ok
990.4247750000001,3372959.0,,cpu_clk_unhalted.thread:u,cpu_clk_unhalted.thread,7811230.0,81.0,nan,,ok
990.4247750000001,509725.0,,br_inst_retired.all_branches:u,br_inst_retired.all_branches,5838091.0,61.0,nan,,ok
990.4247750000001,30084.0,,br_misp_retired.all_branches:u,br_misp_retired.all_branches,7219356.0,87.0,nan,,ok
990.4247750000001,739493.0,,mem_uops_retired.all_loads:u,mem_uops_retired.all_loads,8807422.0,92.0,nan,,ok
990.4247750000001,300348.0,,mem_uops_retired.all_stores:u,mem_uops_retired.all_stores,8944468.0,93.0,nan,,ok
990.4247750000001,34517.0,,longest_lat_cache.reference:u,longest_lat_cache.reference,9566182.0,100.0,nan,,ok
990.4247750000001,7.0,,longest_lat_cache.miss:u,longest_lat_cache.miss,9566410.0,100.0,nan,,ok
990.4247750000001,13641.0,,offcore_requests.demand_data_rd:u,offcore_requests.demand_data_rd,9565645.0,100.0,nan,,ok
990.4247750000001,107142.0,,resource_stalls.any:u,resource_stalls.any,9192222.0,96.0,nan,,ok
1000.867583,2296023.0,,inst_retired.any:u,inst_retired.any,7357842.0,100.0,nan,,ok
1000.867583,2663502.0,,cpu_clk_unhalted.thread:u,cpu_clk_unhalted.thread,7358462.0,100.0,nan,,ok
1000.867583,281497.0,,br_inst_retired.all_branches:u,br_inst_retired.all_branches,5808433.0,78.0,nan,,ok
1000.867583,28070.0,,br_misp_retired.all_branches:u,br_misp_retired.all_branches,5358806.0,72.0,nan,,ok
1000.867583,675908.0,,mem_uops_retired.all_loads:u,mem_uops_retired.all_loads,5274712.0,71.0,nan,,ok
1000.867583,243896.0,,mem_uops_retired.all_stores:u,mem_uops_retired.all_stores,5946927.0,84.0,nan,,ok
1000.867583,26330.0,,longest_lat_cache.reference:u,longest_lat_cache.reference,7049887.0,100.0,nan,,ok
1000.867583,6.0,,longest_lat_cache.miss:u,longest_lat_cache.miss,7359437.0,100.0,nan,,ok
1000.867583,10903.0,,offcore_requests.demand_data_rd:u,offcore_requests.demand_data_rd,7359962.0,100.0,nan,,ok
1000.867583,85991.0,,resource_stalls.any:u,resource_stalls.any,7360324.0,100.0,nan,,ok
1011.3097179999999,2877835.0,,inst_retired.any:u,inst_retired.any,8710849.0,89.0,nan,,ok
1011.3097179999999,3161564.0,,cpu_clk_unhalted.thread:u,cpu_clk_unhalted.thread,9239387.0,100.0,nan,,ok
1011.3097179999999,638841.0,,br_inst_retired.all_branches:u,br_inst_retired.all_branches,9695670.0,100.0,nan,,ok
1011.3097179999999,25414.0,,br_misp_retired.all_branches:u,br_misp_retired.all_branches,9048434.0,93.0,nan,,ok
1011.3097179999999,764551.0,,mem_uops_retired.all_loads:u,mem_uops_retired.all_loads,8434042.0,89.0,nan,,ok
1011.3097179999999,314487.0,,mem_uops_retired.all_stores:u,mem_uops_retired.all_stores,7085535.0,73.0,nan,,ok
1011.3097179999999,35461.0,,longest_lat_cache.reference:u,longest_lat_cache.reference,8658977.0,92.0,nan,,ok
1011.3097179999999,22.0,,longest_lat_cache.miss:u,longest_lat_cache.miss,8682966.0,89.0,nan,,ok
1011.3097179999999,14124.0,,offcore_requests.demand_data_rd:u,offcore_requests.demand_data_rd,8661048.0,89.0,nan,,ok
1011.3097179999999,100051.0,,resource_stalls.any:u,resource_stalls.any,7917404.0,82.0,nan,,ok
1021.713571,3311509.0,,inst_retired.any:u,inst_retired.any,6988075.0,78.0,nan,,ok
1021.713571,3938960.0,,cpu_clk_unhalted.thread:u,cpu_clk_unhalted.thread,9003742.0,92.0,nan,,ok
1021.713571,772795.0,,br_inst_retired.all_branches:u,br_inst_retired.all_branches,8748917.0,89.0,nan,,ok
1021.713571,34263.0,,br_misp_retired.all_branches:u,br_misp_retired.all_branches,9217706.0,100.0,nan,,ok
1021.713571,833021.0,,mem_uops_retired.all_loads:u,mem_uops_retired.all_loads,9758694.0,100.0,nan,,ok
1021.713571,370924.0,,mem_uops_retired.all_stores:u,mem_uops_retired.all_stores,9764527.0,100.0,nan,,ok
1021.713571,37654.0,,longest_lat_cache.reference:u,longest_lat_cache.reference,9770722.0,100.0,nan,,ok
1021.713571,8.0,,longest_lat_cache.miss:u,longest_lat_cache.miss,9280782.0,94.0,nan,,ok
1021.713571,14922.0,,offcore_requests.demand_data_rd:u,offcore_requests.demand_data_rd,8692249.0,88.0,nan,,ok
1021.713571,65899.0,,resource_stalls.any:u,resource_stalls.any,3858033.0,43.0,nan,,ok
1032.16706,1559238.0,,inst_retired.any:u,inst_retired.any,5864069.0,95.0,nan,,ok
1032.16706,2112225.0,,cpu_clk_unhalted.thread:u,cpu_clk_unhalted.thread,4305347.0,71.0,nan,,ok
1032.16706,234843.0,,br_inst_retired.all_branches:u,br_inst_retired.all_branches,3927332.0,63.0,nan,,ok
1032.16706,20465.0,,br_misp_retired.all_branches:u,br_misp_retired.all_branches,5164188.0,83.0,nan,,ok
1032.16706,421407.0,,mem_uops_retired.all_loads:u,mem_uops_retired.all_loads,5732181.0,93.0,nan,,ok
1032.16706,148567.0,,mem_uops_retired.all_stores:u,mem_uops_retired.all_stores,5792278.0,94.0,nan,,ok
1032.16706,22468.0,,longest_lat_cache.reference:u,longest_lat_cache.reference,6161618.0,100.0,nan,,ok
1032.16706,20.0,,longest_lat_cache.miss:u,longest_lat_cache.miss,6160806.0,100.0,nan,,ok
1032.16706,9450.0,,offcore_requests.demand_data_rd:u,offcore_requests.demand_data_rd,6159293.0,100.0,nan,,ok
1032.16706,81837.0,,resource_stalls.any:u,resource_stalls.any,5918586.0,96.0,nan,,ok
1042.6002210000001,2972741.0,,inst_retired.any:u,inst_retired.any,9706332.0,100.0,nan,,ok
1042.6002210000001,3350446.0,,cpu_clk_unhalted.thread:u,cpu_clk_unhalted.thread,9705435.0,100.0,nan,,ok
1042.6002210000001,575655.0,,br_inst_retired.all_branches:u,br_inst_retired.all_branches,9247010.0,95.0,nan,,ok
1042.6002210000001,25264.0,,br_misp_retired.all_branches:u,br_misp_retired.all_branches,7704140.0,79.0,nan,,ok
1042.6002210000001,788048.0,,mem_uops_retired.all_loads:u,mem_uops_retired.all_loads,7706554.0,79.0,nan,,ok
1042.6002210000001,338845.0,,mem_uops_retired.all_stores:u,mem_uops_retired.all_stores,7615699.0,78.0,nan,,ok
1042.6002210000001,35602.0,,longest_lat_cache.reference:u,longest_lat_cache.reference,7211235.0,78.0,nan,,ok
1042.6002210000001,15.0,,longest_lat_cache.miss:u,longest_lat_cache.miss,9048778.0,100.0,nan,,ok
1042.6002210000001,14315.0,,offcore_requests.demand_data_rd:u,offcore_requests.demand_data_rd,9705488.0,100.0,nan,,ok
1042.6002210000001,99232.0,,resource_stalls.any:u,resource_stalls.any,9704790.0,100.0,nan,,ok
1053.049332,3382492.0,,inst_retired.any:u,inst_retired.any,9742321.0,100.0,nan,,ok
1053.049332,3729939.0,,cpu_clk_unhalted.thread:u,cpu_clk_unhalted.thread,9742608.0,100.0,nan,,ok
1053.049332,740765.0,,br_inst_retired.all_branches:u,br_inst_retired.all_branches,9742550.0,100.0,nan,,ok
1053.049332,32197.0,,br_misp_retired.all_branches:u,br_misp_retired.all_branches,9535025.0,97.0,nan,,ok
1053.049332,890413.0,,mem_uops_retired.all_loads:u,mem_uops_retired.all_loads,8495550.0,87.0,nan,,ok
1053.049332,235024.0,,mem_uops_retired.all_stores:u,mem_uops_retired.all_stores,6173547.0,63.0,nan,,ok
1053.049332,34287.0,,longest_lat_cache.reference:u,longest_lat_cache.reference,7041246.0,77.0,nan,,ok
1053.049332,8.0,,longest_lat_cache.miss:u,longest_lat_cache.miss,8719609.0,89.0,nan,,ok
1053.049332,13887.0,,offcore_requests.demand_data_rd:u,offcore_requests.demand_data_rd,8854488.0,90.0,nan,,ok
1053.049332,114599.0,,resource_stalls.any:u,resource_stalls.any,9627613.0,100.0,nan,,ok
1063.478817,1371899.0,,inst_retired.any:u,inst_retired.any,5537437.0,100.0,nan,,ok
1063.478817,1755078.0,,cpu_clk_unhalted.thread:u,cpu_clk_unhalted.thread,5537568.0,100.0,nan,,ok
1063.478817,299585.0,,br_inst_retired.all_branches:u,br_inst_retired.all_branches,5537215.0,100.0,nan,,ok
1063.478817,17243.0,,br_misp_retired.all_branches:u,br_misp_retired.all_branches,5536593.0,100.0,nan,,ok
1063.478817,356588.0,,mem_uops_retired.all_loads:u,mem_uops_retired.all_loads,5536507.0,100.0,nan,,ok
1063.478817,127329.0,,mem_uops_retired.all_stores:u,mem_uops_retired.all_stores,5112887.0,92.0,nan,,ok
1063.478817,20058.0,,longest_lat_cache.reference:u,longest_lat_cache.reference,4508775.0,81.0,nan,,ok
1063.478817,12.0,,longest_lat_cache.miss:u,longest_lat_cache.miss,4056579.0,73.0,nan,,ok
1063.478817,8342.0,,offcore_requests.demand_data_rd:u,offcore_requests.demand_data_rd,4121591.0,74.0,nan,,ok
1063.478817,56990.0,,resource_stalls.any:u,resource_stalls.any,4336437.0,86.0,nan,,ok
1073.906544,5350787.0,,inst_retired.any:u,inst_retired.any,8844588.0,100.0,nan,,ok
1073.906544,5890328.0,,cpu_clk_unhalted.thread:u,cpu_clk_unhalted.thread,9639914.0,100.0,nan,,ok
1073.906544,1212409.0,,br_inst_retired.all_branches:u,br_inst_retired.all_branches,9639573.0,100.0,nan,,ok
1073.906544,54187.0,,br_misp_retired.all_branches:u,br_misp_retired.all_branches,9639053.0,100.0,nan,,ok
1073.906544,1350820.0,,mem_uops_retired.all_loads:u,mem_uops_retired.all_loads,9637799.0,100.0,nan,,ok
1073.906544,566563.0,,mem_uops_retired.all_stores:u,mem_uops_retired.all_stores,9637158.0,100.0,nan,,ok
1073.906544,58600.0,,longest_lat_cache.reference:u,longest_lat_cache.reference,9374262.0,97.0,nan,,ok
1073.906544,19.0,,longest_lat_cache.miss:u,longest_lat_cache.miss,6463494.0,67.0,nan,,ok
1073.906544,22509.0,,offcore_requests.demand_data_rd:u,offcore_requests.demand_data_rd,6073897.0,63.0,nan,,ok
1073.906544,192208.0,,resource_stalls.any:u,resource_stalls.any,6996651.0,84.0,nan,,ok
1084.326988,3989703.0,,inst_retired.any:u,inst_retired.any,6167618.0,100.0,nan,,ok
1084.326988,4567219.0,,cpu_clk_unhalted.thread:u,cpu_clk_unhalted.thread,6167662.0,100.0,nan,,ok
1084.326988,893643.0,,br_inst_retired.all_branches:u,br_inst_retired.all_branches,6167664.0,100.0,nan,,ok
1084.326988,43375.0,,br_misp_retired.all_branches:u,br_misp_retired.all_branches,6167601.0,100.0,nan,,ok
1084.326988,995893.0,,mem_uops_retired.all_loads:u,mem_uops_retired.all_loads,6166861.0,100.0,nan,,ok
1084.326988,402351.0,,mem_uops_retired.all_stores:u,mem_uops_retired.all_stores,6166948.0,100.0,nan,,ok
1084.326988,48471.0,,longest_lat_cache.reference:u,longest_lat_cache.reference,6166646.0,100.0,nan,,ok
1084.326988,90.0,,longest_lat_cache.miss:u,longest_lat_cache.miss,4272817.0,69.0,nan,,ok
1084.326988,21368.0,,offcore_requests.demand_data_rd:u,offcore_requests.demand_data_rd,3969699.0,64.0,nan,,ok
1084.326988,119870.0,,resource_stalls.any:u,resource_stalls.any,4090363.0,88.0,nan,,ok
1094.748638,3330946.0,,inst_retired.any:u,inst_retired.any,3889109.0,97.0,nan,,ok
1094.748638,5063224.0,,cpu_clk_unhalted.thread:u,cpu_clk_unhalted.thread,5397447.0,83.0,nan,,ok
1094.748638,873617.0,,br_inst_retired.all_branches:u,br_inst_retired.all_branches,5192068.0,90.0,nan,,ok
1094.748638,48701.0,,br_misp_retired.all_branches:u,br_misp_retired.all_branches,6453804.0,100.0,nan,,ok
1094.748638,1147704.0,,mem_uops_retired.all_loads:u,mem_uops_retired.all_loads,6454253.0,100.0,nan,,ok
1094.748638,501245.0,,mem_uops_retired.all_stores:u,mem_uops_retired.all_stores,6455681.0,100.0,nan,,ok
1094.748638,51628.0,,longest_lat_cache.reference:u,longest_lat_cache.reference,6456007.0,100.0,nan,,ok
1094.748638,29.0,,longest_lat_cache.miss:u,longest_lat_cache.miss,6455892.0,100.0,nan,,ok
1094.748638,19506.0,,offcore_requests.demand_data_rd:u,offcore_requests.demand_data_rd,6184270.0,95.0,nan,,ok
1094.748638,116423.0,,resource_stalls.any:u,resource_stalls.any,2627749.0,54.0,nan,,ok
1105.197977,6051858.0,,inst_retired.any:u,inst_retired.any,9244707.0,100.0,nan,,ok
1105.197977,6901889.0,,cpu_clk_unhalted.thread:u,cpu_clk_unhalted.thread,9244033.0,100.0,nan,,ok
1105.197977,1374582.0,,br_inst_retired.all_branches:u,br_inst_retired.all_branches,9090891.0,98.0,nan,,ok
1105.197977,40426.0,,br_misp_retired.all_branches:u,br_misp_retired.all_branches,3918332.0,46.0,nan,,ok
1105.197977,1649384.0,,mem_uops_retired.all_loads:u,mem_uops_retired.all_loads,5766569.0,68.0,nan,,ok
1105.197977,624178.0,,mem_uops_retired.all_stores:u,mem_uops_retired.all_stores,8948455.0,99.0,nan,,ok
1105.197977,69063.0,,longest_lat_cache.reference:u,longest_lat_cache.reference,9241470.0,100.0,nan,,ok
1105.197977,49.0,,longest_lat_cache.miss:u,longest_lat_cache.miss,9242196.0,100.0,nan,,ok
1105.197977,27411.0,,offcore_requests.demand_data_rd:u,offcore_requests.demand_data_rd,9242135.0,100.0,nan,,ok
1105.197977,227032.0,,resource_stalls.any:u,resource_stalls.any,9241390.0,100.0,nan,,ok
1115.618397,6002029.0,,inst_retired.any:u,inst_retired.any,8664105.0,100.0,nan,,ok
1115.618397,6634689.0,,cpu_clk_unhalted.thread:u,cpu_clk_unhalted.thread,8664736.0,100.0,nan,,ok
1115.618397,1327434.0,,br_inst_retired.all_branches:u,br_inst_retired.all_branches,8665300.0,100.0,nan,,ok
1115.618397,43844.0,,br_misp_retired.all_branches:u,br_misp_retired.all_branches,5123192.0,59.0,nan,,ok
1115.618397,1787391.0,,mem_uops_retired.all_loads:u,mem_uops_retired.all_loads,4969405.0,57.0,nan,,ok
1115.618397,570240.0,,mem_uops_retired.all_stores:u,mem_uops_retired.all_stores,7235244.0,100.0,nan,,ok
1115.618397,63155.0,,longest_lat_cache.reference:u,longest_lat_cache.reference,8666069.0,100.0,nan,,ok
1115.618397,48.0,,longest_lat_cache.miss:u,longest_lat_cache.miss,8665765.0,100.0,nan,,ok
1115.618397,25132.0,,offcore_requests.demand_data_rd:u,offcore_requests.demand_data_rd,8665497.0,100.0,nan,,ok
1115.618397,211124.0,,resource_stalls.any:u,resource_stalls.any,8665787.0,100.0,nan,,ok
1126.058215,6190422.0,,inst_retired.any:u,inst_retired.any,9139243.0,100.0,nan,,ok
1126.058215,7090492.0,,cpu_clk_unhalted.thread:u,cpu_clk_unhalted.thread,9139225.0,100.0,nan,,ok
1126.058215,1352826.0,,br_inst_retired.all_branches:u,br_inst_retired.all_branches,9139037.0,100.0,nan,,ok
1126.058215,45048.0,,br_misp_retired.all_branches:u,br_misp_retired.all_branches,6543774.0,71.0,nan,,ok
1126.058215,1959312.0,,mem_uops_retired.all_loads:u,mem_uops_retired.all_loads,5285078.0,57.0,nan,,ok
1126.058215,546963.0,,mem_uops_retired.all_stores:u,mem_uops_retired.all_stores,6450227.0,100.0,nan,,ok
1126.058215,69718.0,,longest_lat_cache.reference:u,longest_lat_cache.reference,9140758.0,100.0,nan,,ok
1126.058215,19.0,,longest_lat_cache.miss:u,longest_lat_cache.miss,9140746.0,100.0,nan,,ok
1126.058215,27908.0,,offcore_requests.demand_data_rd:u,offcore_requests.demand_data_rd,9141137.0,100.0,nan,,ok
1126.058215,227167.0,,resource_stalls.any:u,resource_stalls.any,9141536.0,100.0,nan,,ok
1136.492873,6695614.0,,inst_retired.any:u,inst_retired.any,9158685.0,100.0,nan,,ok
1136.492873,7278326.0,,cpu_clk_unhalted.thread:u,cpu_clk_unhalted.thread,9158937.0,100.0,nan,,ok
1136.492873,1494240.0,,br_inst_retired.all_branches:u,br_inst_retired.all_branches,9159446.0,100.0,nan,,ok
1136.492873,62085.0,,br_misp_retired.all_branches:u,br_misp_retired.all_branches,8888163.0,97.0,nan,,ok
1136.492873,1602240.0,,mem_uops_retired.all_loads:u,mem_uops_retired.all_loads,7079201.0,83.0,nan,,ok
1136.492873,647653.0,,mem_uops_retired.all_stores:u,mem_uops_retired.all_stores,6734039.0,86.0,nan,,ok
1136.492873,65757.0,,longest_lat_cache.reference:u,longest_lat_cache.reference,7324022.0,86.0,nan,,ok
1136.492873,26.0,,longest_lat_cache.miss:u,longest_lat_cache.miss,8031835.0,87.0,nan,,ok
1136.492873,25996.0,,offcore_requests.demand_data_rd:u,offcore_requests.demand_data_rd,7719935.0,91.0,nan,,ok
1136.492873,237404.0,,resource_stalls.any:u,resource_stalls.any,9158972.0,100.0,nan,,ok
1146.9177100000002,3697131.0,,inst_retired.any:u,inst_retired.any,4469569.0,62.0,nan,,ok
1146.9177100000002,7168271.0,,cpu_clk_unhalted.thread:u,cpu_clk_unhalted.thread,5990488.0,69.0,nan,,ok
1146.9177100000002,1267636.0,,br_inst_retired.all_branches:u,br_inst_retired.all_branches,8342419.0,100.0,nan,,ok
1146.9177100000002,57767.0,,br_misp_retired.all_branches:u,br_misp_retired.all_branches,8594755.0,100.0,nan,,ok
1146.9177100000002,1422169.0,,mem_uops_retired.all_loads:u,mem_uops_retired.all_loads,8589552.0,100.0,nan,,ok
1146.9177100000002,560772.0,,mem_uops_retired.all_stores:u,mem_uops_retired.all_stores,8584089.0,100.0,nan,,ok
1146.9177100000002,64468.0,,longest_lat_cache.reference:u,longest_lat_cache.reference,8592717.0,100.0,nan,,ok
1146.9177100000002,41.0,,longest_lat_cache.miss:u,longest_lat_cache.miss,8593293.0,100.0,nan,,ok
1146.9177100000002,23685.0,,offcore_requests.demand_data_rd:u,offcore_requests.demand_data_rd,7484551.0,95.0,nan,,ok
1146.9177100000002,143294.0,,resource_stalls.any:u,resource_stalls.any,3976525.0,50.0,nan,,ok
1157.336211,3596656.0,,inst_retired.any:u,inst_retired.any,4764098.0,54.0,nan,,ok
1157.336211,8351257.0,,cpu_clk_unhalted.thread:u,cpu_clk_unhalted.thread,5172710.0,58.0,nan,,ok
1157.336211,1386071.0,,br_inst_retired.all_branches:u,br_inst_retired.all_branches,7656461.0,99.0,nan,,ok
1157.336211,62780.0,,br_misp_retired.all_branches:u,br_misp_retired.all_branches,8807797.0,100.0,nan,,ok
1157.336211,1596969.0,,mem_uops_retired.all_loads:u,mem_uops_retired.all_loads,8812693.0,100.0,nan,,ok
1157.336211,668796.0,,mem_uops_retired.all_stores:u,mem_uops_retired.all_stores,8818024.0,100.0,nan,,ok
1157.336211,65944.0,,longest_lat_cache.reference:u,longest_lat_cache.reference,8809258.0,100.0,nan,,ok
1157.336211,18.0,,longest_lat_cache.miss:u,longest_lat_cache.miss,8807752.0,100.0,nan,,ok
1157.336211,25971.0,,offcore_requests.demand_data_rd:u,offcore_requests.demand_data_rd,8809513.0,100.0,nan,,ok
1157.336211,218990.0,,resource_stalls.any:u,resource_stalls.any,4807802.0,54.0,nan,,ok
1167.761442,3932114.0,,inst_retired.any:u,inst_retired.any,7438488.0,85.0,nan,,ok
1167.761442,6957575.0,,cpu_clk_unhalted.thread:u,cpu_clk_unhalted.thread,4976344.0,57.0,nan,,ok
1167.761442,1107702.0,,br_inst_retired.all_branches:u,br_inst_retired.all_branches,5643789.0,90.0,nan,,ok
1167.761442,55867.0,,br_misp_retired.all_branches:u,br_misp_retired.all_branches,7904945.0,99.0,nan,,ok
1167.761442,1451460.0,,mem_uops_retired.all_loads:u,mem_uops_retired.all_loads,8653607.0,100.0,nan,,ok
1167.761442,610081.0,,mem_uops_retired.all_stores:u,mem_uops_retired.all_stores,8653400.0,100.0,nan,,ok
1167.761442,67428.0,,longest_lat_cache.reference:u,longest_lat_cache.reference,8653709.0,100.0,nan,,ok
1167.761442,26.0,,longest_lat_cache.miss:u,longest_lat_cache.miss,8653279.0,100.0,nan,,ok
1167.761442,26973.0,,offcore_requests.demand_data_rd:u,offcore_requests.demand_data_rd,8651823.0,100.0,nan,,ok
1167.761442,210592.0,,resource_stalls.any:u,resource_stalls.any,7439689.0,85.0,nan,,ok
1178.20134,7079762.0,,inst_retired.any:u,inst_retired.any,9429999.0,100.0,nan,,ok
1178.20134,7535644.0,,cpu_clk_unhalted.thread:u,cpu_clk_unhalted.thread,9359800.0,99.0,nan,,ok
1178.20134,1458778.0,,br_inst_retired.all_branches:u,br_inst_retired.all_branches,7624483.0,87.0,nan,,ok
1178.20134,67019.0,,br_misp_retired.all_branches:u,br_misp_retired.all_branches,8327722.0,88.0,nan,,ok
1178.20134,1574671.0,,mem_uops_retired.all_loads:u,mem_uops_retired.all_loads,6802484.0,85.0,nan,,ok
1178.20134,602682.0,,mem_uops_retired.all_stores:u,mem_uops_retired.all_stores,7246257.0,77.0,nan,,ok
1178.20134,66986.0,,longest_lat_cache.reference:u,longest_lat_cache.reference,7704610.0,88.0,nan,,ok
1178.20134,19.0,,longest_lat_cache.miss:u,longest_lat_cache.miss,9377146.0,100.0,nan,,ok
1178.20134,28731.0,,offcore_requests.demand_data_rd:u,offcore_requests.demand_data_rd,9389815.0,100.0,nan,,ok
1178.20134,242585.0,,resource_stalls.any:u,resource_stalls.any,9385094.0,100.0,nan,,ok
1188.597753,6254857.0,,inst_retired.any:u,inst_retired.any,8782248.0,100.0,nan,,ok
1188.597753,6684495.0,,cpu_clk_unhalted.thread:u,cpu_clk_unhalted.thread,8782248.0,100.0,nan,,ok
1188.597753,1408258.0,,br_inst_retired.all_branches:u,br_inst_retired.all_branches,8782248.0,100.0,nan,,ok
1188.597753,58211.0,,br_misp_retired.all_branches:u,br_misp_retired.all_branches,8782248.0,100.0,nan,,ok
1188.597753,1538247.0,,mem_uops_retired.all_loads:u,mem_uops_retired.all_loads,8782248.0,100.0,nan,,ok
1188.597753,594163.0,,mem_uops_retired.all_stores:u,mem_uops_retired.all_stores,8581332.0,97.0,nan,,ok
1188.597753,56398.0,,longest_lat_cache.reference:u,longest_lat_cache.reference,4453098.0,50.0,nan,,ok
1188.597753,110.0,,longest_lat_cache.miss:u,longest_lat_cache.miss,5527419.0,63.0,nan,,ok
1188.597753,23545.0,,offcore_requests.demand_data_rd:u,offcore_requests.demand_data_rd,7784895.0,100.0,nan,,ok
1188.597753,226645.0,,resource_stalls.any:u,resource_stalls.any,8782248.0,100.0,nan,,ok
1199.019633,6450642.0,,inst_retired.any:u,inst_retired.any,8739254.0,100.0,nan,,ok
1199.019633,6983495.0,,cpu_clk_unhalted.thread:u,cpu_clk_unhalted.thread,8746559.0,100.0,nan,,ok
1199.019633,1447193.0,,br_inst_retired.all_branches:u,br_inst_retired.all_branches,8751255.0,100.0,nan,,ok
1199.019633,63171.0,,br_misp_retired.all_branches:u,br_misp_retired.all_branches,8755923.0,100.0,nan,,ok
1199.019633,1582873.0,,mem_uops_retired.all_loads:u,mem_uops_retired.all_loads,8760708.0,100.0,nan,,ok
1199.019633,658906.0,,mem_uops_retired.all_stores:u,mem_uops_retired.all_stores,8765437.0,100.0,nan,,ok
1199.019633,66087.0,,longest_lat_cache.reference:u,longest_lat_cache.reference,7512974.0,85.0,nan,,ok
1199.019633,22.0,,longest_lat_cache.miss:u,longest_lat_cache.miss,4632938.0,63.0,nan,,ok
1199.019633,23802.0,,offcore_requests.demand_data_rd:u,offcore_requests.demand_data_rd,6394424.0,85.0,nan,,ok
1199.019633,208047.0,,resource_stalls.any:u,resource_stalls.any,7785857.0,96.0,nan,,ok
1209.4350439999998,7218267.0,,inst_retired.any:u,inst_retired.any,5355460.0,63.0,nan,,ok
1209.4350439999998,6538907.0,,cpu_clk_unhalted.thread:u,cpu_clk_unhalted.thread,8339954.0,100.0,nan,,ok
1209.4350439999998,1330015.0,,br_inst_retired.all_branches:u,br_inst_retired.all_branches,8583326.0,100.0,nan,,ok
1209.4350439999998,58083.0,,br_misp_retired.all_branches:u,br_misp_retired.all_branches,8583534.0,100.0,nan,,ok
1209.4350439999998,1476618.0,,mem_uops_retired.all_loads:u,mem_uops_retired.all_loads,8583540.0,100.0,nan,,ok
1209.4350439999998,603375.0,,mem_uops_retired.all_stores:u,mem_uops_retired.all_stores,8584036.0,100.0,nan,,ok
1209.4350439999998,62489.0,,longest_lat_cache.reference:u,longest_lat_cache.reference,8583801.0,100.0,nan,,ok
1209.4350439999998,16.0,,longest_lat_cache.miss:u,longest_lat_cache.miss,8584357.0,100.0,nan,,ok
1209.4350439999998,24996.0,,offcore_requests.demand_data_rd:u,offcore_requests.demand_data_rd,8594841.0,100.0,nan,,ok
1209.4350439999998,3973.0,,resource_stalls.any:u,resource_stalls.any,242474.0,2.0,nan,,ok
1219.867651,8994222.0,,inst_retired.any:u,inst_retired.any,5257039.0,57.0,nan,,ok
1219.867651,6243570.0,,cpu_clk_unhalted.thread:u,cpu_clk_unhalted.thread,6951668.0,99.0,nan,,ok
1219.867651,1505560.0,,br_inst_retired.all_branches:u,br_inst_retired.all_branches,9143277.0,100.0,nan,,ok
1219.867651,65065.0,,br_misp_retired.all_branches:u,br_misp_retired.all_branches,9143413.0,100.0,nan,,ok
1219.867651,1665161.0,,mem_uops_retired.all_loads:u,mem_uops_retired.all_loads,9143408.0,100.0,nan,,ok
1219.867651,703761.0,,mem_uops_retired.all_stores:u,mem_uops_retired.all_stores,9144192.0,100.0,nan,,ok
1219.867651,71853.0,,longest_lat_cache.reference:u,longest_lat_cache.reference,9144204.0,100.0,nan,,ok
1219.867651,50.0,,longest_lat_cache.miss:u,longest_lat_cache.miss,9144833.0,100.0,nan,,ok
1219.867651,28760.0,,offcore_requests.demand_data_rd:u,offcore_requests.demand_data_rd,9134502.0,100.0,nan,,ok
1219.867651,86457.0,,resource_stalls.any:u,resource_stalls.any,2192310.0,23.0,nan,,ok
1230.295166,7185708.0,,inst_retired.any:u,inst_retired.any,6081458.0,79.0,nan,,ok
1230.295166,6241461.0,,cpu_clk_unhalted.thread:u,cpu_clk_unhalted.thread,6083200.0,84.0,nan,,ok
1230.295166,1487534.0,,br_inst_retired.all_branches:u,br_inst_retired.all_branches,7323880.0,86.0,nan,,ok
1230.295166,64000.0,,br_misp_retired.all_branches:u,br_misp_retired.all_branches,8674138.0,94.0,nan,,ok
1230.295166,1727346.0,,mem_uops_retired.all_loads:u,mem_uops_retired.all_loads,9155524.0,100.0,nan,,ok
1230.295166,715713.0,,mem_uops_retired.all_stores:u,mem_uops_retired.all_stores,9155396.0,100.0,nan,,ok
1230.295166,71757.0,,longest_lat_cache.reference:u,longest_lat_cache.reference,9155393.0,100.0,nan,,ok
1230.295166,13.0,,longest_lat_cache.miss:u,longest_lat_cache.miss,9154676.0,100.0,nan,,ok
1230.295166,28144.0,,offcore_requests.demand_data_rd:u,offcore_requests.demand_data_rd,9154912.0,100.0,nan,,ok
1230.295166,209971.0,,resource_stalls.any:u,resource_stalls.any,5418772.0,64.0,nan,,ok
1240.7179800000001,8093969.0,,inst_retired.any:u,inst_retired.any,6584968.0,100.0,nan,,ok
1240.7179800000001,6911904.0,,cpu_clk_unhalted.thread:u,cpu_clk_unhalted.thread,6585321.0,100.0,nan,,ok
1240.7179800000001,1778173.0,,br_inst_retired.all_branches:u,br_inst_retired.all_branches,6585196.0,100.0,nan,,ok
1240.7179800000001,61290.0,,br_misp_retired.all_branches:u,br_misp_retired.all_branches,5241218.0,89.0,nan,,ok
1240.7179800000001,1198189.0,,mem_uops_retired.all_loads:u,mem_uops_retired.all_loads,5646465.0,85.0,nan,,ok
1240.7179800000001,992047.0,,mem_uops_retired.all_stores:u,mem_uops_retired.all_stores,4701870.0,71.0,nan,,ok
1240.7179800000001,57891.0,,longest_lat_cache.reference:u,longest_lat_cache.reference,5187560.0,78.0,nan,,ok
1240.7179800000001,837.0,,longest_lat_cache.miss:u,longest_lat_cache.miss,5544826.0,85.0,nan,,ok
1240.7179800000001,22922.0,,offcore_requests.demand_data_rd:u,offcore_requests.demand_data_rd,6584063.0,100.0,nan,,ok
1240.7179800000001,278855.0,,resource_stalls.any:u,resource_stalls.any,6583891.0,100.0,nan,,ok
1251.186009,462072.0,,inst_retired.any:u,inst_retired.any,903640.0,100.0,nan,,ok
1251.186009,727105.0,,cpu_clk_unhalted.thread:u,cpu_clk_unhalted.thread,895782.0,100.0,nan,,ok
1251.186009,104887.0,,br_inst_retired.all_branches:u,br_inst_retired.all_branches,890918.0,100.0,nan,,ok
1251.186009,7231.0,,br_misp_retired.all_branches:u,br_misp_retired.all_branches,886038.0,100.0,nan,,ok
1251.186009,152165.0,,mem_uops_retired.all_loads:u,mem_uops_retired.all_loads,880913.0,100.0,nan,,ok
1251.186009,47170.0,,mem_uops_retired.all_stores:u,mem_uops_retired.all_stores,861738.0,98.0,nan,,ok
1251.186009,0.0,,longest_lat_cache.reference:u,longest_lat_cache.reference,46865.0,5.0,nan,,ok
1251.186009,9.0,,longest_lat_cache.miss:u,longest_lat_cache.miss,838604.0,100.0,nan,,ok
1251.186009,3056.0,,offcore_requests.demand_data_rd:u,offcore_requests.demand_data_rd,861972.0,100.0,nan,,ok
1251.186009,33832.0,,resource_stalls.any:u,resource_stalls.any,856460.0,100.0,nan,,ok
1261.5827120000001,385675.0,,inst_retired.any:u,inst_retired.any,1133333.0,100.0,nan,,ok
1261.5827120000001,467953.0,,cpu_clk_unhalted.thread:u,cpu_clk_unhalted.thread,1140743.0,100.0,nan,,ok
1261.5827120000001,80241.0,,br_inst_retired.all_branches:u,br_inst_retired.all_branches,1145099.0,100.0,nan,,ok
1261.5827120000001,3757.0,,br_misp_retired.all_branches:u,br_misp_retired.all_branches,1149560.0,100.0,nan,,ok
1261.5827120000001,104071.0,,mem_uops_retired.all_loads:u,mem_uops_retired.all_loads,1153875.0,100.0,nan,,ok
1261.5827120000001,31983.0,,mem_uops_retired.all_stores:u,mem_uops_retired.all_stores,1158874.0,100.0,nan,,ok
1261.5827120000001,nan,,longest_lat_cache.reference:u,longest_lat_cache.reference,0.0,0.0,nan,,ok
1261.5827120000001,758.0,,longest_lat_cache.miss:u,longest_lat_cache.miss,1167192.0,100.0,nan,,ok
1261.5827120000001,3421.0,,offcore_requests.demand_data_rd:u,offcore_requests.demand_data_rd,1171954.0,100.0,nan,,ok
1261.5827120000001,78839.0,,resource_stalls.any:u,resource_stalls.any,1177460.0,100.0,nan,,ok
1272.029877,790750.0,,inst_retired.any:u,inst_retired.any,1739597.0,100.0,nan,,ok
1272.029877,1189706.0,,cpu_clk_unhalted.thread:u,cpu_clk_unhalted.thread,1732187.0,100.0,nan,,ok
1272.029877,199077.0,,br_inst_retired.all_branches:u,br_inst_retired.all_branches,1727831.0,100.0,nan,,ok
1272.029877,16139.0,,br_misp_retired.all_branches:u,br_misp_retired.all_branches,1723370.0,100.0,nan,,ok
1272.029877,196650.0,,mem_uops_retired.all_loads:u,mem_uops_retired.all_loads,1719055.0,100.0,nan,,ok
1272.029877,57824.0,,mem_uops_retired.all_stores:u,mem_uops_retired.all_stores,1714056.0,100.0,nan,,ok
1272.029877,6756.0,,longest_lat_cache.reference:u,longest_lat_cache.reference,976471.0,57.0,nan,,ok
1272.029877,642.0,,longest_lat_cache.miss:u,longest_lat_cache.miss,729267.0,58.0,nan,,ok
1272.029877,3820.0,,offcore_requests.demand_data_rd:u,offcore_requests.demand_data_rd,1700976.0,100.0,nan,,ok
1272.029877,50165.0,,resource_stalls.any:u,resource_stalls.any,1695470.0,100.0,nan,,ok
1282.42973,1201441.0,,inst_retired.any:u,inst_retired.any,2185303.0,100.0,nan,,ok
1282.42973,1610271.0,,cpu_clk_unhalted.thread:u,cpu_clk_unhalted.thread,2185303.0,100.0,nan,,ok
1282.42973,286263.0,,br_inst_retired.all_branches:u,br_inst_retired.all_branches,2185303.0,100.0,nan,,ok
1282.42973,20058.0,,br_misp_retired.all_branches:u,br_misp_retired.all_branches,2185303.0,100.0,nan,,ok
1282.42973,298343.0,,mem_uops_retired.all_loads:u,mem_uops_retired.all_loads,2185303.0,100.0,nan,,ok
1282.42973,90210.0,,mem_uops_retired.all_stores:u,mem_uops_retired.all_stores,2185303.0,100.0,nan,,ok
1282.42973,15498.0,,longest_lat_cache.reference:u,longest_lat_cache.reference,1831423.0,83.0,nan,,ok
1282.42973,1388.0,,longest_lat_cache.miss:u,longest_lat_cache.miss,974250.0,44.0,nan,,ok
1282.42973,5550.0,,offcore_requests.demand_data_rd:u,offcore_requests.demand_data_rd,1564933.0,100.0,nan,,ok
1282.42973,97719.0,,resource_stalls.any:u,resource_stalls.any,2185303.0,100.0,nan,,ok
1292.83803,0.0,,inst_retired.any:u,inst_retired.any,466804.0,100.0,nan,,ok
1292.83803,0.0,,cpu_clk_unhalted.thread:u,cpu_clk_unhalted.thread,466804.0,100.0,nan,,ok
1292.83803,0.0,,br_inst_retired.all_branches:u,br_inst_retired.all_branches,466804.0,100.0,nan,,ok
1292.83803,0.0,,br_misp_retired.all_branches:u,br_misp_retired.all_branches,466804.0,100.0,nan,,ok
1292.83803,4234.0,,mem_uops_retired.all_loads:u,mem_uops_retired.all_loads,466804.0,100.0,nan,,ok
1292.83803,0.0,,mem_uops_retired.all_stores:u,mem_uops_retired.all_stores,466804.0,100.0,nan,,ok
1292.83803,0.0,,longest_lat_cache.reference:u,longest_lat_cache.reference,466804.0,100.0,nan,,ok
1292.83803,nan,,longest_lat_cache.miss:u,longest_lat_cache.miss,0.0,0.0,nan,,ok
1292.83803,0.0,,offcore_requests.demand_data_rd:u,offcore_requests.demand_data_rd,466804.0,100.0,nan,,ok
1292.83803,0.0,,resource_stalls.any:u,resource_stalls.any,466804.0,100.0,nan,,ok
1303.239663,91361.0,,inst_retired.any:u,inst_retired.any,306461.0,100.0,nan,,ok
1303.239663,115113.0,,cpu_clk_unhalted.thread:u,cpu_clk_unhalted.thread,306461.0,100.0,nan,,ok
1303.239663,24491.0,,br_inst_retired.all_branches:u,br_inst_retired.all_branches,306461.0,100.0,nan,,ok
1303.239663,1088.0,,br_misp_retired.all_branches:u,br_misp_retired.all_branches,306461.0,100.0,nan,,ok
1303.239663,18391.0,,mem_uops_retired.all_loads:u,mem_uops_retired.all_loads,306461.0,100.0,nan,,ok
1303.239663,2044.0,,mem_uops_retired.all_stores:u,mem_uops_retired.all_stores,306461.0,100.0,nan,,ok
1303.239663,887.0,,longest_lat_cache.reference:u,longest_lat_cache.reference,306461.0,100.0,nan,,ok
1303.239663,nan,,longest_lat_cache.miss:u,longest_lat_cache.miss,0.0,0.0,nan,,ok
1303.239663,286.0,,offcore_requests.demand_data_rd:u,offcore_requests.demand_data_rd,306461.0,100.0,nan,,ok
1303.239663,6938.0,,resource_stalls.any:u,resource_stalls.any,306461.0,100.0,nan,,ok
1313.631799,1268.0,,inst_retired.any:u,inst_retired.any,51247.0,100.0,nan,,ok
1313.631799,6017.0,,cpu_clk_unhalted.thread:u,cpu_clk_unhalted.thread,51247.0,100.0,nan,,ok
1313.631799,272.0,,br_inst_retired.all_branches:u,br_inst_retired.all_branches,51247.0,100.0,nan,,ok
1313.631799,93.0,,br_misp_retired.all_branches:u,br_misp_retired.all_branches,51247.0,100.0,nan,,ok
1313.631799,670.0,,mem_uops_retired.all_loads:u,mem_uops_retired.all_loads,51247.0,100.0,nan,,ok
1313.631799,140.0,,mem_uops_retired.all_stores:u,mem_uops_retired.all_stores,51247.0,100.0,nan,,ok
1313.631799,165.0,,longest_lat_cache.reference:u,longest_lat_cache.reference,51247.0,100.0,nan,,ok
1313.631799,nan,,longest_lat_cache.miss:u,longest_lat_cache.miss,0.0,0.0,nan,,ok
1313.631799,51.0,,offcore_requests.demand_data_rd:u,offcore_requests.demand_data_rd,51247.0,100.0,nan,,ok
1313.631799,301.0,,resource_stalls.any:u,resource_stalls.any,51247.0,100.0,nan,,ok
1324.049623,nan,,inst_retired.any:u,inst_retired.any,0.0,100.0,nan,,ok
1324.049623,nan,,cpu_clk_unhalted.thread:u,cpu_clk_unhalted.thread,0.0,100.0,nan,,ok
1324.049623,nan,,br_inst_retired.all_branches:u,br_inst_retired.all_branches,0.0,100.0,nan,,ok
1324.049623,nan,,br_misp_retired.all_branches:u,br_misp_retired.all_branches,0.0,100.0,nan,,ok
1324.049623,nan,,mem_uops_retired.all_loads:u,mem_uops_retired.all_loads,0.0,100.0,nan,,ok
1324.049623,nan,,mem_uops_retired.all_stores:u,mem_uops_retired.all_stores,0.0,100.0,nan,,ok
1324.049623,nan,,longest_lat_cache.reference:u,longest_lat_cache.reference,0.0,100.0,nan,,ok
1324.049623,nan,,longest_lat_cache.miss:u,longest_lat_cache.miss,0.0,100.0,nan,,ok
1324.049623,nan,,offcore_requests.demand_data_rd:u,offcore_requests.demand_data_rd,0.0,100.0,nan,,ok
1324.049623,nan,,resource_stalls.any:u,resource_stalls.any,0.0,100.0,nan,,ok
1334.430922,nan,,inst_retired.any:u,inst_retired.any,0.0,100.0,nan,,ok
1334.430922,nan,,cpu_clk_unhalted.thread:u,cpu_clk_unhalted.thread,0.0,100.0,nan,,ok
1334.430922,nan,,br_inst_retired.all_branches:u,br_inst_retired.all_branches,0.0,100.0,nan,,ok
1334.430922,nan,,br_misp_retired.all_branches:u,br_misp_retired.all_branches,0.0,100.0,nan,,ok
1334.430922,nan,,mem_uops_retired.all_loads:u,mem_uops_retired.all_loads,0.0,100.0,nan,,ok
1334.430922,nan,,mem_uops_retired.all_stores:u,mem_uops_retired.all_stores,0.0,100.0,nan,,ok
1334.430922,nan,,longest_lat_cache.reference:u,longest_lat_cache.reference,0.0,100.0,nan,,ok
1334.430922,nan,,longest_lat_cache.miss:u,longest_lat_cache.miss,0.0,100.0,nan,,ok
1334.430922,nan,,offcore_requests.demand_data_rd:u,offcore_requests.demand_data_rd,0.0,100.0,nan,,ok
1334.430922,nan,,resource_stalls.any:u,resource_stalls.any,0.0,100.0,nan,,ok
1344.800604,1540793.0,,inst_retired.any:u,inst_retired.any,1508047.0,100.0,nan,,ok
1344.800604,1457553.0,,cpu_clk_unhalted.thread:u,cpu_clk_unhalted.thread,1515105.0,100.0,nan,,ok
1344.800604,279943.0,,br_inst_retired.all_branches:u,br_inst_retired.all_branches,1531726.0,100.0,nan,,ok
1344.800604,12768.0,,br_misp_retired.all_branches:u,br_misp_retired.all_branches,1549801.0,100.0,nan,,ok
1344.800604,407961.0,,mem_uops_retired.all_loads:u,mem_uops_retired.all_loads,1554678.0,100.0,nan,,ok
1344.800604,157879.0,,mem_uops_retired.all_stores:u,mem_uops_retired.all_stores,1559733.0,100.0,nan,,ok
1344.800604,14131.0,,longest_lat_cache.reference:u,longest_lat_cache.reference,1392748.0,89.0,nan,,ok
1344.800604,2403.0,,longest_lat_cache.miss:u,longest_lat_cache.miss,964141.0,61.0,nan,,ok
1344.800604,3415.0,,offcore_requests.demand_data_rd:u,offcore_requests.demand_data_rd,781127.0,100.0,nan,,ok
1344.800604,259673.0,,resource_stalls.any:u,resource_stalls.any,1578386.0,100.0,nan,,ok
1355.245252,1474830.0,,inst_retired.any:u,inst_retired.any,3025073.0,100.0,nan,,ok
1355.245252,2223552.0,,cpu_clk_unhalted.thread:u,cpu_clk_unhalted.thread,3026753.0,100.0,nan,,ok
1355.245252,332095.0,,br_inst_retired.all_branches:u,br_inst_retired.all_branches,3015916.0,100.0,nan,,ok
1355.245252,7810.0,,br_misp_retired.all_branches:u,br_misp_retired.all_branches,3004030.0,100.0,nan,,ok
1355.245252,389518.0,,mem_uops_retired.all_loads:u,mem_uops_retired.all_loads,3005138.0,100.0,nan,,ok
1355.245252,123585.0,,mem_uops_retired.all_stores:u,mem_uops_retired.all_stores,3006227.0,100.0,nan,,ok
1355.245252,36439.0,,longest_lat_cache.reference:u,longest_lat_cache.reference,3006428.0,100.0,nan,,ok
1355.245252,39289.0,,longest_lat_cache.miss:u,longest_lat_cache.miss,458144.0,15.0,nan,,ok
1355.245252,20909.0,,offcore_requests.demand_data_rd:u,offcore_requests.demand_data_rd,2544815.0,84.0,nan,,ok
1355.245252,989708.0,,resource_stalls.any:u,resource_stalls.any,3007109.0,100.0,nan,,ok
1365.67224,5750623.0,,inst_retired.any:u,inst_retired.any,8903602.0,92.0,nan,,ok
1365.67224,8678981.0,,cpu_clk_unhalted.thread:u,cpu_clk_unhalted.thread,8624937.0,89.0,nan,,ok
1365.67224,1248192.0,,br_inst_retired.all_branches:u,br_inst_retired.all_branches,8952938.0,93.0,nan,,ok
1365.67224,57082.0,,br_misp_retired.all_branches:u,br_misp_retired.all_branches,8715947.0,90.0,nan,,ok
1365.67224,1327218.0,,mem_uops_retired.all_loads:u,mem_uops_retired.all_loads,8626822.0,89.0,nan,,ok
1365.67224,791802.0,,mem_uops_retired.all_stores:u,mem_uops_retired.all_stores,8624495.0,89.0,nan,,ok
1365.67224,54572.0,,longest_lat_cache.reference:u,longest_lat_cache.reference,8626322.0,89.0,nan,,ok
1365.67224,17868.0,,longest_lat_cache.miss:u,longest_lat_cache.miss,8625575.0,89.0,nan,,ok
1365.67224,14736.0,,offcore_requests.demand_data_rd:u,offcore_requests.demand_data_rd,8196055.0,85.0,nan,,ok
1365.67224,1543727.0,,resource_stalls.any:u,resource_stalls.any,8006442.0,83.0,nan,,ok
1376.119368,12319263.0,,inst_retired.any:u,inst_retired.any,9099585.0,90.0,nan,,ok
1376.119368,17505785.0,,cpu_clk_unhalted.thread:u,cpu_clk_unhalted.thread,9099483.0,90.0,nan,,ok
1376.119368,2153545.0,,br_inst_retired.all_branches:u,br_inst_retired.all_branches,9098867.0,90.0,nan,,ok
1376.119368,92309.0,,br_misp_retired.all_branches:u,br_misp_retired.all_branches,9099162.0,90.0,nan,,ok
1376.119368,2867447.0,,mem_uops_retired.all_loads:u,mem_uops_retired.all_loads,9098599.0,90.0,nan,,ok
1376.119368,1796560.0,,mem_uops_retired.all_stores:u,mem_uops_retired.all_stores,9278565.0,91.0,nan,,ok
1376.119368,102860.0,,longest_lat_cache.reference:u,longest_lat_cache.reference,9092079.0,90.0,nan,,ok
1376.119368,24501.0,,longest_lat_cache.miss:u,longest_lat_cache.miss,9277335.0,91.0,nan,,ok
1376.119368,22178.0,,offcore_requests.demand_data_rd:u,offcore_requests.demand_data_rd,8986181.0,88.0,nan,,ok
1376.119368,3711034.0,,resource_stalls.any:u,resource_stalls.any,7751769.0,76.0,nan,,ok
1386.5491690000001,20002112.0,,inst_retired.any:u,inst_retired.any,9366651.0,90.0,nan,,ok
1386.5491690000001,26122887.0,,cpu_clk_unhalted.thread:u,cpu_clk_unhalted.thread,9369575.0,90.0,nan,,ok
1386.5491690000001,3766210.0,,br_inst_retired.all_branches:u,br_inst_retired.all_branches,9427087.0,90.0,nan,,ok
1386.5491690000001,194601.0,,br_misp_retired.all_branches:u,br_misp_retired.all_branches,9371196.0,90.0,nan,,ok
1386.5491690000001,6286120.0,,mem_uops_retired.all_loads:u,mem_uops_retired.all_loads,9376132.0,90.0,nan,,ok
1386.5491690000001,3124553.0,,mem_uops_retired.all_stores:u,mem_uops_retired.all_stores,9374400.0,90.0,nan,,ok
1386.5491690000001,321524.0,,longest_lat_cache.reference:u,longest_lat_cache.reference,9378816.0,90.0,nan,,ok
1386.5491690000001,25897.0,,longest_lat_cache.miss:u,longest_lat_cache.miss,9381407.0,90.0,nan,,ok
1386.5491690000001,114548.0,,offcore_requests.demand_data_rd:u,offcore_requests.demand_data_rd,9382308.0,90.0,nan,,ok
1386.5491690000001,2560139.0,,resource_stalls.any:u,resource_stalls.any,7944240.0,76.0,nan,,ok
1396.9989,25470723.0,,inst_retired.any:u,inst_retired.any,9285740.0,88.0,nan,,ok
1396.9989,28886148.0,,cpu_clk_unhalted.thread:u,cpu_clk_unhalted.thread,9445019.0,90.0,nan,,ok
1396.9989,4747362.0,,br_inst_retired.all_branches:u,br_inst_retired.all_branches,9444318.0,90.0,nan,,ok
1396.9989,242485.0,,br_misp_retired.all_branches:u,br_misp_retired.all_branches,9442804.0,90.0,nan,,ok
1396.9989,8661054.0,,mem_uops_retired.all_loads:u,mem_uops_retired.all_loads,9441906.0,90.0,nan,,ok
1396.9989,3976819.0,,mem_uops_retired.all_stores:u,mem_uops_retired.all_stores,9441083.0,90.0,nan,,ok
1396.9989,267258.0,,longest_lat_cache.reference:u,longest_lat_cache.reference,9439656.0,90.0,nan,,ok
1396.9989,11329.0,,longest_lat_cache.miss:u,longest_lat_cache.miss,9439147.0,90.0,nan,,ok
1396.9989,88195.0,,offcore_requests.demand_data_rd:u,offcore_requests.demand_data_rd,9437751.0,90.0,nan,,ok
1396.9989,3628894.0,,resource_stalls.any:u,resource_stalls.any,8000588.0,76.0,nan,,ok
1407.424699,21942891.0,,inst_retired.any:u,inst_retired.any,8999119.0,86.0,nan,,ok
1407.424699,29729400.0,,cpu_clk_unhalted.thread:u,cpu_clk_unhalted.thread,9432571.0,90.0,nan,,ok
1407.424699,4385239.0,,br_inst_retired.all_branches:u,br_inst_retired.all_branches,9433357.0,90.0,nan,,ok
1407.424699,235900.0,,br_misp_retired.all_branches:u,br_misp_retired.all_branches,9433218.0,90.0,nan,,ok
1407.424699,6755734.0,,mem_uops_retired.all_loads:u,mem_uops_retired.all_loads,9435459.0,90.0,nan,,ok
1407.424699,3383893.0,,mem_uops_retired.all_stores:u,mem_uops_retired.all_stores,9436045.0,90.0,nan,,ok
1407.424699,370942.0,,longest_lat_cache.reference:u,longest_lat_cache.reference,9437408.0,90.0,nan,,ok
1407.424699,25766.0,,longest_lat_cache.miss:u,longest_lat_cache.miss,9439218.0,90.0,nan,,ok
1407.424699,159788.0,,offcore_requests.demand_data_rd:u,offcore_requests.demand_data_rd,9438813.0,90.0,nan,,ok
1407.424699,3577493.0,,resource_stalls.any:u,resource_stalls.any,7999987.0,76.0,nan,,ok
1417.785803,12968288.0,,inst_retired.any:u,inst_retired.any,9003046.0,86.0,nan,,ok
1417.785803,29315847.0,,cpu_clk_unhalted.thread:u,cpu_clk_unhalted.thread,9364000.0,90.0,nan,,ok
1417.785803,2643800.0,,br_inst_retired.all_branches:u,br_inst_retired.all_branches,9364896.0,90.0,nan,,ok
1417.785803,198986.0,,br_misp_retired.all_branches:u,br_misp_retired.all_branches,9363776.0,90.0,nan,,ok
1417.785803,4291681.0,,mem_uops_retired.all_loads:u,mem_uops_retired.all_loads,9363435.0,90.0,nan,,ok
1417.785803,2110713.0,,mem_uops_retired.all_stores:u,mem_uops_retired.all_stores,9386615.0,90.0,nan,,ok
1417.785803,419236.0,,longest_lat_cache.reference:u,longest_lat_cache.reference,9384916.0,90.0,nan,,ok
1417.785803,67396.0,,longest_lat_cache.miss:u,longest_lat_cache.miss,9386161.0,90.0,nan,,ok
1417.785803,177358.0,,offcore_requests.demand_data_rd:u,offcore_requests.demand_data_rd,9379945.0,90.0,nan,,ok
1417.785803,4996610.0,,resource_stalls.any:u,resource_stalls.any,8049475.0,77.0,nan,,ok
1428.1497359999998,14961929.0,,inst_retired.any:u,inst_retired.any,9323957.0,89.0,nan,,ok
1428.1497359999998,29341280.0,,cpu_clk_unhalted.thread:u,cpu_clk_unhalted.thread,9030059.0,87.0,nan,,ok
1428.1497359999998,3007045.0,,br_inst_retired.all_branches:u,br_inst_retired.all_branches,9371429.0,90.0,nan,,ok
1428.1497359999998,250512.0,,br_misp_retired.all_branches:u,br_misp_retired.all_branches,9369597.0,90.0,nan,,ok
1428.1497359999998,5059535.0,,mem_uops_retired.all_loads:u,mem_uops_retired.all_loads,9373554.0,90.0,nan,,ok
1428.1497359999998,2500137.0,,mem_uops_retired.all_stores:u,mem_uops_retired.all_stores,9347331.0,90.0,nan,,ok
1428.1497359999998,333470.0,,longest_lat_cache.reference:u,longest_lat_cache.reference,9351309.0,90.0,nan,,ok
1428.1497359999998,46308.0,,longest_lat_cache.miss:u,longest_lat_cache.miss,9349888.0,90.0,nan,,ok
1428.1497359999998,150716.0,,offcore_requests.demand_data_rd:u,offcore_requests.demand_data_rd,9352226.0,90.0,nan,,ok
1428.1497359999998,4927350.0,,resource_stalls.any:u,resource_stalls.any,8354676.0,80.0,nan,,ok
1438.5450150000001,16917240.0,,inst_retired.any:u,inst_retired.any,9391912.0,90.0,nan,,ok
1438.5450150000001,27256859.0,,cpu_clk_unhalted.thread:u,cpu_clk_unhalted.thread,8999269.0,86.0,nan,,ok
1438.5450150000001,3354592.0,,br_inst_retired.all_branches:u,br_inst_retired.all_branches,9389778.0,90.0,nan,,ok
1438.5450150000001,221989.0,,br_misp_retired.all_branches:u,br_misp_retired.all_branches,9389546.0,90.0,nan,,ok
1438.5450150000001,5498978.0,,mem_uops_retired.all_loads:u,mem_uops_retired.all_loads,9390915.0,90.0,nan,,ok
1438.5450150000001,2571681.0,,mem_uops_retired.all_stores:u,mem_uops_retired.all_stores,9387779.0,90.0,nan,,ok
1438.5450150000001,282602.0,,longest_lat_cache.reference:u,longest_lat_cache.reference,9391968.0,90.0,nan,,ok
1438.5450150000001,39834.0,,longest_lat_cache.miss:u,longest_lat_cache.miss,9392522.0,90.0,nan,,ok
1438.5450150000001,93968.0,,offcore_requests.demand_data_rd:u,offcore_requests.demand_data_rd,9394091.0,90.0,nan,,ok
1438.5450150000001,2740406.0,,resource_stalls.any:u,resource_stalls.any,8390737.0,80.0,nan,,ok
1448.864254,17636102.0,,inst_retired.any:u,inst_retired.any,9321910.0,90.0,nan,,ok
1448.864254,28216550.0,,cpu_clk_unhalted.thread:u,cpu_clk_unhalted.thread,9054030.0,87.0,nan,,ok
1448.864254,3700040.0,,br_inst_retired.all_branches:u,br_inst_retired.all_branches,9262326.0,89.0,nan,,ok
1448.864254,248628.0,,br_misp_retired.all_branches:u,br_misp_retired.all_branches,9324805.0,90.0,nan,,ok
1448.864254,5989864.0,,mem_uops_retired.all_loads:u,mem_uops_retired.all_loads,9325139.0,90.0,nan,,ok
1448.864254,2654221.0,,mem_uops_retired.all_stores:u,mem_uops_retired.all_stores,9326440.0,90.0,nan,,ok
1448.864254,228445.0,,longest_lat_cache.reference:u,longest_lat_cache.reference,9325627.0,90.0,nan,,ok
1448.864254,41957.0,,longest_lat_cache.miss:u,longest_lat_cache.miss,9323767.0,90.0,nan,,ok
1448.864254,71947.0,,offcore_requests.demand_data_rd:u,offcore_requests.demand_data_rd,9326852.0,90.0,nan,,ok
1448.864254,2474031.0,,resource_stalls.any:u,resource_stalls.any,8327184.0,80.0,nan,,ok
1459.288291,15720904.0,,inst_retired.any:u,inst_retired.any,9431923.0,90.0,nan,,ok
1459.288291,30059019.0,,cpu_clk_unhalted.thread:u,cpu_clk_unhalted.thread,9433592.0,90.0,nan,,ok
1459.288291,2708143.0,,br_inst_retired.all_branches:u,br_inst_retired.all_branches,8999995.0,86.0,nan,,ok
1459.288291,233687.0,,br_misp_retired.all_branches:u,br_misp_retired.all_branches,9430030.0,90.0,nan,,ok
1459.288291,4523784.0,,mem_uops_retired.all_loads:u,mem_uops_retired.all_loads,9431224.0,90.0,nan,,ok
1459.288291,2001736.0,,mem_uops_retired.all_stores:u,mem_uops_retired.all_stores,9428560.0,90.0,nan,,ok
1459.288291,148624.0,,longest_lat_cache.reference:u,longest_lat_cache.reference,9431641.0,90.0,nan,,ok
1459.288291,59015.0,,longest_lat_cache.miss:u,longest_lat_cache.miss,9425656.0,90.0,nan,,ok
1459.288291,48393.0,,offcore_requests.demand_data_rd:u,offcore_requests.demand_data_rd,9433361.0,90.0,nan,,ok
1459.288291,1921997.0,,resource_stalls.any:u,resource_stalls.any,8428063.0,80.0,nan,,ok
1469.707058,23998745.0,,inst_retired.any:u,inst_retired.any,9410974.0,90.0,nan,,ok
1469.707058,28837464.0,,cpu_clk_unhalted.thread:u,cpu_clk_unhalted.thread,9405471.0,90.0,nan,,ok
1469.707058,4935228.0,,br_inst_retired.all_branches:u,br_inst_retired.all_branches,9002076.0,86.0,nan,,ok
1469.707058,301623.0,,br_misp_retired.all_branches:u,br_misp_retired.all_branches,9404639.0,90.0,nan,,ok
1469.707058,7548215.0,,mem_uops_retired.all_loads:u,mem_uops_retired.all_loads,9402412.0,90.0,nan,,ok
1469.707058,2731995.0,,mem_uops_retired.all_stores:u,mem_uops_retired.all_stores,9403427.0,90.0,nan,,ok
1469.707058,189979.0,,longest_lat_cache.reference:u,longest_lat_cache.reference,9403155.0,90.0,nan,,ok
1469.707058,44992.0,,longest_lat_cache.miss:u,longest_lat_cache.miss,9404838.0,90.0,nan,,ok
1469.707058,87134.0,,offcore_requests.demand_data_rd:u,offcore_requests.demand_data_rd,9400313.0,90.0,nan,,ok
1469.707058,3703633.0,,resource_stalls.any:u,resource_stalls.any,8403921.0,80.0,nan,,ok
1480.072444,15714988.0,,inst_retired.any:u,inst_retired.any,9366877.0,90.0,nan,,ok
1480.072444,27922430.0,,cpu_clk_unhalted.thread:u,cpu_clk_unhalted.thread,9367186.0,90.0,nan,,ok
1480.072444,3243501.0,,br_inst_retired.all_branches:u,br_inst_retired.all_branches,9273766.0,89.0,nan,,ok
1480.072444,216122.0,,br_misp_retired.all_branches:u,br_misp_retired.all_branches,9090895.0,87.0,nan,,ok
1480.072444,4754125.0,,mem_uops_retired.all_loads:u,mem_uops_retired.all_loads,9369520.0,90.0,nan,,ok
1480.072444,2265259.0,,mem_uops_retired.all_stores:u,mem_uops_retired.all_stores,9371998.0,90.0,nan,,ok
1480.072444,236098.0,,longest_lat_cache.reference:u,longest_lat_cache.reference,9372048.0,90.0,nan,,ok
1480.072444,48732.0,,longest_lat_cache.miss:u,longest_lat_cache.miss,9371094.0,90.0,nan,,ok
1480.072444,95192.0,,offcore_requests.demand_data_rd:u,offcore_requests.demand_data_rd,9368429.0,90.0,nan,,ok
1480.072444,3788782.0,,resource_stalls.any:u,resource_stalls.any,8372513.0,80.0,nan,,ok
1490.4372859999999,3679314.0,,inst_retired.any:u,inst_retired.any,3779035.0,100.0,nan,,ok
1490.4372859999999,9362066.0,,cpu_clk_unhalted.thread:u,cpu_clk_unhalted.thread,3766080.0,100.0,nan,,ok
1490.4372859999999,772733.0,,br_inst_retired.all_branches:u,br_inst_retired.all_branches,3026909.0,80.0,nan,,ok
1490.4372859999999,46600.0,,br_misp_retired.all_branches:u,br_misp_retired.all_branches,2028845.0,54.0,nan,,ok
1490.4372859999999,984989.0,,mem_uops_retired.all_loads:u,mem_uops_retired.all_loads,2644248.0,70.0,nan,,ok
1490.4372859999999,603228.0,,mem_uops_retired.all_stores:u,mem_uops_retired.all_stores,3539365.0,94.0,nan,,ok
1490.4372859999999,75298.0,,longest_lat_cache.reference:u,longest_lat_cache.reference,3728940.0,100.0,nan,,ok
1490.4372859999999,30659.0,,longest_lat_cache.miss:u,longest_lat_cache.miss,3720627.0,100.0,nan,,ok
1490.4372859999999,30052.0,,offcore_requests.demand_data_rd:u,offcore_requests.demand_data_rd,3713701.0,100.0,nan,,ok
1490.4372859999999,1364974.0,,resource_stalls.any:u,resource_stalls.any,3706152.0,100.0,nan,,ok
1500.81366,2001609.0,,inst_retired.any:u,inst_retired.any,1680652.0,68.0,nan,,ok
1500.81366,4248263.0,,cpu_clk_unhalted.thread:u,cpu_clk_unhalted.thread,1783492.0,72.0,nan,,ok
1500.81366,115599.0,,br_inst_retired.all_branches:u,br_inst_retired.all_branches,1477431.0,59.0,nan,,ok
1500.81366,14247.0,,br_misp_retired.all_branches:u,br_misp_retired.all_branches,2455407.0,98.0,nan,,ok
1500.81366,433981.0,,mem_uops_retired.all_loads:u,mem_uops_retired.all_loads,2493515.0,100.0,nan,,ok
1500.81366,232795.0,,mem_uops_retired.all_stores:u,mem_uops_retired.all_stores,2501511.0,100.0,nan,,ok
1500.81366,32896.0,,longest_lat_cache.reference:u,longest_lat_cache.reference,2508921.0,100.0,nan,,ok
1500.81366,16587.0,,longest_lat_cache.miss:u,longest_lat_cache.miss,2516610.0,100.0,nan,,ok
1500.81366,15332.0,,offcore_requests.demand_data_rd:u,offcore_requests.demand_data_rd,2524213.0,100.0,nan,,ok
1500.81366,1245543.0,,resource_stalls.any:u,resource_stalls.any,1766984.0,69.0,nan,,ok
1511.1860720000002,3698706.0,,inst_retired.any:u,inst_retired.any,3469733.0,100.0,nan,,ok
1511.1860720000002,8605025.0,,cpu_clk_unhalted.thread:u,cpu_clk_unhalted.thread,3443847.0,100.0,nan,,ok
1511.1860720000002,730220.0,,br_inst_retired.all_branches:u,br_inst_retired.all_branches,3436616.0,100.0,nan,,ok
1511.1860720000002,43752.0,,br_misp_retired.all_branches:u,br_misp_retired.all_branches,2458728.0,71.0,nan,,ok
1511.1860720000002,1100199.0,,mem_uops_retired.all_loads:u,mem_uops_retired.all_loads,2423951.0,70.0,nan,,ok
1511.1860720000002,566803.0,,mem_uops_retired.all_stores:u,mem_uops_retired.all_stores,2941533.0,86.0,nan,,ok
1511.1860720000002,68755.0,,longest_lat_cache.reference:u,longest_lat_cache.reference,3406805.0,100.0,nan,,ok
1511.1860720000002,21962.0,,longest_lat_cache.miss:u,longest_lat_cache.miss,2411330.0,70.0,nan,,ok
1511.1860720000002,28707.0,,offcore_requests.demand_data_rd:u,offcore_requests.demand_data_rd,3391513.0,100.0,nan,,ok
1511.1860720000002,1230844.0,,resource_stalls.any:u,resource_stalls.any,3383401.0,100.0,nan,,ok
1521.566286,2114242.0,,inst_retired.any:u,inst_retired.any,2893614.0,87.0,nan,,ok
1521.566286,6365048.0,,cpu_clk_unhalted.thread:u,cpu_clk_unhalted.thread,3303517.0,100.0,nan,,ok
1521.566286,367619.0,,br_inst_retired.all_branches:u,br_inst_retired.all_branches,3303517.0,100.0,nan,,ok
1521.566286,21097.0,,br_misp_retired.all_branches:u,br_misp_retired.all_branches,3303517.0,100.0,nan,,ok
1521.566286,577804.0,,mem_uops_retired.all_loads:u,mem_uops_retired.all_loads,3303517.0,100.0,nan,,ok
1521.566286,310002.0,,mem_uops_retired.all_stores:u,mem_uops_retired.all_stores,2620009.0,79.0,nan,,ok
1521.566286,48400.0,,longest_lat_cache.reference:u,longest_lat_cache.reference,3209046.0,97.0,nan,,ok
1521.566286,20748.0,,longest_lat_cache.miss:u,longest_lat_cache.miss,3194635.0,96.0,nan,,ok
1521.566286,14022.0,,offcore_requests.demand_data_rd:u,offcore_requests.demand_data_rd,2302073.0,69.0,nan,,ok
1521.566286,811423.0,,resource_stalls.any:u,resource_stalls.any,1888305.0,57.0,nan,,ok
1531.925138,1842.0,,inst_retired.any:u,inst_retired.any,75132.0,100.0,nan,,ok
1531.925138,55662.0,,cpu_clk_unhalted.thread:u,cpu_clk_unhalted.thread,75132.0,100.0,nan,,ok
1531.925138,397.0,,br_inst_retired.all_branches:u,br_inst_retired.all_branches,75132.0,100.0,nan,,ok
1531.925138,42.0,,br_misp_retired.all_branches:u,br_misp_retired.all_branches,75132.0,100.0,nan,,ok
1531.925138,nan,,mem_uops_retired.all_loads:u,mem_uops_retired.all_loads,0.0,0.0,nan,,ok
1531.925138,311.0,,mem_uops_retired.all_stores:u,mem_uops_retired.all_stores,75132.0,100.0,nan,,ok
1531.925138,268.0,,longest_lat_cache.reference:u,longest_lat_cache.reference,75132.0,100.0,nan,,ok
1531.925138,268.0,,longest_lat_cache.miss:u,longest_lat_cache.miss,75132.0,100.0,nan,,ok
1531.925138,117.0,,offcore_requests.demand_data_rd:u,offcore_requests.demand_data_rd,75132.0,100.0,nan,,ok
1531.925138,1739.0,,resource_stalls.any:u,resource_stalls.any,75132.0,100.0,nan,,ok
1542.256352,nan,,inst_retired.any:u,inst_retired.any,0.0,100.0,nan,,ok
1542.256352,nan,,cpu_clk_unhalted.thread:u,cpu_clk_unhalted.thread,0.0,100.0,nan,,ok
1542.256352,nan,,br_inst_retired.all_branches:u,br_inst_retired.all_branches,0.0,100.0,nan,,ok
1542.256352,nan,,br_misp_retired.all_branches:u,br_misp_retired.all_branches,0.0,100.0,nan,,ok
1542.256352,nan,,mem_uops_retired.all_loads:u,mem_uops_retired.all_loads,0.0,100.0,nan,,ok
1542.256352,nan,,mem_uops_retired.all_stores:u,mem_uops_retired.all_stores,0.0,100.0,nan,,ok
1542.256352,nan,,longest_lat_cache.reference:u,longest_lat_cache.reference,0.0,100.0,nan,,ok
1542.256352,nan,,longest_lat_cache.miss:u,longest_lat_cache.miss,0.0,100.0,nan,,ok
1542.256352,nan,,offcore_requests.demand_data_rd:u,offcore_requests.demand_data_rd,0.0,100.0,nan,,ok
1542.256352,nan,,resource_stalls.any:u,resource_stalls.any,0.0,100.0,nan,,ok
1552.619007,nan,,inst_retired.any:u,inst_retired.any,0.0,100.0,nan,,ok
1552.619007,nan,,cpu_clk_unhalted.thread:u,cpu_clk_unhalted.thread,0.0,100.0,nan,,ok
1552.619007,nan,,br_inst_retired.all_branches:u,br_inst_retired.all_branches,0.0,100.0,nan,,ok
1552.619007,nan,,br_misp_retired.all_branches:u,br_misp_retired.all_branches,0.0,100.0,nan,,ok
1552.619007,nan,,mem_uops_retired.all_loads:u,mem_uops_retired.all_loads,0.0,100.0,nan,,ok
1552.619007,nan,,mem_uops_retired.all_stores:u,mem_uops_retired.all_stores,0.0,100.0,nan,,ok
1552.619007,nan,,longest_lat_cache.reference:u,longest_lat_cache.reference,0.0,100.0,nan,,ok
1552.619007,nan,,longest_lat_cache.miss:u,longest_lat_cache.miss,0.0,100.0,nan,,ok
1552.619007,nan,,offcore_requests.demand_data_rd:u,offcore_requests.demand_data_rd,0.0,100.0,nan,,ok
1552.619007,nan,,resource_stalls.any:u,resource_stalls.any,0.0,100.0,nan,,ok
1562.940967,404105.0,,inst_retired.any:u,inst_retired.any,223761.0,24.0,nan,,ok
1562.940967,2512856.0,,cpu_clk_unhalted.thread:u,cpu_clk_unhalted.thread,689261.0,75.0,nan,,ok
1562.940967,78624.0,,br_inst_retired.all_branches:u,br_inst_retired.all_branches,913022.0,100.0,nan,,ok
1562.940967,7269.0,,br_misp_retired.all_branches:u,br_misp_retired.all_branches,913022.0,100.0,nan,,ok
1562.940967,122077.0,,mem_uops_retired.all_loads:u,mem_uops_retired.all_loads,913022.0,100.0,nan,,ok
1562.940967,63313.0,,mem_uops_retired.all_stores:u,mem_uops_retired.all_stores,913022.0,100.0,nan,,ok
1562.940967,18882.0,,longest_lat_cache.reference:u,longest_lat_cache.reference,913022.0,100.0,nan,,ok
1562.940967,10050.0,,longest_lat_cache.miss:u,longest_lat_cache.miss,913022.0,100.0,nan,,ok
1562.940967,7049.0,,offcore_requests.demand_data_rd:u,offcore_requests.demand_data_rd,913022.0,100.0,nan,,ok
1562.940967,130828.0,,resource_stalls.any:u,resource_stalls.any,223761.0,24.0,nan,,ok
1573.3094110000002,nan,,inst_retired.any:u,inst_retired.any,0.0,100.0,nan,,ok
1573.3094110000002,nan,,cpu_clk_unhalted.thread:u,cpu_clk_unhalted.thread,0.0,100.0,nan,,ok
1573.3094110000002,nan,,br_inst_retired.all_branches:u,br_inst_retired.all_branches,0.0,100.0,nan,,ok
1573.3094110000002,nan,,br_misp_retired.all_branches:u,br_misp_retired.all_branches,0.0,100.0,nan,,ok
1573.3094110000002,nan,,mem_uops_retired.all_loads:u,mem_uops_retired.all_loads,0.0,100.0,nan,,ok
1573.3094110000002,nan,,mem_uops_retired.all_stores:u,mem_uops_retired.all_stores,0.0,100.0,nan,,ok
1573.3094110000002,nan,,longest_lat_cache.reference:u,longest_lat_cache.reference,0.0,100.0,nan,,ok
1573.3094110000002,nan,,longest_lat_cache.miss:u,longest_lat_cache.miss,0.0,100.0,nan,,ok
1573.3094110000002,nan,,offcore_requests.demand_data_rd:u,offcore_requests.demand_data_rd,0.0,100.0,nan,,ok
1573.3094110000002,nan,,resource_stalls.any:u,resource_stalls.any,0.0,100.0,nan,,ok
1583.626749,1842.0,,inst_retired.any:u,inst_retired.any,76292.0,100.0,nan,,ok
1583.626749,38767.0,,cpu_clk_unhalted.thread:u,cpu_clk_unhalted.thread,76292.0,100.0,nan,,ok
1583.626749,397.0,,br_inst_retired.all_branches:u,br_inst_retired.all_branches,76292.0,100.0,nan,,ok
1583.626749,95.0,,br_misp_retired.all_branches:u,br_misp_retired.all_branches,76292.0,100.0,nan,,ok
1583.626749,nan,,mem_uops_retired.all_loads:u,mem_uops_retired.all_loads,0.0,0.0,nan,,ok
1583.626749,311.0,,mem_uops_retired.all_stores:u,mem_uops_retired.all_stores,76292.0,100.0,nan,,ok
1583.626749,311.0,,longest_lat_cache.reference:u,longest_lat_cache.reference,76292.0,100.0,nan,,ok
1583.626749,310.0,,longest_lat_cache.miss:u,longest_lat_cache.miss,76292.0,100.0,nan,,ok
1583.626749,130.0,,offcore_requests.demand_data_rd:u,offcore_requests.demand_data_rd,76292.0,100.0,nan,,ok
1583.626749,1198.0,,resource_stalls.any:u,resource_stalls.any,76292.0,100.0,nan,,ok
1593.991947,nan,,inst_retired.any:u,inst_retired.any,0.0,100.0,nan,,ok
1593.991947,nan,,cpu_clk_unhalted.thread:u,cpu_clk_unhalted.thread,0.0,100.0,nan,,ok
1593.991947,nan,,br_inst_retired.all_branches:u,br_inst_retired.all_branches,0.0,100.0,nan,,ok
1593.991947,nan,,br_misp_retired.all_branches:u,br_misp_retired.all_branches,0.0,100.0,nan,,ok
1593.991947,nan,,mem_uops_retired.all_loads:u,mem_uops_retired.all_loads,0.0,100.0,nan,,ok
1593.991947,nan,,mem_uops_retired.all_stores:u,mem_uops_retired.all_stores,0.0,100.0,nan,,ok
1593.991947,nan,,longest_lat_cache.reference:u,longest_lat_cache.reference,0.0,100.0,nan,,ok
1593.991947,nan,,longest_lat_cache.miss:u,longest_lat_cache.miss,0.0,100.0,nan,,ok
1593.991947,nan,,offcore_requests.demand_data_rd:u,offcore_requests.demand_data_rd,0.0,100.0,nan,,ok
1593.991947,nan,,resource_stalls.any:u,resource_stalls.any,0.0,100.0,nan,,ok
1604.484658,nan,,inst_retired.any:u,inst_retired.any,0.0,100.0,nan,,ok
1604.484658,nan,,cpu_clk_unhalted.thread:u,cpu_clk_unhalted.thread,0.0,100.0,nan,,ok
1604.484658,nan,,br_inst_retired.all_branches:u,br_inst_retired.all_branches,0.0,100.0,nan,,ok
1604.484658,nan,,br_misp_retired.all_branches:u,br_misp_retired.all_branches,0.0,100.0,nan,,ok
1604.484658,nan,,mem_uops_retired.all_loads:u,mem_uops_retired.all_loads,0.0,100.0,nan,,ok
1604.484658,nan,,mem_uops_retired.all_stores:u,mem_uops_retired.all_stores,0.0,100.0,nan,,ok
1604.484658,nan,,longest_lat_cache.reference:u,longest_lat_cache.reference,0.0,100.0,nan,,ok
1604.484658,nan,,longest_lat_cache.miss:u,longest_lat_cache.miss,0.0,100.0,nan,,ok
1604.484658,nan,,offcore_requests.demand_data_rd:u,offcore_requests.demand_data_rd,0.0,100.0,nan,,ok
1604.484658,nan,,resource_stalls.any:u,resource_stalls.any,0.0,100.0,nan,,ok
1614.936433,1242124.0,,inst_retired.any:u,inst_retired.any,3264064.0,100.0,nan,,ok
1614.936433,2785710.0,,cpu_clk_unhalted.thread:u,cpu_clk_unhalted.thread,2831967.0,86.0,nan,,ok
1614.936433,219537.0,,br_inst_retired.all_branches:u,br_inst_retired.all_branches,2266001.0,69.0,nan,,ok
1614.936433,29989.0,,br_misp_retired.all_branches:u,br_misp_retired.all_branches,2265481.0,69.0,nan,,ok
1614.936433,333079.0,,mem_uops_retired.all_loads:u,mem_uops_retired.all_loads,2428743.0,74.0,nan,,ok
1614.936433,214711.0,,mem_uops_retired.all_stores:u,mem_uops_retired.all_stores,3264064.0,100.0,nan,,ok
1614.936433,29871.0,,longest_lat_cache.reference:u,longest_lat_cache.reference,3264064.0,100.0,nan,,ok
1614.936433,15714.0,,longest_lat_cache.miss:u,longest_lat_cache.miss,3264064.0,100.0,nan,,ok
1614.936433,10232.0,,offcore_requests.demand_data_rd:u,offcore_requests.demand_data_rd,3264064.0,100.0,nan,,ok
1614.936433,386579.0,,resource_stalls.any:u,resource_stalls.any,3264064.0,100.0,nan,,ok
1625.345808,nan,,inst_retired.any:u,inst_retired.any,0.0,100.0,nan,,ok
1625.345808,nan,,cpu_clk_unhalted.thread:u,cpu_clk_unhalted.thread,0.0,100.0,nan,,ok
1625.345808,nan,,br_inst_retired.all_branches:u,br_inst_retired.all_branches,0.0,100.0,nan,,ok
1625.345808,nan,,br_misp_retired.all_branches:u,br_misp_retired.all_branches,0.0,100.0,nan,,ok
1625.345808,nan,,mem_uops_retired.all_loads:u,mem_uops_retired.all_loads,0.0,100.0,nan,,ok
1625.345808,nan,,mem_uops_retired.all_stores:u,mem_uops_retired.all_stores,0.0,100.0,nan,,ok
1625.345808,nan,,longest_lat_cache.reference:u,longest_lat_cache.reference,0.0,100.0,nan,,ok
1625.345808,nan,,longest_lat_cache.miss:u,longest_lat_cache.miss,0.0,100.0,nan,,ok
1625.345808,nan,,offcore_requests.demand_data_rd:u,offcore_requests.demand_data_rd,0.0,100.0,nan,,ok
1625.345808,nan,,resource_stalls.any:u,resource_stalls.any,0.0,100.0,nan,,ok
1635.7124000000001,2510.0,,inst_retired.any:u,inst_retired.any,93321.0,100.0,nan,,ok
1635.7124000000001,43835.0,,cpu_clk_unhalted.thread:u,cpu_clk_unhalted.thread,93321.0,100.0,nan,,ok
1635.7124000000001,527.0,,br_inst_retired.all_branches:u,br_inst_retired.all_branches,93321.0,100.0,nan,,ok
1635.7124000000001,59.0,,br_misp_retired.all_branches:u,br_misp_retired.all_branches,93321.0,100.0,nan,,ok
1635.7124000000001,nan,,mem_uops_retired.all_loads:u,mem_uops_retired.all_loads,0.0,0.0,nan,,ok
1635.7124000000001,418.0,,mem_uops_retired.all_stores:u,mem_uops_retired.all_stores,93321.0,100.0,nan,,ok
1635.7124000000001,371.0,,longest_lat_cache.reference:u,longest_lat_cache.reference,93321.0,100.0,nan,,ok
1635.7124000000001,279.0,,longest_lat_cache.miss:u,longest_lat_cache.miss,93321.0,100.0,nan,,ok
1635.7124000000001,144.0,,offcore_requests.demand_data_rd:u,offcore_requests.demand_data_rd,93321.0,100.0,nan,,ok
1635.7124000000001,2330.0,,resource_stalls.any:u,resource_stalls.any,93321.0,100.0,nan,,ok
1646.078626,2493490.0,,inst_retired.any:u,inst_retired.any,3162268.0,100.0,nan,,ok
1646.078626,6121816.0,,cpu_clk_unhalted.thread:u,cpu_clk_unhalted.thread,3162268.0,100.0,nan,,ok
1646.078626,484353.0,,br_inst_retired.all_branches:u,br_inst_retired.all_branches,3162268.0,100.0,nan,,ok
1646.078626,37763.0,,br_misp_retired.all_branches:u,br_misp_retired.all_branches,3162268.0,100.0,nan,,ok
1646.078626,716576.0,,mem_uops_retired.all_loads:u,mem_uops_retired.all_loads,3162268.0,100.0,nan,,ok
1646.078626,349430.0,,mem_uops_retired.all_stores:u,mem_uops_retired.all_stores,2394038.0,75.0,nan,,ok
1646.078626,44061.0,,longest_lat_cache.reference:u,longest_lat_cache.reference,1760495.0,55.0,nan,,ok
1646.078626,24056.0,,longest_lat_cache.miss:u,longest_lat_cache.miss,2170003.0,68.0,nan,,ok
1646.078626,20528.0,,offcore_requests.demand_data_rd:u,offcore_requests.demand_data_rd,3162268.0,100.0,nan,,ok
1646.078626,1062507.0,,resource_stalls.any:u,resource_stalls.any,3162268.0,100.0,nan,,ok
1656.4557909999999,27894.0,,inst_retired.any:u,inst_retired.any,1161989.0,100.0,nan,,ok
1656.4557909999999,248835.0,,cpu_clk_unhalted.thread:u,cpu_clk_unhalted.thread,1161989.0,100.0,nan,,ok
1656.4557909999999,5154.0,,br_inst_retired.all_branches:u,br_inst_retired.all_branches,1161989.0,100.0,nan,,ok
1656.4557909999999,373.0,,br_misp_retired.all_branches:u,br_misp_retired.all_branches,1161989.0,100.0,nan,,ok
1656.4557909999999,9630.0,,mem_uops_retired.all_loads:u,mem_uops_retired.all_loads,1161989.0,100.0,nan,,ok
1656.4557909999999,4198.0,,mem_uops_retired.all_stores:u,mem_uops_retired.all_stores,1161989.0,100.0,nan,,ok
1656.4557909999999,1676.0,,longest_lat_cache.reference:u,longest_lat_cache.reference,1161989.0,100.0,nan,,ok
1656.4557909999999,65.0,,longest_lat_cache.miss:u,longest_lat_cache.miss,974849.0,83.0,nan,,ok
1656.4557909999999,3148.0,,offcore_requests.demand_data_rd:u,offcore_requests.demand_data_rd,187140.0,16.0,nan,,ok
1656.4557909999999,34611.0,,resource_stalls.any:u,resource_stalls.any,1161989.0,100.0,nan,,ok
1666.8152329999998,78000.0,,inst_retired.any:u,inst_retired.any,439709.0,100.0,nan,,ok
1666.8152329999998,589386.0,,cpu_clk_unhalted.thread:u,cpu_clk_unhalted.thread,452453.0,100.0,nan,,ok
1666.8152329999998,15082.0,,br_inst_retired.all_branches:u,br_inst_retired.all_branches,461949.0,100.0,nan,,ok
1666.8152329999998,1305.0,,br_misp_retired.all_branches:u,br_misp_retired.all_branches,472735.0,100.0,nan,,ok
1666.8152329999998,24140.0,,mem_uops_retired.all_loads:u,mem_uops_retired.all_loads,483215.0,100.0,nan,,ok
1666.8152329999998,14605.0,,mem_uops_retired.all_stores:u,mem_uops_retired.all_stores,492501.0,100.0,nan,,ok
1666.8152329999998,4294.0,,longest_lat_cache.reference:u,longest_lat_cache.reference,502625.0,100.0,nan,,ok
1666.8152329999998,3690.0,,longest_lat_cache.miss:u,longest_lat_cache.miss,512225.0,100.0,nan,,ok
1666.8152329999998,2208.0,,offcore_requests.demand_data_rd:u,offcore_requests.demand_data_rd,100644.0,19.0,nan,,ok
1666.8152329999998,89879.0,,resource_stalls.any:u,resource_stalls.any,421041.0,79.0,nan,,ok
1677.2188939999999,3451972.0,,inst_retired.any:u,inst_retired.any,2502794.0,71.0,nan,,ok
1677.2188939999999,5603507.0,,cpu_clk_unhalted.thread:u,cpu_clk_unhalted.thread,2495616.0,71.0,nan,,ok
1677.2188939999999,481505.0,,br_inst_retired.all_branches:u,br_inst_retired.all_branches,2960486.0,84.0,nan,,ok
1677.2188939999999,43416.0,,br_misp_retired.all_branches:u,br_misp_retired.all_branches,3473113.0,100.0,nan,,ok
1677.2188939999999,885066.0,,mem_uops_retired.all_loads:u,mem_uops_retired.all_loads,3462633.0,100.0,nan,,ok
1677.2188939999999,463474.0,,mem_uops_retired.all_stores:u,mem_uops_retired.all_stores,3453347.0,100.0,nan,,ok
1677.2188939999999,51451.0,,longest_lat_cache.reference:u,longest_lat_cache.reference,3443223.0,100.0,nan,,ok
1677.2188939999999,16334.0,,longest_lat_cache.miss:u,longest_lat_cache.miss,3433623.0,100.0,nan,,ok
1677.2188939999999,17068.0,,offcore_requests.demand_data_rd:u,offcore_requests.demand_data_rd,3424163.0,100.0,nan,,ok
1677.2188939999999,414283.0,,resource_stalls.any:u,resource_stalls.any,1521192.0,44.0,nan,,ok
1687.568306,1143459.0,,inst_retired.any:u,inst_retired.any,1933060.0,100.0,nan,,ok
1687.568306,3589018.0,,cpu_clk_unhalted.thread:u,cpu_clk_unhalted.thread,1946297.0,100.0,nan,,ok
1687.568306,214747.0,,br_inst_retired.all_branches:u,br_inst_retired.all_branches,1954832.0,100.0,nan,,ok
1687.568306,21160.0,,br_misp_retired.all_branches:u,br_misp_retired.all_branches,1962589.0,100.0,nan,,ok
1687.568306,414356.0,,mem_uops_retired.all_loads:u,mem_uops_retired.all_loads,1784389.0,90.0,nan,,ok
1687.568306,175258.0,,mem_uops_retired.all_stores:u,mem_uops_retired.all_stores,976194.0,49.0,nan,,ok
1687.568306,39557.0,,longest_lat_cache.reference:u,longest_lat_cache.reference,1191134.0,59.0,nan,,ok
1687.568306,13372.0,,longest_lat_cache.miss:u,longest_lat_cache.miss,1994739.0,100.0,nan,,ok
1687.568306,17553.0,,offcore_requests.demand_data_rd:u,offcore_requests.demand_data_rd,2004336.0,100.0,nan,,ok
1687.568306,561256.0,,resource_stalls.any:u,resource_stalls.any,2012467.0,100.0,nan,,ok
1697.9411200000002,128768.0,,inst_retired.any:u,inst_retired.any,234152.0,100.0,nan,,ok
1697.9411200000002,434308.0,,cpu_clk_unhalted.thread:u,cpu_clk_unhalted.thread,220915.0,100.0,nan,,ok
1697.9411200000002,25173.0,,br_inst_retired.all_branches:u,br_inst_retired.all_branches,212380.0,100.0,nan,,ok
1697.9411200000002,1917.0,,br_misp_retired.all_branches:u,br_misp_retired.all_branches,204623.0,100.0,nan,,ok
1697.9411200000002,28176.0,,mem_uops_retired.all_loads:u,mem_uops_retired.all_loads,195845.0,100.0,nan,,ok
1697.9411200000002,14479.0,,mem_uops_retired.all_stores:u,mem_uops_retired.all_stores,186862.0,100.0,nan,,ok
1697.9411200000002,nan,,longest_lat_cache.reference:u,longest_lat_cache.reference,0.0,0.0,nan,,ok
1697.9411200000002,1433.0,,longest_lat_cache.miss:u,longest_lat_cache.miss,172473.0,100.0,nan,,ok
1697.9411200000002,512.0,,offcore_requests.demand_data_rd:u,offcore_requests.demand_data_rd,162876.0,100.0,nan,,ok
1697.9411200000002,7336.0,,resource_stalls.any:u,resource_stalls.any,154745.0,100.0,nan,,ok
1708.33426,9013084.0,,inst_retired.any:u,inst_retired.any,7001331.0,87.0,nan,,ok
1708.33426,16111950.0,,cpu_clk_unhalted.thread:u,cpu_clk_unhalted.thread,7016831.0,87.0,nan,,ok
1708.33426,1719299.0,,br_inst_retired.all_branches:u,br_inst_retired.all_branches,7141050.0,88.0,nan,,ok
1708.33426,102439.0,,br_misp_retired.all_branches:u,br_misp_retired.all_branches,7041746.0,87.0,nan,,ok
1708.33426,2706739.0,,mem_uops_retired.all_loads:u,mem_uops_retired.all_loads,7055627.0,87.0,nan,,ok
1708.33426,1230897.0,,mem_uops_retired.all_stores:u,mem_uops_retired.all_stores,7493526.0,92.0,nan,,ok
1708.33426,153240.0,,longest_lat_cache.reference:u,longest_lat_cache.reference,8076442.0,100.0,nan,,ok
1708.33426,42053.0,,longest_lat_cache.miss:u,longest_lat_cache.miss,7492364.0,92.0,nan,,ok
1708.33426,50706.0,,offcore_requests.demand_data_rd:u,offcore_requests.demand_data_rd,7097644.0,87.0,nan,,ok
1708.33426,2392324.0,,resource_stalls.any:u,resource_stalls.any,6113477.0,75.0,nan,,ok
1718.740626,2602948.0,,inst_retired.any:u,inst_retired.any,3116760.0,100.0,nan,,ok
1718.740626,4268015.0,,cpu_clk_unhalted.thread:u,cpu_clk_unhalted.thread,3097487.0,100.0,nan,,ok
1718.740626,491374.0,,br_inst_retired.all_branches:u,br_inst_retired.all_branches,3085313.0,100.0,nan,,ok
1718.740626,30580.0,,br_misp_retired.all_branches:u,br_misp_retired.all_branches,3073362.0,100.0,nan,,ok
1718.740626,680757.0,,mem_uops_retired.all_loads:u,mem_uops_retired.all_loads,3061909.0,100.0,nan,,ok
1718.740626,218068.0,,mem_uops_retired.all_stores:u,mem_uops_retired.all_stores,2654893.0,86.0,nan,,ok
1718.740626,22653.0,,longest_lat_cache.reference:u,longest_lat_cache.reference,2207461.0,72.0,nan,,ok
1718.740626,16554.0,,longest_lat_cache.miss:u,longest_lat_cache.miss,2028837.0,66.0,nan,,ok
1718.740626,20848.0,,offcore_requests.demand_data_rd:u,offcore_requests.demand_data_rd,2196991.0,72.0,nan,,ok
1718.740626,1030631.0,,resource_stalls.any:u,resource_stalls.any,3006072.0,100.0,nan,,ok
1729.126893,nan,,inst_retired.any:u,inst_retired.any,0.0,100.0,nan,,ok
1729.126893,nan,,cpu_clk_unhalted.thread:u,cpu_clk_unhalted.thread,0.0,100.0,nan,,ok
1729.126893,nan,,br_inst_retired.all_branches:u,br_inst_retired.all_branches,0.0,100.0,nan,,ok
1729.126893,nan,,br_misp_retired.all_branches:u,br_misp_retired.all_branches,0.0,100.0,nan,,ok
1729.126893,nan,,mem_uops_retired.all_loads:u,mem_uops_retired.all_loads,0.0,100.0,nan,,ok
1729.126893,nan,,mem_uops_retired.all_stores:u,mem_uops_retired.all_stores,0.0,100.0,nan,,ok
1729.126893,nan,,longest_lat_cache.reference:u,longest_lat_cache.reference,0.0,100.0,nan,,ok
1729.126893,nan,,longest_lat_cache.miss:u,longest_lat_cache.miss,0.0,100.0,nan,,ok
1729.126893,nan,,offcore_requests.demand_data_rd:u,offcore_requests.demand_data_rd,0.0,100.0,nan,,ok
1729.126893,nan,,resource_stalls.any:u,resource_stalls.any,0.0,100.0,nan,,ok
1739.51327,1842.0,,inst_retired.any:u,inst_retired.any,94988.0,100.0,nan,,ok
1739.51327,68478.0,,cpu_clk_unhalted.thread:u,cpu_clk_unhalted.thread,94988.0,100.0,nan,,ok
1739.51327,397.0,,br_inst_retired.all_branches:u,br_inst_retired.all_branches,94988.0,100.0,nan,,ok
1739.51327,46.0,,br_misp_retired.all_branches:u,br_misp_retired.all_branches,94988.0,100.0,nan,,ok
1739.51327,nan,,mem_uops_retired.all_loads:u,mem_uops_retired.all_loads,0.0,0.0,nan,,ok
1739.51327,311.0,,mem_uops_retired.all_stores:u,mem_uops_retired.all_stores,94988.0,100.0,nan,,ok
1739.51327,281.0,,longest_lat_cache.reference:u,longest_lat_cache.reference,94988.0,100.0,nan,,ok
1739.51327,280.0,,longest_lat_cache.miss:u,longest_lat_cache.miss,94988.0,100.0,nan,,ok
1739.51327,121.0,,offcore_requests.demand_data_rd:u,offcore_requests.demand_data_rd,94988.0,100.0,nan,,ok
1739.51327,6073.0,,resource_stalls.any:u,resource_stalls.any,94988.0,100.0,nan,,ok
1749.862629,5609656.0,,inst_retired.any:u,inst_retired.any,5517025.0,84.0,nan,,ok
1749.862629,12988808.0,,cpu_clk_unhalted.thread:u,cpu_clk_unhalted.thread,5516080.0,84.0,nan,,ok
1749.862629,1111139.0,,br_inst_retired.all_branches:u,br_inst_retired.all_branches,5521282.0,84.0,nan,,ok
1749.862629,87055.0,,br_misp_retired.all_branches:u,br_misp_retired.all_branches,5516498.0,84.0,nan,,ok
1749.862629,1702305.0,,mem_uops_retired.all_loads:u,mem_uops_retired.all_loads,5740025.0,88.0,nan,,ok
1749.862629,856743.0,,mem_uops_retired.all_stores:u,mem_uops_retired.all_stores,6470287.0,99.0,nan,,ok
1749.862629,126650.0,,longest_lat_cache.reference:u,longest_lat_cache.reference,6517916.0,100.0,nan,,ok
1749.862629,38579.0,,longest_lat_cache.miss:u,longest_lat_cache.miss,6517916.0,100.0,nan,,ok
1749.862629,45337.0,,offcore_requests.demand_data_rd:u,offcore_requests.demand_data_rd,5825132.0,89.0,nan,,ok
1749.862629,1451340.0,,resource_stalls.any:u,resource_stalls.any,4518192.0,69.0,nan,,ok
1760.24707,4932892.0,,inst_retired.any:u,inst_retired.any,4399265.0,81.0,nan,,ok
1760.24707,10527508.0,,cpu_clk_unhalted.thread:u,cpu_clk_unhalted.thread,5057100.0,93.0,nan,,ok
1760.24707,909428.0,,br_inst_retired.all_branches:u,br_inst_retired.all_branches,5401911.0,100.0,nan,,ok
1760.24707,63404.0,,br_misp_retired.all_branches:u,br_misp_retired.all_branches,5401911.0,100.0,nan,,ok
1760.24707,1349494.0,,mem_uops_retired.all_loads:u,mem_uops_retired.all_loads,5401911.0,100.0,nan,,ok
1760.24707,717723.0,,mem_uops_retired.all_stores:u,mem_uops_retired.all_stores,5231481.0,96.0,nan,,ok
1760.24707,103702.0,,longest_lat_cache.reference:u,longest_lat_cache.reference,4515778.0,83.0,nan,,ok
1760.24707,31411.0,,longest_lat_cache.miss:u,longest_lat_cache.miss,4400311.0,81.0,nan,,ok
1760.24707,34271.0,,offcore_requests.demand_data_rd:u,offcore_requests.demand_data_rd,4404519.0,81.0,nan,,ok
1760.24707,1838534.0,,resource_stalls.any:u,resource_stalls.any,3400366.0,62.0,nan,,ok
1770.606536,140409.0,,inst_retired.any:u,inst_retired.any,595781.0,100.0,nan,,ok
1770.606536,968782.0,,cpu_clk_unhalted.thread:u,cpu_clk_unhalted.thread,595781.0,100.0,nan,,ok
1770.606536,26667.0,,br_inst_retired.all_branches:u,br_inst_retired.all_branches,595781.0,100.0,nan,,ok
1770.606536,2360.0,,br_misp_retired.all_branches:u,br_misp_retired.all_branches,595781.0,100.0,nan,,ok
1770.606536,41650.0,,mem_uops_retired.all_loads:u,mem_uops_retired.all_loads,595781.0,100.0,nan,,ok
1770.606536,3810.0,,mem_uops_retired.all_stores:u,mem_uops_retired.all_stores,153836.0,25.0,nan,,ok
1770.606536,7915.0,,longest_lat_cache.reference:u,longest_lat_cache.reference,441945.0,74.0,nan,,ok
1770.606536,5437.0,,longest_lat_cache.miss:u,longest_lat_cache.miss,595781.0,100.0,nan,,ok
1770.606536,2191.0,,offcore_requests.demand_data_rd:u,offcore_requests.demand_data_rd,595781.0,100.0,nan,,ok
1770.606536,133585.0,,resource_stalls.any:u,resource_stalls.any,595781.0,100.0,nan,,ok
1781.003992,3623023.0,,inst_retired.any:u,inst_retired.any,3498254.0,77.0,nan,,ok
1781.003992,9082389.0,,cpu_clk_unhalted.thread:u,cpu_clk_unhalted.thread,4312371.0,95.0,nan,,ok
1781.003992,894098.0,,br_inst_retired.all_branches:u,br_inst_retired.all_branches,4523518.0,100.0,nan,,ok
1781.003992,59603.0,,br_misp_retired.all_branches:u,br_misp_retired.all_branches,4534264.0,100.0,nan,,ok
1781.003992,1349554.0,,mem_uops_retired.all_loads:u,mem_uops_retired.all_loads,4543788.0,100.0,nan,,ok
1781.003992,646072.0,,mem_uops_retired.all_stores:u,mem_uops_retired.all_stores,4554057.0,100.0,nan,,ok
1781.003992,110847.0,,longest_lat_cache.reference:u,longest_lat_cache.reference,3985416.0,87.0,nan,,ok
1781.003992,30662.0,,longest_lat_cache.miss:u,longest_lat_cache.miss,3678549.0,80.0,nan,,ok
1781.003992,47928.0,,offcore_requests.demand_data_rd:u,offcore_requests.demand_data_rd,3680837.0,80.0,nan,,ok
1781.003992,1540409.0,,resource_stalls.any:u,resource_stalls.any,2661797.0,57.0,nan,,ok
1791.434664,13395927.0,,inst_retired.any:u,inst_retired.any,10397245.0,100.0,nan,,ok
1791.434664,20487049.0,,cpu_clk_unhalted.thread:u,cpu_clk_unhalted.thread,8678889.0,83.0,nan,,ok
1791.434664,2648809.0,,br_inst_retired.all_branches:u,br_inst_retired.all_branches,8395994.0,80.0,nan,,ok
1791.434664,198708.0,,br_misp_retired.all_branches:u,br_misp_retired.all_branches,8390717.0,80.0,nan,,ok
1791.434664,4001457.0,,mem_uops_retired.all_loads:u,mem_uops_retired.all_loads,9337548.0,89.0,nan,,ok
1791.434664,1837494.0,,mem_uops_retired.all_stores:u,mem_uops_retired.all_stores,9388893.0,90.0,nan,,ok
1791.434664,317991.0,,longest_lat_cache.reference:u,longest_lat_cache.reference,9383301.0,90.0,nan,,ok
1791.434664,37944.0,,longest_lat_cache.miss:u,longest_lat_cache.miss,9384859.0,90.0,nan,,ok
1791.434664,120973.0,,offcore_requests.demand_data_rd:u,offcore_requests.demand_data_rd,9695552.0,93.0,nan,,ok
1791.434664,2082541.0,,resource_stalls.any:u,resource_stalls.any,10374625.0,100.0,nan,,ok
1801.8597249999998,12690092.0,,inst_retired.any:u,inst_retired.any,9424978.0,90.0,nan,,ok
1801.8597249999998,17321474.0,,cpu_clk_unhalted.thread:u,cpu_clk_unhalted.thread,9428921.0,90.0,nan,,ok
1801.8597249999998,2517456.0,,br_inst_retired.all_branches:u,br_inst_retired.all_branches,9430584.0,90.0,nan,,ok
1801.8597249999998,181570.0,,br_misp_retired.all_branches:u,br_misp_retired.all_branches,9433746.0,90.0,nan,,ok
1801.8597249999998,3301496.0,,mem_uops_retired.all_loads:u,mem_uops_retired.all_loads,9434481.0,90.0,nan,,ok
1801.8597249999998,1878750.0,,mem_uops_retired.all_stores:u,mem_uops_retired.all_stores,9423958.0,90.0,nan,,ok
1801.8597249999998,303965.0,,longest_lat_cache.reference:u,longest_lat_cache.reference,9452616.0,90.0,nan,,ok
1801.8597249999998,11319.0,,longest_lat_cache.miss:u,longest_lat_cache.miss,9440090.0,90.0,nan,,ok
1801.8597249999998,117534.0,,offcore_requests.demand_data_rd:u,offcore_requests.demand_data_rd,9128699.0,87.0,nan,,ok
1801.8597249999998,1493354.0,,resource_stalls.any:u,resource_stalls.any,8310349.0,79.0,nan,,ok
1812.366176,11165114.0,,inst_retired.any:u,inst_retired.any,9495496.0,90.0,nan,,ok
1812.366176,16069770.0,,cpu_clk_unhalted.thread:u,cpu_clk_unhalted.thread,9489014.0,90.0,nan,,ok
1812.366176,2329218.0,,br_inst_retired.all_branches:u,br_inst_retired.all_branches,9491215.0,90.0,nan,,ok
1812.366176,149900.0,,br_misp_retired.all_branches:u,br_misp_retired.all_branches,9488221.0,90.0,nan,,ok
1812.366176,3452985.0,,mem_uops_retired.all_loads:u,mem_uops_retired.all_loads,9489232.0,90.0,nan,,ok
1812.366176,1808989.0,,mem_uops_retired.all_stores:u,mem_uops_retired.all_stores,9486780.0,90.0,nan,,ok
1812.366176,224416.0,,longest_lat_cache.reference:u,longest_lat_cache.reference,9487789.0,90.0,nan,,ok
1812.366176,17010.0,,longest_lat_cache.miss:u,longest_lat_cache.miss,9484616.0,90.0,nan,,ok
1812.366176,81261.0,,offcore_requests.demand_data_rd:u,offcore_requests.demand_data_rd,9486746.0,90.0,nan,,ok
1812.366176,1290190.0,,resource_stalls.any:u,resource_stalls.any,8002449.0,76.0,nan,,ok
1822.805059,11779941.0,,inst_retired.any:u,inst_retired.any,9427594.0,90.0,nan,,ok
1822.805059,15901844.0,,cpu_clk_unhalted.thread:u,cpu_clk_unhalted.thread,9426579.0,90.0,nan,,ok
1822.805059,2280859.0,,br_inst_retired.all_branches:u,br_inst_retired.all_branches,9448976.0,90.0,nan,,ok
1822.805059,173938.0,,br_misp_retired.all_branches:u,br_misp_retired.all_branches,9449851.0,90.0,nan,,ok
1822.805059,3512842.0,,mem_uops_retired.all_loads:u,mem_uops_retired.all_loads,9452593.0,90.0,nan,,ok
1822.805059,1784212.0,,mem_uops_retired.all_stores:u,mem_uops_retired.all_stores,9466234.0,90.0,nan,,ok
1822.805059,237007.0,,longest_lat_cache.reference:u,longest_lat_cache.reference,9450140.0,90.0,nan,,ok
1822.805059,10205.0,,longest_lat_cache.miss:u,longest_lat_cache.miss,9454659.0,90.0,nan,,ok
1822.805059,92900.0,,offcore_requests.demand_data_rd:u,offcore_requests.demand_data_rd,9449094.0,90.0,nan,,ok
1822.805059,1486991.0,,resource_stalls.any:u,resource_stalls.any,7985627.0,76.0,nan,,ok
1833.296157,10904018.0,,inst_retired.any:u,inst_retired.any,8920875.0,85.0,nan,,ok
1833.296157,16010101.0,,cpu_clk_unhalted.thread:u,cpu_clk_unhalted.thread,9382626.0,90.0,nan,,ok
1833.296157,2101224.0,,br_inst_retired.all_branches:u,br_inst_retired.all_branches,9364636.0,90.0,nan,,ok
1833.296157,155435.0,,br_misp_retired.all_branches:u,br_misp_retired.all_branches,9365827.0,90.0,nan,,ok
1833.296157,3348849.0,,mem_uops_retired.all_loads:u,mem_uops_retired.all_loads,9464183.0,91.0,nan,,ok
1833.296157,1598076.0,,mem_uops_retired.all_stores:u,mem_uops_retired.all_stores,9361060.0,90.0,nan,,ok
1833.296157,292773.0,,longest_lat_cache.reference:u,longest_lat_cache.reference,9364115.0,90.0,nan,,ok
1833.296157,9496.0,,longest_lat_cache.miss:u,longest_lat_cache.miss,9362565.0,90.0,nan,,ok
1833.296157,117483.0,,offcore_requests.demand_data_rd:u,offcore_requests.demand_data_rd,9365662.0,90.0,nan,,ok
1833.296157,1552788.0,,resource_stalls.any:u,resource_stalls.any,7896162.0,76.0,nan,,ok
1843.759874,6633598.0,,inst_retired.any:u,inst_retired.any,7641561.0,93.0,nan,,ok
1843.759874,12048111.0,,cpu_clk_unhalted.thread:u,cpu_clk_unhalted.thread,7171457.0,87.0,nan,,ok
1843.759874,1266949.0,,br_inst_retired.all_branches:u,br_inst_retired.all_branches,7175119.0,87.0,nan,,ok
1843.759874,144702.0,,br_misp_retired.all_branches:u,br_misp_retired.all_branches,7175770.0,87.0,nan,,ok
1843.759874,2059735.0,,mem_uops_retired.all_loads:u,mem_uops_retired.all_loads,7132270.0,87.0,nan,,ok
1843.759874,1011870.0,,mem_uops_retired.all_stores:u,mem_uops_retired.all_stores,7176820.0,87.0,nan,,ok
1843.759874,228124.0,,longest_lat_cache.reference:u,longest_lat_cache.reference,7375510.0,89.0,nan,,ok
1843.759874,5879.0,,longest_lat_cache.miss:u,longest_lat_cache.miss,7365535.0,89.0,nan,,ok
1843.759874,86775.0,,offcore_requests.demand_data_rd:u,offcore_requests.demand_data_rd,7201206.0,87.0,nan,,ok
1843.759874,1008037.0,,resource_stalls.any:u,resource_stalls.any,7707070.0,93.0,nan,,ok
1854.2764650000001,4981401.0,,inst_retired.any:u,inst_retired.any,3502727.0,77.0,nan,,ok
1854.2764650000001,6569716.0,,cpu_clk_unhalted.thread:u,cpu_clk_unhalted.thread,3503308.0,77.0,nan,,ok
1854.2764650000001,1017355.0,,br_inst_retired.all_branches:u,br_inst_retired.all_branches,3500937.0,77.0,nan,,ok
1854.2764650000001,78392.0,,br_misp_retired.all_branches:u,br_misp_retired.all_branches,4016172.0,89.0,nan,,ok
1854.2764650000001,1335957.0,,mem_uops_retired.all_loads:u,mem_uops_retired.all_loads,4501068.0,100.0,nan,,ok
1854.2764650000001,666960.0,,mem_uops_retired.all_stores:u,mem_uops_retired.all_stores,4501081.0,100.0,nan,,ok
1854.2764650000001,106617.0,,longest_lat_cache.reference:u,longest_lat_cache.reference,4473724.0,100.0,nan,,ok
1854.2764650000001,2906.0,,longest_lat_cache.miss:u,longest_lat_cache.miss,4472805.0,100.0,nan,,ok
1854.2764650000001,36182.0,,offcore_requests.demand_data_rd:u,offcore_requests.demand_data_rd,4473021.0,100.0,nan,,ok
1854.2764650000001,333339.0,,resource_stalls.any:u,resource_stalls.any,2543550.0,56.0,nan,,ok
1864.7805099999998,11582589.0,,inst_retired.any:u,inst_retired.any,9245504.0,90.0,nan,,ok
1864.7805099999998,15681218.0,,cpu_clk_unhalted.thread:u,cpu_clk_unhalted.thread,9350825.0,91.0,nan,,ok
1864.7805099999998,2323819.0,,br_inst_retired.all_branches:u,br_inst_retired.all_branches,9245829.0,90.0,nan,,ok
1864.7805099999998,167281.0,,br_misp_retired.all_branches:u,br_misp_retired.all_branches,8761912.0,85.0,nan,,ok
1864.7805099999998,3167994.0,,mem_uops_retired.all_loads:u,mem_uops_retired.all_loads,9242529.0,89.0,nan,,ok
1864.7805099999998,1609944.0,,mem_uops_retired.all_stores:u,mem_uops_retired.all_stores,9276584.0,90.0,nan,,ok
1864.7805099999998,281419.0,,longest_lat_cache.reference:u,longest_lat_cache.reference,9272766.0,90.0,nan,,ok
1864.7805099999998,6783.0,,longest_lat_cache.miss:u,longest_lat_cache.miss,9274408.0,90.0,nan,,ok
1864.7805099999998,105767.0,,offcore_requests.demand_data_rd:u,offcore_requests.demand_data_rd,9275962.0,90.0,nan,,ok
1864.7805099999998,1239528.0,,resource_stalls.any:u,resource_stalls.any,8431494.0,82.0,nan,,ok
1875.2965749999998,10285859.0,,inst_retired.any:u,inst_retired.any,9000118.0,90.0,nan,,ok
1875.2965749999998,14743227.0,,cpu_clk_unhalted.thread:u,cpu_clk_unhalted.thread,8983528.0,89.0,nan,,ok
1875.2965749999998,2042237.0,,br_inst_retired.all_branches:u,br_inst_retired.all_branches,8975923.0,89.0,nan,,ok
1875.2965749999998,163168.0,,br_misp_retired.all_branches:u,br_misp_retired.all_branches,8934221.0,89.0,nan,,ok
1875.2965749999998,3423354.0,,mem_uops_retired.all_loads:u,mem_uops_retired.all_loads,8591912.0,86.0,nan,,ok
1875.2965749999998,1705827.0,,mem_uops_retired.all_stores:u,mem_uops_retired.all_stores,8914977.0,89.0,nan,,ok
1875.2965749999998,221909.0,,longest_lat_cache.reference:u,longest_lat_cache.reference,9199803.0,92.0,nan,,ok
1875.2965749999998,4508.0,,longest_lat_cache.miss:u,longest_lat_cache.miss,9019205.0,91.0,nan,,ok
1875.2965749999998,81393.0,,offcore_requests.demand_data_rd:u,offcore_requests.demand_data_rd,8887638.0,89.0,nan,,ok
1875.2965749999998,946469.0,,resource_stalls.any:u,resource_stalls.any,7878023.0,79.0,nan,,ok
1885.760615,6630614.0,,inst_retired.any:u,inst_retired.any,3819815.0,100.0,nan,,ok
1885.760615,5587496.0,,cpu_clk_unhalted.thread:u,cpu_clk_unhalted.thread,3833895.0,100.0,nan,,ok
1885.760615,1322610.0,,br_inst_retired.all_branches:u,br_inst_retired.all_branches,3844735.0,100.0,nan,,ok
1885.760615,37682.0,,br_misp_retired.all_branches:u,br_misp_retired.all_branches,3855777.0,100.0,nan,,ok
1885.760615,2880061.0,,mem_uops_retired.all_loads:u,mem_uops_retired.all_loads,3591297.0,92.0,nan,,ok
1885.760615,647616.0,,mem_uops_retired.all_stores:u,mem_uops_retired.all_stores,3263371.0,84.0,nan,,ok
1885.760615,28541.0,,longest_lat_cache.reference:u,longest_lat_cache.reference,2903650.0,74.0,nan,,ok
1885.760615,4707.0,,longest_lat_cache.miss:u,longest_lat_cache.miss,2917376.0,74.0,nan,,ok
1885.760615,21588.0,,offcore_requests.demand_data_rd:u,offcore_requests.demand_data_rd,2927826.0,74.0,nan,,ok
1885.760615,328645.0,,resource_stalls.any:u,resource_stalls.any,3884511.0,98.0,nan,,ok
1896.26112,5422672.0,,inst_retired.any:u,inst_retired.any,2627556.0,72.0,nan,,ok
1896.26112,4873770.0,,cpu_clk_unhalted.thread:u,cpu_clk_unhalted.thread,2627017.0,72.0,nan,,ok
1896.26112,1578545.0,,br_inst_retired.all_branches:u,br_inst_retired.all_branches,3041397.0,83.0,nan,,ok
1896.26112,26920.0,,br_misp_retired.all_branches:u,br_misp_retired.all_branches,3625626.0,100.0,nan,,ok
1896.26112,2889638.0,,mem_uops_retired.all_loads:u,mem_uops_retired.all_loads,3625243.0,100.0,nan,,ok
1896.26112,520059.0,,mem_uops_retired.all_stores:u,mem_uops_retired.all_stores,3625321.0,100.0,nan,,ok
1896.26112,31322.0,,longest_lat_cache.reference:u,longest_lat_cache.reference,3605462.0,100.0,nan,,ok
1896.26112,2340.0,,longest_lat_cache.miss:u,longest_lat_cache.miss,3604544.0,100.0,nan,,ok
1896.26112,10467.0,,offcore_requests.demand_data_rd:u,offcore_requests.demand_data_rd,3604475.0,100.0,nan,,ok
1896.26112,251871.0,,resource_stalls.any:u,resource_stalls.any,1655240.0,45.0,nan,,ok
1906.752052,2087118.0,,inst_retired.any:u,inst_retired.any,3122143.0,100.0,nan,,ok
1906.752052,2570413.0,,cpu_clk_unhalted.thread:u,cpu_clk_unhalted.thread,3108163.0,100.0,nan,,ok
1906.752052,504207.0,,br_inst_retired.all_branches:u,br_inst_retired.all_branches,2254223.0,72.0,nan,,ok
1906.752052,20419.0,,br_misp_retired.all_branches:u,br_misp_retired.all_branches,2106911.0,68.0,nan,,ok
1906.752052,482801.0,,mem_uops_retired.all_loads:u,mem_uops_retired.all_loads,2076366.0,67.0,nan,,ok
1906.752052,243733.0,,mem_uops_retired.all_stores:u,mem_uops_retired.all_stores,2799717.0,91.0,nan,,ok
1906.752052,32140.0,,longest_lat_cache.reference:u,longest_lat_cache.reference,3059603.0,100.0,nan,,ok
1906.752052,6433.0,,longest_lat_cache.miss:u,longest_lat_cache.miss,3049890.0,100.0,nan,,ok
1906.752052,15832.0,,offcore_requests.demand_data_rd:u,offcore_requests.demand_data_rd,3040125.0,100.0,nan,,ok
1906.752052,595445.0,,resource_stalls.any:u,resource_stalls.any,3029991.0,100.0,nan,,ok
1917.233482,317675.0,,inst_retired.any:u,inst_retired.any,498825.0,100.0,nan,,ok
1917.233482,440103.0,,cpu_clk_unhalted.thread:u,cpu_clk_unhalted.thread,498825.0,100.0,nan,,ok
1917.233482,57564.0,,br_inst_retired.all_branches:u,br_inst_retired.all_branches,498825.0,100.0,nan,,ok
1917.233482,3430.0,,br_misp_retired.all_branches:u,br_misp_retired.all_branches,498825.0,100.0,nan,,ok
1917.233482,83854.0,,mem_uops_retired.all_loads:u,mem_uops_retired.all_loads,498825.0,100.0,nan,,ok
1917.233482,nan,,mem_uops_retired.all_stores:u,mem_uops_retired.all_stores,0.0,0.0,nan,,ok
1917.233482,5359.0,,longest_lat_cache.reference:u,longest_lat_cache.reference,498825.0,100.0,nan,,ok
1917.233482,1432.0,,longest_lat_cache.miss:u,longest_lat_cache.miss,498825.0,100.0,nan,,ok
1917.233482,2641.0,,offcore_requests.demand_data_rd:u,offcore_requests.demand_data_rd,498825.0,100.0,nan,,ok
1917.233482,105468.0,,resource_stalls.any:u,resource_stalls.any,498825.0,100.0,nan,,ok
1927.696003,2844771.0,,inst_retired.any:u,inst_retired.any,2447018.0,100.0,nan,,ok
1927.696003,3812054.0,,cpu_clk_unhalted.thread:u,cpu_clk_unhalted.thread,2458250.0,100.0,nan,,ok
1927.696003,581587.0,,br_inst_retired.all_branches:u,br_inst_retired.all_branches,2466073.0,100.0,nan,,ok
1927.696003,23177.0,,br_misp_retired.all_branches:u,br_misp_retired.all_branches,2473830.0,100.0,nan,,ok
1927.696003,912446.0,,mem_uops_retired.all_loads:u,mem_uops_retired.all_loads,2481493.0,100.0,nan,,ok
1927.696003,305386.0,,mem_uops_retired.all_stores:u,mem_uops_retired.all_stores,1753580.0,70.0,nan,,ok
1927.696003,24848.0,,longest_lat_cache.reference:u,longest_lat_cache.reference,735123.0,29.0,nan,,ok
1927.696003,14996.0,,longest_lat_cache.miss:u,longest_lat_cache.miss,2502373.0,100.0,nan,,ok
1927.696003,14286.0,,offcore_requests.demand_data_rd:u,offcore_requests.demand_data_rd,2510200.0,100.0,nan,,ok
1927.696003,574093.0,,resource_stalls.any:u,resource_stalls.any,2518021.0,100.0,nan,,ok
1938.072723,12526918.0,,inst_retired.any:u,inst_retired.any,9380633.0,90.0,nan,,ok
1938.072723,13963696.0,,cpu_clk_unhalted.thread:u,cpu_clk_unhalted.thread,9380220.0,90.0,nan,,ok
1938.072723,2041843.0,,br_inst_retired.all_branches:u,br_inst_retired.all_branches,9385522.0,90.0,nan,,ok
1938.072723,106658.0,,br_misp_retired.all_branches:u,br_misp_retired.all_branches,9384421.0,90.0,nan,,ok
1938.072723,3670754.0,,mem_uops_retired.all_loads:u,mem_uops_retired.all_loads,9388074.0,90.0,nan,,ok
1938.072723,1951951.0,,mem_uops_retired.all_stores:u,mem_uops_retired.all_stores,9394372.0,90.0,nan,,ok
1938.072723,128410.0,,longest_lat_cache.reference:u,longest_lat_cache.reference,9310810.0,89.0,nan,,ok
1938.072723,43183.0,,longest_lat_cache.miss:u,longest_lat_cache.miss,9077109.0,87.0,nan,,ok
1938.072723,60519.0,,offcore_requests.demand_data_rd:u,offcore_requests.demand_data_rd,9401931.0,90.0,nan,,ok
1938.072723,2041974.0,,resource_stalls.any:u,resource_stalls.any,8402848.0,80.0,nan,,ok
1948.546881,16252328.0,,inst_retired.any:u,inst_retired.any,9471430.0,90.0,nan,,ok
1948.546881,16509797.0,,cpu_clk_unhalted.thread:u,cpu_clk_unhalted.thread,9473258.0,90.0,nan,,ok
1948.546881,3256334.0,,br_inst_retired.all_branches:u,br_inst_retired.all_branches,9472225.0,90.0,nan,,ok
1948.546881,169094.0,,br_misp_retired.all_branches:u,br_misp_retired.all_branches,9471894.0,90.0,nan,,ok
1948.546881,5036621.0,,mem_uops_retired.all_loads:u,mem_uops_retired.all_loads,9470845.0,90.0,nan,,ok
1948.546881,2428027.0,,mem_uops_retired.all_stores:u,mem_uops_retired.all_stores,9476114.0,90.0,nan,,ok
1948.546881,150859.0,,longest_lat_cache.reference:u,longest_lat_cache.reference,9468705.0,90.0,nan,,ok
1948.546881,21359.0,,longest_lat_cache.miss:u,longest_lat_cache.miss,8999828.0,85.0,nan,,ok
1948.546881,72005.0,,offcore_requests.demand_data_rd:u,offcore_requests.demand_data_rd,9471557.0,90.0,nan,,ok
1948.546881,1715601.0,,resource_stalls.any:u,resource_stalls.any,8469876.0,80.0,nan,,ok
1959.025714,12291699.0,,inst_retired.any:u,inst_retired.any,9481420.0,90.0,nan,,ok
1959.025714,16105570.0,,cpu_clk_unhalted.thread:u,cpu_clk_unhalted.thread,9477906.0,90.0,nan,,ok
1959.025714,2305607.0,,br_inst_retired.all_branches:u,br_inst_retired.all_branches,9479657.0,90.0,nan,,ok
1959.025714,159664.0,,br_misp_retired.all_branches:u,br_misp_retired.all_branches,9481479.0,90.0,nan,,ok
1959.025714,3299551.0,,mem_uops_retired.all_loads:u,mem_uops_retired.all_loads,9478035.0,90.0,nan,,ok
1959.025714,1673017.0,,mem_uops_retired.all_stores:u,mem_uops_retired.all_stores,9479625.0,90.0,nan,,ok
1959.025714,240095.0,,longest_lat_cache.reference:u,longest_lat_cache.reference,9479494.0,90.0,nan,,ok
1959.025714,26798.0,,longest_lat_cache.miss:u,longest_lat_cache.miss,9271333.0,88.0,nan,,ok
1959.025714,103400.0,,offcore_requests.demand_data_rd:u,offcore_requests.demand_data_rd,9199077.0,87.0,nan,,ok
1959.025714,1790785.0,,resource_stalls.any:u,resource_stalls.any,8479586.0,80.0,nan,,ok
1969.491477,10371993.0,,inst_retired.any:u,inst_retired.any,9462498.0,90.0,nan,,ok
1969.491477,14809674.0,,cpu_clk_unhalted.thread:u,cpu_clk_unhalted.thread,9461724.0,90.0,nan,,ok
1969.491477,1992689.0,,br_inst_retired.all_branches:u,br_inst_retired.all_branches,9461543.0,90.0,nan,,ok
1969.491477,131745.0,,br_misp_retired.all_branches:u,br_misp_retired.all_branches,9463311.0,90.0,nan,,ok
1969.491477,2828718.0,,mem_uops_retired.all_loads:u,mem_uops_retired.all_loads,9460929.0,90.0,nan,,ok
1969.491477,1512707.0,,mem_uops_retired.all_stores:u,mem_uops_retired.all_stores,9459738.0,90.0,nan,,ok
1969.491477,271065.0,,longest_lat_cache.reference:u,longest_lat_cache.reference,9461046.0,90.0,nan,,ok
1969.491477,13253.0,,longest_lat_cache.miss:u,longest_lat_cache.miss,9462158.0,90.0,nan,,ok
1969.491477,88949.0,,offcore_requests.demand_data_rd:u,offcore_requests.demand_data_rd,8998311.0,86.0,nan,,ok
1969.491477,1021858.0,,resource_stalls.any:u,resource_stalls.any,8461318.0,80.0,nan,,ok
1979.939562,11402363.0,,inst_retired.any:u,inst_retired.any,9442597.0,90.0,nan,,ok
1979.939562,15563790.0,,cpu_clk_unhalted.thread:u,cpu_clk_unhalted.thread,9438184.0,90.0,nan,,ok
1979.939562,2204890.0,,br_inst_retired.all_branches:u,br_inst_retired.all_branches,9438115.0,90.0,nan,,ok
1979.939562,148081.0,,br_misp_retired.all_branches:u,br_misp_retired.all_branches,9434691.0,90.0,nan,,ok
1979.939562,3057135.0,,mem_uops_retired.all_loads:u,mem_uops_retired.all_loads,9434952.0,90.0,nan,,ok
1979.939562,1569479.0,,mem_uops_retired.all_stores:u,mem_uops_retired.all_stores,9433519.0,90.0,nan,,ok
1979.939562,260675.0,,longest_lat_cache.reference:u,longest_lat_cache.reference,9432316.0,90.0,nan,,ok
1979.939562,11836.0,,longest_lat_cache.miss:u,longest_lat_cache.miss,9430402.0,90.0,nan,,ok
1979.939562,104099.0,,offcore_requests.demand_data_rd:u,offcore_requests.demand_data_rd,9171821.0,87.0,nan,,ok
1979.939562,1209694.0,,resource_stalls.any:u,resource_stalls.any,8249619.0,79.0,nan,,ok
1990.337974,11395206.0,,inst_retired.any:u,inst_retired.any,9399457.0,90.0,nan,,ok
1990.337974,15860933.0,,cpu_clk_unhalted.thread:u,cpu_clk_unhalted.thread,9401170.0,90.0,nan,,ok
1990.337974,2360330.0,,br_inst_retired.all_branches:u,br_inst_retired.all_branches,9399380.0,90.0,nan,,ok
1990.337974,170569.0,,br_misp_retired.all_branches:u,br_misp_retired.all_branches,9401637.0,90.0,nan,,ok
1990.337974,3371264.0,,mem_uops_retired.all_loads:u,mem_uops_retired.all_loads,9399100.0,90.0,nan,,ok
1990.337974,1758996.0,,mem_uops_retired.all_stores:u,mem_uops_retired.all_stores,9403052.0,90.0,nan,,ok
1990.337974,241026.0,,longest_lat_cache.reference:u,longest_lat_cache.reference,9401902.0,90.0,nan,,ok
1990.337974,22853.0,,longest_lat_cache.miss:u,longest_lat_cache.miss,9404546.0,90.0,nan,,ok
1990.337974,96563.0,,offcore_requests.demand_data_rd:u,offcore_requests.demand_data_rd,9403025.0,90.0,nan,,ok
1990.337974,1550211.0,,resource_stalls.any:u,resource_stalls.any,7999597.0,76.0,nan,,ok
2000.749438,10331845.0,,inst_retired.any:u,inst_retired.any,8411911.0,89.0,nan,,ok
2000.749438,14058999.0,,cpu_clk_unhalted.thread:u,cpu_clk_unhalted.thread,8907000.0,94.0,nan,,ok
2000.749438,2053950.0,,br_inst_retired.all_branches:u,br_inst_retired.all_branches,8628458.0,91.0,nan,,ok
2000.749438,149674.0,,br_misp_retired.all_branches:u,br_misp_retired.all_branches,8583076.0,91.0,nan,,ok
2000.749438,2865641.0,,mem_uops_retired.all_loads:u,mem_uops_retired.all_loads,8411125.0,89.0,nan,,ok
2000.749438,1390368.0,,mem_uops_retired.all_stores:u,mem_uops_retired.all_stores,8414223.0,89.0,nan,,ok
2000.749438,187460.0,,longest_lat_cache.reference:u,longest_lat_cache.reference,8410544.0,89.0,nan,,ok
2000.749438,18580.0,,longest_lat_cache.miss:u,longest_lat_cache.miss,7533450.0,80.0,nan,,ok
2000.749438,66789.0,,offcore_requests.demand_data_rd:u,offcore_requests.demand_data_rd,8422773.0,89.0,nan,,ok
2000.749438,1200761.0,,resource_stalls.any:u,resource_stalls.any,7998074.0,84.0,nan,,ok
2011.190349,4962133.0,,inst_retired.any:u,inst_retired.any,6131511.0,85.0,nan,,ok
2011.190349,8686673.0,,cpu_clk_unhalted.thread:u,cpu_clk_unhalted.thread,6119587.0,85.0,nan,,ok
2011.190349,1189030.0,,br_inst_retired.all_branches:u,br_inst_retired.all_branches,6113948.0,85.0,nan,,ok
2011.190349,87472.0,,br_misp_retired.all_branches:u,br_misp_retired.all_branches,6191680.0,87.0,nan,,ok
2011.190349,1846265.0,,mem_uops_retired.all_loads:u,mem_uops_retired.all_loads,6096024.0,85.0,nan,,ok
2011.190349,1068005.0,,mem_uops_retired.all_stores:u,mem_uops_retired.all_stores,6084915.0,85.0,nan,,ok
2011.190349,154382.0,,longest_lat_cache.reference:u,longest_lat_cache.reference,6934451.0,98.0,nan,,ok
2011.190349,14270.0,,longest_lat_cache.miss:u,longest_lat_cache.miss,7065174.0,100.0,nan,,ok
2011.190349,60683.0,,offcore_requests.demand_data_rd:u,offcore_requests.demand_data_rd,7046378.0,99.0,nan,,ok
2011.190349,1090379.0,,resource_stalls.any:u,resource_stalls.any,5044590.0,71.0,nan,,ok
2021.599175,nan,,inst_retired.any:u,inst_retired.any,0.0,100.0,nan,,ok
2021.599175,nan,,cpu_clk_unhalted.thread:u,cpu_clk_unhalted.thread,0.0,100.0,nan,,ok
2021.599175,nan,,br_inst_retired.all_branches:u,br_inst_retired.all_branches,0.0,100.0,nan,,ok
2021.599175,nan,,br_misp_retired.all_branches:u,br_misp_retired.all_branches,0.0,100.0,nan,,ok
2021.599175,nan,,mem_uops_retired.all_loads:u,mem_uops_retired.all_loads,0.0,100.0,nan,,ok
2021.599175,nan,,mem_uops_retired.all_stores:u,mem_uops_retired.all_stores,0.0,100.0,nan,,ok
2021.599175,nan,,longest_lat_cache.reference:u,longest_lat_cache.reference,0.0,100.0,nan,,ok
2021.599175,nan,,longest_lat_cache.miss:u,longest_lat_cache.miss,0.0,100.0,nan,,ok
2021.599175,nan,,offcore_requests.demand_data_rd:u,offcore_requests.demand_data_rd,0.0,100.0,nan,,ok
2021.599175,nan,,resource_stalls.any:u,resource_stalls.any,0.0,100.0,nan,,ok
2031.9811520000003,2695099.0,,inst_retired.any:u,inst_retired.any,2773810.0,100.0,nan,,ok
2031.9811520000003,4173206.0,,cpu_clk_unhalted.thread:u,cpu_clk_unhalted.thread,2783229.0,100.0,nan,,ok
2031.9811520000003,531684.0,,br_inst_retired.all_branches:u,br_inst_retired.all_branches,2789797.0,100.0,nan,,ok
2031.9811520000003,38597.0,,br_misp_retired.all_branches:u,br_misp_retired.all_branches,2797166.0,100.0,nan,,ok
2031.9811520000003,754520.0,,mem_uops_retired.all_loads:u,mem_uops_retired.all_loads,2804709.0,100.0,nan,,ok
2031.9811520000003,391899.0,,mem_uops_retired.all_stores:u,mem_uops_retired.all_stores,2811850.0,100.0,nan,,ok
2031.9811520000003,45952.0,,longest_lat_cache.reference:u,longest_lat_cache.reference,2186281.0,77.0,nan,,ok
2031.9811520000003,13342.0,,longest_lat_cache.miss:u,longest_lat_cache.miss,1826778.0,64.0,nan,,ok
2031.9811520000003,16328.0,,offcore_requests.demand_data_rd:u,offcore_requests.demand_data_rd,1834872.0,64.0,nan,,ok
2031.9811520000003,453252.0,,resource_stalls.any:u,resource_stalls.any,2632103.0,92.0,nan,,ok
2042.3663259999998,11872283.0,,inst_retired.any:u,inst_retired.any,8926724.0,89.0,nan,,ok
2042.3663259999998,15152341.0,,cpu_clk_unhalted.thread:u,cpu_clk_unhalted.thread,8923991.0,89.0,nan,,ok
2042.3663259999998,2397562.0,,br_inst_retired.all_branches:u,br_inst_retired.all_branches,8922563.0,89.0,nan,,ok
2042.3663259999998,142776.0,,br_misp_retired.all_branches:u,br_misp_retired.all_branches,8924898.0,89.0,nan,,ok
2042.3663259999998,3506380.0,,mem_uops_retired.all_loads:u,mem_uops_retired.all_loads,8924941.0,89.0,nan,,ok
2042.3663259999998,1692184.0,,mem_uops_retired.all_stores:u,mem_uops_retired.all_stores,8920880.0,89.0,nan,,ok
2042.3663259999998,221949.0,,longest_lat_cache.reference:u,longest_lat_cache.reference,8381248.0,84.0,nan,,ok
2042.3663259999998,14254.0,,longest_lat_cache.miss:u,longest_lat_cache.miss,8923887.0,89.0,nan,,ok
2042.3663259999998,95364.0,,offcore_requests.demand_data_rd:u,offcore_requests.demand_data_rd,9337627.0,94.0,nan,,ok
2042.3663259999998,1237799.0,,resource_stalls.any:u,resource_stalls.any,8132209.0,81.0,nan,,ok
2052.742103,14860671.0,,inst_retired.any:u,inst_retired.any,9375234.0,90.0,nan,,ok
2052.742103,16117383.0,,cpu_clk_unhalted.thread:u,cpu_clk_unhalted.thread,9374981.0,90.0,nan,,ok
2052.742103,2947716.0,,br_inst_retired.all_branches:u,br_inst_retired.all_branches,9377833.0,90.0,nan,,ok
2052.742103,151022.0,,br_misp_retired.all_branches:u,br_misp_retired.all_branches,9377717.0,90.0,nan,,ok
2052.742103,3908726.0,,mem_uops_retired.all_loads:u,mem_uops_retired.all_loads,9377043.0,90.0,nan,,ok
2052.742103,1843633.0,,mem_uops_retired.all_stores:u,mem_uops_retired.all_stores,9377115.0,90.0,nan,,ok
2052.742103,264976.0,,longest_lat_cache.reference:u,longest_lat_cache.reference,9378594.0,90.0,nan,,ok
2052.742103,13074.0,,longest_lat_cache.miss:u,longest_lat_cache.miss,9377851.0,90.0,nan,,ok
2052.742103,111216.0,,offcore_requests.demand_data_rd:u,offcore_requests.demand_data_rd,8999822.0,86.0,nan,,ok
2052.742103,1347260.0,,resource_stalls.any:u,resource_stalls.any,8375552.0,80.0,nan,,ok
2063.1301519999997,21635642.0,,inst_retired.any:u,inst_retired.any,9385945.0,90.0,nan,,ok
2063.1301519999997,15728517.0,,cpu_clk_unhalted.thread:u,cpu_clk_unhalted.thread,9388568.0,90.0,nan,,ok
2063.1301519999997,4098770.0,,br_inst_retired.all_branches:u,br_inst_retired.all_branches,9389152.0,90.0,nan,,ok
2063.1301519999997,120455.0,,br_misp_retired.all_branches:u,br_misp_retired.all_branches,9391482.0,90.0,nan,,ok
2063.1301519999997,5574122.0,,mem_uops_retired.all_loads:u,mem_uops_retired.all_loads,9391000.0,90.0,nan,,ok
2063.1301519999997,2692361.0,,mem_uops_retired.all_stores:u,mem_uops_retired.all_stores,9387991.0,90.0,nan,,ok
2063.1301519999997,146799.0,,longest_lat_cache.reference:u,longest_lat_cache.reference,9392350.0,90.0,nan,,ok
2063.1301519999997,23707.0,,longest_lat_cache.miss:u,longest_lat_cache.miss,9390524.0,90.0,nan,,ok
2063.1301519999997,63010.0,,offcore_requests.demand_data_rd:u,offcore_requests.demand_data_rd,9354156.0,89.0,nan,,ok
2063.1301519999997,3451232.0,,resource_stalls.any:u,resource_stalls.any,8031304.0,77.0,nan,,ok
2073.5299139999997,11356668.0,,inst_retired.any:u,inst_retired.any,9142847.0,90.0,nan,,ok
2073.5299139999997,11185297.0,,cpu_clk_unhalted.thread:u,cpu_clk_unhalted.thread,9141118.0,90.0,nan,,ok
2073.5299139999997,1930836.0,,br_inst_retired.all_branches:u,br_inst_retired.all_branches,9139114.0,90.0,nan,,ok
2073.5299139999997,85857.0,,br_misp_retired.all_branches:u,br_misp_retired.all_branches,9147206.0,90.0,nan,,ok
2073.5299139999997,3609156.0,,mem_uops_retired.all_loads:u,mem_uops_retired.all_loads,8343403.0,82.0,nan,,ok
2073.5299139999997,1527445.0,,mem_uops_retired.all_stores:u,mem_uops_retired.all_stores,9146566.0,90.0,nan,,ok
2073.5299139999997,115899.0,,longest_lat_cache.reference:u,longest_lat_cache.reference,9143848.0,90.0,nan,,ok
2073.5299139999997,23672.0,,longest_lat_cache.miss:u,longest_lat_cache.miss,9143151.0,90.0,nan,,ok
2073.5299139999997,67392.0,,offcore_requests.demand_data_rd:u,offcore_requests.demand_data_rd,9445887.0,93.0,nan,,ok
2073.5299139999997,1289913.0,,resource_stalls.any:u,resource_stalls.any,8504609.0,83.0,nan,,ok
2084.005974,9052591.0,,inst_retired.any:u,inst_retired.any,9474274.0,90.0,nan,,ok
2084.005974,11168338.0,,cpu_clk_unhalted.thread:u,cpu_clk_unhalted.thread,9472835.0,90.0,nan,,ok
2084.005974,1725277.0,,br_inst_retired.all_branches:u,br_inst_retired.all_branches,9475563.0,90.0,nan,,ok
2084.005974,121817.0,,br_misp_retired.all_branches:u,br_misp_retired.all_branches,9476238.0,90.0,nan,,ok
2084.005974,2463330.0,,mem_uops_retired.all_loads:u,mem_uops_retired.all_loads,9476303.0,90.0,nan,,ok
2084.005974,1280706.0,,mem_uops_retired.all_stores:u,mem_uops_retired.all_stores,9476590.0,90.0,nan,,ok
2084.005974,157289.0,,longest_lat_cache.reference:u,longest_lat_cache.reference,9475750.0,90.0,nan,,ok
2084.005974,10286.0,,longest_lat_cache.miss:u,longest_lat_cache.miss,9474277.0,90.0,nan,,ok
2084.005974,65307.0,,offcore_requests.demand_data_rd:u,offcore_requests.demand_data_rd,9235510.0,88.0,nan,,ok
2084.005974,1215072.0,,resource_stalls.any:u,resource_stalls.any,8236276.0,78.0,nan,,ok
2094.4567159999997,7807447.0,,inst_retired.any:u,inst_retired.any,9449823.0,90.0,nan,,ok
2094.4567159999997,11329784.0,,cpu_clk_unhalted.thread:u,cpu_clk_unhalted.thread,9451045.0,90.0,nan,,ok
2094.4567159999997,1463049.0,,br_inst_retired.all_branches:u,br_inst_retired.all_branches,9449167.0,90.0,nan,,ok
2094.4567159999997,119668.0,,br_misp_retired.all_branches:u,br_misp_retired.all_branches,9452613.0,90.0,nan,,ok
2094.4567159999997,2134500.0,,mem_uops_retired.all_loads:u,mem_uops_retired.all_loads,9449616.0,90.0,nan,,ok
2094.4567159999997,1040594.0,,mem_uops_retired.all_stores:u,mem_uops_retired.all_stores,9450237.0,90.0,nan,,ok
2094.4567159999997,213120.0,,longest_lat_cache.reference:u,longest_lat_cache.reference,9451210.0,90.0,nan,,ok
2094.4567159999997,15015.0,,longest_lat_cache.miss:u,longest_lat_cache.miss,9449439.0,90.0,nan,,ok
2094.4567159999997,89760.0,,offcore_requests.demand_data_rd:u,offcore_requests.demand_data_rd,9451403.0,90.0,nan,,ok
2094.4567159999997,1123919.0,,resource_stalls.any:u,resource_stalls.any,7999086.0,76.0,nan,,ok
2104.90758,8097647.0,,inst_retired.any:u,inst_retired.any,9380262.0,89.0,nan,,ok
2104.90758,11295123.0,,cpu_clk_unhalted.thread:u,cpu_clk_unhalted.thread,9446694.0,90.0,nan,,ok
2104.90758,1588391.0,,br_inst_retired.all_branches:u,br_inst_retired.all_branches,9448153.0,90.0,nan,,ok
2104.90758,127138.0,,br_misp_retired.all_branches:u,br_misp_retired.all_branches,9446092.0,90.0,nan,,ok
2104.90758,2321217.0,,mem_uops_retired.all_loads:u,mem_uops_retired.all_loads,9450900.0,90.0,nan,,ok
2104.90758,1127957.0,,mem_uops_retired.all_stores:u,mem_uops_retired.all_stores,9442096.0,90.0,nan,,ok
2104.90758,182898.0,,longest_lat_cache.reference:u,longest_lat_cache.reference,9448384.0,90.0,nan,,ok
2104.90758,13247.0,,longest_lat_cache.miss:u,longest_lat_cache.miss,9443543.0,90.0,nan,,ok
2104.90758,71564.0,,offcore_requests.demand_data_rd:u,offcore_requests.demand_data_rd,9446023.0,90.0,nan,,ok
2104.90758,814610.0,,resource_stalls.any:u,resource_stalls.any,8000183.0,76.0,nan,,ok
2115.352818,5784146.0,,inst_retired.any:u,inst_retired.any,6396205.0,87.0,nan,,ok
2115.352818,7698814.0,,cpu_clk_unhalted.thread:u,cpu_clk_unhalted.thread,5477252.0,74.0,nan,,ok
2115.352818,1204076.0,,br_inst_retired.all_branches:u,br_inst_retired.all_branches,6310762.0,86.0,nan,,ok
2115.352818,79689.0,,br_misp_retired.all_branches:u,br_misp_retired.all_branches,6300273.0,86.0,nan,,ok
2115.352818,1741806.0,,mem_uops_retired.all_loads:u,mem_uops_retired.all_loads,6294422.0,86.0,nan,,ok
2115.352818,881893.0,,mem_uops_retired.all_stores:u,mem_uops_retired.all_stores,6286438.0,86.0,nan,,ok
2115.352818,126032.0,,longest_lat_cache.reference:u,longest_lat_cache.reference,6724053.0,92.0,nan,,ok
2115.352818,5286.0,,longest_lat_cache.miss:u,longest_lat_cache.miss,7271776.0,100.0,nan,,ok
2115.352818,50630.0,,offcore_requests.demand_data_rd:u,offcore_requests.demand_data_rd,7264019.0,100.0,nan,,ok
2115.352818,594265.0,,resource_stalls.any:u,resource_stalls.any,6396205.0,88.0,nan,,ok
2125.7673449999998,3421692.0,,inst_retired.any:u,inst_retired.any,7604316.0,88.0,nan,,ok
2125.7673449999998,4808536.0,,cpu_clk_unhalted.thread:u,cpu_clk_unhalted.thread,7705963.0,100.0,nan,,ok
2125.7673449999998,677498.0,,br_inst_retired.all_branches:u,br_inst_retired.all_branches,8308857.0,100.0,nan,,ok
2125.7673449999998,67205.0,,br_misp_retired.all_branches:u,br_misp_retired.all_branches,8641236.0,100.0,nan,,ok
2125.7673449999998,1108745.0,,mem_uops_retired.all_loads:u,mem_uops_retired.all_loads,8150550.0,95.0,nan,,ok
2125.7673449999998,606413.0,,mem_uops_retired.all_stores:u,mem_uops_retired.all_stores,7688263.0,88.0,nan,,ok
2125.7673449999998,108540.0,,longest_lat_cache.reference:u,longest_lat_cache.reference,7397910.0,85.0,nan,,ok
2125.7673449999998,6333.0,,longest_lat_cache.miss:u,longest_lat_cache.miss,7359190.0,88.0,nan,,ok
2125.7673449999998,38383.0,,offcore_requests.demand_data_rd:u,offcore_requests.demand_data_rd,7682292.0,88.0,nan,,ok
2125.7673449999998,361641.0,,resource_stalls.any:u,resource_stalls.any,6567156.0,76.0,nan,,ok
2136.236521,0.0,,inst_retired.any:u,inst_retired.any,9467677.0,90.0,nan,,ok
2136.236521,0.0,,cpu_clk_unhalted.thread:u,cpu_clk_unhalted.thread,9466317.0,90.0,nan,,ok
2136.236521,0.0,,br_inst_retired.all_branches:u,br_inst_retired.all_branches,9467476.0,90.0,nan,,ok
2136.236521,0.0,,br_misp_retired.all_branches:u,br_misp_retired.all_branches,9468344.0,90.0,nan,,ok
2136.236521,17367.0,,mem_uops_retired.all_loads:u,mem_uops_retired.all_loads,9465516.0,90.0,nan,,ok
2136.236521,0.0,,mem_uops_retired.all_stores:u,mem_uops_retired.all_stores,9463980.0,90.0,nan,,ok
2136.236521,0.0,,longest_lat_cache.reference:u,longest_lat_cache.reference,9441893.0,90.0,nan,,ok
2136.236521,0.0,,longest_lat_cache.miss:u,longest_lat_cache.miss,9014613.0,86.0,nan,,ok
2136.236521,0.0,,offcore_requests.demand_data_rd:u,offcore_requests.demand_data_rd,9453313.0,90.0,nan,,ok
2136.236521,0.0,,resource_stalls.any:u,resource_stalls.any,8431233.0,80.0,nan,,ok
2146.655698,1449642.0,,inst_retired.any:u,inst_retired.any,6753823.0,87.0,nan,,ok
2146.655698,1832611.0,,cpu_clk_unhalted.thread:u,cpu_clk_unhalted.thread,7238987.0,90.0,nan,,ok
2146.655698,310181.0,,br_inst_retired.all_branches:u,br_inst_retired.all_branches,7995721.0,100.0,nan,,ok
2146.655698,16195.0,,br_misp_retired.all_branches:u,br_misp_retired.all_branches,7995834.0,100.0,nan,,ok
2146.655698,366687.0,,mem_uops_retired.all_loads:u,mem_uops_retired.all_loads,7996761.0,100.0,nan,,ok
2146.655698,166310.0,,mem_uops_retired.all_stores:u,mem_uops_retired.all_stores,7997150.0,100.0,nan,,ok
2146.655698,11657.0,,longest_lat_cache.reference:u,longest_lat_cache.reference,7998291.0,100.0,nan,,ok
2146.655698,2015.0,,longest_lat_cache.miss:u,longest_lat_cache.miss,6147879.0,76.0,nan,,ok
2146.655698,4837.0,,offcore_requests.demand_data_rd:u,offcore_requests.demand_data_rd,6043394.0,76.0,nan,,ok
2146.655698,75702.0,,resource_stalls.any:u,resource_stalls.any,4608229.0,59.0,nan,,ok
2157.1114869999997,1277308.0,,inst_retired.any:u,inst_retired.any,6276793.0,86.0,nan,,ok
2157.1114869999997,1524485.0,,cpu_clk_unhalted.thread:u,cpu_clk_unhalted.thread,7002542.0,96.0,nan,,ok
2157.1114869999997,176747.0,,br_inst_retired.all_branches:u,br_inst_retired.all_branches,5269651.0,72.0,nan,,ok
2157.1114869999997,10146.0,,br_misp_retired.all_branches:u,br_misp_retired.all_branches,5401546.0,84.0,nan,,ok
2157.1114869999997,320053.0,,mem_uops_retired.all_loads:u,mem_uops_retired.all_loads,6360071.0,87.0,nan,,ok
2157.1114869999997,113660.0,,mem_uops_retired.all_stores:u,mem_uops_retired.all_stores,7242053.0,100.0,nan,,ok
2157.1114869999997,19086.0,,longest_lat_cache.reference:u,longest_lat_cache.reference,7234999.0,100.0,nan,,ok
2157.1114869999997,3080.0,,longest_lat_cache.miss:u,longest_lat_cache.miss,7228866.0,100.0,nan,,ok
2157.1114869999997,8592.0,,offcore_requests.demand_data_rd:u,offcore_requests.demand_data_rd,7134913.0,98.0,nan,,ok
2157.1114869999997,173495.0,,resource_stalls.any:u,resource_stalls.any,5033787.0,69.0,nan,,ok
2167.516661,4531624.0,,inst_retired.any:u,inst_retired.any,7285866.0,87.0,nan,,ok
2167.516661,2950389.0,,cpu_clk_unhalted.thread:u,cpu_clk_unhalted.thread,7285869.0,87.0,nan,,ok
2167.516661,1423515.0,,br_inst_retired.all_branches:u,br_inst_retired.all_branches,6749406.0,81.0,nan,,ok
2167.516661,27973.0,,br_misp_retired.all_branches:u,br_misp_retired.all_branches,7321223.0,88.0,nan,,ok
2167.516661,1658119.0,,mem_uops_retired.all_loads:u,mem_uops_retired.all_loads,6259466.0,78.0,nan,,ok
2167.516661,625393.0,,mem_uops_retired.all_stores:u,mem_uops_retired.all_stores,7283859.0,87.0,nan,,ok
2167.516661,21316.0,,longest_lat_cache.reference:u,longest_lat_cache.reference,7732423.0,96.0,nan,,ok
2167.516661,936.0,,longest_lat_cache.miss:u,longest_lat_cache.miss,8282923.0,100.0,nan,,ok
2167.516661,10236.0,,offcore_requests.demand_data_rd:u,offcore_requests.demand_data_rd,8282923.0,100.0,nan,,ok
2167.516661,127637.0,,resource_stalls.any:u,resource_stalls.any,7065292.0,85.0,nan,,ok
2177.9184840000003,963000.0,,inst_retired.any:u,inst_retired.any,6123236.0,100.0,nan,,ok
2177.9184840000003,1405129.0,,cpu_clk_unhalted.thread:u,cpu_clk_unhalted.thread,6131406.0,100.0,nan,,ok
2177.9184840000003,205685.0,,br_inst_retired.all_branches:u,br_inst_retired.all_branches,5855523.0,95.0,nan,,ok
2177.9184840000003,11506.0,,br_misp_retired.all_branches:u,br_misp_retired.all_branches,5174762.0,84.0,nan,,ok
2177.9184840000003,310638.0,,mem_uops_retired.all_loads:u,mem_uops_retired.all_loads,4579458.0,74.0,nan,,ok
2177.9184840000003,105481.0,,mem_uops_retired.all_stores:u,mem_uops_retired.all_stores,5149685.0,83.0,nan,,ok
2177.9184840000003,19590.0,,longest_lat_cache.reference:u,longest_lat_cache.reference,5767172.0,93.0,nan,,ok
2177.9184840000003,210.0,,longest_lat_cache.miss:u,longest_lat_cache.miss,5148619.0,83.0,nan,,ok
2177.9184840000003,7082.0,,offcore_requests.demand_data_rd:u,offcore_requests.demand_data_rd,5212095.0,100.0,nan,,ok
2177.9184840000003,70766.0,,resource_stalls.any:u,resource_stalls.any,6151109.0,100.0,nan,,ok
2188.349855,662228.0,,inst_retired.any:u,inst_retired.any,6485141.0,100.0,nan,,ok
2188.349855,1149536.0,,cpu_clk_unhalted.thread:u,cpu_clk_unhalted.thread,6476971.0,100.0,nan,,ok
2188.349855,143541.0,,br_inst_retired.all_branches:u,br_inst_retired.all_branches,6471021.0,100.0,nan,,ok
2188.349855,9309.0,,br_misp_retired.all_branches:u,br_misp_retired.all_branches,6462855.0,100.0,nan,,ok
2188.349855,207004.0,,mem_uops_retired.all_loads:u,mem_uops_retired.all_loads,3993461.0,61.0,nan,,ok
2188.349855,74965.0,,mem_uops_retired.all_stores:u,mem_uops_retired.all_stores,4431077.0,77.0,nan,,ok
2188.349855,11930.0,,longest_lat_cache.reference:u,longest_lat_cache.reference,5458338.0,84.0,nan,,ok
2188.349855,208.0,,longest_lat_cache.miss:u,longest_lat_cache.miss,5862891.0,90.0,nan,,ok
2188.349855,5277.0,,offcore_requests.demand_data_rd:u,offcore_requests.demand_data_rd,6083305.0,98.0,nan,,ok
2188.349855,27463.0,,resource_stalls.any:u,resource_stalls.any,6457268.0,100.0,nan,,ok
2198.753931,1579005.0,,inst_retired.any:u,inst_retired.any,9032158.0,100.0,nan,,ok
2198.753931,2039806.0,,cpu_clk_unhalted.thread:u,cpu_clk_unhalted.thread,9041688.0,100.0,nan,,ok
2198.753931,345679.0,,br_inst_retired.all_branches:u,br_inst_retired.all_branches,9048461.0,100.0,nan,,ok
2198.753931,16287.0,,br_misp_retired.all_branches:u,br_misp_retired.all_branches,9055214.0,100.0,nan,,ok
2198.753931,323808.0,,mem_uops_retired.all_loads:u,mem_uops_retired.all_loads,8629890.0,95.0,nan,,ok
2198.753931,216343.0,,mem_uops_retired.all_stores:u,mem_uops_retired.all_stores,6932860.0,76.0,nan,,ok
2198.753931,19536.0,,longest_lat_cache.reference:u,longest_lat_cache.reference,6072680.0,66.0,nan,,ok
2198.753931,451.0,,longest_lat_cache.miss:u,longest_lat_cache.miss,6595330.0,74.0,nan,,ok
2198.753931,9510.0,,offcore_requests.demand_data_rd:u,offcore_requests.demand_data_rd,8061794.0,89.0,nan,,ok
2198.753931,70967.0,,resource_stalls.any:u,resource_stalls.any,9094594.0,100.0,nan,,ok
2209.2132530000003,1039484.0,,inst_retired.any:u,inst_retired.any,5956173.0,92.0,nan,,ok
2209.2132530000003,1414122.0,,cpu_clk_unhalted.thread:u,cpu_clk_unhalted.thread,6466320.0,100.0,nan,,ok
2209.2132530000003,233638.0,,br_inst_retired.all_branches:u,br_inst_retired.all_branches,6465850.0,100.0,nan,,ok
2209.2132530000003,12361.0,,br_misp_retired.all_branches:u,br_misp_retired.all_branches,6465881.0,100.0,nan,,ok
2209.2132530000003,279922.0,,mem_uops_retired.all_loads:u,mem_uops_retired.all_loads,6465234.0,100.0,nan,,ok
2209.2132530000003,94396.0,,mem_uops_retired.all_stores:u,mem_uops_retired.all_stores,6464557.0,100.0,nan,,ok
2209.2132530000003,15747.0,,longest_lat_cache.reference:u,longest_lat_cache.reference,5758266.0,89.0,nan,,ok
2209.2132530000003,23.0,,longest_lat_cache.miss:u,longest_lat_cache.miss,4734653.0,73.0,nan,,ok
2209.2132530000003,6911.0,,offcore_requests.demand_data_rd:u,offcore_requests.demand_data_rd,4505272.0,72.0,nan,,ok
2209.2132530000003,32807.0,,resource_stalls.any:u,resource_stalls.any,4387156.0,73.0,nan,,ok
2219.645478,2294369.0,,inst_retired.any:u,inst_retired.any,5219659.0,76.0,nan,,ok
2219.645478,1828608.0,,cpu_clk_unhalted.thread:u,cpu_clk_unhalted.thread,5802859.0,85.0,nan,,ok
2219.645478,342887.0,,br_inst_retired.all_branches:u,br_inst_retired.all_branches,5963492.0,100.0,nan,,ok
2219.645478,18908.0,,br_misp_retired.all_branches:u,br_misp_retired.all_branches,6805175.0,100.0,nan,,ok
2219.645478,464898.0,,mem_uops_retired.all_loads:u,mem_uops_retired.all_loads,6804532.0,100.0,nan,,ok
2219.645478,219456.0,,mem_uops_retired.all_stores:u,mem_uops_retired.all_stores,6804876.0,100.0,nan,,ok
2219.645478,20541.0,,longest_lat_cache.reference:u,longest_lat_cache.reference,6807119.0,100.0,nan,,ok
2219.645478,1017.0,,longest_lat_cache.miss:u,longest_lat_cache.miss,6707352.0,98.0,nan,,ok
2219.645478,6878.0,,offcore_requests.demand_data_rd:u,offcore_requests.demand_data_rd,4534219.0,66.0,nan,,ok
2219.645478,137088.0,,resource_stalls.any:u,resource_stalls.any,4219088.0,61.0,nan,,ok
2230.1048,1033333.0,,inst_retired.any:u,inst_retired.any,6460396.0,75.0,nan,,ok
2230.1048,1362098.0,,cpu_clk_unhalted.thread:u,cpu_clk_unhalted.thread,5941279.0,76.0,nan,,ok
2230.1048,194800.0,,br_inst_retired.all_branches:u,br_inst_retired.all_branches,7599582.0,88.0,nan,,ok
2230.1048,12287.0,,br_misp_retired.all_branches:u,br_misp_retired.all_branches,8386051.0,97.0,nan,,ok
2230.1048,271421.0,,mem_uops_retired.all_loads:u,mem_uops_retired.all_loads,8598634.0,100.0,nan,,ok
2230.1048,93285.0,,mem_uops_retired.all_stores:u,mem_uops_retired.all_stores,8598530.0,100.0,nan,,ok
2230.1048,19705.0,,longest_lat_cache.reference:u,longest_lat_cache.reference,8596874.0,100.0,nan,,ok
2230.1048,8.0,,longest_lat_cache.miss:u,longest_lat_cache.miss,8596770.0,100.0,nan,,ok
2230.1048,8110.0,,offcore_requests.demand_data_rd:u,offcore_requests.demand_data_rd,7649296.0,88.0,nan,,ok
2230.1048,40304.0,,resource_stalls.any:u,resource_stalls.any,4815399.0,56.0,nan,,ok
2240.5475340000003,291329.0,,inst_retired.any:u,inst_retired.any,5256318.0,84.0,nan,,ok
2240.5475340000003,828331.0,,cpu_clk_unhalted.thread:u,cpu_clk_unhalted.thread,5537915.0,88.0,nan,,ok
2240.5475340000003,130616.0,,br_inst_retired.all_branches:u,br_inst_retired.all_branches,4924611.0,82.0,nan,,ok
2240.5475340000003,6692.0,,br_misp_retired.all_branches:u,br_misp_retired.all_branches,6114263.0,97.0,nan,,ok
2240.5475340000003,169062.0,,mem_uops_retired.all_loads:u,mem_uops_retired.all_loads,5257778.0,84.0,nan,,ok
2240.5475340000003,49746.0,,mem_uops_retired.all_stores:u,mem_uops_retired.all_stores,5524681.0,88.0,nan,,ok
2240.5475340000003,11528.0,,longest_lat_cache.reference:u,longest_lat_cache.reference,6255868.0,100.0,nan,,ok
2240.5475340000003,266.0,,longest_lat_cache.miss:u,longest_lat_cache.miss,6255669.0,100.0,nan,,ok
2240.5475340000003,4343.0,,offcore_requests.demand_data_rd:u,offcore_requests.demand_data_rd,5950069.0,100.0,nan,,ok
2240.5475340000003,5415.0,,resource_stalls.any:u,resource_stalls.any,4257561.0,68.0,nan,,ok
2251.002483,1009339.0,,inst_retired.any:u,inst_retired.any,8986672.0,98.0,nan,,ok
2251.002483,1576129.0,,cpu_clk_unhalted.thread:u,cpu_clk_unhalted.thread,9150822.0,100.0,nan,,ok
2251.002483,234364.0,,br_inst_retired.all_branches:u,br_inst_retired.all_branches,9152186.0,100.0,nan,,ok
2251.002483,12541.0,,br_misp_retired.all_branches:u,br_misp_retired.all_branches,9151322.0,100.0,nan,,ok
2251.002483,260861.0,,mem_uops_retired.all_loads:u,mem_uops_retired.all_loads,7902139.0,86.0,nan,,ok
2251.002483,90659.0,,mem_uops_retired.all_stores:u,mem_uops_retired.all_stores,6948468.0,75.0,nan,,ok
2251.002483,20863.0,,longest_lat_cache.reference:u,longest_lat_cache.reference,6703375.0,75.0,nan,,ok
2251.002483,49.0,,longest_lat_cache.miss:u,longest_lat_cache.miss,8109786.0,89.0,nan,,ok
2251.002483,6729.0,,offcore_requests.demand_data_rd:u,offcore_requests.demand_data_rd,8156264.0,89.0,nan,,ok
2251.002483,46578.0,,resource_stalls.any:u,resource_stalls.any,7926365.0,86.0,nan,,ok
2261.4493740000003,805855.0,,inst_retired.any:u,inst_retired.any,6579111.0,88.0,nan,,ok
2261.4493740000003,933399.0,,cpu_clk_unhalted.thread:u,cpu_clk_unhalted.thread,6417194.0,86.0,nan,,ok
2261.4493740000003,142051.0,,br_inst_retired.all_branches:u,br_inst_retired.all_branches,6396143.0,86.0,nan,,ok
2261.4493740000003,9962.0,,br_misp_retired.all_branches:u,br_misp_retired.all_branches,5997834.0,80.0,nan,,ok
2261.4493740000003,248913.0,,mem_uops_retired.all_loads:u,mem_uops_retired.all_loads,6044800.0,81.0,nan,,ok
2261.4493740000003,100391.0,,mem_uops_retired.all_stores:u,mem_uops_retired.all_stores,5761094.0,78.0,nan,,ok
2261.4493740000003,16407.0,,longest_lat_cache.reference:u,longest_lat_cache.reference,7267621.0,100.0,nan,,ok
2261.4493740000003,314.0,,longest_lat_cache.miss:u,longest_lat_cache.miss,7416294.0,100.0,nan,,ok
2261.4493740000003,6547.0,,offcore_requests.demand_data_rd:u,offcore_requests.demand_data_rd,7415228.0,100.0,nan,,ok
2261.4493740000003,50140.0,,resource_stalls.any:u,resource_stalls.any,6644871.0,89.0,nan,,ok
2271.892763,997120.0,,inst_retired.any:u,inst_retired.any,8395694.0,100.0,nan,,ok
2271.892763,1468743.0,,cpu_clk_unhalted.thread:u,cpu_clk_unhalted.thread,8394717.0,100.0,nan,,ok
2271.892763,213421.0,,br_inst_retired.all_branches:u,br_inst_retired.all_branches,8395351.0,100.0,nan,,ok
2271.892763,10859.0,,br_misp_retired.all_branches:u,br_misp_retired.all_branches,7460424.0,88.0,nan,,ok
2271.892763,274399.0,,mem_uops_retired.all_loads:u,mem_uops_retired.all_loads,6016898.0,71.0,nan,,ok
2271.892763,104096.0,,mem_uops_retired.all_stores:u,mem_uops_retired.all_stores,6350567.0,78.0,nan,,ok
2271.892763,19185.0,,longest_lat_cache.reference:u,longest_lat_cache.reference,7229737.0,87.0,nan,,ok
2271.892763,18.0,,longest_lat_cache.miss:u,longest_lat_cache.miss,7394027.0,88.0,nan,,ok
2271.892763,7331.0,,offcore_requests.demand_data_rd:u,offcore_requests.demand_data_rd,7516582.0,89.0,nan,,ok
2271.892763,41407.0,,resource_stalls.any:u,resource_stalls.any,8393684.0,100.0,nan,,ok
2282.335047,118605.0,,inst_retired.any:u,inst_retired.any,2618934.0,100.0,nan,,ok
2282.335047,212828.0,,cpu_clk_unhalted.thread:u,cpu_clk_unhalted.thread,2617861.0,100.0,nan,,ok
2282.335047,30777.0,,br_inst_retired.all_branches:u,br_inst_retired.all_branches,2616647.0,100.0,nan,,ok
2282.335047,1913.0,,br_misp_retired.all_branches:u,br_misp_retired.all_branches,2615927.0,100.0,nan,,ok
2282.335047,33578.0,,mem_uops_retired.all_loads:u,mem_uops_retired.all_loads,2615741.0,100.0,nan,,ok
2282.335047,7317.0,,mem_uops_retired.all_stores:u,mem_uops_retired.all_stores,1726676.0,65.0,nan,,ok
2282.335047,2514.0,,longest_lat_cache.reference:u,longest_lat_cache.reference,1421795.0,54.0,nan,,ok
2282.335047,82.0,,longest_lat_cache.miss:u,longest_lat_cache.miss,2072640.0,79.0,nan,,ok
2282.335047,941.0,,offcore_requests.demand_data_rd:u,offcore_requests.demand_data_rd,2615164.0,100.0,nan,,ok
2282.335047,4253.0,,resource_stalls.any:u,resource_stalls.any,2615071.0,100.0,nan,,ok
2292.768918,3863177.0,,inst_retired.any:u,inst_retired.any,8290230.0,89.0,nan,,ok
2292.768918,3430220.0,,cpu_clk_unhalted.thread:u,cpu_clk_unhalted.thread,8290856.0,89.0,nan,,ok
2292.768918,647455.0,,br_inst_retired.all_branches:u,br_inst_retired.all_branches,8291627.0,89.0,nan,,ok
2292.768918,35434.0,,br_misp_retired.all_branches:u,br_misp_retired.all_branches,8289916.0,89.0,nan,,ok
2292.768918,882003.0,,mem_uops_retired.all_loads:u,mem_uops_retired.all_loads,8291705.0,89.0,nan,,ok
2292.768918,345057.0,,mem_uops_retired.all_stores:u,mem_uops_retired.all_stores,8321697.0,89.0,nan,,ok
2292.768918,38826.0,,longest_lat_cache.reference:u,longest_lat_cache.reference,9286890.0,100.0,nan,,ok
2292.768918,7654.0,,longest_lat_cache.miss:u,longest_lat_cache.miss,8832220.0,95.0,nan,,ok
2292.768918,25208.0,,offcore_requests.demand_data_rd:u,offcore_requests.demand_data_rd,8290363.0,89.0,nan,,ok
2292.768918,505472.0,,resource_stalls.any:u,resource_stalls.any,6469958.0,69.0,nan,,ok
2303.2432639999997,875024.0,,inst_retired.any:u,inst_retired.any,6227018.0,79.0,nan,,ok
2303.2432639999997,1353072.0,,cpu_clk_unhalted.thread:u,cpu_clk_unhalted.thread,6644475.0,86.0,nan,,ok
2303.2432639999997,184096.0,,br_inst_retired.all_branches:u,br_inst_retired.all_branches,7427450.0,94.0,nan,,ok
2303.2432639999997,12177.0,,br_misp_retired.all_branches:u,br_misp_retired.all_branches,7849335.0,100.0,nan,,ok
2303.2432639999997,270673.0,,mem_uops_retired.all_loads:u,mem_uops_retired.all_loads,7309221.0,93.0,nan,,ok
2303.2432639999997,84047.0,,mem_uops_retired.all_stores:u,mem_uops_retired.all_stores,7681231.0,99.0,nan,,ok
2303.2432639999997,16542.0,,longest_lat_cache.reference:u,longest_lat_cache.reference,7468314.0,95.0,nan,,ok
2303.2432639999997,1149.0,,longest_lat_cache.miss:u,longest_lat_cache.miss,7282490.0,92.0,nan,,ok
2303.2432639999997,5437.0,,offcore_requests.demand_data_rd:u,offcore_requests.demand_data_rd,6633730.0,89.0,nan,,ok
2303.2432639999997,107847.0,,resource_stalls.any:u,resource_stalls.any,4489966.0,57.0,nan,,ok
2313.656138,609969.0,,inst_retired.any:u,inst_retired.any,5897245.0,74.0,nan,,ok
2313.656138,1010203.0,,cpu_clk_unhalted.thread:u,cpu_clk_unhalted.thread,6831270.0,98.0,nan,,ok
2313.656138,126620.0,,br_inst_retired.all_branches:u,br_inst_retired.all_branches,7230801.0,94.0,nan,,ok
2313.656138,8073.0,,br_misp_retired.all_branches:u,br_misp_retired.all_branches,7868647.0,100.0,nan,,ok
2313.656138,179955.0,,mem_uops_retired.all_loads:u,mem_uops_retired.all_loads,7862104.0,100.0,nan,,ok
2313.656138,57929.0,,mem_uops_retired.all_stores:u,mem_uops_retired.all_stores,7855701.0,100.0,nan,,ok
2313.656138,14246.0,,longest_lat_cache.reference:u,longest_lat_cache.reference,7849387.0,100.0,nan,,ok
2313.656138,117.0,,longest_lat_cache.miss:u,longest_lat_cache.miss,7843084.0,100.0,nan,,ok
2313.656138,5748.0,,offcore_requests.demand_data_rd:u,offcore_requests.demand_data_rd,5557767.0,70.0,nan,,ok
2313.656138,10337.0,,resource_stalls.any:u,resource_stalls.any,3926614.0,50.0,nan,,ok
2324.105756,1243219.0,,inst_retired.any:u,inst_retired.any,7569413.0,87.0,nan,,ok
2324.105756,1587274.0,,cpu_clk_unhalted.thread:u,cpu_clk_unhalted.thread,7562310.0,87.0,nan,,ok
2324.105756,213031.0,,br_inst_retired.all_branches:u,br_inst_retired.all_branches,7647877.0,88.0,nan,,ok
2324.105756,11799.0,,br_misp_retired.all_branches:u,br_misp_retired.all_branches,7678362.0,88.0,nan,,ok
2324.105756,301117.0,,mem_uops_retired.all_loads:u,mem_uops_retired.all_loads,8013103.0,92.0,nan,,ok
2324.105756,100997.0,,mem_uops_retired.all_stores:u,mem_uops_retired.all_stores,8651177.0,100.0,nan,,ok
2324.105756,18204.0,,longest_lat_cache.reference:u,longest_lat_cache.reference,8651177.0,100.0,nan,,ok
2324.105756,232.0,,longest_lat_cache.miss:u,longest_lat_cache.miss,8651177.0,100.0,nan,,ok
2324.105756,6716.0,,offcore_requests.demand_data_rd:u,offcore_requests.demand_data_rd,6784183.0,78.0,nan,,ok
2324.105756,62958.0,,resource_stalls.any:u,resource_stalls.any,5570050.0,64.0,nan,,ok
2334.5825449999998,0.0,,inst_retired.any:u,inst_retired.any,837930.0,100.0,nan,,ok
2334.5825449999998,0.0,,cpu_clk_unhalted.thread:u,cpu_clk_unhalted.thread,837930.0,100.0,nan,,ok
2334.5825449999998,0.0,,br_inst_retired.all_branches:u,br_inst_retired.all_branches,837930.0,100.0,nan,,ok
2334.5825449999998,0.0,,br_misp_retired.all_branches:u,br_misp_retired.all_branches,837930.0,100.0,nan,,ok
2334.5825449999998,3728.0,,mem_uops_retired.all_loads:u,mem_uops_retired.all_loads,135056.0,16.0,nan,,ok
2334.5825449999998,0.0,,mem_uops_retired.all_stores:u,mem_uops_retired.all_stores,702874.0,83.0,nan,,ok
2334.5825449999998,0.0,,longest_lat_cache.reference:u,longest_lat_cache.reference,837930.0,100.0,nan,,ok
2334.5825449999998,0.0,,longest_lat_cache.miss:u,longest_lat_cache.miss,837930.0,100.0,nan,,ok
2334.5825449999998,0.0,,offcore_requests.demand_data_rd:u,offcore_requests.demand_data_rd,837930.0,100.0,nan,,ok
2334.5825449999998,0.0,,resource_stalls.any:u,resource_stalls.any,837930.0,100.0,nan,,ok
2345.042121,nan,,inst_retired.any:u,inst_retired.any,0.0,100.0,nan,,ok
2345.042121,nan,,cpu_clk_unhalted.thread:u,cpu_clk_unhalted.thread,0.0,100.0,nan,,ok
2345.042121,nan,,br_inst_retired.all_branches:u,br_inst_retired.all_branches,0.0,100.0,nan,,ok
2345.042121,nan,,br_misp_retired.all_branches:u,br_misp_retired.all_branches,0.0,100.0,nan,,ok
2345.042121,nan,,mem_uops_retired.all_loads:u,mem_uops_retired.all_loads,0.0,100.0,nan,,ok
2345.042121,nan,,mem_uops_retired.all_stores:u,mem_uops_retired.all_stores,0.0,100.0,nan,,ok
2345.042121,nan,,longest_lat_cache.reference:u,longest_lat_cache.reference,0.0,100.0,nan,,ok
2345.042121,nan,,longest_lat_cache.miss:u,longest_lat_cache.miss,0.0,100.0,nan,,ok
2345.042121,nan,,offcore_requests.demand_data_rd:u,offcore_requests.demand_data_rd,0.0,100.0,nan,,ok
2345.042121,nan,,resource_stalls.any:u,resource_stalls.any,0.0,100.0,nan,,ok
2355.481476,nan,,inst_retired.any:u,inst_retired.any,0.0,100.0,nan,,ok
2355.481476,nan,,cpu_clk_unhalted.thread:u,cpu_clk_unhalted.thread,0.0,100.0,nan,,ok
2355.481476,nan,,br_inst_retired.all_branches:u,br_inst_retired.all_branches,0.0,100.0,nan,,ok
2355.481476,nan,,br_misp_retired.all_branches:u,br_misp_retired.all_branches,0.0,100.0,nan,,ok
2355.481476,nan,,mem_uops_retired.all_loads:u,mem_uops_retired.all_loads,0.0,100.0,nan,,ok
2355.481476,nan,,mem_uops_retired.all_stores:u,mem_uops_retired.all_stores,0.0,100.0,nan,,ok
2355.481476,nan,,longest_lat_cache.reference:u,longest_lat_cache.reference,0.0,100.0,nan,,ok
2355.481476,nan,,longest_lat_cache.miss:u,longest_lat_cache.miss,0.0,100.0,nan,,ok
2355.481476,nan,,offcore_requests.demand_data_rd:u,offcore_requests.demand_data_rd,0.0,100.0,nan,,ok
2355.481476,nan,,resource_stalls.any:u,resource_stalls.any,0.0,100.0,nan,,ok
2365.879802,nan,,inst_retired.any:u,inst_retired.any,0.0,100.0,nan,,ok
2365.879802,nan,,cpu_clk_unhalted.thread:u,cpu_clk_unhalted.thread,0.0,100.0,nan,,ok
2365.879802,nan,,br_inst_retired.all_branches:u,br_inst_retired.all_branches,0.0,100.0,nan,,ok
2365.879802,nan,,br_misp_retired.all_branches:u,br_misp_retired.all_branches,0.0,100.0,nan,,ok
2365.879802,nan,,mem_uops_retired.all_loads:u,mem_uops_retired.all_loads,0.0,100.0,nan,,ok
2365.879802,nan,,mem_uops_retired.all_stores:u,mem_uops_retired.all_stores,0.0,100.0,nan,,ok
2365.879802,nan,,longest_lat_cache.reference:u,longest_lat_cache.reference,0.0,100.0,nan,,ok
2365.879802,nan,,longest_lat_cache.miss:u,longest_lat_cache.miss,0.0,100.0,nan,,ok
2365.879802,nan,,offcore_requests.demand_data_rd:u,offcore_requests.demand_data_rd,0.0,100.0,nan,,ok
2365.879802,nan,,resource_stalls.any:u,resource_stalls.any,0.0,100.0,nan,,ok
2376.353134,nan,,inst_retired.any:u,inst_retired.any,0.0,100.0,nan,,ok
2376.353134,nan,,cpu_clk_unhalted.thread:u,cpu_clk_unhalted.thread,0.0,100.0,nan,,ok
2376.353134,nan,,br_inst_retired.all_branches:u,br_inst_retired.all_branches,0.0,100.0,nan,,ok
2376.353134,nan,,br_misp_retired.all_branches:u,br_misp_retired.all_branches,0.0,100.0,nan,,ok
2376.353134,nan,,mem_uops_retired.all_loads:u,mem_uops_retired.all_loads,0.0,100.0,nan,,ok
2376.353134,nan,,mem_uops_retired.all_stores:u,mem_uops_retired.all_stores,0.0,100.0,nan,,ok
2376.353134,nan,,longest_lat_cache.reference:u,longest_lat_cache.reference,0.0,100.0,nan,,ok
2376.353134,nan,,longest_lat_cache.miss:u,longest_lat_cache.miss,0.0,100.0,nan,,ok
2376.353134,nan,,offcore_requests.demand_data_rd:u,offcore_requests.demand_data_rd,0.0,100.0,nan,,ok
2376.353134,nan,,resource_stalls.any:u,resource_stalls.any,0.0,100.0,nan,,ok
2386.826124,nan,,inst_retired.any:u,inst_retired.any,0.0,100.0,nan,,ok
2386.826124,nan,,cpu_clk_unhalted.thread:u,cpu_clk_unhalted.thread,0.0,100.0,nan,,ok
2386.826124,nan,,br_inst_retired.all_branches:u,br_inst_retired.all_branches,0.0,100.0,nan,,ok
2386.826124,nan,,br_misp_retired.all_branches:u,br_misp_retired.all_branches,0.0,100.0,nan,,ok
2386.826124,nan,,mem_uops_retired.all_loads:u,mem_uops_retired.all_loads,0.0,100.0,nan,,ok
2386.826124,nan,,mem_uops_retired.all_stores:u,mem_uops_retired.all_stores,0.0,100.0,nan,,ok
2386.826124,nan,,longest_lat_cache.reference:u,longest_lat_cache.reference,0.0,100.0,nan,,ok
2386.826124,nan,,longest_lat_cache.miss:u,longest_lat_cache.miss,0.0,100.0,nan,,ok
2386.826124,nan,,offcore_requests.demand_data_rd:u,offcore_requests.demand_data_rd,0.0,100.0,nan,,ok
2386.826124,nan,,resource_stalls.any:u,resource_stalls.any,0.0,100.0,nan,,ok
2397.276285,nan,,inst_retired.any:u,inst_retired.any,0.0,100.0,nan,,ok
2397.276285,nan,,cpu_clk_unhalted.thread:u,cpu_clk_unhalted.thread,0.0,100.0,nan,,ok
2397.276285,nan,,br_inst_retired.all_branches:u,br_inst_retired.all_branches,0.0,100.0,nan,,ok
2397.276285,nan,,br_misp_retired.all_branches:u,br_misp_retired.all_branches,0.0,100.0,nan,,ok
2397.276285,nan,,mem_uops_retired.all_loads:u,mem_uops_retired.all_loads,0.0,100.0,nan,,ok
2397.276285,nan,,mem_uops_retired.all_stores:u,mem_uops_retired.all_stores,0.0,100.0,nan,,ok
2397.276285,nan,,longest_lat_cache.reference:u,longest_lat_cache.reference,0.0,100.0,nan,,ok
2397.276285,nan,,longest_lat_cache.miss:u,longest_lat_cache.miss,0.0,100.0,nan,,ok
2397.276285,nan,,offcore_requests.demand_data_rd:u,offcore_requests.demand_data_rd,0.0,100.0,nan,,ok
2397.276285,nan,,resource_stalls.any:u,resource_stalls.any,0.0,100.0,nan,,ok
2407.682489,nan,,inst_retired.any:u,inst_retired.any,0.0,100.0,nan,,ok
2407.682489,nan,,cpu_clk_unhalted.thread:u,cpu_clk_unhalted.thread,0.0,100.0,nan,,ok
2407.682489,nan,,br_inst_retired.all_branches:u,br_inst_retired.all_branches,0.0,100.0,nan,,ok
2407.682489,nan,,br_misp_retired.all_branches:u,br_misp_retired.all_branches,0.0,100.0,nan,,ok
2407.682489,nan,,mem_uops_retired.all_loads:u,mem_uops_retired.all_loads,0.0,100.0,nan,,ok
2407.682489,nan,,mem_uops_retired.all_stores:u,mem_uops_retired.all_stores,0.0,100.0,nan,,ok
2407.682489,nan,,longest_lat_cache.reference:u,longest_lat_cache.reference,0.0,100.0,nan,,ok
2407.682489,nan,,longest_lat_cache.miss:u,longest_lat_cache.miss,0.0,100.0,nan,,ok
2407.682489,nan,,offcore_requests.demand_data_rd:u,offcore_requests.demand_data_rd,0.0,100.0,nan,,ok
2407.682489,nan,,resource_stalls.any:u,resource_stalls.any,0.0,100.0,nan,,ok
2418.1217300000003,nan,,inst_retired.any:u,inst_retired.any,0.0,100.0,nan,,ok
2418.1217300000003,nan,,cpu_clk_unhalted.thread:u,cpu_clk_unhalted.thread,0.0,100.0,nan,,ok
2418.1217300000003,nan,,br_inst_retired.all_branches:u,br_inst_retired.all_branches,0.0,100.0,nan,,ok
2418.1217300000003,nan,,br_misp_retired.all_branches:u,br_misp_retired.all_branches,0.0,100.0,nan,,ok
2418.1217300000003,nan,,mem_uops_retired.all_loads:u,mem_uops_retired.all_loads,0.0,100.0,nan,,ok
2418.1217300000003,nan,,mem_uops_retired.all_stores:u,mem_uops_retired.all_stores,0.0,100.0,nan,,ok
2418.1217300000003,nan,,longest_lat_cache.reference:u,longest_lat_cache.reference,0.0,100.0,nan,,ok
2418.1217300000003,nan,,longest_lat_cache.miss:u,longest_lat_cache.miss,0.0,100.0,nan,,ok
2418.1217300000003,nan,,offcore_requests.demand_data_rd:u,offcore_requests.demand_data_rd,0.0,100.0,nan,,ok
2418.1217300000003,nan,,resource_stalls.any:u,resource_stalls.any,0.0,100.0,nan,,ok
2428.526573,nan,,inst_retired.any:u,inst_retired.any,0.0,100.0,nan,,ok
2428.526573,nan,,cpu_clk_unhalted.thread:u,cpu_clk_unhalted.thread,0.0,100.0,nan,,ok
2428.526573,nan,,br_inst_retired.all_branches:u,br_inst_retired.all_branches,0.0,100.0,nan,,ok
2428.526573,nan,,br_misp_retired.all_branches:u,br_misp_retired.all_branches,0.0,100.0,nan,,ok
2428.526573,nan,,mem_uops_retired.all_loads:u,mem_uops_retired.all_loads,0.0,100.0,nan,,ok
2428.526573,nan,,mem_uops_retired.all_stores:u,mem_uops_retired.all_stores,0.0,100.0,nan,,ok
2428.526573,nan,,longest_lat_cache.reference:u,longest_lat_cache.reference,0.0,100.0,nan,,ok
2428.526573,nan,,longest_lat_cache.miss:u,longest_lat_cache.miss,0.0,100.0,nan,,ok
2428.526573,nan,,offcore_requests.demand_data_rd:u,offcore_requests.demand_data_rd,0.0,100.0,nan,,ok
2428.526573,nan,,resource_stalls.any:u,resource_stalls.any,0.0,100.0,nan,,ok
2438.955551,nan,,inst_retired.any:u,inst_retired.any,0.0,100.0,nan,,ok
2438.955551,nan,,cpu_clk_unhalted.thread:u,cpu_clk_unhalted.thread,0.0,100.0,nan,,ok
2438.955551,nan,,br_inst_retired.all_branches:u,br_inst_retired.all_branches,0.0,100.0,nan,,ok
2438.955551,nan,,br_misp_retired.all_branches:u,br_misp_retired.all_branches,0.0,100.0,nan,,ok
2438.955551,nan,,mem_uops_retired.all_loads:u,mem_uops_retired.all_loads,0.0,100.0,nan,,ok
2438.955551,nan,,mem_uops_retired.all_stores:u,mem_uops_retired.all_stores,0.0,100.0,nan,,ok
2438.955551,nan,,longest_lat_cache.reference:u,longest_lat_cache.reference,0.0,100.0,nan,,ok
2438.955551,nan,,longest_lat_cache.miss:u,longest_lat_cache.miss,0.0,100.0,nan,,ok
2438.955551,nan,,offcore_requests.demand_data_rd:u,offcore_requests.demand_data_rd,0.0,100.0,nan,,ok
2438.955551,nan,,resource_stalls.any:u,resource_stalls.any,0.0,100.0,nan,,ok
2449.372985,nan,,inst_retired.any:u,inst_retired.any,0.0,100.0,nan,,ok
2449.372985,nan,,cpu_clk_unhalted.thread:u,cpu_clk_unhalted.thread,0.0,100.0,nan,,ok
2449.372985,nan,,br_inst_retired.all_branches:u,br_inst_retired.all_branches,0.0,100.0,nan,,ok
2449.372985,nan,,br_misp_retired.all_branches:u,br_misp_retired.all_branches,0.0,100.0,nan,,ok
2449.372985,nan,,mem_uops_retired.all_loads:u,mem_uops_retired.all_loads,0.0,100.0,nan,,ok
2449.372985,nan,,mem_uops_retired.all_stores:u,mem_uops_retired.all_stores,0.0,100.0,nan,,ok
2449.372985,nan,,longest_lat_cache.reference:u,longest_lat_cache.reference,0.0,100.0,nan,,ok
2449.372985,nan,,longest_lat_cache.miss:u,longest_lat_cache.miss,0.0,100.0,nan,,ok
2449.372985,nan,,offcore_requests.demand_data_rd:u,offcore_requests.demand_data_rd,0.0,100.0,nan,,ok
2449.372985,nan,,resource_stalls.any:u,resource_stalls.any,0.0,100.0,nan,,ok
2459.804725,nan,,inst_retired.any:u,inst_retired.any,0.0,100.0,nan,,ok
2459.804725,nan,,cpu_clk_unhalted.thread:u,cpu_clk_unhalted.thread,0.0,100.0,nan,,ok
2459.804725,nan,,br_inst_retired.all_branches:u,br_inst_retired.all_branches,0.0,100.0,nan,,ok
2459.804725,nan,,br_misp_retired.all_branches:u,br_misp_retired.all_branches,0.0,100.0,nan,,ok
2459.804725,nan,,mem_uops_retired.all_loads:u,mem_uops_retired.all_loads,0.0,100.0,nan,,ok
2459.804725,nan,,mem_uops_retired.all_stores:u,mem_uops_retired.all_stores,0.0,100.0,nan,,ok
2459.804725,nan,,longest_lat_cache.reference:u,longest_lat_cache.reference,0.0,100.0,nan,,ok
2459.804725,nan,,longest_lat_cache.miss:u,longest_lat_cache.miss,0.0,100.0,nan,,ok
2459.804725,nan,,offcore_requests.demand_data_rd:u,offcore_requests.demand_data_rd,0.0,100.0,nan,,ok
2459.804725,nan,,resource_stalls.any:u,resource_stalls.any,0.0,100.0,nan,,ok
2470.265364,nan,,inst_retired.any:u,inst_retired.any,0.0,100.0,nan,,ok
2470.265364,nan,,cpu_clk_unhalted.thread:u,cpu_clk_unhalted.thread,0.0,100.0,nan,,ok
2470.265364,nan,,br_inst_retired.all_branches:u,br_inst_retired.all_branches,0.0,100.0,nan,,ok
2470.265364,nan,,br_misp_retired.all_branches:u,br_misp_retired.all_branches,0.0,100.0,nan,,ok
2470.265364,nan,,mem_uops_retired.all_loads:u,mem_uops_retired.all_loads,0.0,100.0,nan,,ok
2470.265364,nan,,mem_uops_retired.all_stores:u,mem_uops_retired.all_stores,0.0,100.0,nan,,ok
2470.265364,nan,,longest_lat_cache.reference:u,longest_lat_cache.reference,0.0,100.0,nan,,ok
2470.265364,nan,,longest_lat_cache.miss:u,longest_lat_cache.miss,0.0,100.0,nan,,ok
2470.265364,nan,,offcore_requests.demand_data_rd:u,offcore_requests.demand_data_rd,0.0,100.0,nan,,ok
2470.265364,nan,,resource_stalls.any:u,resource_stalls.any,0.0,100.0,nan,,ok
2480.713882,nan,,inst_retired.any:u,inst_retired.any,0.0,100.0,nan,,ok
2480.713882,nan,,cpu_clk_unhalted.thread:u,cpu_clk_unhalted.thread,0.0,100.0,nan,,ok
2480.713882,nan,,br_inst_retired.all_branches:u,br_inst_retired.all_branches,0.0,100.0,nan,,ok
2480.713882,nan,,br_misp_retired.all_branches:u,br_misp_retired.all_branches,0.0,100.0,nan,,ok
2480.713882,nan,,mem_uops_retired.all_loads:u,mem_uops_retired.all_loads,0.0,100.0,nan,,ok
2480.713882,nan,,mem_uops_retired.all_stores:u,mem_uops_retired.all_stores,0.0,100.0,nan,,ok
2480.713882,nan,,longest_lat_cache.reference:u,longest_lat_cache.reference,0.0,100.0,nan,,ok
2480.713882,nan,,longest_lat_cache.miss:u,longest_lat_cache.miss,0.0,100.0,nan,,ok
2480.713882,nan,,offcore_requests.demand_data_rd:u,offcore_requests.demand_data_rd,0.0,100.0,nan,,ok
2480.713882,nan,,resource_stalls.any:u,resource_stalls.any,0.0,100.0,nan,,ok
2491.1689140000003,nan,,inst_retired.any:u,inst_retired.any,0.0,100.0,nan,,ok
2491.1689140000003,nan,,cpu_clk_unhalted.thread:u,cpu_clk_unhalted.thread,0.0,100.0,nan,,ok
2491.1689140000003,nan,,br_inst_retired.all_branches:u,br_inst_retired.all_branches,0.0,100.0,nan,,ok
2491.1689140000003,nan,,br_misp_retired.all_branches:u,br_misp_retired.all_branches,0.0,100.0,nan,,ok
2491.1689140000003,nan,,mem_uops_retired.all_loads:u,mem_uops_retired.all_loads,0.0,100.0,nan,,ok
2491.1689140000003,nan,,mem_uops_retired.all_stores:u,mem_uops_retired.all_stores,0.0,100.0,nan,,ok
2491.1689140000003,nan,,longest_lat_cache.reference:u,longest_lat_cache.reference,0.0,100.0,nan,,ok
2491.1689140000003,nan,,longest_lat_cache.miss:u,longest_lat_cache.miss,0.0,100.0,nan,,ok
2491.1689140000003,nan,,offcore_requests.demand_data_rd:u,offcore_requests.demand_data_rd,0.0,100.0,nan,,ok
2491.1689140000003,nan,,resource_stalls.any:u,resource_stalls.any,0.0,100.0,nan,,ok
2501.591732,nan,,inst_retired.any:u,inst_retired.any,0.0,100.0,nan,,ok
2501.591732,nan,,cpu_clk_unhalted.thread:u,cpu_clk_unhalted.thread,0.0,100.0,nan,,ok
2501.591732,nan,,br_inst_retired.all_branches:u,br_inst_retired.all_branches,0.0,100.0,nan,,ok
2501.591732,nan,,br_misp_retired.all_branches:u,br_misp_retired.all_branches,0.0,100.0,nan,,ok
2501.591732,nan,,mem_uops_retired.all_loads:u,mem_uops_retired.all_loads,0.0,100.0,nan,,ok
2501.591732,nan,,mem_uops_retired.all_stores:u,mem_uops_retired.all_stores,0.0,100.0,nan,,ok
2501.591732,nan,,longest_lat_cache.reference:u,longest_lat_cache.reference,0.0,100.0,nan,,ok
2501.591732,nan,,longest_lat_cache.miss:u,longest_lat_cache.miss,0.0,100.0,nan,,ok
2501.591732,nan,,offcore_requests.demand_data_rd:u,offcore_requests.demand_data_rd,0.0,100.0,nan,,ok
2501.591732,nan,,resource_stalls.any:u,resource_stalls.any,0.0,100.0,nan,,ok
2512.0205929999997,nan,,inst_retired.any:u,inst_retired.any,0.0,100.0,nan,,ok
2512.0205929999997,nan,,cpu_clk_unhalted.thread:u,cpu_clk_unhalted.thread,0.0,100.0,nan,,ok
2512.0205929999997,nan,,br_inst_retired.all_branches:u,br_inst_retired.all_branches,0.0,100.0,nan,,ok
2512.0205929999997,nan,,br_misp_retired.all_branches:u,br_misp_retired.all_branches,0.0,100.0,nan,,ok
2512.0205929999997,nan,,mem_uops_retired.all_loads:u,mem_uops_retired.all_loads,0.0,100.0,nan,,ok
2512.0205929999997,nan,,mem_uops_retired.all_stores:u,mem_uops_retired.all_stores,0.0,100.0,nan,,ok
2512.0205929999997,nan,,longest_lat_cache.reference:u,longest_lat_cache.reference,0.0,100.0,nan,,ok
2512.0205929999997,nan,,longest_lat_cache.miss:u,longest_lat_cache.miss,0.0,100.0,nan,,ok
2512.0205929999997,nan,,offcore_requests.demand_data_rd:u,offcore_requests.demand_data_rd,0.0,100.0,nan,,ok
2512.0205929999997,nan,,resource_stalls.any:u,resource_stalls.any,0.0,100.0,nan,,ok
2522.411415,nan,,inst_retired.any:u,inst_retired.any,0.0,100.0,nan,,ok
2522.411415,nan,,cpu_clk_unhalted.thread:u,cpu_clk_unhalted.thread,0.0,100.0,nan,,ok
2522.411415,nan,,br_inst_retired.all_branches:u,br_inst_retired.all_branches,0.0,100.0,nan,,ok
2522.411415,nan,,br_misp_retired.all_branches:u,br_misp_retired.all_branches,0.0,100.0,nan,,ok
2522.411415,nan,,mem_uops_retired.all_loads:u,mem_uops_retired.all_loads,0.0,100.0,nan,,ok
2522.411415,nan,,mem_uops_retired.all_stores:u,mem_uops_retired.all_stores,0.0,100.0,nan,,ok
2522.411415,nan,,longest_lat_cache.reference:u,longest_lat_cache.reference,0.0,100.0,nan,,ok
2522.411415,nan,,longest_lat_cache.miss:u,longest_lat_cache.miss,0.0,100.0,nan,,ok
2522.411415,nan,,offcore_requests.demand_data_rd:u,offcore_requests.demand_data_rd,0.0,100.0,nan,,ok
2522.411415,nan,,resource_stalls.any:u,resource_stalls.any,0.0,100.0,nan,,ok
2532.806662,nan,,inst_retired.any:u,inst_retired.any,0.0,100.0,nan,,ok
2532.806662,nan,,cpu_clk_unhalted.thread:u,cpu_clk_unhalted.thread,0.0,100.0,nan,,ok
2532.806662,nan,,br_inst_retired.all_branches:u,br_inst_retired.all_branches,0.0,100.0,nan,,ok
2532.806662,nan,,br_misp_retired.all_branches:u,br_misp_retired.all_branches,0.0,100.0,nan,,ok
2532.806662,nan,,mem_uops_retired.all_loads:u,mem_uops_retired.all_loads,0.0,100.0,nan,,ok
2532.806662,nan,,mem_uops_retired.all_stores:u,mem_uops_retired.all_stores,0.0,100.0,nan,,ok
2532.806662,nan,,longest_lat_cache.reference:u,longest_lat_cache.reference,0.0,100.0,nan,,ok
2532.806662,nan,,longest_lat_cache.miss:u,longest_lat_cache.miss,0.0,100.0,nan,,ok
2532.806662,nan,,offcore_requests.demand_data_rd:u,offcore_requests.demand_data_rd,0.0,100.0,nan,,ok
2532.806662,nan,,resource_stalls.any:u,resource_stalls.any,0.0,100.0,nan,,ok
2543.211388,nan,,inst_retired.any:u,inst_retired.any,0.0,100.0,nan,,ok
2543.211388,nan,,cpu_clk_unhalted.thread:u,cpu_clk_unhalted.thread,0.0,100.0,nan,,ok
2543.211388,nan,,br_inst_retired.all_branches:u,br_inst_retired.all_branches,0.0,100.0,nan,,ok
2543.211388,nan,,br_misp_retired.all_branches:u,br_misp_retired.all_branches,0.0,100.0,nan,,ok
2543.211388,nan,,mem_uops_retired.all_loads:u,mem_uops_retired.all_loads,0.0,100.0,nan,,ok
2543.211388,nan,,mem_uops_retired.all_stores:u,mem_uops_retired.all_stores,0.0,100.0,nan,,ok
2543.211388,nan,,longest_lat_cache.reference:u,longest_lat_cache.reference,0.0,100.0,nan,,ok
2543.211388,nan,,longest_lat_cache.miss:u,longest_lat_cache.miss,0.0,100.0,nan,,ok
2543.211388,nan,,offcore_requests.demand_data_rd:u,offcore_requests.demand_data_rd,0.0,100.0,nan,,ok
2543.211388,nan,,resource_stalls.any:u,resource_stalls.any,0.0,100.0,nan,,ok
2553.603534,nan,,inst_retired.any:u,inst_retired.any,0.0,100.0,nan,,ok
2553.603534,nan,,cpu_clk_unhalted.thread:u,cpu_clk_unhalted.thread,0.0,100.0,nan,,ok
2553.603534,nan,,br_inst_retired.all_branches:u,br_inst_retired.all_branches,0.0,100.0,nan,,ok
2553.603534,nan,,br_misp_retired.all_branches:u,br_misp_retired.all_branches,0.0,100.0,nan,,ok
2553.603534,nan,,mem_uops_retired.all_loads:u,mem_uops_retired.all_loads,0.0,100.0,nan,,ok
2553.603534,nan,,mem_uops_retired.all_stores:u,mem_uops_retired.all_stores,0.0,100.0,nan,,ok
2553.603534,nan,,longest_lat_cache.reference:u,longest_lat_cache.reference,0.0,100.0,nan,,ok
2553.603534,nan,,longest_lat_cache.miss:u,longest_lat_cache.miss,0.0,100.0,nan,,ok
2553.603534,nan,,offcore_requests.demand_data_rd:u,offcore_requests.demand_data_rd,0.0,100.0,nan,,ok
2553.603534,nan,,resource_stalls.any:u,resource_stalls.any,0.0,100.0,nan,,ok
2564.015948,nan,,inst_retired.any:u,inst_retired.any,0.0,100.0,nan,,ok
2564.015948,nan,,cpu_clk_unhalted.thread:u,cpu_clk_unhalted.thread,0.0,100.0,nan,,ok
2564.015948,nan,,br_inst_retired.all_branches:u,br_inst_retired.all_branches,0.0,100.0,nan,,ok
2564.015948,nan,,br_misp_retired.all_branches:u,br_misp_retired.all_branches,0.0,100.0,nan,,ok
2564.015948,nan,,mem_uops_retired.all_loads:u,mem_uops_retired.all_loads,0.0,100.0,nan,,ok
2564.015948,nan,,mem_uops_retired.all_stores:u,mem_uops_retired.all_stores,0.0,100.0,nan,,ok
2564.015948,nan,,longest_lat_cache.reference:u,longest_lat_cache.reference,0.0,100.0,nan,,ok
2564.015948,nan,,longest_lat_cache.miss:u,longest_lat_cache.miss,0.0,100.0,nan,,ok
2564.015948,nan,,offcore_requests.demand_data_rd:u,offcore_requests.demand_data_rd,0.0,100.0,nan,,ok
2564.015948,nan,,resource_stalls.any:u,resource_stalls.any,0.0,100.0,nan,,ok
2574.3851449999997,nan,,inst_retired.any:u,inst_retired.any,0.0,100.0,nan,,ok
2574.3851449999997,nan,,cpu_clk_unhalted.thread:u,cpu_clk_unhalted.thread,0.0,100.0,nan,,ok
2574.3851449999997,nan,,br_inst_retired.all_branches:u,br_inst_retired.all_branches,0.0,100.0,nan,,ok
2574.3851449999997,nan,,br_misp_retired.all_branches:u,br_misp_retired.all_branches,0.0,100.0,nan,,ok
2574.3851449999997,nan,,mem_uops_retired.all_loads:u,mem_uops_retired.all_loads,0.0,100.0,nan,,ok
2574.3851449999997,nan,,mem_uops_retired.all_stores:u,mem_uops_retired.all_stores,0.0,100.0,nan,,ok
2574.3851449999997,nan,,longest_lat_cache.reference:u,longest_lat_cache.reference,0.0,100.0,nan,,ok
2574.3851449999997,nan,,longest_lat_cache.miss:u,longest_lat_cache.miss,0.0,100.0,nan,,ok
2574.3851449999997,nan,,offcore_requests.demand_data_rd:u,offcore_requests.demand_data_rd,0.0,100.0,nan,,ok
2574.3851449999997,nan,,resource_stalls.any:u,resource_stalls.any,0.0,100.0,nan,,ok
2584.74369,nan,,inst_retired.any:u,inst_retired.any,0.0,100.0,nan,,ok
2584.74369,nan,,cpu_clk_unhalted.thread:u,cpu_clk_unhalted.thread,0.0,100.0,nan,,ok
2584.74369,nan,,br_inst_retired.all_branches:u,br_inst_retired.all_branches,0.0,100.0,nan,,ok
2584.74369,nan,,br_misp_retired.all_branches:u,br_misp_retired.all_branches,0.0,100.0,nan,,ok
2584.74369,nan,,mem_uops_retired.all_loads:u,mem_uops_retired.all_loads,0.0,100.0,nan,,ok
2584.74369,nan,,mem_uops_retired.all_stores:u,mem_uops_retired.all_stores,0.0,100.0,nan,,ok
2584.74369,nan,,longest_lat_cache.reference:u,longest_lat_cache.reference,0.0,100.0,nan,,ok
2584.74369,nan,,longest_lat_cache.miss:u,longest_lat_cache.miss,0.0,100.0,nan,,ok
2584.74369,nan,,offcore_requests.demand_data_rd:u,offcore_requests.demand_data_rd,0.0,100.0,nan,,ok
2584.74369,nan,,resource_stalls.any:u,resource_stalls.any,0.0,100.0,nan,,ok
2595.1112080000003,nan,,inst_retired.any:u,inst_retired.any,0.0,100.0,nan,,ok
2595.1112080000003,nan,,cpu_clk_unhalted.thread:u,cpu_clk_unhalted.thread,0.0,100.0,nan,,ok
2595.1112080000003,nan,,br_inst_retired.all_branches:u,br_inst_retired.all_branches,0.0,100.0,nan,,ok
2595.1112080000003,nan,,br_misp_retired.all_branches:u,br_misp_retired.all_branches,0.0,100.0,nan,,ok
2595.1112080000003,nan,,mem_uops_retired.all_loads:u,mem_uops_retired.all_loads,0.0,100.0,nan,,ok
2595.1112080000003,nan,,mem_uops_retired.all_stores:u,mem_uops_retired.all_stores,0.0,100.0,nan,,ok
2595.1112080000003,nan,,longest_lat_cache.reference:u,longest_lat_cache.reference,0.0,100.0,nan,,ok
2595.1112080000003,nan,,longest_lat_cache.miss:u,longest_lat_cache.miss,0.0,100.0,nan,,ok
2595.1112080000003,nan,,offcore_requests.demand_data_rd:u,offcore_requests.demand_data_rd,0.0,100.0,nan,,ok
2595.1112080000003,nan,,resource_stalls.any:u,resource_stalls.any,0.0,100.0,nan,,ok
2605.463183,nan,,inst_retired.any:u,inst_retired.any,0.0,100.0,nan,,ok
2605.463183,nan,,cpu_clk_unhalted.thread:u,cpu_clk_unhalted.thread,0.0,100.0,nan,,ok
2605.463183,nan,,br_inst_retired.all_branches:u,br_inst_retired.all_branches,0.0,100.0,nan,,ok
2605.463183,nan,,br_misp_retired.all_branches:u,br_misp_retired.all_branches,0.0,100.0,nan,,ok
2605.463183,nan,,mem_uops_retired.all_loads:u,mem_uops_retired.all_loads,0.0,100.0,nan,,ok
2605.463183,nan,,mem_uops_retired.all_stores:u,mem_uops_retired.all_stores,0.0,100.0,nan,,ok
2605.463183,nan,,longest_lat_cache.reference:u,longest_lat_cache.reference,0.0,100.0,nan,,ok
2605.463183,nan,,longest_lat_cache.miss:u,longest_lat_cache.miss,0.0,100.0,nan,,ok
2605.463183,nan,,offcore_requests.demand_data_rd:u,offcore_requests.demand_data_rd,0.0,100.0,nan,,ok
2605.463183,nan,,resource_stalls.any:u,resource_stalls.any,0.0,100.0,nan,,ok
2615.8116480000003,nan,,inst_retired.any:u,inst_retired.any,0.0,100.0,nan,,ok
2615.8116480000003,nan,,cpu_clk_unhalted.thread:u,cpu_clk_unhalted.thread,0.0,100.0,nan,,ok
2615.8116480000003,nan,,br_inst_retired.all_branches:u,br_inst_retired.all_branches,0.0,100.0,nan,,ok
2615.8116480000003,nan,,br_misp_retired.all_branches:u,br_misp_retired.all_branches,0.0,100.0,nan,,ok
2615.8116480000003,nan,,mem_uops_retired.all_loads:u,mem_uops_retired.all_loads,0.0,100.0,nan,,ok
2615.8116480000003,nan,,mem_uops_retired.all_stores:u,mem_uops_retired.all_stores,0.0,100.0,nan,,ok
2615.8116480000003,nan,,longest_lat_cache.reference:u,longest_lat_cache.reference,0.0,100.0,nan,,ok
2615.8116480000003,nan,,longest_lat_cache.miss:u,longest_lat_cache.miss,0.0,100.0,nan,,ok
2615.8116480000003,nan,,offcore_requests.demand_data_rd:u,offcore_requests.demand_data_rd,0.0,100.0,nan,,ok
2615.8116480000003,nan,,resource_stalls.any:u,resource_stalls.any,0.0,100.0,nan,,ok
2626.17466,nan,,inst_retired.any:u,inst_retired.any,0.0,100.0,nan,,ok
2626.17466,nan,,cpu_clk_unhalted.thread:u,cpu_clk_unhalted.thread,0.0,100.0,nan,,ok
2626.17466,nan,,br_inst_retired.all_branches:u,br_inst_retired.all_branches,0.0,100.0,nan,,ok
2626.17466,nan,,br_misp_retired.all_branches:u,br_misp_retired.all_branches,0.0,100.0,nan,,ok
2626.17466,nan,,mem_uops_retired.all_loads:u,mem_uops_retired.all_loads,0.0,100.0,nan,,ok
2626.17466,nan,,mem_uops_retired.all_stores:u,mem_uops_retired.all_stores,0.0,100.0,nan,,ok
2626.17466,nan,,longest_lat_cache.reference:u,longest_lat_cache.reference,0.0,100.0,nan,,ok
2626.17466,nan,,longest_lat_cache.miss:u,longest_lat_cache.miss,0.0,100.0,nan,,ok
2626.17466,nan,,offcore_requests.demand_data_rd:u,offcore_requests.demand_data_rd,0.0,100.0,nan,,ok
2626.17466,nan,,resource_stalls.any:u,resource_stalls.any,0.0,100.0,nan,,ok
2636.5181199999997,nan,,inst_retired.any:u,inst_retired.any,0.0,100.0,nan,,ok
2636.5181199999997,nan,,cpu_clk_unhalted.thread:u,cpu_clk_unhalted.thread,0.0,100.0,nan,,ok
2636.5181199999997,nan,,br_inst_retired.all_branches:u,br_inst_retired.all_branches,0.0,100.0,nan,,ok
2636.5181199999997,nan,,br_misp_retired.all_branches:u,br_misp_retired.all_branches,0.0,100.0,nan,,ok
2636.5181199999997,nan,,mem_uops_retired.all_loads:u,mem_uops_retired.all_loads,0.0,100.0,nan,,ok
2636.5181199999997,nan,,mem_uops_retired.all_stores:u,mem_uops_retired.all_stores,0.0,100.0,nan,,ok
2636.5181199999997,nan,,longest_lat_cache.reference:u,longest_lat_cache.reference,0.0,100.0,nan,,ok
2636.5181199999997,nan,,longest_lat_cache.miss:u,longest_lat_cache.miss,0.0,100.0,nan,,ok
2636.5181199999997,nan,,offcore_requests.demand_data_rd:u,offcore_requests.demand_data_rd,0.0,100.0,nan,,ok
2636.5181199999997,nan,,resource_stalls.any:u,resource_stalls.any,0.0,100.0,nan,,ok
2646.880018,nan,,inst_retired.any:u,inst_retired.any,0.0,100.0,nan,,ok
2646.880018,nan,,cpu_clk_unhalted.thread:u,cpu_clk_unhalted.thread,0.0,100.0,nan,,ok
2646.880018,nan,,br_inst_retired.all_branches:u,br_inst_retired.all_branches,0.0,100.0,nan,,ok
2646.880018,nan,,br_misp_retired.all_branches:u,br_misp_retired.all_branches,0.0,100.0,nan,,ok
2646.880018,nan,,mem_uops_retired.all_loads:u,mem_uops_retired.all_loads,0.0,100.0,nan,,ok
2646.880018,nan,,mem_uops_retired.all_stores:u,mem_uops_retired.all_stores,0.0,100.0,nan,,ok
2646.880018,nan,,longest_lat_cache.reference:u,longest_lat_cache.reference,0.0,100.0,nan,,ok
2646.880018,nan,,longest_lat_cache.miss:u,longest_lat_cache.miss,0.0,100.0,nan,,ok
2646.880018,nan,,offcore_requests.demand_data_rd:u,offcore_requests.demand_data_rd,0.0,100.0,nan,,ok
2646.880018,nan,,resource_stalls.any:u,resource_stalls.any,0.0,100.0,nan,,ok
2657.2265939999997,nan,,inst_retired.any:u,inst_retired.any,0.0,100.0,nan,,ok
2657.2265939999997,nan,,cpu_clk_unhalted.thread:u,cpu_clk_unhalted.thread,0.0,100.0,nan,,ok
2657.2265939999997,nan,,br_inst_retired.all_branches:u,br_inst_retired.all_branches,0.0,100.0,nan,,ok
2657.2265939999997,nan,,br_misp_retired.all_branches:u,br_misp_retired.all_branches,0.0,100.0,nan,,ok
2657.2265939999997,nan,,mem_uops_retired.all_loads:u,mem_uops_retired.all_loads,0.0,100.0,nan,,ok
2657.2265939999997,nan,,mem_uops_retired.all_stores:u,mem_uops_retired.all_stores,0.0,100.0,nan,,ok
2657.2265939999997,nan,,longest_lat_cache.reference:u,longest_lat_cache.reference,0.0,100.0,nan,,ok
2657.2265939999997,nan,,longest_lat_cache.miss:u,longest_lat_cache.miss,0.0,100.0,nan,,ok
2657.2265939999997,nan,,offcore_requests.demand_data_rd:u,offcore_requests.demand_data_rd,0.0,100.0,nan,,ok
2657.2265939999997,nan,,resource_stalls.any:u,resource_stalls.any,0.0,100.0,nan,,ok
2667.5748430000003,nan,,inst_retired.any:u,inst_retired.any,0.0,100.0,nan,,ok
2667.5748430000003,nan,,cpu_clk_unhalted.thread:u,cpu_clk_unhalted.thread,0.0,100.0,nan,,ok
2667.5748430000003,nan,,br_inst_retired.all_branches:u,br_inst_retired.all_branches,0.0,100.0,nan,,ok
2667.5748430000003,nan,,br_misp_retired.all_branches:u,br_misp_retired.all_branches,0.0,100.0,nan,,ok
2667.5748430000003,nan,,mem_uops_retired.all_loads:u,mem_uops_retired.all_loads,0.0,100.0,nan,,ok
2667.5748430000003,nan,,mem_uops_retired.all_stores:u,mem_uops_retired.all_stores,0.0,100.0,nan,,ok
2667.5748430000003,nan,,longest_lat_cache.reference:u,longest_lat_cache.reference,0.0,100.0,nan,,ok
2667.5748430000003,nan,,longest_lat_cache.miss:u,longest_lat_cache.miss,0.0,100.0,nan,,ok
2667.5748430000003,nan,,offcore_requests.demand_data_rd:u,offcore_requests.demand_data_rd,0.0,100.0,nan,,ok
2667.5748430000003,nan,,resource_stalls.any:u,resource_stalls.any,0.0,100.0,nan,,ok
2677.924106,nan,,inst_retired.any:u,inst_retired.any,0.0,100.0,nan,,ok
2677.924106,nan,,cpu_clk_unhalted.thread:u,cpu_clk_unhalted.thread,0.0,100.0,nan,,ok
2677.924106,nan,,br_inst_retired.all_branches:u,br_inst_retired.all_branches,0.0,100.0,nan,,ok
2677.924106,nan,,br_misp_retired.all_branches:u,br_misp_retired.all_branches,0.0,100.0,nan,,ok
2677.924106,nan,,mem_uops_retired.all_loads:u,mem_uops_retired.all_loads,0.0,100.0,nan,,ok
2677.924106,nan,,mem_uops_retired.all_stores:u,mem_uops_retired.all_stores,0.0,100.0,nan,,ok
2677.924106,nan,,longest_lat_cache.reference:u,longest_lat_cache.reference,0.0,100.0,nan,,ok
2677.924106,nan,,longest_lat_cache.miss:u,longest_lat_cache.miss,0.0,100.0,nan,,ok
2677.924106,nan,,offcore_requests.demand_data_rd:u,offcore_requests.demand_data_rd,0.0,100.0,nan,,ok
2677.924106,nan,,resource_stalls.any:u,resource_stalls.any,0.0,100.0,nan,,ok
2688.2717039999998,nan,,inst_retired.any:u,inst_retired.any,0.0,100.0,nan,,ok
2688.2717039999998,nan,,cpu_clk_unhalted.thread:u,cpu_clk_unhalted.thread,0.0,100.0,nan,,ok
2688.2717039999998,nan,,br_inst_retired.all_branches:u,br_inst_retired.all_branches,0.0,100.0,nan,,ok
2688.2717039999998,nan,,br_misp_retired.all_branches:u,br_misp_retired.all_branches,0.0,100.0,nan,,ok
2688.2717039999998,nan,,mem_uops_retired.all_loads:u,mem_uops_retired.all_loads,0.0,100.0,nan,,ok
2688.2717039999998,nan,,mem_uops_retired.all_stores:u,mem_uops_retired.all_stores,0.0,100.0,nan,,ok
2688.2717039999998,nan,,longest_lat_cache.reference:u,longest_lat_cache.reference,0.0,100.0,nan,,ok
2688.2717039999998,nan,,longest_lat_cache.miss:u,longest_lat_cache.miss,0.0,100.0,nan,,ok
2688.2717039999998,nan,,offcore_requests.demand_data_rd:u,offcore_requests.demand_data_rd,0.0,100.0,nan,,ok
2688.2717039999998,nan,,resource_stalls.any:u,resource_stalls.any,0.0,100.0,nan,,ok
2698.622529,nan,,inst_retired.any:u,inst_retired.any,0.0,100.0,nan,,ok
2698.622529,nan,,cpu_clk_unhalted.thread:u,cpu_clk_unhalted.thread,0.0,100.0,nan,,ok
2698.622529,nan,,br_inst_retired.all_branches:u,br_inst_retired.all_branches,0.0,100.0,nan,,ok
2698.622529,nan,,br_misp_retired.all_branches:u,br_misp_retired.all_branches,0.0,100.0,nan,,ok
2698.622529,nan,,mem_uops_retired.all_loads:u,mem_uops_retired.all_loads,0.0,100.0,nan,,ok
2698.622529,nan,,mem_uops_retired.all_stores:u,mem_uops_retired.all_stores,0.0,100.0,nan,,ok
2698.622529,nan,,longest_lat_cache.reference:u,longest_lat_cache.reference,0.0,100.0,nan,,ok
2698.622529,nan,,longest_lat_cache.miss:u,longest_lat_cache.miss,0.0,100.0,nan,,ok
2698.622529,nan,,offcore_requests.demand_data_rd:u,offcore_requests.demand_data_rd,0.0,100.0,nan,,ok
2698.622529,nan,,resource_stalls.any:u,resource_stalls.any,0.0,100.0,nan,,ok
2708.98476,nan,,inst_retired.any:u,inst_retired.any,0.0,100.0,nan,,ok
2708.98476,nan,,cpu_clk_unhalted.thread:u,cpu_clk_unhalted.thread,0.0,100.0,nan,,ok
2708.98476,nan,,br_inst_retired.all_branches:u,br_inst_retired.all_branches,0.0,100.0,nan,,ok
2708.98476,nan,,br_misp_retired.all_branches:u,br_misp_retired.all_branches,0.0,100.0,nan,,ok
2708.98476,nan,,mem_uops_retired.all_loads:u,mem_uops_retired.all_loads,0.0,100.0,nan,,ok
2708.98476,nan,,mem_uops_retired.all_stores:u,mem_uops_retired.all_stores,0.0,100.0,nan,,ok
2708.98476,nan,,longest_lat_cache.reference:u,longest_lat_cache.reference,0.0,100.0,nan,,ok
2708.98476,nan,,longest_lat_cache.miss:u,longest_lat_cache.miss,0.0,100.0,nan,,ok
2708.98476,nan,,offcore_requests.demand_data_rd:u,offcore_requests.demand_data_rd,0.0,100.0,nan,,ok
2708.98476,nan,,resource_stalls.any:u,resource_stalls.any,0.0,100.0,nan,,ok
2719.316837,nan,,inst_retired.any:u,inst_retired.any,0.0,100.0,nan,,ok
2719.316837,nan,,cpu_clk_unhalted.thread:u,cpu_clk_unhalted.thread,0.0,100.0,nan,,ok
2719.316837,nan,,br_inst_retired.all_branches:u,br_inst_retired.all_branches,0.0,100.0,nan,,ok
2719.316837,nan,,br_misp_retired.all_branches:u,br_misp_retired.all_branches,0.0,100.0,nan,,ok
2719.316837,nan,,mem_uops_retired.all_loads:u,mem_uops_retired.all_loads,0.0,100.0,nan,,ok
2719.316837,nan,,mem_uops_retired.all_stores:u,mem_uops_retired.all_stores,0.0,100.0,nan,,ok
2719.316837,nan,,longest_lat_cache.reference:u,longest_lat_cache.reference,0.0,100.0,nan,,ok
2719.316837,nan,,longest_lat_cache.miss:u,longest_lat_cache.miss,0.0,100.0,nan,,ok
2719.316837,nan,,offcore_requests.demand_data_rd:u,offcore_requests.demand_data_rd,0.0,100.0,nan,,ok
2719.316837,nan,,resource_stalls.any:u,resource_stalls.any,0.0,100.0,nan,,ok
2729.66963,nan,,inst_retired.any:u,inst_retired.any,0.0,100.0,nan,,ok
2729.66963,nan,,cpu_clk_unhalted.thread:u,cpu_clk_unhalted.thread,0.0,100.0,nan,,ok
2729.66963,nan,,br_inst_retired.all_branches:u,br_inst_retired.all_branches,0.0,100.0,nan,,ok
2729.66963,nan,,br_misp_retired.all_branches:u,br_misp_retired.all_branches,0.0,100.0,nan,,ok
2729.66963,nan,,mem_uops_retired.all_loads:u,mem_uops_retired.all_loads,0.0,100.0,nan,,ok
2729.66963,nan,,mem_uops_retired.all_stores:u,mem_uops_retired.all_stores,0.0,100.0,nan,,ok
2729.66963,nan,,longest_lat_cache.reference:u,longest_lat_cache.reference,0.0,100.0,nan,,ok
2729.66963,nan,,longest_lat_cache.miss:u,longest_lat_cache.miss,0.0,100.0,nan,,ok
2729.66963,nan,,offcore_requests.demand_data_rd:u,offcore_requests.demand_data_rd,0.0,100.0,nan,,ok
2729.66963,nan,,resource_stalls.any:u,resource_stalls.any,0.0,100.0,nan,,ok
2740.065685,95303.0,,inst_retired.any:u,inst_retired.any,627590.0,100.0,nan,,ok
2740.065685,142033.0,,cpu_clk_unhalted.thread:u,cpu_clk_unhalted.thread,640347.0,100.0,nan,,ok
2740.065685,25730.0,,br_inst_retired.all_branches:u,br_inst_retired.all_branches,648704.0,100.0,nan,,ok
2740.065685,1213.0,,br_misp_retired.all_branches:u,br_misp_retired.all_branches,657060.0,100.0,nan,,ok
2740.065685,18954.0,,mem_uops_retired.all_loads:u,mem_uops_retired.all_loads,664217.0,100.0,nan,,ok
2740.065685,1104.0,,mem_uops_retired.all_stores:u,mem_uops_retired.all_stores,287997.0,42.0,nan,,ok
2740.065685,1502.0,,longest_lat_cache.reference:u,longest_lat_cache.reference,384550.0,56.0,nan,,ok
2740.065685,765.0,,longest_lat_cache.miss:u,longest_lat_cache.miss,685314.0,100.0,nan,,ok
2740.065685,302.0,,offcore_requests.demand_data_rd:u,offcore_requests.demand_data_rd,697304.0,100.0,nan,,ok
2740.065685,2391.0,,resource_stalls.any:u,resource_stalls.any,704850.0,100.0,nan,,ok
2750.555575,3501917.0,,inst_retired.any:u,inst_retired.any,5962006.0,92.0,nan,,ok
2750.555575,2896877.0,,cpu_clk_unhalted.thread:u,cpu_clk_unhalted.thread,5636187.0,94.0,nan,,ok
2750.555575,541463.0,,br_inst_retired.all_branches:u,br_inst_retired.all_branches,5239310.0,86.0,nan,,ok
2750.555575,16610.0,,br_misp_retired.all_branches:u,br_misp_retired.all_branches,6106315.0,95.0,nan,,ok
2750.555575,827096.0,,mem_uops_retired.all_loads:u,mem_uops_retired.all_loads,6383565.0,100.0,nan,,ok
2750.555575,315311.0,,mem_uops_retired.all_stores:u,mem_uops_retired.all_stores,6375235.0,100.0,nan,,ok
2750.555575,26151.0,,longest_lat_cache.reference:u,longest_lat_cache.reference,5664018.0,88.0,nan,,ok
2750.555575,7237.0,,longest_lat_cache.miss:u,longest_lat_cache.miss,5361275.0,84.0,nan,,ok
2750.555575,11542.0,,offcore_requests.demand_data_rd:u,offcore_requests.demand_data_rd,5314383.0,84.0,nan,,ok
2750.555575,1108141.0,,resource_stalls.any:u,resource_stalls.any,4931625.0,77.0,nan,,ok
2761.010498,855569.0,,inst_retired.any:u,inst_retired.any,5462154.0,70.0,nan,,ok
2761.010498,1171914.0,,cpu_clk_unhalted.thread:u,cpu_clk_unhalted.thread,5016747.0,65.0,nan,,ok
2761.010498,128822.0,,br_inst_retired.all_branches:u,br_inst_retired.all_branches,6374070.0,86.0,nan,,ok
2761.010498,8986.0,,br_misp_retired.all_branches:u,br_misp_retired.all_branches,6792943.0,94.0,nan,,ok
2761.010498,210270.0,,mem_uops_retired.all_loads:u,mem_uops_retired.all_loads,7716854.0,100.0,nan,,ok
2761.010498,75655.0,,mem_uops_retired.all_stores:u,mem_uops_retired.all_stores,7721953.0,100.0,nan,,ok
2761.010498,15936.0,,longest_lat_cache.reference:u,longest_lat_cache.reference,7727609.0,100.0,nan,,ok
2761.010498,5660.0,,longest_lat_cache.miss:u,longest_lat_cache.miss,7732196.0,100.0,nan,,ok
2761.010498,6522.0,,offcore_requests.demand_data_rd:u,offcore_requests.demand_data_rd,7351163.0,99.0,nan,,ok
2761.010498,164961.0,,resource_stalls.any:u,resource_stalls.any,5362994.0,69.0,nan,,ok
2771.338193,1455456.0,,inst_retired.any:u,inst_retired.any,6333009.0,100.0,nan,,ok
2771.338193,1297163.0,,cpu_clk_unhalted.thread:u,cpu_clk_unhalted.thread,5293942.0,83.0,nan,,ok
2771.338193,436901.0,,br_inst_retired.all_branches:u,br_inst_retired.all_branches,4014520.0,63.0,nan,,ok
2771.338193,15553.0,,br_misp_retired.all_branches:u,br_misp_retired.all_branches,4483689.0,70.0,nan,,ok
2771.338193,404073.0,,mem_uops_retired.all_loads:u,mem_uops_retired.all_loads,5505385.0,89.0,nan,,ok
2771.338193,150326.0,,mem_uops_retired.all_stores:u,mem_uops_retired.all_stores,6066183.0,100.0,nan,,ok
2771.338193,20258.0,,longest_lat_cache.reference:u,longest_lat_cache.reference,6345526.0,100.0,nan,,ok
2771.338193,6217.0,,longest_lat_cache.miss:u,longest_lat_cache.miss,6347723.0,100.0,nan,,ok
2771.338193,9178.0,,offcore_requests.demand_data_rd:u,offcore_requests.demand_data_rd,6349626.0,100.0,nan,,ok
2771.338193,196179.0,,resource_stalls.any:u,resource_stalls.any,6351046.0,100.0,nan,,ok
2773.393923,351392.0,,inst_retired.any:u,inst_retired.any,1638176.0,100.0,nan,,ok
2773.393923,49376.0,,cpu_clk_unhalted.thread:u,cpu_clk_unhalted.thread,1144776.0,70.0,nan,,ok
2773.393923,185579.0,,br_inst_retired.all_branches:u,br_inst_retired.all_branches,694413.0,42.0,nan,,ok
2773.393923,1872.0,,br_misp_retired.all_branches:u,br_misp_retired.all_branches,1400680.0,88.0,nan,,ok
2773.393923,109241.0,,mem_uops_retired.all_loads:u,mem_uops_retired.all_loads,1609106.0,100.0,nan,,ok
2773.393923,46426.0,,mem_uops_retired.all_stores:u,mem_uops_retired.all_stores,1602069.0,100.0,nan,,ok
2773.393923,2988.0,,longest_lat_cache.reference:u,longest_lat_cache.reference,1594943.0,100.0,nan,,ok
2773.393923,1757.0,,longest_lat_cache.miss:u,longest_lat_cache.miss,1588159.0,100.0,nan,,ok
2773.393923,1924.0,,offcore_requests.demand_data_rd:u,offcore_requests.demand_data_rd,1581273.0,100.0,nan,,ok
2773.393923,120493.0,,resource_stalls.any:u,resource_stalls.any,1575036.0,100.0,nan,,ok
