timestamp_ms,value,unit,event_name,event_name_normalized,runtime_ns,enabled_pct,metric_value,metric_unit,status
10.091434999999999,7971372.0,,instructions:u,instructions,2459241.0,38.0,1.0,insn per cycle,ok
10.091434999999999,nan,,,,nan,nan,0.28,stalled cycles per insn,unknown
10.091434999999999,7935432.0,,cycles:u,cycles,1948707.0,30.0,nan,,ok
10.091434999999999,1571755.0,,branches:u,branches,2954768.0,46.0,nan,,ok
10.091434999999999,38541.0,,branch-misses:u,branch-misses,3451249.0,53.0,2.45,of all branches,ok
10.091434999999999,389543.0,,L1-dcache-loads:u,l1-dcache-loads,3085156.0,48.0,nan,,ok
10.091434999999999,66528.0,,cache-references:u,cache-references,3912417.0,61.0,nan,,ok
10.091434999999999,10591.0,,cache-misses:u,cache-misses,4431591.0,69.0,15.92,of all cache refs,ok
10.091434999999999,2259698.0,,stalled-cycles-frontend:u,stalled-cycles-frontend,2327568.0,36.0,28.48,frontend cycles idle,ok
20.672409,15938603.0,,instructions:u,instructions,3228216.0,33.0,0.97,insn per cycle,ok
20.672409,nan,,,,nan,nan,0.18,stalled cycles per insn,unknown
20.672409,16406075.0,,cycles:u,cycles,2861164.0,29.0,nan,,ok
20.672409,5920325.0,,branches:u,branches,3853082.0,40.0,nan,,ok
20.672409,102120.0,,branch-misses:u,branch-misses,4843166.0,50.0,1.72,of all branches,ok
20.672409,8749746.0,,L1-dcache-loads:u,l1-dcache-loads,5796397.0,64.0,nan,,ok
20.672409,189428.0,,cache-references:u,cache-references,6331041.0,79.0,nan,,ok
20.672409,14594.0,,cache-misses:u,cache-misses,6713217.0,74.0,7.7,of all cache refs,ok
20.672409,2836066.0,,stalled-cycles-frontend:u,stalled-cycles-frontend,2222002.0,23.0,17.29,frontend cycles idle,ok
31.138421,1859846.0,,instructions:u,instructions,4520588.0,84.0,0.49,insn per cycle,ok
31.138421,nan,,,,nan,nan,1.75,stalled cycles per insn,unknown
31.138421,3779109.0,,cycles:u,cycles,6458717.0,90.0,nan,,ok
31.138421,410697.0,,branches:u,branches,8059658.0,92.0,nan,,ok
31.138421,30871.0,,branch-misses:u,branch-misses,8675282.0,92.0,7.52,of all branches,ok
31.138421,938847.0,,L1-dcache-loads:u,l1-dcache-loads,7138026.0,76.0,nan,,ok
31.138421,121829.0,,cache-references:u,cache-references,4857950.0,51.0,nan,,ok
31.138421,15790.0,,cache-misses:u,cache-misses,2870471.0,30.0,12.96,of all cache refs,ok
31.138421,3245913.0,,stalled-cycles-frontend:u,stalled-cycles-frontend,2202595.0,26.0,85.89,frontend cycles idle,ok
41.631719,nan,,instructions:u,instructions,0.0,0.0,nan,,ok
41.631719,4346993.0,,cycles:u,cycles,630117.0,13.0,nan,,ok
41.631719,409839.0,,branches:u,branches,3884780.0,55.0,nan,,ok
41.631719,34501.0,,branch-misses:u,branch-misses,7434186.0,78.0,8.42,of all branches,ok
41.631719,1129210.0,,L1-dcache-loads:u,l1-dcache-loads,9858490.0,97.0,nan,,ok
41.631719,147237.0,,cache-references:u,cache-references,10086076.0,100.0,nan,,ok
41.631719,19962.0,,cache-misses:u,cache-misses,9488206.0,94.0,13.56,of all cache refs,ok
41.631719,nan,,stalled-cycles-frontend:u,stalled-cycles-frontend,0.0,0.0,nan,,ok
52.05487,2582170.0,,instructions:u,instructions,4296717.0,48.0,0.69,insn per cycle,ok
52.05487,nan,,,,nan,nan,0.78,stalled cycles per insn,unknown
52.05487,3760711.0,,cycles:u,cycles,1710060.0,20.0,nan,,ok
52.05487,281538.0,,branches:u,branches,1710060.0,28.0,nan,,ok
52.05487,24798.0,,branch-misses:u,branch-misses,2064815.0,34.0,8.81,of all branches,ok
52.05487,832873.0,,L1-dcache-loads:u,l1-dcache-loads,2583658.0,39.0,nan,,ok
52.05487,131031.0,,cache-references:u,cache-references,5083738.0,65.0,nan,,ok
52.05487,18352.0,,cache-misses:u,cache-misses,7703189.0,100.0,14.01,of all cache refs,ok
52.05487,2016886.0,,stalled-cycles-frontend:u,stalled-cycles-frontend,3472205.0,42.0,53.63,frontend cycles idle,ok
62.579145000000004,1461983.0,,instructions:u,instructions,7511762.0,97.0,0.32,insn per cycle,ok
62.579145000000004,nan,,,,nan,nan,2.18,stalled cycles per insn,unknown
62.579145000000004,4571062.0,,cycles:u,cycles,8336150.0,86.0,nan,,ok
62.579145000000004,444176.0,,branches:u,branches,8891460.0,87.0,nan,,ok
62.579145000000004,31293.0,,branch-misses:u,branch-misses,8898857.0,87.0,7.05,of all branches,ok
62.579145000000004,768649.0,,L1-dcache-loads:u,l1-dcache-loads,5188932.0,50.0,nan,,ok
62.579145000000004,157792.0,,cache-references:u,cache-references,2729932.0,26.0,nan,,ok
62.579145000000004,22010.0,,cache-misses:u,cache-misses,1838754.0,18.0,13.95,of all cache refs,ok
62.579145000000004,3186198.0,,stalled-cycles-frontend:u,stalled-cycles-frontend,4981976.0,51.0,69.7,frontend cycles idle,ok
73.044231,1293168.0,,instructions:u,instructions,1674779.0,42.0,0.34,insn per cycle,ok
73.044231,3837094.0,,cycles:u,cycles,4849245.0,75.0,nan,,ok
73.044231,513022.0,,branches:u,branches,7783898.0,91.0,nan,,ok
73.044231,34960.0,,branch-misses:u,branch-misses,9941165.0,100.0,6.81,of all branches,ok
73.044231,1190426.0,,L1-dcache-loads:u,l1-dcache-loads,10399338.0,100.0,nan,,ok
73.044231,147607.0,,cache-references:u,cache-references,8724910.0,83.0,nan,,ok
73.044231,19395.0,,cache-misses:u,cache-misses,5584320.0,53.0,13.14,of all cache refs,ok
73.044231,nan,,stalled-cycles-frontend:u,stalled-cycles-frontend,0.0,0.0,nan,,ok
83.441035,1347078.0,,instructions:u,instructions,1067599.0,11.0,nan,,ok
83.441035,nan,,,,nan,nan,1.24,stalled cycles per insn,unknown
83.441035,nan,,cycles:u,cycles,0.0,0.0,nan,,ok
83.441035,nan,,branches:u,branches,0.0,0.0,nan,,ok
83.441035,23392.0,,branch-misses:u,branch-misses,913412.0,23.0,nan,,ok
83.441035,728350.0,,L1-dcache-loads:u,l1-dcache-loads,4595055.0,84.0,nan,,ok
83.441035,119422.0,,cache-references:u,cache-references,8141632.0,99.0,nan,,ok
83.441035,19951.0,,cache-misses:u,cache-misses,9228738.0,100.0,16.71,of all cache refs,ok
83.441035,1665158.0,,stalled-cycles-frontend:u,stalled-cycles-frontend,1100596.0,11.0,nan,,ok
93.88782499999999,2079225.0,,instructions:u,instructions,5888784.0,56.0,0.5,insn per cycle,ok
93.88782499999999,nan,,,,nan,nan,0.99,stalled cycles per insn,unknown
93.88782499999999,4196738.0,,cycles:u,cycles,2523031.0,24.0,nan,,ok
93.88782499999999,408771.0,,branches:u,branches,2523031.0,24.0,nan,,ok
93.88782499999999,29077.0,,branch-misses:u,branch-misses,2523031.0,24.0,7.11,of all branches,ok
93.88782499999999,1396771.0,,L1-dcache-loads:u,l1-dcache-loads,2632621.0,27.0,nan,,ok
93.88782499999999,134211.0,,cache-references:u,cache-references,4558728.0,65.0,nan,,ok
93.88782499999999,20120.0,,cache-misses:u,cache-misses,7924710.0,100.0,14.99,of all cache refs,ok
93.88782499999999,2066970.0,,stalled-cycles-frontend:u,stalled-cycles-frontend,5398413.0,54.0,49.25,frontend cycles idle,ok
104.35088400000001,2413821.0,,instructions:u,instructions,6345133.0,77.0,0.53,insn per cycle,ok
104.35088400000001,nan,,,,nan,nan,0.77,stalled cycles per insn,unknown
104.35088400000001,4550527.0,,cycles:u,cycles,7595801.0,81.0,nan,,ok
104.35088400000001,452293.0,,branches:u,branches,8341156.0,89.0,nan,,ok
104.35088400000001,28992.0,,branch-misses:u,branch-misses,8341156.0,89.0,6.41,of all branches,ok
104.35088400000001,1005884.0,,L1-dcache-loads:u,l1-dcache-loads,6014922.0,64.0,nan,,ok
104.35088400000001,96929.0,,cache-references:u,cache-references,2989780.0,32.0,nan,,ok
104.35088400000001,24059.0,,cache-misses:u,cache-misses,1712835.0,21.0,24.82,of all cache refs,ok
104.35088400000001,1852797.0,,stalled-cycles-frontend:u,stalled-cycles-frontend,3286192.0,60.0,40.72,frontend cycles idle,ok
114.82692399999999,nan,,instructions:u,instructions,0.0,0.0,nan,,ok
114.82692399999999,5270241.0,,cycles:u,cycles,343996.0,7.0,nan,,ok
114.82692399999999,446458.0,,branches:u,branches,2694605.0,43.0,nan,,ok
114.82692399999999,34786.0,,branch-misses:u,branch-misses,6450778.0,74.0,7.79,of all branches,ok
114.82692399999999,1159716.0,,L1-dcache-loads:u,l1-dcache-loads,8993815.0,95.0,nan,,ok
114.82692399999999,145159.0,,cache-references:u,cache-references,9428327.0,100.0,nan,,ok
114.82692399999999,19955.0,,cache-misses:u,cache-misses,9090923.0,96.0,13.75,of all cache refs,ok
114.82692399999999,nan,,stalled-cycles-frontend:u,stalled-cycles-frontend,0.0,0.0,nan,,ok
125.244353,2008335.0,,instructions:u,instructions,5114537.0,51.0,0.69,insn per cycle,ok
125.244353,nan,,,,nan,nan,0.99,stalled cycles per insn,unknown
125.244353,2906837.0,,cycles:u,cycles,1484075.0,16.0,nan,,ok
125.244353,242955.0,,branches:u,branches,1491048.0,21.0,nan,,ok
125.244353,17979.0,,branch-misses:u,branch-misses,1808218.0,25.0,7.4,of all branches,ok
125.244353,965966.0,,L1-dcache-loads:u,l1-dcache-loads,1667369.0,24.0,nan,,ok
125.244353,127195.0,,cache-references:u,cache-references,5167618.0,72.0,nan,,ok
125.244353,24989.0,,cache-misses:u,cache-misses,8800222.0,90.0,19.65,of all cache refs,ok
125.244353,1991793.0,,stalled-cycles-frontend:u,stalled-cycles-frontend,5159231.0,51.0,68.52,frontend cycles idle,ok
135.74372400000001,2307788.0,,instructions:u,instructions,5409354.0,62.0,0.44,insn per cycle,ok
135.74372400000001,nan,,,,nan,nan,0.97,stalled cycles per insn,unknown
135.74372400000001,5243963.0,,cycles:u,cycles,6998796.0,74.0,nan,,ok
135.74372400000001,538286.0,,branches:u,branches,8785769.0,93.0,nan,,ok
135.74372400000001,34671.0,,branch-misses:u,branch-misses,9122981.0,97.0,6.44,of all branches,ok
135.74372400000001,1022269.0,,L1-dcache-loads:u,l1-dcache-loads,6806701.0,72.0,nan,,ok
135.74372400000001,116870.0,,cache-references:u,cache-references,3979884.0,46.0,nan,,ok
135.74372400000001,14970.0,,cache-misses:u,cache-misses,2393096.0,34.0,12.81,of all cache refs,ok
135.74372400000001,2246462.0,,stalled-cycles-frontend:u,stalled-cycles-frontend,2531603.0,41.0,42.84,frontend cycles idle,ok
146.21032300000002,1621697.0,,instructions:u,instructions,788579.0,11.0,0.42,insn per cycle,ok
146.21032300000002,nan,,,,nan,nan,1.25,stalled cycles per insn,unknown
146.21032300000002,3817049.0,,cycles:u,cycles,226425.0,3.0,nan,,ok
146.21032300000002,262413.0,,branches:u,branches,1531430.0,36.0,nan,,ok
146.21032300000002,20482.0,,branch-misses:u,branch-misses,4316885.0,69.0,7.81,of all branches,ok
146.21032300000002,958494.0,,L1-dcache-loads:u,l1-dcache-loads,7179433.0,89.0,nan,,ok
146.21032300000002,143200.0,,cache-references:u,cache-references,9626466.0,100.0,nan,,ok
146.21032300000002,22984.0,,cache-misses:u,cache-misses,10183909.0,97.0,16.05,of all cache refs,ok
146.21032300000002,2029171.0,,stalled-cycles-frontend:u,stalled-cycles-frontend,788579.0,8.0,53.16,frontend cycles idle,ok
156.698089,2463387.0,,instructions:u,instructions,7571000.0,81.0,0.59,insn per cycle,ok
156.698089,nan,,,,nan,nan,0.81,stalled cycles per insn,unknown
156.698089,4140504.0,,cycles:u,cycles,4484340.0,48.0,nan,,ok
156.698089,434861.0,,branches:u,branches,4491454.0,48.0,nan,,ok
156.698089,32194.0,,branch-misses:u,branch-misses,4498135.0,48.0,7.4,of all branches,ok
156.698089,827139.0,,L1-dcache-loads:u,l1-dcache-loads,1348353.0,15.0,nan,,ok
156.698089,128675.0,,cache-references:u,cache-references,1740130.0,25.0,nan,,ok
156.698089,18979.0,,cache-misses:u,cache-misses,4828199.0,69.0,14.75,of all cache refs,ok
156.698089,1986369.0,,stalled-cycles-frontend:u,stalled-cycles-frontend,6489627.0,75.0,47.97,frontend cycles idle,ok
167.159804,1601400.0,,instructions:u,instructions,4435764.0,71.0,0.36,insn per cycle,ok
167.159804,nan,,,,nan,nan,2.13,stalled cycles per insn,unknown
167.159804,4450723.0,,cycles:u,cycles,6991148.0,87.0,nan,,ok
167.159804,521968.0,,branches:u,branches,9303435.0,96.0,nan,,ok
167.159804,34869.0,,branch-misses:u,branch-misses,10062475.0,96.0,6.68,of all branches,ok
167.159804,1167051.0,,L1-dcache-loads:u,l1-dcache-loads,8737391.0,84.0,nan,,ok
167.159804,136241.0,,cache-references:u,cache-references,5978363.0,59.0,nan,,ok
167.159804,22359.0,,cache-misses:u,cache-misses,3422733.0,34.0,16.41,of all cache refs,ok
167.159804,3414760.0,,stalled-cycles-frontend:u,stalled-cycles-frontend,1640944.0,19.0,76.72,frontend cycles idle,ok
177.66074400000002,274608.0,,instructions:u,instructions,246973.0,5.0,0.27,insn per cycle,ok
177.66074400000002,nan,,,,nan,nan,8.28,stalled cycles per insn,unknown
177.66074400000002,1000062.0,,cycles:u,cycles,97809.0,2.0,nan,,ok
177.66074400000002,296146.0,,branches:u,branches,1513365.0,31.0,nan,,ok
177.66074400000002,24953.0,,branch-misses:u,branch-misses,4524168.0,68.0,8.43,of all branches,ok
177.66074400000002,1023303.0,,L1-dcache-loads:u,l1-dcache-loads,7248103.0,86.0,nan,,ok
177.66074400000002,133585.0,,cache-references:u,cache-references,9019540.0,97.0,nan,,ok
177.66074400000002,22108.0,,cache-misses:u,cache-misses,9187105.0,98.0,16.55,of all cache refs,ok
177.66074400000002,2272394.0,,stalled-cycles-frontend:u,stalled-cycles-frontend,279970.0,3.0,227.23,frontend cycles idle,ok
188.118625,2034234.0,,instructions:u,instructions,3896100.0,37.0,0.56,insn per cycle,ok
188.118625,nan,,,,nan,nan,1.03,stalled cycles per insn,unknown
188.118625,3649863.0,,cycles:u,cycles,1360072.0,13.0,nan,,ok
188.118625,354182.0,,branches:u,branches,1360072.0,13.0,nan,,ok
188.118625,35769.0,,branch-misses:u,branch-misses,2438551.0,23.0,10.1,of all branches,ok
188.118625,1628491.0,,L1-dcache-loads:u,l1-dcache-loads,4129525.0,40.0,nan,,ok
188.118625,142296.0,,cache-references:u,cache-references,6547574.0,78.0,nan,,ok
188.118625,22636.0,,cache-misses:u,cache-misses,9064361.0,100.0,15.91,of all cache refs,ok
188.118625,2096780.0,,stalled-cycles-frontend:u,stalled-cycles-frontend,3748715.0,36.0,57.45,frontend cycles idle,ok
198.610613,1949392.0,,instructions:u,instructions,7014361.0,68.0,0.44,insn per cycle,ok
198.610613,nan,,,,nan,nan,1.02,stalled cycles per insn,unknown
198.610613,4417508.0,,cycles:u,cycles,4429755.0,43.0,nan,,ok
198.610613,443386.0,,branches:u,branches,4436341.0,43.0,nan,,ok
198.610613,32571.0,,branch-misses:u,branch-misses,4443055.0,43.0,7.35,of all branches,ok
198.610613,1365301.0,,L1-dcache-loads:u,l1-dcache-loads,2541363.0,24.0,nan,,ok
198.610613,179798.0,,cache-references:u,cache-references,3299334.0,33.0,nan,,ok
198.610613,19520.0,,cache-misses:u,cache-misses,5846969.0,74.0,10.86,of all cache refs,ok
198.610613,1986739.0,,stalled-cycles-frontend:u,stalled-cycles-frontend,5564600.0,56.0,44.97,frontend cycles idle,ok
209.084006,2013753.0,,instructions:u,instructions,7024864.0,100.0,0.44,insn per cycle,ok
209.084006,nan,,,,nan,nan,1.61,stalled cycles per insn,unknown
209.084006,4550315.0,,cycles:u,cycles,7182678.0,79.0,nan,,ok
209.084006,433406.0,,branches:u,branches,7697471.0,80.0,nan,,ok
209.084006,29081.0,,branch-misses:u,branch-misses,7697407.0,80.0,6.71,of all branches,ok
209.084006,738147.0,,L1-dcache-loads:u,l1-dcache-loads,4276687.0,44.0,nan,,ok
209.084006,144791.0,,cache-references:u,cache-references,2531017.0,26.0,nan,,ok
209.084006,27264.0,,cache-misses:u,cache-misses,2411069.0,25.0,18.83,of all cache refs,ok
209.084006,3233960.0,,stalled-cycles-frontend:u,stalled-cycles-frontend,5331627.0,58.0,71.07,frontend cycles idle,ok
219.581848,1669184.0,,instructions:u,instructions,2569554.0,44.0,0.38,insn per cycle,ok
219.581848,nan,,,,nan,nan,1.29,stalled cycles per insn,unknown
219.581848,4394720.0,,cycles:u,cycles,6384371.0,84.0,nan,,ok
219.581848,514998.0,,branches:u,branches,8815109.0,98.0,nan,,ok
219.581848,31976.0,,branch-misses:u,branch-misses,9364643.0,100.0,6.21,of all branches,ok
219.581848,1042501.0,,L1-dcache-loads:u,l1-dcache-loads,9059513.0,96.0,nan,,ok
219.581848,124286.0,,cache-references:u,cache-references,6833745.0,72.0,nan,,ok
219.581848,13129.0,,cache-misses:u,cache-misses,3017828.0,32.0,10.56,of all cache refs,ok
219.581848,2152865.0,,stalled-cycles-frontend:u,stalled-cycles-frontend,294283.0,3.0,48.99,frontend cycles idle,ok
230.042543,1088009.0,,instructions:u,instructions,920723.0,10.0,nan,,ok
230.042543,nan,,,,nan,nan,1.43,stalled cycles per insn,unknown
230.042543,nan,,cycles:u,cycles,0.0,0.0,nan,,ok
230.042543,443896.0,,branches:u,branches,649899.0,28.0,nan,,ok
230.042543,20394.0,,branch-misses:u,branch-misses,4163570.0,88.0,4.59,of all branches,ok
230.042543,901032.0,,L1-dcache-loads:u,l1-dcache-loads,6691686.0,100.0,nan,,ok
230.042543,144452.0,,cache-references:u,cache-references,8688721.0,100.0,nan,,ok
230.042543,22918.0,,cache-misses:u,cache-misses,9609715.0,100.0,15.87,of all cache refs,ok
230.042543,1560761.0,,stalled-cycles-frontend:u,stalled-cycles-frontend,920723.0,9.0,nan,,ok
240.51772599999998,2095818.0,,instructions:u,instructions,6895320.0,76.0,0.47,insn per cycle,ok
240.51772599999998,nan,,,,nan,nan,0.9,stalled cycles per insn,unknown
240.51772599999998,4460965.0,,cycles:u,cycles,5159149.0,53.0,nan,,ok
240.51772599999998,455374.0,,branches:u,branches,5165854.0,53.0,nan,,ok
240.51772599999998,30720.0,,branch-misses:u,branch-misses,5172654.0,53.0,6.75,of all branches,ok
240.51772599999998,1388309.0,,L1-dcache-loads:u,l1-dcache-loads,2646804.0,27.0,nan,,ok
240.51772599999998,194311.0,,cache-references:u,cache-references,2692955.0,29.0,nan,,ok
240.51772599999998,19579.0,,cache-misses:u,cache-misses,4431361.0,59.0,10.08,of all cache refs,ok
240.51772599999998,1884299.0,,stalled-cycles-frontend:u,stalled-cycles-frontend,5237502.0,70.0,42.24,frontend cycles idle,ok
250.981248,2070112.0,,instructions:u,instructions,2331039.0,41.0,0.47,insn per cycle,ok
250.981248,nan,,,,nan,nan,1.96,stalled cycles per insn,unknown
250.981248,4395729.0,,cycles:u,cycles,4550804.0,65.0,nan,,ok
250.981248,563546.0,,branches:u,branches,7427625.0,84.0,nan,,ok
250.981248,33807.0,,branch-misses:u,branch-misses,9354522.0,100.0,6.0,of all branches,ok
250.981248,1143667.0,,L1-dcache-loads:u,l1-dcache-loads,9015661.0,96.0,nan,,ok
250.981248,131097.0,,cache-references:u,cache-references,7060062.0,75.0,nan,,ok
250.981248,15338.0,,cache-misses:u,cache-misses,4837632.0,55.0,11.7,of all cache refs,ok
250.981248,4052338.0,,stalled-cycles-frontend:u,stalled-cycles-frontend,338671.0,5.0,92.19,frontend cycles idle,ok
261.444298,1608349.0,,instructions:u,instructions,3125513.0,37.0,0.53,insn per cycle,ok
261.444298,nan,,,,nan,nan,1.07,stalled cycles per insn,unknown
261.444298,3058698.0,,cycles:u,cycles,782315.0,10.0,nan,,ok
261.444298,303620.0,,branches:u,branches,1088065.0,20.0,nan,,ok
261.444298,28553.0,,branch-misses:u,branch-misses,1814103.0,31.0,9.4,of all branches,ok
261.444298,980057.0,,L1-dcache-loads:u,l1-dcache-loads,3253998.0,51.0,nan,,ok
261.444298,109272.0,,cache-references:u,cache-references,6346219.0,99.0,nan,,ok
261.444298,20836.0,,cache-misses:u,cache-misses,8706116.0,100.0,19.07,of all cache refs,ok
261.444298,1716302.0,,stalled-cycles-frontend:u,stalled-cycles-frontend,3156269.0,35.0,56.11,frontend cycles idle,ok
271.90311,2473415.0,,instructions:u,instructions,7255710.0,100.0,0.54,insn per cycle,ok
271.90311,nan,,,,nan,nan,0.94,stalled cycles per insn,unknown
271.90311,4595637.0,,cycles:u,cycles,6505813.0,80.0,nan,,ok
271.90311,587513.0,,branches:u,branches,7343287.0,82.0,nan,,ok
271.90311,33880.0,,branch-misses:u,branch-misses,7365268.0,82.0,5.77,of all branches,ok
271.90311,1149773.0,,L1-dcache-loads:u,l1-dcache-loads,4252518.0,47.0,nan,,ok
271.90311,115796.0,,cache-references:u,cache-references,1633318.0,19.0,nan,,ok
271.90311,15971.0,,cache-misses:u,cache-misses,2387735.0,37.0,13.79,of all cache refs,ok
271.90311,2333988.0,,stalled-cycles-frontend:u,stalled-cycles-frontend,4716039.0,63.0,50.79,frontend cycles idle,ok
282.42600400000003,133648.0,,instructions:u,instructions,760650.0,19.0,0.05,insn per cycle,ok
282.42600400000003,2952889.0,,cycles:u,cycles,2923279.0,55.0,nan,,ok
282.42600400000003,460932.0,,branches:u,branches,6069128.0,85.0,nan,,ok
282.42600400000003,29112.0,,branch-misses:u,branch-misses,8743838.0,99.0,6.32,of all branches,ok
282.42600400000003,1143654.0,,L1-dcache-loads:u,l1-dcache-loads,9669751.0,100.0,nan,,ok
282.42600400000003,140510.0,,cache-references:u,cache-references,9026402.0,93.0,nan,,ok
282.42600400000003,20103.0,,cache-misses:u,cache-misses,6842766.0,70.0,14.31,of all cache refs,ok
282.42600400000003,nan,,stalled-cycles-frontend:u,stalled-cycles-frontend,0.0,0.0,nan,,ok
292.85599299999996,1778901.0,,instructions:u,instructions,2731924.0,32.0,0.58,insn per cycle,ok
292.85599299999996,nan,,,,nan,nan,1.07,stalled cycles per insn,unknown
292.85599299999996,3079445.0,,cycles:u,cycles,1025389.0,13.0,nan,,ok
292.85599299999996,191395.0,,branches:u,branches,1204744.0,22.0,nan,,ok
292.85599299999996,20540.0,,branch-misses:u,branch-misses,2380769.0,41.0,10.73,of all branches,ok
292.85599299999996,1212167.0,,L1-dcache-loads:u,l1-dcache-loads,4709234.0,62.0,nan,,ok
292.85599299999996,153466.0,,cache-references:u,cache-references,7355992.0,80.0,nan,,ok
292.85599299999996,22768.0,,cache-misses:u,cache-misses,9063206.0,100.0,14.84,of all cache refs,ok
292.85599299999996,1899625.0,,stalled-cycles-frontend:u,stalled-cycles-frontend,2707110.0,29.0,61.69,frontend cycles idle,ok
303.313742,1669909.0,,instructions:u,instructions,4472878.0,46.0,0.36,insn per cycle,ok
303.313742,nan,,,,nan,nan,0.94,stalled cycles per insn,unknown
303.313742,4590470.0,,cycles:u,cycles,2673811.0,27.0,nan,,ok
303.313742,449398.0,,branches:u,branches,2673811.0,27.0,nan,,ok
303.313742,32541.0,,branch-misses:u,branch-misses,2673811.0,27.0,7.24,of all branches,ok
303.313742,1335595.0,,L1-dcache-loads:u,l1-dcache-loads,2149765.0,22.0,nan,,ok
303.313742,164705.0,,cache-references:u,cache-references,5106855.0,57.0,nan,,ok
303.313742,16066.0,,cache-misses:u,cache-misses,6905293.0,100.0,9.75,of all cache refs,ok
303.313742,1577730.0,,stalled-cycles-frontend:u,stalled-cycles-frontend,3796149.0,42.0,34.37,frontend cycles idle,ok
313.788678,2554075.0,,instructions:u,instructions,7245178.0,76.0,0.51,insn per cycle,ok
313.788678,nan,,,,nan,nan,0.89,stalled cycles per insn,unknown
313.788678,4983282.0,,cycles:u,cycles,8316056.0,82.0,nan,,ok
313.788678,470879.0,,branches:u,branches,8696326.0,85.0,nan,,ok
313.788678,32535.0,,branch-misses:u,branch-misses,8703409.0,85.0,6.91,of all branches,ok
313.788678,958336.0,,L1-dcache-loads:u,l1-dcache-loads,6185210.0,61.0,nan,,ok
313.788678,117024.0,,cache-references:u,cache-references,2892243.0,30.0,nan,,ok
313.788678,17501.0,,cache-misses:u,cache-misses,1820922.0,22.0,14.96,of all cache refs,ok
313.788678,2277329.0,,stalled-cycles-frontend:u,stalled-cycles-frontend,3861519.0,53.0,45.7,frontend cycles idle,ok
324.24942699999997,459307.0,,instructions:u,instructions,334086.0,5.0,0.09,insn per cycle,ok
324.24942699999997,4954343.0,,cycles:u,cycles,1460827.0,22.0,nan,,ok
324.24942699999997,425481.0,,branches:u,branches,5110138.0,100.0,nan,,ok
324.24942699999997,26265.0,,branch-misses:u,branch-misses,6930344.0,100.0,6.17,of all branches,ok
324.24942699999997,1184500.0,,L1-dcache-loads:u,l1-dcache-loads,8648882.0,100.0,nan,,ok
324.24942699999997,153753.0,,cache-references:u,cache-references,9401286.0,97.0,nan,,ok
324.24942699999997,20999.0,,cache-misses:u,cache-misses,8275190.0,84.0,13.66,of all cache refs,ok
324.24942699999997,0.0,,stalled-cycles-frontend:u,stalled-cycles-frontend,94041.0,1.0,nan,,ok
334.697213,834578.0,,instructions:u,instructions,516787.0,5.0,nan,,ok
334.697213,nan,,,,nan,nan,1.45,stalled cycles per insn,unknown
334.697213,nan,,cycles:u,cycles,0.0,0.0,nan,,ok
334.697213,417773.0,,branches:u,branches,1249933.0,29.0,nan,,ok
334.697213,23100.0,,branch-misses:u,branch-misses,4200358.0,66.0,5.53,of all branches,ok
334.697213,994352.0,,L1-dcache-loads:u,l1-dcache-loads,6813436.0,86.0,nan,,ok
334.697213,141967.0,,cache-references:u,cache-references,9582432.0,97.0,nan,,ok
334.697213,22730.0,,cache-misses:u,cache-misses,10123024.0,100.0,16.01,of all cache refs,ok
334.697213,1209302.0,,stalled-cycles-frontend:u,stalled-cycles-frontend,554821.0,5.0,nan,,ok
345.155068,2074719.0,,instructions:u,instructions,2674184.0,25.0,1.07,insn per cycle,ok
345.155068,nan,,,,nan,nan,1.07,stalled cycles per insn,unknown
345.155068,1932603.0,,cycles:u,cycles,536533.0,5.0,nan,,ok
345.155068,85592.0,,branches:u,branches,536533.0,7.0,nan,,ok
345.155068,32823.0,,branch-misses:u,branch-misses,2237361.0,26.0,38.35,of all branches,ok
345.155068,1316305.0,,L1-dcache-loads:u,l1-dcache-loads,4410214.0,51.0,nan,,ok
345.155068,132898.0,,cache-references:u,cache-references,7776266.0,98.0,nan,,ok
345.155068,23992.0,,cache-misses:u,cache-misses,9890378.0,100.0,18.05,of all cache refs,ok
345.155068,2224846.0,,stalled-cycles-frontend:u,stalled-cycles-frontend,2636150.0,25.0,115.12,frontend cycles idle,ok
355.642515,2267890.0,,instructions:u,instructions,7615437.0,94.0,0.49,insn per cycle,ok
355.642515,nan,,,,nan,nan,1.21,stalled cycles per insn,unknown
355.642515,4640360.0,,cycles:u,cycles,6940455.0,76.0,nan,,ok
355.642515,503787.0,,branches:u,branches,7295123.0,77.0,nan,,ok
355.642515,30764.0,,branch-misses:u,branch-misses,7301749.0,77.0,6.11,of all branches,ok
355.642515,673088.0,,L1-dcache-loads:u,l1-dcache-loads,3748749.0,39.0,nan,,ok
355.642515,136141.0,,cache-references:u,cache-references,1843409.0,20.0,nan,,ok
355.642515,16546.0,,cache-misses:u,cache-misses,2484485.0,30.0,12.15,of all cache refs,ok
355.642515,2752709.0,,stalled-cycles-frontend:u,stalled-cycles-frontend,5462314.0,61.0,59.32,frontend cycles idle,ok
366.10742600000003,1327774.0,,instructions:u,instructions,1757207.0,57.0,0.41,insn per cycle,ok
366.10742600000003,3268819.0,,cycles:u,cycles,4036746.0,88.0,nan,,ok
366.10742600000003,444681.0,,branches:u,branches,6725839.0,100.0,nan,,ok
366.10742600000003,27465.0,,branch-misses:u,branch-misses,8019554.0,100.0,6.18,of all branches,ok
366.10742600000003,1118442.0,,L1-dcache-loads:u,l1-dcache-loads,9019820.0,100.0,nan,,ok
366.10742600000003,129470.0,,cache-references:u,cache-references,7812610.0,81.0,nan,,ok
366.10742600000003,17165.0,,cache-misses:u,cache-misses,5566435.0,58.0,13.26,of all cache refs,ok
366.10742600000003,nan,,stalled-cycles-frontend:u,stalled-cycles-frontend,0.0,0.0,nan,,ok
376.564975,1114657.0,,instructions:u,instructions,1616186.0,22.0,nan,,ok
376.564975,nan,,,,nan,nan,1.28,stalled cycles per insn,unknown
376.564975,nan,,cycles:u,cycles,0.0,0.0,nan,,ok
376.564975,1149147.0,,branches:u,branches,304129.0,7.0,nan,,ok
376.564975,23902.0,,branch-misses:u,branch-misses,1784708.0,38.0,2.08,of all branches,ok
376.564975,1066040.0,,L1-dcache-loads:u,l1-dcache-loads,5034251.0,70.0,nan,,ok
376.564975,156428.0,,cache-references:u,cache-references,8533521.0,89.0,nan,,ok
376.564975,22768.0,,cache-misses:u,cache-misses,10174347.0,100.0,14.55,of all cache refs,ok
376.564975,1426453.0,,stalled-cycles-frontend:u,stalled-cycles-frontend,1654752.0,17.0,nan,,ok
387.021453,2954136.0,,instructions:u,instructions,7817922.0,82.0,0.62,insn per cycle,ok
387.021453,nan,,,,nan,nan,0.83,stalled cycles per insn,unknown
387.021453,4742394.0,,cycles:u,cycles,6303016.0,66.0,nan,,ok
387.021453,553197.0,,branches:u,branches,6910911.0,72.0,nan,,ok
387.021453,32902.0,,branch-misses:u,branch-misses,6917343.0,72.0,5.95,of all branches,ok
387.021453,790381.0,,L1-dcache-loads:u,l1-dcache-loads,3277744.0,37.0,nan,,ok
387.021453,108505.0,,cache-references:u,cache-references,1734835.0,24.0,nan,,ok
387.021453,18698.0,,cache-misses:u,cache-misses,3224899.0,52.0,17.23,of all cache refs,ok
387.021453,2448456.0,,stalled-cycles-frontend:u,stalled-cycles-frontend,5948983.0,68.0,51.63,frontend cycles idle,ok
397.515515,2041467.0,,instructions:u,instructions,5333194.0,100.0,0.47,insn per cycle,ok
397.515515,nan,,,,nan,nan,1.86,stalled cycles per insn,unknown
397.515515,4353783.0,,cycles:u,cycles,6954445.0,100.0,nan,,ok
397.515515,629104.0,,branches:u,branches,9335025.0,100.0,nan,,ok
397.515515,35043.0,,branch-misses:u,branch-misses,9733208.0,100.0,5.57,of all branches,ok
397.515515,811585.0,,L1-dcache-loads:u,l1-dcache-loads,6441717.0,66.0,nan,,ok
397.515515,111524.0,,cache-references:u,cache-references,4306773.0,44.0,nan,,ok
397.515515,12115.0,,cache-misses:u,cache-misses,2701109.0,27.0,10.86,of all cache refs,ok
397.515515,3788150.0,,stalled-cycles-frontend:u,stalled-cycles-frontend,3302506.0,35.0,87.01,frontend cycles idle,ok
408.008081,1778116.0,,instructions:u,instructions,3342550.0,51.0,0.36,insn per cycle,ok
408.008081,nan,,,,nan,nan,1.76,stalled cycles per insn,unknown
408.008081,4879014.0,,cycles:u,cycles,5830216.0,70.0,nan,,ok
408.008081,535498.0,,branches:u,branches,8168915.0,85.0,nan,,ok
408.008081,32916.0,,branch-misses:u,branch-misses,9500788.0,93.0,6.15,of all branches,ok
408.008081,1145660.0,,L1-dcache-loads:u,l1-dcache-loads,9259461.0,91.0,nan,,ok
408.008081,135809.0,,cache-references:u,cache-references,6858137.0,67.0,nan,,ok
408.008081,18342.0,,cache-misses:u,cache-misses,4355118.0,43.0,13.51,of all cache refs,ok
408.008081,3129802.0,,stalled-cycles-frontend:u,stalled-cycles-frontend,836846.0,9.0,64.15,frontend cycles idle,ok
418.46128999999996,1353484.0,,instructions:u,instructions,2491390.0,45.0,0.72,insn per cycle,ok
418.46128999999996,nan,,,,nan,nan,1.22,stalled cycles per insn,unknown
418.46128999999996,1887267.0,,cycles:u,cycles,630390.0,11.0,nan,,ok
418.46128999999996,556867.0,,branches:u,branches,1084188.0,19.0,nan,,ok
418.46128999999996,25446.0,,branch-misses:u,branch-misses,2553288.0,41.0,4.57,of all branches,ok
418.46128999999996,1192238.0,,L1-dcache-loads:u,l1-dcache-loads,4345396.0,56.0,nan,,ok
418.46128999999996,126893.0,,cache-references:u,cache-references,7032021.0,98.0,nan,,ok
418.46128999999996,21947.0,,cache-misses:u,cache-misses,8909905.0,100.0,17.3,of all cache refs,ok
418.46128999999996,1649545.0,,stalled-cycles-frontend:u,stalled-cycles-frontend,2522660.0,30.0,87.4,frontend cycles idle,ok
428.916525,2018475.0,,instructions:u,instructions,7180997.0,95.0,0.42,insn per cycle,ok
428.916525,nan,,,,nan,nan,1.15,stalled cycles per insn,unknown
428.916525,4765643.0,,cycles:u,cycles,8036777.0,87.0,nan,,ok
428.916525,559433.0,,branches:u,branches,9002302.0,88.0,nan,,ok
428.916525,33420.0,,branch-misses:u,branch-misses,9002302.0,88.0,5.97,of all branches,ok
428.916525,908929.0,,L1-dcache-loads:u,l1-dcache-loads,5810258.0,57.0,nan,,ok
428.916525,117960.0,,cache-references:u,cache-references,3023690.0,29.0,nan,,ok
428.916525,16882.0,,cache-misses:u,cache-misses,2144170.0,23.0,14.31,of all cache refs,ok
428.916525,2322909.0,,stalled-cycles-frontend:u,stalled-cycles-frontend,4363159.0,58.0,48.74,frontend cycles idle,ok
439.36175,1357132.0,,instructions:u,instructions,1902417.0,76.0,0.38,insn per cycle,ok
439.36175,nan,,,,nan,nan,0.75,stalled cycles per insn,unknown
439.36175,3531450.0,,cycles:u,cycles,4901719.0,100.0,nan,,ok
439.36175,487885.0,,branches:u,branches,7551186.0,100.0,nan,,ok
439.36175,36663.0,,branch-misses:u,branch-misses,9701670.0,100.0,7.51,of all branches,ok
439.36175,1249202.0,,L1-dcache-loads:u,l1-dcache-loads,10157415.0,99.0,nan,,ok
439.36175,137449.0,,cache-references:u,cache-references,8312536.0,81.0,nan,,ok
439.36175,16435.0,,cache-misses:u,cache-misses,5313234.0,52.0,11.96,of all cache refs,ok
439.36175,1017695.0,,stalled-cycles-frontend:u,stalled-cycles-frontend,57538.0,0.0,28.82,frontend cycles idle,ok
449.817218,943074.0,,instructions:u,instructions,542839.0,9.0,0.23,insn per cycle,ok
449.817218,nan,,,,nan,nan,1.71,stalled cycles per insn,unknown
449.817218,4132615.0,,cycles:u,cycles,1521230.0,23.0,nan,,ok
449.817218,451553.0,,branches:u,branches,3113771.0,66.0,nan,,ok
449.817218,24996.0,,branch-misses:u,branch-misses,6453868.0,100.0,5.54,of all branches,ok
449.817218,1079117.0,,L1-dcache-loads:u,l1-dcache-loads,7629479.0,100.0,nan,,ok
449.817218,135232.0,,cache-references:u,cache-references,8637102.0,100.0,nan,,ok
449.817218,19811.0,,cache-misses:u,cache-misses,7665186.0,83.0,14.65,of all cache refs,ok
449.817218,1617053.0,,stalled-cycles-frontend:u,stalled-cycles-frontend,542839.0,6.0,39.13,frontend cycles idle,ok
460.27671599999996,1861787.0,,instructions:u,instructions,2939140.0,29.0,0.39,insn per cycle,ok
460.27671599999996,nan,,,,nan,nan,0.96,stalled cycles per insn,unknown
460.27671599999996,4746707.0,,cycles:u,cycles,715583.0,8.0,nan,,ok
460.27671599999996,229271.0,,branches:u,branches,722138.0,17.0,nan,,ok
460.27671599999996,21346.0,,branch-misses:u,branch-misses,1791698.0,38.0,9.31,of all branches,ok
460.27671599999996,900762.0,,L1-dcache-loads:u,l1-dcache-loads,3305391.0,54.0,nan,,ok
460.27671599999996,140401.0,,cache-references:u,cache-references,7152409.0,80.0,nan,,ok
460.27671599999996,22077.0,,cache-misses:u,cache-misses,9377224.0,92.0,15.72,of all cache refs,ok
460.27671599999996,1792717.0,,stalled-cycles-frontend:u,stalled-cycles-frontend,2977433.0,29.0,37.77,frontend cycles idle,ok
470.76647199999996,2314990.0,,instructions:u,instructions,7393661.0,97.0,0.58,insn per cycle,ok
470.76647199999996,nan,,,,nan,nan,0.98,stalled cycles per insn,unknown
470.76647199999996,4012503.0,,cycles:u,cycles,6531300.0,68.0,nan,,ok
470.76647199999996,396229.0,,branches:u,branches,6585694.0,68.0,nan,,ok
470.76647199999996,28969.0,,branch-misses:u,branch-misses,6579337.0,68.0,7.31,of all branches,ok
470.76647199999996,867957.0,,L1-dcache-loads:u,l1-dcache-loads,4500249.0,47.0,nan,,ok
470.76647199999996,119405.0,,cache-references:u,cache-references,2177214.0,25.0,nan,,ok
470.76647199999996,27673.0,,cache-misses:u,cache-misses,3055366.0,39.0,23.18,of all cache refs,ok
470.76647199999996,2279225.0,,stalled-cycles-frontend:u,stalled-cycles-frontend,4888787.0,71.0,56.8,frontend cycles idle,ok
481.22202,2289649.0,,instructions:u,instructions,8584812.0,100.0,0.5,insn per cycle,ok
481.22202,nan,,,,nan,nan,1.18,stalled cycles per insn,unknown
481.22202,4536739.0,,cycles:u,cycles,7583568.0,75.0,nan,,ok
481.22202,454832.0,,branches:u,branches,7858660.0,76.0,nan,,ok
481.22202,30278.0,,branch-misses:u,branch-misses,7858660.0,76.0,6.66,of all branches,ok
481.22202,860879.0,,L1-dcache-loads:u,l1-dcache-loads,4451559.0,43.0,nan,,ok
481.22202,148073.0,,cache-references:u,cache-references,1680594.0,16.0,nan,,ok
481.22202,24618.0,,cache-misses:u,cache-misses,2658314.0,27.0,16.63,of all cache refs,ok
481.22202,2701029.0,,stalled-cycles-frontend:u,stalled-cycles-frontend,5783240.0,67.0,59.54,frontend cycles idle,ok
491.69457900000003,2916214.0,,instructions:u,instructions,2550716.0,44.0,0.6,insn per cycle,ok
491.69457900000003,4864408.0,,cycles:u,cycles,5448993.0,72.0,nan,,ok
491.69457900000003,600419.0,,branches:u,branches,8693705.0,96.0,nan,,ok
491.69457900000003,35562.0,,branch-misses:u,branch-misses,9511949.0,100.0,5.92,of all branches,ok
491.69457900000003,1207324.0,,L1-dcache-loads:u,l1-dcache-loads,9518290.0,100.0,nan,,ok
491.69457900000003,121094.0,,cache-references:u,cache-references,6973896.0,73.0,nan,,ok
491.69457900000003,16040.0,,cache-misses:u,cache-misses,4081200.0,42.0,13.25,of all cache refs,ok
491.69457900000003,nan,,stalled-cycles-frontend:u,stalled-cycles-frontend,0.0,0.0,nan,,ok
502.119298,1458370.0,,instructions:u,instructions,876795.0,12.0,0.23,insn per cycle,ok
502.119298,nan,,,,nan,nan,1.38,stalled cycles per insn,unknown
502.119298,6365006.0,,cycles:u,cycles,364330.0,6.0,nan,,ok
502.119298,325441.0,,branches:u,branches,1627078.0,37.0,nan,,ok
502.119298,25075.0,,branch-misses:u,branch-misses,5040314.0,73.0,7.7,of all branches,ok
502.119298,1131589.0,,L1-dcache-loads:u,l1-dcache-loads,7945269.0,91.0,nan,,ok
502.119298,148561.0,,cache-references:u,cache-references,9466109.0,100.0,nan,,ok
502.119298,22318.0,,cache-misses:u,cache-misses,9979341.0,96.0,15.02,of all cache refs,ok
502.119298,2019011.0,,stalled-cycles-frontend:u,stalled-cycles-frontend,876795.0,9.0,31.72,frontend cycles idle,ok
512.625943,1851349.0,,instructions:u,instructions,6522507.0,69.0,0.48,insn per cycle,ok
512.625943,nan,,,,nan,nan,0.9,stalled cycles per insn,unknown
512.625943,3842310.0,,cycles:u,cycles,3698002.0,39.0,nan,,ok
512.625943,410062.0,,branches:u,branches,3705284.0,39.0,nan,,ok
512.625943,31005.0,,branch-misses:u,branch-misses,3711633.0,39.0,7.56,of all branches,ok
512.625943,896821.0,,L1-dcache-loads:u,l1-dcache-loads,1320625.0,15.0,nan,,ok
512.625943,137413.0,,cache-references:u,cache-references,2828755.0,42.0,nan,,ok
512.625943,16938.0,,cache-misses:u,cache-misses,5654316.0,84.0,12.33,of all cache refs,ok
512.625943,1665705.0,,stalled-cycles-frontend:u,stalled-cycles-frontend,5336688.0,63.0,43.35,frontend cycles idle,ok
523.089828,1834545.0,,instructions:u,instructions,5894196.0,65.0,0.47,insn per cycle,ok
523.089828,nan,,,,nan,nan,0.7,stalled cycles per insn,unknown
523.089828,3916620.0,,cycles:u,cycles,4659835.0,48.0,nan,,ok
523.089828,387451.0,,branches:u,branches,4652553.0,48.0,nan,,ok
523.089828,29538.0,,branch-misses:u,branch-misses,4646204.0,48.0,7.62,of all branches,ok
523.089828,865170.0,,L1-dcache-loads:u,l1-dcache-loads,2853730.0,29.0,nan,,ok
523.089828,175952.0,,cache-references:u,cache-references,3705055.0,40.0,nan,,ok
523.089828,19668.0,,cache-misses:u,cache-misses,4938523.0,66.0,11.18,of all cache refs,ok
523.089828,1285158.0,,stalled-cycles-frontend:u,stalled-cycles-frontend,3613159.0,53.0,32.81,frontend cycles idle,ok
533.5591750000001,2634845.0,,instructions:u,instructions,7519662.0,82.0,0.54,insn per cycle,ok
533.5591750000001,nan,,,,nan,nan,0.79,stalled cycles per insn,unknown
533.5591750000001,4859601.0,,cycles:u,cycles,6579051.0,67.0,nan,,ok
533.5591750000001,469218.0,,branches:u,branches,6585264.0,67.0,nan,,ok
533.5591750000001,29802.0,,branch-misses:u,branch-misses,6591477.0,67.0,6.35,of all branches,ok
533.5591750000001,904514.0,,L1-dcache-loads:u,l1-dcache-loads,4081292.0,41.0,nan,,ok
533.5591750000001,182212.0,,cache-references:u,cache-references,2198092.0,23.0,nan,,ok
533.5591750000001,21550.0,,cache-misses:u,cache-misses,3107343.0,40.0,11.83,of all cache refs,ok
533.5591750000001,2074702.0,,stalled-cycles-frontend:u,stalled-cycles-frontend,4204345.0,61.0,42.69,frontend cycles idle,ok
544.022923,1431683.0,,instructions:u,instructions,315156.0,6.0,0.36,insn per cycle,ok
544.022923,3955339.0,,cycles:u,cycles,3243450.0,48.0,nan,,ok
544.022923,579249.0,,branches:u,branches,6030684.0,71.0,nan,,ok
544.022923,32735.0,,branch-misses:u,branch-misses,7848500.0,84.0,5.65,of all branches,ok
544.022923,1264423.0,,L1-dcache-loads:u,l1-dcache-loads,9506989.0,93.0,nan,,ok
544.022923,145192.0,,cache-references:u,cache-references,9809242.0,96.0,nan,,ok
544.022923,19210.0,,cache-misses:u,cache-misses,6912556.0,68.0,13.23,of all cache refs,ok
544.022923,nan,,stalled-cycles-frontend:u,stalled-cycles-frontend,0.0,0.0,nan,,ok
554.445609,1896585.0,,instructions:u,instructions,1657891.0,17.0,0.94,insn per cycle,ok
554.445609,nan,,,,nan,nan,0.99,stalled cycles per insn,unknown
554.445609,2012030.0,,cycles:u,cycles,313514.0,3.0,nan,,ok
554.445609,629395.0,,branches:u,branches,1250181.0,20.0,nan,,ok
554.445609,30670.0,,branch-misses:u,branch-misses,3429880.0,48.0,4.87,of all branches,ok
554.445609,1310994.0,,L1-dcache-loads:u,l1-dcache-loads,5692311.0,75.0,nan,,ok
554.445609,134389.0,,cache-references:u,cache-references,7928052.0,100.0,nan,,ok
554.445609,21956.0,,cache-misses:u,cache-misses,9272270.0,100.0,16.34,of all cache refs,ok
554.445609,1885614.0,,stalled-cycles-frontend:u,stalled-cycles-frontend,1657891.0,17.0,93.72,frontend cycles idle,ok
564.901301,2011729.0,,instructions:u,instructions,6679078.0,69.0,0.51,insn per cycle,ok
564.901301,nan,,,,nan,nan,1.15,stalled cycles per insn,unknown
564.901301,3939650.0,,cycles:u,cycles,5137329.0,50.0,nan,,ok
564.901301,375603.0,,branches:u,branches,5143984.0,50.0,nan,,ok
564.901301,27430.0,,branch-misses:u,branch-misses,5150592.0,50.0,7.3,of all branches,ok
564.901301,792891.0,,L1-dcache-loads:u,l1-dcache-loads,3706772.0,37.0,nan,,ok
564.901301,135065.0,,cache-references:u,cache-references,3524221.0,39.0,nan,,ok
564.901301,25416.0,,cache-misses:u,cache-misses,5032867.0,54.0,18.82,of all cache refs,ok
564.901301,2306991.0,,stalled-cycles-frontend:u,stalled-cycles-frontend,4854288.0,56.0,58.56,frontend cycles idle,ok
575.363788,1292973.0,,instructions:u,instructions,1607105.0,56.0,0.4,insn per cycle,ok
575.363788,nan,,,,nan,nan,3.77,stalled cycles per insn,unknown
575.363788,3254522.0,,cycles:u,cycles,4273810.0,91.0,nan,,ok
575.363788,511928.0,,branches:u,branches,7173168.0,100.0,nan,,ok
575.363788,32605.0,,branch-misses:u,branch-misses,8799461.0,100.0,6.37,of all branches,ok
575.363788,1299769.0,,L1-dcache-loads:u,l1-dcache-loads,9448696.0,96.0,nan,,ok
575.363788,149384.0,,cache-references:u,cache-references,8318081.0,83.0,nan,,ok
575.363788,19897.0,,cache-misses:u,cache-misses,5677879.0,57.0,13.32,of all cache refs,ok
575.363788,4878830.0,,stalled-cycles-frontend:u,stalled-cycles-frontend,338465.0,4.0,149.91,frontend cycles idle,ok
585.823807,2178674.0,,instructions:u,instructions,1599921.0,15.0,3.42,insn per cycle,ok
585.823807,nan,,,,nan,nan,0.96,stalled cycles per insn,unknown
585.823807,637708.0,,cycles:u,cycles,195529.0,2.0,nan,,ok
585.823807,14134.0,,branches:u,branches,215611.0,3.0,nan,,ok
585.823807,31766.0,,branch-misses:u,branch-misses,2689045.0,34.0,224.75,of all branches,ok
585.823807,1234798.0,,L1-dcache-loads:u,l1-dcache-loads,6220559.0,73.0,nan,,ok
585.823807,128932.0,,cache-references:u,cache-references,8454588.0,100.0,nan,,ok
585.823807,21621.0,,cache-misses:u,cache-misses,9865173.0,100.0,16.77,of all cache refs,ok
585.823807,2088643.0,,stalled-cycles-frontend:u,stalled-cycles-frontend,1599921.0,15.0,327.52,frontend cycles idle,ok
596.280445,2416773.0,,instructions:u,instructions,6924486.0,68.0,0.59,insn per cycle,ok
596.280445,nan,,,,nan,nan,0.77,stalled cycles per insn,unknown
596.280445,4067464.0,,cycles:u,cycles,3850649.0,37.0,nan,,ok
596.280445,414115.0,,branches:u,branches,3850649.0,37.0,nan,,ok
596.280445,29327.0,,branch-misses:u,branch-misses,3850649.0,37.0,7.08,of all branches,ok
596.280445,1576557.0,,L1-dcache-loads:u,l1-dcache-loads,2186451.0,24.0,nan,,ok
596.280445,116580.0,,cache-references:u,cache-references,3205059.0,51.0,nan,,ok
596.280445,21205.0,,cache-misses:u,cache-misses,6272703.0,77.0,18.19,of all cache refs,ok
596.280445,1849143.0,,stalled-cycles-frontend:u,stalled-cycles-frontend,6108119.0,72.0,45.46,frontend cycles idle,ok
606.758094,2334328.0,,instructions:u,instructions,5538285.0,93.0,0.5,insn per cycle,ok
606.758094,nan,,,,nan,nan,1.38,stalled cycles per insn,unknown
606.758094,4684930.0,,cycles:u,cycles,7472051.0,98.0,nan,,ok
606.758094,661139.0,,branches:u,branches,9400456.0,98.0,nan,,ok
606.758094,34875.0,,branch-misses:u,branch-misses,9585649.0,98.0,5.27,of all branches,ok
606.758094,1034983.0,,L1-dcache-loads:u,l1-dcache-loads,7083329.0,73.0,nan,,ok
606.758094,114798.0,,cache-references:u,cache-references,4167407.0,42.0,nan,,ok
606.758094,13694.0,,cache-misses:u,cache-misses,2205953.0,22.0,11.93,of all cache refs,ok
606.758094,3220231.0,,stalled-cycles-frontend:u,stalled-cycles-frontend,2615700.0,30.0,68.74,frontend cycles idle,ok
617.222048,nan,,instructions:u,instructions,0.0,0.0,nan,,ok
617.222048,4242937.0,,cycles:u,cycles,2108919.0,37.0,nan,,ok
617.222048,535484.0,,branches:u,branches,4534166.0,62.0,nan,,ok
617.222048,33199.0,,branch-misses:u,branch-misses,7586451.0,82.0,6.2,of all branches,ok
617.222048,1211727.0,,L1-dcache-loads:u,l1-dcache-loads,10103299.0,100.0,nan,,ok
617.222048,147288.0,,cache-references:u,cache-references,10103568.0,100.0,nan,,ok
617.222048,19788.0,,cache-misses:u,cache-misses,8028894.0,79.0,13.43,of all cache refs,ok
617.222048,nan,,stalled-cycles-frontend:u,stalled-cycles-frontend,0.0,0.0,nan,,ok
627.6633619999999,1818326.0,,instructions:u,instructions,4407199.0,51.0,0.49,insn per cycle,ok
627.6633619999999,nan,,,,nan,nan,0.87,stalled cycles per insn,unknown
627.6633619999999,3738645.0,,cycles:u,cycles,2626037.0,30.0,nan,,ok
627.6633619999999,398591.0,,branches:u,branches,2626037.0,30.0,nan,,ok
627.6633619999999,32683.0,,branch-misses:u,branch-misses,2983609.0,34.0,8.2,of all branches,ok
627.6633619999999,1119542.0,,L1-dcache-loads:u,l1-dcache-loads,2765195.0,34.0,nan,,ok
627.6633619999999,128051.0,,cache-references:u,cache-references,5066730.0,74.0,nan,,ok
627.6633619999999,17609.0,,cache-misses:u,cache-misses,6848012.0,100.0,13.75,of all cache refs,ok
627.6633619999999,1580615.0,,stalled-cycles-frontend:u,stalled-cycles-frontend,3440589.0,43.0,42.28,frontend cycles idle,ok
638.1195899999999,2575891.0,,instructions:u,instructions,9033501.0,91.0,0.56,insn per cycle,ok
638.1195899999999,nan,,,,nan,nan,0.9,stalled cycles per insn,unknown
638.1195899999999,4583496.0,,cycles:u,cycles,6790516.0,65.0,nan,,ok
638.1195899999999,462214.0,,branches:u,branches,6796975.0,65.0,nan,,ok
638.1195899999999,30811.0,,branch-misses:u,branch-misses,6803284.0,65.0,6.67,of all branches,ok
638.1195899999999,932383.0,,L1-dcache-loads:u,l1-dcache-loads,3425515.0,32.0,nan,,ok
638.1195899999999,144763.0,,cache-references:u,cache-references,1385955.0,13.0,nan,,ok
638.1195899999999,23970.0,,cache-misses:u,cache-misses,3629879.0,36.0,16.56,of all cache refs,ok
638.1195899999999,2329577.0,,stalled-cycles-frontend:u,stalled-cycles-frontend,6159728.0,77.0,50.83,frontend cycles idle,ok
648.603068,1531338.0,,instructions:u,instructions,575907.0,24.0,0.54,insn per cycle,ok
648.603068,2859732.0,,cycles:u,cycles,2929802.0,74.0,nan,,ok
648.603068,485173.0,,branches:u,branches,6499497.0,97.0,nan,,ok
648.603068,30084.0,,branch-misses:u,branch-misses,8452100.0,100.0,6.2,of all branches,ok
648.603068,1198416.0,,L1-dcache-loads:u,l1-dcache-loads,9272628.0,100.0,nan,,ok
648.603068,151293.0,,cache-references:u,cache-references,9653776.0,94.0,nan,,ok
648.603068,18726.0,,cache-misses:u,cache-misses,7299374.0,71.0,12.38,of all cache refs,ok
648.603068,nan,,stalled-cycles-frontend:u,stalled-cycles-frontend,0.0,0.0,nan,,ok
659.030525,1785190.0,,instructions:u,instructions,3523251.0,36.0,0.44,insn per cycle,ok
659.030525,nan,,,,nan,nan,1.03,stalled cycles per insn,unknown
659.030525,4085610.0,,cycles:u,cycles,1490967.0,15.0,nan,,ok
659.030525,408990.0,,branches:u,branches,1490967.0,15.0,nan,,ok
659.030525,37627.0,,branch-misses:u,branch-misses,2425419.0,24.0,9.2,of all branches,ok
659.030525,1715292.0,,L1-dcache-loads:u,l1-dcache-loads,3420381.0,35.0,nan,,ok
659.030525,150319.0,,cache-references:u,cache-references,6181014.0,75.0,nan,,ok
659.030525,19011.0,,cache-misses:u,cache-misses,8212864.0,100.0,12.65,of all cache refs,ok
659.030525,1832047.0,,stalled-cycles-frontend:u,stalled-cycles-frontend,3230740.0,34.0,44.84,frontend cycles idle,ok
669.508299,2718381.0,,instructions:u,instructions,7107545.0,75.0,0.55,insn per cycle,ok
669.508299,nan,,,,nan,nan,0.79,stalled cycles per insn,unknown
669.508299,4985279.0,,cycles:u,cycles,7523753.0,74.0,nan,,ok
669.508299,498584.0,,branches:u,branches,8320184.0,82.0,nan,,ok
669.508299,31949.0,,branch-misses:u,branch-misses,8430282.0,83.0,6.41,of all branches,ok
669.508299,1024361.0,,L1-dcache-loads:u,l1-dcache-loads,6058120.0,60.0,nan,,ok
669.508299,108937.0,,cache-references:u,cache-references,2981291.0,31.0,nan,,ok
669.508299,22235.0,,cache-misses:u,cache-misses,2564943.0,32.0,20.41,of all cache refs,ok
669.508299,2157528.0,,stalled-cycles-frontend:u,stalled-cycles-frontend,3661622.0,52.0,43.28,frontend cycles idle,ok
679.970012,53636.0,,instructions:u,instructions,106166.0,3.0,0.01,insn per cycle,ok
679.970012,3729297.0,,cycles:u,cycles,3044303.0,68.0,nan,,ok
679.970012,551393.0,,branches:u,branches,6045917.0,95.0,nan,,ok
679.970012,33128.0,,branch-misses:u,branch-misses,8950124.0,100.0,6.01,of all branches,ok
679.970012,1456546.0,,L1-dcache-loads:u,l1-dcache-loads,10312327.0,100.0,nan,,ok
679.970012,169067.0,,cache-references:u,cache-references,10399166.0,98.0,nan,,ok
679.970012,19573.0,,cache-misses:u,cache-misses,7460902.0,71.0,11.58,of all cache refs,ok
679.970012,nan,,stalled-cycles-frontend:u,stalled-cycles-frontend,0.0,0.0,nan,,ok
690.3979609999999,1373683.0,,instructions:u,instructions,2607590.0,38.0,0.58,insn per cycle,ok
690.3979609999999,nan,,,,nan,nan,1.31,stalled cycles per insn,unknown
690.3979609999999,2373613.0,,cycles:u,cycles,676773.0,10.0,nan,,ok
690.3979609999999,232878.0,,branches:u,branches,1124772.0,15.0,nan,,ok
690.3979609999999,32414.0,,branch-misses:u,branch-misses,2681933.0,33.0,13.92,of all branches,ok
690.3979609999999,1129274.0,,L1-dcache-loads:u,l1-dcache-loads,4430711.0,53.0,nan,,ok
690.3979609999999,122204.0,,cache-references:u,cache-references,6863799.0,86.0,nan,,ok
690.3979609999999,19825.0,,cache-misses:u,cache-misses,8828699.0,99.0,16.22,of all cache refs,ok
690.3979609999999,1802551.0,,stalled-cycles-frontend:u,stalled-cycles-frontend,2678402.0,29.0,75.94,frontend cycles idle,ok
700.899423,2160088.0,,instructions:u,instructions,7484605.0,98.0,0.51,insn per cycle,ok
700.899423,nan,,,,nan,nan,1.31,stalled cycles per insn,unknown
700.899423,4256731.0,,cycles:u,cycles,7433577.0,77.0,nan,,ok
700.899423,404178.0,,branches:u,branches,7957101.0,78.0,nan,,ok
700.899423,30238.0,,branch-misses:u,branch-misses,7957620.0,78.0,7.48,of all branches,ok
700.899423,832508.0,,L1-dcache-loads:u,l1-dcache-loads,4977065.0,49.0,nan,,ok
700.899423,123760.0,,cache-references:u,cache-references,2642623.0,28.0,nan,,ok
700.899423,23384.0,,cache-misses:u,cache-misses,2660700.0,31.0,18.89,of all cache refs,ok
700.899423,2826237.0,,stalled-cycles-frontend:u,stalled-cycles-frontend,4999640.0,57.0,66.39,frontend cycles idle,ok
711.3643,2003877.0,,instructions:u,instructions,1948027.0,48.0,0.47,insn per cycle,ok
711.3643,nan,,,,nan,nan,2.74,stalled cycles per insn,unknown
711.3643,4228922.0,,cycles:u,cycles,5006666.0,79.0,nan,,ok
711.3643,599601.0,,branches:u,branches,7929030.0,100.0,nan,,ok
711.3643,32756.0,,branch-misses:u,branch-misses,8750999.0,100.0,5.46,of all branches,ok
711.3643,1138458.0,,L1-dcache-loads:u,l1-dcache-loads,9118521.0,94.0,nan,,ok
711.3643,139408.0,,cache-references:u,cache-references,7697563.0,80.0,nan,,ok
711.3643,17406.0,,cache-misses:u,cache-misses,4670754.0,48.0,12.49,of all cache refs,ok
711.3643,5490680.0,,stalled-cycles-frontend:u,stalled-cycles-frontend,482105.0,5.0,129.84,frontend cycles idle,ok
721.8650690000001,1605068.0,,instructions:u,instructions,1575438.0,21.0,nan,,ok
721.8650690000001,nan,,,,nan,nan,1.32,stalled cycles per insn,unknown
721.8650690000001,0.0,,cycles:u,cycles,127077.0,1.0,nan,,ok
721.8650690000001,16160.0,,branches:u,branches,265298.0,3.0,nan,,ok
721.8650690000001,32854.0,,branch-misses:u,branch-misses,3317613.0,39.0,203.3,of all branches,ok
721.8650690000001,1343473.0,,L1-dcache-loads:u,l1-dcache-loads,6028351.0,66.0,nan,,ok
721.8650690000001,126827.0,,cache-references:u,cache-references,8542620.0,94.0,nan,,ok
721.8650690000001,22615.0,,cache-misses:u,cache-misses,9979277.0,100.0,17.83,of all cache refs,ok
721.8650690000001,2119378.0,,stalled-cycles-frontend:u,stalled-cycles-frontend,1610707.0,17.0,nan,,ok
732.319935,2909056.0,,instructions:u,instructions,7401999.0,78.0,0.55,insn per cycle,ok
732.319935,nan,,,,nan,nan,0.73,stalled cycles per insn,unknown
732.319935,5301010.0,,cycles:u,cycles,4715150.0,45.0,nan,,ok
732.319935,634662.0,,branches:u,branches,4721315.0,45.0,nan,,ok
732.319935,34758.0,,branch-misses:u,branch-misses,4728123.0,45.0,5.48,of all branches,ok
732.319935,1578493.0,,L1-dcache-loads:u,l1-dcache-loads,2288449.0,24.0,nan,,ok
732.319935,140567.0,,cache-references:u,cache-references,2919413.0,41.0,nan,,ok
732.319935,21991.0,,cache-misses:u,cache-misses,5586173.0,66.0,15.64,of all cache refs,ok
732.319935,2137434.0,,stalled-cycles-frontend:u,stalled-cycles-frontend,6584551.0,76.0,40.32,frontend cycles idle,ok
742.800536,1755712.0,,instructions:u,instructions,4076638.0,91.0,0.45,insn per cycle,ok
742.800536,nan,,,,nan,nan,0.97,stalled cycles per insn,unknown
742.800536,3862349.0,,cycles:u,cycles,6278231.0,100.0,nan,,ok
742.800536,524802.0,,branches:u,branches,8102402.0,100.0,nan,,ok
742.800536,31544.0,,branch-misses:u,branch-misses,9262462.0,100.0,6.01,of all branches,ok
742.800536,1183221.0,,L1-dcache-loads:u,l1-dcache-loads,9452417.0,98.0,nan,,ok
742.800536,110943.0,,cache-references:u,cache-references,5529720.0,57.0,nan,,ok
742.800536,15025.0,,cache-misses:u,cache-misses,3290233.0,34.0,13.54,of all cache refs,ok
742.800536,1705802.0,,stalled-cycles-frontend:u,stalled-cycles-frontend,106804.0,1.0,44.16,frontend cycles idle,ok
753.270117,3919447.0,,instructions:u,instructions,423601.0,8.0,1.07,insn per cycle,ok
753.270117,3652193.0,,cycles:u,cycles,2140891.0,36.0,nan,,ok
753.270117,604720.0,,branches:u,branches,6078797.0,69.0,nan,,ok
753.270117,34213.0,,branch-misses:u,branch-misses,8479535.0,83.0,5.66,of all branches,ok
753.270117,1193800.0,,L1-dcache-loads:u,l1-dcache-loads,9305503.0,91.0,nan,,ok
753.270117,140334.0,,cache-references:u,cache-references,9775118.0,95.0,nan,,ok
753.270117,20291.0,,cache-misses:u,cache-misses,8095150.0,79.0,14.46,of all cache refs,ok
753.270117,nan,,stalled-cycles-frontend:u,stalled-cycles-frontend,0.0,0.0,nan,,ok
763.744032,575725.0,,instructions:u,instructions,380010.0,5.0,nan,,ok
763.744032,nan,,,,nan,nan,2.12,stalled cycles per insn,unknown
763.744032,nan,,cycles:u,cycles,0.0,0.0,nan,,ok
763.744032,510743.0,,branches:u,branches,2538791.0,64.0,nan,,ok
763.744032,25730.0,,branch-misses:u,branch-misses,5364178.0,92.0,5.04,of all branches,ok
763.744032,1203844.0,,L1-dcache-loads:u,l1-dcache-loads,7593685.0,100.0,nan,,ok
763.744032,152148.0,,cache-references:u,cache-references,9189486.0,100.0,nan,,ok
763.744032,21649.0,,cache-misses:u,cache-misses,9569951.0,100.0,14.23,of all cache refs,ok
763.744032,1220280.0,,stalled-cycles-frontend:u,stalled-cycles-frontend,380010.0,4.0,nan,,ok
774.196534,1753592.0,,instructions:u,instructions,5042521.0,50.0,0.49,insn per cycle,ok
774.196534,nan,,,,nan,nan,0.99,stalled cycles per insn,unknown
774.196534,3546095.0,,cycles:u,cycles,2396863.0,25.0,nan,,ok
774.196534,286129.0,,branches:u,branches,2404133.0,34.0,nan,,ok
774.196534,22521.0,,branch-misses:u,branch-misses,2410694.0,34.0,7.87,of all branches,ok
774.196534,652197.0,,L1-dcache-loads:u,l1-dcache-loads,1960466.0,25.0,nan,,ok
774.196534,143682.0,,cache-references:u,cache-references,4950414.0,59.0,nan,,ok
774.196534,18780.0,,cache-misses:u,cache-misses,7596326.0,92.0,13.07,of all cache refs,ok
774.196534,1731524.0,,stalled-cycles-frontend:u,stalled-cycles-frontend,4122032.0,45.0,48.83,frontend cycles idle,ok
784.689785,3133735.0,,instructions:u,instructions,7745893.0,82.0,0.58,insn per cycle,ok
784.689785,nan,,,,nan,nan,0.59,stalled cycles per insn,unknown
784.689785,5407449.0,,cycles:u,cycles,7063778.0,68.0,nan,,ok
784.689785,572951.0,,branches:u,branches,7064011.0,68.0,nan,,ok
784.689785,35205.0,,branch-misses:u,branch-misses,7064655.0,68.0,6.14,of all branches,ok
784.689785,1395640.0,,L1-dcache-loads:u,l1-dcache-loads,4427856.0,42.0,nan,,ok
784.689785,178114.0,,cache-references:u,cache-references,2589038.0,26.0,nan,,ok
784.689785,23641.0,,cache-misses:u,cache-misses,3271431.0,40.0,13.27,of all cache refs,ok
784.689785,1850770.0,,stalled-cycles-frontend:u,stalled-cycles-frontend,4219217.0,67.0,34.23,frontend cycles idle,ok
795.151408,252591.0,,instructions:u,instructions,936931.0,25.0,0.07,insn per cycle,ok
795.151408,3372142.0,,cycles:u,cycles,4351626.0,85.0,nan,,ok
795.151408,461022.0,,branches:u,branches,6919392.0,100.0,nan,,ok
795.151408,28398.0,,branch-misses:u,branch-misses,8631656.0,100.0,6.16,of all branches,ok
795.151408,1142189.0,,L1-dcache-loads:u,l1-dcache-loads,9595004.0,100.0,nan,,ok
795.151408,146799.0,,cache-references:u,cache-references,8739704.0,90.0,nan,,ok
795.151408,19309.0,,cache-misses:u,cache-misses,5322914.0,55.0,13.15,of all cache refs,ok
795.151408,nan,,stalled-cycles-frontend:u,stalled-cycles-frontend,0.0,0.0,nan,,ok
805.60684,nan,,instructions:u,instructions,0.0,0.0,nan,,ok
805.60684,4346477.0,,cycles:u,cycles,1728412.0,31.0,nan,,ok
805.60684,620475.0,,branches:u,branches,3504549.0,53.0,nan,,ok
805.60684,29771.0,,branch-misses:u,branch-misses,6366889.0,76.0,4.8,of all branches,ok
805.60684,1217476.0,,L1-dcache-loads:u,l1-dcache-loads,9661407.0,98.0,nan,,ok
805.60684,144562.0,,cache-references:u,cache-references,10079971.0,100.0,nan,,ok
805.60684,19521.0,,cache-misses:u,cache-misses,8352156.0,82.0,13.5,of all cache refs,ok
805.60684,nan,,stalled-cycles-frontend:u,stalled-cycles-frontend,0.0,0.0,nan,,ok
816.0262240000001,2492679.0,,instructions:u,instructions,4859894.0,53.0,0.67,insn per cycle,ok
816.0262240000001,nan,,,,nan,nan,0.74,stalled cycles per insn,unknown
816.0262240000001,3744930.0,,cycles:u,cycles,2829436.0,30.0,nan,,ok
816.0262240000001,394278.0,,branches:u,branches,2829436.0,30.0,nan,,ok
816.0262240000001,32988.0,,branch-misses:u,branch-misses,3200530.0,34.0,8.37,of all branches,ok
816.0262240000001,1265233.0,,L1-dcache-loads:u,l1-dcache-loads,2713482.0,32.0,nan,,ok
816.0262240000001,150505.0,,cache-references:u,cache-references,4734359.0,59.0,nan,,ok
816.0262240000001,22733.0,,cache-misses:u,cache-misses,6784048.0,78.0,15.1,of all cache refs,ok
816.0262240000001,1833319.0,,stalled-cycles-frontend:u,stalled-cycles-frontend,3893182.0,48.0,48.95,frontend cycles idle,ok
826.5397909999999,2557084.0,,instructions:u,instructions,7848639.0,87.0,0.54,insn per cycle,ok
826.5397909999999,nan,,,,nan,nan,1.06,stalled cycles per insn,unknown
826.5397909999999,4755034.0,,cycles:u,cycles,7872378.0,78.0,nan,,ok
826.5397909999999,508030.0,,branches:u,branches,8311508.0,80.0,nan,,ok
826.5397909999999,30147.0,,branch-misses:u,branch-misses,8318313.0,80.0,5.93,of all branches,ok
826.5397909999999,1016861.0,,L1-dcache-loads:u,l1-dcache-loads,5019238.0,48.0,nan,,ok
826.5397909999999,118023.0,,cache-references:u,cache-references,2460623.0,25.0,nan,,ok
826.5397909999999,18673.0,,cache-misses:u,cache-misses,2411159.0,30.0,15.82,of all cache refs,ok
826.5397909999999,2708687.0,,stalled-cycles-frontend:u,stalled-cycles-frontend,5257256.0,56.0,56.96,frontend cycles idle,ok
837.008786,37968.0,,instructions:u,instructions,141735.0,6.0,0.02,insn per cycle,ok
837.008786,1955305.0,,cycles:u,cycles,1269983.0,50.0,nan,,ok
837.008786,438281.0,,branches:u,branches,4650339.0,91.0,nan,,ok
837.008786,26856.0,,branch-misses:u,branch-misses,7594184.0,100.0,6.13,of all branches,ok
837.008786,1236431.0,,L1-dcache-loads:u,l1-dcache-loads,9592467.0,100.0,nan,,ok
837.008786,155938.0,,cache-references:u,cache-references,10057389.0,98.0,nan,,ok
837.008786,22487.0,,cache-misses:u,cache-misses,8935978.0,87.0,14.42,of all cache refs,ok
837.008786,nan,,stalled-cycles-frontend:u,stalled-cycles-frontend,0.0,0.0,nan,,ok
847.4385629999999,2948267.0,,instructions:u,instructions,5672237.0,59.0,0.6,insn per cycle,ok
847.4385629999999,nan,,,,nan,nan,0.8,stalled cycles per insn,unknown
847.4385629999999,4923341.0,,cycles:u,cycles,3696768.0,41.0,nan,,ok
847.4385629999999,499981.0,,branches:u,branches,3704333.0,57.0,nan,,ok
847.4385629999999,28814.0,,branch-misses:u,branch-misses,4100748.0,63.0,5.76,of all branches,ok
847.4385629999999,1154938.0,,L1-dcache-loads:u,l1-dcache-loads,2643620.0,37.0,nan,,ok
847.4385629999999,144408.0,,cache-references:u,cache-references,3863528.0,47.0,nan,,ok
847.4385629999999,16931.0,,cache-misses:u,cache-misses,5839261.0,83.0,11.72,of all cache refs,ok
847.4385629999999,2371819.0,,stalled-cycles-frontend:u,stalled-cycles-frontend,4882929.0,55.0,48.17,frontend cycles idle,ok
857.9117630000001,2254340.0,,instructions:u,instructions,4507211.0,73.0,0.52,insn per cycle,ok
857.9117630000001,nan,,,,nan,nan,1.75,stalled cycles per insn,unknown
857.9117630000001,4297808.0,,cycles:u,cycles,7243249.0,93.0,nan,,ok
857.9117630000001,590931.0,,branches:u,branches,9703525.0,100.0,nan,,ok
857.9117630000001,33598.0,,branch-misses:u,branch-misses,10183488.0,100.0,5.69,of all branches,ok
857.9117630000001,1046706.0,,L1-dcache-loads:u,l1-dcache-loads,9179951.0,90.0,nan,,ok
857.9117630000001,104772.0,,cache-references:u,cache-references,5712260.0,56.0,nan,,ok
857.9117630000001,20377.0,,cache-misses:u,cache-misses,2975467.0,29.0,19.45,of all cache refs,ok
857.9117630000001,3935566.0,,stalled-cycles-frontend:u,stalled-cycles-frontend,1004968.0,10.0,91.57,frontend cycles idle,ok
868.378667,1175539.0,,instructions:u,instructions,925860.0,16.0,0.18,insn per cycle,ok
868.378667,nan,,,,nan,nan,1.65,stalled cycles per insn,unknown
868.378667,6407289.0,,cycles:u,cycles,522736.0,11.0,nan,,ok
868.378667,358874.0,,branches:u,branches,2364546.0,65.0,nan,,ok
868.378667,23827.0,,branch-misses:u,branch-misses,5884929.0,93.0,6.64,of all branches,ok
868.378667,1175934.0,,L1-dcache-loads:u,l1-dcache-loads,8073660.0,100.0,nan,,ok
868.378667,147262.0,,cache-references:u,cache-references,8886076.0,100.0,nan,,ok
868.378667,20638.0,,cache-misses:u,cache-misses,9282854.0,94.0,14.01,of all cache refs,ok
868.378667,1944881.0,,stalled-cycles-frontend:u,stalled-cycles-frontend,925860.0,10.0,30.35,frontend cycles idle,ok
878.8409409999999,1843742.0,,instructions:u,instructions,4794645.0,47.0,0.43,insn per cycle,ok
878.8409409999999,nan,,,,nan,nan,1.21,stalled cycles per insn,unknown
878.8409409999999,4315302.0,,cycles:u,cycles,1911951.0,18.0,nan,,ok
878.8409409999999,434496.0,,branches:u,branches,1918277.0,18.0,nan,,ok
878.8409409999999,29415.0,,branch-misses:u,branch-misses,1926792.0,19.0,6.77,of all branches,ok
878.8409409999999,1815713.0,,L1-dcache-loads:u,l1-dcache-loads,2870916.0,29.0,nan,,ok
878.8409409999999,153959.0,,cache-references:u,cache-references,5314808.0,61.0,nan,,ok
878.8409409999999,20298.0,,cache-misses:u,cache-misses,8204927.0,94.0,13.18,of all cache refs,ok
878.8409409999999,2233300.0,,stalled-cycles-frontend:u,stalled-cycles-frontend,4718555.0,47.0,51.75,frontend cycles idle,ok
889.308247,2965082.0,,instructions:u,instructions,5707564.0,67.0,0.57,insn per cycle,ok
889.308247,nan,,,,nan,nan,0.87,stalled cycles per insn,unknown
889.308247,5185506.0,,cycles:u,cycles,7167175.0,77.0,nan,,ok
889.308247,642998.0,,branches:u,branches,8865506.0,87.0,nan,,ok
889.308247,34321.0,,branch-misses:u,branch-misses,9759522.0,96.0,5.34,of all branches,ok
889.308247,1253713.0,,L1-dcache-loads:u,l1-dcache-loads,7179320.0,70.0,nan,,ok
889.308247,122806.0,,cache-references:u,cache-references,4448687.0,47.0,nan,,ok
889.308247,19092.0,,cache-misses:u,cache-misses,3000960.0,36.0,15.55,of all cache refs,ok
889.308247,2586699.0,,stalled-cycles-frontend:u,stalled-cycles-frontend,2929914.0,34.0,49.88,frontend cycles idle,ok
899.804537,77095.0,,instructions:u,instructions,78536.0,2.0,0.02,insn per cycle,ok
899.804537,3443379.0,,cycles:u,cycles,1920166.0,44.0,nan,,ok
899.804537,508328.0,,branches:u,branches,4855161.0,79.0,nan,,ok
899.804537,30695.0,,branch-misses:u,branch-misses,8053891.0,100.0,6.04,of all branches,ok
899.804537,1390987.0,,L1-dcache-loads:u,l1-dcache-loads,9490413.0,100.0,nan,,ok
899.804537,157518.0,,cache-references:u,cache-references,9759329.0,99.0,nan,,ok
899.804537,20379.0,,cache-misses:u,cache-misses,7906792.0,80.0,12.94,of all cache refs,ok
899.804537,nan,,stalled-cycles-frontend:u,stalled-cycles-frontend,0.0,0.0,nan,,ok
910.237751,1864272.0,,instructions:u,instructions,3883935.0,38.0,0.55,insn per cycle,ok
910.237751,nan,,,,nan,nan,1.08,stalled cycles per insn,unknown
910.237751,3412864.0,,cycles:u,cycles,1450908.0,15.0,nan,,ok
910.237751,286611.0,,branches:u,branches,1457601.0,20.0,nan,,ok
910.237751,26025.0,,branch-misses:u,branch-misses,2471686.0,32.0,9.08,of all branches,ok
910.237751,967043.0,,L1-dcache-loads:u,l1-dcache-loads,3096491.0,40.0,nan,,ok
910.237751,120733.0,,cache-references:u,cache-references,6124733.0,78.0,nan,,ok
910.237751,21334.0,,cache-misses:u,cache-misses,8557125.0,92.0,17.67,of all cache refs,ok
910.237751,2015036.0,,stalled-cycles-frontend:u,stalled-cycles-frontend,3922933.0,39.0,59.04,frontend cycles idle,ok
920.726252,2297520.0,,instructions:u,instructions,6516062.0,77.0,0.5,insn per cycle,ok
920.726252,nan,,,,nan,nan,1.08,stalled cycles per insn,unknown
920.726252,4634967.0,,cycles:u,cycles,6012086.0,63.0,nan,,ok
920.726252,441277.0,,branches:u,branches,6584509.0,65.0,nan,,ok
920.726252,31374.0,,branch-misses:u,branch-misses,6577417.0,65.0,7.11,of all branches,ok
920.726252,893389.0,,L1-dcache-loads:u,l1-dcache-loads,3889279.0,38.0,nan,,ok
920.726252,178160.0,,cache-references:u,cache-references,3535792.0,36.0,nan,,ok
920.726252,21579.0,,cache-misses:u,cache-misses,4032001.0,47.0,12.11,of all cache refs,ok
920.726252,2470057.0,,stalled-cycles-frontend:u,stalled-cycles-frontend,4273458.0,53.0,53.29,frontend cycles idle,ok
931.168169,1480264.0,,instructions:u,instructions,1631565.0,38.0,0.33,insn per cycle,ok
931.168169,nan,,,,nan,nan,2.11,stalled cycles per insn,unknown
931.168169,4474469.0,,cycles:u,cycles,5662952.0,88.0,nan,,ok
931.168169,635891.0,,branches:u,branches,8117387.0,100.0,nan,,ok
931.168169,31056.0,,branch-misses:u,branch-misses,8946346.0,100.0,4.88,of all branches,ok
931.168169,1280543.0,,L1-dcache-loads:u,l1-dcache-loads,9691173.0,97.0,nan,,ok
931.168169,145996.0,,cache-references:u,cache-references,8276162.0,83.0,nan,,ok
931.168169,17740.0,,cache-misses:u,cache-misses,4251065.0,42.0,12.15,of all cache refs,ok
931.168169,3116186.0,,stalled-cycles-frontend:u,stalled-cycles-frontend,209291.0,2.0,69.64,frontend cycles idle,ok
941.653957,nan,,instructions:u,instructions,0.0,0.0,nan,,ok
941.653957,4257440.0,,cycles:u,cycles,1587842.0,28.0,nan,,ok
941.653957,618488.0,,branches:u,branches,3452366.0,52.0,nan,,ok
941.653957,31364.0,,branch-misses:u,branch-misses,6335897.0,75.0,5.07,of all branches,ok
941.653957,1309690.0,,L1-dcache-loads:u,l1-dcache-loads,9608496.0,97.0,nan,,ok
941.653957,149165.0,,cache-references:u,cache-references,10133333.0,100.0,nan,,ok
941.653957,19421.0,,cache-misses:u,cache-misses,8545454.0,84.0,13.02,of all cache refs,ok
941.653957,nan,,stalled-cycles-frontend:u,stalled-cycles-frontend,0.0,0.0,nan,,ok
952.0693289999999,1826346.0,,instructions:u,instructions,3838154.0,42.0,0.46,insn per cycle,ok
952.0693289999999,nan,,,,nan,nan,0.99,stalled cycles per insn,unknown
952.0693289999999,3928005.0,,cycles:u,cycles,2184237.0,24.0,nan,,ok
952.0693289999999,388293.0,,branches:u,branches,2184237.0,24.0,nan,,ok
952.0693289999999,28109.0,,branch-misses:u,branch-misses,2421832.0,26.0,7.24,of all branches,ok
952.0693289999999,1842488.0,,L1-dcache-loads:u,l1-dcache-loads,2848058.0,31.0,nan,,ok
952.0693289999999,185547.0,,cache-references:u,cache-references,5716663.0,61.0,nan,,ok
952.0693289999999,18832.0,,cache-misses:u,cache-misses,7371329.0,100.0,10.15,of all cache refs,ok
952.0693289999999,1807299.0,,stalled-cycles-frontend:u,stalled-cycles-frontend,3651427.0,41.0,46.01,frontend cycles idle,ok
962.5550109999999,3431629.0,,instructions:u,instructions,7258204.0,75.0,0.64,insn per cycle,ok
962.5550109999999,nan,,,,nan,nan,0.66,stalled cycles per insn,unknown
962.5550109999999,5380860.0,,cycles:u,cycles,7319401.0,70.0,nan,,ok
962.5550109999999,600152.0,,branches:u,branches,7458526.0,71.0,nan,,ok
962.5550109999999,31230.0,,branch-misses:u,branch-misses,7464899.0,72.0,5.2,of all branches,ok
962.5550109999999,1389240.0,,L1-dcache-loads:u,l1-dcache-loads,5061969.0,48.0,nan,,ok
962.5550109999999,132438.0,,cache-references:u,cache-references,3108047.0,31.0,nan,,ok
962.5550109999999,18987.0,,cache-misses:u,cache-misses,3046009.0,36.0,14.34,of all cache refs,ok
962.5550109999999,2267433.0,,stalled-cycles-frontend:u,stalled-cycles-frontend,4042124.0,53.0,42.14,frontend cycles idle,ok
973.022318,2268808.0,,instructions:u,instructions,1839557.0,34.0,0.54,insn per cycle,ok
973.022318,4234003.0,,cycles:u,cycles,4534546.0,73.0,nan,,ok
973.022318,519648.0,,branches:u,branches,7279355.0,92.0,nan,,ok
973.022318,33268.0,,branch-misses:u,branch-misses,9315095.0,100.0,6.4,of all branches,ok
973.022318,1173538.0,,L1-dcache-loads:u,l1-dcache-loads,9426683.0,100.0,nan,,ok
973.022318,128202.0,,cache-references:u,cache-references,7587256.0,80.0,nan,,ok
973.022318,17266.0,,cache-misses:u,cache-misses,4892633.0,51.0,13.47,of all cache refs,ok
973.022318,nan,,stalled-cycles-frontend:u,stalled-cycles-frontend,0.0,0.0,nan,,ok
983.4492759999999,1255026.0,,instructions:u,instructions,1917435.0,31.0,0.46,insn per cycle,ok
983.4492759999999,nan,,,,nan,nan,1.45,stalled cycles per insn,unknown
983.4492759999999,2703941.0,,cycles:u,cycles,1135278.0,18.0,nan,,ok
983.4492759999999,739424.0,,branches:u,branches,1654933.0,26.0,nan,,ok
983.4492759999999,26827.0,,branch-misses:u,branch-misses,3349079.0,46.0,3.63,of all branches,ok
983.4492759999999,1639079.0,,L1-dcache-loads:u,l1-dcache-loads,6649439.0,69.0,nan,,ok
983.4492759999999,175359.0,,cache-references:u,cache-references,8397123.0,82.0,nan,,ok
983.4492759999999,21045.0,,cache-misses:u,cache-misses,9193895.0,100.0,12.0,of all cache refs,ok
983.4492759999999,1823620.0,,stalled-cycles-frontend:u,stalled-cycles-frontend,1789462.0,19.0,67.44,frontend cycles idle,ok
993.9288750000001,2674026.0,,instructions:u,instructions,6472217.0,70.0,0.54,insn per cycle,ok
993.9288750000001,nan,,,,nan,nan,0.84,stalled cycles per insn,unknown
993.9288750000001,4986047.0,,cycles:u,cycles,5496655.0,54.0,nan,,ok
993.9288750000001,560581.0,,branches:u,branches,5503054.0,54.0,nan,,ok
993.9288750000001,31334.0,,branch-misses:u,branch-misses,5510169.0,54.0,5.59,of all branches,ok
993.9288750000001,889160.0,,L1-dcache-loads:u,l1-dcache-loads,3901238.0,40.0,nan,,ok
993.9288750000001,119547.0,,cache-references:u,cache-references,3595114.0,41.0,nan,,ok
993.9288750000001,21883.0,,cache-misses:u,cache-misses,4523118.0,51.0,18.3,of all cache refs,ok
993.9288750000001,2244820.0,,stalled-cycles-frontend:u,stalled-cycles-frontend,4743418.0,56.0,45.02,frontend cycles idle,ok
1004.3985289999999,1055651.0,,instructions:u,instructions,2457197.0,75.0,0.47,insn per cycle,ok
1004.3985289999999,nan,,,,nan,nan,1.7,stalled cycles per insn,unknown
1004.3985289999999,2224568.0,,cycles:u,cycles,3748685.0,99.0,nan,,ok
1004.3985289999999,294706.0,,branches:u,branches,4762920.0,100.0,nan,,ok
1004.3985289999999,17965.0,,branch-misses:u,branch-misses,4891931.0,100.0,6.1,of all branches,ok
1004.3985289999999,456926.0,,L1-dcache-loads:u,l1-dcache-loads,3419884.0,69.0,nan,,ok
1004.3985289999999,59744.0,,cache-references:u,cache-references,2435661.0,49.0,nan,,ok
1004.3985289999999,6583.0,,cache-misses:u,cache-misses,1177680.0,24.0,11.02,of all cache refs,ok
1004.3985289999999,1790436.0,,stalled-cycles-frontend:u,stalled-cycles-frontend,1472399.0,30.0,80.48,frontend cycles idle,ok
1014.901138,2068653.0,,instructions:u,instructions,1859846.0,48.0,0.57,insn per cycle,ok
1014.901138,nan,,,,nan,nan,0.46,stalled cycles per insn,unknown
1014.901138,3631610.0,,cycles:u,cycles,3389338.0,72.0,nan,,ok
1014.901138,613799.0,,branches:u,branches,6801511.0,93.0,nan,,ok
1014.901138,37105.0,,branch-misses:u,branch-misses,9666868.0,100.0,6.05,of all branches,ok
1014.901138,1493146.0,,L1-dcache-loads:u,l1-dcache-loads,10303316.0,99.0,nan,,ok
1014.901138,160861.0,,cache-references:u,cache-references,8530867.0,82.0,nan,,ok
1014.901138,20019.0,,cache-misses:u,cache-misses,7018459.0,67.0,12.44,of all cache refs,ok
1014.901138,946419.0,,stalled-cycles-frontend:u,stalled-cycles-frontend,75690.0,0.0,26.06,frontend cycles idle,ok
1025.389429,1801220.0,,instructions:u,instructions,3830960.0,37.0,0.4,insn per cycle,ok
1025.389429,nan,,,,nan,nan,0.98,stalled cycles per insn,unknown
1025.389429,4469415.0,,cycles:u,cycles,1192883.0,12.0,nan,,ok
1025.389429,337920.0,,branches:u,branches,1209258.0,16.0,nan,,ok
1025.389429,18293.0,,branch-misses:u,branch-misses,1938935.0,25.0,5.41,of all branches,ok
1025.389429,1376174.0,,L1-dcache-loads:u,l1-dcache-loads,3012982.0,35.0,nan,,ok
1025.389429,158581.0,,cache-references:u,cache-references,6419959.0,69.0,nan,,ok
1025.389429,19405.0,,cache-misses:u,cache-misses,9064421.0,99.0,12.24,of all cache refs,ok
1025.389429,1764497.0,,stalled-cycles-frontend:u,stalled-cycles-frontend,3712581.0,36.0,39.48,frontend cycles idle,ok
1035.891344,2724436.0,,instructions:u,instructions,6513905.0,74.0,0.56,insn per cycle,ok
1035.891344,nan,,,,nan,nan,0.87,stalled cycles per insn,unknown
1035.891344,4845383.0,,cycles:u,cycles,7681064.0,81.0,nan,,ok
1035.891344,512190.0,,branches:u,branches,8484778.0,89.0,nan,,ok
1035.891344,31200.0,,branch-misses:u,branch-misses,8967102.0,94.0,6.09,of all branches,ok
1035.891344,1054850.0,,L1-dcache-loads:u,l1-dcache-loads,6640287.0,70.0,nan,,ok
1035.891344,110394.0,,cache-references:u,cache-references,3002647.0,33.0,nan,,ok
1035.891344,24658.0,,cache-misses:u,cache-misses,1810704.0,25.0,22.34,of all cache refs,ok
1035.891344,2379434.0,,stalled-cycles-frontend:u,stalled-cycles-frontend,2798288.0,43.0,49.11,frontend cycles idle,ok
1046.3512930000002,2977788.0,,instructions:u,instructions,2682876.0,59.0,0.63,insn per cycle,ok
1046.3512930000002,4721424.0,,cycles:u,cycles,5308238.0,83.0,nan,,ok
1046.3512930000002,671082.0,,branches:u,branches,8151414.0,100.0,nan,,ok
1046.3512930000002,36276.0,,branch-misses:u,branch-misses,10181766.0,100.0,5.41,of all branches,ok
1046.3512930000002,1442092.0,,L1-dcache-loads:u,l1-dcache-loads,10438237.0,100.0,nan,,ok
1046.3512930000002,142119.0,,cache-references:u,cache-references,7754936.0,74.0,nan,,ok
1046.3512930000002,19108.0,,cache-misses:u,cache-misses,5129760.0,49.0,13.45,of all cache refs,ok
1046.3512930000002,nan,,stalled-cycles-frontend:u,stalled-cycles-frontend,0.0,0.0,nan,,ok
1056.799545,1346936.0,,instructions:u,instructions,1085360.0,14.0,nan,,ok
1056.799545,nan,,,,nan,nan,1.46,stalled cycles per insn,unknown
1056.799545,0.0,,cycles:u,cycles,90814.0,1.0,nan,,ok
1056.799545,313768.0,,branches:u,branches,466097.0,6.0,nan,,ok
1056.799545,38779.0,,branch-misses:u,branch-misses,5269453.0,55.0,12.36,of all branches,ok
1056.799545,1492136.0,,L1-dcache-loads:u,l1-dcache-loads,7815551.0,77.0,nan,,ok
1056.799545,137121.0,,cache-references:u,cache-references,9052922.0,100.0,nan,,ok
1056.799545,21503.0,,cache-misses:u,cache-misses,10048641.0,100.0,15.68,of all cache refs,ok
1056.799545,1971117.0,,stalled-cycles-frontend:u,stalled-cycles-frontend,1085360.0,11.0,nan,,ok
1067.248294,1592373.0,,instructions:u,instructions,5481072.0,58.0,0.43,insn per cycle,ok
1067.248294,nan,,,,nan,nan,1.23,stalled cycles per insn,unknown
1067.248294,3703228.0,,cycles:u,cycles,2872264.0,31.0,nan,,ok
1067.248294,358023.0,,branches:u,branches,2872264.0,33.0,nan,,ok
1067.248294,25621.0,,branch-misses:u,branch-misses,2872264.0,33.0,7.16,of all branches,ok
1067.248294,1286571.0,,L1-dcache-loads:u,l1-dcache-loads,2225229.0,27.0,nan,,ok
1067.248294,142454.0,,cache-references:u,cache-references,3926447.0,56.0,nan,,ok
1067.248294,16149.0,,cache-misses:u,cache-misses,6551371.0,100.0,11.34,of all cache refs,ok
1067.248294,1957781.0,,stalled-cycles-frontend:u,stalled-cycles-frontend,4831414.0,55.0,52.87,frontend cycles idle,ok
1077.719316,2800378.0,,instructions:u,instructions,6442148.0,100.0,0.55,insn per cycle,ok
1077.719316,nan,,,,nan,nan,1.31,stalled cycles per insn,unknown
1077.719316,5126794.0,,cycles:u,cycles,7901884.0,98.0,nan,,ok
1077.719316,784640.0,,branches:u,branches,9880093.0,98.0,nan,,ok
1077.719316,36111.0,,branch-misses:u,branch-misses,10220532.0,98.0,4.6,of all branches,ok
1077.719316,944194.0,,L1-dcache-loads:u,l1-dcache-loads,6523892.0,62.0,nan,,ok
1077.719316,121260.0,,cache-references:u,cache-references,3920678.0,37.0,nan,,ok
1077.719316,23604.0,,cache-misses:u,cache-misses,2445757.0,23.0,19.47,of all cache refs,ok
1077.719316,3673741.0,,stalled-cycles-frontend:u,stalled-cycles-frontend,3836663.0,42.0,71.66,frontend cycles idle,ok
1088.183301,2603981.0,,instructions:u,instructions,1002622.0,18.0,0.58,insn per cycle,ok
1088.183301,4456510.0,,cycles:u,cycles,3194193.0,46.0,nan,,ok
1088.183301,722406.0,,branches:u,branches,5818831.0,69.0,nan,,ok
1088.183301,33469.0,,branch-misses:u,branch-misses,7631404.0,82.0,4.63,of all branches,ok
1088.183301,1386499.0,,L1-dcache-loads:u,l1-dcache-loads,9357335.0,92.0,nan,,ok
1088.183301,153430.0,,cache-references:u,cache-references,9177072.0,90.0,nan,,ok
1088.183301,19946.0,,cache-misses:u,cache-misses,6983802.0,68.0,13.0,of all cache refs,ok
1088.183301,nan,,stalled-cycles-frontend:u,stalled-cycles-frontend,0.0,0.0,nan,,ok
1098.622936,1898694.0,,instructions:u,instructions,2138328.0,22.0,0.66,insn per cycle,ok
1098.622936,nan,,,,nan,nan,1.0,stalled cycles per insn,unknown
1098.622936,2860302.0,,cycles:u,cycles,648157.0,7.0,nan,,ok
1098.622936,188516.0,,branches:u,branches,696195.0,11.0,nan,,ok
1098.622936,25985.0,,branch-misses:u,branch-misses,2759228.0,39.0,13.78,of all branches,ok
1098.622936,1124476.0,,L1-dcache-loads:u,l1-dcache-loads,5216022.0,71.0,nan,,ok
1098.622936,126096.0,,cache-references:u,cache-references,7458518.0,100.0,nan,,ok
1098.622936,21710.0,,cache-misses:u,cache-misses,8949222.0,100.0,17.22,of all cache refs,ok
1098.622936,1889546.0,,stalled-cycles-frontend:u,stalled-cycles-frontend,2138328.0,22.0,66.06,frontend cycles idle,ok
1109.0796460000001,2975432.0,,instructions:u,instructions,8117210.0,89.0,0.7,insn per cycle,ok
1109.0796460000001,nan,,,,nan,nan,0.97,stalled cycles per insn,unknown
1109.0796460000001,4227877.0,,cycles:u,cycles,6287435.0,62.0,nan,,ok
1109.0796460000001,373107.0,,branches:u,branches,6582333.0,63.0,nan,,ok
1109.0796460000001,27777.0,,branch-misses:u,branch-misses,6588836.0,63.0,7.44,of all branches,ok
1109.0796460000001,898077.0,,L1-dcache-loads:u,l1-dcache-loads,3691533.0,35.0,nan,,ok
1109.0796460000001,125776.0,,cache-references:u,cache-references,2201195.0,23.0,nan,,ok
1109.0796460000001,21438.0,,cache-misses:u,cache-misses,4032186.0,46.0,17.04,of all cache refs,ok
1109.0796460000001,2873562.0,,stalled-cycles-frontend:u,stalled-cycles-frontend,5707423.0,62.0,67.97,frontend cycles idle,ok
1119.5721819999999,2273763.0,,instructions:u,instructions,2772786.0,45.0,0.47,insn per cycle,ok
1119.5721819999999,nan,,,,nan,nan,1.85,stalled cycles per insn,unknown
1119.5721819999999,4794582.0,,cycles:u,cycles,5685920.0,74.0,nan,,ok
1119.5721819999999,567614.0,,branches:u,branches,7492685.0,88.0,nan,,ok
1119.5721819999999,33808.0,,branch-misses:u,branch-misses,9199689.0,98.0,5.96,of all branches,ok
1119.5721819999999,1140164.0,,L1-dcache-loads:u,l1-dcache-loads,8938699.0,95.0,nan,,ok
1119.5721819999999,131734.0,,cache-references:u,cache-references,6621743.0,70.0,nan,,ok
1119.5721819999999,18419.0,,cache-misses:u,cache-misses,3706581.0,42.0,13.98,of all cache refs,ok
1119.5721819999999,4211128.0,,stalled-cycles-frontend:u,stalled-cycles-frontend,422509.0,6.0,87.83,frontend cycles idle,ok
1130.02772,nan,,instructions:u,instructions,0.0,0.0,nan,,ok
1130.02772,3215657.0,,cycles:u,cycles,1930292.0,48.0,nan,,ok
1130.02772,585479.0,,branches:u,branches,3500084.0,72.0,nan,,ok
1130.02772,23780.0,,branch-misses:u,branch-misses,5866081.0,90.0,4.06,of all branches,ok
1130.02772,1448745.0,,L1-dcache-loads:u,l1-dcache-loads,9569578.0,100.0,nan,,ok
1130.02772,168419.0,,cache-references:u,cache-references,10395392.0,100.0,nan,,ok
1130.02772,21306.0,,cache-misses:u,cache-misses,8469955.0,81.0,12.65,of all cache refs,ok
1130.02772,nan,,stalled-cycles-frontend:u,stalled-cycles-frontend,0.0,0.0,nan,,ok
1140.448322,2500619.0,,instructions:u,instructions,5622688.0,54.0,0.67,insn per cycle,ok
1140.448322,nan,,,,nan,nan,0.9,stalled cycles per insn,unknown
1140.448322,3740831.0,,cycles:u,cycles,2676252.0,25.0,nan,,ok
1140.448322,347392.0,,branches:u,branches,2682872.0,25.0,nan,,ok
1140.448322,23644.0,,branch-misses:u,branch-misses,2689581.0,25.0,6.81,of all branches,ok
1140.448322,1762902.0,,L1-dcache-loads:u,l1-dcache-loads,2482208.0,24.0,nan,,ok
1140.448322,145403.0,,cache-references:u,cache-references,4750380.0,54.0,nan,,ok
1140.448322,20614.0,,cache-misses:u,cache-misses,7698015.0,87.0,14.18,of all cache refs,ok
1140.448322,2252915.0,,stalled-cycles-frontend:u,stalled-cycles-frontend,5498507.0,53.0,60.22,frontend cycles idle,ok
1150.917054,2286611.0,,instructions:u,instructions,5899071.0,92.0,0.49,insn per cycle,ok
1150.917054,nan,,,,nan,nan,1.33,stalled cycles per insn,unknown
1150.917054,4703751.0,,cycles:u,cycles,8011868.0,98.0,nan,,ok
1150.917054,641944.0,,branches:u,branches,9017625.0,98.0,nan,,ok
1150.917054,33424.0,,branch-misses:u,branch-misses,9273061.0,98.0,5.21,of all branches,ok
1150.917054,853468.0,,L1-dcache-loads:u,l1-dcache-loads,6348119.0,67.0,nan,,ok
1150.917054,119411.0,,cache-references:u,cache-references,3506799.0,37.0,nan,,ok
1150.917054,15900.0,,cache-misses:u,cache-misses,1355228.0,16.0,13.32,of all cache refs,ok
1150.917054,3030045.0,,stalled-cycles-frontend:u,stalled-cycles-frontend,3020017.0,40.0,64.42,frontend cycles idle,ok
1161.3855250000001,2572913.0,,instructions:u,instructions,687581.0,11.0,0.51,insn per cycle,ok
1161.3855250000001,nan,,,,nan,nan,0.4,stalled cycles per insn,unknown
1161.3855250000001,5081933.0,,cycles:u,cycles,2115972.0,31.0,nan,,ok
1161.3855250000001,628468.0,,branches:u,branches,5527464.0,100.0,nan,,ok
1161.3855250000001,29340.0,,branch-misses:u,branch-misses,7372887.0,100.0,4.67,of all branches,ok
1161.3855250000001,1445428.0,,L1-dcache-loads:u,l1-dcache-loads,9138364.0,100.0,nan,,ok
1161.3855250000001,165264.0,,cache-references:u,cache-references,9674843.0,95.0,nan,,ok
1161.3855250000001,21968.0,,cache-misses:u,cache-misses,8279223.0,79.0,13.29,of all cache refs,ok
1161.3855250000001,1025373.0,,stalled-cycles-frontend:u,stalled-cycles-frontend,250243.0,2.0,20.18,frontend cycles idle,ok
1171.891061,1032175.0,,instructions:u,instructions,2541993.0,39.0,0.36,insn per cycle,ok
1171.891061,nan,,,,nan,nan,2.04,stalled cycles per insn,unknown
1171.891061,2854736.0,,cycles:u,cycles,1159928.0,18.0,nan,,ok
1171.891061,263552.0,,branches:u,branches,1188008.0,18.0,nan,,ok
1171.891061,16036.0,,branch-misses:u,branch-misses,2484115.0,34.0,6.08,of all branches,ok
1171.891061,1101169.0,,L1-dcache-loads:u,l1-dcache-loads,4371307.0,49.0,nan,,ok
1171.891061,150991.0,,cache-references:u,cache-references,7102993.0,74.0,nan,,ok
1171.891061,19271.0,,cache-misses:u,cache-misses,8506653.0,100.0,12.76,of all cache refs,ok
1171.891061,2107723.0,,stalled-cycles-frontend:u,stalled-cycles-frontend,2413592.0,27.0,73.83,frontend cycles idle,ok
1182.354427,3369319.0,,instructions:u,instructions,7422496.0,80.0,0.69,insn per cycle,ok
1182.354427,nan,,,,nan,nan,0.61,stalled cycles per insn,unknown
1182.354427,4879706.0,,cycles:u,cycles,8166721.0,80.0,nan,,ok
1182.354427,529624.0,,branches:u,branches,8941275.0,88.0,nan,,ok
1182.354427,30696.0,,branch-misses:u,branch-misses,8950368.0,88.0,5.8,of all branches,ok
1182.354427,1212231.0,,L1-dcache-loads:u,l1-dcache-loads,6635943.0,65.0,nan,,ok
1182.354427,115225.0,,cache-references:u,cache-references,2740034.0,27.0,nan,,ok
1182.354427,30272.0,,cache-misses:u,cache-misses,1974766.0,21.0,26.27,of all cache refs,ok
1182.354427,2063232.0,,stalled-cycles-frontend:u,stalled-cycles-frontend,3484770.0,54.0,42.28,frontend cycles idle,ok
1192.862731,2725516.0,,instructions:u,instructions,1890917.0,61.0,0.7,insn per cycle,ok
1192.862731,3909963.0,,cycles:u,cycles,4297063.0,90.0,nan,,ok
1192.862731,705133.0,,branches:u,branches,7459254.0,100.0,nan,,ok
1192.862731,38743.0,,branch-misses:u,branch-misses,10117873.0,100.0,5.49,of all branches,ok
1192.862731,1597438.0,,L1-dcache-loads:u,l1-dcache-loads,10403859.0,100.0,nan,,ok
1192.862731,151409.0,,cache-references:u,cache-references,8512796.0,81.0,nan,,ok
1192.862731,15987.0,,cache-misses:u,cache-misses,6106859.0,58.0,10.56,of all cache refs,ok
1192.862731,nan,,stalled-cycles-frontend:u,stalled-cycles-frontend,0.0,0.0,nan,,ok
1203.308949,2055381.0,,instructions:u,instructions,1490278.0,15.0,0.73,insn per cycle,ok
1203.308949,nan,,,,nan,nan,0.97,stalled cycles per insn,unknown
1203.308949,2822031.0,,cycles:u,cycles,418162.0,4.0,nan,,ok
1203.308949,316903.0,,branches:u,branches,1547280.0,23.0,nan,,ok
1203.308949,23730.0,,branch-misses:u,branch-misses,3189825.0,41.0,7.49,of all branches,ok
1203.308949,1272085.0,,L1-dcache-loads:u,l1-dcache-loads,5263311.0,65.0,nan,,ok
1203.308949,120030.0,,cache-references:u,cache-references,8058033.0,100.0,nan,,ok
1203.308949,20571.0,,cache-misses:u,cache-misses,9130649.0,100.0,17.14,of all cache refs,ok
1203.308949,1998059.0,,stalled-cycles-frontend:u,stalled-cycles-frontend,1490278.0,15.0,70.8,frontend cycles idle,ok
1213.7858489999999,2773854.0,,instructions:u,instructions,8264882.0,91.0,0.64,insn per cycle,ok
1213.7858489999999,nan,,,,nan,nan,0.99,stalled cycles per insn,unknown
1213.7858489999999,4306070.0,,cycles:u,cycles,5749289.0,57.0,nan,,ok
1213.7858489999999,385202.0,,branches:u,branches,5848201.0,57.0,nan,,ok
1213.7858489999999,27747.0,,branch-misses:u,branch-misses,5855122.0,57.0,7.2,of all branches,ok
1213.7858489999999,741138.0,,L1-dcache-loads:u,l1-dcache-loads,3110353.0,32.0,nan,,ok
1213.7858489999999,126073.0,,cache-references:u,cache-references,1891655.0,24.0,nan,,ok
1213.7858489999999,23829.0,,cache-misses:u,cache-misses,4372607.0,46.0,18.9,of all cache refs,ok
1213.7858489999999,2756350.0,,stalled-cycles-frontend:u,stalled-cycles-frontend,6639222.0,65.0,64.01,frontend cycles idle,ok
1224.251368,1880366.0,,instructions:u,instructions,1831247.0,57.0,0.49,insn per cycle,ok
1224.251368,nan,,,,nan,nan,2.53,stalled cycles per insn,unknown
1224.251368,3870425.0,,cycles:u,cycles,5038733.0,100.0,nan,,ok
1224.251368,626056.0,,branches:u,branches,7278371.0,100.0,nan,,ok
1224.251368,32647.0,,branch-misses:u,branch-misses,8963593.0,100.0,5.21,of all branches,ok
1224.251368,1285866.0,,L1-dcache-loads:u,l1-dcache-loads,9360601.0,94.0,nan,,ok
1224.251368,154631.0,,cache-references:u,cache-references,8320506.0,81.0,nan,,ok
1224.251368,18370.0,,cache-misses:u,cache-misses,5140261.0,50.0,11.88,of all cache refs,ok
1224.251368,4755382.0,,stalled-cycles-frontend:u,stalled-cycles-frontend,596525.0,6.0,122.86,frontend cycles idle,ok
1234.714409,1161313.0,,instructions:u,instructions,858414.0,12.0,0.25,insn per cycle,ok
1234.714409,nan,,,,nan,nan,1.54,stalled cycles per insn,unknown
1234.714409,4737728.0,,cycles:u,cycles,1595972.0,23.0,nan,,ok
1234.714409,547534.0,,branches:u,branches,3146898.0,61.0,nan,,ok
1234.714409,23397.0,,branch-misses:u,branch-misses,5400757.0,79.0,4.27,of all branches,ok
1234.714409,1243034.0,,L1-dcache-loads:u,l1-dcache-loads,7903428.0,96.0,nan,,ok
1234.714409,139134.0,,cache-references:u,cache-references,9037653.0,100.0,nan,,ok
1234.714409,20905.0,,cache-misses:u,cache-misses,8306566.0,83.0,15.03,of all cache refs,ok
1234.714409,1793089.0,,stalled-cycles-frontend:u,stalled-cycles-frontend,858414.0,9.0,37.85,frontend cycles idle,ok
1245.165665,2834275.0,,instructions:u,instructions,6275820.0,62.0,0.7,insn per cycle,ok
1245.165665,nan,,,,nan,nan,0.79,stalled cycles per insn,unknown
1245.165665,4054744.0,,cycles:u,cycles,3420505.0,33.0,nan,,ok
1245.165665,397273.0,,branches:u,branches,3427113.0,33.0,nan,,ok
1245.165665,27655.0,,branch-misses:u,branch-misses,3433798.0,33.0,6.96,of all branches,ok
1245.165665,1267402.0,,L1-dcache-loads:u,l1-dcache-loads,2523316.0,26.0,nan,,ok
1245.165665,145166.0,,cache-references:u,cache-references,3802401.0,45.0,nan,,ok
1245.165665,19605.0,,cache-misses:u,cache-misses,6658822.0,80.0,13.51,of all cache refs,ok
1245.165665,2232173.0,,stalled-cycles-frontend:u,stalled-cycles-frontend,5477350.0,55.0,55.05,frontend cycles idle,ok
1255.650036,2401161.0,,instructions:u,instructions,6915722.0,96.0,0.5,insn per cycle,ok
1255.650036,nan,,,,nan,nan,1.43,stalled cycles per insn,unknown
1255.650036,4848517.0,,cycles:u,cycles,8079878.0,88.0,nan,,ok
1255.650036,507535.0,,branches:u,branches,8474423.0,88.0,nan,,ok
1255.650036,31882.0,,branch-misses:u,branch-misses,8474378.0,88.0,6.28,of all branches,ok
1255.650036,907814.0,,L1-dcache-loads:u,l1-dcache-loads,5502310.0,57.0,nan,,ok
1255.650036,138508.0,,cache-references:u,cache-references,2664246.0,27.0,nan,,ok
1255.650036,23718.0,,cache-misses:u,cache-misses,1465378.0,15.0,17.12,of all cache refs,ok
1255.650036,3436208.0,,stalled-cycles-frontend:u,stalled-cycles-frontend,4043233.0,44.0,70.87,frontend cycles idle,ok
1266.112797,2849400.0,,instructions:u,instructions,3371058.0,68.0,0.55,insn per cycle,ok
1266.112797,nan,,,,nan,nan,2.0,stalled cycles per insn,unknown
1266.112797,5204771.0,,cycles:u,cycles,6312259.0,89.0,nan,,ok
1266.112797,787641.0,,branches:u,branches,8918545.0,100.0,nan,,ok
1266.112797,36273.0,,branch-misses:u,branch-misses,10327645.0,100.0,4.61,of all branches,ok
1266.112797,1475688.0,,L1-dcache-loads:u,l1-dcache-loads,9992349.0,95.0,nan,,ok
1266.112797,140746.0,,cache-references:u,cache-references,7039535.0,67.0,nan,,ok
1266.112797,17183.0,,cache-misses:u,cache-misses,4131872.0,41.0,12.21,of all cache refs,ok
1266.112797,5708632.0,,stalled-cycles-frontend:u,stalled-cycles-frontend,418385.0,4.0,109.68,frontend cycles idle,ok
1276.601891,1785845.0,,instructions:u,instructions,1299162.0,17.0,1.13,insn per cycle,ok
1276.601891,nan,,,,nan,nan,1.23,stalled cycles per insn,unknown
1276.601891,1581863.0,,cycles:u,cycles,299202.0,4.0,nan,,ok
1276.601891,164765.0,,branches:u,branches,862635.0,11.0,nan,,ok
1276.601891,36717.0,,branch-misses:u,branch-misses,5555807.0,59.0,22.28,of all branches,ok
1276.601891,1507144.0,,L1-dcache-loads:u,l1-dcache-loads,7823068.0,79.0,nan,,ok
1276.601891,132241.0,,cache-references:u,cache-references,8844952.0,100.0,nan,,ok
1276.601891,20961.0,,cache-misses:u,cache-misses,9845343.0,100.0,15.85,of all cache refs,ok
1276.601891,2198509.0,,stalled-cycles-frontend:u,stalled-cycles-frontend,1299162.0,13.0,138.98,frontend cycles idle,ok
1287.057127,3573543.0,,instructions:u,instructions,3454773.0,51.0,0.7,insn per cycle,ok
1287.057127,nan,,,,nan,nan,0.76,stalled cycles per insn,unknown
1287.057127,5072020.0,,cycles:u,cycles,3401755.0,49.0,nan,,ok
1287.057127,692231.0,,branches:u,branches,4384255.0,62.0,nan,,ok
1287.057127,36991.0,,branch-misses:u,branch-misses,5087822.0,69.0,5.34,of all branches,ok
1287.057127,2134396.0,,L1-dcache-loads:u,l1-dcache-loads,4685017.0,62.0,nan,,ok
1287.057127,210768.0,,cache-references:u,cache-references,5478423.0,65.0,nan,,ok
1287.057127,16869.0,,cache-misses:u,cache-misses,5532841.0,61.0,8.0,of all cache refs,ok
1287.057127,2713378.0,,stalled-cycles-frontend:u,stalled-cycles-frontend,2491823.0,28.0,53.5,frontend cycles idle,ok
1297.545629,611739.0,,instructions:u,instructions,3397755.0,96.0,0.24,insn per cycle,ok
1297.545629,nan,,,,nan,nan,2.58,stalled cycles per insn,unknown
1297.545629,2568473.0,,cycles:u,cycles,5303977.0,100.0,nan,,ok
1297.545629,287733.0,,branches:u,branches,7119715.0,100.0,nan,,ok
1297.545629,24391.0,,branch-misses:u,branch-misses,8429092.0,100.0,8.48,of all branches,ok
1297.545629,1030838.0,,L1-dcache-loads:u,l1-dcache-loads,9068153.0,94.0,nan,,ok
1297.545629,114783.0,,cache-references:u,cache-references,6399073.0,65.0,nan,,ok
1297.545629,18298.0,,cache-misses:u,cache-misses,4458587.0,45.0,15.94,of all cache refs,ok
1297.545629,1581315.0,,stalled-cycles-frontend:u,stalled-cycles-frontend,500455.0,5.0,61.57,frontend cycles idle,ok
1308.012115,248057.0,,instructions:u,instructions,1927745.0,76.0,0.12,insn per cycle,ok
1308.012115,1991796.0,,cycles:u,cycles,4400050.0,100.0,nan,,ok
1308.012115,197033.0,,branches:u,branches,6012180.0,100.0,nan,,ok
1308.012115,23091.0,,branch-misses:u,branch-misses,7985629.0,100.0,11.72,of all branches,ok
1308.012115,1326007.0,,L1-dcache-loads:u,l1-dcache-loads,9984415.0,100.0,nan,,ok
1308.012115,135268.0,,cache-references:u,cache-references,8356593.0,81.0,nan,,ok
1308.012115,20039.0,,cache-misses:u,cache-misses,5884543.0,57.0,14.81,of all cache refs,ok
1308.012115,nan,,stalled-cycles-frontend:u,stalled-cycles-frontend,0.0,0.0,nan,,ok
1318.443185,3294376.0,,instructions:u,instructions,3926218.0,37.0,0.42,insn per cycle,ok
1318.443185,nan,,,,nan,nan,0.35,stalled cycles per insn,unknown
1318.443185,7823975.0,,cycles:u,cycles,4561801.0,44.0,nan,,ok
1318.443185,787496.0,,branches:u,branches,6346253.0,61.0,nan,,ok
1318.443185,27666.0,,branch-misses:u,branch-misses,7384276.0,71.0,3.51,of all branches,ok
1318.443185,1343279.0,,L1-dcache-loads:u,l1-dcache-loads,7381723.0,71.0,nan,,ok
1318.443185,136042.0,,cache-references:u,cache-references,6429648.0,62.0,nan,,ok
1318.443185,12900.0,,cache-misses:u,cache-misses,5826797.0,56.0,9.48,of all cache refs,ok
1318.443185,1149955.0,,stalled-cycles-frontend:u,stalled-cycles-frontend,1969493.0,19.0,14.7,frontend cycles idle,ok
1328.905857,3001616.0,,instructions:u,instructions,4156520.0,41.0,0.42,insn per cycle,ok
1328.905857,nan,,,,nan,nan,1.76,stalled cycles per insn,unknown
1328.905857,7194130.0,,cycles:u,cycles,4236700.0,41.0,nan,,ok
1328.905857,445782.0,,branches:u,branches,5235382.0,51.0,nan,,ok
1328.905857,25957.0,,branch-misses:u,branch-misses,7195206.0,71.0,5.82,of all branches,ok
1328.905857,915659.0,,L1-dcache-loads:u,l1-dcache-loads,7102192.0,70.0,nan,,ok
1328.905857,120521.0,,cache-references:u,cache-references,5950334.0,58.0,nan,,ok
1328.905857,16954.0,,cache-misses:u,cache-misses,5872309.0,58.0,14.07,of all cache refs,ok
1328.905857,5283966.0,,stalled-cycles-frontend:u,stalled-cycles-frontend,2008389.0,19.0,73.45,frontend cycles idle,ok
1339.381607,1953680.0,,instructions:u,instructions,3967790.0,37.0,0.42,insn per cycle,ok
1339.381607,nan,,,,nan,nan,0.97,stalled cycles per insn,unknown
1339.381607,4599949.0,,cycles:u,cycles,3000614.0,28.0,nan,,ok
1339.381607,435725.0,,branches:u,branches,4007554.0,38.0,nan,,ok
1339.381607,44456.0,,branch-misses:u,branch-misses,5000735.0,47.0,10.2,of all branches,ok
1339.381607,729659.0,,L1-dcache-loads:u,l1-dcache-loads,5484545.0,52.0,nan,,ok
1339.381607,95409.0,,cache-references:u,cache-references,6472943.0,61.0,nan,,ok
1339.381607,255.0,,cache-misses:u,cache-misses,7467901.0,71.0,0.27,of all cache refs,ok
1339.381607,1901467.0,,stalled-cycles-frontend:u,stalled-cycles-frontend,3032749.0,28.0,41.34,frontend cycles idle,ok
1349.870557,5079104.0,,instructions:u,instructions,5039036.0,48.0,0.71,insn per cycle,ok
1349.870557,nan,,,,nan,nan,0.49,stalled cycles per insn,unknown
1349.870557,7154839.0,,cycles:u,cycles,5459381.0,52.0,nan,,ok
1349.870557,843035.0,,branches:u,branches,6465812.0,61.0,nan,,ok
1349.870557,45313.0,,branch-misses:u,branch-misses,7479203.0,71.0,5.37,of all branches,ok
1349.870557,1248394.0,,L1-dcache-loads:u,l1-dcache-loads,6467892.0,61.0,nan,,ok
1349.870557,118932.0,,cache-references:u,cache-references,5472145.0,52.0,nan,,ok
1349.870557,8948.0,,cache-misses:u,cache-misses,4980093.0,47.0,7.52,of all cache refs,ok
1349.870557,2504974.0,,stalled-cycles-frontend:u,stalled-cycles-frontend,2971459.0,28.0,35.01,frontend cycles idle,ok
1360.343391,8036164.0,,instructions:u,instructions,3025670.0,28.0,0.45,insn per cycle,ok
1360.343391,nan,,,,nan,nan,0.87,stalled cycles per insn,unknown
1360.343391,17886423.0,,cycles:u,cycles,3562845.0,33.0,nan,,ok
1360.343391,1660014.0,,branches:u,branches,5554712.0,52.0,nan,,ok
1360.343391,68626.0,,branch-misses:u,branch-misses,7519103.0,71.0,4.13,of all branches,ok
1360.343391,6496230.0,,L1-dcache-loads:u,l1-dcache-loads,7508873.0,71.0,nan,,ok
1360.343391,507523.0,,cache-references:u,cache-references,7527719.0,71.0,nan,,ok
1360.343391,41635.0,,cache-misses:u,cache-misses,7099546.0,66.0,8.2,of all cache refs,ok
1360.343391,7008847.0,,stalled-cycles-frontend:u,stalled-cycles-frontend,2028615.0,19.0,39.19,frontend cycles idle,ok
1370.861998,13633843.0,,instructions:u,instructions,3038379.0,19.0,0.43,insn per cycle,ok
1370.861998,nan,,,,nan,nan,0.62,stalled cycles per insn,unknown
1370.861998,31456476.0,,cycles:u,cycles,3144953.0,20.0,nan,,ok
1370.861998,1957392.0,,branches:u,branches,6671008.0,43.0,nan,,ok
1370.861998,125504.0,,branch-misses:u,branch-misses,9573319.0,62.0,6.41,of all branches,ok
1370.861998,6299091.0,,L1-dcache-loads:u,l1-dcache-loads,11707324.0,77.0,nan,,ok
1370.861998,795068.0,,cache-references:u,cache-references,12163968.0,80.0,nan,,ok
1370.861998,57099.0,,cache-misses:u,cache-misses,12013632.0,79.0,7.18,of all cache refs,ok
1370.861998,8506978.0,,stalled-cycles-frontend:u,stalled-cycles-frontend,2001713.0,13.0,27.04,frontend cycles idle,ok
1381.361306,22718662.0,,instructions:u,instructions,9541916.0,43.0,0.48,insn per cycle,ok
1381.361306,nan,,,,nan,nan,0.67,stalled cycles per insn,unknown
1381.361306,46886653.0,,cycles:u,cycles,8282448.0,37.0,nan,,ok
1381.361306,4201215.0,,branches:u,branches,10313275.0,47.0,nan,,ok
1381.361306,328636.0,,branch-misses:u,branch-misses,11442081.0,51.0,7.82,of all branches,ok
1381.361306,11084939.0,,L1-dcache-loads:u,l1-dcache-loads,10927096.0,49.0,nan,,ok
1381.361306,1827508.0,,cache-references:u,cache-references,12379370.0,56.0,nan,,ok
1381.361306,59581.0,,cache-misses:u,cache-misses,13670351.0,62.0,3.26,of all cache refs,ok
1381.361306,15194982.0,,stalled-cycles-frontend:u,stalled-cycles-frontend,6924892.0,31.0,32.41,frontend cycles idle,ok
1391.9211,14182006.0,,instructions:u,instructions,6377394.0,43.0,0.43,insn per cycle,ok
1391.9211,nan,,,,nan,nan,0.65,stalled cycles per insn,unknown
1391.9211,32732670.0,,cycles:u,cycles,5753545.0,39.0,nan,,ok
1391.9211,2447093.0,,branches:u,branches,6733825.0,46.0,nan,,ok
1391.9211,185965.0,,branch-misses:u,branch-misses,8353604.0,58.0,7.6,of all branches,ok
1391.9211,7525450.0,,L1-dcache-loads:u,l1-dcache-loads,7843197.0,54.0,nan,,ok
1391.9211,1198887.0,,cache-references:u,cache-references,8025520.0,56.0,nan,,ok
1391.9211,107132.0,,cache-misses:u,cache-misses,8552251.0,59.0,8.94,of all cache refs,ok
1391.9211,9240064.0,,stalled-cycles-frontend:u,stalled-cycles-frontend,4245592.0,29.0,28.23,frontend cycles idle,ok
1402.423723,16211791.0,,instructions:u,instructions,4360865.0,26.0,0.45,insn per cycle,ok
1402.423723,nan,,,,nan,nan,0.67,stalled cycles per insn,unknown
1402.423723,35686891.0,,cycles:u,cycles,5800466.0,35.0,nan,,ok
1402.423723,3646639.0,,branches:u,branches,8792127.0,54.0,nan,,ok
1402.423723,288997.0,,branch-misses:u,branch-misses,11942280.0,73.0,7.93,of all branches,ok
1402.423723,11205625.0,,L1-dcache-loads:u,l1-dcache-loads,12606749.0,77.0,nan,,ok
1402.423723,1368152.0,,cache-references:u,cache-references,11807882.0,73.0,nan,,ok
1402.423723,31493.0,,cache-misses:u,cache-misses,10412282.0,64.0,2.3,of all cache refs,ok
1402.423723,10837613.0,,stalled-cycles-frontend:u,stalled-cycles-frontend,2363699.0,14.0,30.37,frontend cycles idle,ok
1412.903782,11720157.0,,instructions:u,instructions,6268735.0,41.0,0.35,insn per cycle,ok
1412.903782,nan,,,,nan,nan,0.97,stalled cycles per insn,unknown
1412.903782,33565621.0,,cycles:u,cycles,4568725.0,30.0,nan,,ok
1412.903782,2102973.0,,branches:u,branches,5566496.0,37.0,nan,,ok
1412.903782,253246.0,,branch-misses:u,branch-misses,6806225.0,45.0,12.04,of all branches,ok
1412.903782,6500460.0,,L1-dcache-loads:u,l1-dcache-loads,6747790.0,45.0,nan,,ok
1412.903782,1384122.0,,cache-references:u,cache-references,8655495.0,57.0,nan,,ok
1412.903782,86750.0,,cache-misses:u,cache-misses,10386999.0,69.0,6.27,of all cache refs,ok
1412.903782,11407462.0,,stalled-cycles-frontend:u,stalled-cycles-frontend,4759059.0,31.0,33.99,frontend cycles idle,ok
1423.381995,9317589.0,,instructions:u,instructions,5777845.0,38.0,0.28,insn per cycle,ok
1423.381995,nan,,,,nan,nan,0.87,stalled cycles per insn,unknown
1423.381995,32951738.0,,cycles:u,cycles,6285281.0,42.0,nan,,ok
1423.381995,2244562.0,,branches:u,branches,9271237.0,61.0,nan,,ok
1423.381995,256443.0,,branch-misses:u,branch-misses,11466044.0,76.0,11.43,of all branches,ok
1423.381995,7208588.0,,L1-dcache-loads:u,l1-dcache-loads,10512506.0,70.0,nan,,ok
1423.381995,1407028.0,,cache-references:u,cache-references,9237309.0,61.0,nan,,ok
1423.381995,36389.0,,cache-misses:u,cache-misses,8660665.0,57.0,2.59,of all cache refs,ok
1423.381995,8120559.0,,stalled-cycles-frontend:u,stalled-cycles-frontend,3464308.0,23.0,24.64,frontend cycles idle,ok
1433.9093329999998,19040834.0,,instructions:u,instructions,6486611.0,30.0,0.41,insn per cycle,ok
1433.9093329999998,nan,,,,nan,nan,0.73,stalled cycles per insn,unknown
1433.9093329999998,46009020.0,,cycles:u,cycles,6982550.0,33.0,nan,,ok
1433.9093329999998,3434945.0,,branches:u,branches,9913166.0,47.0,nan,,ok
1433.9093329999998,354854.0,,branch-misses:u,branch-misses,12848069.0,61.0,10.33,of all branches,ok
1433.9093329999998,10893811.0,,L1-dcache-loads:u,l1-dcache-loads,13611542.0,64.0,nan,,ok
1433.9093329999998,1835300.0,,cache-references:u,cache-references,14452012.0,68.0,nan,,ok
1433.9093329999998,39337.0,,cache-misses:u,cache-misses,14049140.0,67.0,2.14,of all cache refs,ok
1433.9093329999998,13816624.0,,stalled-cycles-frontend:u,stalled-cycles-frontend,4743077.0,22.0,30.03,frontend cycles idle,ok
1444.421302,26897686.0,,instructions:u,instructions,9575826.0,41.0,0.54,insn per cycle,ok
1444.421302,nan,,,,nan,nan,0.67,stalled cycles per insn,unknown
1444.421302,49851003.0,,cycles:u,cycles,8606173.0,37.0,nan,,ok
1444.421302,5521000.0,,branches:u,branches,10625796.0,46.0,nan,,ok
1444.421302,460695.0,,branch-misses:u,branch-misses,12890649.0,56.0,8.34,of all branches,ok
1444.421302,15601174.0,,L1-dcache-loads:u,l1-dcache-loads,12736271.0,55.0,nan,,ok
1444.421302,1823389.0,,cache-references:u,cache-references,13344276.0,58.0,nan,,ok
1444.421302,58794.0,,cache-misses:u,cache-misses,14222514.0,61.0,3.22,of all cache refs,ok
1444.421302,18030815.0,,stalled-cycles-frontend:u,stalled-cycles-frontend,6491790.0,28.0,36.17,frontend cycles idle,ok
1454.934889,23458241.0,,instructions:u,instructions,6338675.0,30.0,0.51,insn per cycle,ok
1454.934889,nan,,,,nan,nan,0.56,stalled cycles per insn,unknown
1454.934889,45998532.0,,cycles:u,cycles,8069801.0,38.0,nan,,ok
1454.934889,4386358.0,,branches:u,branches,11051630.0,53.0,nan,,ok
1454.934889,395571.0,,branch-misses:u,branch-misses,14349072.0,68.0,9.02,of all branches,ok
1454.934889,12503776.0,,L1-dcache-loads:u,l1-dcache-loads,14768803.0,71.0,nan,,ok
1454.934889,1615864.0,,cache-references:u,cache-references,14444924.0,69.0,nan,,ok
1454.934889,60993.0,,cache-misses:u,cache-misses,12761368.0,61.0,3.77,of all cache refs,ok
1454.934889,13027080.0,,stalled-cycles-frontend:u,stalled-cycles-frontend,3590275.0,17.0,28.32,frontend cycles idle,ok
1465.426936,25724966.0,,instructions:u,instructions,10519680.0,44.0,0.52,insn per cycle,ok
1465.426936,nan,,,,nan,nan,0.56,stalled cycles per insn,unknown
1465.426936,49304842.0,,cycles:u,cycles,9553906.0,40.0,nan,,ok
1465.426936,5260738.0,,branches:u,branches,11630015.0,49.0,nan,,ok
1465.426936,455609.0,,branch-misses:u,branch-misses,13760231.0,58.0,8.66,of all branches,ok
1465.426936,16289615.0,,L1-dcache-loads:u,l1-dcache-loads,12439758.0,52.0,nan,,ok
1465.426936,1726477.0,,cache-references:u,cache-references,13123421.0,55.0,nan,,ok
1465.426936,84828.0,,cache-misses:u,cache-misses,14111585.0,59.0,4.91,of all cache refs,ok
1465.426936,14498855.0,,stalled-cycles-frontend:u,stalled-cycles-frontend,7534395.0,31.0,29.41,frontend cycles idle,ok
1475.9614199999999,35656275.0,,instructions:u,instructions,9390846.0,35.0,0.64,insn per cycle,ok
1475.9614199999999,nan,,,,nan,nan,0.34,stalled cycles per insn,unknown
1475.9614199999999,55455957.0,,cycles:u,cycles,12043585.0,45.0,nan,,ok
1475.9614199999999,5813300.0,,branches:u,branches,15934066.0,60.0,nan,,ok
1475.9614199999999,461993.0,,branch-misses:u,branch-misses,19620202.0,74.0,7.95,of all branches,ok
1475.9614199999999,17343804.0,,L1-dcache-loads:u,l1-dcache-loads,19286961.0,73.0,nan,,ok
1475.9614199999999,1899097.0,,cache-references:u,cache-references,16878977.0,64.0,nan,,ok
1475.9614199999999,82122.0,,cache-misses:u,cache-misses,14191999.0,54.0,4.32,of all cache refs,ok
1475.9614199999999,12198987.0,,stalled-cycles-frontend:u,stalled-cycles-frontend,4830716.0,18.0,22.0,frontend cycles idle,ok
1486.435831,17363593.0,,instructions:u,instructions,6358612.0,40.0,0.52,insn per cycle,ok
1486.435831,nan,,,,nan,nan,0.66,stalled cycles per insn,unknown
1486.435831,33340543.0,,cycles:u,cycles,5289516.0,33.0,nan,,ok
1486.435831,3028548.0,,branches:u,branches,6527236.0,41.0,nan,,ok
1486.435831,278291.0,,branch-misses:u,branch-misses,8364297.0,52.0,9.19,of all branches,ok
1486.435831,8672259.0,,L1-dcache-loads:u,l1-dcache-loads,8667097.0,54.0,nan,,ok
1486.435831,1174489.0,,cache-references:u,cache-references,9449202.0,59.0,nan,,ok
1486.435831,67845.0,,cache-misses:u,cache-misses,10521474.0,66.0,5.78,of all cache refs,ok
1486.435831,11502157.0,,stalled-cycles-frontend:u,stalled-cycles-frontend,4648699.0,29.0,34.5,frontend cycles idle,ok
1496.914222,14990920.0,,instructions:u,instructions,5623643.0,33.0,0.41,insn per cycle,ok
1496.914222,nan,,,,nan,nan,0.81,stalled cycles per insn,unknown
1496.914222,36492760.0,,cycles:u,cycles,6394738.0,38.0,nan,,ok
1496.914222,3264169.0,,branches:u,branches,8778518.0,53.0,nan,,ok
1496.914222,302635.0,,branch-misses:u,branch-misses,10903348.0,65.0,9.27,of all branches,ok
1496.914222,9881060.0,,L1-dcache-loads:u,l1-dcache-loads,10966048.0,66.0,nan,,ok
1496.914222,1210992.0,,cache-references:u,cache-references,10983880.0,66.0,nan,,ok
1496.914222,82318.0,,cache-misses:u,cache-misses,10162443.0,61.0,6.8,of all cache refs,ok
1496.914222,12189182.0,,stalled-cycles-frontend:u,stalled-cycles-frontend,3254629.0,19.0,33.4,frontend cycles idle,ok
1507.398009,19164020.0,,instructions:u,instructions,6718477.0,34.0,0.46,insn per cycle,ok
1507.398009,nan,,,,nan,nan,0.82,stalled cycles per insn,unknown
1507.398009,41444783.0,,cycles:u,cycles,6117292.0,31.0,nan,,ok
1507.398009,3828989.0,,branches:u,branches,9075619.0,47.0,nan,,ok
1507.398009,345855.0,,branch-misses:u,branch-misses,12190084.0,63.0,9.03,of all branches,ok
1507.398009,10505712.0,,L1-dcache-loads:u,l1-dcache-loads,12166064.0,63.0,nan,,ok
1507.398009,1546383.0,,cache-references:u,cache-references,12533486.0,64.0,nan,,ok
1507.398009,86063.0,,cache-misses:u,cache-misses,13206559.0,68.0,5.57,of all cache refs,ok
1507.398009,15780980.0,,stalled-cycles-frontend:u,stalled-cycles-frontend,5139350.0,26.0,38.08,frontend cycles idle,ok
1517.9406079999999,16552511.0,,instructions:u,instructions,4882984.0,31.0,0.49,insn per cycle,ok
1517.9406079999999,nan,,,,nan,nan,0.62,stalled cycles per insn,unknown
1517.9406079999999,33957642.0,,cycles:u,cycles,4827363.0,31.0,nan,,ok
1517.9406079999999,3523608.0,,branches:u,branches,6814921.0,43.0,nan,,ok
1517.9406079999999,271884.0,,branch-misses:u,branch-misses,8150128.0,52.0,7.72,of all branches,ok
1517.9406079999999,8523128.0,,L1-dcache-loads:u,l1-dcache-loads,9518745.0,61.0,nan,,ok
1517.9406079999999,1385043.0,,cache-references:u,cache-references,10679224.0,68.0,nan,,ok
1517.9406079999999,70228.0,,cache-misses:u,cache-misses,10794689.0,69.0,5.07,of all cache refs,ok
1517.9406079999999,10343329.0,,stalled-cycles-frontend:u,stalled-cycles-frontend,3083872.0,19.0,30.46,frontend cycles idle,ok
1528.438786,11499317.0,,instructions:u,instructions,7304477.0,48.0,0.34,insn per cycle,ok
1528.438786,nan,,,,nan,nan,1.02,stalled cycles per insn,unknown
1528.438786,33432459.0,,cycles:u,cycles,5930705.0,39.0,nan,,ok
1528.438786,2419953.0,,branches:u,branches,6933071.0,45.0,nan,,ok
1528.438786,276378.0,,branch-misses:u,branch-misses,9136607.0,60.0,11.42,of all branches,ok
1528.438786,8482530.0,,L1-dcache-loads:u,l1-dcache-loads,8671812.0,57.0,nan,,ok
1528.438786,1299595.0,,cache-references:u,cache-references,7884269.0,52.0,nan,,ok
1528.438786,97734.0,,cache-misses:u,cache-misses,9126994.0,60.0,7.52,of all cache refs,ok
1528.438786,11775314.0,,stalled-cycles-frontend:u,stalled-cycles-frontend,4779020.0,31.0,35.22,frontend cycles idle,ok
1538.920275,26981829.0,,instructions:u,instructions,8954639.0,39.0,0.55,insn per cycle,ok
1538.920275,nan,,,,nan,nan,0.59,stalled cycles per insn,unknown
1538.920275,49239623.0,,cycles:u,cycles,9536406.0,41.0,nan,,ok
1538.920275,4915420.0,,branches:u,branches,13502295.0,59.0,nan,,ok
1538.920275,459208.0,,branch-misses:u,branch-misses,16017598.0,70.0,9.34,of all branches,ok
1538.920275,14742784.0,,L1-dcache-loads:u,l1-dcache-loads,15005523.0,65.0,nan,,ok
1538.920275,1789705.0,,cache-references:u,cache-references,13856275.0,60.0,nan,,ok
1538.920275,116145.0,,cache-misses:u,cache-misses,13321096.0,58.0,6.49,of all cache refs,ok
1538.920275,15845708.0,,stalled-cycles-frontend:u,stalled-cycles-frontend,5799152.0,25.0,32.18,frontend cycles idle,ok
1549.397,15266530.0,,instructions:u,instructions,5264248.0,33.0,0.46,insn per cycle,ok
1549.397,nan,,,,nan,nan,0.75,stalled cycles per insn,unknown
1549.397,32856180.0,,cycles:u,cycles,4289550.0,27.0,nan,,ok
1549.397,2541168.0,,branches:u,branches,5683535.0,36.0,nan,,ok
1549.397,282261.0,,branch-misses:u,branch-misses,8380127.0,53.0,11.11,of all branches,ok
1549.397,7682925.0,,L1-dcache-loads:u,l1-dcache-loads,9219722.0,58.0,nan,,ok
1549.397,1317200.0,,cache-references:u,cache-references,10330341.0,65.0,nan,,ok
1549.397,96109.0,,cache-misses:u,cache-misses,11385964.0,72.0,7.3,of all cache refs,ok
1549.397,11476412.0,,stalled-cycles-frontend:u,stalled-cycles-frontend,4082527.0,25.0,34.93,frontend cycles idle,ok
1559.9282130000001,18853771.0,,instructions:u,instructions,7079606.0,40.0,0.52,insn per cycle,ok
1559.9282130000001,nan,,,,nan,nan,0.39,stalled cycles per insn,unknown
1559.9282130000001,36187396.0,,cycles:u,cycles,6737809.0,39.0,nan,,ok
1559.9282130000001,4946464.0,,branches:u,branches,8737602.0,50.0,nan,,ok
1559.9282130000001,251478.0,,branch-misses:u,branch-misses,10749285.0,62.0,5.08,of all branches,ok
1559.9282130000001,15342853.0,,L1-dcache-loads:u,l1-dcache-loads,10788466.0,62.0,nan,,ok
1559.9282130000001,735519.0,,cache-references:u,cache-references,10198855.0,59.0,nan,,ok
1559.9282130000001,46238.0,,cache-misses:u,cache-misses,10534650.0,60.0,6.29,of all cache refs,ok
1559.9282130000001,7320550.0,,stalled-cycles-frontend:u,stalled-cycles-frontend,4495639.0,26.0,20.23,frontend cycles idle,ok
1570.4408329999999,38286086.0,,instructions:u,instructions,7087948.0,32.0,0.8,insn per cycle,ok
1570.4408329999999,nan,,,,nan,nan,0.2,stalled cycles per insn,unknown
1570.4408329999999,47717599.0,,cycles:u,cycles,9560534.0,44.0,nan,,ok
1570.4408329999999,6672010.0,,branches:u,branches,13610673.0,62.0,nan,,ok
1570.4408329999999,359352.0,,branch-misses:u,branch-misses,15645226.0,72.0,5.39,of all branches,ok
1570.4408329999999,15507187.0,,L1-dcache-loads:u,l1-dcache-loads,15697686.0,72.0,nan,,ok
1570.4408329999999,1271052.0,,cache-references:u,cache-references,14598664.0,67.0,nan,,ok
1570.4408329999999,93582.0,,cache-misses:u,cache-misses,12112263.0,56.0,7.36,of all cache refs,ok
1570.4408329999999,7738767.0,,stalled-cycles-frontend:u,stalled-cycles-frontend,3452144.0,15.0,16.22,frontend cycles idle,ok
1580.940299,15640070.0,,instructions:u,instructions,6026518.0,37.0,0.45,insn per cycle,ok
1580.940299,nan,,,,nan,nan,0.89,stalled cycles per insn,unknown
1580.940299,34456792.0,,cycles:u,cycles,6049714.0,37.0,nan,,ok
1580.940299,3636295.0,,branches:u,branches,8250139.0,50.0,nan,,ok
1580.940299,272560.0,,branch-misses:u,branch-misses,10714650.0,66.0,7.5,of all branches,ok
1580.940299,8668361.0,,L1-dcache-loads:u,l1-dcache-loads,10635870.0,65.0,nan,,ok
1580.940299,1215254.0,,cache-references:u,cache-references,10202118.0,63.0,nan,,ok
1580.940299,93456.0,,cache-misses:u,cache-misses,10117704.0,62.0,7.69,of all cache refs,ok
1580.940299,13979285.0,,stalled-cycles-frontend:u,stalled-cycles-frontend,3979585.0,24.0,40.57,frontend cycles idle,ok
1591.4221340000001,19043591.0,,instructions:u,instructions,8455052.0,49.0,0.52,insn per cycle,ok
1591.4221340000001,nan,,,,nan,nan,0.74,stalled cycles per insn,unknown
1591.4221340000001,36342803.0,,cycles:u,cycles,6676001.0,39.0,nan,,ok
1591.4221340000001,3587005.0,,branches:u,branches,8048359.0,47.0,nan,,ok
1591.4221340000001,285377.0,,branch-misses:u,branch-misses,9147622.0,53.0,7.96,of all branches,ok
1591.4221340000001,9600560.0,,L1-dcache-loads:u,l1-dcache-loads,8176533.0,47.0,nan,,ok
1591.4221340000001,1165228.0,,cache-references:u,cache-references,8550084.0,50.0,nan,,ok
1591.4221340000001,84135.0,,cache-misses:u,cache-misses,10332172.0,60.0,7.22,of all cache refs,ok
1591.4221340000001,14004115.0,,stalled-cycles-frontend:u,stalled-cycles-frontend,6436121.0,37.0,38.53,frontend cycles idle,ok
1601.920386,18120047.0,,instructions:u,instructions,5249418.0,31.0,0.49,insn per cycle,ok
1601.920386,nan,,,,nan,nan,0.67,stalled cycles per insn,unknown
1601.920386,36777202.0,,cycles:u,cycles,6060425.0,35.0,nan,,ok
1601.920386,3502239.0,,branches:u,branches,9270817.0,54.0,nan,,ok
1601.920386,308786.0,,branch-misses:u,branch-misses,11783991.0,69.0,8.82,of all branches,ok
1601.920386,10501193.0,,L1-dcache-loads:u,l1-dcache-loads,11947972.0,70.0,nan,,ok
1601.920386,1248915.0,,cache-references:u,cache-references,11665177.0,69.0,nan,,ok
1601.920386,86055.0,,cache-misses:u,cache-misses,10851367.0,64.0,6.89,of all cache refs,ok
1601.920386,12127603.0,,stalled-cycles-frontend:u,stalled-cycles-frontend,3272692.0,19.0,32.98,frontend cycles idle,ok
1612.402736,17406407.0,,instructions:u,instructions,4025300.0,28.0,0.56,insn per cycle,ok
1612.402736,nan,,,,nan,nan,0.53,stalled cycles per insn,unknown
1612.402736,30983419.0,,cycles:u,cycles,5332166.0,37.0,nan,,ok
1612.402736,2892901.0,,branches:u,branches,7751700.0,55.0,nan,,ok
1612.402736,244116.0,,branch-misses:u,branch-misses,9872506.0,70.0,8.44,of all branches,ok
1612.402736,8523669.0,,L1-dcache-loads:u,l1-dcache-loads,11001702.0,78.0,nan,,ok
1612.402736,1037128.0,,cache-references:u,cache-references,10048055.0,71.0,nan,,ok
1612.402736,56831.0,,cache-misses:u,cache-misses,8741878.0,62.0,5.48,of all cache refs,ok
1612.402736,9300886.0,,stalled-cycles-frontend:u,stalled-cycles-frontend,2037976.0,14.0,30.02,frontend cycles idle,ok
1622.8948599999999,25286491.0,,instructions:u,instructions,7490533.0,39.0,0.6,insn per cycle,ok
1622.8948599999999,nan,,,,nan,nan,0.49,stalled cycles per insn,unknown
1622.8948599999999,42100151.0,,cycles:u,cycles,6497135.0,33.0,nan,,ok
1622.8948599999999,5109607.0,,branches:u,branches,8122285.0,42.0,nan,,ok
1622.8948599999999,367021.0,,branch-misses:u,branch-misses,10371680.0,54.0,7.18,of all branches,ok
1622.8948599999999,12727047.0,,L1-dcache-loads:u,l1-dcache-loads,10180577.0,53.0,nan,,ok
1622.8948599999999,1288145.0,,cache-references:u,cache-references,11663994.0,60.0,nan,,ok
1622.8948599999999,67950.0,,cache-misses:u,cache-misses,12659793.0,65.0,5.28,of all cache refs,ok
1622.8948599999999,12329605.0,,stalled-cycles-frontend:u,stalled-cycles-frontend,5547098.0,28.0,29.29,frontend cycles idle,ok
1633.3754940000001,19874078.0,,instructions:u,instructions,4518039.0,39.0,0.77,insn per cycle,ok
1633.3754940000001,nan,,,,nan,nan,0.2,stalled cycles per insn,unknown
1633.3754940000001,25757043.0,,cycles:u,cycles,5532421.0,48.0,nan,,ok
1633.3754940000001,3612267.0,,branches:u,branches,6532384.0,56.0,nan,,ok
1633.3754940000001,149294.0,,branch-misses:u,branch-misses,7556716.0,65.0,4.13,of all branches,ok
1633.3754940000001,8073642.0,,L1-dcache-loads:u,l1-dcache-loads,7083563.0,61.0,nan,,ok
1633.3754940000001,816700.0,,cache-references:u,cache-references,7032129.0,61.0,nan,,ok
1633.3754940000001,68555.0,,cache-misses:u,cache-misses,5983776.0,51.0,8.39,of all cache refs,ok
1633.3754940000001,4021067.0,,stalled-cycles-frontend:u,stalled-cycles-frontend,2458382.0,21.0,15.61,frontend cycles idle,ok
1643.8891680000002,15960590.0,,instructions:u,instructions,5941549.0,37.0,0.46,insn per cycle,ok
1643.8891680000002,nan,,,,nan,nan,0.69,stalled cycles per insn,unknown
1643.8891680000002,34757343.0,,cycles:u,cycles,6037960.0,38.0,nan,,ok
1643.8891680000002,3783620.0,,branches:u,branches,8799450.0,55.0,nan,,ok
1643.8891680000002,295022.0,,branch-misses:u,branch-misses,10756474.0,68.0,7.8,of all branches,ok
1643.8891680000002,11014487.0,,L1-dcache-loads:u,l1-dcache-loads,10247412.0,64.0,nan,,ok
1643.8891680000002,1296692.0,,cache-references:u,cache-references,9840377.0,62.0,nan,,ok
1643.8891680000002,100128.0,,cache-misses:u,cache-misses,9774826.0,61.0,7.72,of all cache refs,ok
1643.8891680000002,11054620.0,,stalled-cycles-frontend:u,stalled-cycles-frontend,3939150.0,24.0,31.81,frontend cycles idle,ok
1654.37172,12154928.0,,instructions:u,instructions,3966485.0,34.0,0.46,insn per cycle,ok
1654.37172,nan,,,,nan,nan,0.65,stalled cycles per insn,unknown
1654.37172,26335549.0,,cycles:u,cycles,3002514.0,25.0,nan,,ok
1654.37172,2707431.0,,branches:u,branches,4993051.0,43.0,nan,,ok
1654.37172,224851.0,,branch-misses:u,branch-misses,5993132.0,51.0,8.3,of all branches,ok
1654.37172,7520421.0,,L1-dcache-loads:u,l1-dcache-loads,6482365.0,55.0,nan,,ok
1654.37172,914305.0,,cache-references:u,cache-references,7557076.0,65.0,nan,,ok
1654.37172,75044.0,,cache-misses:u,cache-misses,8551920.0,73.0,8.21,of all cache refs,ok
1654.37172,7929552.0,,stalled-cycles-frontend:u,stalled-cycles-frontend,3039463.0,26.0,30.11,frontend cycles idle,ok
1664.872975,5955779.0,,instructions:u,instructions,3188376.0,41.0,0.5,insn per cycle,ok
1664.872975,nan,,,,nan,nan,0.95,stalled cycles per insn,unknown
1664.872975,11996586.0,,cycles:u,cycles,5477557.0,61.0,nan,,ok
1664.872975,931993.0,,branches:u,branches,7351108.0,74.0,nan,,ok
1664.872975,82146.0,,branch-misses:u,branch-misses,8367839.0,84.0,8.81,of all branches,ok
1664.872975,1721720.0,,L1-dcache-loads:u,l1-dcache-loads,8151701.0,81.0,nan,,ok
1664.872975,211339.0,,cache-references:u,cache-references,6931919.0,70.0,nan,,ok
1664.872975,22123.0,,cache-misses:u,cache-misses,4609786.0,50.0,10.47,of all cache refs,ok
1664.872975,5638551.0,,stalled-cycles-frontend:u,stalled-cycles-frontend,1338026.0,14.0,47.0,frontend cycles idle,ok
1675.327309,1687729.0,,instructions:u,instructions,3907802.0,61.0,0.54,insn per cycle,ok
1675.327309,3143925.0,,cycles:u,cycles,5518118.0,69.0,nan,,ok
1675.327309,346151.0,,branches:u,branches,7445323.0,82.0,nan,,ok
1675.327309,15644.0,,branch-misses:u,branch-misses,8450784.0,84.0,4.52,of all branches,ok
1675.327309,805834.0,,L1-dcache-loads:u,l1-dcache-loads,7854838.0,75.0,nan,,ok
1675.327309,41936.0,,cache-references:u,cache-references,6477704.0,62.0,nan,,ok
1675.327309,1945.0,,cache-misses:u,cache-misses,4867503.0,46.0,4.64,of all cache refs,ok
1675.327309,0.0,,stalled-cycles-frontend:u,stalled-cycles-frontend,2006435.0,20.0,nan,,ok
1685.78194,53670.0,,instructions:u,instructions,486027.0,8.0,0.01,insn per cycle,ok
1685.78194,nan,,,,nan,nan,9.84,stalled cycles per insn,unknown
1685.78194,5313629.0,,cycles:u,cycles,311509.0,5.0,nan,,ok
1685.78194,66346.0,,branches:u,branches,1820142.0,57.0,nan,,ok
1685.78194,20632.0,,branch-misses:u,branch-misses,4258889.0,91.0,31.1,of all branches,ok
1685.78194,1901164.0,,L1-dcache-loads:u,l1-dcache-loads,6641288.0,100.0,nan,,ok
1685.78194,112921.0,,cache-references:u,cache-references,7992749.0,100.0,nan,,ok
1685.78194,12658.0,,cache-misses:u,cache-misses,8167405.0,96.0,11.21,of all cache refs,ok
1685.78194,527910.0,,stalled-cycles-frontend:u,stalled-cycles-frontend,486027.0,6.0,9.94,frontend cycles idle,ok
1696.234874,945122.0,,instructions:u,instructions,2278898.0,35.0,0.37,insn per cycle,ok
1696.234874,nan,,,,nan,nan,1.5,stalled cycles per insn,unknown
1696.234874,2588224.0,,cycles:u,cycles,1615361.0,24.0,nan,,ok
1696.234874,187486.0,,branches:u,branches,1622148.0,24.0,nan,,ok
1696.234874,12776.0,,branch-misses:u,branch-misses,1628388.0,25.0,6.81,of all branches,ok
1696.234874,1146729.0,,L1-dcache-loads:u,l1-dcache-loads,2512637.0,39.0,nan,,ok
1696.234874,78769.0,,cache-references:u,cache-references,4180251.0,74.0,nan,,ok
1696.234874,12010.0,,cache-misses:u,cache-misses,4844355.0,78.0,15.25,of all cache refs,ok
1696.234874,1414413.0,,stalled-cycles-frontend:u,stalled-cycles-frontend,1380415.0,21.0,54.65,frontend cycles idle,ok
1706.7244580000001,374920.0,,instructions:u,instructions,1773458.0,32.0,0.16,insn per cycle,ok
1706.7244580000001,2315269.0,,cycles:u,cycles,4043246.0,60.0,nan,,ok
1706.7244580000001,190815.0,,branches:u,branches,6226029.0,83.0,nan,,ok
1706.7244580000001,20446.0,,branch-misses:u,branch-misses,8224763.0,97.0,10.72,of all branches,ok
1706.7244580000001,562161.0,,L1-dcache-loads:u,l1-dcache-loads,8524439.0,100.0,nan,,ok
1706.7244580000001,89613.0,,cache-references:u,cache-references,6779698.0,79.0,nan,,ok
1706.7244580000001,14363.0,,cache-misses:u,cache-misses,4502477.0,53.0,16.03,of all cache refs,ok
1706.7244580000001,nan,,stalled-cycles-frontend:u,stalled-cycles-frontend,0.0,0.0,nan,,ok
1717.141721,1193199.0,,instructions:u,instructions,3694446.0,41.0,0.38,insn per cycle,ok
1717.141721,nan,,,,nan,nan,1.58,stalled cycles per insn,unknown
1717.141721,3121082.0,,cycles:u,cycles,1242573.0,14.0,nan,,ok
1717.141721,373238.0,,branches:u,branches,1543557.0,19.0,nan,,ok
1717.141721,25554.0,,branch-misses:u,branch-misses,3081328.0,36.0,6.85,of all branches,ok
1717.141721,773266.0,,L1-dcache-loads:u,l1-dcache-loads,4139788.0,46.0,nan,,ok
1717.141721,95516.0,,cache-references:u,cache-references,6396603.0,79.0,nan,,ok
1717.141721,15288.0,,cache-misses:u,cache-misses,8856100.0,91.0,16.01,of all cache refs,ok
1717.141721,1881560.0,,stalled-cycles-frontend:u,stalled-cycles-frontend,3734022.0,39.0,60.29,frontend cycles idle,ok
1727.634283,2421592.0,,instructions:u,instructions,6631009.0,100.0,0.53,insn per cycle,ok
1727.634283,nan,,,,nan,nan,0.57,stalled cycles per insn,unknown
1727.634283,4576954.0,,cycles:u,cycles,5926573.0,80.0,nan,,ok
1727.634283,542114.0,,branches:u,branches,5926173.0,80.0,nan,,ok
1727.634283,31200.0,,branch-misses:u,branch-misses,5925923.0,80.0,5.76,of all branches,ok
1727.634283,897195.0,,L1-dcache-loads:u,l1-dcache-loads,2696696.0,36.0,nan,,ok
1727.634283,49311.0,,cache-references:u,cache-references,710404.0,9.0,nan,,ok
1727.634283,25509.0,,cache-misses:u,cache-misses,1414781.0,20.0,51.73,of all cache refs,ok
1727.634283,1392399.0,,stalled-cycles-frontend:u,stalled-cycles-frontend,4642715.0,100.0,30.42,frontend cycles idle,ok
1738.1001899999999,1201905.0,,instructions:u,instructions,3805484.0,34.0,0.27,insn per cycle,ok
1738.1001899999999,nan,,,,nan,nan,2.38,stalled cycles per insn,unknown
1738.1001899999999,4429966.0,,cycles:u,cycles,6585895.0,55.0,nan,,ok
1738.1001899999999,287877.0,,branches:u,branches,9006839.0,71.0,nan,,ok
1738.1001899999999,26992.0,,branch-misses:u,branch-misses,10723809.0,85.0,9.38,of all branches,ok
1738.1001899999999,743363.0,,L1-dcache-loads:u,l1-dcache-loads,10474801.0,83.0,nan,,ok
1738.1001899999999,123679.0,,cache-references:u,cache-references,8802674.0,73.0,nan,,ok
1738.1001899999999,14355.0,,cache-misses:u,cache-misses,6014698.0,51.0,11.61,of all cache refs,ok
1738.1001899999999,2854894.0,,stalled-cycles-frontend:u,stalled-cycles-frontend,1984368.0,16.0,64.45,frontend cycles idle,ok
1748.570317,nan,,instructions:u,instructions,0.0,0.0,nan,,ok
1748.570317,nan,,cycles:u,cycles,0.0,0.0,nan,,ok
1748.570317,nan,,branches:u,branches,0.0,0.0,nan,,ok
1748.570317,nan,,branch-misses:u,branch-misses,0.0,0.0,nan,,ok
1748.570317,8849.0,,L1-dcache-loads:u,l1-dcache-loads,444906.0,25.0,nan,,ok
1748.570317,5371.0,,cache-references:u,cache-references,1748264.0,100.0,nan,,ok
1748.570317,353.0,,cache-misses:u,cache-misses,1748264.0,100.0,6.57,of all cache refs,ok
1748.570317,nan,,stalled-cycles-frontend:u,stalled-cycles-frontend,0.0,0.0,nan,,ok
1758.960991,7872.0,,instructions:u,instructions,899468.0,47.0,0.08,insn per cycle,ok
1758.960991,nan,,,,nan,nan,8.66,stalled cycles per insn,unknown
1758.960991,97896.0,,cycles:u,cycles,419271.0,22.0,nan,,ok
1758.960991,2209.0,,branches:u,branches,419271.0,22.0,nan,,ok
1758.960991,560.0,,branch-misses:u,branch-misses,419271.0,22.0,25.35,of all branches,ok
1758.960991,nan,,L1-dcache-loads:u,l1-dcache-loads,0.0,0.0,nan,,ok
1758.960991,5383.0,,cache-references:u,cache-references,979235.0,52.0,nan,,ok
1758.960991,48.0,,cache-misses:u,cache-misses,1459432.0,77.0,0.89,of all cache refs,ok
1758.960991,68170.0,,stalled-cycles-frontend:u,stalled-cycles-frontend,899468.0,47.0,69.64,frontend cycles idle,ok
1769.4051829999999,8585.0,,instructions:u,instructions,1640045.0,69.0,0.09,insn per cycle,ok
1769.4051829999999,99916.0,,cycles:u,cycles,2374496.0,100.0,nan,,ok
1769.4051829999999,2179.0,,branches:u,branches,2374496.0,100.0,nan,,ok
1769.4051829999999,533.0,,branch-misses:u,branch-misses,2374496.0,100.0,24.46,of all branches,ok
1769.4051829999999,6696.0,,L1-dcache-loads:u,l1-dcache-loads,2284668.0,96.0,nan,,ok
1769.4051829999999,5848.0,,cache-references:u,cache-references,734451.0,30.0,nan,,ok
1769.4051829999999,nan,,cache-misses:u,cache-misses,0.0,0.0,nan,,ok
1769.4051829999999,0.0,,stalled-cycles-frontend:u,stalled-cycles-frontend,89828.0,3.0,nan,,ok
1779.828962,nan,,instructions:u,instructions,0.0,0.0,nan,,ok
1779.828962,968829.0,,cycles:u,cycles,2406570.0,61.0,nan,,ok
1779.828962,47517.0,,branches:u,branches,5250928.0,92.0,nan,,ok
1779.828962,5302.0,,branch-misses:u,branch-misses,5683917.0,100.0,11.16,of all branches,ok
1779.828962,96450.0,,L1-dcache-loads:u,l1-dcache-loads,5690872.0,100.0,nan,,ok
1779.828962,30514.0,,cache-references:u,cache-references,6037367.0,100.0,nan,,ok
1779.828962,5894.0,,cache-misses:u,cache-misses,3636958.0,60.0,19.32,of all cache refs,ok
1779.828962,nan,,stalled-cycles-frontend:u,stalled-cycles-frontend,0.0,0.0,nan,,ok
1790.25125,436961.0,,instructions:u,instructions,1529803.0,18.0,nan,,ok
1790.25125,nan,,,,nan,nan,2.09,stalled cycles per insn,unknown
1790.25125,nan,,cycles:u,cycles,0.0,0.0,nan,,ok
1790.25125,5341.0,,branches:u,branches,1179610.0,83.0,nan,,ok
1790.25125,4952.0,,branch-misses:u,branch-misses,3750257.0,100.0,92.72,of all branches,ok
1790.25125,371021.0,,L1-dcache-loads:u,l1-dcache-loads,6127259.0,100.0,nan,,ok
1790.25125,88050.0,,cache-references:u,cache-references,8439558.0,100.0,nan,,ok
1790.25125,13192.0,,cache-misses:u,cache-misses,9970503.0,100.0,14.98,of all cache refs,ok
1790.25125,914056.0,,stalled-cycles-frontend:u,stalled-cycles-frontend,1529803.0,15.0,nan,,ok
1800.723575,2045389.0,,instructions:u,instructions,8895430.0,70.0,0.39,insn per cycle,ok
1800.723575,nan,,,,nan,nan,1.07,stalled cycles per insn,unknown
1800.723575,5267241.0,,cycles:u,cycles,5452735.0,44.0,nan,,ok
1800.723575,527304.0,,branches:u,branches,5473568.0,46.0,nan,,ok
1800.723575,38505.0,,branch-misses:u,branch-misses,5642995.0,48.0,7.3,of all branches,ok
1800.723575,1584637.0,,L1-dcache-loads:u,l1-dcache-loads,3264016.0,28.0,nan,,ok
1800.723575,97479.0,,cache-references:u,cache-references,3758405.0,39.0,nan,,ok
1800.723575,15442.0,,cache-misses:u,cache-misses,7116018.0,62.0,15.84,of all cache refs,ok
1800.723575,2179423.0,,stalled-cycles-frontend:u,stalled-cycles-frontend,6883512.0,54.0,41.38,frontend cycles idle,ok
1811.207615,1416196.0,,instructions:u,instructions,2347554.0,29.0,0.51,insn per cycle,ok
1811.207615,nan,,,,nan,nan,1.6,stalled cycles per insn,unknown
1811.207615,2762061.0,,cycles:u,cycles,2333440.0,29.0,nan,,ok
1811.207615,601280.0,,branches:u,branches,3840548.0,48.0,nan,,ok
1811.207615,42753.0,,branch-misses:u,branch-misses,4824411.0,61.0,7.11,of all branches,ok
1811.207615,1278513.0,,L1-dcache-loads:u,l1-dcache-loads,4604866.0,59.0,nan,,ok
1811.207615,126854.0,,cache-references:u,cache-references,5438560.0,69.0,nan,,ok
1811.207615,11689.0,,cache-misses:u,cache-misses,5530453.0,71.0,9.21,of all cache refs,ok
1811.207615,2259385.0,,stalled-cycles-frontend:u,stalled-cycles-frontend,2198879.0,28.0,81.8,frontend cycles idle,ok
1821.6664680000001,80362.0,,instructions:u,instructions,216374.0,12.0,0.41,insn per cycle,ok
1821.6664680000001,194582.0,,cycles:u,cycles,934515.0,52.0,nan,,ok
1821.6664680000001,12504.0,,branches:u,branches,1639674.0,91.0,nan,,ok
1821.6664680000001,1400.0,,branch-misses:u,branch-misses,1794289.0,100.0,11.2,of all branches,ok
1821.6664680000001,19077.0,,L1-dcache-loads:u,l1-dcache-loads,1794289.0,100.0,nan,,ok
1821.6664680000001,7341.0,,cache-references:u,cache-references,1577915.0,87.0,nan,,ok
1821.6664680000001,2180.0,,cache-misses:u,cache-misses,859774.0,47.0,29.7,of all cache refs,ok
1821.6664680000001,nan,,stalled-cycles-frontend:u,stalled-cycles-frontend,0.0,0.0,nan,,ok
1832.088386,nan,,instructions:u,instructions,0.0,0.0,nan,,ok
1832.088386,nan,,cycles:u,cycles,0.0,0.0,nan,,ok
1832.088386,3994.0,,branches:u,branches,179593.0,9.0,nan,,ok
1832.088386,1840.0,,branch-misses:u,branch-misses,649633.0,32.0,46.07,of all branches,ok
1832.088386,19707.0,,L1-dcache-loads:u,l1-dcache-loads,872154.0,43.0,nan,,ok
1832.088386,9050.0,,cache-references:u,cache-references,2018981.0,100.0,nan,,ok
1832.088386,1938.0,,cache-misses:u,cache-misses,2050610.0,100.0,21.41,of all cache refs,ok
1832.088386,nan,,stalled-cycles-frontend:u,stalled-cycles-frontend,0.0,0.0,nan,,ok
1842.471736,46920.0,,instructions:u,instructions,979053.0,49.0,0.19,insn per cycle,ok
1842.471736,nan,,,,nan,nan,2.65,stalled cycles per insn,unknown
1842.471736,252372.0,,cycles:u,cycles,600254.0,30.0,nan,,ok
1842.471736,12177.0,,branches:u,branches,787697.0,39.0,nan,,ok
1842.471736,1585.0,,branch-misses:u,branch-misses,794171.0,39.0,13.02,of all branches,ok
1842.471736,8807.0,,L1-dcache-loads:u,l1-dcache-loads,261794.0,13.0,nan,,ok
1842.471736,7219.0,,cache-references:u,cache-references,975649.0,49.0,nan,,ok
1842.471736,312.0,,cache-misses:u,cache-misses,1330530.0,67.0,4.32,of all cache refs,ok
1842.471736,124149.0,,stalled-cycles-frontend:u,stalled-cycles-frontend,924915.0,47.0,49.19,frontend cycles idle,ok
1852.937506,40047.0,,instructions:u,instructions,1959284.0,83.0,0.17,insn per cycle,ok
1852.937506,231703.0,,cycles:u,cycles,2219572.0,94.0,nan,,ok
1852.937506,7417.0,,branches:u,branches,2334900.0,100.0,nan,,ok
1852.937506,1214.0,,branch-misses:u,branch-misses,2328426.0,100.0,16.37,of all branches,ok
1852.937506,15630.0,,L1-dcache-loads:u,l1-dcache-loads,2322398.0,100.0,nan,,ok
1852.937506,7061.0,,cache-references:u,cache-references,390588.0,16.0,nan,,ok
1852.937506,1302.0,,cache-misses:u,cache-misses,122589.0,5.0,18.44,of all cache refs,ok
1852.937506,nan,,stalled-cycles-frontend:u,stalled-cycles-frontend,0.0,0.0,nan,,ok
1863.349465,nan,,instructions:u,instructions,0.0,0.0,nan,,ok
1863.349465,189373.0,,cycles:u,cycles,925052.0,53.0,nan,,ok
1863.349465,6017.0,,branches:u,branches,1731461.0,100.0,nan,,ok
1863.349465,915.0,,branch-misses:u,branch-misses,1731461.0,100.0,15.21,of all branches,ok
1863.349465,11899.0,,L1-dcache-loads:u,l1-dcache-loads,1731461.0,100.0,nan,,ok
1863.349465,6312.0,,cache-references:u,cache-references,1731461.0,100.0,nan,,ok
1863.349465,171.0,,cache-misses:u,cache-misses,806409.0,46.0,2.71,of all cache refs,ok
1863.349465,nan,,stalled-cycles-frontend:u,stalled-cycles-frontend,0.0,0.0,nan,,ok
1873.778057,nan,,instructions:u,instructions,0.0,0.0,nan,,ok
1873.778057,nan,,cycles:u,cycles,0.0,0.0,nan,,ok
1873.778057,7957.0,,branches:u,branches,1849092.0,100.0,nan,,ok
1873.778057,1161.0,,branch-misses:u,branch-misses,1849092.0,100.0,14.59,of all branches,ok
1873.778057,15344.0,,L1-dcache-loads:u,l1-dcache-loads,1849092.0,100.0,nan,,ok
1873.778057,7729.0,,cache-references:u,cache-references,1849092.0,100.0,nan,,ok
1873.778057,1814.0,,cache-misses:u,cache-misses,1849092.0,100.0,23.47,of all cache refs,ok
1873.778057,nan,,stalled-cycles-frontend:u,stalled-cycles-frontend,0.0,0.0,nan,,ok
1884.183419,nan,,instructions:u,instructions,0.0,0.0,nan,,ok
1884.183419,nan,,cycles:u,cycles,0.0,0.0,nan,,ok
1884.183419,7788.0,,branches:u,branches,980367.0,48.0,nan,,ok
1884.183419,1202.0,,branch-misses:u,branch-misses,2039292.0,100.0,15.43,of all branches,ok
1884.183419,16137.0,,L1-dcache-loads:u,l1-dcache-loads,2039292.0,100.0,nan,,ok
1884.183419,7971.0,,cache-references:u,cache-references,2039292.0,100.0,nan,,ok
1884.183419,1150.0,,cache-misses:u,cache-misses,2039292.0,100.0,14.43,of all cache refs,ok
1884.183419,nan,,stalled-cycles-frontend:u,stalled-cycles-frontend,0.0,0.0,nan,,ok
1894.608618,nan,,instructions:u,instructions,0.0,0.0,nan,,ok
1894.608618,nan,,cycles:u,cycles,0.0,0.0,nan,,ok
1894.608618,3860.0,,branches:u,branches,111651.0,6.0,nan,,ok
1894.608618,938.0,,branch-misses:u,branch-misses,201006.0,11.0,24.3,of all branches,ok
1894.608618,12022.0,,L1-dcache-loads:u,l1-dcache-loads,1795917.0,100.0,nan,,ok
1894.608618,6557.0,,cache-references:u,cache-references,1795917.0,100.0,nan,,ok
1894.608618,1846.0,,cache-misses:u,cache-misses,1795917.0,100.0,28.15,of all cache refs,ok
1894.608618,nan,,stalled-cycles-frontend:u,stalled-cycles-frontend,0.0,0.0,nan,,ok
1905.010699,562879.0,,instructions:u,instructions,4127114.0,80.0,0.23,insn per cycle,ok
1905.010699,nan,,,,nan,nan,4.38,stalled cycles per insn,unknown
1905.010699,2493772.0,,cycles:u,cycles,4812519.0,82.0,nan,,ok
1905.010699,193585.0,,branches:u,branches,7047368.0,97.0,nan,,ok
1905.010699,14967.0,,branch-misses:u,branch-misses,7587437.0,97.0,7.73,of all branches,ok
1905.010699,314701.0,,L1-dcache-loads:u,l1-dcache-loads,6823677.0,83.0,nan,,ok
1905.010699,59600.0,,cache-references:u,cache-references,4944036.0,60.0,nan,,ok
1905.010699,9669.0,,cache-misses:u,cache-misses,4278413.0,53.0,16.22,of all cache refs,ok
1905.010699,2463940.0,,stalled-cycles-frontend:u,stalled-cycles-frontend,1370896.0,20.0,98.8,frontend cycles idle,ok
1915.524124,2196218.0,,instructions:u,instructions,1689396.0,15.0,0.52,insn per cycle,ok
1915.524124,nan,,,,nan,nan,1.42,stalled cycles per insn,unknown
1915.524124,4263684.0,,cycles:u,cycles,690555.0,6.0,nan,,ok
1915.524124,208855.0,,branches:u,branches,3911641.0,33.0,nan,,ok
1915.524124,12227.0,,branch-misses:u,branch-misses,7332946.0,57.0,5.85,of all branches,ok
1915.524124,486745.0,,L1-dcache-loads:u,l1-dcache-loads,10255425.0,75.0,nan,,ok
1915.524124,120210.0,,cache-references:u,cache-references,13156699.0,88.0,nan,,ok
1915.524124,18546.0,,cache-misses:u,cache-misses,14135758.0,95.0,15.43,of all cache refs,ok
1915.524124,3109127.0,,stalled-cycles-frontend:u,stalled-cycles-frontend,1645530.0,11.0,72.92,frontend cycles idle,ok
1925.984881,nan,,instructions:u,instructions,0.0,100.0,nan,,ok
1925.984881,nan,,cycles:u,cycles,0.0,100.0,nan,,ok
1925.984881,nan,,branches:u,branches,0.0,100.0,nan,,ok
1925.984881,nan,,branch-misses:u,branch-misses,0.0,100.0,nan,,ok
1925.984881,nan,,L1-dcache-loads:u,l1-dcache-loads,0.0,100.0,nan,,ok
1925.984881,nan,,cache-references:u,cache-references,0.0,100.0,nan,,ok
1925.984881,nan,,cache-misses:u,cache-misses,0.0,100.0,nan,,ok
1925.984881,nan,,stalled-cycles-frontend:u,stalled-cycles-frontend,0.0,100.0,nan,,ok
1936.361889,2028941.0,,instructions:u,instructions,2188821.0,46.0,1.2,insn per cycle,ok
1936.361889,nan,,,,nan,nan,0.66,stalled cycles per insn,unknown
1936.361889,1684631.0,,cycles:u,cycles,1121891.0,23.0,nan,,ok
1936.361889,110910.0,,branches:u,branches,1121891.0,23.0,nan,,ok
1936.361889,11542.0,,branch-misses:u,branch-misses,1561080.0,33.0,10.41,of all branches,ok
1936.361889,623561.0,,L1-dcache-loads:u,l1-dcache-loads,1536743.0,32.0,nan,,ok
1936.361889,63077.0,,cache-references:u,cache-references,2521919.0,53.0,nan,,ok
1936.361889,10814.0,,cache-misses:u,cache-misses,3588849.0,76.0,17.14,of all cache refs,ok
1936.361889,1344567.0,,stalled-cycles-frontend:u,stalled-cycles-frontend,2098127.0,44.0,79.81,frontend cycles idle,ok
1946.855663,663985.0,,instructions:u,instructions,540841.0,29.0,0.77,insn per cycle,ok
1946.855663,nan,,,,nan,nan,0.57,stalled cycles per insn,unknown
1946.855663,858155.0,,cycles:u,cycles,974738.0,53.0,nan,,ok
1946.855663,176924.0,,branches:u,branches,1588338.0,87.0,nan,,ok
1946.855663,5029.0,,branch-misses:u,branch-misses,1825492.0,100.0,2.84,of all branches,ok
1946.855663,363172.0,,L1-dcache-loads:u,l1-dcache-loads,1693401.0,92.0,nan,,ok
1946.855663,21911.0,,cache-references:u,cache-references,1284651.0,70.0,nan,,ok
1946.855663,3508.0,,cache-misses:u,cache-misses,850754.0,46.0,16.01,of all cache refs,ok
1946.855663,379979.0,,stalled-cycles-frontend:u,stalled-cycles-frontend,132091.0,7.0,44.28,frontend cycles idle,ok
1957.31153,18880423.0,,instructions:u,instructions,2892855.0,46.0,1.28,insn per cycle,ok
1957.31153,nan,,,,nan,nan,0.03,stalled cycles per insn,unknown
1957.31153,14721142.0,,cycles:u,cycles,1907171.0,30.0,nan,,ok
1957.31153,2036792.0,,branches:u,branches,1915229.0,30.0,nan,,ok
1957.31153,44219.0,,branch-misses:u,branch-misses,2414378.0,38.0,2.17,of all branches,ok
1957.31153,6096912.0,,L1-dcache-loads:u,l1-dcache-loads,3320763.0,52.0,nan,,ok
1957.31153,64224.0,,cache-references:u,cache-references,3391069.0,53.0,nan,,ok
1957.31153,5277.0,,cache-misses:u,cache-misses,4385406.0,69.0,8.22,of all cache refs,ok
1957.31153,498563.0,,stalled-cycles-frontend:u,stalled-cycles-frontend,1994123.0,31.0,3.39,frontend cycles idle,ok
1967.801567,11036778.0,,instructions:u,instructions,104011.0,2.0,0.98,insn per cycle,ok
1967.801567,11215190.0,,cycles:u,cycles,1096302.0,22.0,nan,,ok
1967.801567,1579876.0,,branches:u,branches,2087107.0,42.0,nan,,ok
1967.801567,20403.0,,branch-misses:u,branch-misses,4526846.0,91.0,1.29,of all branches,ok
1967.801567,6146456.0,,L1-dcache-loads:u,l1-dcache-loads,4931243.0,100.0,nan,,ok
1967.801567,31926.0,,cache-references:u,cache-references,4866419.0,98.0,nan,,ok
1967.801567,3806.0,,cache-misses:u,cache-misses,3872909.0,78.0,11.92,of all cache refs,ok
1967.801567,nan,,stalled-cycles-frontend:u,stalled-cycles-frontend,0.0,0.0,nan,,ok
1978.228042,11027315.0,,instructions:u,instructions,2818863.0,62.0,1.1,insn per cycle,ok
1978.228042,nan,,,,nan,nan,0.02,stalled cycles per insn,unknown
1978.228042,9991112.0,,cycles:u,cycles,1832614.0,40.0,nan,,ok
1978.228042,1132714.0,,branches:u,branches,1840407.0,40.0,nan,,ok
1978.228042,30548.0,,branch-misses:u,branch-misses,1848242.0,40.0,2.7,of all branches,ok
1978.228042,5841310.0,,L1-dcache-loads:u,l1-dcache-loads,1792907.0,39.0,nan,,ok
1978.228042,47758.0,,cache-references:u,cache-references,1653653.0,36.0,nan,,ok
1978.228042,3906.0,,cache-misses:u,cache-misses,2641130.0,58.0,8.18,of all cache refs,ok
1978.228042,274090.0,,stalled-cycles-frontend:u,stalled-cycles-frontend,2004793.0,44.0,2.74,frontend cycles idle,ok
1988.716946,13155112.0,,instructions:u,instructions,188143.0,3.0,1.18,insn per cycle,ok
1988.716946,11109244.0,,cycles:u,cycles,1172720.0,24.0,nan,,ok
1988.716946,1554739.0,,branches:u,branches,2163299.0,44.0,nan,,ok
1988.716946,40972.0,,branch-misses:u,branch-misses,3155039.0,64.0,2.64,of all branches,ok
1988.716946,7251754.0,,L1-dcache-loads:u,l1-dcache-loads,4876107.0,100.0,nan,,ok
1988.716946,14969.0,,cache-references:u,cache-references,4727400.0,96.0,nan,,ok
1988.716946,3113.0,,cache-misses:u,cache-misses,3746115.0,76.0,20.8,of all cache refs,ok
1988.716946,nan,,stalled-cycles-frontend:u,stalled-cycles-frontend,0.0,0.0,nan,,ok
1999.149824,6635037.0,,instructions:u,instructions,1489688.0,36.0,0.79,insn per cycle,ok
1999.149824,nan,,,,nan,nan,0.07,stalled cycles per insn,unknown
1999.149824,8415473.0,,cycles:u,cycles,1036641.0,25.0,nan,,ok
1999.149824,770224.0,,branches:u,branches,1044472.0,25.0,nan,,ok
1999.149824,2138.0,,branch-misses:u,branch-misses,1052213.0,25.0,0.28,of all branches,ok
1999.149824,6483487.0,,L1-dcache-loads:u,l1-dcache-loads,2033186.0,49.0,nan,,ok
1999.149824,37902.0,,cache-references:u,cache-references,2608357.0,63.0,nan,,ok
1999.149824,5412.0,,cache-misses:u,cache-misses,3058065.0,74.0,14.28,of all cache refs,ok
1999.149824,486554.0,,stalled-cycles-frontend:u,stalled-cycles-frontend,750192.0,18.0,5.78,frontend cycles idle,ok
2009.6489800000002,7183661.0,,instructions:u,instructions,1279486.0,20.0,0.5,insn per cycle,ok
2009.6489800000002,nan,,,,nan,nan,0.06,stalled cycles per insn,unknown
2009.6489800000002,14446257.0,,cycles:u,cycles,1248299.0,19.0,nan,,ok
2009.6489800000002,1791552.0,,branches:u,branches,2248469.0,35.0,nan,,ok
2009.6489800000002,44503.0,,branch-misses:u,branch-misses,3231649.0,51.0,2.48,of all branches,ok
2009.6489800000002,11773963.0,,L1-dcache-loads:u,l1-dcache-loads,4223254.0,67.0,nan,,ok
2009.6489800000002,11407.0,,cache-references:u,cache-references,4995321.0,80.0,nan,,ok
2009.6489800000002,1678.0,,cache-misses:u,cache-misses,5017893.0,80.0,14.71,of all cache refs,ok
2009.6489800000002,438934.0,,stalled-cycles-frontend:u,stalled-cycles-frontend,1012003.0,16.0,3.04,frontend cycles idle,ok
2020.0988729999997,4170601.0,,instructions:u,instructions,3074249.0,100.0,0.97,insn per cycle,ok
2020.0988729999997,nan,,,,nan,nan,0.06,stalled cycles per insn,unknown
2020.0988729999997,4321142.0,,cycles:u,cycles,2822059.0,91.0,nan,,ok
2020.0988729999997,392048.0,,branches:u,branches,2830048.0,91.0,nan,,ok
2020.0988729999997,1696.0,,branch-misses:u,branch-misses,2838048.0,91.0,0.43,of all branches,ok
2020.0988729999997,2629421.0,,L1-dcache-loads:u,l1-dcache-loads,1843233.0,59.0,nan,,ok
2020.0988729999997,nan,,cache-references:u,cache-references,0.0,0.0,nan,,ok
2020.0988729999997,21809.0,,cache-misses:u,cache-misses,261061.0,8.0,nan,,ok
2020.0988729999997,256083.0,,stalled-cycles-frontend:u,stalled-cycles-frontend,1263215.0,40.0,5.93,frontend cycles idle,ok
2030.5861630000002,13582606.0,,instructions:u,instructions,2072676.0,29.0,1.26,insn per cycle,ok
2030.5861630000002,nan,,,,nan,nan,0.03,stalled cycles per insn,unknown
2030.5861630000002,10796041.0,,cycles:u,cycles,2057075.0,29.0,nan,,ok
2030.5861630000002,1362699.0,,branches:u,branches,3044668.0,43.0,nan,,ok
2030.5861630000002,27524.0,,branch-misses:u,branch-misses,4034068.0,57.0,2.02,of all branches,ok
2030.5861630000002,13664640.0,,L1-dcache-loads:u,l1-dcache-loads,4317163.0,61.0,nan,,ok
2030.5861630000002,18854.0,,cache-references:u,cache-references,4987710.0,71.0,nan,,ok
2030.5861630000002,226.0,,cache-misses:u,cache-misses,4994440.0,71.0,1.2,of all cache refs,ok
2030.5861630000002,443916.0,,stalled-cycles-frontend:u,stalled-cycles-frontend,1717978.0,24.0,4.11,frontend cycles idle,ok
2041.036349,42499153.0,,instructions:u,instructions,6361792.0,35.0,1.14,insn per cycle,ok
2041.036349,nan,,,,nan,nan,0.02,stalled cycles per insn,unknown
2041.036349,37125311.0,,cycles:u,cycles,7456411.0,41.0,nan,,ok
2041.036349,1740960.0,,branches:u,branches,10780577.0,56.0,nan,,ok
2041.036349,40171.0,,branch-misses:u,branch-misses,14498342.0,73.0,2.31,of all branches,ok
2041.036349,31049758.0,,L1-dcache-loads:u,l1-dcache-loads,14627163.0,73.0,nan,,ok
2041.036349,55342.0,,cache-references:u,cache-references,13461899.0,67.0,nan,,ok
2041.036349,4789.0,,cache-misses:u,cache-misses,12375847.0,62.0,8.65,of all cache refs,ok
2041.036349,692389.0,,stalled-cycles-frontend:u,stalled-cycles-frontend,3737093.0,19.0,1.87,frontend cycles idle,ok
2051.562998,100527841.0,,instructions:u,instructions,15689330.0,39.0,1.17,insn per cycle,ok
2051.562998,nan,,,,nan,nan,0.0,stalled cycles per insn,unknown
2051.562998,86155800.0,,cycles:u,cycles,18289914.0,45.0,nan,,ok
2051.562998,5905502.0,,branches:u,branches,23556274.0,58.0,nan,,ok
2051.562998,3387.0,,branch-misses:u,branch-misses,27576798.0,68.0,0.06,of all branches,ok
2051.562998,61905934.0,,L1-dcache-loads:u,l1-dcache-loads,26532361.0,66.0,nan,,ok
2051.562998,54399.0,,cache-references:u,cache-references,24368606.0,60.0,nan,,ok
2051.562998,4026.0,,cache-misses:u,cache-misses,21816355.0,54.0,7.4,of all cache refs,ok
2051.562998,388368.0,,stalled-cycles-frontend:u,stalled-cycles-frontend,9455681.0,23.0,0.45,frontend cycles idle,ok
2062.080762,103786588.0,,instructions:u,instructions,15917566.0,38.0,1.14,insn per cycle,ok
2062.080762,nan,,,,nan,nan,0.01,stalled cycles per insn,unknown
2062.080762,90886918.0,,cycles:u,cycles,14326422.0,34.0,nan,,ok
2062.080762,5225040.0,,branches:u,branches,19575603.0,47.0,nan,,ok
2062.080762,42473.0,,branch-misses:u,branch-misses,24598990.0,59.0,0.81,of all branches,ok
2062.080762,65629612.0,,L1-dcache-loads:u,l1-dcache-loads,24191646.0,58.0,nan,,ok
2062.080762,49208.0,,cache-references:u,cache-references,25173435.0,61.0,nan,,ok
2062.080762,2745.0,,cache-misses:u,cache-misses,26757707.0,65.0,5.58,of all cache refs,ok
2062.080762,678294.0,,stalled-cycles-frontend:u,stalled-cycles-frontend,11288160.0,27.0,0.75,frontend cycles idle,ok
2072.624575,98908631.0,,instructions:u,instructions,13839937.0,34.0,1.15,insn per cycle,ok
2072.624575,nan,,,,nan,nan,0.01,stalled cycles per insn,unknown
2072.624575,85922762.0,,cycles:u,cycles,15810685.0,39.0,nan,,ok
2072.624575,5417792.0,,branches:u,branches,21785635.0,54.0,nan,,ok
2072.624575,27582.0,,branch-misses:u,branch-misses,26874553.0,66.0,0.51,of all branches,ok
2072.624575,62536608.0,,L1-dcache-loads:u,l1-dcache-loads,26626447.0,66.0,nan,,ok
2072.624575,45287.0,,cache-references:u,cache-references,26541600.0,65.0,nan,,ok
2072.624575,8615.0,,cache-misses:u,cache-misses,24575037.0,60.0,19.02,of all cache refs,ok
2072.624575,511149.0,,stalled-cycles-frontend:u,stalled-cycles-frontend,8439866.0,20.0,0.59,frontend cycles idle,ok
2083.14209,97420316.0,,instructions:u,instructions,14340326.0,35.0,1.14,insn per cycle,ok
2083.14209,nan,,,,nan,nan,0.01,stalled cycles per insn,unknown
2083.14209,85690128.0,,cycles:u,cycles,13419327.0,33.0,nan,,ok
2083.14209,5207636.0,,branches:u,branches,18315769.0,45.0,nan,,ok
2083.14209,42691.0,,branch-misses:u,branch-misses,24052650.0,59.0,0.82,of all branches,ok
2083.14209,63119730.0,,L1-dcache-loads:u,l1-dcache-loads,24790891.0,61.0,nan,,ok
2083.14209,40974.0,,cache-references:u,cache-references,25951370.0,64.0,nan,,ok
2083.14209,2485.0,,cache-misses:u,cache-misses,26870461.0,66.0,6.06,of all cache refs,ok
2083.14209,1051495.0,,stalled-cycles-frontend:u,stalled-cycles-frontend,10278630.0,25.0,1.23,frontend cycles idle,ok
2093.6815850000003,101768944.0,,instructions:u,instructions,14041321.0,33.0,1.12,insn per cycle,ok
2093.6815850000003,nan,,,,nan,nan,0.01,stalled cycles per insn,unknown
2093.6815850000003,90698329.0,,cycles:u,cycles,13387870.0,32.0,nan,,ok
2093.6815850000003,5294133.0,,branches:u,branches,18404370.0,44.0,nan,,ok
2093.6815850000003,55051.0,,branch-misses:u,branch-misses,24680881.0,59.0,1.04,of all branches,ok
2093.6815850000003,66342120.0,,L1-dcache-loads:u,l1-dcache-loads,25693956.0,61.0,nan,,ok
2093.6815850000003,36614.0,,cache-references:u,cache-references,27605326.0,66.0,nan,,ok
2093.6815850000003,3651.0,,cache-misses:u,cache-misses,28263829.0,67.0,9.97,of all cache refs,ok
2093.6815850000003,884173.0,,stalled-cycles-frontend:u,stalled-cycles-frontend,9956280.0,23.0,0.97,frontend cycles idle,ok
2104.206128,99320816.0,,instructions:u,instructions,16344642.0,40.0,1.13,insn per cycle,ok
2104.206128,nan,,,,nan,nan,0.01,stalled cycles per insn,unknown
2104.206128,88083145.0,,cycles:u,cycles,17722507.0,44.0,nan,,ok
2104.206128,5913657.0,,branches:u,branches,21720528.0,54.0,nan,,ok
2104.206128,5834.0,,branch-misses:u,branch-misses,26095709.0,64.0,0.1,of all branches,ok
2104.206128,64370579.0,,L1-dcache-loads:u,l1-dcache-loads,25369781.0,63.0,nan,,ok
2104.206128,32589.0,,cache-references:u,cache-references,23927893.0,59.0,nan,,ok
2104.206128,7507.0,,cache-misses:u,cache-misses,22469677.0,55.0,23.04,of all cache refs,ok
2104.206128,968334.0,,stalled-cycles-frontend:u,stalled-cycles-frontend,9476751.0,23.0,1.1,frontend cycles idle,ok
2114.7588800000003,32457865.0,,instructions:u,instructions,5425935.0,28.0,0.96,insn per cycle,ok
2114.7588800000003,nan,,,,nan,nan,0.04,stalled cycles per insn,unknown
2114.7588800000003,33651108.0,,cycles:u,cycles,5326155.0,27.0,nan,,ok
2114.7588800000003,2617274.0,,branches:u,branches,8282051.0,43.0,nan,,ok
2114.7588800000003,6358.0,,branch-misses:u,branch-misses,11388744.0,59.0,0.24,of all branches,ok
2114.7588800000003,25572583.0,,L1-dcache-loads:u,l1-dcache-loads,12187754.0,64.0,nan,,ok
2114.7588800000003,72695.0,,cache-references:u,cache-references,13692989.0,72.0,nan,,ok
2114.7588800000003,14964.0,,cache-misses:u,cache-misses,13779390.0,72.0,20.58,of all cache refs,ok
2114.7588800000003,1210798.0,,stalled-cycles-frontend:u,stalled-cycles-frontend,4762428.0,25.0,3.6,frontend cycles idle,ok
2125.242708,29497816.0,,instructions:u,instructions,3005684.0,28.0,1.24,insn per cycle,ok
2125.242708,nan,,,,nan,nan,0.0,stalled cycles per insn,unknown
2125.242708,23758456.0,,cycles:u,cycles,3651526.0,34.0,nan,,ok
2125.242708,2162885.0,,branches:u,branches,5640143.0,53.0,nan,,ok
2125.242708,1341.0,,branch-misses:u,branch-misses,7470868.0,71.0,0.06,of all branches,ok
2125.242708,19469606.0,,L1-dcache-loads:u,l1-dcache-loads,7464208.0,71.0,nan,,ok
2125.242708,29800.0,,cache-references:u,cache-references,7462588.0,71.0,nan,,ok
2125.242708,1501.0,,cache-misses:u,cache-misses,6860428.0,65.0,5.04,of all cache refs,ok
2125.242708,44040.0,,stalled-cycles-frontend:u,stalled-cycles-frontend,1998692.0,19.0,0.19,frontend cycles idle,ok
2135.732741,26378509.0,,instructions:u,instructions,3332810.0,31.0,1.08,insn per cycle,ok
2135.732741,nan,,,,nan,nan,0.02,stalled cycles per insn,unknown
2135.732741,24486152.0,,cycles:u,cycles,3007887.0,28.0,nan,,ok
2135.732741,2193539.0,,branches:u,branches,4007484.0,38.0,nan,,ok
2135.732741,571.0,,branch-misses:u,branch-misses,5161190.0,49.0,0.03,of all branches,ok
2135.732741,19408062.0,,L1-dcache-loads:u,l1-dcache-loads,6152966.0,58.0,nan,,ok
2135.732741,9676.0,,cache-references:u,cache-references,7127606.0,67.0,nan,,ok
2135.732741,4616.0,,cache-misses:u,cache-misses,7474768.0,71.0,47.71,of all cache refs,ok
2135.732741,539442.0,,stalled-cycles-frontend:u,stalled-cycles-frontend,2364724.0,22.0,2.2,frontend cycles idle,ok
2146.189154,23710821.0,,instructions:u,instructions,3453186.0,39.0,1.15,insn per cycle,ok
2146.189154,nan,,,,nan,nan,0.0,stalled cycles per insn,unknown
2146.189154,20572540.0,,cycles:u,cycles,2997719.0,34.0,nan,,ok
2146.189154,1980214.0,,branches:u,branches,3997148.0,45.0,nan,,ok
2146.189154,1302.0,,branch-misses:u,branch-misses,4998521.0,57.0,0.07,of all branches,ok
2146.189154,13474410.0,,L1-dcache-loads:u,l1-dcache-loads,5002191.0,57.0,nan,,ok
2146.189154,66050.0,,cache-references:u,cache-references,5289458.0,60.0,nan,,ok
2146.189154,5338.0,,cache-misses:u,cache-misses,5743768.0,65.0,8.08,of all cache refs,ok
2146.189154,81498.0,,stalled-cycles-frontend:u,stalled-cycles-frontend,2451972.0,28.0,0.4,frontend cycles idle,ok
2156.668224,28704812.0,,instructions:u,instructions,5218906.0,49.0,1.18,insn per cycle,ok
2156.668224,nan,,,,nan,nan,0.01,stalled cycles per insn,unknown
2156.668224,24280888.0,,cycles:u,cycles,5262661.0,50.0,nan,,ok
2156.668224,2260563.0,,branches:u,branches,6273107.0,59.0,nan,,ok
2156.668224,888.0,,branch-misses:u,branch-misses,7281221.0,69.0,0.04,of all branches,ok
2156.668224,19738017.0,,L1-dcache-loads:u,l1-dcache-loads,6291233.0,59.0,nan,,ok
2156.668224,10050.0,,cache-references:u,cache-references,5296626.0,50.0,nan,,ok
2156.668224,24.0,,cache-misses:u,cache-misses,5192940.0,49.0,0.24,of all cache refs,ok
2156.668224,150100.0,,stalled-cycles-frontend:u,stalled-cycles-frontend,3184685.0,30.0,0.62,frontend cycles idle,ok
2167.134742,29249188.0,,instructions:u,instructions,3005715.0,28.0,1.19,insn per cycle,ok
2167.134742,nan,,,,nan,nan,0.0,stalled cycles per insn,unknown
2167.134742,24549417.0,,cycles:u,cycles,3737357.0,35.0,nan,,ok
2167.134742,2158668.0,,branches:u,branches,5728553.0,54.0,nan,,ok
2167.134742,744.0,,branch-misses:u,branch-misses,7457268.0,71.0,0.03,of all branches,ok
2167.134742,18826410.0,,L1-dcache-loads:u,l1-dcache-loads,7458428.0,71.0,nan,,ok
2167.134742,20240.0,,cache-references:u,cache-references,7453618.0,71.0,nan,,ok
2167.134742,2567.0,,cache-misses:u,cache-misses,6761226.0,64.0,12.68,of all cache refs,ok
2167.134742,27525.0,,stalled-cycles-frontend:u,stalled-cycles-frontend,2002131.0,19.0,0.11,frontend cycles idle,ok
2177.624928,17740972.0,,instructions:u,instructions,3001891.0,34.0,1.03,insn per cycle,ok
2177.624928,nan,,,,nan,nan,0.0,stalled cycles per insn,unknown
2177.624928,17248550.0,,cycles:u,cycles,3274117.0,37.0,nan,,ok
2177.624928,1344700.0,,branches:u,branches,4270429.0,48.0,nan,,ok
2177.624928,4166.0,,branch-misses:u,branch-misses,5531130.0,63.0,0.31,of all branches,ok
2177.624928,13461914.0,,L1-dcache-loads:u,l1-dcache-loads,5757791.0,65.0,nan,,ok
2177.624928,56517.0,,cache-references:u,cache-references,5756371.0,65.0,nan,,ok
2177.624928,218.0,,cache-misses:u,cache-misses,5484380.0,62.0,0.39,of all cache refs,ok
2177.624928,62661.0,,stalled-cycles-frontend:u,stalled-cycles-frontend,2001631.0,22.0,0.36,frontend cycles idle,ok
2188.0832649999998,29807215.0,,instructions:u,instructions,3678824.0,35.0,1.21,insn per cycle,ok
2188.0832649999998,nan,,,,nan,nan,0.0,stalled cycles per insn,unknown
2188.0832649999998,24635959.0,,cycles:u,cycles,2997890.0,28.0,nan,,ok
2188.0832649999998,2292982.0,,branches:u,branches,3997765.0,38.0,nan,,ok
2188.0832649999998,582.0,,branch-misses:u,branch-misses,4997353.0,47.0,0.03,of all branches,ok
2188.0832649999998,19752781.0,,L1-dcache-loads:u,l1-dcache-loads,5770327.0,55.0,nan,,ok
2188.0832649999998,9852.0,,cache-references:u,cache-references,6753661.0,64.0,nan,,ok
2188.0832649999998,0.0,,cache-misses:u,cache-misses,7456050.0,71.0,nan,,ok
2188.0832649999998,42720.0,,stalled-cycles-frontend:u,stalled-cycles-frontend,2715813.0,25.0,0.17,frontend cycles idle,ok
2198.5640630000003,27641737.0,,instructions:u,instructions,5324454.0,50.0,1.15,insn per cycle,ok
2198.5640630000003,nan,,,,nan,nan,0.01,stalled cycles per insn,unknown
2198.5640630000003,24074077.0,,cycles:u,cycles,5171251.0,49.0,nan,,ok
2198.5640630000003,2155213.0,,branches:u,branches,6178619.0,58.0,nan,,ok
2198.5640630000003,573.0,,branch-misses:u,branch-misses,7185693.0,68.0,0.03,of all branches,ok
2198.5640630000003,19535783.0,,L1-dcache-loads:u,l1-dcache-loads,6179405.0,58.0,nan,,ok
2198.5640630000003,9715.0,,cache-references:u,cache-references,5194201.0,49.0,nan,,ok
2198.5640630000003,1649.0,,cache-misses:u,cache-misses,5285731.0,50.0,16.97,of all cache refs,ok
2198.5640630000003,383443.0,,stalled-cycles-frontend:u,stalled-cycles-frontend,3291331.0,31.0,1.59,frontend cycles idle,ok
2209.032722,15280183.0,,instructions:u,instructions,2337207.0,26.0,0.79,insn per cycle,ok
2209.032722,nan,,,,nan,nan,0.05,stalled cycles per insn,unknown
2209.032722,19445313.0,,cycles:u,cycles,3520150.0,40.0,nan,,ok
2209.032722,1843599.0,,branches:u,branches,5142764.0,58.0,nan,,ok
2209.032722,1803.0,,branch-misses:u,branch-misses,6145171.0,69.0,0.1,of all branches,ok
2209.032722,14527148.0,,L1-dcache-loads:u,l1-dcache-loads,6466432.0,73.0,nan,,ok
2209.032722,43151.0,,cache-references:u,cache-references,6459593.0,73.0,nan,,ok
2209.032722,5053.0,,cache-misses:u,cache-misses,5318175.0,60.0,11.71,of all cache refs,ok
2209.032722,725910.0,,stalled-cycles-frontend:u,stalled-cycles-frontend,1335646.0,15.0,3.73,frontend cycles idle,ok
2219.5254699999996,29868009.0,,instructions:u,instructions,3001852.0,28.0,1.21,insn per cycle,ok
2219.5254699999996,nan,,,,nan,nan,0.0,stalled cycles per insn,unknown
2219.5254699999996,24713891.0,,cycles:u,cycles,2997758.0,28.0,nan,,ok
2219.5254699999996,2288697.0,,branches:u,branches,4366297.0,41.0,nan,,ok
2219.5254699999996,542.0,,branch-misses:u,branch-misses,6359400.0,60.0,0.02,of all branches,ok
2219.5254699999996,19015918.0,,L1-dcache-loads:u,l1-dcache-loads,7343349.0,70.0,nan,,ok
2219.5254699999996,20597.0,,cache-references:u,cache-references,7477284.0,71.0,nan,,ok
2219.5254699999996,2204.0,,cache-misses:u,cache-misses,7480064.0,71.0,10.7,of all cache refs,ok
2219.5254699999996,31107.0,,stalled-cycles-frontend:u,stalled-cycles-frontend,2002059.0,19.0,0.13,frontend cycles idle,ok
2229.982556,29286588.0,,instructions:u,instructions,4583066.0,43.0,1.19,insn per cycle,ok
2229.982556,nan,,,,nan,nan,0.0,stalled cycles per insn,unknown
2229.982556,24612959.0,,cycles:u,cycles,3587779.0,34.0,nan,,ok
2229.982556,2212022.0,,branches:u,branches,4598563.0,43.0,nan,,ok
2229.982556,521.0,,branch-misses:u,branch-misses,5602470.0,53.0,0.02,of all branches,ok
2229.982556,19621182.0,,L1-dcache-loads:u,l1-dcache-loads,4998453.0,47.0,nan,,ok
2229.982556,9599.0,,cache-references:u,cache-references,5852887.0,55.0,nan,,ok
2229.982556,0.0,,cache-misses:u,cache-misses,6849426.0,65.0,nan,,ok
2229.982556,43944.0,,stalled-cycles-frontend:u,stalled-cycles-frontend,3624617.0,34.0,0.18,frontend cycles idle,ok
2240.447671,25711018.0,,instructions:u,instructions,4014283.0,39.0,1.42,insn per cycle,ok
2240.447671,nan,,,,nan,nan,0.02,stalled cycles per insn,unknown
2240.447671,18162839.0,,cycles:u,cycles,5009929.0,49.0,nan,,ok
2240.447671,1455241.0,,branches:u,branches,6051883.0,60.0,nan,,ok
2240.447671,4984.0,,branch-misses:u,branch-misses,7052615.0,70.0,0.34,of all branches,ok
2240.447671,12781948.0,,L1-dcache-loads:u,l1-dcache-loads,6652925.0,66.0,nan,,ok
2240.447671,103767.0,,cache-references:u,cache-references,6075651.0,60.0,nan,,ok
2240.447671,2469.0,,cache-misses:u,cache-misses,5078663.0,50.0,2.38,of all cache refs,ok
2240.447671,402612.0,,stalled-cycles-frontend:u,stalled-cycles-frontend,2383235.0,23.0,2.22,frontend cycles idle,ok
2250.915365,nan,,instructions:u,instructions,0.0,0.0,nan,,ok
2250.915365,nan,,cycles:u,cycles,0.0,0.0,nan,,ok
2250.915365,34967.0,,branches:u,branches,952459.0,72.0,nan,,ok
2250.915365,1269.0,,branch-misses:u,branch-misses,1308899.0,100.0,3.63,of all branches,ok
2250.915365,97536.0,,L1-dcache-loads:u,l1-dcache-loads,1300552.0,100.0,nan,,ok
2250.915365,21183.0,,cache-references:u,cache-references,1290708.0,100.0,nan,,ok
2250.915365,3139.0,,cache-misses:u,cache-misses,1282860.0,100.0,14.82,of all cache refs,ok
2250.915365,nan,,stalled-cycles-frontend:u,stalled-cycles-frontend,0.0,0.0,nan,,ok
2261.322887,765232.0,,instructions:u,instructions,2852543.0,54.0,0.35,insn per cycle,ok
2261.322887,nan,,,,nan,nan,2.12,stalled cycles per insn,unknown
2261.322887,2172094.0,,cycles:u,cycles,2949736.0,48.0,nan,,ok
2261.322887,131187.0,,branches:u,branches,2957052.0,49.0,nan,,ok
2261.322887,10078.0,,branch-misses:u,branch-misses,4379911.0,61.0,7.68,of all branches,ok
2261.322887,190868.0,,L1-dcache-loads:u,l1-dcache-loads,6173353.0,69.0,nan,,ok
2261.322887,45974.0,,cache-references:u,cache-references,6584591.0,72.0,nan,,ok
2261.322887,11901.0,,cache-misses:u,cache-misses,6494980.0,71.0,25.89,of all cache refs,ok
2261.322887,1625751.0,,stalled-cycles-frontend:u,stalled-cycles-frontend,1839169.0,27.0,74.85,frontend cycles idle,ok
2271.81911,1333148.0,,instructions:u,instructions,5217846.0,83.0,0.4,insn per cycle,ok
2271.81911,nan,,,,nan,nan,1.36,stalled cycles per insn,unknown
2271.81911,3347774.0,,cycles:u,cycles,4954490.0,66.0,nan,,ok
2271.81911,308153.0,,branches:u,branches,5436982.0,68.0,nan,,ok
2271.81911,16565.0,,branch-misses:u,branch-misses,5437212.0,68.0,5.38,of all branches,ok
2271.81911,952321.0,,L1-dcache-loads:u,l1-dcache-loads,4250429.0,57.0,nan,,ok
2271.81911,123476.0,,cache-references:u,cache-references,2731126.0,39.0,nan,,ok
2271.81911,16200.0,,cache-misses:u,cache-misses,2993868.0,41.0,13.12,of all cache refs,ok
2271.81911,1816617.0,,stalled-cycles-frontend:u,stalled-cycles-frontend,3399709.0,49.0,54.26,frontend cycles idle,ok
2273.117911,2565.0,,instructions:u,instructions,601375.0,75.0,0.09,insn per cycle,ok
2273.117911,29529.0,,cycles:u,cycles,790855.0,100.0,nan,,ok
2273.117911,379.0,,branches:u,branches,783877.0,100.0,nan,,ok
2273.117911,64.0,,branch-misses:u,branch-misses,776545.0,100.0,16.89,of all branches,ok
2273.117911,1446.0,,L1-dcache-loads:u,l1-dcache-loads,769670.0,100.0,nan,,ok
2273.117911,0.0,,cache-references:u,cache-references,196448.0,25.0,nan,,ok
2273.117911,nan,,cache-misses:u,cache-misses,0.0,0.0,nan,,ok
2273.117911,nan,,stalled-cycles-frontend:u,stalled-cycles-frontend,0.0,0.0,nan,,ok
