timestamp_ms,value,unit,event_name,event_name_normalized,runtime_ns,enabled_pct,metric_value,metric_unit,status
13.923539,0.0,,instructions:u,instructions,381828.0,100.0,nan,,ok
13.923539,0.0,,cycles:u,cycles,381828.0,100.0,nan,,ok
13.923539,0.0,,branches:u,branches,381828.0,100.0,nan,,ok
13.923539,0.0,,branch-misses:u,branch-misses,381828.0,100.0,nan,,ok
13.923539,0.0,,L1-dcache-loads:u,l1-dcache-loads,381828.0,100.0,nan,,ok
13.923539,nan,,cache-references:u,cache-references,0.0,0.0,nan,,ok
13.923539,nan,,cache-misses:u,cache-misses,0.0,0.0,nan,,ok
13.923539,nan,,stalled-cycles-frontend:u,stalled-cycles-frontend,0.0,0.0,nan,,ok
27.487647,250229.0,,instructions:u,instructions,1141856.0,27.0,0.1,insn per cycle,ok
27.487647,2489031.0,,cycles:u,cycles,2139715.0,52.0,nan,,ok
27.487647,78583.0,,branches:u,branches,3140228.0,76.0,nan,,ok
27.487647,6629.0,,branch-misses:u,branch-misses,4084198.0,100.0,8.44,of all branches,ok
27.487647,160144.0,,L1-dcache-loads:u,l1-dcache-loads,4084198.0,100.0,nan,,ok
27.487647,25886.0,,cache-references:u,cache-references,2942342.0,72.0,nan,,ok
27.487647,2841.0,,cache-misses:u,cache-misses,1944483.0,47.0,10.98,of all cache refs,ok
27.487647,nan,,stalled-cycles-frontend:u,stalled-cycles-frontend,0.0,0.0,nan,,ok
41.419326,nan,,instructions:u,instructions,0.0,100.0,nan,,ok
41.419326,nan,,cycles:u,cycles,0.0,100.0,nan,,ok
41.419326,nan,,branches:u,branches,0.0,100.0,nan,,ok
41.419326,nan,,branch-misses:u,branch-misses,0.0,100.0,nan,,ok
41.419326,nan,,L1-dcache-loads:u,l1-dcache-loads,0.0,100.0,nan,,ok
41.419326,nan,,cache-references:u,cache-references,0.0,100.0,nan,,ok
41.419326,nan,,cache-misses:u,cache-misses,0.0,100.0,nan,,ok
41.419326,nan,,stalled-cycles-frontend:u,stalled-cycles-frontend,0.0,100.0,nan,,ok
58.926234,nan,,instructions:u,instructions,0.0,100.0,nan,,ok
58.926234,nan,,cycles:u,cycles,0.0,100.0,nan,,ok
58.926234,nan,,branches:u,branches,0.0,100.0,nan,,ok
58.926234,nan,,branch-misses:u,branch-misses,0.0,100.0,nan,,ok
58.926234,nan,,L1-dcache-loads:u,l1-dcache-loads,0.0,100.0,nan,,ok
58.926234,nan,,cache-references:u,cache-references,0.0,100.0,nan,,ok
58.926234,nan,,cache-misses:u,cache-misses,0.0,100.0,nan,,ok
58.926234,nan,,stalled-cycles-frontend:u,stalled-cycles-frontend,0.0,100.0,nan,,ok
72.08153300000001,nan,,instructions:u,instructions,0.0,0.0,nan,,ok
72.08153300000001,nan,,cycles:u,cycles,0.0,0.0,nan,,ok
72.08153300000001,nan,,branches:u,branches,0.0,0.0,nan,,ok
72.08153300000001,11.0,,branch-misses:u,branch-misses,1314898.0,96.0,nan,,ok
72.08153300000001,203.0,,L1-dcache-loads:u,l1-dcache-loads,1355793.0,100.0,nan,,ok
72.08153300000001,172.0,,cache-references:u,cache-references,1355793.0,100.0,nan,,ok
72.08153300000001,142.0,,cache-misses:u,cache-misses,1355793.0,100.0,82.56,of all cache refs,ok
72.08153300000001,nan,,stalled-cycles-frontend:u,stalled-cycles-frontend,0.0,0.0,nan,,ok
83.102994,nan,,instructions:u,instructions,0.0,100.0,nan,,ok
83.102994,nan,,cycles:u,cycles,0.0,100.0,nan,,ok
83.102994,nan,,branches:u,branches,0.0,100.0,nan,,ok
83.102994,nan,,branch-misses:u,branch-misses,0.0,100.0,nan,,ok
83.102994,nan,,L1-dcache-loads:u,l1-dcache-loads,0.0,100.0,nan,,ok
83.102994,nan,,cache-references:u,cache-references,0.0,100.0,nan,,ok
83.102994,nan,,cache-misses:u,cache-misses,0.0,100.0,nan,,ok
83.102994,nan,,stalled-cycles-frontend:u,stalled-cycles-frontend,0.0,100.0,nan,,ok
94.597506,35343.0,,instructions:u,instructions,838510.0,29.0,nan,,ok
94.597506,nan,,,,nan,nan,15.83,stalled cycles per insn,unknown
94.597506,nan,,cycles:u,cycles,0.0,0.0,nan,,ok
94.597506,nan,,branches:u,branches,0.0,0.0,nan,,ok
94.597506,nan,,branch-misses:u,branch-misses,0.0,0.0,nan,,ok
94.597506,59109.0,,L1-dcache-loads:u,l1-dcache-loads,973663.0,34.0,nan,,ok
94.597506,13436.0,,cache-references:u,cache-references,1970032.0,70.0,nan,,ok
94.597506,3071.0,,cache-misses:u,cache-misses,2808542.0,100.0,22.86,of all cache refs,ok
94.597506,559407.0,,stalled-cycles-frontend:u,stalled-cycles-frontend,838510.0,29.0,nan,,ok
105.98655099999999,4548.0,,instructions:u,instructions,1997576.0,100.0,0.01,insn per cycle,ok
105.98655099999999,nan,,,,nan,nan,55.1,stalled cycles per insn,unknown
105.98655099999999,380018.0,,cycles:u,cycles,647576.0,32.0,nan,,ok
105.98655099999999,271.0,,branches:u,branches,656039.0,32.0,nan,,ok
105.98655099999999,173.0,,branch-misses:u,branch-misses,666247.0,32.0,63.84,of all branches,ok
105.98655099999999,nan,,L1-dcache-loads:u,l1-dcache-loads,0.0,0.0,nan,,ok
105.98655099999999,nan,,cache-references:u,cache-references,0.0,0.0,nan,,ok
105.98655099999999,855.0,,cache-misses:u,cache-misses,1364727.0,66.0,nan,,ok
105.98655099999999,250589.0,,stalled-cycles-frontend:u,stalled-cycles-frontend,2055333.0,100.0,65.94,frontend cycles idle,ok
117.381817,14938.0,,instructions:u,instructions,3792257.0,43.0,0.01,insn per cycle,ok
117.381817,nan,,,,nan,nan,77.33,stalled cycles per insn,unknown
117.381817,2576890.0,,cycles:u,cycles,3181363.0,36.0,nan,,ok
117.381817,1829.0,,branches:u,branches,4174630.0,47.0,nan,,ok
117.381817,958.0,,branch-misses:u,branch-misses,5161281.0,58.0,52.38,of all branches,ok
117.381817,86098.0,,L1-dcache-loads:u,l1-dcache-loads,4996362.0,57.0,nan,,ok
117.381817,23731.0,,cache-references:u,cache-references,5001582.0,57.0,nan,,ok
117.381817,1604.0,,cache-misses:u,cache-misses,5597749.0,64.0,6.76,of all cache refs,ok
117.381817,1155165.0,,stalled-cycles-frontend:u,stalled-cycles-frontend,2737094.0,31.0,44.83,frontend cycles idle,ok
128.79042399999997,5008.0,,instructions:u,instructions,2005051.0,83.0,0.01,insn per cycle,ok
128.79042399999997,nan,,,,nan,nan,73.12,stalled cycles per insn,unknown
128.79042399999997,728101.0,,cycles:u,cycles,2411603.0,100.0,nan,,ok
128.79042399999997,721.0,,branches:u,branches,2411603.0,100.0,nan,,ok
128.79042399999997,246.0,,branch-misses:u,branch-misses,2411603.0,100.0,34.12,of all branches,ok
128.79042399999997,20960.0,,L1-dcache-loads:u,l1-dcache-loads,1406417.0,58.0,nan,,ok
128.79042399999997,7687.0,,cache-references:u,cache-references,406552.0,16.0,nan,,ok
128.79042399999997,nan,,cache-misses:u,cache-misses,0.0,0.0,nan,,ok
128.79042399999997,366167.0,,stalled-cycles-frontend:u,stalled-cycles-frontend,1005186.0,41.0,50.29,frontend cycles idle,ok
140.37751400000002,11577.0,,instructions:u,instructions,414403.0,8.0,0.01,insn per cycle,ok
140.37751400000002,nan,,,,nan,nan,60.64,stalled cycles per insn,unknown
140.37751400000002,1269587.0,,cycles:u,cycles,488170.0,10.0,nan,,ok
140.37751400000002,1620.0,,branches:u,branches,1435551.0,30.0,nan,,ok
140.37751400000002,612.0,,branch-misses:u,branch-misses,2310405.0,49.0,37.78,of all branches,ok
140.37751400000002,44214.0,,L1-dcache-loads:u,l1-dcache-loads,3324934.0,70.0,nan,,ok
140.37751400000002,11700.0,,cache-references:u,cache-references,4243505.0,90.0,nan,,ok
140.37751400000002,1029.0,,cache-misses:u,cache-misses,4222300.0,89.0,8.79,of all cache refs,ok
140.37751400000002,702030.0,,stalled-cycles-frontend:u,stalled-cycles-frontend,474973.0,10.0,55.3,frontend cycles idle,ok
152.016191,11783.0,,instructions:u,instructions,3250666.0,62.0,0.01,insn per cycle,ok
152.016191,nan,,,,nan,nan,68.62,stalled cycles per insn,unknown
152.016191,1644822.0,,cycles:u,cycles,3726214.0,71.0,nan,,ok
152.016191,1516.0,,branches:u,branches,4598150.0,88.0,nan,,ok
152.016191,536.0,,branch-misses:u,branch-misses,4773266.0,91.0,35.36,of all branches,ok
152.016191,41843.0,,L1-dcache-loads:u,l1-dcache-loads,3856097.0,73.0,nan,,ok
152.016191,13015.0,,cache-references:u,cache-references,2008402.0,38.0,nan,,ok
152.016191,1253.0,,cache-misses:u,cache-misses,1489839.0,28.0,9.63,of all cache refs,ok
152.016191,808514.0,,stalled-cycles-frontend:u,stalled-cycles-frontend,1333976.0,25.0,49.16,frontend cycles idle,ok
163.405875,13125.0,,instructions:u,instructions,1533568.0,29.0,0.01,insn per cycle,ok
163.405875,nan,,,,nan,nan,65.85,stalled cycles per insn,unknown
163.405875,1881234.0,,cycles:u,cycles,598760.0,11.0,nan,,ok
163.405875,1755.0,,branches:u,branches,598760.0,11.0,nan,,ok
163.405875,723.0,,branch-misses:u,branch-misses,1357512.0,26.0,41.2,of all branches,ok
163.405875,45466.0,,L1-dcache-loads:u,l1-dcache-loads,2653648.0,51.0,nan,,ok
163.405875,12197.0,,cache-references:u,cache-references,3587284.0,70.0,nan,,ok
163.405875,1070.0,,cache-misses:u,cache-misses,4512545.0,88.0,8.77,of all cache refs,ok
163.405875,864227.0,,stalled-cycles-frontend:u,stalled-cycles-frontend,1533568.0,30.0,45.94,frontend cycles idle,ok
175.027837,14061.0,,instructions:u,instructions,1228021.0,26.0,0.01,insn per cycle,ok
175.027837,nan,,,,nan,nan,45.31,stalled cycles per insn,unknown
175.027837,1465568.0,,cycles:u,cycles,2234588.0,48.0,nan,,ok
175.027837,1531.0,,branches:u,branches,3105979.0,67.0,nan,,ok
175.027837,574.0,,branch-misses:u,branch-misses,4046508.0,88.0,37.49,of all branches,ok
175.027837,47266.0,,L1-dcache-loads:u,l1-dcache-loads,4309800.0,93.0,nan,,ok
175.027837,13781.0,,cache-references:u,cache-references,3364391.0,73.0,nan,,ok
175.027837,1297.0,,cache-misses:u,cache-misses,2357824.0,51.0,9.41,of all cache refs,ok
175.027837,637044.0,,stalled-cycles-frontend:u,stalled-cycles-frontend,282612.0,6.0,43.47,frontend cycles idle,ok
185.920724,13362.0,,instructions:u,instructions,3309200.0,72.0,0.01,insn per cycle,ok
185.920724,nan,,,,nan,nan,52.23,stalled cycles per insn,unknown
185.920724,1286682.0,,cycles:u,cycles,1398280.0,30.0,nan,,ok
185.920724,1528.0,,branches:u,branches,1398280.0,30.0,nan,,ok
185.920724,497.0,,branch-misses:u,branch-misses,1398280.0,30.0,32.53,of all branches,ok
185.920724,33893.0,,L1-dcache-loads:u,l1-dcache-loads,794009.0,17.0,nan,,ok
185.920724,11465.0,,cache-references:u,cache-references,1266792.0,27.0,nan,,ok
185.920724,1242.0,,cache-misses:u,cache-misses,3177712.0,69.0,10.83,of all cache refs,ok
185.920724,697916.0,,stalled-cycles-frontend:u,stalled-cycles-frontend,2850580.0,62.0,54.24,frontend cycles idle,ok
197.362901,11462.0,,instructions:u,instructions,405689.0,8.0,0.01,insn per cycle,ok
197.362901,1412918.0,,cycles:u,cycles,1350325.0,29.0,nan,,ok
197.362901,1540.0,,branches:u,branches,2289999.0,49.0,nan,,ok
197.362901,609.0,,branch-misses:u,branch-misses,3221659.0,69.0,39.55,of all branches,ok
197.362901,48237.0,,L1-dcache-loads:u,l1-dcache-loads,4161667.0,90.0,nan,,ok
197.362901,14049.0,,cache-references:u,cache-references,4234604.0,91.0,nan,,ok
197.362901,1223.0,,cache-misses:u,cache-misses,3307581.0,71.0,8.71,of all cache refs,ok
197.362901,nan,,stalled-cycles-frontend:u,stalled-cycles-frontend,0.0,0.0,nan,,ok
208.45386599999998,13344.0,,instructions:u,instructions,3783684.0,80.0,0.01,insn per cycle,ok
208.45386599999998,nan,,,,nan,nan,61.95,stalled cycles per insn,unknown
208.45386599999998,1625533.0,,cycles:u,cycles,3354799.0,70.0,nan,,ok
208.45386599999998,1587.0,,branches:u,branches,3369531.0,71.0,nan,,ok
208.45386599999998,558.0,,branch-misses:u,branch-misses,3381266.0,71.0,35.16,of all branches,ok
208.45386599999998,38817.0,,L1-dcache-loads:u,l1-dcache-loads,1471766.0,31.0,nan,,ok
208.45386599999998,11794.0,,cache-references:u,cache-references,947445.0,20.0,nan,,ok
208.45386599999998,1221.0,,cache-misses:u,cache-misses,1303827.0,27.0,10.35,of all cache refs,ok
208.45386599999998,826644.0,,stalled-cycles-frontend:u,stalled-cycles-frontend,2849728.0,60.0,50.85,frontend cycles idle,ok
219.30739,17682.0,,instructions:u,instructions,334200.0,7.0,0.01,insn per cycle,ok
219.30739,nan,,,,nan,nan,31.52,stalled cycles per insn,unknown
219.30739,1659709.0,,cycles:u,cycles,389196.0,8.0,nan,,ok
219.30739,1416.0,,branches:u,branches,1323884.0,29.0,nan,,ok
219.30739,581.0,,branch-misses:u,branch-misses,2179753.0,48.0,41.03,of all branches,ok
219.30739,45559.0,,L1-dcache-loads:u,l1-dcache-loads,3170712.0,70.0,nan,,ok
219.30739,12959.0,,cache-references:u,cache-references,4086994.0,91.0,nan,,ok
219.30739,1181.0,,cache-misses:u,cache-misses,4146080.0,92.0,9.11,of all cache refs,ok
219.30739,557341.0,,stalled-cycles-frontend:u,stalled-cycles-frontend,405698.0,9.0,33.58,frontend cycles idle,ok
230.16197699999998,20478.0,,instructions:u,instructions,2385156.0,36.0,0.01,insn per cycle,ok
230.16197699999998,nan,,,,nan,nan,48.2,stalled cycles per insn,unknown
230.16197699999998,2148042.0,,cycles:u,cycles,3765186.0,56.0,nan,,ok
230.16197699999998,2313.0,,branches:u,branches,4767257.0,71.0,nan,,ok
230.16197699999998,880.0,,branch-misses:u,branch-misses,5764038.0,87.0,38.05,of all branches,ok
230.16197699999998,70763.0,,L1-dcache-loads:u,l1-dcache-loads,5182390.0,78.0,nan,,ok
230.16197699999998,20245.0,,cache-references:u,cache-references,4300562.0,64.0,nan,,ok
230.16197699999998,1564.0,,cache-misses:u,cache-misses,2872587.0,43.0,7.73,of all cache refs,ok
230.16197699999998,986993.0,,stalled-cycles-frontend:u,stalled-cycles-frontend,1421841.0,21.0,45.95,frontend cycles idle,ok
241.052653,47712.0,,instructions:u,instructions,7227866.0,39.0,0.01,insn per cycle,ok
241.052653,nan,,,,nan,nan,69.17,stalled cycles per insn,unknown
241.052653,5019757.0,,cycles:u,cycles,6260484.0,34.0,nan,,ok
241.052653,4670.0,,branches:u,branches,8287737.0,45.0,nan,,ok
241.052653,2096.0,,branch-misses:u,branch-misses,10288677.0,56.0,44.88,of all branches,ok
241.052653,174888.0,,L1-dcache-loads:u,l1-dcache-loads,10651133.0,58.0,nan,,ok
241.052653,51403.0,,cache-references:u,cache-references,10945434.0,59.0,nan,,ok
241.052653,4203.0,,cache-misses:u,cache-misses,11947697.0,65.0,8.18,of all cache refs,ok
241.052653,3300353.0,,stalled-cycles-frontend:u,stalled-cycles-frontend,5353717.0,29.0,65.75,frontend cycles idle,ok
252.289312,48880.0,,instructions:u,instructions,7784948.0,43.0,0.01,insn per cycle,ok
252.289312,nan,,,,nan,nan,66.35,stalled cycles per insn,unknown
252.289312,5353580.0,,cycles:u,cycles,8754163.0,48.0,nan,,ok
252.289312,4549.0,,branches:u,branches,11211252.0,62.0,nan,,ok
252.289312,2031.0,,branch-misses:u,branch-misses,13209967.0,73.0,44.65,of all branches,ok
252.289312,163581.0,,L1-dcache-loads:u,l1-dcache-loads,11538684.0,64.0,nan,,ok
252.289312,46001.0,,cache-references:u,cache-references,10215399.0,57.0,nan,,ok
252.289312,3606.0,,cache-misses:u,cache-misses,9221327.0,51.0,7.84,of all cache refs,ok
252.289312,3243091.0,,stalled-cycles-frontend:u,stalled-cycles-frontend,4646582.0,25.0,60.58,frontend cycles idle,ok
263.141371,41044.0,,instructions:u,instructions,3267307.0,24.0,0.01,insn per cycle,ok
263.141371,nan,,,,nan,nan,64.7,stalled cycles per insn,unknown
263.141371,5113648.0,,cycles:u,cycles,3003097.0,22.0,nan,,ok
263.141371,3957.0,,branches:u,branches,4524748.0,34.0,nan,,ok
263.141371,1563.0,,branch-misses:u,branch-misses,6505143.0,49.0,39.5,of all branches,ok
263.141371,126230.0,,L1-dcache-loads:u,l1-dcache-loads,8482479.0,64.0,nan,,ok
263.141371,36886.0,,cache-references:u,cache-references,9781687.0,74.0,nan,,ok
263.141371,3004.0,,cache-misses:u,cache-misses,10082127.0,77.0,8.14,of all cache refs,ok
263.141371,2655603.0,,stalled-cycles-frontend:u,stalled-cycles-frontend,2327567.0,17.0,51.93,frontend cycles idle,ok
273.917091,54724.0,,instructions:u,instructions,10811087.0,50.0,0.01,insn per cycle,ok
273.917091,nan,,,,nan,nan,68.5,stalled cycles per insn,unknown
273.917091,5332077.0,,cycles:u,cycles,9170869.0,42.0,nan,,ok
273.917091,5404.0,,branches:u,branches,11202082.0,51.0,nan,,ok
273.917091,2425.0,,branch-misses:u,branch-misses,13239259.0,61.0,44.87,of all branches,ok
273.917091,201144.0,,L1-dcache-loads:u,l1-dcache-loads,11243718.0,51.0,nan,,ok
273.917091,57877.0,,cache-references:u,cache-references,10810335.0,49.0,nan,,ok
273.917091,4453.0,,cache-misses:u,cache-misses,12353434.0,57.0,7.69,of all cache refs,ok
273.917091,3748815.0,,stalled-cycles-frontend:u,stalled-cycles-frontend,7692745.0,35.0,70.31,frontend cycles idle,ok
284.856045,28365.0,,instructions:u,instructions,3795163.0,32.0,0.01,insn per cycle,ok
284.856045,nan,,,,nan,nan,70.59,stalled cycles per insn,unknown
284.856045,3843381.0,,cycles:u,cycles,5727026.0,48.0,nan,,ok
284.856045,3193.0,,branches:u,branches,7697016.0,65.0,nan,,ok
284.856045,1413.0,,branch-misses:u,branch-misses,8689797.0,74.0,44.25,of all branches,ok
284.856045,123800.0,,L1-dcache-loads:u,l1-dcache-loads,8668733.0,74.0,nan,,ok
284.856045,36446.0,,cache-references:u,cache-references,7948280.0,68.0,nan,,ok
284.856045,2943.0,,cache-misses:u,cache-misses,6083595.0,52.0,8.07,of all cache refs,ok
284.856045,2002425.0,,stalled-cycles-frontend:u,stalled-cycles-frontend,1998012.0,17.0,52.1,frontend cycles idle,ok
296.208228,50373.0,,instructions:u,instructions,6348372.0,32.0,0.01,insn per cycle,ok
296.208228,nan,,,,nan,nan,68.77,stalled cycles per insn,unknown
296.208228,5073531.0,,cycles:u,cycles,6002247.0,30.0,nan,,ok
296.208228,4896.0,,branches:u,branches,8352469.0,42.0,nan,,ok
296.208228,2147.0,,branch-misses:u,branch-misses,11339479.0,57.0,43.85,of all branches,ok
296.208228,187009.0,,L1-dcache-loads:u,l1-dcache-loads,12313606.0,62.0,nan,,ok
296.208228,57311.0,,cache-references:u,cache-references,13319101.0,67.0,nan,,ok
296.208228,4678.0,,cache-misses:u,cache-misses,13725782.0,69.0,8.16,of all cache refs,ok
296.208228,3464166.0,,stalled-cycles-frontend:u,stalled-cycles-frontend,4448002.0,22.0,68.28,frontend cycles idle,ok
307.14596,41813.0,,instructions:u,instructions,5692957.0,42.0,0.01,insn per cycle,ok
307.14596,nan,,,,nan,nan,56.12,stalled cycles per insn,unknown
307.14596,4309495.0,,cycles:u,cycles,5050448.0,37.0,nan,,ok
307.14596,4184.0,,branches:u,branches,6699607.0,49.0,nan,,ok
307.14596,1800.0,,branch-misses:u,branch-misses,8695990.0,64.0,43.02,of all branches,ok
307.14596,155741.0,,L1-dcache-loads:u,l1-dcache-loads,8687127.0,64.0,nan,,ok
307.14596,47665.0,,cache-references:u,cache-references,7724367.0,57.0,nan,,ok
307.14596,3972.0,,cache-misses:u,cache-misses,8290542.0,61.0,8.33,of all cache refs,ok
307.14596,2346432.0,,stalled-cycles-frontend:u,stalled-cycles-frontend,3574708.0,26.0,54.45,frontend cycles idle,ok
317.81097600000004,44599.0,,instructions:u,instructions,3670970.0,34.0,0.01,insn per cycle,ok
317.81097600000004,nan,,,,nan,nan,47.78,stalled cycles per insn,unknown
317.81097600000004,4178560.0,,cycles:u,cycles,4609107.0,43.0,nan,,ok
317.81097600000004,3910.0,,branches:u,branches,6584987.0,62.0,nan,,ok
317.81097600000004,1597.0,,branch-misses:u,branch-misses,7604881.0,71.0,40.84,of all branches,ok
317.81097600000004,131669.0,,L1-dcache-loads:u,l1-dcache-loads,7609652.0,71.0,nan,,ok
317.81097600000004,38931.0,,cache-references:u,cache-references,7010691.0,65.0,nan,,ok
317.81097600000004,3774.0,,cache-misses:u,cache-misses,6081024.0,57.0,9.69,of all cache refs,ok
317.81097600000004,2130732.0,,stalled-cycles-frontend:u,stalled-cycles-frontend,2005078.0,18.0,50.99,frontend cycles idle,ok
328.797432,34030.0,,instructions:u,instructions,3004527.0,27.0,0.01,insn per cycle,ok
328.797432,nan,,,,nan,nan,55.68,stalled cycles per insn,unknown
328.797432,3602741.0,,cycles:u,cycles,2998706.0,27.0,nan,,ok
328.797432,3207.0,,branches:u,branches,4015211.0,36.0,nan,,ok
328.797432,1404.0,,branch-misses:u,branch-misses,5977625.0,54.0,43.78,of all branches,ok
328.797432,117965.0,,L1-dcache-loads:u,l1-dcache-loads,6964645.0,63.0,nan,,ok
328.797432,34305.0,,cache-references:u,cache-references,7931208.0,72.0,nan,,ok
328.797432,3150.0,,cache-misses:u,cache-misses,7965956.0,72.0,9.18,of all cache refs,ok
328.797432,1894923.0,,stalled-cycles-frontend:u,stalled-cycles-frontend,2066636.0,18.0,52.6,frontend cycles idle,ok
339.924626,48541.0,,instructions:u,instructions,5995875.0,53.0,0.01,insn per cycle,ok
339.924626,nan,,,,nan,nan,50.98,stalled cycles per insn,unknown
339.924626,4734083.0,,cycles:u,cycles,5080820.0,45.0,nan,,ok
339.924626,3761.0,,branches:u,branches,6095577.0,54.0,nan,,ok
339.924626,1535.0,,branch-misses:u,branch-misses,7099737.0,64.0,40.81,of all branches,ok
339.924626,125142.0,,L1-dcache-loads:u,l1-dcache-loads,6114278.0,55.0,nan,,ok
339.924626,31882.0,,cache-references:u,cache-references,5126406.0,46.0,nan,,ok
339.924626,3802.0,,cache-misses:u,cache-misses,5948989.0,53.0,11.93,of all cache refs,ok
339.924626,2474791.0,,stalled-cycles-frontend:u,stalled-cycles-frontend,3928298.0,35.0,52.28,frontend cycles idle,ok
350.67228700000004,49464.0,,instructions:u,instructions,3002116.0,27.0,0.01,insn per cycle,ok
350.67228700000004,nan,,,,nan,nan,56.45,stalled cycles per insn,unknown
350.67228700000004,4727194.0,,cycles:u,cycles,3922625.0,36.0,nan,,ok
350.67228700000004,3479.0,,branches:u,branches,5912226.0,55.0,nan,,ok
350.67228700000004,1548.0,,branch-misses:u,branch-misses,7752756.0,72.0,44.5,of all branches,ok
350.67228700000004,141353.0,,L1-dcache-loads:u,l1-dcache-loads,7760132.0,72.0,nan,,ok
350.67228700000004,43226.0,,cache-references:u,cache-references,7762660.0,72.0,nan,,ok
350.67228700000004,4417.0,,cache-misses:u,cache-misses,6899454.0,64.0,10.22,of all cache refs,ok
350.67228700000004,2791996.0,,stalled-cycles-frontend:u,stalled-cycles-frontend,2003715.0,18.0,59.06,frontend cycles idle,ok
361.494146,40415.0,,instructions:u,instructions,3634723.0,33.0,0.01,insn per cycle,ok
361.494146,nan,,,,nan,nan,53.5,stalled cycles per insn,unknown
361.494146,4293877.0,,cycles:u,cycles,3003155.0,27.0,nan,,ok
361.494146,4013.0,,branches:u,branches,4007064.0,37.0,nan,,ok
361.494146,1786.0,,branch-misses:u,branch-misses,5155504.0,47.0,44.51,of all branches,ok
361.494146,165454.0,,L1-dcache-loads:u,l1-dcache-loads,6124764.0,56.0,nan,,ok
361.494146,48090.0,,cache-references:u,cache-references,7114335.0,65.0,nan,,ok
361.494146,4651.0,,cache-misses:u,cache-misses,7774288.0,72.0,9.67,of all cache refs,ok
361.494146,2162236.0,,stalled-cycles-frontend:u,stalled-cycles-frontend,2687556.0,24.0,50.36,frontend cycles idle,ok
372.25619,45985.0,,instructions:u,instructions,5383985.0,50.0,0.01,insn per cycle,ok
372.25619,nan,,,,nan,nan,52.13,stalled cycles per insn,unknown
372.25619,4994745.0,,cycles:u,cycles,5421340.0,50.0,nan,,ok
372.25619,3345.0,,branches:u,branches,6442773.0,59.0,nan,,ok
372.25619,1394.0,,branch-misses:u,branch-misses,7447401.0,69.0,41.67,of all branches,ok
372.25619,124596.0,,L1-dcache-loads:u,l1-dcache-loads,6448273.0,59.0,nan,,ok
372.25619,38641.0,,cache-references:u,cache-references,5451873.0,50.0,nan,,ok
372.25619,4466.0,,cache-misses:u,cache-misses,5322944.0,49.0,11.56,of all cache refs,ok
372.25619,2397188.0,,stalled-cycles-frontend:u,stalled-cycles-frontend,3324569.0,30.0,47.99,frontend cycles idle,ok
383.074183,43365.0,,instructions:u,instructions,6000279.0,40.0,0.01,insn per cycle,ok
383.074183,nan,,,,nan,nan,53.88,stalled cycles per insn,unknown
383.074183,4865752.0,,cycles:u,cycles,5603763.0,37.0,nan,,ok
383.074183,4221.0,,branches:u,branches,7602282.0,51.0,nan,,ok
383.074183,1915.0,,branch-misses:u,branch-misses,9585742.0,64.0,45.37,of all branches,ok
383.074183,176151.0,,L1-dcache-loads:u,l1-dcache-loads,8787785.0,59.0,nan,,ok
383.074183,50070.0,,cache-references:u,cache-references,8772471.0,59.0,nan,,ok
383.074183,4823.0,,cache-misses:u,cache-misses,9226704.0,62.0,9.63,of all cache refs,ok
383.074183,2336493.0,,stalled-cycles-frontend:u,stalled-cycles-frontend,4004176.0,27.0,48.02,frontend cycles idle,ok
393.73305400000004,58171.0,,instructions:u,instructions,3882932.0,36.0,0.01,insn per cycle,ok
393.73305400000004,nan,,,,nan,nan,43.45,stalled cycles per insn,unknown
393.73305400000004,4911069.0,,cycles:u,cycles,3005150.0,28.0,nan,,ok
393.73305400000004,4168.0,,branches:u,branches,4002839.0,37.0,nan,,ok
393.73305400000004,1613.0,,branch-misses:u,branch-misses,5002809.0,46.0,38.7,of all branches,ok
393.73305400000004,133333.0,,L1-dcache-loads:u,l1-dcache-loads,5781072.0,54.0,nan,,ok
393.73305400000004,38829.0,,cache-references:u,cache-references,6765284.0,63.0,nan,,ok
393.73305400000004,4563.0,,cache-misses:u,cache-misses,7680741.0,71.0,11.75,of all cache refs,ok
393.73305400000004,2527487.0,,stalled-cycles-frontend:u,stalled-cycles-frontend,2934493.0,27.0,51.47,frontend cycles idle,ok
404.43607,57929.0,,instructions:u,instructions,5118471.0,34.0,0.01,insn per cycle,ok
404.43607,nan,,,,nan,nan,45.81,stalled cycles per insn,unknown
404.43607,5452274.0,,cycles:u,cycles,6591111.0,44.0,nan,,ok
404.43607,4159.0,,branches:u,branches,8593850.0,58.0,nan,,ok
404.43607,1660.0,,branch-misses:u,branch-misses,10609577.0,72.0,39.91,of all branches,ok
404.43607,142527.0,,L1-dcache-loads:u,l1-dcache-loads,10630717.0,72.0,nan,,ok
404.43607,42259.0,,cache-references:u,cache-references,9666431.0,65.0,nan,,ok
404.43607,4142.0,,cache-misses:u,cache-misses,8096235.0,54.0,9.8,of all cache refs,ok
404.43607,2653556.0,,stalled-cycles-frontend:u,stalled-cycles-frontend,3064422.0,20.0,48.67,frontend cycles idle,ok
415.435528,51566.0,,instructions:u,instructions,2999595.0,27.0,0.01,insn per cycle,ok
415.435528,nan,,,,nan,nan,40.47,stalled cycles per insn,unknown
415.435528,4557958.0,,cycles:u,cycles,3404087.0,31.0,nan,,ok
415.435528,3943.0,,branches:u,branches,5392766.0,49.0,nan,,ok
415.435528,1504.0,,branch-misses:u,branch-misses,7377987.0,67.0,38.14,of all branches,ok
415.435528,129055.0,,L1-dcache-loads:u,l1-dcache-loads,7946368.0,72.0,nan,,ok
415.435528,38242.0,,cache-references:u,cache-references,7952264.0,72.0,nan,,ok
415.435528,4400.0,,cache-misses:u,cache-misses,7609510.0,69.0,11.51,of all cache refs,ok
415.435528,2086682.0,,stalled-cycles-frontend:u,stalled-cycles-frontend,2000492.0,18.0,45.78,frontend cycles idle,ok
426.184042,48049.0,,instructions:u,instructions,4312674.0,38.0,0.01,insn per cycle,ok
426.184042,nan,,,,nan,nan,45.18,stalled cycles per insn,unknown
426.184042,4316579.0,,cycles:u,cycles,3328955.0,30.0,nan,,ok
426.184042,3120.0,,branches:u,branches,4341561.0,39.0,nan,,ok
426.184042,1255.0,,branch-misses:u,branch-misses,5348066.0,48.0,40.22,of all branches,ok
426.184042,120538.0,,L1-dcache-loads:u,l1-dcache-loads,5402860.0,48.0,nan,,ok
426.184042,40207.0,,cache-references:u,cache-references,6752278.0,60.0,nan,,ok
426.184042,5198.0,,cache-misses:u,cache-misses,7746545.0,69.0,12.93,of all cache refs,ok
426.184042,2170685.0,,stalled-cycles-frontend:u,stalled-cycles-frontend,3378344.0,30.0,50.29,frontend cycles idle,ok
436.949517,51543.0,,instructions:u,instructions,7693274.0,53.0,0.01,insn per cycle,ok
436.949517,nan,,,,nan,nan,50.33,stalled cycles per insn,unknown
436.949517,4570387.0,,cycles:u,cycles,7709056.0,53.0,nan,,ok
436.949517,3819.0,,branches:u,branches,8825826.0,60.0,nan,,ok
436.949517,1492.0,,branch-misses:u,branch-misses,9828412.0,67.0,39.07,of all branches,ok
436.949517,137389.0,,L1-dcache-loads:u,l1-dcache-loads,8184472.0,56.0,nan,,ok
436.949517,45321.0,,cache-references:u,cache-references,6827085.0,47.0,nan,,ok
436.949517,5849.0,,cache-misses:u,cache-misses,6800270.0,46.0,12.91,of all cache refs,ok
436.949517,2594056.0,,stalled-cycles-frontend:u,stalled-cycles-frontend,4623179.0,31.0,56.76,frontend cycles idle,ok
447.867011,71324.0,,instructions:u,instructions,2995121.0,27.0,0.01,insn per cycle,ok
447.867011,nan,,,,nan,nan,35.32,stalled cycles per insn,unknown
447.867011,5228735.0,,cycles:u,cycles,3002677.0,27.0,nan,,ok
447.867011,5334.0,,branches:u,branches,4874135.0,44.0,nan,,ok
447.867011,1709.0,,branch-misses:u,branch-misses,6863226.0,63.0,32.04,of all branches,ok
447.867011,149885.0,,L1-dcache-loads:u,l1-dcache-loads,7845293.0,72.0,nan,,ok
447.867011,45456.0,,cache-references:u,cache-references,7894231.0,72.0,nan,,ok
447.867011,5754.0,,cache-misses:u,cache-misses,7887074.0,72.0,12.66,of all cache refs,ok
447.867011,2518910.0,,stalled-cycles-frontend:u,stalled-cycles-frontend,1997552.0,18.0,48.17,frontend cycles idle,ok
458.660537,78187.0,,instructions:u,instructions,4807009.0,32.0,0.02,insn per cycle,ok
458.660537,nan,,,,nan,nan,37.67,stalled cycles per insn,unknown
458.660537,4561088.0,,cycles:u,cycles,4811714.0,32.0,nan,,ok
458.660537,4682.0,,branches:u,branches,6818629.0,46.0,nan,,ok
458.660537,1784.0,,branch-misses:u,branch-misses,8825970.0,59.0,38.1,of all branches,ok
458.660537,149336.0,,L1-dcache-loads:u,l1-dcache-loads,8998144.0,60.0,nan,,ok
458.660537,44160.0,,cache-references:u,cache-references,9948800.0,67.0,nan,,ok
458.660537,5573.0,,cache-misses:u,cache-misses,9946524.0,67.0,12.62,of all cache refs,ok
458.660537,2945056.0,,stalled-cycles-frontend:u,stalled-cycles-frontend,3855543.0,26.0,64.57,frontend cycles idle,ok
469.31675099999995,66464.0,,instructions:u,instructions,4208346.0,39.0,0.01,insn per cycle,ok
469.31675099999995,nan,,,,nan,nan,30.38,stalled cycles per insn,unknown
469.31675099999995,5133285.0,,cycles:u,cycles,5196067.0,48.0,nan,,ok
469.31675099999995,5549.0,,branches:u,branches,6662039.0,62.0,nan,,ok
469.31675099999995,1793.0,,branch-misses:u,branch-misses,7662823.0,71.0,32.31,of all branches,ok
469.31675099999995,165927.0,,L1-dcache-loads:u,l1-dcache-loads,7493501.0,70.0,nan,,ok
469.31675099999995,48794.0,,cache-references:u,cache-references,6498618.0,60.0,nan,,ok
469.31675099999995,6056.0,,cache-misses:u,cache-misses,5507222.0,51.0,12.41,of all cache refs,ok
469.31675099999995,2019474.0,,stalled-cycles-frontend:u,stalled-cycles-frontend,2150066.0,20.0,39.34,frontend cycles idle,ok
480.073198,56749.0,,instructions:u,instructions,6019276.0,40.0,0.01,insn per cycle,ok
480.073198,nan,,,,nan,nan,47.67,stalled cycles per insn,unknown
480.073198,3852103.0,,cycles:u,cycles,5046662.0,33.0,nan,,ok
480.073198,4540.0,,branches:u,branches,6592824.0,44.0,nan,,ok
480.073198,1753.0,,branch-misses:u,branch-misses,8564807.0,57.0,38.61,of all branches,ok
480.073198,166171.0,,L1-dcache-loads:u,l1-dcache-loads,8543990.0,57.0,nan,,ok
480.073198,53155.0,,cache-references:u,cache-references,8899539.0,59.0,nan,,ok
480.073198,7279.0,,cache-misses:u,cache-misses,9889649.0,66.0,13.69,of all cache refs,ok
480.073198,2705330.0,,stalled-cycles-frontend:u,stalled-cycles-frontend,4002731.0,26.0,70.23,frontend cycles idle,ok
491.56548300000003,59635.0,,instructions:u,instructions,5692848.0,49.0,0.01,insn per cycle,ok
491.56548300000003,nan,,,,nan,nan,32.87,stalled cycles per insn,unknown
491.56548300000003,4872999.0,,cycles:u,cycles,4725076.0,41.0,nan,,ok
491.56548300000003,4521.0,,branches:u,branches,5740516.0,50.0,nan,,ok
491.56548300000003,1521.0,,branch-misses:u,branch-misses,6748484.0,59.0,33.64,of all branches,ok
491.56548300000003,149311.0,,L1-dcache-loads:u,l1-dcache-loads,5758403.0,50.0,nan,,ok
491.56548300000003,44301.0,,cache-references:u,cache-references,5628360.0,49.0,nan,,ok
491.56548300000003,6334.0,,cache-misses:u,cache-misses,6587721.0,57.0,14.3,of all cache refs,ok
491.56548300000003,1960161.0,,stalled-cycles-frontend:u,stalled-cycles-frontend,3992103.0,35.0,40.22,frontend cycles idle,ok
502.48696800000005,85922.0,,instructions:u,instructions,3320860.0,21.0,0.02,insn per cycle,ok
502.48696800000005,nan,,,,nan,nan,29.55,stalled cycles per insn,unknown
502.48696800000005,4862521.0,,cycles:u,cycles,4454558.0,29.0,nan,,ok
502.48696800000005,5529.0,,branches:u,branches,7447946.0,49.0,nan,,ok
502.48696800000005,1930.0,,branch-misses:u,branch-misses,10110206.0,66.0,34.91,of all branches,ok
502.48696800000005,185590.0,,L1-dcache-loads:u,l1-dcache-loads,11113296.0,73.0,nan,,ok
502.48696800000005,58551.0,,cache-references:u,cache-references,11875589.0,78.0,nan,,ok
502.48696800000005,8001.0,,cache-misses:u,cache-misses,10737063.0,70.0,13.67,of all cache refs,ok
502.48696800000005,2539335.0,,stalled-cycles-frontend:u,stalled-cycles-frontend,2022187.0,13.0,52.22,frontend cycles idle,ok
513.500134,65913.0,,instructions:u,instructions,3639199.0,33.0,0.01,insn per cycle,ok
513.500134,nan,,,,nan,nan,29.67,stalled cycles per insn,unknown
513.500134,4990887.0,,cycles:u,cycles,3004046.0,27.0,nan,,ok
513.500134,3937.0,,branches:u,branches,4006249.0,36.0,nan,,ok
513.500134,1175.0,,branch-misses:u,branch-misses,5335793.0,48.0,29.85,of all branches,ok
513.500134,122588.0,,L1-dcache-loads:u,l1-dcache-loads,6311535.0,57.0,nan,,ok
513.500134,40583.0,,cache-references:u,cache-references,7298300.0,66.0,nan,,ok
513.500134,6515.0,,cache-misses:u,cache-misses,7959385.0,72.0,16.05,of all cache refs,ok
513.500134,1955312.0,,stalled-cycles-frontend:u,stalled-cycles-frontend,2686856.0,24.0,39.18,frontend cycles idle,ok
524.344873,21662.0,,instructions:u,instructions,5361106.0,49.0,0.02,insn per cycle,ok
524.344873,nan,,,,nan,nan,35.7,stalled cycles per insn,unknown
524.344873,934676.0,,cycles:u,cycles,5505513.0,50.0,nan,,ok
524.344873,1072.0,,branches:u,branches,6514439.0,59.0,nan,,ok
524.344873,255.0,,branch-misses:u,branch-misses,7529601.0,69.0,23.79,of all branches,ok
524.344873,3326.0,,L1-dcache-loads:u,l1-dcache-loads,6530591.0,60.0,nan,,ok
524.344873,0.0,,cache-references:u,cache-references,5556098.0,51.0,nan,,ok
524.344873,382.0,,cache-misses:u,cache-misses,5318624.0,48.0,nan,,ok
524.344873,773248.0,,stalled-cycles-frontend:u,stalled-cycles-frontend,3325713.0,30.0,82.73,frontend cycles idle,ok
535.3836779999999,10504.0,,instructions:u,instructions,5990725.0,39.0,0.01,insn per cycle,ok
535.3836779999999,nan,,,,nan,nan,115.91,stalled cycles per insn,unknown
535.3836779999999,1452182.0,,cycles:u,cycles,6500698.0,43.0,nan,,ok
535.3836779999999,672.0,,branches:u,branches,8537717.0,56.0,nan,,ok
535.3836779999999,253.0,,branch-misses:u,branch-misses,10520052.0,69.0,37.65,of all branches,ok
535.3836779999999,15384.0,,L1-dcache-loads:u,l1-dcache-loads,10062580.0,66.0,nan,,ok
535.3836779999999,2639.0,,cache-references:u,cache-references,9089973.0,60.0,nan,,ok
535.3836779999999,348.0,,cache-misses:u,cache-misses,8653876.0,57.0,13.19,of all cache refs,ok
535.3836779999999,1217550.0,,stalled-cycles-frontend:u,stalled-cycles-frontend,4008122.0,26.0,83.84,frontend cycles idle,ok
546.218221,0.0,,instructions:u,instructions,4347136.0,40.0,nan,,ok
546.218221,0.0,,cycles:u,cycles,3368647.0,31.0,nan,,ok
546.218221,0.0,,branches:u,branches,4388567.0,40.0,nan,,ok
546.218221,0.0,,branch-misses:u,branch-misses,5389795.0,49.0,nan,,ok
546.218221,0.0,,L1-dcache-loads:u,l1-dcache-loads,5415514.0,50.0,nan,,ok
546.218221,0.0,,cache-references:u,cache-references,6403252.0,59.0,nan,,ok
546.218221,0.0,,cache-misses:u,cache-misses,7375605.0,68.0,nan,,ok
546.218221,0.0,,stalled-cycles-frontend:u,stalled-cycles-frontend,3411568.0,31.0,nan,,ok
557.063705,0.0,,instructions:u,instructions,4643592.0,36.0,nan,,ok
557.063705,0.0,,cycles:u,cycles,5640762.0,43.0,nan,,ok
557.063705,63.0,,branches:u,branches,7675049.0,59.0,nan,,ok
557.063705,87.0,,branch-misses:u,branch-misses,9669609.0,75.0,138.1,of all branches,ok
557.063705,8716.0,,L1-dcache-loads:u,l1-dcache-loads,9294891.0,72.0,nan,,ok
557.063705,3135.0,,cache-references:u,cache-references,8324237.0,64.0,nan,,ok
557.063705,419.0,,cache-misses:u,cache-misses,7341068.0,56.0,13.37,of all cache refs,ok
557.063705,0.0,,stalled-cycles-frontend:u,stalled-cycles-frontend,2577918.0,19.0,nan,,ok
567.641094,0.0,,instructions:u,instructions,3044106.0,24.0,nan,,ok
567.641094,0.0,,cycles:u,cycles,2994246.0,24.0,nan,,ok
567.641094,0.0,,branches:u,branches,4728492.0,38.0,nan,,ok
567.641094,0.0,,branch-misses:u,branch-misses,6722088.0,54.0,nan,,ok
567.641094,5672.0,,L1-dcache-loads:u,l1-dcache-loads,8323535.0,67.0,nan,,ok
567.641094,3402.0,,cache-references:u,cache-references,9318328.0,75.0,nan,,ok
567.641094,352.0,,cache-misses:u,cache-misses,9351924.0,75.0,10.35,of all cache refs,ok
567.641094,0.0,,stalled-cycles-frontend:u,stalled-cycles-frontend,2047472.0,16.0,nan,,ok
578.345937,0.0,,instructions:u,instructions,4489936.0,41.0,nan,,ok
578.345937,0.0,,cycles:u,cycles,3503164.0,32.0,nan,,ok
578.345937,0.0,,branches:u,branches,4518382.0,42.0,nan,,ok
578.345937,0.0,,branch-misses:u,branch-misses,5525783.0,51.0,nan,,ok
578.345937,0.0,,L1-dcache-loads:u,l1-dcache-loads,5156735.0,48.0,nan,,ok
578.345937,0.0,,cache-references:u,cache-references,6135206.0,57.0,nan,,ok
578.345937,0.0,,cache-misses:u,cache-misses,7125013.0,66.0,nan,,ok
578.345937,0.0,,stalled-cycles-frontend:u,stalled-cycles-frontend,3558936.0,33.0,nan,,ok
589.0767609999999,7448.0,,instructions:u,instructions,7493667.0,50.0,0.01,insn per cycle,ok
589.0767609999999,nan,,,,nan,nan,156.7,stalled cycles per insn,unknown
589.0767609999999,1084643.0,,cycles:u,cycles,8497907.0,57.0,nan,,ok
589.0767609999999,508.0,,branches:u,branches,9846985.0,66.0,nan,,ok
589.0767609999999,215.0,,branch-misses:u,branch-misses,10862439.0,73.0,42.32,of all branches,ok
589.0767609999999,15110.0,,L1-dcache-loads:u,l1-dcache-loads,9408169.0,63.0,nan,,ok
589.0767609999999,3164.0,,cache-references:u,cache-references,7433111.0,49.0,nan,,ok
589.0767609999999,446.0,,cache-misses:u,cache-misses,6437863.0,43.0,14.1,of all cache refs,ok
589.0767609999999,1167127.0,,stalled-cycles-frontend:u,stalled-cycles-frontend,4438386.0,29.0,107.6,frontend cycles idle,ok
600.158102,0.0,,instructions:u,instructions,3000222.0,27.0,nan,,ok
600.158102,0.0,,cycles:u,cycles,3000455.0,27.0,nan,,ok
600.158102,0.0,,branches:u,branches,4695272.0,42.0,nan,,ok
600.158102,0.0,,branch-misses:u,branch-misses,6667467.0,60.0,nan,,ok
600.158102,0.0,,L1-dcache-loads:u,l1-dcache-loads,7632727.0,69.0,nan,,ok
600.158102,0.0,,cache-references:u,cache-references,7954345.0,72.0,nan,,ok
600.158102,0.0,,cache-misses:u,cache-misses,7941235.0,72.0,nan,,ok
600.158102,0.0,,stalled-cycles-frontend:u,stalled-cycles-frontend,2002941.0,18.0,nan,,ok
610.8363949999999,8349.0,,instructions:u,instructions,4012745.0,45.0,nan,,ok
610.8363949999999,nan,,,,nan,nan,67.94,stalled cycles per insn,unknown
610.8363949999999,0.0,,cycles:u,cycles,2179719.0,24.0,nan,,ok
610.8363949999999,875.0,,branches:u,branches,3170071.0,35.0,nan,,ok
610.8363949999999,656.0,,branch-misses:u,branch-misses,4168229.0,47.0,74.97,of all branches,ok
610.8363949999999,93505.0,,L1-dcache-loads:u,l1-dcache-loads,4138951.0,46.0,nan,,ok
610.8363949999999,33401.0,,cache-references:u,cache-references,4798536.0,54.0,nan,,ok
610.8363949999999,2542.0,,cache-misses:u,cache-misses,6620750.0,75.0,7.61,of all cache refs,ok
610.8363949999999,567265.0,,stalled-cycles-frontend:u,stalled-cycles-frontend,3013100.0,34.0,nan,,ok
621.511728,nan,,instructions:u,instructions,0.0,100.0,nan,,ok
621.511728,nan,,cycles:u,cycles,0.0,100.0,nan,,ok
621.511728,nan,,branches:u,branches,0.0,100.0,nan,,ok
621.511728,nan,,branch-misses:u,branch-misses,0.0,100.0,nan,,ok
621.511728,nan,,L1-dcache-loads:u,l1-dcache-loads,0.0,100.0,nan,,ok
621.511728,nan,,cache-references:u,cache-references,0.0,100.0,nan,,ok
621.511728,nan,,cache-misses:u,cache-misses,0.0,100.0,nan,,ok
621.511728,nan,,stalled-cycles-frontend:u,stalled-cycles-frontend,0.0,100.0,nan,,ok
632.387614,0.0,,instructions:u,instructions,3000326.0,33.0,nan,,ok
632.387614,0.0,,cycles:u,cycles,3984459.0,44.0,nan,,ok
632.387614,0.0,,branches:u,branches,5002198.0,55.0,nan,,ok
632.387614,0.0,,branch-misses:u,branch-misses,6004521.0,66.0,nan,,ok
632.387614,0.0,,L1-dcache-loads:u,l1-dcache-loads,5994162.0,66.0,nan,,ok
632.387614,0.0,,cache-references:u,cache-references,6000282.0,66.0,nan,,ok
632.387614,0.0,,cache-misses:u,cache-misses,5016149.0,55.0,nan,,ok
632.387614,0.0,,stalled-cycles-frontend:u,stalled-cycles-frontend,2003775.0,22.0,nan,,ok
643.170348,14357.0,,instructions:u,instructions,1979446.0,46.0,0.01,insn per cycle,ok
643.170348,nan,,,,nan,nan,53.77,stalled cycles per insn,unknown
643.170348,1615345.0,,cycles:u,cycles,2978228.0,69.0,nan,,ok
643.170348,1464.0,,branches:u,branches,3979744.0,92.0,nan,,ok
643.170348,674.0,,branch-misses:u,branch-misses,4302851.0,100.0,46.04,of all branches,ok
643.170348,60724.0,,L1-dcache-loads:u,l1-dcache-loads,3325337.0,77.0,nan,,ok
643.170348,19396.0,,cache-references:u,cache-references,2338144.0,54.0,nan,,ok
643.170348,1925.0,,cache-misses:u,cache-misses,1347946.0,31.0,9.92,of all cache refs,ok
643.170348,772041.0,,stalled-cycles-frontend:u,stalled-cycles-frontend,984721.0,22.0,47.79,frontend cycles idle,ok
653.846987,0.0,,instructions:u,instructions,787924.0,14.0,nan,,ok
653.846987,nan,,cycles:u,cycles,0.0,0.0,nan,,ok
653.846987,0.0,,branches:u,branches,985536.0,17.0,nan,,ok
653.846987,271.0,,branch-misses:u,branch-misses,2661028.0,48.0,nan,,ok
653.846987,17050.0,,L1-dcache-loads:u,l1-dcache-loads,3677307.0,67.0,nan,,ok
653.846987,3808.0,,cache-references:u,cache-references,4669928.0,85.0,nan,,ok
653.846987,315.0,,cache-misses:u,cache-misses,5449268.0,100.0,8.27,of all cache refs,ok
653.846987,0.0,,stalled-cycles-frontend:u,stalled-cycles-frontend,787924.0,14.0,nan,,ok
664.682777,nan,,instructions:u,instructions,0.0,100.0,nan,,ok
664.682777,nan,,cycles:u,cycles,0.0,100.0,nan,,ok
664.682777,nan,,branches:u,branches,0.0,100.0,nan,,ok
664.682777,nan,,branch-misses:u,branch-misses,0.0,100.0,nan,,ok
664.682777,nan,,L1-dcache-loads:u,l1-dcache-loads,0.0,100.0,nan,,ok
664.682777,nan,,cache-references:u,cache-references,0.0,100.0,nan,,ok
664.682777,nan,,cache-misses:u,cache-misses,0.0,100.0,nan,,ok
664.682777,nan,,stalled-cycles-frontend:u,stalled-cycles-frontend,0.0,100.0,nan,,ok
675.340991,0.0,,instructions:u,instructions,1458586.0,100.0,nan,,ok
675.340991,0.0,,cycles:u,cycles,479670.0,32.0,nan,,ok
675.340991,0.0,,branches:u,branches,486562.0,32.0,nan,,ok
675.340991,0.0,,branch-misses:u,branch-misses,494611.0,33.0,nan,,ok
675.340991,nan,,L1-dcache-loads:u,l1-dcache-loads,0.0,0.0,nan,,ok
675.340991,nan,,cache-references:u,cache-references,0.0,0.0,nan,,ok
675.340991,0.0,,cache-misses:u,cache-misses,990760.0,66.0,nan,,ok
675.340991,0.0,,stalled-cycles-frontend:u,stalled-cycles-frontend,1506825.0,100.0,nan,,ok
685.9269529999999,9982.0,,instructions:u,instructions,3584486.0,37.0,0.02,insn per cycle,ok
685.9269529999999,nan,,,,nan,nan,117.49,stalled cycles per insn,unknown
685.9269529999999,542614.0,,cycles:u,cycles,3573762.0,37.0,nan,,ok
685.9269529999999,304.0,,branches:u,branches,4571246.0,47.0,nan,,ok
685.9269529999999,112.0,,branch-misses:u,branch-misses,5561719.0,57.0,36.84,of all branches,ok
685.9269529999999,7474.0,,L1-dcache-loads:u,l1-dcache-loads,6032809.0,62.0,nan,,ok
685.9269529999999,4436.0,,cache-references:u,cache-references,6047623.0,63.0,nan,,ok
685.9269529999999,954.0,,cache-misses:u,cache-misses,6046503.0,63.0,21.51,of all cache refs,ok
685.9269529999999,1172765.0,,stalled-cycles-frontend:u,stalled-cycles-frontend,2490800.0,25.0,216.13,frontend cycles idle,ok
696.6263190000001,nan,,instructions:u,instructions,0.0,100.0,nan,,ok
696.6263190000001,nan,,cycles:u,cycles,0.0,100.0,nan,,ok
696.6263190000001,nan,,branches:u,branches,0.0,100.0,nan,,ok
696.6263190000001,nan,,branch-misses:u,branch-misses,0.0,100.0,nan,,ok
696.6263190000001,nan,,L1-dcache-loads:u,l1-dcache-loads,0.0,100.0,nan,,ok
696.6263190000001,nan,,cache-references:u,cache-references,0.0,100.0,nan,,ok
696.6263190000001,nan,,cache-misses:u,cache-misses,0.0,100.0,nan,,ok
696.6263190000001,nan,,stalled-cycles-frontend:u,stalled-cycles-frontend,0.0,100.0,nan,,ok
707.62526,0.0,,instructions:u,instructions,2991431.0,45.0,nan,,ok
707.62526,0.0,,cycles:u,cycles,2993276.0,45.0,nan,,ok
707.62526,0.0,,branches:u,branches,3997499.0,60.0,nan,,ok
707.62526,0.0,,branch-misses:u,branch-misses,4800039.0,72.0,nan,,ok
707.62526,0.0,,L1-dcache-loads:u,l1-dcache-loads,3821479.0,57.0,nan,,ok
707.62526,0.0,,cache-references:u,cache-references,3642785.0,54.0,nan,,ok
707.62526,0.0,,cache-misses:u,cache-misses,3653892.0,54.0,nan,,ok
707.62526,0.0,,stalled-cycles-frontend:u,stalled-cycles-frontend,1992702.0,29.0,nan,,ok
718.560738,13607.0,,instructions:u,instructions,987251.0,21.0,0.01,insn per cycle,ok
718.560738,1603142.0,,cycles:u,cycles,1990803.0,43.0,nan,,ok
718.560738,1030.0,,branches:u,branches,2982352.0,64.0,nan,,ok
718.560738,445.0,,branch-misses:u,branch-misses,4169914.0,90.0,43.2,of all branches,ok
718.560738,35720.0,,L1-dcache-loads:u,l1-dcache-loads,4568030.0,100.0,nan,,ok
718.560738,9563.0,,cache-references:u,cache-references,3564255.0,78.0,nan,,ok
718.560738,1017.0,,cache-misses:u,cache-misses,2547751.0,56.0,10.63,of all cache refs,ok
718.560738,nan,,stalled-cycles-frontend:u,stalled-cycles-frontend,0.0,0.0,nan,,ok
729.2493460000001,nan,,instructions:u,instructions,0.0,100.0,nan,,ok
729.2493460000001,nan,,cycles:u,cycles,0.0,100.0,nan,,ok
729.2493460000001,nan,,branches:u,branches,0.0,100.0,nan,,ok
729.2493460000001,nan,,branch-misses:u,branch-misses,0.0,100.0,nan,,ok
729.2493460000001,nan,,L1-dcache-loads:u,l1-dcache-loads,0.0,100.0,nan,,ok
729.2493460000001,nan,,cache-references:u,cache-references,0.0,100.0,nan,,ok
729.2493460000001,nan,,cache-misses:u,cache-misses,0.0,100.0,nan,,ok
729.2493460000001,nan,,stalled-cycles-frontend:u,stalled-cycles-frontend,0.0,100.0,nan,,ok
739.794064,nan,,instructions:u,instructions,0.0,100.0,nan,,ok
739.794064,nan,,cycles:u,cycles,0.0,100.0,nan,,ok
739.794064,nan,,branches:u,branches,0.0,100.0,nan,,ok
739.794064,nan,,branch-misses:u,branch-misses,0.0,100.0,nan,,ok
739.794064,nan,,L1-dcache-loads:u,l1-dcache-loads,0.0,100.0,nan,,ok
739.794064,nan,,cache-references:u,cache-references,0.0,100.0,nan,,ok
739.794064,nan,,cache-misses:u,cache-misses,0.0,100.0,nan,,ok
739.794064,nan,,stalled-cycles-frontend:u,stalled-cycles-frontend,0.0,100.0,nan,,ok
750.60726,5575.0,,instructions:u,instructions,5070367.0,50.0,0.01,insn per cycle,ok
750.60726,nan,,,,nan,nan,140.14,stalled cycles per insn,unknown
750.60726,461600.0,,cycles:u,cycles,4041845.0,40.0,nan,,ok
750.60726,318.0,,branches:u,branches,4074991.0,40.0,nan,,ok
750.60726,140.0,,branch-misses:u,branch-misses,4074991.0,40.0,44.03,of all branches,ok
750.60726,11293.0,,L1-dcache-loads:u,l1-dcache-loads,4053667.0,40.0,nan,,ok
750.60726,4733.0,,cache-references:u,cache-references,4987032.0,49.0,nan,,ok
750.60726,769.0,,cache-misses:u,cache-misses,6015554.0,59.0,16.25,of all cache refs,ok
750.60726,781284.0,,stalled-cycles-frontend:u,stalled-cycles-frontend,4019201.0,39.0,169.26,frontend cycles idle,ok
761.466529,nan,,instructions:u,instructions,0.0,100.0,nan,,ok
761.466529,nan,,cycles:u,cycles,0.0,100.0,nan,,ok
761.466529,nan,,branches:u,branches,0.0,100.0,nan,,ok
761.466529,nan,,branch-misses:u,branch-misses,0.0,100.0,nan,,ok
761.466529,nan,,L1-dcache-loads:u,l1-dcache-loads,0.0,100.0,nan,,ok
761.466529,nan,,cache-references:u,cache-references,0.0,100.0,nan,,ok
761.466529,nan,,cache-misses:u,cache-misses,0.0,100.0,nan,,ok
761.466529,nan,,stalled-cycles-frontend:u,stalled-cycles-frontend,0.0,100.0,nan,,ok
783.403128,27344.0,,instructions:u,instructions,980420.0,16.0,0.01,insn per cycle,ok
783.403128,2379378.0,,cycles:u,cycles,1980415.0,33.0,nan,,ok
783.403128,1803.0,,branches:u,branches,4278144.0,73.0,nan,,ok
783.403128,781.0,,branch-misses:u,branch-misses,5804637.0,99.0,43.32,of all branches,ok
783.403128,68296.0,,L1-dcache-loads:u,l1-dcache-loads,5828062.0,100.0,nan,,ok
783.403128,18293.0,,cache-references:u,cache-references,4847642.0,83.0,nan,,ok
783.403128,1417.0,,cache-misses:u,cache-misses,3847647.0,66.0,7.75,of all cache refs,ok
783.403128,nan,,stalled-cycles-frontend:u,stalled-cycles-frontend,0.0,0.0,nan,,ok
794.160412,nan,,instructions:u,instructions,0.0,0.0,nan,,ok
794.160412,nan,,cycles:u,cycles,0.0,0.0,nan,,ok
794.160412,nan,,branches:u,branches,0.0,0.0,nan,,ok
794.160412,nan,,branch-misses:u,branch-misses,0.0,0.0,nan,,ok
794.160412,2387.0,,L1-dcache-loads:u,l1-dcache-loads,264709.0,84.0,nan,,ok
794.160412,597.0,,cache-references:u,cache-references,311945.0,100.0,nan,,ok
794.160412,92.0,,cache-misses:u,cache-misses,311945.0,100.0,15.41,of all cache refs,ok
794.160412,nan,,stalled-cycles-frontend:u,stalled-cycles-frontend,0.0,0.0,nan,,ok
804.721592,247.0,,instructions:u,instructions,70395.0,100.0,0.01,insn per cycle,ok
804.721592,nan,,,,nan,nan,84.52,stalled cycles per insn,unknown
804.721592,22918.0,,cycles:u,cycles,70395.0,100.0,nan,,ok
804.721592,56.0,,branches:u,branches,70395.0,100.0,nan,,ok
804.721592,48.0,,branch-misses:u,branch-misses,526315.0,100.0,85.71,of all branches,ok
804.721592,603.0,,L1-dcache-loads:u,l1-dcache-loads,455920.0,86.0,nan,,ok
804.721592,414.0,,cache-references:u,cache-references,455920.0,86.0,nan,,ok
804.721592,227.0,,cache-misses:u,cache-misses,455920.0,86.0,54.83,of all cache refs,ok
804.721592,20876.0,,stalled-cycles-frontend:u,stalled-cycles-frontend,70395.0,100.0,91.09,frontend cycles idle,ok
818.4029400000001,41898.0,,instructions:u,instructions,3003359.0,39.0,0.01,insn per cycle,ok
818.4029400000001,nan,,,,nan,nan,43.11,stalled cycles per insn,unknown
818.4029400000001,3241039.0,,cycles:u,cycles,3000972.0,39.0,nan,,ok
818.4029400000001,3213.0,,branches:u,branches,3999033.0,53.0,nan,,ok
818.4029400000001,1321.0,,branch-misses:u,branch-misses,5000525.0,66.0,41.11,of all branches,ok
818.4029400000001,109856.0,,L1-dcache-loads:u,l1-dcache-loads,4561147.0,60.0,nan,,ok
818.4029400000001,30072.0,,cache-references:u,cache-references,4550757.0,60.0,nan,,ok
818.4029400000001,3158.0,,cache-misses:u,cache-misses,4560893.0,60.0,10.5,of all cache refs,ok
818.4029400000001,1806163.0,,stalled-cycles-frontend:u,stalled-cycles-frontend,2005473.0,26.0,55.73,frontend cycles idle,ok
829.053324,0.0,,instructions:u,instructions,24834.0,1.0,nan,,ok
829.053324,nan,,cycles:u,cycles,0.0,0.0,nan,,ok
829.053324,nan,,branches:u,branches,0.0,0.0,nan,,ok
829.053324,nan,,branch-misses:u,branch-misses,0.0,0.0,nan,,ok
829.053324,22755.0,,L1-dcache-loads:u,l1-dcache-loads,437565.0,29.0,nan,,ok
829.053324,4986.0,,cache-references:u,cache-references,1434189.0,98.0,nan,,ok
829.053324,491.0,,cache-misses:u,cache-misses,1451274.0,100.0,9.85,of all cache refs,ok
829.053324,0.0,,stalled-cycles-frontend:u,stalled-cycles-frontend,24834.0,1.0,nan,,ok
840.107707,14893.0,,instructions:u,instructions,2073878.0,62.0,0.01,insn per cycle,ok
840.107707,nan,,,,nan,nan,43.32,stalled cycles per insn,unknown
840.107707,1312422.0,,cycles:u,cycles,2998628.0,90.0,nan,,ok
840.107707,1256.0,,branches:u,branches,3270633.0,97.0,nan,,ok
840.107707,558.0,,branch-misses:u,branch-misses,3279606.0,97.0,44.43,of all branches,ok
840.107707,46831.0,,L1-dcache-loads:u,l1-dcache-loads,2284877.0,67.0,nan,,ok
840.107707,12081.0,,cache-references:u,cache-references,1294989.0,38.0,nan,,ok
840.107707,1098.0,,cache-misses:u,cache-misses,378072.0,11.0,9.09,of all cache refs,ok
840.107707,645233.0,,stalled-cycles-frontend:u,stalled-cycles-frontend,1075355.0,31.0,49.16,frontend cycles idle,ok
851.2895000000001,19147.0,,instructions:u,instructions,2032154.0,35.0,0.01,insn per cycle,ok
851.2895000000001,nan,,,,nan,nan,50.52,stalled cycles per insn,unknown
851.2895000000001,2252975.0,,cycles:u,cycles,1031857.0,17.0,nan,,ok
851.2895000000001,1549.0,,branches:u,branches,1769739.0,30.0,nan,,ok
851.2895000000001,674.0,,branch-misses:u,branch-misses,2754332.0,47.0,43.51,of all branches,ok
851.2895000000001,66665.0,,L1-dcache-loads:u,l1-dcache-loads,2746782.0,47.0,nan,,ok
851.2895000000001,20138.0,,cache-references:u,cache-references,3703823.0,64.0,nan,,ok
851.2895000000001,1963.0,,cache-misses:u,cache-misses,4696287.0,81.0,9.75,of all cache refs,ok
851.2895000000001,967372.0,,stalled-cycles-frontend:u,stalled-cycles-frontend,2002033.0,34.0,42.94,frontend cycles idle,ok
861.910944,3206.0,,instructions:u,instructions,243511.0,20.0,0.01,insn per cycle,ok
861.910944,273810.0,,cycles:u,cycles,978246.0,80.0,nan,,ok
861.910944,211.0,,branches:u,branches,1208868.0,100.0,nan,,ok
861.910944,98.0,,branch-misses:u,branch-misses,1208868.0,100.0,46.45,of all branches,ok
861.910944,8415.0,,L1-dcache-loads:u,l1-dcache-loads,1208868.0,100.0,nan,,ok
861.910944,2223.0,,cache-references:u,cache-references,965357.0,79.0,nan,,ok
861.910944,298.0,,cache-misses:u,cache-misses,230622.0,19.0,13.41,of all cache refs,ok
861.910944,nan,,stalled-cycles-frontend:u,stalled-cycles-frontend,0.0,0.0,nan,,ok
872.926254,nan,,instructions:u,instructions,0.0,0.0,nan,,ok
872.926254,nan,,cycles:u,cycles,0.0,0.0,nan,,ok
872.926254,310.0,,branches:u,branches,984288.0,94.0,nan,,ok
872.926254,135.0,,branch-misses:u,branch-misses,1060169.0,100.0,43.55,of all branches,ok
872.926254,11904.0,,L1-dcache-loads:u,l1-dcache-loads,1071038.0,100.0,nan,,ok
872.926254,3433.0,,cache-references:u,cache-references,1080615.0,100.0,nan,,ok
872.926254,428.0,,cache-misses:u,cache-misses,1091598.0,100.0,12.47,of all cache refs,ok
872.926254,nan,,stalled-cycles-frontend:u,stalled-cycles-frontend,0.0,0.0,nan,,ok
883.557404,44879.0,,instructions:u,instructions,3001739.0,28.0,0.01,insn per cycle,ok
883.557404,nan,,,,nan,nan,55.34,stalled cycles per insn,unknown
883.557404,4411751.0,,cycles:u,cycles,3002281.0,28.0,nan,,ok
883.557404,3208.0,,branches:u,branches,4005737.0,37.0,nan,,ok
883.557404,1422.0,,branch-misses:u,branch-misses,5935977.0,55.0,44.33,of all branches,ok
883.557404,126026.0,,L1-dcache-loads:u,l1-dcache-loads,6905311.0,64.0,nan,,ok
883.557404,36205.0,,cache-references:u,cache-references,7658742.0,71.0,nan,,ok
883.557404,3990.0,,cache-misses:u,cache-misses,7661971.0,71.0,11.02,of all cache refs,ok
883.557404,2483760.0,,stalled-cycles-frontend:u,stalled-cycles-frontend,1997117.0,18.0,56.3,frontend cycles idle,ok
894.35109,5513.0,,instructions:u,instructions,1026689.0,78.0,nan,,ok
894.35109,nan,,,,nan,nan,40.65,stalled cycles per insn,unknown
894.35109,0.0,,cycles:u,cycles,23752.0,1.0,nan,,ok
894.35109,0.0,,branches:u,branches,23752.0,1.0,nan,,ok
894.35109,0.0,,branch-misses:u,branch-misses,23752.0,1.0,nan,,ok
894.35109,nan,,L1-dcache-loads:u,l1-dcache-loads,0.0,0.0,nan,,ok
894.35109,3847.0,,cache-references:u,cache-references,234360.0,18.0,nan,,ok
894.35109,485.0,,cache-misses:u,cache-misses,1222543.0,98.0,12.61,of all cache refs,ok
894.35109,224124.0,,stalled-cycles-frontend:u,stalled-cycles-frontend,1026689.0,83.0,nan,,ok
905.238611,20722.0,,instructions:u,instructions,1979911.0,49.0,0.01,insn per cycle,ok
905.238611,nan,,,,nan,nan,37.89,stalled cycles per insn,unknown
905.238611,1597887.0,,cycles:u,cycles,2980866.0,74.0,nan,,ok
905.238611,1675.0,,branches:u,branches,3980318.0,99.0,nan,,ok
905.238611,701.0,,branch-misses:u,branch-misses,4010697.0,100.0,41.85,of all branches,ok
905.238611,61995.0,,L1-dcache-loads:u,l1-dcache-loads,3029806.0,75.0,nan,,ok
905.238611,19840.0,,cache-references:u,cache-references,2030786.0,50.0,nan,,ok
905.238611,1900.0,,cache-misses:u,cache-misses,1029831.0,25.0,9.58,of all cache refs,ok
905.238611,785063.0,,stalled-cycles-frontend:u,stalled-cycles-frontend,980891.0,24.0,49.13,frontend cycles idle,ok
916.147202,nan,,instructions:u,instructions,0.0,100.0,nan,,ok
916.147202,nan,,cycles:u,cycles,0.0,100.0,nan,,ok
916.147202,nan,,branches:u,branches,0.0,100.0,nan,,ok
916.147202,nan,,branch-misses:u,branch-misses,0.0,100.0,nan,,ok
916.147202,nan,,L1-dcache-loads:u,l1-dcache-loads,0.0,100.0,nan,,ok
916.147202,nan,,cache-references:u,cache-references,0.0,100.0,nan,,ok
916.147202,nan,,cache-misses:u,cache-misses,0.0,100.0,nan,,ok
916.147202,nan,,stalled-cycles-frontend:u,stalled-cycles-frontend,0.0,100.0,nan,,ok
926.736763,nan,,instructions:u,instructions,0.0,100.0,nan,,ok
926.736763,nan,,cycles:u,cycles,0.0,100.0,nan,,ok
926.736763,nan,,branches:u,branches,0.0,100.0,nan,,ok
926.736763,nan,,branch-misses:u,branch-misses,0.0,100.0,nan,,ok
926.736763,nan,,L1-dcache-loads:u,l1-dcache-loads,0.0,100.0,nan,,ok
926.736763,nan,,cache-references:u,cache-references,0.0,100.0,nan,,ok
926.736763,nan,,cache-misses:u,cache-misses,0.0,100.0,nan,,ok
926.736763,nan,,stalled-cycles-frontend:u,stalled-cycles-frontend,0.0,100.0,nan,,ok
937.5605740000001,nan,,instructions:u,instructions,0.0,100.0,nan,,ok
937.5605740000001,nan,,cycles:u,cycles,0.0,100.0,nan,,ok
937.5605740000001,nan,,branches:u,branches,0.0,100.0,nan,,ok
937.5605740000001,nan,,branch-misses:u,branch-misses,0.0,100.0,nan,,ok
937.5605740000001,nan,,L1-dcache-loads:u,l1-dcache-loads,0.0,100.0,nan,,ok
937.5605740000001,nan,,cache-references:u,cache-references,0.0,100.0,nan,,ok
937.5605740000001,nan,,cache-misses:u,cache-misses,0.0,100.0,nan,,ok
937.5605740000001,nan,,stalled-cycles-frontend:u,stalled-cycles-frontend,0.0,100.0,nan,,ok
948.257173,20166.0,,instructions:u,instructions,1045948.0,25.0,nan,,ok
948.257173,nan,,,,nan,nan,40.46,stalled cycles per insn,unknown
948.257173,0.0,,cycles:u,cycles,34066.0,0.0,nan,,ok
948.257173,0.0,,branches:u,branches,34066.0,0.0,nan,,ok
948.257173,624.0,,branch-misses:u,branch-misses,1019201.0,25.0,nan,,ok
948.257173,60854.0,,L1-dcache-loads:u,l1-dcache-loads,1983448.0,49.0,nan,,ok
948.257173,20319.0,,cache-references:u,cache-references,2980908.0,74.0,nan,,ok
948.257173,2031.0,,cache-misses:u,cache-misses,3992790.0,99.0,10.0,of all cache refs,ok
948.257173,815975.0,,stalled-cycles-frontend:u,stalled-cycles-frontend,1045948.0,25.0,nan,,ok
959.028241,nan,,instructions:u,instructions,0.0,100.0,nan,,ok
959.028241,nan,,cycles:u,cycles,0.0,100.0,nan,,ok
959.028241,nan,,branches:u,branches,0.0,100.0,nan,,ok
959.028241,nan,,branch-misses:u,branch-misses,0.0,100.0,nan,,ok
959.028241,nan,,L1-dcache-loads:u,l1-dcache-loads,0.0,100.0,nan,,ok
959.028241,nan,,cache-references:u,cache-references,0.0,100.0,nan,,ok
959.028241,nan,,cache-misses:u,cache-misses,0.0,100.0,nan,,ok
959.028241,nan,,stalled-cycles-frontend:u,stalled-cycles-frontend,0.0,100.0,nan,,ok
969.710384,nan,,instructions:u,instructions,0.0,100.0,nan,,ok
969.710384,nan,,cycles:u,cycles,0.0,100.0,nan,,ok
969.710384,nan,,branches:u,branches,0.0,100.0,nan,,ok
969.710384,nan,,branch-misses:u,branch-misses,0.0,100.0,nan,,ok
969.710384,nan,,L1-dcache-loads:u,l1-dcache-loads,0.0,100.0,nan,,ok
969.710384,nan,,cache-references:u,cache-references,0.0,100.0,nan,,ok
969.710384,nan,,cache-misses:u,cache-misses,0.0,100.0,nan,,ok
969.710384,nan,,stalled-cycles-frontend:u,stalled-cycles-frontend,0.0,100.0,nan,,ok
980.6491179999999,nan,,instructions:u,instructions,0.0,100.0,nan,,ok
980.6491179999999,nan,,cycles:u,cycles,0.0,100.0,nan,,ok
980.6491179999999,nan,,branches:u,branches,0.0,100.0,nan,,ok
980.6491179999999,nan,,branch-misses:u,branch-misses,0.0,100.0,nan,,ok
980.6491179999999,nan,,L1-dcache-loads:u,l1-dcache-loads,0.0,100.0,nan,,ok
980.6491179999999,nan,,cache-references:u,cache-references,0.0,100.0,nan,,ok
980.6491179999999,nan,,cache-misses:u,cache-misses,0.0,100.0,nan,,ok
980.6491179999999,nan,,stalled-cycles-frontend:u,stalled-cycles-frontend,0.0,100.0,nan,,ok
991.484849,nan,,instructions:u,instructions,0.0,100.0,nan,,ok
991.484849,nan,,cycles:u,cycles,0.0,100.0,nan,,ok
991.484849,nan,,branches:u,branches,0.0,100.0,nan,,ok
991.484849,nan,,branch-misses:u,branch-misses,0.0,100.0,nan,,ok
991.484849,nan,,L1-dcache-loads:u,l1-dcache-loads,0.0,100.0,nan,,ok
991.484849,nan,,cache-references:u,cache-references,0.0,100.0,nan,,ok
991.484849,nan,,cache-misses:u,cache-misses,0.0,100.0,nan,,ok
991.484849,nan,,stalled-cycles-frontend:u,stalled-cycles-frontend,0.0,100.0,nan,,ok
1002.1659730000001,33445.0,,instructions:u,instructions,3253161.0,39.0,0.01,insn per cycle,ok
1002.1659730000001,nan,,,,nan,nan,44.32,stalled cycles per insn,unknown
1002.1659730000001,3116961.0,,cycles:u,cycles,3261462.0,39.0,nan,,ok
1002.1659730000001,2754.0,,branches:u,branches,4272934.0,51.0,nan,,ok
1002.1659730000001,1118.0,,branch-misses:u,branch-misses,5278402.0,63.0,40.6,of all branches,ok
1002.1659730000001,87919.0,,L1-dcache-loads:u,l1-dcache-loads,4998564.0,60.0,nan,,ok
1002.1659730000001,22746.0,,cache-references:u,cache-references,4996936.0,60.0,nan,,ok
1002.1659730000001,2311.0,,cache-misses:u,cache-misses,5001202.0,60.0,10.16,of all cache refs,ok
1002.1659730000001,1482258.0,,stalled-cycles-frontend:u,stalled-cycles-frontend,2300527.0,27.0,47.55,frontend cycles idle,ok
1012.7931560000001,29799.0,,instructions:u,instructions,1700929.0,35.0,0.01,insn per cycle,ok
1012.7931560000001,nan,,,,nan,nan,37.43,stalled cycles per insn,unknown
1012.7931560000001,2263203.0,,cycles:u,cycles,2693048.0,57.0,nan,,ok
1012.7931560000001,2100.0,,branches:u,branches,3685037.0,78.0,nan,,ok
1012.7931560000001,749.0,,branch-misses:u,branch-misses,4676095.0,99.0,35.67,of all branches,ok
1012.7931560000001,61926.0,,L1-dcache-loads:u,l1-dcache-loads,4031932.0,85.0,nan,,ok
1012.7931560000001,15818.0,,cache-references:u,cache-references,3036226.0,64.0,nan,,ok
1012.7931560000001,1527.0,,cache-misses:u,cache-misses,2031540.0,43.0,9.65,of all cache refs,ok
1012.7931560000001,1115505.0,,stalled-cycles-frontend:u,stalled-cycles-frontend,655209.0,13.0,49.29,frontend cycles idle,ok
1023.469789,nan,,instructions:u,instructions,0.0,100.0,nan,,ok
1023.469789,nan,,cycles:u,cycles,0.0,100.0,nan,,ok
1023.469789,nan,,branches:u,branches,0.0,100.0,nan,,ok
1023.469789,nan,,branch-misses:u,branch-misses,0.0,100.0,nan,,ok
1023.469789,nan,,L1-dcache-loads:u,l1-dcache-loads,0.0,100.0,nan,,ok
1023.469789,nan,,cache-references:u,cache-references,0.0,100.0,nan,,ok
1023.469789,nan,,cache-misses:u,cache-misses,0.0,100.0,nan,,ok
1023.469789,nan,,stalled-cycles-frontend:u,stalled-cycles-frontend,0.0,100.0,nan,,ok
1034.234238,nan,,instructions:u,instructions,0.0,100.0,nan,,ok
1034.234238,nan,,cycles:u,cycles,0.0,100.0,nan,,ok
1034.234238,nan,,branches:u,branches,0.0,100.0,nan,,ok
1034.234238,nan,,branch-misses:u,branch-misses,0.0,100.0,nan,,ok
1034.234238,nan,,L1-dcache-loads:u,l1-dcache-loads,0.0,100.0,nan,,ok
1034.234238,nan,,cache-references:u,cache-references,0.0,100.0,nan,,ok
1034.234238,nan,,cache-misses:u,cache-misses,0.0,100.0,nan,,ok
1034.234238,nan,,stalled-cycles-frontend:u,stalled-cycles-frontend,0.0,100.0,nan,,ok
1045.273707,nan,,instructions:u,instructions,0.0,100.0,nan,,ok
1045.273707,nan,,cycles:u,cycles,0.0,100.0,nan,,ok
1045.273707,nan,,branches:u,branches,0.0,100.0,nan,,ok
1045.273707,nan,,branch-misses:u,branch-misses,0.0,100.0,nan,,ok
1045.273707,nan,,L1-dcache-loads:u,l1-dcache-loads,0.0,100.0,nan,,ok
1045.273707,nan,,cache-references:u,cache-references,0.0,100.0,nan,,ok
1045.273707,nan,,cache-misses:u,cache-misses,0.0,100.0,nan,,ok
1045.273707,nan,,stalled-cycles-frontend:u,stalled-cycles-frontend,0.0,100.0,nan,,ok
1055.892503,nan,,instructions:u,instructions,0.0,100.0,nan,,ok
1055.892503,nan,,cycles:u,cycles,0.0,100.0,nan,,ok
1055.892503,nan,,branches:u,branches,0.0,100.0,nan,,ok
1055.892503,nan,,branch-misses:u,branch-misses,0.0,100.0,nan,,ok
1055.892503,nan,,L1-dcache-loads:u,l1-dcache-loads,0.0,100.0,nan,,ok
1055.892503,nan,,cache-references:u,cache-references,0.0,100.0,nan,,ok
1055.892503,nan,,cache-misses:u,cache-misses,0.0,100.0,nan,,ok
1055.892503,nan,,stalled-cycles-frontend:u,stalled-cycles-frontend,0.0,100.0,nan,,ok
1066.626841,30631.0,,instructions:u,instructions,2999722.0,59.0,0.01,insn per cycle,ok
1066.626841,nan,,,,nan,nan,39.21,stalled cycles per insn,unknown
1066.626841,2356114.0,,cycles:u,cycles,2039002.0,40.0,nan,,ok
1066.626841,2372.0,,branches:u,branches,2039002.0,40.0,nan,,ok
1066.626841,933.0,,branch-misses:u,branch-misses,2039002.0,40.0,39.33,of all branches,ok
1066.626841,55238.0,,L1-dcache-loads:u,l1-dcache-loads,2010514.0,40.0,nan,,ok
1066.626841,15598.0,,cache-references:u,cache-references,2007638.0,40.0,nan,,ok
1066.626841,2297.0,,cache-misses:u,cache-misses,2968358.0,59.0,14.73,of all cache refs,ok
1066.626841,1201001.0,,stalled-cycles-frontend:u,stalled-cycles-frontend,1997618.0,39.0,50.97,frontend cycles idle,ok
1077.364429,nan,,instructions:u,instructions,0.0,100.0,nan,,ok
1077.364429,nan,,cycles:u,cycles,0.0,100.0,nan,,ok
1077.364429,nan,,branches:u,branches,0.0,100.0,nan,,ok
1077.364429,nan,,branch-misses:u,branch-misses,0.0,100.0,nan,,ok
1077.364429,nan,,L1-dcache-loads:u,l1-dcache-loads,0.0,100.0,nan,,ok
1077.364429,nan,,cache-references:u,cache-references,0.0,100.0,nan,,ok
1077.364429,nan,,cache-misses:u,cache-misses,0.0,100.0,nan,,ok
1077.364429,nan,,stalled-cycles-frontend:u,stalled-cycles-frontend,0.0,100.0,nan,,ok
1087.900196,nan,,instructions:u,instructions,0.0,100.0,nan,,ok
1087.900196,nan,,cycles:u,cycles,0.0,100.0,nan,,ok
1087.900196,nan,,branches:u,branches,0.0,100.0,nan,,ok
1087.900196,nan,,branch-misses:u,branch-misses,0.0,100.0,nan,,ok
1087.900196,nan,,L1-dcache-loads:u,l1-dcache-loads,0.0,100.0,nan,,ok
1087.900196,nan,,cache-references:u,cache-references,0.0,100.0,nan,,ok
1087.900196,nan,,cache-misses:u,cache-misses,0.0,100.0,nan,,ok
1087.900196,nan,,stalled-cycles-frontend:u,stalled-cycles-frontend,0.0,100.0,nan,,ok
1098.5428299999999,0.0,,instructions:u,instructions,30470.0,0.0,0.0,insn per cycle,ok
1098.5428299999999,2379469.0,,cycles:u,cycles,984054.0,19.0,nan,,ok
1098.5428299999999,2118.0,,branches:u,branches,1981018.0,39.0,nan,,ok
1098.5428299999999,760.0,,branch-misses:u,branch-misses,2986425.0,59.0,35.88,of all branches,ok
1098.5428299999999,67427.0,,L1-dcache-loads:u,l1-dcache-loads,3981750.0,79.0,nan,,ok
1098.5428299999999,18639.0,,cache-references:u,cache-references,4984772.0,99.0,nan,,ok
1098.5428299999999,2101.0,,cache-misses:u,cache-misses,4031188.0,80.0,11.27,of all cache refs,ok
1098.5428299999999,0.0,,stalled-cycles-frontend:u,stalled-cycles-frontend,30470.0,0.0,nan,,ok
1109.221154,nan,,instructions:u,instructions,0.0,100.0,nan,,ok
1109.221154,nan,,cycles:u,cycles,0.0,100.0,nan,,ok
1109.221154,nan,,branches:u,branches,0.0,100.0,nan,,ok
1109.221154,nan,,branch-misses:u,branch-misses,0.0,100.0,nan,,ok
1109.221154,nan,,L1-dcache-loads:u,l1-dcache-loads,0.0,100.0,nan,,ok
1109.221154,nan,,cache-references:u,cache-references,0.0,100.0,nan,,ok
1109.221154,nan,,cache-misses:u,cache-misses,0.0,100.0,nan,,ok
1109.221154,nan,,stalled-cycles-frontend:u,stalled-cycles-frontend,0.0,100.0,nan,,ok
1120.4035939999999,nan,,instructions:u,instructions,0.0,100.0,nan,,ok
1120.4035939999999,nan,,cycles:u,cycles,0.0,100.0,nan,,ok
1120.4035939999999,nan,,branches:u,branches,0.0,100.0,nan,,ok
1120.4035939999999,nan,,branch-misses:u,branch-misses,0.0,100.0,nan,,ok
1120.4035939999999,nan,,L1-dcache-loads:u,l1-dcache-loads,0.0,100.0,nan,,ok
1120.4035939999999,nan,,cache-references:u,cache-references,0.0,100.0,nan,,ok
1120.4035939999999,nan,,cache-misses:u,cache-misses,0.0,100.0,nan,,ok
1120.4035939999999,nan,,stalled-cycles-frontend:u,stalled-cycles-frontend,0.0,100.0,nan,,ok
1131.050817,22931.0,,instructions:u,instructions,2979755.0,74.0,0.01,insn per cycle,ok
1131.050817,nan,,,,nan,nan,36.35,stalled cycles per insn,unknown
1131.050817,1666236.0,,cycles:u,cycles,2999119.0,74.0,nan,,ok
1131.050817,2026.0,,branches:u,branches,3031805.0,75.0,nan,,ok
1131.050817,803.0,,branch-misses:u,branch-misses,3031805.0,75.0,39.63,of all branches,ok
1131.050817,68129.0,,L1-dcache-loads:u,l1-dcache-loads,2033831.0,50.0,nan,,ok
1131.050817,20210.0,,cache-references:u,cache-references,1033305.0,25.0,nan,,ok
1131.050817,1879.0,,cache-misses:u,cache-misses,1013941.0,25.0,9.3,of all cache refs,ok
1131.050817,833531.0,,stalled-cycles-frontend:u,stalled-cycles-frontend,1979229.0,49.0,50.02,frontend cycles idle,ok
1141.676171,nan,,instructions:u,instructions,0.0,100.0,nan,,ok
1141.676171,nan,,cycles:u,cycles,0.0,100.0,nan,,ok
1141.676171,nan,,branches:u,branches,0.0,100.0,nan,,ok
1141.676171,nan,,branch-misses:u,branch-misses,0.0,100.0,nan,,ok
1141.676171,nan,,L1-dcache-loads:u,l1-dcache-loads,0.0,100.0,nan,,ok
1141.676171,nan,,cache-references:u,cache-references,0.0,100.0,nan,,ok
1141.676171,nan,,cache-misses:u,cache-misses,0.0,100.0,nan,,ok
1141.676171,nan,,stalled-cycles-frontend:u,stalled-cycles-frontend,0.0,100.0,nan,,ok
1152.448736,nan,,instructions:u,instructions,0.0,0.0,nan,,ok
1152.448736,nan,,cycles:u,cycles,0.0,0.0,nan,,ok
1152.448736,847.0,,branches:u,branches,976308.0,27.0,nan,,ok
1152.448736,358.0,,branch-misses:u,branch-misses,1974579.0,55.0,42.27,of all branches,ok
1152.448736,31762.0,,L1-dcache-loads:u,l1-dcache-loads,2970271.0,83.0,nan,,ok
1152.448736,9563.0,,cache-references:u,cache-references,3586753.0,100.0,nan,,ok
1152.448736,1164.0,,cache-misses:u,cache-misses,3596742.0,100.0,12.17,of all cache refs,ok
1152.448736,nan,,stalled-cycles-frontend:u,stalled-cycles-frontend,0.0,0.0,nan,,ok
1163.26929,0.0,,instructions:u,instructions,21569.0,4.0,nan,,ok
1163.26929,nan,,cycles:u,cycles,0.0,0.0,nan,,ok
1163.26929,nan,,branches:u,branches,0.0,0.0,nan,,ok
1163.26929,nan,,branch-misses:u,branch-misses,0.0,0.0,nan,,ok
1163.26929,nan,,L1-dcache-loads:u,l1-dcache-loads,0.0,0.0,nan,,ok
1163.26929,1110.0,,cache-references:u,cache-references,385632.0,94.0,nan,,ok
1163.26929,131.0,,cache-misses:u,cache-misses,397212.0,100.0,11.8,of all cache refs,ok
1163.26929,0.0,,stalled-cycles-frontend:u,stalled-cycles-frontend,21569.0,5.0,nan,,ok
1173.928351,nan,,instructions:u,instructions,0.0,100.0,nan,,ok
1173.928351,nan,,cycles:u,cycles,0.0,100.0,nan,,ok
1173.928351,nan,,branches:u,branches,0.0,100.0,nan,,ok
1173.928351,nan,,branch-misses:u,branch-misses,0.0,100.0,nan,,ok
1173.928351,nan,,L1-dcache-loads:u,l1-dcache-loads,0.0,100.0,nan,,ok
1173.928351,nan,,cache-references:u,cache-references,0.0,100.0,nan,,ok
1173.928351,nan,,cache-misses:u,cache-misses,0.0,100.0,nan,,ok
1173.928351,nan,,stalled-cycles-frontend:u,stalled-cycles-frontend,0.0,100.0,nan,,ok
1184.895694,15894.0,,instructions:u,instructions,2972210.0,74.0,0.01,insn per cycle,ok
1184.895694,nan,,,,nan,nan,39.47,stalled cycles per insn,unknown
1184.895694,1593293.0,,cycles:u,cycles,3000042.0,74.0,nan,,ok
1184.895694,1389.0,,branches:u,branches,3031916.0,75.0,nan,,ok
1184.895694,527.0,,branch-misses:u,branch-misses,3031916.0,75.0,37.94,of all branches,ok
1184.895694,49723.0,,L1-dcache-loads:u,l1-dcache-loads,2037070.0,50.0,nan,,ok
1184.895694,13449.0,,cache-references:u,cache-references,1036714.0,25.0,nan,,ok
1184.895694,1331.0,,cache-misses:u,cache-misses,1008882.0,25.0,9.9,of all cache refs,ok
1184.895694,627290.0,,stalled-cycles-frontend:u,stalled-cycles-frontend,1971854.0,49.0,39.37,frontend cycles idle,ok
1195.837399,nan,,instructions:u,instructions,0.0,100.0,nan,,ok
1195.837399,nan,,cycles:u,cycles,0.0,100.0,nan,,ok
1195.837399,nan,,branches:u,branches,0.0,100.0,nan,,ok
1195.837399,nan,,branch-misses:u,branch-misses,0.0,100.0,nan,,ok
1195.837399,nan,,L1-dcache-loads:u,l1-dcache-loads,0.0,100.0,nan,,ok
1195.837399,nan,,cache-references:u,cache-references,0.0,100.0,nan,,ok
1195.837399,nan,,cache-misses:u,cache-misses,0.0,100.0,nan,,ok
1195.837399,nan,,stalled-cycles-frontend:u,stalled-cycles-frontend,0.0,100.0,nan,,ok
1206.622005,nan,,instructions:u,instructions,0.0,0.0,nan,,ok
1206.622005,nan,,cycles:u,cycles,0.0,0.0,nan,,ok
1206.622005,595.0,,branches:u,branches,994182.0,56.0,nan,,ok
1206.622005,217.0,,branch-misses:u,branch-misses,1776095.0,100.0,36.47,of all branches,ok
1206.622005,19475.0,,L1-dcache-loads:u,l1-dcache-loads,1784219.0,100.0,nan,,ok
1206.622005,5732.0,,cache-references:u,cache-references,1792709.0,100.0,nan,,ok
1206.622005,730.0,,cache-misses:u,cache-misses,1800550.0,100.0,12.74,of all cache refs,ok
1206.622005,nan,,stalled-cycles-frontend:u,stalled-cycles-frontend,0.0,0.0,nan,,ok
1217.255091,0.0,,instructions:u,instructions,31713.0,1.0,nan,,ok
1217.255091,nan,,cycles:u,cycles,0.0,0.0,nan,,ok
1217.255091,nan,,branches:u,branches,0.0,0.0,nan,,ok
1217.255091,427.0,,branch-misses:u,branch-misses,209842.0,9.0,nan,,ok
1217.255091,30331.0,,L1-dcache-loads:u,l1-dcache-loads,1203822.0,53.0,nan,,ok
1217.255091,8961.0,,cache-references:u,cache-references,2194178.0,98.0,nan,,ok
1217.255091,1088.0,,cache-misses:u,cache-misses,2218050.0,100.0,12.14,of all cache refs,ok
1217.255091,0.0,,stalled-cycles-frontend:u,stalled-cycles-frontend,31713.0,1.0,nan,,ok
1228.173805,nan,,instructions:u,instructions,0.0,100.0,nan,,ok
1228.173805,nan,,cycles:u,cycles,0.0,100.0,nan,,ok
1228.173805,nan,,branches:u,branches,0.0,100.0,nan,,ok
1228.173805,nan,,branch-misses:u,branch-misses,0.0,100.0,nan,,ok
1228.173805,nan,,L1-dcache-loads:u,l1-dcache-loads,0.0,100.0,nan,,ok
1228.173805,nan,,cache-references:u,cache-references,0.0,100.0,nan,,ok
1228.173805,nan,,cache-misses:u,cache-misses,0.0,100.0,nan,,ok
1228.173805,nan,,stalled-cycles-frontend:u,stalled-cycles-frontend,0.0,100.0,nan,,ok
1238.7755840000002,25417.0,,instructions:u,instructions,2985396.0,73.0,0.01,insn per cycle,ok
1238.7755840000002,nan,,,,nan,nan,37.67,stalled cycles per insn,unknown
1238.7755840000002,1955306.0,,cycles:u,cycles,2998772.0,74.0,nan,,ok
1238.7755840000002,2030.0,,branches:u,branches,3045765.0,75.0,nan,,ok
1238.7755840000002,785.0,,branch-misses:u,branch-misses,3045765.0,75.0,38.67,of all branches,ok
1238.7755840000002,68235.0,,L1-dcache-loads:u,l1-dcache-loads,2050988.0,50.0,nan,,ok
1238.7755840000002,19409.0,,cache-references:u,cache-references,1051008.0,26.0,nan,,ok
1238.7755840000002,2341.0,,cache-misses:u,cache-misses,1037632.0,25.0,12.06,of all cache refs,ok
1238.7755840000002,957494.0,,stalled-cycles-frontend:u,stalled-cycles-frontend,1985416.0,49.0,48.97,frontend cycles idle,ok
1249.501282,nan,,instructions:u,instructions,0.0,100.0,nan,,ok
1249.501282,nan,,cycles:u,cycles,0.0,100.0,nan,,ok
1249.501282,nan,,branches:u,branches,0.0,100.0,nan,,ok
1249.501282,nan,,branch-misses:u,branch-misses,0.0,100.0,nan,,ok
1249.501282,nan,,L1-dcache-loads:u,l1-dcache-loads,0.0,100.0,nan,,ok
1249.501282,nan,,cache-references:u,cache-references,0.0,100.0,nan,,ok
1249.501282,nan,,cache-misses:u,cache-misses,0.0,100.0,nan,,ok
1249.501282,nan,,stalled-cycles-frontend:u,stalled-cycles-frontend,0.0,100.0,nan,,ok
1260.2116919999999,nan,,instructions:u,instructions,0.0,0.0,nan,,ok
1260.2116919999999,nan,,cycles:u,cycles,0.0,0.0,nan,,ok
1260.2116919999999,787.0,,branches:u,branches,985742.0,29.0,nan,,ok
1260.2116919999999,371.0,,branch-misses:u,branch-misses,1986838.0,59.0,47.14,of all branches,ok
1260.2116919999999,36457.0,,L1-dcache-loads:u,l1-dcache-loads,2981603.0,88.0,nan,,ok
1260.2116919999999,11043.0,,cache-references:u,cache-references,3373480.0,100.0,nan,,ok
1260.2116919999999,1423.0,,cache-misses:u,cache-misses,3382931.0,100.0,12.89,of all cache refs,ok
1260.2116919999999,nan,,stalled-cycles-frontend:u,stalled-cycles-frontend,0.0,0.0,nan,,ok
1270.943569,0.0,,instructions:u,instructions,24560.0,3.0,nan,,ok
1270.943569,nan,,cycles:u,cycles,0.0,0.0,nan,,ok
1270.943569,nan,,branches:u,branches,0.0,0.0,nan,,ok
1270.943569,nan,,branch-misses:u,branch-misses,0.0,0.0,nan,,ok
1270.943569,nan,,L1-dcache-loads:u,l1-dcache-loads,0.0,0.0,nan,,ok
1270.943569,2357.0,,cache-references:u,cache-references,607562.0,96.0,nan,,ok
1270.943569,285.0,,cache-misses:u,cache-misses,622671.0,100.0,12.09,of all cache refs,ok
1270.943569,0.0,,stalled-cycles-frontend:u,stalled-cycles-frontend,24560.0,3.0,nan,,ok
1281.7381930000001,nan,,instructions:u,instructions,0.0,100.0,nan,,ok
1281.7381930000001,nan,,cycles:u,cycles,0.0,100.0,nan,,ok
1281.7381930000001,nan,,branches:u,branches,0.0,100.0,nan,,ok
1281.7381930000001,nan,,branch-misses:u,branch-misses,0.0,100.0,nan,,ok
1281.7381930000001,nan,,L1-dcache-loads:u,l1-dcache-loads,0.0,100.0,nan,,ok
1281.7381930000001,nan,,cache-references:u,cache-references,0.0,100.0,nan,,ok
1281.7381930000001,nan,,cache-misses:u,cache-misses,0.0,100.0,nan,,ok
1281.7381930000001,nan,,stalled-cycles-frontend:u,stalled-cycles-frontend,0.0,100.0,nan,,ok
1292.3325379999999,25001.0,,instructions:u,instructions,2995022.0,74.0,0.01,insn per cycle,ok
1292.3325379999999,nan,,,,nan,nan,30.73,stalled cycles per insn,unknown
1292.3325379999999,1669934.0,,cycles:u,cycles,3006127.0,74.0,nan,,ok
1292.3325379999999,2105.0,,branches:u,branches,3039267.0,75.0,nan,,ok
1292.3325379999999,777.0,,branch-misses:u,branch-misses,3039267.0,75.0,36.91,of all branches,ok
1292.3325379999999,68545.0,,L1-dcache-loads:u,l1-dcache-loads,2031426.0,50.0,nan,,ok
1292.3325379999999,20204.0,,cache-references:u,cache-references,1024287.0,25.0,nan,,ok
1292.3325379999999,2058.0,,cache-misses:u,cache-misses,1013182.0,25.0,10.19,of all cache refs,ok
1292.3325379999999,768384.0,,stalled-cycles-frontend:u,stalled-cycles-frontend,1987883.0,49.0,46.01,frontend cycles idle,ok
1303.213673,nan,,instructions:u,instructions,0.0,100.0,nan,,ok
1303.213673,nan,,cycles:u,cycles,0.0,100.0,nan,,ok
1303.213673,nan,,branches:u,branches,0.0,100.0,nan,,ok
1303.213673,nan,,branch-misses:u,branch-misses,0.0,100.0,nan,,ok
1303.213673,nan,,L1-dcache-loads:u,l1-dcache-loads,0.0,100.0,nan,,ok
1303.213673,nan,,cache-references:u,cache-references,0.0,100.0,nan,,ok
1303.213673,nan,,cache-misses:u,cache-misses,0.0,100.0,nan,,ok
1303.213673,nan,,stalled-cycles-frontend:u,stalled-cycles-frontend,0.0,100.0,nan,,ok
1313.805682,nan,,instructions:u,instructions,0.0,100.0,nan,,ok
1313.805682,nan,,cycles:u,cycles,0.0,100.0,nan,,ok
1313.805682,nan,,branches:u,branches,0.0,100.0,nan,,ok
1313.805682,nan,,branch-misses:u,branch-misses,0.0,100.0,nan,,ok
1313.805682,nan,,L1-dcache-loads:u,l1-dcache-loads,0.0,100.0,nan,,ok
1313.805682,nan,,cache-references:u,cache-references,0.0,100.0,nan,,ok
1313.805682,nan,,cache-misses:u,cache-misses,0.0,100.0,nan,,ok
1313.805682,nan,,stalled-cycles-frontend:u,stalled-cycles-frontend,0.0,100.0,nan,,ok
1324.763445,0.0,,instructions:u,instructions,33712.0,0.0,nan,,ok
1324.763445,nan,,cycles:u,cycles,0.0,0.0,nan,,ok
1324.763445,2145.0,,branches:u,branches,980732.0,24.0,nan,,ok
1324.763445,715.0,,branch-misses:u,branch-misses,1978059.0,49.0,33.33,of all branches,ok
1324.763445,66860.0,,L1-dcache-loads:u,l1-dcache-loads,2996275.0,74.0,nan,,ok
1324.763445,18729.0,,cache-references:u,cache-references,3974940.0,99.0,nan,,ok
1324.763445,2401.0,,cache-misses:u,cache-misses,4008652.0,100.0,12.82,of all cache refs,ok
1324.763445,0.0,,stalled-cycles-frontend:u,stalled-cycles-frontend,33712.0,0.0,nan,,ok
1335.43899,nan,,instructions:u,instructions,0.0,100.0,nan,,ok
1335.43899,nan,,cycles:u,cycles,0.0,100.0,nan,,ok
1335.43899,nan,,branches:u,branches,0.0,100.0,nan,,ok
1335.43899,nan,,branch-misses:u,branch-misses,0.0,100.0,nan,,ok
1335.43899,nan,,L1-dcache-loads:u,l1-dcache-loads,0.0,100.0,nan,,ok
1335.43899,nan,,cache-references:u,cache-references,0.0,100.0,nan,,ok
1335.43899,nan,,cache-misses:u,cache-misses,0.0,100.0,nan,,ok
1335.43899,nan,,stalled-cycles-frontend:u,stalled-cycles-frontend,0.0,100.0,nan,,ok
1347.0994300000002,nan,,instructions:u,instructions,0.0,100.0,nan,,ok
1347.0994300000002,nan,,cycles:u,cycles,0.0,100.0,nan,,ok
1347.0994300000002,nan,,branches:u,branches,0.0,100.0,nan,,ok
1347.0994300000002,nan,,branch-misses:u,branch-misses,0.0,100.0,nan,,ok
1347.0994300000002,nan,,L1-dcache-loads:u,l1-dcache-loads,0.0,100.0,nan,,ok
1347.0994300000002,nan,,cache-references:u,cache-references,0.0,100.0,nan,,ok
1347.0994300000002,nan,,cache-misses:u,cache-misses,0.0,100.0,nan,,ok
1347.0994300000002,nan,,stalled-cycles-frontend:u,stalled-cycles-frontend,0.0,100.0,nan,,ok
1357.746378,22866.0,,instructions:u,instructions,2980293.0,74.0,0.01,insn per cycle,ok
1357.746378,nan,,,,nan,nan,39.09,stalled cycles per insn,unknown
1357.746378,1820675.0,,cycles:u,cycles,2995018.0,74.0,nan,,ok
1357.746378,1687.0,,branches:u,branches,3032168.0,75.0,nan,,ok
1357.746378,601.0,,branch-misses:u,branch-misses,3032168.0,75.0,35.63,of all branches,ok
1357.746378,48127.0,,L1-dcache-loads:u,l1-dcache-loads,2035883.0,50.0,nan,,ok
1357.746378,15571.0,,cache-references:u,cache-references,1037161.0,25.0,nan,,ok
1357.746378,2471.0,,cache-misses:u,cache-misses,1022436.0,25.0,15.87,of all cache refs,ok
1357.746378,893746.0,,stalled-cycles-frontend:u,stalled-cycles-frontend,1981571.0,49.0,49.09,frontend cycles idle,ok
1368.419445,nan,,instructions:u,instructions,0.0,100.0,nan,,ok
1368.419445,nan,,cycles:u,cycles,0.0,100.0,nan,,ok
1368.419445,nan,,branches:u,branches,0.0,100.0,nan,,ok
1368.419445,nan,,branch-misses:u,branch-misses,0.0,100.0,nan,,ok
1368.419445,nan,,L1-dcache-loads:u,l1-dcache-loads,0.0,100.0,nan,,ok
1368.419445,nan,,cache-references:u,cache-references,0.0,100.0,nan,,ok
1368.419445,nan,,cache-misses:u,cache-misses,0.0,100.0,nan,,ok
1368.419445,nan,,stalled-cycles-frontend:u,stalled-cycles-frontend,0.0,100.0,nan,,ok
1379.4054959999999,0.0,,instructions:u,instructions,30085.0,0.0,nan,,ok
1379.4054959999999,nan,,cycles:u,cycles,0.0,0.0,nan,,ok
1379.4054959999999,1886.0,,branches:u,branches,982257.0,24.0,nan,,ok
1379.4054959999999,754.0,,branch-misses:u,branch-misses,1981726.0,49.0,39.98,of all branches,ok
1379.4054959999999,68847.0,,L1-dcache-loads:u,l1-dcache-loads,2980002.0,74.0,nan,,ok
1379.4054959999999,19552.0,,cache-references:u,cache-references,3981037.0,99.0,nan,,ok
1379.4054959999999,2550.0,,cache-misses:u,cache-misses,4011122.0,100.0,13.04,of all cache refs,ok
1379.4054959999999,0.0,,stalled-cycles-frontend:u,stalled-cycles-frontend,30085.0,0.0,nan,,ok
1390.7071740000001,nan,,instructions:u,instructions,0.0,100.0,nan,,ok
1390.7071740000001,nan,,cycles:u,cycles,0.0,100.0,nan,,ok
1390.7071740000001,nan,,branches:u,branches,0.0,100.0,nan,,ok
1390.7071740000001,nan,,branch-misses:u,branch-misses,0.0,100.0,nan,,ok
1390.7071740000001,nan,,L1-dcache-loads:u,l1-dcache-loads,0.0,100.0,nan,,ok
1390.7071740000001,nan,,cache-references:u,cache-references,0.0,100.0,nan,,ok
1390.7071740000001,nan,,cache-misses:u,cache-misses,0.0,100.0,nan,,ok
1390.7071740000001,nan,,stalled-cycles-frontend:u,stalled-cycles-frontend,0.0,100.0,nan,,ok
1401.518233,nan,,instructions:u,instructions,0.0,100.0,nan,,ok
1401.518233,nan,,cycles:u,cycles,0.0,100.0,nan,,ok
1401.518233,nan,,branches:u,branches,0.0,100.0,nan,,ok
1401.518233,nan,,branch-misses:u,branch-misses,0.0,100.0,nan,,ok
1401.518233,nan,,L1-dcache-loads:u,l1-dcache-loads,0.0,100.0,nan,,ok
1401.518233,nan,,cache-references:u,cache-references,0.0,100.0,nan,,ok
1401.518233,nan,,cache-misses:u,cache-misses,0.0,100.0,nan,,ok
1401.518233,nan,,stalled-cycles-frontend:u,stalled-cycles-frontend,0.0,100.0,nan,,ok
1412.077303,nan,,instructions:u,instructions,0.0,100.0,nan,,ok
1412.077303,nan,,cycles:u,cycles,0.0,100.0,nan,,ok
1412.077303,nan,,branches:u,branches,0.0,100.0,nan,,ok
1412.077303,nan,,branch-misses:u,branch-misses,0.0,100.0,nan,,ok
1412.077303,nan,,L1-dcache-loads:u,l1-dcache-loads,0.0,100.0,nan,,ok
1412.077303,nan,,cache-references:u,cache-references,0.0,100.0,nan,,ok
1412.077303,nan,,cache-misses:u,cache-misses,0.0,100.0,nan,,ok
1412.077303,nan,,stalled-cycles-frontend:u,stalled-cycles-frontend,0.0,100.0,nan,,ok
1422.775251,20431.0,,instructions:u,instructions,2977923.0,74.0,0.01,insn per cycle,ok
1422.775251,nan,,,,nan,nan,42.55,stalled cycles per insn,unknown
1422.775251,1677683.0,,cycles:u,cycles,3002536.0,74.0,nan,,ok
1422.775251,1434.0,,branches:u,branches,3032247.0,75.0,nan,,ok
1422.775251,528.0,,branch-misses:u,branch-misses,3032247.0,75.0,36.82,of all branches,ok
1422.775251,41964.0,,L1-dcache-loads:u,l1-dcache-loads,2028919.0,50.0,nan,,ok
1422.775251,12815.0,,cache-references:u,cache-references,1027280.0,25.0,nan,,ok
1422.775251,2356.0,,cache-misses:u,cache-misses,1002667.0,25.0,18.38,of all cache refs,ok
1422.775251,869427.0,,stalled-cycles-frontend:u,stalled-cycles-frontend,1976284.0,49.0,51.82,frontend cycles idle,ok
1433.453904,nan,,instructions:u,instructions,0.0,100.0,nan,,ok
1433.453904,nan,,cycles:u,cycles,0.0,100.0,nan,,ok
1433.453904,nan,,branches:u,branches,0.0,100.0,nan,,ok
1433.453904,nan,,branch-misses:u,branch-misses,0.0,100.0,nan,,ok
1433.453904,nan,,L1-dcache-loads:u,l1-dcache-loads,0.0,100.0,nan,,ok
1433.453904,nan,,cache-references:u,cache-references,0.0,100.0,nan,,ok
1433.453904,nan,,cache-misses:u,cache-misses,0.0,100.0,nan,,ok
1433.453904,nan,,stalled-cycles-frontend:u,stalled-cycles-frontend,0.0,100.0,nan,,ok
1444.0661029999999,nan,,instructions:u,instructions,0.0,100.0,nan,,ok
1444.0661029999999,nan,,cycles:u,cycles,0.0,100.0,nan,,ok
1444.0661029999999,nan,,branches:u,branches,0.0,100.0,nan,,ok
1444.0661029999999,nan,,branch-misses:u,branch-misses,0.0,100.0,nan,,ok
1444.0661029999999,nan,,L1-dcache-loads:u,l1-dcache-loads,0.0,100.0,nan,,ok
1444.0661029999999,nan,,cache-references:u,cache-references,0.0,100.0,nan,,ok
1444.0661029999999,nan,,cache-misses:u,cache-misses,0.0,100.0,nan,,ok
1444.0661029999999,nan,,stalled-cycles-frontend:u,stalled-cycles-frontend,0.0,100.0,nan,,ok
1455.09402,nan,,instructions:u,instructions,0.0,100.0,nan,,ok
1455.09402,nan,,cycles:u,cycles,0.0,100.0,nan,,ok
1455.09402,nan,,branches:u,branches,0.0,100.0,nan,,ok
1455.09402,nan,,branch-misses:u,branch-misses,0.0,100.0,nan,,ok
1455.09402,nan,,L1-dcache-loads:u,l1-dcache-loads,0.0,100.0,nan,,ok
1455.09402,nan,,cache-references:u,cache-references,0.0,100.0,nan,,ok
1455.09402,nan,,cache-misses:u,cache-misses,0.0,100.0,nan,,ok
1455.09402,nan,,stalled-cycles-frontend:u,stalled-cycles-frontend,0.0,100.0,nan,,ok
1465.765338,nan,,instructions:u,instructions,0.0,0.0,nan,,ok
1465.765338,nan,,cycles:u,cycles,0.0,0.0,nan,,ok
1465.765338,1474.0,,branches:u,branches,979649.0,25.0,nan,,ok
1465.765338,534.0,,branch-misses:u,branch-misses,1978705.0,50.0,36.23,of all branches,ok
1465.765338,47631.0,,L1-dcache-loads:u,l1-dcache-loads,2978902.0,76.0,nan,,ok
1465.765338,15682.0,,cache-references:u,cache-references,3903118.0,100.0,nan,,ok
1465.765338,1907.0,,cache-misses:u,cache-misses,3910338.0,100.0,12.16,of all cache refs,ok
1465.765338,nan,,stalled-cycles-frontend:u,stalled-cycles-frontend,0.0,0.0,nan,,ok
1476.390903,0.0,,instructions:u,instructions,26245.0,19.0,nan,,ok
1476.390903,nan,,cycles:u,cycles,0.0,0.0,nan,,ok
1476.390903,nan,,branches:u,branches,0.0,0.0,nan,,ok
1476.390903,nan,,branch-misses:u,branch-misses,0.0,0.0,nan,,ok
1476.390903,nan,,L1-dcache-loads:u,l1-dcache-loads,0.0,0.0,nan,,ok
1476.390903,329.0,,cache-references:u,cache-references,72749.0,73.0,nan,,ok
1476.390903,20.0,,cache-misses:u,cache-misses,91774.0,100.0,6.08,of all cache refs,ok
1476.390903,0.0,,stalled-cycles-frontend:u,stalled-cycles-frontend,26245.0,30.0,nan,,ok
1487.4622900000002,nan,,instructions:u,instructions,0.0,100.0,nan,,ok
1487.4622900000002,nan,,cycles:u,cycles,0.0,100.0,nan,,ok
1487.4622900000002,nan,,branches:u,branches,0.0,100.0,nan,,ok
1487.4622900000002,nan,,branch-misses:u,branch-misses,0.0,100.0,nan,,ok
1487.4622900000002,nan,,L1-dcache-loads:u,l1-dcache-loads,0.0,100.0,nan,,ok
1487.4622900000002,nan,,cache-references:u,cache-references,0.0,100.0,nan,,ok
1487.4622900000002,nan,,cache-misses:u,cache-misses,0.0,100.0,nan,,ok
1487.4622900000002,nan,,stalled-cycles-frontend:u,stalled-cycles-frontend,0.0,100.0,nan,,ok
1498.084373,nan,,instructions:u,instructions,0.0,100.0,nan,,ok
1498.084373,nan,,cycles:u,cycles,0.0,100.0,nan,,ok
1498.084373,nan,,branches:u,branches,0.0,100.0,nan,,ok
1498.084373,nan,,branch-misses:u,branch-misses,0.0,100.0,nan,,ok
1498.084373,nan,,L1-dcache-loads:u,l1-dcache-loads,0.0,100.0,nan,,ok
1498.084373,nan,,cache-references:u,cache-references,0.0,100.0,nan,,ok
1498.084373,nan,,cache-misses:u,cache-misses,0.0,100.0,nan,,ok
1498.084373,nan,,stalled-cycles-frontend:u,stalled-cycles-frontend,0.0,100.0,nan,,ok
1508.6284400000002,12721.0,,instructions:u,instructions,2742031.0,100.0,0.01,insn per cycle,ok
1508.6284400000002,nan,,,,nan,nan,37.93,stalled cycles per insn,unknown
1508.6284400000002,1145595.0,,cycles:u,cycles,1770437.0,64.0,nan,,ok
1508.6284400000002,1063.0,,branches:u,branches,1779704.0,64.0,nan,,ok
1508.6284400000002,376.0,,branch-misses:u,branch-misses,1788019.0,64.0,35.37,of all branches,ok
1508.6284400000002,34756.0,,L1-dcache-loads:u,l1-dcache-loads,784041.0,28.0,nan,,ok
1508.6284400000002,nan,,cache-references:u,cache-references,0.0,0.0,nan,,ok
1508.6284400000002,1180.0,,cache-misses:u,cache-misses,983047.0,35.0,nan,,ok
1508.6284400000002,482482.0,,stalled-cycles-frontend:u,stalled-cycles-frontend,1994657.0,71.0,42.12,frontend cycles idle,ok
1519.260716,5474.0,,instructions:u,instructions,243476.0,19.0,0.01,insn per cycle,ok
1519.260716,509066.0,,cycles:u,cycles,1232571.0,97.0,nan,,ok
1519.260716,501.0,,branches:u,branches,1248821.0,100.0,nan,,ok
1519.260716,167.0,,branch-misses:u,branch-misses,1240506.0,100.0,33.33,of all branches,ok
1519.260716,15085.0,,L1-dcache-loads:u,l1-dcache-loads,1232874.0,100.0,nan,,ok
1519.260716,5141.0,,cache-references:u,cache-references,1026065.0,83.0,nan,,ok
1519.260716,0.0,,cache-misses:u,cache-misses,25517.0,2.0,nan,,ok
1519.260716,nan,,stalled-cycles-frontend:u,stalled-cycles-frontend,0.0,0.0,nan,,ok
1530.258734,nan,,instructions:u,instructions,0.0,100.0,nan,,ok
1530.258734,nan,,cycles:u,cycles,0.0,100.0,nan,,ok
1530.258734,nan,,branches:u,branches,0.0,100.0,nan,,ok
1530.258734,nan,,branch-misses:u,branch-misses,0.0,100.0,nan,,ok
1530.258734,nan,,L1-dcache-loads:u,l1-dcache-loads,0.0,100.0,nan,,ok
1530.258734,nan,,cache-references:u,cache-references,0.0,100.0,nan,,ok
1530.258734,nan,,cache-misses:u,cache-misses,0.0,100.0,nan,,ok
1530.258734,nan,,stalled-cycles-frontend:u,stalled-cycles-frontend,0.0,100.0,nan,,ok
1541.093152,nan,,instructions:u,instructions,0.0,100.0,nan,,ok
1541.093152,nan,,cycles:u,cycles,0.0,100.0,nan,,ok
1541.093152,nan,,branches:u,branches,0.0,100.0,nan,,ok
1541.093152,nan,,branch-misses:u,branch-misses,0.0,100.0,nan,,ok
1541.093152,nan,,L1-dcache-loads:u,l1-dcache-loads,0.0,100.0,nan,,ok
1541.093152,nan,,cache-references:u,cache-references,0.0,100.0,nan,,ok
1541.093152,nan,,cache-misses:u,cache-misses,0.0,100.0,nan,,ok
1541.093152,nan,,stalled-cycles-frontend:u,stalled-cycles-frontend,0.0,100.0,nan,,ok
1551.691076,nan,,instructions:u,instructions,0.0,0.0,nan,,ok
1551.691076,nan,,cycles:u,cycles,0.0,0.0,nan,,ok
1551.691076,967.0,,branches:u,branches,987457.0,38.0,nan,,ok
1551.691076,336.0,,branch-misses:u,branch-misses,1991588.0,77.0,34.75,of all branches,ok
1551.691076,29945.0,,L1-dcache-loads:u,l1-dcache-loads,2575200.0,100.0,nan,,ok
1551.691076,10032.0,,cache-references:u,cache-references,2575200.0,100.0,nan,,ok
1551.691076,1368.0,,cache-misses:u,cache-misses,2575200.0,100.0,13.64,of all cache refs,ok
1551.691076,nan,,stalled-cycles-frontend:u,stalled-cycles-frontend,0.0,0.0,nan,,ok
1562.330896,nan,,instructions:u,instructions,0.0,100.0,nan,,ok
1562.330896,nan,,cycles:u,cycles,0.0,100.0,nan,,ok
1562.330896,nan,,branches:u,branches,0.0,100.0,nan,,ok
1562.330896,nan,,branch-misses:u,branch-misses,0.0,100.0,nan,,ok
1562.330896,nan,,L1-dcache-loads:u,l1-dcache-loads,0.0,100.0,nan,,ok
1562.330896,nan,,cache-references:u,cache-references,0.0,100.0,nan,,ok
1562.330896,nan,,cache-misses:u,cache-misses,0.0,100.0,nan,,ok
1562.330896,nan,,stalled-cycles-frontend:u,stalled-cycles-frontend,0.0,100.0,nan,,ok
1573.055898,24922.0,,instructions:u,instructions,2028084.0,50.0,0.01,insn per cycle,ok
1573.055898,nan,,,,nan,nan,33.93,stalled cycles per insn,unknown
1573.055898,1799226.0,,cycles:u,cycles,1038025.0,25.0,nan,,ok
1573.055898,1813.0,,branches:u,branches,1038025.0,25.0,nan,,ok
1573.055898,626.0,,branch-misses:u,branch-misses,1038025.0,25.0,34.53,of all branches,ok
1573.055898,59122.0,,L1-dcache-loads:u,l1-dcache-loads,1008936.0,25.0,nan,,ok
1573.055898,21801.0,,cache-references:u,cache-references,1984727.0,49.0,nan,,ok
1573.055898,2668.0,,cache-misses:u,cache-misses,2974786.0,74.0,12.24,of all cache refs,ok
1573.055898,845659.0,,stalled-cycles-frontend:u,stalled-cycles-frontend,1999397.0,49.0,47.0,frontend cycles idle,ok
1584.564268,nan,,instructions:u,instructions,0.0,100.0,nan,,ok
1584.564268,nan,,cycles:u,cycles,0.0,100.0,nan,,ok
1584.564268,nan,,branches:u,branches,0.0,100.0,nan,,ok
1584.564268,nan,,branch-misses:u,branch-misses,0.0,100.0,nan,,ok
1584.564268,nan,,L1-dcache-loads:u,l1-dcache-loads,0.0,100.0,nan,,ok
1584.564268,nan,,cache-references:u,cache-references,0.0,100.0,nan,,ok
1584.564268,nan,,cache-misses:u,cache-misses,0.0,100.0,nan,,ok
1584.564268,nan,,stalled-cycles-frontend:u,stalled-cycles-frontend,0.0,100.0,nan,,ok
1595.23932,nan,,instructions:u,instructions,0.0,100.0,nan,,ok
1595.23932,nan,,cycles:u,cycles,0.0,100.0,nan,,ok
1595.23932,nan,,branches:u,branches,0.0,100.0,nan,,ok
1595.23932,nan,,branch-misses:u,branch-misses,0.0,100.0,nan,,ok
1595.23932,nan,,L1-dcache-loads:u,l1-dcache-loads,0.0,100.0,nan,,ok
1595.23932,nan,,cache-references:u,cache-references,0.0,100.0,nan,,ok
1595.23932,nan,,cache-misses:u,cache-misses,0.0,100.0,nan,,ok
1595.23932,nan,,stalled-cycles-frontend:u,stalled-cycles-frontend,0.0,100.0,nan,,ok
1605.7715329999999,20571.0,,instructions:u,instructions,984469.0,25.0,0.01,insn per cycle,ok
1605.7715329999999,1625274.0,,cycles:u,cycles,1981859.0,50.0,nan,,ok
1605.7715329999999,1671.0,,branches:u,branches,2987016.0,76.0,nan,,ok
1605.7715329999999,524.0,,branch-misses:u,branch-misses,3917395.0,100.0,31.36,of all branches,ok
1605.7715329999999,47891.0,,L1-dcache-loads:u,l1-dcache-loads,3927778.0,100.0,nan,,ok
1605.7715329999999,16301.0,,cache-references:u,cache-references,2952061.0,74.0,nan,,ok
1605.7715329999999,2176.0,,cache-misses:u,cache-misses,1966393.0,49.0,13.35,of all cache refs,ok
1605.7715329999999,nan,,stalled-cycles-frontend:u,stalled-cycles-frontend,0.0,0.0,nan,,ok
1616.492909,nan,,instructions:u,instructions,0.0,0.0,nan,,ok
1616.492909,nan,,cycles:u,cycles,0.0,0.0,nan,,ok
1616.492909,nan,,branches:u,branches,0.0,0.0,nan,,ok
1616.492909,7.0,,branch-misses:u,branch-misses,67644.0,71.0,nan,,ok
1616.492909,348.0,,L1-dcache-loads:u,l1-dcache-loads,84511.0,100.0,nan,,ok
1616.492909,75.0,,cache-references:u,cache-references,75759.0,100.0,nan,,ok
1616.492909,8.0,,cache-misses:u,cache-misses,64037.0,100.0,10.67,of all cache refs,ok
1616.492909,nan,,stalled-cycles-frontend:u,stalled-cycles-frontend,0.0,0.0,nan,,ok
1627.0670890000001,nan,,instructions:u,instructions,0.0,100.0,nan,,ok
1627.0670890000001,nan,,cycles:u,cycles,0.0,100.0,nan,,ok
1627.0670890000001,nan,,branches:u,branches,0.0,100.0,nan,,ok
1627.0670890000001,nan,,branch-misses:u,branch-misses,0.0,100.0,nan,,ok
1627.0670890000001,nan,,L1-dcache-loads:u,l1-dcache-loads,0.0,100.0,nan,,ok
1627.0670890000001,nan,,cache-references:u,cache-references,0.0,100.0,nan,,ok
1627.0670890000001,nan,,cache-misses:u,cache-misses,0.0,100.0,nan,,ok
1627.0670890000001,nan,,stalled-cycles-frontend:u,stalled-cycles-frontend,0.0,100.0,nan,,ok
1637.730194,nan,,instructions:u,instructions,0.0,100.0,nan,,ok
1637.730194,nan,,cycles:u,cycles,0.0,100.0,nan,,ok
1637.730194,nan,,branches:u,branches,0.0,100.0,nan,,ok
1637.730194,nan,,branch-misses:u,branch-misses,0.0,100.0,nan,,ok
1637.730194,nan,,L1-dcache-loads:u,l1-dcache-loads,0.0,100.0,nan,,ok
1637.730194,nan,,cache-references:u,cache-references,0.0,100.0,nan,,ok
1637.730194,nan,,cache-misses:u,cache-misses,0.0,100.0,nan,,ok
1637.730194,nan,,stalled-cycles-frontend:u,stalled-cycles-frontend,0.0,100.0,nan,,ok
1648.362075,46481.0,,instructions:u,instructions,2997669.0,35.0,0.01,insn per cycle,ok
1648.362075,nan,,,,nan,nan,40.87,stalled cycles per insn,unknown
1648.362075,3626865.0,,cycles:u,cycles,3006043.0,35.0,nan,,ok
1648.362075,3257.0,,branches:u,branches,4002365.0,47.0,nan,,ok
1648.362075,1167.0,,branch-misses:u,branch-misses,5005941.0,58.0,35.83,of all branches,ok
1648.362075,97954.0,,L1-dcache-loads:u,l1-dcache-loads,5491713.0,64.0,nan,,ok
1648.362075,32004.0,,cache-references:u,cache-references,5510301.0,64.0,nan,,ok
1648.362075,4404.0,,cache-misses:u,cache-misses,5510836.0,64.0,13.76,of all cache refs,ok
1648.362075,1899643.0,,stalled-cycles-frontend:u,stalled-cycles-frontend,2007789.0,23.0,52.38,frontend cycles idle,ok
1658.932793,nan,,instructions:u,instructions,0.0,0.0,nan,,ok
1658.932793,nan,,cycles:u,cycles,0.0,0.0,nan,,ok
1658.932793,nan,,branches:u,branches,0.0,0.0,nan,,ok
1658.932793,nan,,branch-misses:u,branch-misses,0.0,0.0,nan,,ok
1658.932793,7351.0,,L1-dcache-loads:u,l1-dcache-loads,483260.0,96.0,nan,,ok
1658.932793,2387.0,,cache-references:u,cache-references,495533.0,100.0,nan,,ok
1658.932793,322.0,,cache-misses:u,cache-misses,486624.0,100.0,13.49,of all cache refs,ok
1658.932793,nan,,stalled-cycles-frontend:u,stalled-cycles-frontend,0.0,0.0,nan,,ok
1669.79091,54456.0,,instructions:u,instructions,2985077.0,35.0,0.01,insn per cycle,ok
1669.79091,nan,,,,nan,nan,34.2,stalled cycles per insn,unknown
1669.79091,4101968.0,,cycles:u,cycles,3009272.0,35.0,nan,,ok
1669.79091,4611.0,,branches:u,branches,4009852.0,47.0,nan,,ok
1669.79091,1479.0,,branch-misses:u,branch-misses,5002319.0,59.0,32.08,of all branches,ok
1669.79091,132772.0,,L1-dcache-loads:u,l1-dcache-loads,4998213.0,59.0,nan,,ok
1669.79091,44638.0,,cache-references:u,cache-references,5494941.0,64.0,nan,,ok
1669.79091,5548.0,,cache-misses:u,cache-misses,5478463.0,64.0,12.43,of all cache refs,ok
1669.79091,1862268.0,,stalled-cycles-frontend:u,stalled-cycles-frontend,1990840.0,23.0,45.4,frontend cycles idle,ok
1680.725716,0.0,,instructions:u,instructions,22881.0,20.0,nan,,ok
1680.725716,nan,,cycles:u,cycles,0.0,0.0,nan,,ok
1680.725716,nan,,branches:u,branches,0.0,0.0,nan,,ok
1680.725716,nan,,branch-misses:u,branch-misses,0.0,0.0,nan,,ok
1680.725716,nan,,L1-dcache-loads:u,l1-dcache-loads,0.0,0.0,nan,,ok
1680.725716,254.0,,cache-references:u,cache-references,55594.0,70.0,nan,,ok
1680.725716,19.0,,cache-misses:u,cache-misses,70758.0,100.0,7.48,of all cache refs,ok
1680.725716,0.0,,stalled-cycles-frontend:u,stalled-cycles-frontend,22881.0,35.0,nan,,ok
1691.430243,nan,,instructions:u,instructions,0.0,100.0,nan,,ok
1691.430243,nan,,cycles:u,cycles,0.0,100.0,nan,,ok
1691.430243,nan,,branches:u,branches,0.0,100.0,nan,,ok
1691.430243,nan,,branch-misses:u,branch-misses,0.0,100.0,nan,,ok
1691.430243,nan,,L1-dcache-loads:u,l1-dcache-loads,0.0,100.0,nan,,ok
1691.430243,nan,,cache-references:u,cache-references,0.0,100.0,nan,,ok
1691.430243,nan,,cache-misses:u,cache-misses,0.0,100.0,nan,,ok
1691.430243,nan,,stalled-cycles-frontend:u,stalled-cycles-frontend,0.0,100.0,nan,,ok
1702.271039,nan,,instructions:u,instructions,0.0,100.0,nan,,ok
1702.271039,nan,,cycles:u,cycles,0.0,100.0,nan,,ok
1702.271039,nan,,branches:u,branches,0.0,100.0,nan,,ok
1702.271039,nan,,branch-misses:u,branch-misses,0.0,100.0,nan,,ok
1702.271039,nan,,L1-dcache-loads:u,l1-dcache-loads,0.0,100.0,nan,,ok
1702.271039,nan,,cache-references:u,cache-references,0.0,100.0,nan,,ok
1702.271039,nan,,cache-misses:u,cache-misses,0.0,100.0,nan,,ok
1702.271039,nan,,stalled-cycles-frontend:u,stalled-cycles-frontend,0.0,100.0,nan,,ok
1713.043582,nan,,instructions:u,instructions,0.0,100.0,nan,,ok
1713.043582,nan,,cycles:u,cycles,0.0,100.0,nan,,ok
1713.043582,nan,,branches:u,branches,0.0,100.0,nan,,ok
1713.043582,nan,,branch-misses:u,branch-misses,0.0,100.0,nan,,ok
1713.043582,nan,,L1-dcache-loads:u,l1-dcache-loads,0.0,100.0,nan,,ok
1713.043582,nan,,cache-references:u,cache-references,0.0,100.0,nan,,ok
1713.043582,nan,,cache-misses:u,cache-misses,0.0,100.0,nan,,ok
1713.043582,nan,,stalled-cycles-frontend:u,stalled-cycles-frontend,0.0,100.0,nan,,ok
1723.657946,29490.0,,instructions:u,instructions,3026686.0,59.0,0.01,insn per cycle,ok
1723.657946,nan,,,,nan,nan,35.37,stalled cycles per insn,unknown
1723.657946,2251559.0,,cycles:u,cycles,3001914.0,59.0,nan,,ok
1723.657946,1981.0,,branches:u,branches,4001358.0,79.0,nan,,ok
1723.657946,629.0,,branch-misses:u,branch-misses,4037690.0,79.0,31.75,of all branches,ok
1723.657946,59074.0,,L1-dcache-loads:u,l1-dcache-loads,3035936.0,59.0,nan,,ok
1723.657946,19434.0,,cache-references:u,cache-references,2037019.0,40.0,nan,,ok
1723.657946,2900.0,,cache-misses:u,cache-misses,2061791.0,40.0,14.92,of all cache refs,ok
1723.657946,1043107.0,,stalled-cycles-frontend:u,stalled-cycles-frontend,2027769.0,40.0,46.33,frontend cycles idle,ok
1734.450843,nan,,instructions:u,instructions,0.0,100.0,nan,,ok
1734.450843,nan,,cycles:u,cycles,0.0,100.0,nan,,ok
1734.450843,nan,,branches:u,branches,0.0,100.0,nan,,ok
1734.450843,nan,,branch-misses:u,branch-misses,0.0,100.0,nan,,ok
1734.450843,nan,,L1-dcache-loads:u,l1-dcache-loads,0.0,100.0,nan,,ok
1734.450843,nan,,cache-references:u,cache-references,0.0,100.0,nan,,ok
1734.450843,nan,,cache-misses:u,cache-misses,0.0,100.0,nan,,ok
1734.450843,nan,,stalled-cycles-frontend:u,stalled-cycles-frontend,0.0,100.0,nan,,ok
1745.293541,33350.0,,instructions:u,instructions,2039813.0,40.0,0.01,insn per cycle,ok
1745.293541,nan,,,,nan,nan,30.36,stalled cycles per insn,unknown
1745.293541,2295593.0,,cycles:u,cycles,1034041.0,20.0,nan,,ok
1745.293541,2284.0,,branches:u,branches,1034041.0,20.0,nan,,ok
1745.293541,654.0,,branch-misses:u,branch-misses,2024090.0,40.0,28.63,of all branches,ok
1745.293541,68860.0,,L1-dcache-loads:u,l1-dcache-loads,2018039.0,40.0,nan,,ok
1745.293541,25677.0,,cache-references:u,cache-references,2974906.0,59.0,nan,,ok
1745.293541,3531.0,,cache-misses:u,cache-misses,3980678.0,79.0,13.75,of all cache refs,ok
1745.293541,1012648.0,,stalled-cycles-frontend:u,stalled-cycles-frontend,2006802.0,40.0,44.11,frontend cycles idle,ok
1756.1820930000001,nan,,instructions:u,instructions,0.0,100.0,nan,,ok
1756.1820930000001,nan,,cycles:u,cycles,0.0,100.0,nan,,ok
1756.1820930000001,nan,,branches:u,branches,0.0,100.0,nan,,ok
1756.1820930000001,nan,,branch-misses:u,branch-misses,0.0,100.0,nan,,ok
1756.1820930000001,nan,,L1-dcache-loads:u,l1-dcache-loads,0.0,100.0,nan,,ok
1756.1820930000001,nan,,cache-references:u,cache-references,0.0,100.0,nan,,ok
1756.1820930000001,nan,,cache-misses:u,cache-misses,0.0,100.0,nan,,ok
1756.1820930000001,nan,,stalled-cycles-frontend:u,stalled-cycles-frontend,0.0,100.0,nan,,ok
1766.9362740000001,18495.0,,instructions:u,instructions,670888.0,11.0,0.01,insn per cycle,ok
1766.9362740000001,nan,,,,nan,nan,53.86,stalled cycles per insn,unknown
1766.9362740000001,2264496.0,,cycles:u,cycles,1600572.0,28.0,nan,,ok
1766.9362740000001,1969.0,,branches:u,branches,2599864.0,45.0,nan,,ok
1766.9362740000001,605.0,,branch-misses:u,branch-misses,3599702.0,63.0,30.73,of all branches,ok
1766.9362740000001,55210.0,,L1-dcache-loads:u,l1-dcache-loads,4598748.0,80.0,nan,,ok
1766.9362740000001,21473.0,,cache-references:u,cache-references,5002779.0,87.0,nan,,ok
1766.9362740000001,3084.0,,cache-misses:u,cache-misses,4111431.0,71.0,14.36,of all cache refs,ok
1766.9362740000001,996144.0,,stalled-cycles-frontend:u,stalled-cycles-frontend,116921.0,2.0,43.99,frontend cycles idle,ok
1777.578116,18656.0,,instructions:u,instructions,2928672.0,98.0,0.01,insn per cycle,ok
1777.578116,nan,,,,nan,nan,32.59,stalled cycles per insn,unknown
1777.578116,1408197.0,,cycles:u,cycles,2036117.0,68.0,nan,,ok
1777.578116,1202.0,,branches:u,branches,2036117.0,69.0,nan,,ok
1777.578116,356.0,,branch-misses:u,branch-misses,2036117.0,69.0,29.62,of all branches,ok
1777.578116,31367.0,,L1-dcache-loads:u,l1-dcache-loads,1039000.0,35.0,nan,,ok
1777.578116,0.0,,cache-references:u,cache-references,33632.0,1.0,nan,,ok
1777.578116,1883.0,,cache-misses:u,cache-misses,887851.0,30.0,nan,,ok
1777.578116,608040.0,,stalled-cycles-frontend:u,stalled-cycles-frontend,1875027.0,64.0,43.18,frontend cycles idle,ok
1788.3696280000001,nan,,instructions:u,instructions,0.0,100.0,nan,,ok
1788.3696280000001,nan,,cycles:u,cycles,0.0,100.0,nan,,ok
1788.3696280000001,nan,,branches:u,branches,0.0,100.0,nan,,ok
1788.3696280000001,nan,,branch-misses:u,branch-misses,0.0,100.0,nan,,ok
1788.3696280000001,nan,,L1-dcache-loads:u,l1-dcache-loads,0.0,100.0,nan,,ok
1788.3696280000001,nan,,cache-references:u,cache-references,0.0,100.0,nan,,ok
1788.3696280000001,nan,,cache-misses:u,cache-misses,0.0,100.0,nan,,ok
1788.3696280000001,nan,,stalled-cycles-frontend:u,stalled-cycles-frontend,0.0,100.0,nan,,ok
1799.20635,nan,,instructions:u,instructions,0.0,0.0,nan,,ok
1799.20635,487035.0,,cycles:u,cycles,785115.0,69.0,nan,,ok
1799.20635,442.0,,branches:u,branches,1133773.0,100.0,nan,,ok
1799.20635,128.0,,branch-misses:u,branch-misses,1147729.0,100.0,28.96,of all branches,ok
1799.20635,11973.0,,L1-dcache-loads:u,l1-dcache-loads,1159121.0,100.0,nan,,ok
1799.20635,4146.0,,cache-references:u,cache-references,1171302.0,100.0,nan,,ok
1799.20635,718.0,,cache-misses:u,cache-misses,398708.0,33.0,17.32,of all cache refs,ok
1799.20635,nan,,stalled-cycles-frontend:u,stalled-cycles-frontend,0.0,0.0,nan,,ok
1811.114709,28373.0,,instructions:u,instructions,248408.0,5.0,nan,,ok
1811.114709,nan,,,,nan,nan,30.89,stalled cycles per insn,unknown
1811.114709,nan,,cycles:u,cycles,0.0,0.0,nan,,ok
1811.114709,2181.0,,branches:u,branches,647317.0,14.0,nan,,ok
1811.114709,469.0,,branch-misses:u,branch-misses,2312692.0,50.0,21.5,of all branches,ok
1811.114709,39832.0,,L1-dcache-loads:u,l1-dcache-loads,3290172.0,71.0,nan,,ok
1811.114709,14009.0,,cache-references:u,cache-references,4280059.0,93.0,nan,,ok
1811.114709,2181.0,,cache-misses:u,cache-misses,4566051.0,100.0,15.57,of all cache refs,ok
1811.114709,876554.0,,stalled-cycles-frontend:u,stalled-cycles-frontend,310905.0,6.0,nan,,ok
1821.907108,36682.0,,instructions:u,instructions,2761128.0,73.0,0.02,insn per cycle,ok
1821.907108,nan,,,,nan,nan,23.17,stalled cycles per insn,unknown
1821.907108,1797716.0,,cycles:u,cycles,3000995.0,79.0,nan,,ok
1821.907108,2279.0,,branches:u,branches,3025964.0,80.0,nan,,ok
1821.907108,665.0,,branch-misses:u,branch-misses,3025964.0,80.0,29.18,of all branches,ok
1821.907108,56854.0,,L1-dcache-loads:u,l1-dcache-loads,2027021.0,54.0,nan,,ok
1821.907108,15589.0,,cache-references:u,cache-references,1017281.0,27.0,nan,,ok
1821.907108,2968.0,,cache-misses:u,cache-misses,727309.0,19.0,19.04,of all cache refs,ok
1821.907108,850083.0,,stalled-cycles-frontend:u,stalled-cycles-frontend,1688891.0,45.0,47.29,frontend cycles idle,ok
1832.770836,nan,,instructions:u,instructions,0.0,100.0,nan,,ok
1832.770836,nan,,cycles:u,cycles,0.0,100.0,nan,,ok
1832.770836,nan,,branches:u,branches,0.0,100.0,nan,,ok
1832.770836,nan,,branch-misses:u,branch-misses,0.0,100.0,nan,,ok
1832.770836,nan,,L1-dcache-loads:u,l1-dcache-loads,0.0,100.0,nan,,ok
1832.770836,nan,,cache-references:u,cache-references,0.0,100.0,nan,,ok
1832.770836,nan,,cache-misses:u,cache-misses,0.0,100.0,nan,,ok
1832.770836,nan,,stalled-cycles-frontend:u,stalled-cycles-frontend,0.0,100.0,nan,,ok
1843.797423,27437.0,,instructions:u,instructions,3007049.0,42.0,0.02,insn per cycle,ok
1843.797423,nan,,,,nan,nan,43.13,stalled cycles per insn,unknown
1843.797423,1185634.0,,cycles:u,cycles,2029805.0,28.0,nan,,ok
1843.797423,1792.0,,branches:u,branches,3024630.0,43.0,nan,,ok
1843.797423,656.0,,branch-misses:u,branch-misses,4022099.0,57.0,36.61,of all branches,ok
1843.797423,62799.0,,L1-dcache-loads:u,l1-dcache-loads,4023973.0,57.0,nan,,ok
1843.797423,30972.0,,cache-references:u,cache-references,4016590.0,57.0,nan,,ok
1843.797423,4596.0,,cache-misses:u,cache-misses,4993834.0,71.0,14.84,of all cache refs,ok
1843.797423,1183248.0,,stalled-cycles-frontend:u,stalled-cycles-frontend,2004766.0,28.0,99.8,frontend cycles idle,ok
1854.6863879999999,nan,,instructions:u,instructions,0.0,100.0,nan,,ok
1854.6863879999999,nan,,cycles:u,cycles,0.0,100.0,nan,,ok
1854.6863879999999,nan,,branches:u,branches,0.0,100.0,nan,,ok
1854.6863879999999,nan,,branch-misses:u,branch-misses,0.0,100.0,nan,,ok
1854.6863879999999,nan,,L1-dcache-loads:u,l1-dcache-loads,0.0,100.0,nan,,ok
1854.6863879999999,nan,,cache-references:u,cache-references,0.0,100.0,nan,,ok
1854.6863879999999,nan,,cache-misses:u,cache-misses,0.0,100.0,nan,,ok
1854.6863879999999,nan,,stalled-cycles-frontend:u,stalled-cycles-frontend,0.0,100.0,nan,,ok
1865.441228,nan,,instructions:u,instructions,0.0,100.0,nan,,ok
1865.441228,nan,,cycles:u,cycles,0.0,100.0,nan,,ok
1865.441228,nan,,branches:u,branches,0.0,100.0,nan,,ok
1865.441228,nan,,branch-misses:u,branch-misses,0.0,100.0,nan,,ok
1865.441228,nan,,L1-dcache-loads:u,l1-dcache-loads,0.0,100.0,nan,,ok
1865.441228,nan,,cache-references:u,cache-references,0.0,100.0,nan,,ok
1865.441228,nan,,cache-misses:u,cache-misses,0.0,100.0,nan,,ok
1865.441228,nan,,stalled-cycles-frontend:u,stalled-cycles-frontend,0.0,100.0,nan,,ok
1876.0567859999999,nan,,instructions:u,instructions,0.0,0.0,nan,,ok
1876.0567859999999,0.0,,cycles:u,cycles,957258.0,20.0,nan,,ok
1876.0567859999999,0.0,,branches:u,branches,2491167.0,52.0,nan,,ok
1876.0567859999999,0.0,,branch-misses:u,branch-misses,3490670.0,74.0,nan,,ok
1876.0567859999999,0.0,,L1-dcache-loads:u,l1-dcache-loads,4495861.0,95.0,nan,,ok
1876.0567859999999,0.0,,cache-references:u,cache-references,4741615.0,100.0,nan,,ok
1876.0567859999999,0.0,,cache-misses:u,cache-misses,3800423.0,79.0,nan,,ok
1876.0567859999999,nan,,stalled-cycles-frontend:u,stalled-cycles-frontend,0.0,0.0,nan,,ok
1887.2608719999998,0.0,,instructions:u,instructions,2583743.0,76.0,nan,,ok
1887.2608719999998,0.0,,cycles:u,cycles,1586558.0,46.0,nan,,ok
1887.2608719999998,0.0,,branches:u,branches,1586558.0,47.0,nan,,ok
1887.2608719999998,0.0,,branch-misses:u,branch-misses,1586558.0,47.0,nan,,ok
1887.2608719999998,0.0,,L1-dcache-loads:u,l1-dcache-loads,585801.0,17.0,nan,,ok
1887.2608719999998,0.0,,cache-references:u,cache-references,750702.0,22.0,nan,,ok
1887.2608719999998,0.0,,cache-misses:u,cache-misses,1731821.0,52.0,nan,,ok
1887.2608719999998,0.0,,stalled-cycles-frontend:u,stalled-cycles-frontend,1997942.0,60.0,nan,,ok
1898.4022499999999,nan,,instructions:u,instructions,0.0,100.0,nan,,ok
1898.4022499999999,nan,,cycles:u,cycles,0.0,100.0,nan,,ok
1898.4022499999999,nan,,branches:u,branches,0.0,100.0,nan,,ok
1898.4022499999999,nan,,branch-misses:u,branch-misses,0.0,100.0,nan,,ok
1898.4022499999999,nan,,L1-dcache-loads:u,l1-dcache-loads,0.0,100.0,nan,,ok
1898.4022499999999,nan,,cache-references:u,cache-references,0.0,100.0,nan,,ok
1898.4022499999999,nan,,cache-misses:u,cache-misses,0.0,100.0,nan,,ok
1898.4022499999999,nan,,stalled-cycles-frontend:u,stalled-cycles-frontend,0.0,100.0,nan,,ok
1909.217164,0.0,,instructions:u,instructions,986860.0,79.0,nan,,ok
1909.217164,0.0,,cycles:u,cycles,1244729.0,100.0,nan,,ok
1909.217164,0.0,,branches:u,branches,1244729.0,100.0,nan,,ok
1909.217164,0.0,,branch-misses:u,branch-misses,1244729.0,100.0,nan,,ok
1909.217164,0.0,,L1-dcache-loads:u,l1-dcache-loads,1244729.0,100.0,nan,,ok
1909.217164,0.0,,cache-references:u,cache-references,257869.0,20.0,nan,,ok
1909.217164,nan,,cache-misses:u,cache-misses,0.0,0.0,nan,,ok
1909.217164,nan,,stalled-cycles-frontend:u,stalled-cycles-frontend,0.0,0.0,nan,,ok
1920.2175100000002,0.0,,instructions:u,instructions,499878.0,9.0,nan,,ok
1920.2175100000002,0.0,,cycles:u,cycles,989987.0,18.0,nan,,ok
1920.2175100000002,0.0,,branches:u,branches,1999060.0,36.0,nan,,ok
1920.2175100000002,0.0,,branch-misses:u,branch-misses,2986641.0,54.0,nan,,ok
1920.2175100000002,0.0,,L1-dcache-loads:u,l1-dcache-loads,3997031.0,72.0,nan,,ok
1920.2175100000002,0.0,,cache-references:u,cache-references,4988319.0,90.0,nan,,ok
1920.2175100000002,0.0,,cache-misses:u,cache-misses,4498210.0,81.0,nan,,ok
1920.2175100000002,0.0,,stalled-cycles-frontend:u,stalled-cycles-frontend,499878.0,9.0,nan,,ok
1931.3441090000001,nan,,instructions:u,instructions,0.0,100.0,nan,,ok
1931.3441090000001,nan,,cycles:u,cycles,0.0,100.0,nan,,ok
1931.3441090000001,nan,,branches:u,branches,0.0,100.0,nan,,ok
1931.3441090000001,nan,,branch-misses:u,branch-misses,0.0,100.0,nan,,ok
1931.3441090000001,nan,,L1-dcache-loads:u,l1-dcache-loads,0.0,100.0,nan,,ok
1931.3441090000001,nan,,cache-references:u,cache-references,0.0,100.0,nan,,ok
1931.3441090000001,nan,,cache-misses:u,cache-misses,0.0,100.0,nan,,ok
1931.3441090000001,nan,,stalled-cycles-frontend:u,stalled-cycles-frontend,0.0,100.0,nan,,ok
1942.159093,0.0,,instructions:u,instructions,1609285.0,100.0,nan,,ok
1942.159093,0.0,,cycles:u,cycles,629337.0,39.0,nan,,ok
1942.159093,0.0,,branches:u,branches,629337.0,39.0,nan,,ok
1942.159093,0.0,,branch-misses:u,branch-misses,629337.0,39.0,nan,,ok
1942.159093,nan,,L1-dcache-loads:u,l1-dcache-loads,0.0,0.0,nan,,ok
1942.159093,nan,,cache-references:u,cache-references,0.0,0.0,nan,,ok
1942.159093,0.0,,cache-misses:u,cache-misses,979948.0,60.0,nan,,ok
1942.159093,0.0,,stalled-cycles-frontend:u,stalled-cycles-frontend,1609285.0,100.0,nan,,ok
1952.923964,0.0,,instructions:u,instructions,1993515.0,33.0,nan,,ok
1952.923964,0.0,,cycles:u,cycles,2991157.0,50.0,nan,,ok
1952.923964,0.0,,branches:u,branches,3991685.0,67.0,nan,,ok
1952.923964,0.0,,branch-misses:u,branch-misses,4992462.0,84.0,nan,,ok
1952.923964,0.0,,L1-dcache-loads:u,l1-dcache-loads,4927010.0,83.0,nan,,ok
1952.923964,0.0,,cache-references:u,cache-references,3935412.0,66.0,nan,,ok
1952.923964,0.0,,cache-misses:u,cache-misses,2937770.0,49.0,nan,,ok
1952.923964,0.0,,stalled-cycles-frontend:u,stalled-cycles-frontend,1001917.0,16.0,nan,,ok
1963.764925,nan,,instructions:u,instructions,0.0,100.0,nan,,ok
1963.764925,nan,,cycles:u,cycles,0.0,100.0,nan,,ok
1963.764925,nan,,branches:u,branches,0.0,100.0,nan,,ok
1963.764925,nan,,branch-misses:u,branch-misses,0.0,100.0,nan,,ok
1963.764925,nan,,L1-dcache-loads:u,l1-dcache-loads,0.0,100.0,nan,,ok
1963.764925,nan,,cache-references:u,cache-references,0.0,100.0,nan,,ok
1963.764925,nan,,cache-misses:u,cache-misses,0.0,100.0,nan,,ok
1963.764925,nan,,stalled-cycles-frontend:u,stalled-cycles-frontend,0.0,100.0,nan,,ok
1974.4640630000001,nan,,instructions:u,instructions,0.0,100.0,nan,,ok
1974.4640630000001,nan,,cycles:u,cycles,0.0,100.0,nan,,ok
1974.4640630000001,nan,,branches:u,branches,0.0,100.0,nan,,ok
1974.4640630000001,nan,,branch-misses:u,branch-misses,0.0,100.0,nan,,ok
1974.4640630000001,nan,,L1-dcache-loads:u,l1-dcache-loads,0.0,100.0,nan,,ok
1974.4640630000001,nan,,cache-references:u,cache-references,0.0,100.0,nan,,ok
1974.4640630000001,nan,,cache-misses:u,cache-misses,0.0,100.0,nan,,ok
1974.4640630000001,nan,,stalled-cycles-frontend:u,stalled-cycles-frontend,0.0,100.0,nan,,ok
1985.405308,nan,,instructions:u,instructions,0.0,100.0,nan,,ok
1985.405308,nan,,cycles:u,cycles,0.0,100.0,nan,,ok
1985.405308,nan,,branches:u,branches,0.0,100.0,nan,,ok
1985.405308,nan,,branch-misses:u,branch-misses,0.0,100.0,nan,,ok
1985.405308,nan,,L1-dcache-loads:u,l1-dcache-loads,0.0,100.0,nan,,ok
1985.405308,nan,,cache-references:u,cache-references,0.0,100.0,nan,,ok
1985.405308,nan,,cache-misses:u,cache-misses,0.0,100.0,nan,,ok
1985.405308,nan,,stalled-cycles-frontend:u,stalled-cycles-frontend,0.0,100.0,nan,,ok
1996.210316,nan,,instructions:u,instructions,0.0,100.0,nan,,ok
1996.210316,nan,,cycles:u,cycles,0.0,100.0,nan,,ok
1996.210316,nan,,branches:u,branches,0.0,100.0,nan,,ok
1996.210316,nan,,branch-misses:u,branch-misses,0.0,100.0,nan,,ok
1996.210316,nan,,L1-dcache-loads:u,l1-dcache-loads,0.0,100.0,nan,,ok
1996.210316,nan,,cache-references:u,cache-references,0.0,100.0,nan,,ok
1996.210316,nan,,cache-misses:u,cache-misses,0.0,100.0,nan,,ok
1996.210316,nan,,stalled-cycles-frontend:u,stalled-cycles-frontend,0.0,100.0,nan,,ok
2006.929569,0.0,,instructions:u,instructions,3000715.0,57.0,nan,,ok
2006.929569,0.0,,cycles:u,cycles,2238465.0,42.0,nan,,ok
2006.929569,0.0,,branches:u,branches,2238465.0,42.0,nan,,ok
2006.929569,0.0,,branch-misses:u,branch-misses,2238465.0,42.0,nan,,ok
2006.929569,0.0,,L1-dcache-loads:u,l1-dcache-loads,2216648.0,42.0,nan,,ok
2006.929569,0.0,,cache-references:u,cache-references,2215498.0,42.0,nan,,ok
2006.929569,0.0,,cache-misses:u,cache-misses,2977748.0,57.0,nan,,ok
2006.929569,0.0,,stalled-cycles-frontend:u,stalled-cycles-frontend,2000787.0,38.0,nan,,ok
2017.7075269999998,nan,,instructions:u,instructions,0.0,100.0,nan,,ok
2017.7075269999998,nan,,cycles:u,cycles,0.0,100.0,nan,,ok
2017.7075269999998,nan,,branches:u,branches,0.0,100.0,nan,,ok
2017.7075269999998,nan,,branch-misses:u,branch-misses,0.0,100.0,nan,,ok
2017.7075269999998,nan,,L1-dcache-loads:u,l1-dcache-loads,0.0,100.0,nan,,ok
2017.7075269999998,nan,,cache-references:u,cache-references,0.0,100.0,nan,,ok
2017.7075269999998,nan,,cache-misses:u,cache-misses,0.0,100.0,nan,,ok
2017.7075269999998,nan,,stalled-cycles-frontend:u,stalled-cycles-frontend,0.0,100.0,nan,,ok
2028.498795,nan,,instructions:u,instructions,0.0,100.0,nan,,ok
2028.498795,nan,,cycles:u,cycles,0.0,100.0,nan,,ok
2028.498795,nan,,branches:u,branches,0.0,100.0,nan,,ok
2028.498795,nan,,branch-misses:u,branch-misses,0.0,100.0,nan,,ok
2028.498795,nan,,L1-dcache-loads:u,l1-dcache-loads,0.0,100.0,nan,,ok
2028.498795,nan,,cache-references:u,cache-references,0.0,100.0,nan,,ok
2028.498795,nan,,cache-misses:u,cache-misses,0.0,100.0,nan,,ok
2028.498795,nan,,stalled-cycles-frontend:u,stalled-cycles-frontend,0.0,100.0,nan,,ok
2039.2631689999998,nan,,instructions:u,instructions,0.0,100.0,nan,,ok
2039.2631689999998,nan,,cycles:u,cycles,0.0,100.0,nan,,ok
2039.2631689999998,nan,,branches:u,branches,0.0,100.0,nan,,ok
2039.2631689999998,nan,,branch-misses:u,branch-misses,0.0,100.0,nan,,ok
2039.2631689999998,nan,,L1-dcache-loads:u,l1-dcache-loads,0.0,100.0,nan,,ok
2039.2631689999998,nan,,cache-references:u,cache-references,0.0,100.0,nan,,ok
2039.2631689999998,nan,,cache-misses:u,cache-misses,0.0,100.0,nan,,ok
2039.2631689999998,nan,,stalled-cycles-frontend:u,stalled-cycles-frontend,0.0,100.0,nan,,ok
2049.917129,nan,,instructions:u,instructions,0.0,100.0,nan,,ok
2049.917129,nan,,cycles:u,cycles,0.0,100.0,nan,,ok
2049.917129,nan,,branches:u,branches,0.0,100.0,nan,,ok
2049.917129,nan,,branch-misses:u,branch-misses,0.0,100.0,nan,,ok
2049.917129,nan,,L1-dcache-loads:u,l1-dcache-loads,0.0,100.0,nan,,ok
2049.917129,nan,,cache-references:u,cache-references,0.0,100.0,nan,,ok
2049.917129,nan,,cache-misses:u,cache-misses,0.0,100.0,nan,,ok
2049.917129,nan,,stalled-cycles-frontend:u,stalled-cycles-frontend,0.0,100.0,nan,,ok
2060.926984,nan,,instructions:u,instructions,0.0,0.0,nan,,ok
2060.926984,0.0,,cycles:u,cycles,968998.0,24.0,nan,,ok
2060.926984,0.0,,branches:u,branches,1976266.0,49.0,nan,,ok
2060.926984,0.0,,branch-misses:u,branch-misses,2972943.0,73.0,nan,,ok
2060.926984,0.0,,L1-dcache-loads:u,l1-dcache-loads,3968699.0,98.0,nan,,ok
2060.926984,0.0,,cache-references:u,cache-references,4022055.0,100.0,nan,,ok
2060.926984,0.0,,cache-misses:u,cache-misses,3053057.0,75.0,nan,,ok
2060.926984,nan,,stalled-cycles-frontend:u,stalled-cycles-frontend,0.0,0.0,nan,,ok
2071.546456,nan,,instructions:u,instructions,0.0,100.0,nan,,ok
2071.546456,nan,,cycles:u,cycles,0.0,100.0,nan,,ok
2071.546456,nan,,branches:u,branches,0.0,100.0,nan,,ok
2071.546456,nan,,branch-misses:u,branch-misses,0.0,100.0,nan,,ok
2071.546456,nan,,L1-dcache-loads:u,l1-dcache-loads,0.0,100.0,nan,,ok
2071.546456,nan,,cache-references:u,cache-references,0.0,100.0,nan,,ok
2071.546456,nan,,cache-misses:u,cache-misses,0.0,100.0,nan,,ok
2071.546456,nan,,stalled-cycles-frontend:u,stalled-cycles-frontend,0.0,100.0,nan,,ok
2082.5276559999998,nan,,instructions:u,instructions,0.0,100.0,nan,,ok
2082.5276559999998,nan,,cycles:u,cycles,0.0,100.0,nan,,ok
2082.5276559999998,nan,,branches:u,branches,0.0,100.0,nan,,ok
2082.5276559999998,nan,,branch-misses:u,branch-misses,0.0,100.0,nan,,ok
2082.5276559999998,nan,,L1-dcache-loads:u,l1-dcache-loads,0.0,100.0,nan,,ok
2082.5276559999998,nan,,cache-references:u,cache-references,0.0,100.0,nan,,ok
2082.5276559999998,nan,,cache-misses:u,cache-misses,0.0,100.0,nan,,ok
2082.5276559999998,nan,,stalled-cycles-frontend:u,stalled-cycles-frontend,0.0,100.0,nan,,ok
2093.208229,0.0,,instructions:u,instructions,1382539.0,58.0,nan,,ok
2093.208229,0.0,,cycles:u,cycles,406822.0,17.0,nan,,ok
2093.208229,0.0,,branches:u,branches,421061.0,17.0,nan,,ok
2093.208229,0.0,,branch-misses:u,branch-misses,434777.0,17.0,nan,,ok
2093.208229,nan,,L1-dcache-loads:u,l1-dcache-loads,0.0,0.0,nan,,ok
2093.208229,0.0,,cache-references:u,cache-references,979104.0,40.0,nan,,ok
2093.208229,0.0,,cache-misses:u,cache-misses,1984240.0,80.0,nan,,ok
2093.208229,0.0,,stalled-cycles-frontend:u,stalled-cycles-frontend,1495530.0,60.0,nan,,ok
2104.498748,0.0,,instructions:u,instructions,1623871.0,98.0,nan,,ok
2104.498748,0.0,,cycles:u,cycles,1621083.0,100.0,nan,,ok
2104.498748,0.0,,branches:u,branches,1606844.0,100.0,nan,,ok
2104.498748,0.0,,branch-misses:u,branch-misses,1593128.0,100.0,nan,,ok
2104.498748,0.0,,L1-dcache-loads:u,l1-dcache-loads,1028737.0,65.0,nan,,ok
2104.498748,0.0,,cache-references:u,cache-references,26631.0,1.0,nan,,ok
2104.498748,nan,,cache-misses:u,cache-misses,0.0,0.0,nan,,ok
2104.498748,0.0,,stalled-cycles-frontend:u,stalled-cycles-frontend,508774.0,33.0,nan,,ok
2115.109772,nan,,instructions:u,instructions,0.0,100.0,nan,,ok
2115.109772,nan,,cycles:u,cycles,0.0,100.0,nan,,ok
2115.109772,nan,,branches:u,branches,0.0,100.0,nan,,ok
2115.109772,nan,,branch-misses:u,branch-misses,0.0,100.0,nan,,ok
2115.109772,nan,,L1-dcache-loads:u,l1-dcache-loads,0.0,100.0,nan,,ok
2115.109772,nan,,cache-references:u,cache-references,0.0,100.0,nan,,ok
2115.109772,nan,,cache-misses:u,cache-misses,0.0,100.0,nan,,ok
2115.109772,nan,,stalled-cycles-frontend:u,stalled-cycles-frontend,0.0,100.0,nan,,ok
2126.0652769999997,nan,,instructions:u,instructions,0.0,0.0,nan,,ok
2126.0652769999997,0.0,,cycles:u,cycles,989435.0,23.0,nan,,ok
2126.0652769999997,0.0,,branches:u,branches,1984681.0,47.0,nan,,ok
2126.0652769999997,0.0,,branch-misses:u,branch-misses,2996877.0,70.0,nan,,ok
2126.0652769999997,0.0,,L1-dcache-loads:u,l1-dcache-loads,3984559.0,94.0,nan,,ok
2126.0652769999997,0.0,,cache-references:u,cache-references,4222176.0,100.0,nan,,ok
2126.0652769999997,0.0,,cache-misses:u,cache-misses,3232741.0,76.0,nan,,ok
2126.0652769999997,nan,,stalled-cycles-frontend:u,stalled-cycles-frontend,0.0,0.0,nan,,ok
2136.646066,nan,,instructions:u,instructions,0.0,100.0,nan,,ok
2136.646066,nan,,cycles:u,cycles,0.0,100.0,nan,,ok
2136.646066,nan,,branches:u,branches,0.0,100.0,nan,,ok
2136.646066,nan,,branch-misses:u,branch-misses,0.0,100.0,nan,,ok
2136.646066,nan,,L1-dcache-loads:u,l1-dcache-loads,0.0,100.0,nan,,ok
2136.646066,nan,,cache-references:u,cache-references,0.0,100.0,nan,,ok
2136.646066,nan,,cache-misses:u,cache-misses,0.0,100.0,nan,,ok
2136.646066,nan,,stalled-cycles-frontend:u,stalled-cycles-frontend,0.0,100.0,nan,,ok
2147.623363,nan,,instructions:u,instructions,0.0,0.0,nan,,ok
2147.623363,nan,,cycles:u,cycles,0.0,0.0,nan,,ok
2147.623363,nan,,branches:u,branches,0.0,0.0,nan,,ok
2147.623363,nan,,branch-misses:u,branch-misses,0.0,0.0,nan,,ok
2147.623363,nan,,L1-dcache-loads:u,l1-dcache-loads,0.0,0.0,nan,,ok
2147.623363,0.0,,cache-references:u,cache-references,776036.0,100.0,nan,,ok
2147.623363,0.0,,cache-misses:u,cache-misses,784578.0,100.0,nan,,ok
2147.623363,nan,,stalled-cycles-frontend:u,stalled-cycles-frontend,0.0,0.0,nan,,ok
2158.2207470000003,0.0,,instructions:u,instructions,3003132.0,63.0,nan,,ok
2158.2207470000003,0.0,,cycles:u,cycles,3004386.0,63.0,nan,,ok
2158.2207470000003,0.0,,branches:u,branches,3489023.0,73.0,nan,,ok
2158.2207470000003,0.0,,branch-misses:u,branch-misses,3489023.0,73.0,nan,,ok
2158.2207470000003,0.0,,L1-dcache-loads:u,l1-dcache-loads,2477535.0,52.0,nan,,ok
2158.2207470000003,0.0,,cache-references:u,cache-references,1695754.0,36.0,nan,,ok
2158.2207470000003,0.0,,cache-misses:u,cache-misses,1685958.0,35.0,nan,,ok
2158.2207470000003,0.0,,stalled-cycles-frontend:u,stalled-cycles-frontend,2008680.0,42.0,nan,,ok
2169.246869,nan,,instructions:u,instructions,0.0,100.0,nan,,ok
2169.246869,nan,,cycles:u,cycles,0.0,100.0,nan,,ok
2169.246869,nan,,branches:u,branches,0.0,100.0,nan,,ok
2169.246869,nan,,branch-misses:u,branch-misses,0.0,100.0,nan,,ok
2169.246869,nan,,L1-dcache-loads:u,l1-dcache-loads,0.0,100.0,nan,,ok
2169.246869,nan,,cache-references:u,cache-references,0.0,100.0,nan,,ok
2169.246869,nan,,cache-misses:u,cache-misses,0.0,100.0,nan,,ok
2169.246869,nan,,stalled-cycles-frontend:u,stalled-cycles-frontend,0.0,100.0,nan,,ok
2180.079299,nan,,instructions:u,instructions,0.0,100.0,nan,,ok
2180.079299,nan,,cycles:u,cycles,0.0,100.0,nan,,ok
2180.079299,nan,,branches:u,branches,0.0,100.0,nan,,ok
2180.079299,nan,,branch-misses:u,branch-misses,0.0,100.0,nan,,ok
2180.079299,nan,,L1-dcache-loads:u,l1-dcache-loads,0.0,100.0,nan,,ok
2180.079299,nan,,cache-references:u,cache-references,0.0,100.0,nan,,ok
2180.079299,nan,,cache-misses:u,cache-misses,0.0,100.0,nan,,ok
2180.079299,nan,,stalled-cycles-frontend:u,stalled-cycles-frontend,0.0,100.0,nan,,ok
2190.687438,nan,,instructions:u,instructions,0.0,0.0,nan,,ok
2190.687438,nan,,cycles:u,cycles,0.0,0.0,nan,,ok
2190.687438,0.0,,branches:u,branches,972347.0,34.0,nan,,ok
2190.687438,0.0,,branch-misses:u,branch-misses,1975157.0,69.0,nan,,ok
2190.687438,0.0,,L1-dcache-loads:u,l1-dcache-loads,2842396.0,100.0,nan,,ok
2190.687438,0.0,,cache-references:u,cache-references,2853304.0,100.0,nan,,ok
2190.687438,0.0,,cache-misses:u,cache-misses,2865491.0,100.0,nan,,ok
2190.687438,nan,,stalled-cycles-frontend:u,stalled-cycles-frontend,0.0,0.0,nan,,ok
2201.539963,0.0,,instructions:u,instructions,1084478.0,48.0,nan,,ok
2201.539963,0.0,,cycles:u,cycles,82282.0,3.0,nan,,ok
2201.539963,0.0,,branches:u,branches,82282.0,3.0,nan,,ok
2201.539963,0.0,,branch-misses:u,branch-misses,82282.0,3.0,nan,,ok
2201.539963,0.0,,L1-dcache-loads:u,l1-dcache-loads,125996.0,5.0,nan,,ok
2201.539963,0.0,,cache-references:u,cache-references,1115538.0,50.0,nan,,ok
2201.539963,0.0,,cache-misses:u,cache-misses,2105547.0,96.0,nan,,ok
2201.539963,0.0,,stalled-cycles-frontend:u,stalled-cycles-frontend,1084478.0,49.0,nan,,ok
2212.274609,nan,,instructions:u,instructions,0.0,100.0,nan,,ok
2212.274609,nan,,cycles:u,cycles,0.0,100.0,nan,,ok
2212.274609,nan,,branches:u,branches,0.0,100.0,nan,,ok
2212.274609,nan,,branch-misses:u,branch-misses,0.0,100.0,nan,,ok
2212.274609,nan,,L1-dcache-loads:u,l1-dcache-loads,0.0,100.0,nan,,ok
2212.274609,nan,,cache-references:u,cache-references,0.0,100.0,nan,,ok
2212.274609,nan,,cache-misses:u,cache-misses,0.0,100.0,nan,,ok
2212.274609,nan,,stalled-cycles-frontend:u,stalled-cycles-frontend,0.0,100.0,nan,,ok
2222.929848,nan,,instructions:u,instructions,0.0,100.0,nan,,ok
2222.929848,nan,,cycles:u,cycles,0.0,100.0,nan,,ok
2222.929848,nan,,branches:u,branches,0.0,100.0,nan,,ok
2222.929848,nan,,branch-misses:u,branch-misses,0.0,100.0,nan,,ok
2222.929848,nan,,L1-dcache-loads:u,l1-dcache-loads,0.0,100.0,nan,,ok
2222.929848,nan,,cache-references:u,cache-references,0.0,100.0,nan,,ok
2222.929848,nan,,cache-misses:u,cache-misses,0.0,100.0,nan,,ok
2222.929848,nan,,stalled-cycles-frontend:u,stalled-cycles-frontend,0.0,100.0,nan,,ok
2234.072133,0.0,,instructions:u,instructions,1984478.0,48.0,nan,,ok
2234.072133,0.0,,cycles:u,cycles,2986219.0,73.0,nan,,ok
2234.072133,0.0,,branches:u,branches,3982930.0,97.0,nan,,ok
2234.072133,0.0,,branch-misses:u,branch-misses,4064483.0,100.0,nan,,ok
2234.072133,0.0,,L1-dcache-loads:u,l1-dcache-loads,3080296.0,75.0,nan,,ok
2234.072133,0.0,,cache-references:u,cache-references,2080005.0,51.0,nan,,ok
2234.072133,0.0,,cache-misses:u,cache-misses,1078264.0,26.0,nan,,ok
2234.072133,0.0,,stalled-cycles-frontend:u,stalled-cycles-frontend,984187.0,24.0,nan,,ok
2244.799569,nan,,instructions:u,instructions,0.0,100.0,nan,,ok
2244.799569,nan,,cycles:u,cycles,0.0,100.0,nan,,ok
2244.799569,nan,,branches:u,branches,0.0,100.0,nan,,ok
2244.799569,nan,,branch-misses:u,branch-misses,0.0,100.0,nan,,ok
2244.799569,nan,,L1-dcache-loads:u,l1-dcache-loads,0.0,100.0,nan,,ok
2244.799569,nan,,cache-references:u,cache-references,0.0,100.0,nan,,ok
2244.799569,nan,,cache-misses:u,cache-misses,0.0,100.0,nan,,ok
2244.799569,nan,,stalled-cycles-frontend:u,stalled-cycles-frontend,0.0,100.0,nan,,ok
2255.46222,nan,,instructions:u,instructions,0.0,100.0,nan,,ok
2255.46222,nan,,cycles:u,cycles,0.0,100.0,nan,,ok
2255.46222,nan,,branches:u,branches,0.0,100.0,nan,,ok
2255.46222,nan,,branch-misses:u,branch-misses,0.0,100.0,nan,,ok
2255.46222,nan,,L1-dcache-loads:u,l1-dcache-loads,0.0,100.0,nan,,ok
2255.46222,nan,,cache-references:u,cache-references,0.0,100.0,nan,,ok
2255.46222,nan,,cache-misses:u,cache-misses,0.0,100.0,nan,,ok
2255.46222,nan,,stalled-cycles-frontend:u,stalled-cycles-frontend,0.0,100.0,nan,,ok
2266.258954,0.0,,instructions:u,instructions,1493950.0,33.0,nan,,ok
2266.258954,0.0,,cycles:u,cycles,489970.0,10.0,nan,,ok
2266.258954,0.0,,branches:u,branches,489970.0,10.0,nan,,ok
2266.258954,0.0,,branch-misses:u,branch-misses,1478126.0,33.0,nan,,ok
2266.258954,0.0,,L1-dcache-loads:u,l1-dcache-loads,1985008.0,44.0,nan,,ok
2266.258954,0.0,,cache-references:u,cache-references,2983762.0,66.0,nan,,ok
2266.258954,0.0,,cache-misses:u,cache-misses,3987742.0,89.0,nan,,ok
2266.258954,0.0,,stalled-cycles-frontend:u,stalled-cycles-frontend,1493950.0,33.0,nan,,ok
2277.172792,nan,,instructions:u,instructions,0.0,100.0,nan,,ok
2277.172792,nan,,cycles:u,cycles,0.0,100.0,nan,,ok
2277.172792,nan,,branches:u,branches,0.0,100.0,nan,,ok
2277.172792,nan,,branch-misses:u,branch-misses,0.0,100.0,nan,,ok
2277.172792,nan,,L1-dcache-loads:u,l1-dcache-loads,0.0,100.0,nan,,ok
2277.172792,nan,,cache-references:u,cache-references,0.0,100.0,nan,,ok
2277.172792,nan,,cache-misses:u,cache-misses,0.0,100.0,nan,,ok
2277.172792,nan,,stalled-cycles-frontend:u,stalled-cycles-frontend,0.0,100.0,nan,,ok
2288.166805,nan,,instructions:u,instructions,0.0,100.0,nan,,ok
2288.166805,nan,,cycles:u,cycles,0.0,100.0,nan,,ok
2288.166805,nan,,branches:u,branches,0.0,100.0,nan,,ok
2288.166805,nan,,branch-misses:u,branch-misses,0.0,100.0,nan,,ok
2288.166805,nan,,L1-dcache-loads:u,l1-dcache-loads,0.0,100.0,nan,,ok
2288.166805,nan,,cache-references:u,cache-references,0.0,100.0,nan,,ok
2288.166805,nan,,cache-misses:u,cache-misses,0.0,100.0,nan,,ok
2288.166805,nan,,stalled-cycles-frontend:u,stalled-cycles-frontend,0.0,100.0,nan,,ok
2298.773465,nan,,instructions:u,instructions,0.0,100.0,nan,,ok
2298.773465,nan,,cycles:u,cycles,0.0,100.0,nan,,ok
2298.773465,nan,,branches:u,branches,0.0,100.0,nan,,ok
2298.773465,nan,,branch-misses:u,branch-misses,0.0,100.0,nan,,ok
2298.773465,nan,,L1-dcache-loads:u,l1-dcache-loads,0.0,100.0,nan,,ok
2298.773465,nan,,cache-references:u,cache-references,0.0,100.0,nan,,ok
2298.773465,nan,,cache-misses:u,cache-misses,0.0,100.0,nan,,ok
2298.773465,nan,,stalled-cycles-frontend:u,stalled-cycles-frontend,0.0,100.0,nan,,ok
2309.372367,0.0,,instructions:u,instructions,1981027.0,44.0,nan,,ok
2309.372367,0.0,,cycles:u,cycles,2982208.0,66.0,nan,,ok
2309.372367,0.0,,branches:u,branches,3981587.0,88.0,nan,,ok
2309.372367,0.0,,branch-misses:u,branch-misses,4513455.0,100.0,nan,,ok
2309.372367,0.0,,L1-dcache-loads:u,l1-dcache-loads,3544606.0,78.0,nan,,ok
2309.372367,0.0,,cache-references:u,cache-references,2556433.0,56.0,nan,,ok
2309.372367,0.0,,cache-misses:u,cache-misses,1564670.0,34.0,nan,,ok
2309.372367,0.0,,stalled-cycles-frontend:u,stalled-cycles-frontend,981271.0,21.0,nan,,ok
2320.124447,nan,,instructions:u,instructions,0.0,0.0,nan,,ok
2320.124447,nan,,cycles:u,cycles,0.0,0.0,nan,,ok
2320.124447,nan,,branches:u,branches,0.0,0.0,nan,,ok
2320.124447,0.0,,branch-misses:u,branch-misses,467856.0,79.0,nan,,ok
2320.124447,0.0,,L1-dcache-loads:u,l1-dcache-loads,574796.0,100.0,nan,,ok
2320.124447,0.0,,cache-references:u,cache-references,563213.0,100.0,nan,,ok
2320.124447,0.0,,cache-misses:u,cache-misses,553795.0,100.0,nan,,ok
2320.124447,nan,,stalled-cycles-frontend:u,stalled-cycles-frontend,0.0,0.0,nan,,ok
2330.702002,nan,,instructions:u,instructions,0.0,100.0,nan,,ok
2330.702002,nan,,cycles:u,cycles,0.0,100.0,nan,,ok
2330.702002,nan,,branches:u,branches,0.0,100.0,nan,,ok
2330.702002,nan,,branch-misses:u,branch-misses,0.0,100.0,nan,,ok
2330.702002,nan,,L1-dcache-loads:u,l1-dcache-loads,0.0,100.0,nan,,ok
2330.702002,nan,,cache-references:u,cache-references,0.0,100.0,nan,,ok
2330.702002,nan,,cache-misses:u,cache-misses,0.0,100.0,nan,,ok
2330.702002,nan,,stalled-cycles-frontend:u,stalled-cycles-frontend,0.0,100.0,nan,,ok
2341.5001119999997,nan,,instructions:u,instructions,0.0,100.0,nan,,ok
2341.5001119999997,nan,,cycles:u,cycles,0.0,100.0,nan,,ok
2341.5001119999997,nan,,branches:u,branches,0.0,100.0,nan,,ok
2341.5001119999997,nan,,branch-misses:u,branch-misses,0.0,100.0,nan,,ok
2341.5001119999997,nan,,L1-dcache-loads:u,l1-dcache-loads,0.0,100.0,nan,,ok
2341.5001119999997,nan,,cache-references:u,cache-references,0.0,100.0,nan,,ok
2341.5001119999997,nan,,cache-misses:u,cache-misses,0.0,100.0,nan,,ok
2341.5001119999997,nan,,stalled-cycles-frontend:u,stalled-cycles-frontend,0.0,100.0,nan,,ok
2352.30073,0.0,,instructions:u,instructions,2034968.0,50.0,nan,,ok
2352.30073,0.0,,cycles:u,cycles,1040600.0,25.0,nan,,ok
2352.30073,0.0,,branches:u,branches,1040600.0,25.0,nan,,ok
2352.30073,0.0,,branch-misses:u,branch-misses,1040600.0,25.0,nan,,ok
2352.30073,0.0,,L1-dcache-loads:u,l1-dcache-loads,1015509.0,25.0,nan,,ok
2352.30073,0.0,,cache-references:u,cache-references,1983733.0,49.0,nan,,ok
2352.30073,0.0,,cache-misses:u,cache-misses,2978101.0,74.0,nan,,ok
2352.30073,0.0,,stalled-cycles-frontend:u,stalled-cycles-frontend,2002315.0,49.0,nan,,ok
2362.976587,nan,,instructions:u,instructions,0.0,100.0,nan,,ok
2362.976587,nan,,cycles:u,cycles,0.0,100.0,nan,,ok
2362.976587,nan,,branches:u,branches,0.0,100.0,nan,,ok
2362.976587,nan,,branch-misses:u,branch-misses,0.0,100.0,nan,,ok
2362.976587,nan,,L1-dcache-loads:u,l1-dcache-loads,0.0,100.0,nan,,ok
2362.976587,nan,,cache-references:u,cache-references,0.0,100.0,nan,,ok
2362.976587,nan,,cache-misses:u,cache-misses,0.0,100.0,nan,,ok
2362.976587,nan,,stalled-cycles-frontend:u,stalled-cycles-frontend,0.0,100.0,nan,,ok
2373.89839,nan,,instructions:u,instructions,0.0,100.0,nan,,ok
2373.89839,nan,,cycles:u,cycles,0.0,100.0,nan,,ok
2373.89839,nan,,branches:u,branches,0.0,100.0,nan,,ok
2373.89839,nan,,branch-misses:u,branch-misses,0.0,100.0,nan,,ok
2373.89839,nan,,L1-dcache-loads:u,l1-dcache-loads,0.0,100.0,nan,,ok
2373.89839,nan,,cache-references:u,cache-references,0.0,100.0,nan,,ok
2373.89839,nan,,cache-misses:u,cache-misses,0.0,100.0,nan,,ok
2373.89839,nan,,stalled-cycles-frontend:u,stalled-cycles-frontend,0.0,100.0,nan,,ok
2384.559378,nan,,instructions:u,instructions,0.0,100.0,nan,,ok
2384.559378,nan,,cycles:u,cycles,0.0,100.0,nan,,ok
2384.559378,nan,,branches:u,branches,0.0,100.0,nan,,ok
2384.559378,nan,,branch-misses:u,branch-misses,0.0,100.0,nan,,ok
2384.559378,nan,,L1-dcache-loads:u,l1-dcache-loads,0.0,100.0,nan,,ok
2384.559378,nan,,cache-references:u,cache-references,0.0,100.0,nan,,ok
2384.559378,nan,,cache-misses:u,cache-misses,0.0,100.0,nan,,ok
2384.559378,nan,,stalled-cycles-frontend:u,stalled-cycles-frontend,0.0,100.0,nan,,ok
2395.148088,nan,,instructions:u,instructions,0.0,100.0,nan,,ok
2395.148088,nan,,cycles:u,cycles,0.0,100.0,nan,,ok
2395.148088,nan,,branches:u,branches,0.0,100.0,nan,,ok
2395.148088,nan,,branch-misses:u,branch-misses,0.0,100.0,nan,,ok
2395.148088,nan,,L1-dcache-loads:u,l1-dcache-loads,0.0,100.0,nan,,ok
2395.148088,nan,,cache-references:u,cache-references,0.0,100.0,nan,,ok
2395.148088,nan,,cache-misses:u,cache-misses,0.0,100.0,nan,,ok
2395.148088,nan,,stalled-cycles-frontend:u,stalled-cycles-frontend,0.0,100.0,nan,,ok
2406.187705,0.0,,instructions:u,instructions,983306.0,20.0,nan,,ok
2406.187705,0.0,,cycles:u,cycles,1981606.0,40.0,nan,,ok
2406.187705,0.0,,branches:u,branches,2979172.0,60.0,nan,,ok
2406.187705,0.0,,branch-misses:u,branch-misses,3978514.0,81.0,nan,,ok
2406.187705,0.0,,L1-dcache-loads:u,l1-dcache-loads,4901726.0,100.0,nan,,ok
2406.187705,0.0,,cache-references:u,cache-references,3918420.0,79.0,nan,,ok
2406.187705,0.0,,cache-misses:u,cache-misses,2920120.0,59.0,nan,,ok
2406.187705,nan,,stalled-cycles-frontend:u,stalled-cycles-frontend,0.0,0.0,nan,,ok
2417.0314319999998,nan,,instructions:u,instructions,0.0,100.0,nan,,ok
2417.0314319999998,nan,,cycles:u,cycles,0.0,100.0,nan,,ok
2417.0314319999998,nan,,branches:u,branches,0.0,100.0,nan,,ok
2417.0314319999998,nan,,branch-misses:u,branch-misses,0.0,100.0,nan,,ok
2417.0314319999998,nan,,L1-dcache-loads:u,l1-dcache-loads,0.0,100.0,nan,,ok
2417.0314319999998,nan,,cache-references:u,cache-references,0.0,100.0,nan,,ok
2417.0314319999998,nan,,cache-misses:u,cache-misses,0.0,100.0,nan,,ok
2417.0314319999998,nan,,stalled-cycles-frontend:u,stalled-cycles-frontend,0.0,100.0,nan,,ok
2427.800769,nan,,instructions:u,instructions,0.0,0.0,nan,,ok
2427.800769,nan,,cycles:u,cycles,0.0,0.0,nan,,ok
2427.800769,nan,,branches:u,branches,0.0,0.0,nan,,ok
2427.800769,nan,,branch-misses:u,branch-misses,0.0,0.0,nan,,ok
2427.800769,0.0,,L1-dcache-loads:u,l1-dcache-loads,936207.0,100.0,nan,,ok
2427.800769,0.0,,cache-references:u,cache-references,947756.0,100.0,nan,,ok
2427.800769,0.0,,cache-misses:u,cache-misses,958962.0,100.0,nan,,ok
2427.800769,nan,,stalled-cycles-frontend:u,stalled-cycles-frontend,0.0,0.0,nan,,ok
2438.420513,0.0,,instructions:u,instructions,3003441.0,61.0,nan,,ok
2438.420513,0.0,,cycles:u,cycles,2822240.0,57.0,nan,,ok
2438.420513,0.0,,branches:u,branches,2822240.0,57.0,nan,,ok
2438.420513,0.0,,branch-misses:u,branch-misses,2822240.0,57.0,nan,,ok
2438.420513,0.0,,L1-dcache-loads:u,l1-dcache-loads,1868383.0,38.0,nan,,ok
2438.420513,0.0,,cache-references:u,cache-references,1849769.0,38.0,nan,,ok
2438.420513,0.0,,cache-misses:u,cache-misses,2019764.0,41.0,nan,,ok
2438.420513,0.0,,stalled-cycles-frontend:u,stalled-cycles-frontend,1999224.0,41.0,nan,,ok
2449.494316,nan,,instructions:u,instructions,0.0,100.0,nan,,ok
2449.494316,nan,,cycles:u,cycles,0.0,100.0,nan,,ok
2449.494316,nan,,branches:u,branches,0.0,100.0,nan,,ok
2449.494316,nan,,branch-misses:u,branch-misses,0.0,100.0,nan,,ok
2449.494316,nan,,L1-dcache-loads:u,l1-dcache-loads,0.0,100.0,nan,,ok
2449.494316,nan,,cache-references:u,cache-references,0.0,100.0,nan,,ok
2449.494316,nan,,cache-misses:u,cache-misses,0.0,100.0,nan,,ok
2449.494316,nan,,stalled-cycles-frontend:u,stalled-cycles-frontend,0.0,100.0,nan,,ok
2460.2622539999998,nan,,instructions:u,instructions,0.0,100.0,nan,,ok
2460.2622539999998,nan,,cycles:u,cycles,0.0,100.0,nan,,ok
2460.2622539999998,nan,,branches:u,branches,0.0,100.0,nan,,ok
2460.2622539999998,nan,,branch-misses:u,branch-misses,0.0,100.0,nan,,ok
2460.2622539999998,nan,,L1-dcache-loads:u,l1-dcache-loads,0.0,100.0,nan,,ok
2460.2622539999998,nan,,cache-references:u,cache-references,0.0,100.0,nan,,ok
2460.2622539999998,nan,,cache-misses:u,cache-misses,0.0,100.0,nan,,ok
2460.2622539999998,nan,,stalled-cycles-frontend:u,stalled-cycles-frontend,0.0,100.0,nan,,ok
2470.874124,0.0,,instructions:u,instructions,671857.0,11.0,nan,,ok
2470.874124,0.0,,cycles:u,cycles,985048.0,17.0,nan,,ok
2470.874124,0.0,,branches:u,branches,1982797.0,35.0,nan,,ok
2470.874124,0.0,,branch-misses:u,branch-misses,2983035.0,52.0,nan,,ok
2470.874124,0.0,,L1-dcache-loads:u,l1-dcache-loads,3983164.0,70.0,nan,,ok
2470.874124,0.0,,cache-references:u,cache-references,4981311.0,88.0,nan,,ok
2470.874124,0.0,,cache-misses:u,cache-misses,4668120.0,82.0,nan,,ok
2470.874124,0.0,,stalled-cycles-frontend:u,stalled-cycles-frontend,671857.0,11.0,nan,,ok
2481.455711,nan,,instructions:u,instructions,0.0,100.0,nan,,ok
2481.455711,nan,,cycles:u,cycles,0.0,100.0,nan,,ok
2481.455711,nan,,branches:u,branches,0.0,100.0,nan,,ok
2481.455711,nan,,branch-misses:u,branch-misses,0.0,100.0,nan,,ok
2481.455711,nan,,L1-dcache-loads:u,l1-dcache-loads,0.0,100.0,nan,,ok
2481.455711,nan,,cache-references:u,cache-references,0.0,100.0,nan,,ok
2481.455711,nan,,cache-misses:u,cache-misses,0.0,100.0,nan,,ok
2481.455711,nan,,stalled-cycles-frontend:u,stalled-cycles-frontend,0.0,100.0,nan,,ok
2492.4877539999998,nan,,instructions:u,instructions,0.0,100.0,nan,,ok
2492.4877539999998,nan,,cycles:u,cycles,0.0,100.0,nan,,ok
2492.4877539999998,nan,,branches:u,branches,0.0,100.0,nan,,ok
2492.4877539999998,nan,,branch-misses:u,branch-misses,0.0,100.0,nan,,ok
2492.4877539999998,nan,,L1-dcache-loads:u,l1-dcache-loads,0.0,100.0,nan,,ok
2492.4877539999998,nan,,cache-references:u,cache-references,0.0,100.0,nan,,ok
2492.4877539999998,nan,,cache-misses:u,cache-misses,0.0,100.0,nan,,ok
2492.4877539999998,nan,,stalled-cycles-frontend:u,stalled-cycles-frontend,0.0,100.0,nan,,ok
2503.2646170000003,0.0,,instructions:u,instructions,2968417.0,49.0,nan,,ok
2503.2646170000003,0.0,,cycles:u,cycles,3002941.0,49.0,nan,,ok
2503.2646170000003,0.0,,branches:u,branches,3998490.0,66.0,nan,,ok
2503.2646170000003,0.0,,branch-misses:u,branch-misses,5015131.0,83.0,nan,,ok
2503.2646170000003,0.0,,L1-dcache-loads:u,l1-dcache-loads,4042396.0,67.0,nan,,ok
2503.2646170000003,0.0,,cache-references:u,cache-references,3044704.0,50.0,nan,,ok
2503.2646170000003,0.0,,cache-misses:u,cache-misses,3010180.0,50.0,nan,,ok
2503.2646170000003,0.0,,stalled-cycles-frontend:u,stalled-cycles-frontend,1970725.0,32.0,nan,,ok
2514.0642359999997,nan,,instructions:u,instructions,0.0,100.0,nan,,ok
2514.0642359999997,nan,,cycles:u,cycles,0.0,100.0,nan,,ok
2514.0642359999997,nan,,branches:u,branches,0.0,100.0,nan,,ok
2514.0642359999997,nan,,branch-misses:u,branch-misses,0.0,100.0,nan,,ok
2514.0642359999997,nan,,L1-dcache-loads:u,l1-dcache-loads,0.0,100.0,nan,,ok
2514.0642359999997,nan,,cache-references:u,cache-references,0.0,100.0,nan,,ok
2514.0642359999997,nan,,cache-misses:u,cache-misses,0.0,100.0,nan,,ok
2514.0642359999997,nan,,stalled-cycles-frontend:u,stalled-cycles-frontend,0.0,100.0,nan,,ok
2524.649947,nan,,instructions:u,instructions,0.0,100.0,nan,,ok
2524.649947,nan,,cycles:u,cycles,0.0,100.0,nan,,ok
2524.649947,nan,,branches:u,branches,0.0,100.0,nan,,ok
2524.649947,nan,,branch-misses:u,branch-misses,0.0,100.0,nan,,ok
2524.649947,nan,,L1-dcache-loads:u,l1-dcache-loads,0.0,100.0,nan,,ok
2524.649947,nan,,cache-references:u,cache-references,0.0,100.0,nan,,ok
2524.649947,nan,,cache-misses:u,cache-misses,0.0,100.0,nan,,ok
2524.649947,nan,,stalled-cycles-frontend:u,stalled-cycles-frontend,0.0,100.0,nan,,ok
2535.445919,0.0,,instructions:u,instructions,590510.0,22.0,nan,,ok
2535.445919,nan,,cycles:u,cycles,0.0,0.0,nan,,ok
2535.445919,nan,,branches:u,branches,0.0,0.0,nan,,ok
2535.445919,nan,,branch-misses:u,branch-misses,0.0,0.0,nan,,ok
2535.445919,0.0,,L1-dcache-loads:u,l1-dcache-loads,982074.0,37.0,nan,,ok
2535.445919,0.0,,cache-references:u,cache-references,1995191.0,76.0,nan,,ok
2535.445919,0.0,,cache-misses:u,cache-misses,2630754.0,100.0,nan,,ok
2535.445919,0.0,,stalled-cycles-frontend:u,stalled-cycles-frontend,654138.0,24.0,nan,,ok
2546.2017220000002,0.0,,instructions:u,instructions,2396438.0,83.0,nan,,ok
2546.2017220000002,0.0,,cycles:u,cycles,2495203.0,86.0,nan,,ok
2546.2017220000002,0.0,,branches:u,branches,2495203.0,87.0,nan,,ok
2546.2017220000002,0.0,,branch-misses:u,branch-misses,2495203.0,87.0,nan,,ok
2546.2017220000002,0.0,,L1-dcache-loads:u,l1-dcache-loads,1490297.0,52.0,nan,,ok
2546.2017220000002,0.0,,cache-references:u,cache-references,488790.0,17.0,nan,,ok
2546.2017220000002,0.0,,cache-misses:u,cache-misses,344972.0,12.0,nan,,ok
2546.2017220000002,0.0,,stalled-cycles-frontend:u,stalled-cycles-frontend,1331303.0,47.0,nan,,ok
2556.9481889999997,nan,,instructions:u,instructions,0.0,100.0,nan,,ok
2556.9481889999997,nan,,cycles:u,cycles,0.0,100.0,nan,,ok
2556.9481889999997,nan,,branches:u,branches,0.0,100.0,nan,,ok
2556.9481889999997,nan,,branch-misses:u,branch-misses,0.0,100.0,nan,,ok
2556.9481889999997,nan,,L1-dcache-loads:u,l1-dcache-loads,0.0,100.0,nan,,ok
2556.9481889999997,nan,,cache-references:u,cache-references,0.0,100.0,nan,,ok
2556.9481889999997,nan,,cache-misses:u,cache-misses,0.0,100.0,nan,,ok
2556.9481889999997,nan,,stalled-cycles-frontend:u,stalled-cycles-frontend,0.0,100.0,nan,,ok
2567.798345,nan,,instructions:u,instructions,0.0,0.0,nan,,ok
2567.798345,0.0,,cycles:u,cycles,986623.0,51.0,nan,,ok
2567.798345,0.0,,branches:u,branches,1916604.0,100.0,nan,,ok
2567.798345,0.0,,branch-misses:u,branch-misses,1929890.0,100.0,nan,,ok
2567.798345,0.0,,L1-dcache-loads:u,l1-dcache-loads,1943261.0,100.0,nan,,ok
2567.798345,0.0,,cache-references:u,cache-references,1956394.0,100.0,nan,,ok
2567.798345,0.0,,cache-misses:u,cache-misses,1009147.0,50.0,nan,,ok
2567.798345,nan,,stalled-cycles-frontend:u,stalled-cycles-frontend,0.0,0.0,nan,,ok
2578.574679,nan,,instructions:u,instructions,0.0,0.0,nan,,ok
2578.574679,nan,,cycles:u,cycles,0.0,0.0,nan,,ok
2578.574679,0.0,,branches:u,branches,57490.0,2.0,nan,,ok
2578.574679,0.0,,branch-misses:u,branch-misses,1055053.0,46.0,nan,,ok
2578.574679,0.0,,L1-dcache-loads:u,l1-dcache-loads,2032065.0,90.0,nan,,ok
2578.574679,0.0,,cache-references:u,cache-references,2229208.0,100.0,nan,,ok
2578.574679,0.0,,cache-misses:u,cache-misses,2189832.0,100.0,nan,,ok
2578.574679,nan,,stalled-cycles-frontend:u,stalled-cycles-frontend,0.0,0.0,nan,,ok
2589.471427,nan,,instructions:u,instructions,0.0,100.0,nan,,ok
2589.471427,nan,,cycles:u,cycles,0.0,100.0,nan,,ok
2589.471427,nan,,branches:u,branches,0.0,100.0,nan,,ok
2589.471427,nan,,branch-misses:u,branch-misses,0.0,100.0,nan,,ok
2589.471427,nan,,L1-dcache-loads:u,l1-dcache-loads,0.0,100.0,nan,,ok
2589.471427,nan,,cache-references:u,cache-references,0.0,100.0,nan,,ok
2589.471427,nan,,cache-misses:u,cache-misses,0.0,100.0,nan,,ok
2589.471427,nan,,stalled-cycles-frontend:u,stalled-cycles-frontend,0.0,100.0,nan,,ok
2600.266225,nan,,instructions:u,instructions,0.0,100.0,nan,,ok
2600.266225,nan,,cycles:u,cycles,0.0,100.0,nan,,ok
2600.266225,nan,,branches:u,branches,0.0,100.0,nan,,ok
2600.266225,nan,,branch-misses:u,branch-misses,0.0,100.0,nan,,ok
2600.266225,nan,,L1-dcache-loads:u,l1-dcache-loads,0.0,100.0,nan,,ok
2600.266225,nan,,cache-references:u,cache-references,0.0,100.0,nan,,ok
2600.266225,nan,,cache-misses:u,cache-misses,0.0,100.0,nan,,ok
2600.266225,nan,,stalled-cycles-frontend:u,stalled-cycles-frontend,0.0,100.0,nan,,ok
2611.0407219999997,0.0,,instructions:u,instructions,2974738.0,73.0,nan,,ok
2611.0407219999997,0.0,,cycles:u,cycles,2034503.0,50.0,nan,,ok
2611.0407219999997,0.0,,branches:u,branches,2034503.0,50.0,nan,,ok
2611.0407219999997,0.0,,branch-misses:u,branch-misses,2034503.0,50.0,nan,,ok
2611.0407219999997,0.0,,L1-dcache-loads:u,l1-dcache-loads,1037150.0,25.0,nan,,ok
2611.0407219999997,0.0,,cache-references:u,cache-references,1045345.0,26.0,nan,,ok
2611.0407219999997,0.0,,cache-misses:u,cache-misses,1985580.0,49.0,nan,,ok
2611.0407219999997,0.0,,stalled-cycles-frontend:u,stalled-cycles-frontend,1972190.0,49.0,nan,,ok
2621.868391,nan,,instructions:u,instructions,0.0,100.0,nan,,ok
2621.868391,nan,,cycles:u,cycles,0.0,100.0,nan,,ok
2621.868391,nan,,branches:u,branches,0.0,100.0,nan,,ok
2621.868391,nan,,branch-misses:u,branch-misses,0.0,100.0,nan,,ok
2621.868391,nan,,L1-dcache-loads:u,l1-dcache-loads,0.0,100.0,nan,,ok
2621.868391,nan,,cache-references:u,cache-references,0.0,100.0,nan,,ok
2621.868391,nan,,cache-misses:u,cache-misses,0.0,100.0,nan,,ok
2621.868391,nan,,stalled-cycles-frontend:u,stalled-cycles-frontend,0.0,100.0,nan,,ok
2632.774999,nan,,instructions:u,instructions,0.0,100.0,nan,,ok
2632.774999,nan,,cycles:u,cycles,0.0,100.0,nan,,ok
2632.774999,nan,,branches:u,branches,0.0,100.0,nan,,ok
2632.774999,nan,,branch-misses:u,branch-misses,0.0,100.0,nan,,ok
2632.774999,nan,,L1-dcache-loads:u,l1-dcache-loads,0.0,100.0,nan,,ok
2632.774999,nan,,cache-references:u,cache-references,0.0,100.0,nan,,ok
2632.774999,nan,,cache-misses:u,cache-misses,0.0,100.0,nan,,ok
2632.774999,nan,,stalled-cycles-frontend:u,stalled-cycles-frontend,0.0,100.0,nan,,ok
2643.6932199999997,nan,,instructions:u,instructions,0.0,0.0,nan,,ok
2643.6932199999997,0.0,,cycles:u,cycles,953483.0,23.0,nan,,ok
2643.6932199999997,0.0,,branches:u,branches,1948045.0,48.0,nan,,ok
2643.6932199999997,0.0,,branch-misses:u,branch-misses,2946635.0,74.0,nan,,ok
2643.6932199999997,0.0,,L1-dcache-loads:u,l1-dcache-loads,3946438.0,99.0,nan,,ok
2643.6932199999997,0.0,,cache-references:u,cache-references,3976272.0,100.0,nan,,ok
2643.6932199999997,0.0,,cache-misses:u,cache-misses,3022789.0,76.0,nan,,ok
2643.6932199999997,nan,,stalled-cycles-frontend:u,stalled-cycles-frontend,0.0,0.0,nan,,ok
2654.71721,nan,,instructions:u,instructions,0.0,100.0,nan,,ok
2654.71721,nan,,cycles:u,cycles,0.0,100.0,nan,,ok
2654.71721,nan,,branches:u,branches,0.0,100.0,nan,,ok
2654.71721,nan,,branch-misses:u,branch-misses,0.0,100.0,nan,,ok
2654.71721,nan,,L1-dcache-loads:u,l1-dcache-loads,0.0,100.0,nan,,ok
2654.71721,nan,,cache-references:u,cache-references,0.0,100.0,nan,,ok
2654.71721,nan,,cache-misses:u,cache-misses,0.0,100.0,nan,,ok
2654.71721,nan,,stalled-cycles-frontend:u,stalled-cycles-frontend,0.0,100.0,nan,,ok
2665.6244450000004,0.0,,instructions:u,instructions,2996720.0,67.0,nan,,ok
2665.6244450000004,0.0,,cycles:u,cycles,2447398.0,55.0,nan,,ok
2665.6244450000004,0.0,,branches:u,branches,2447398.0,55.0,nan,,ok
2665.6244450000004,0.0,,branch-misses:u,branch-misses,2447398.0,55.0,nan,,ok
2665.6244450000004,0.0,,L1-dcache-loads:u,l1-dcache-loads,1444713.0,32.0,nan,,ok
2665.6244450000004,0.0,,cache-references:u,cache-references,1439893.0,32.0,nan,,ok
2665.6244450000004,0.0,,cache-misses:u,cache-misses,1989215.0,44.0,nan,,ok
2665.6244450000004,0.0,,stalled-cycles-frontend:u,stalled-cycles-frontend,2001420.0,45.0,nan,,ok
2676.368135,nan,,instructions:u,instructions,0.0,100.0,nan,,ok
2676.368135,nan,,cycles:u,cycles,0.0,100.0,nan,,ok
2676.368135,nan,,branches:u,branches,0.0,100.0,nan,,ok
2676.368135,nan,,branch-misses:u,branch-misses,0.0,100.0,nan,,ok
2676.368135,nan,,L1-dcache-loads:u,l1-dcache-loads,0.0,100.0,nan,,ok
2676.368135,nan,,cache-references:u,cache-references,0.0,100.0,nan,,ok
2676.368135,nan,,cache-misses:u,cache-misses,0.0,100.0,nan,,ok
2676.368135,nan,,stalled-cycles-frontend:u,stalled-cycles-frontend,0.0,100.0,nan,,ok
2687.0254999999997,nan,,instructions:u,instructions,0.0,100.0,nan,,ok
2687.0254999999997,nan,,cycles:u,cycles,0.0,100.0,nan,,ok
2687.0254999999997,nan,,branches:u,branches,0.0,100.0,nan,,ok
2687.0254999999997,nan,,branch-misses:u,branch-misses,0.0,100.0,nan,,ok
2687.0254999999997,nan,,L1-dcache-loads:u,l1-dcache-loads,0.0,100.0,nan,,ok
2687.0254999999997,nan,,cache-references:u,cache-references,0.0,100.0,nan,,ok
2687.0254999999997,nan,,cache-misses:u,cache-misses,0.0,100.0,nan,,ok
2687.0254999999997,nan,,stalled-cycles-frontend:u,stalled-cycles-frontend,0.0,100.0,nan,,ok
2697.655086,nan,,instructions:u,instructions,0.0,0.0,nan,,ok
2697.655086,0.0,,cycles:u,cycles,995114.0,26.0,nan,,ok
2697.655086,0.0,,branches:u,branches,1986269.0,52.0,nan,,ok
2697.655086,0.0,,branch-misses:u,branch-misses,3001549.0,79.0,nan,,ok
2697.655086,0.0,,L1-dcache-loads:u,l1-dcache-loads,3802707.0,100.0,nan,,ok
2697.655086,0.0,,cache-references:u,cache-references,3810125.0,100.0,nan,,ok
2697.655086,0.0,,cache-misses:u,cache-misses,2822426.0,73.0,nan,,ok
2697.655086,nan,,stalled-cycles-frontend:u,stalled-cycles-frontend,0.0,0.0,nan,,ok
2708.424407,nan,,instructions:u,instructions,0.0,0.0,nan,,ok
2708.424407,nan,,cycles:u,cycles,0.0,0.0,nan,,ok
2708.424407,nan,,branches:u,branches,0.0,0.0,nan,,ok
2708.424407,nan,,branch-misses:u,branch-misses,0.0,0.0,nan,,ok
2708.424407,0.0,,L1-dcache-loads:u,l1-dcache-loads,186438.0,27.0,nan,,ok
2708.424407,0.0,,cache-references:u,cache-references,662964.0,100.0,nan,,ok
2708.424407,0.0,,cache-misses:u,cache-misses,655549.0,100.0,nan,,ok
2708.424407,nan,,stalled-cycles-frontend:u,stalled-cycles-frontend,0.0,0.0,nan,,ok
2719.0836520000003,nan,,instructions:u,instructions,0.0,100.0,nan,,ok
2719.0836520000003,nan,,cycles:u,cycles,0.0,100.0,nan,,ok
2719.0836520000003,nan,,branches:u,branches,0.0,100.0,nan,,ok
2719.0836520000003,nan,,branch-misses:u,branch-misses,0.0,100.0,nan,,ok
2719.0836520000003,nan,,L1-dcache-loads:u,l1-dcache-loads,0.0,100.0,nan,,ok
2719.0836520000003,nan,,cache-references:u,cache-references,0.0,100.0,nan,,ok
2719.0836520000003,nan,,cache-misses:u,cache-misses,0.0,100.0,nan,,ok
2719.0836520000003,nan,,stalled-cycles-frontend:u,stalled-cycles-frontend,0.0,100.0,nan,,ok
2729.623085,nan,,instructions:u,instructions,0.0,100.0,nan,,ok
2729.623085,nan,,cycles:u,cycles,0.0,100.0,nan,,ok
2729.623085,nan,,branches:u,branches,0.0,100.0,nan,,ok
2729.623085,nan,,branch-misses:u,branch-misses,0.0,100.0,nan,,ok
2729.623085,nan,,L1-dcache-loads:u,l1-dcache-loads,0.0,100.0,nan,,ok
2729.623085,nan,,cache-references:u,cache-references,0.0,100.0,nan,,ok
2729.623085,nan,,cache-misses:u,cache-misses,0.0,100.0,nan,,ok
2729.623085,nan,,stalled-cycles-frontend:u,stalled-cycles-frontend,0.0,100.0,nan,,ok
2740.229195,0.0,,instructions:u,instructions,2994169.0,69.0,nan,,ok
2740.229195,0.0,,cycles:u,cycles,2316288.0,53.0,nan,,ok
2740.229195,0.0,,branches:u,branches,2316288.0,53.0,nan,,ok
2740.229195,0.0,,branch-misses:u,branch-misses,2316288.0,53.0,nan,,ok
2740.229195,0.0,,L1-dcache-loads:u,l1-dcache-loads,1318579.0,30.0,nan,,ok
2740.229195,0.0,,cache-references:u,cache-references,1312400.0,30.0,nan,,ok
2740.229195,0.0,,cache-misses:u,cache-misses,1990281.0,46.0,nan,,ok
2740.229195,0.0,,stalled-cycles-frontend:u,stalled-cycles-frontend,1994632.0,46.0,nan,,ok
2751.079244,nan,,instructions:u,instructions,0.0,100.0,nan,,ok
2751.079244,nan,,cycles:u,cycles,0.0,100.0,nan,,ok
2751.079244,nan,,branches:u,branches,0.0,100.0,nan,,ok
2751.079244,nan,,branch-misses:u,branch-misses,0.0,100.0,nan,,ok
2751.079244,nan,,L1-dcache-loads:u,l1-dcache-loads,0.0,100.0,nan,,ok
2751.079244,nan,,cache-references:u,cache-references,0.0,100.0,nan,,ok
2751.079244,nan,,cache-misses:u,cache-misses,0.0,100.0,nan,,ok
2751.079244,nan,,stalled-cycles-frontend:u,stalled-cycles-frontend,0.0,100.0,nan,,ok
2762.168474,nan,,instructions:u,instructions,0.0,100.0,nan,,ok
2762.168474,nan,,cycles:u,cycles,0.0,100.0,nan,,ok
2762.168474,nan,,branches:u,branches,0.0,100.0,nan,,ok
2762.168474,nan,,branch-misses:u,branch-misses,0.0,100.0,nan,,ok
2762.168474,nan,,L1-dcache-loads:u,l1-dcache-loads,0.0,100.0,nan,,ok
2762.168474,nan,,cache-references:u,cache-references,0.0,100.0,nan,,ok
2762.168474,nan,,cache-misses:u,cache-misses,0.0,100.0,nan,,ok
2762.168474,nan,,stalled-cycles-frontend:u,stalled-cycles-frontend,0.0,100.0,nan,,ok
2773.101275,nan,,instructions:u,instructions,0.0,0.0,nan,,ok
2773.101275,0.0,,cycles:u,cycles,991835.0,30.0,nan,,ok
2773.101275,0.0,,branches:u,branches,1985709.0,61.0,nan,,ok
2773.101275,0.0,,branch-misses:u,branch-misses,2989470.0,92.0,nan,,ok
2773.101275,0.0,,L1-dcache-loads:u,l1-dcache-loads,3265591.0,100.0,nan,,ok
2773.101275,0.0,,cache-references:u,cache-references,3275501.0,100.0,nan,,ok
2773.101275,0.0,,cache-misses:u,cache-misses,2292522.0,69.0,nan,,ok
2773.101275,nan,,stalled-cycles-frontend:u,stalled-cycles-frontend,0.0,0.0,nan,,ok
2783.908318,0.0,,instructions:u,instructions,454752.0,20.0,nan,,ok
2783.908318,nan,,cycles:u,cycles,0.0,0.0,nan,,ok
2783.908318,nan,,branches:u,branches,0.0,0.0,nan,,ok
2783.908318,nan,,branch-misses:u,branch-misses,0.0,0.0,nan,,ok
2783.908318,0.0,,L1-dcache-loads:u,l1-dcache-loads,718836.0,32.0,nan,,ok
2783.908318,0.0,,cache-references:u,cache-references,1733554.0,79.0,nan,,ok
2783.908318,0.0,,cache-misses:u,cache-misses,2179450.0,100.0,nan,,ok
2783.908318,0.0,,stalled-cycles-frontend:u,stalled-cycles-frontend,454752.0,20.0,nan,,ok
2795.314335,nan,,instructions:u,instructions,0.0,100.0,nan,,ok
2795.314335,nan,,cycles:u,cycles,0.0,100.0,nan,,ok
2795.314335,nan,,branches:u,branches,0.0,100.0,nan,,ok
2795.314335,nan,,branch-misses:u,branch-misses,0.0,100.0,nan,,ok
2795.314335,nan,,L1-dcache-loads:u,l1-dcache-loads,0.0,100.0,nan,,ok
2795.314335,nan,,cache-references:u,cache-references,0.0,100.0,nan,,ok
2795.314335,nan,,cache-misses:u,cache-misses,0.0,100.0,nan,,ok
2795.314335,nan,,stalled-cycles-frontend:u,stalled-cycles-frontend,0.0,100.0,nan,,ok
2806.033261,nan,,instructions:u,instructions,0.0,100.0,nan,,ok
2806.033261,nan,,cycles:u,cycles,0.0,100.0,nan,,ok
2806.033261,nan,,branches:u,branches,0.0,100.0,nan,,ok
2806.033261,nan,,branch-misses:u,branch-misses,0.0,100.0,nan,,ok
2806.033261,nan,,L1-dcache-loads:u,l1-dcache-loads,0.0,100.0,nan,,ok
2806.033261,nan,,cache-references:u,cache-references,0.0,100.0,nan,,ok
2806.033261,nan,,cache-misses:u,cache-misses,0.0,100.0,nan,,ok
2806.033261,nan,,stalled-cycles-frontend:u,stalled-cycles-frontend,0.0,100.0,nan,,ok
2816.652427,nan,,instructions:u,instructions,0.0,100.0,nan,,ok
2816.652427,nan,,cycles:u,cycles,0.0,100.0,nan,,ok
2816.652427,nan,,branches:u,branches,0.0,100.0,nan,,ok
2816.652427,nan,,branch-misses:u,branch-misses,0.0,100.0,nan,,ok
2816.652427,nan,,L1-dcache-loads:u,l1-dcache-loads,0.0,100.0,nan,,ok
2816.652427,nan,,cache-references:u,cache-references,0.0,100.0,nan,,ok
2816.652427,nan,,cache-misses:u,cache-misses,0.0,100.0,nan,,ok
2816.652427,nan,,stalled-cycles-frontend:u,stalled-cycles-frontend,0.0,100.0,nan,,ok
2827.334644,0.0,,instructions:u,instructions,451342.0,100.0,nan,,ok
2827.334644,nan,,cycles:u,cycles,0.0,0.0,nan,,ok
2827.334644,nan,,branches:u,branches,0.0,0.0,nan,,ok
2827.334644,nan,,branch-misses:u,branch-misses,0.0,0.0,nan,,ok
2827.334644,nan,,L1-dcache-loads:u,l1-dcache-loads,0.0,0.0,nan,,ok
2827.334644,nan,,cache-references:u,cache-references,0.0,0.0,nan,,ok
2827.334644,0.0,,cache-misses:u,cache-misses,489359.0,100.0,nan,,ok
2827.334644,0.0,,stalled-cycles-frontend:u,stalled-cycles-frontend,496689.0,100.0,nan,,ok
2837.936248,0.0,,instructions:u,instructions,2534728.0,55.0,nan,,ok
2837.936248,0.0,,cycles:u,cycles,2997178.0,65.0,nan,,ok
2837.936248,0.0,,branches:u,branches,3995139.0,87.0,nan,,ok
2837.936248,0.0,,branch-misses:u,branch-misses,4034095.0,88.0,nan,,ok
2837.936248,0.0,,L1-dcache-loads:u,l1-dcache-loads,3037974.0,66.0,nan,,ok
2837.936248,0.0,,cache-references:u,cache-references,2037895.0,44.0,nan,,ok
2837.936248,0.0,,cache-misses:u,cache-misses,1537428.0,33.0,nan,,ok
2837.936248,0.0,,stalled-cycles-frontend:u,stalled-cycles-frontend,1489302.0,32.0,nan,,ok
2848.8703480000004,nan,,instructions:u,instructions,0.0,100.0,nan,,ok
2848.8703480000004,nan,,cycles:u,cycles,0.0,100.0,nan,,ok
2848.8703480000004,nan,,branches:u,branches,0.0,100.0,nan,,ok
2848.8703480000004,nan,,branch-misses:u,branch-misses,0.0,100.0,nan,,ok
2848.8703480000004,nan,,L1-dcache-loads:u,l1-dcache-loads,0.0,100.0,nan,,ok
2848.8703480000004,nan,,cache-references:u,cache-references,0.0,100.0,nan,,ok
2848.8703480000004,nan,,cache-misses:u,cache-misses,0.0,100.0,nan,,ok
2848.8703480000004,nan,,stalled-cycles-frontend:u,stalled-cycles-frontend,0.0,100.0,nan,,ok
2859.713879,nan,,instructions:u,instructions,0.0,100.0,nan,,ok
2859.713879,nan,,cycles:u,cycles,0.0,100.0,nan,,ok
2859.713879,nan,,branches:u,branches,0.0,100.0,nan,,ok
2859.713879,nan,,branch-misses:u,branch-misses,0.0,100.0,nan,,ok
2859.713879,nan,,L1-dcache-loads:u,l1-dcache-loads,0.0,100.0,nan,,ok
2859.713879,nan,,cache-references:u,cache-references,0.0,100.0,nan,,ok
2859.713879,nan,,cache-misses:u,cache-misses,0.0,100.0,nan,,ok
2859.713879,nan,,stalled-cycles-frontend:u,stalled-cycles-frontend,0.0,100.0,nan,,ok
2870.244591,nan,,instructions:u,instructions,0.0,100.0,nan,,ok
2870.244591,nan,,cycles:u,cycles,0.0,100.0,nan,,ok
2870.244591,nan,,branches:u,branches,0.0,100.0,nan,,ok
2870.244591,nan,,branch-misses:u,branch-misses,0.0,100.0,nan,,ok
2870.244591,nan,,L1-dcache-loads:u,l1-dcache-loads,0.0,100.0,nan,,ok
2870.244591,nan,,cache-references:u,cache-references,0.0,100.0,nan,,ok
2870.244591,nan,,cache-misses:u,cache-misses,0.0,100.0,nan,,ok
2870.244591,nan,,stalled-cycles-frontend:u,stalled-cycles-frontend,0.0,100.0,nan,,ok
2881.232846,0.0,,instructions:u,instructions,1246196.0,29.0,nan,,ok
2881.232846,0.0,,cycles:u,cycles,232831.0,5.0,nan,,ok
2881.232846,0.0,,branches:u,branches,232831.0,5.0,nan,,ok
2881.232846,0.0,,branch-misses:u,branch-misses,1218144.0,28.0,nan,,ok
2881.232846,0.0,,L1-dcache-loads:u,l1-dcache-loads,1982356.0,46.0,nan,,ok
2881.232846,0.0,,cache-references:u,cache-references,2979117.0,70.0,nan,,ok
2881.232846,0.0,,cache-misses:u,cache-misses,3992482.0,94.0,nan,,ok
2881.232846,0.0,,stalled-cycles-frontend:u,stalled-cycles-frontend,1246196.0,29.0,nan,,ok
2892.056869,nan,,instructions:u,instructions,0.0,100.0,nan,,ok
2892.056869,nan,,cycles:u,cycles,0.0,100.0,nan,,ok
2892.056869,nan,,branches:u,branches,0.0,100.0,nan,,ok
2892.056869,nan,,branch-misses:u,branch-misses,0.0,100.0,nan,,ok
2892.056869,nan,,L1-dcache-loads:u,l1-dcache-loads,0.0,100.0,nan,,ok
2892.056869,nan,,cache-references:u,cache-references,0.0,100.0,nan,,ok
2892.056869,nan,,cache-misses:u,cache-misses,0.0,100.0,nan,,ok
2892.056869,nan,,stalled-cycles-frontend:u,stalled-cycles-frontend,0.0,100.0,nan,,ok
2902.6423640000003,nan,,instructions:u,instructions,0.0,100.0,nan,,ok
2902.6423640000003,nan,,cycles:u,cycles,0.0,100.0,nan,,ok
2902.6423640000003,nan,,branches:u,branches,0.0,100.0,nan,,ok
2902.6423640000003,nan,,branch-misses:u,branch-misses,0.0,100.0,nan,,ok
2902.6423640000003,nan,,L1-dcache-loads:u,l1-dcache-loads,0.0,100.0,nan,,ok
2902.6423640000003,nan,,cache-references:u,cache-references,0.0,100.0,nan,,ok
2902.6423640000003,nan,,cache-misses:u,cache-misses,0.0,100.0,nan,,ok
2902.6423640000003,nan,,stalled-cycles-frontend:u,stalled-cycles-frontend,0.0,100.0,nan,,ok
2913.460357,nan,,instructions:u,instructions,0.0,100.0,nan,,ok
2913.460357,nan,,cycles:u,cycles,0.0,100.0,nan,,ok
2913.460357,nan,,branches:u,branches,0.0,100.0,nan,,ok
2913.460357,nan,,branch-misses:u,branch-misses,0.0,100.0,nan,,ok
2913.460357,nan,,L1-dcache-loads:u,l1-dcache-loads,0.0,100.0,nan,,ok
2913.460357,nan,,cache-references:u,cache-references,0.0,100.0,nan,,ok
2913.460357,nan,,cache-misses:u,cache-misses,0.0,100.0,nan,,ok
2913.460357,nan,,stalled-cycles-frontend:u,stalled-cycles-frontend,0.0,100.0,nan,,ok
2924.21094,0.0,,instructions:u,instructions,1989549.0,38.0,nan,,ok
2924.21094,0.0,,cycles:u,cycles,2989357.0,57.0,nan,,ok
2924.21094,0.0,,branches:u,branches,3994010.0,77.0,nan,,ok
2924.21094,0.0,,branch-misses:u,branch-misses,4993937.0,96.0,nan,,ok
2924.21094,0.0,,L1-dcache-loads:u,l1-dcache-loads,4161838.0,80.0,nan,,ok
2924.21094,0.0,,cache-references:u,cache-references,3167413.0,61.0,nan,,ok
2924.21094,0.0,,cache-misses:u,cache-misses,2167605.0,42.0,nan,,ok
2924.21094,0.0,,stalled-cycles-frontend:u,stalled-cycles-frontend,995124.0,19.0,nan,,ok
2934.8954630000003,nan,,instructions:u,instructions,0.0,100.0,nan,,ok
2934.8954630000003,nan,,cycles:u,cycles,0.0,100.0,nan,,ok
2934.8954630000003,nan,,branches:u,branches,0.0,100.0,nan,,ok
2934.8954630000003,nan,,branch-misses:u,branch-misses,0.0,100.0,nan,,ok
2934.8954630000003,nan,,L1-dcache-loads:u,l1-dcache-loads,0.0,100.0,nan,,ok
2934.8954630000003,nan,,cache-references:u,cache-references,0.0,100.0,nan,,ok
2934.8954630000003,nan,,cache-misses:u,cache-misses,0.0,100.0,nan,,ok
2934.8954630000003,nan,,stalled-cycles-frontend:u,stalled-cycles-frontend,0.0,100.0,nan,,ok
2945.652946,nan,,instructions:u,instructions,0.0,100.0,nan,,ok
2945.652946,nan,,cycles:u,cycles,0.0,100.0,nan,,ok
2945.652946,nan,,branches:u,branches,0.0,100.0,nan,,ok
2945.652946,nan,,branch-misses:u,branch-misses,0.0,100.0,nan,,ok
2945.652946,nan,,L1-dcache-loads:u,l1-dcache-loads,0.0,100.0,nan,,ok
2945.652946,nan,,cache-references:u,cache-references,0.0,100.0,nan,,ok
2945.652946,nan,,cache-misses:u,cache-misses,0.0,100.0,nan,,ok
2945.652946,nan,,stalled-cycles-frontend:u,stalled-cycles-frontend,0.0,100.0,nan,,ok
2956.776757,nan,,instructions:u,instructions,0.0,100.0,nan,,ok
2956.776757,nan,,cycles:u,cycles,0.0,100.0,nan,,ok
2956.776757,nan,,branches:u,branches,0.0,100.0,nan,,ok
2956.776757,nan,,branch-misses:u,branch-misses,0.0,100.0,nan,,ok
2956.776757,nan,,L1-dcache-loads:u,l1-dcache-loads,0.0,100.0,nan,,ok
2956.776757,nan,,cache-references:u,cache-references,0.0,100.0,nan,,ok
2956.776757,nan,,cache-misses:u,cache-misses,0.0,100.0,nan,,ok
2956.776757,nan,,stalled-cycles-frontend:u,stalled-cycles-frontend,0.0,100.0,nan,,ok
2967.679065,nan,,instructions:u,instructions,0.0,100.0,nan,,ok
2967.679065,nan,,cycles:u,cycles,0.0,100.0,nan,,ok
2967.679065,nan,,branches:u,branches,0.0,100.0,nan,,ok
2967.679065,nan,,branch-misses:u,branch-misses,0.0,100.0,nan,,ok
2967.679065,nan,,L1-dcache-loads:u,l1-dcache-loads,0.0,100.0,nan,,ok
2967.679065,nan,,cache-references:u,cache-references,0.0,100.0,nan,,ok
2967.679065,nan,,cache-misses:u,cache-misses,0.0,100.0,nan,,ok
2967.679065,nan,,stalled-cycles-frontend:u,stalled-cycles-frontend,0.0,100.0,nan,,ok
2978.578892,nan,,instructions:u,instructions,0.0,100.0,nan,,ok
2978.578892,nan,,cycles:u,cycles,0.0,100.0,nan,,ok
2978.578892,nan,,branches:u,branches,0.0,100.0,nan,,ok
2978.578892,nan,,branch-misses:u,branch-misses,0.0,100.0,nan,,ok
2978.578892,nan,,L1-dcache-loads:u,l1-dcache-loads,0.0,100.0,nan,,ok
2978.578892,nan,,cache-references:u,cache-references,0.0,100.0,nan,,ok
2978.578892,nan,,cache-misses:u,cache-misses,0.0,100.0,nan,,ok
2978.578892,nan,,stalled-cycles-frontend:u,stalled-cycles-frontend,0.0,100.0,nan,,ok
2989.382011,nan,,instructions:u,instructions,0.0,100.0,nan,,ok
2989.382011,nan,,cycles:u,cycles,0.0,100.0,nan,,ok
2989.382011,nan,,branches:u,branches,0.0,100.0,nan,,ok
2989.382011,nan,,branch-misses:u,branch-misses,0.0,100.0,nan,,ok
2989.382011,nan,,L1-dcache-loads:u,l1-dcache-loads,0.0,100.0,nan,,ok
2989.382011,nan,,cache-references:u,cache-references,0.0,100.0,nan,,ok
2989.382011,nan,,cache-misses:u,cache-misses,0.0,100.0,nan,,ok
2989.382011,nan,,stalled-cycles-frontend:u,stalled-cycles-frontend,0.0,100.0,nan,,ok
2999.953846,nan,,instructions:u,instructions,0.0,100.0,nan,,ok
2999.953846,nan,,cycles:u,cycles,0.0,100.0,nan,,ok
2999.953846,nan,,branches:u,branches,0.0,100.0,nan,,ok
2999.953846,nan,,branch-misses:u,branch-misses,0.0,100.0,nan,,ok
2999.953846,nan,,L1-dcache-loads:u,l1-dcache-loads,0.0,100.0,nan,,ok
2999.953846,nan,,cache-references:u,cache-references,0.0,100.0,nan,,ok
2999.953846,nan,,cache-misses:u,cache-misses,0.0,100.0,nan,,ok
2999.953846,nan,,stalled-cycles-frontend:u,stalled-cycles-frontend,0.0,100.0,nan,,ok
3010.928703,13112.0,,instructions:u,instructions,1662199.0,45.0,nan,,ok
3010.928703,nan,,,,nan,nan,24.53,stalled cycles per insn,unknown
3010.928703,0.0,,cycles:u,cycles,663529.0,18.0,nan,,ok
3010.928703,0.0,,branches:u,branches,663529.0,18.0,nan,,ok
3010.928703,0.0,,branch-misses:u,branch-misses,663529.0,18.0,nan,,ok
3010.928703,0.0,,L1-dcache-loads:u,l1-dcache-loads,984948.0,27.0,nan,,ok
3010.928703,0.0,,cache-references:u,cache-references,1985468.0,78.0,nan,,ok
3010.928703,1245.0,,cache-misses:u,cache-misses,2984138.0,84.0,nan,,ok
3010.928703,321698.0,,stalled-cycles-frontend:u,stalled-cycles-frontend,1662199.0,45.0,nan,,ok
3015.246298,0.0,,instructions:u,instructions,106599.0,100.0,nan,,ok
3015.246298,0.0,,cycles:u,cycles,106599.0,100.0,nan,,ok
3015.246298,0.0,,branches:u,branches,106599.0,100.0,nan,,ok
3015.246298,0.0,,branch-misses:u,branch-misses,106599.0,100.0,nan,,ok
3015.246298,nan,,L1-dcache-loads:u,l1-dcache-loads,0.0,0.0,nan,,ok
3015.246298,nan,,cache-references:u,cache-references,0.0,0.0,nan,,ok
3015.246298,nan,,cache-misses:u,cache-misses,0.0,0.0,nan,,ok
3015.246298,0.0,,stalled-cycles-frontend:u,stalled-cycles-frontend,106599.0,100.0,nan,,ok
