timestamp_ms,value,unit,event_name,event_name_normalized,runtime_ns,enabled_pct,metric_value,metric_unit,status
10.08355,5180364.0,,instructions:u,instructions,1041845.0,16.0,2.15,insn per cycle,ok
10.08355,nan,,,,nan,nan,0.41,stalled cycles per insn,unknown
10.08355,2409766.0,,cycles:u,cycles,2308580.0,37.0,nan,,ok
10.08355,193677.0,,branches:u,branches,3348739.0,53.0,nan,,ok
10.08355,17454.0,,branch-misses:u,branch-misses,4346846.0,69.0,9.01,of all branches,ok
10.08355,610309.0,,L1-dcache-loads:u,l1-dcache-loads,5337219.0,85.0,nan,,ok
10.08355,82796.0,,cache-references:u,cache-references,5166427.0,82.0,nan,,ok
10.08355,12274.0,,cache-misses:u,cache-misses,3925750.0,62.0,14.82,of all cache refs,ok
10.08355,2108976.0,,stalled-cycles-frontend:u,stalled-cycles-frontend,270540.0,4.0,87.52,frontend cycles idle,ok
20.622591,19521629.0,,instructions:u,instructions,4369909.0,44.0,1.13,insn per cycle,ok
20.622591,nan,,,,nan,nan,0.12,stalled cycles per insn,unknown
20.622591,17221304.0,,cycles:u,cycles,3597457.0,37.0,nan,,ok
20.622591,6030878.0,,branches:u,branches,4603966.0,47.0,nan,,ok
20.622591,101130.0,,branch-misses:u,branch-misses,5597834.0,57.0,1.68,of all branches,ok
20.622591,8043302.0,,L1-dcache-loads:u,l1-dcache-loads,5440294.0,56.0,nan,,ok
20.622591,226633.0,,cache-references:u,cache-references,5349989.0,55.0,nan,,ok
20.622591,13905.0,,cache-misses:u,cache-misses,6096383.0,62.0,6.14,of all cache refs,ok
20.622591,2431265.0,,stalled-cycles-frontend:u,stalled-cycles-frontend,3329536.0,34.0,14.12,frontend cycles idle,ok
31.092228,2558188.0,,instructions:u,instructions,6224329.0,99.0,0.74,insn per cycle,ok
31.092228,nan,,,,nan,nan,1.13,stalled cycles per insn,unknown
31.092228,3461276.0,,cycles:u,cycles,5832202.0,70.0,nan,,ok
31.092228,326418.0,,branches:u,branches,6534765.0,72.0,nan,,ok
31.092228,24677.0,,branch-misses:u,branch-misses,6541871.0,73.0,7.56,of all branches,ok
31.092228,695656.0,,L1-dcache-loads:u,l1-dcache-loads,4270258.0,47.0,nan,,ok
31.092228,136380.0,,cache-references:u,cache-references,2713917.0,30.0,nan,,ok
31.092228,23974.0,,cache-misses:u,cache-misses,3114492.0,34.0,17.58,of all cache refs,ok
31.092228,2885649.0,,stalled-cycles-frontend:u,stalled-cycles-frontend,4690932.0,56.0,83.37,frontend cycles idle,ok
41.571123,2062728.0,,instructions:u,instructions,6840215.0,81.0,0.48,insn per cycle,ok
41.571123,nan,,,,nan,nan,1.26,stalled cycles per insn,unknown
41.571123,4306671.0,,cycles:u,cycles,7421008.0,76.0,nan,,ok
41.571123,451614.0,,branches:u,branches,8467665.0,84.0,nan,,ok
41.571123,32739.0,,branch-misses:u,branch-misses,8467479.0,84.0,7.25,of all branches,ok
41.571123,872458.0,,L1-dcache-loads:u,l1-dcache-loads,6026755.0,60.0,nan,,ok
41.571123,121570.0,,cache-references:u,cache-references,3200676.0,31.0,nan,,ok
41.571123,24565.0,,cache-misses:u,cache-misses,2617632.0,27.0,20.21,of all cache refs,ok
41.571123,2600846.0,,stalled-cycles-frontend:u,stalled-cycles-frontend,3966124.0,47.0,60.39,frontend cycles idle,ok
52.052296,1667463.0,,instructions:u,instructions,3752111.0,95.0,0.41,insn per cycle,ok
52.052296,nan,,,,nan,nan,2.56,stalled cycles per insn,unknown
52.052296,4021718.0,,cycles:u,cycles,6486249.0,100.0,nan,,ok
52.052296,547971.0,,branches:u,branches,8322692.0,100.0,nan,,ok
52.052296,36112.0,,branch-misses:u,branch-misses,9321473.0,100.0,6.59,of all branches,ok
52.052296,1064730.0,,L1-dcache-loads:u,l1-dcache-loads,8249240.0,88.0,nan,,ok
52.052296,106846.0,,cache-references:u,cache-references,5568657.0,59.0,nan,,ok
52.052296,13067.0,,cache-misses:u,cache-misses,2801518.0,30.0,12.23,of all cache refs,ok
52.052296,4267068.0,,stalled-cycles-frontend:u,stalled-cycles-frontend,1071478.0,13.0,106.1,frontend cycles idle,ok
62.529503,nan,,instructions:u,instructions,0.0,0.0,nan,,ok
62.529503,2716065.0,,cycles:u,cycles,1209760.0,28.0,nan,,ok
62.529503,409735.0,,branches:u,branches,4512872.0,64.0,nan,,ok
62.529503,28090.0,,branch-misses:u,branch-misses,6911475.0,82.0,6.86,of all branches,ok
62.529503,1017680.0,,L1-dcache-loads:u,l1-dcache-loads,8726664.0,92.0,nan,,ok
62.529503,139556.0,,cache-references:u,cache-references,9953489.0,100.0,nan,,ok
62.529503,17285.0,,cache-misses:u,cache-misses,8777788.0,88.0,12.39,of all cache refs,ok
62.529503,nan,,stalled-cycles-frontend:u,stalled-cycles-frontend,0.0,0.0,nan,,ok
73.01218700000001,2075889.0,,instructions:u,instructions,3608329.0,35.0,0.67,insn per cycle,ok
73.01218700000001,nan,,,,nan,nan,1.05,stalled cycles per insn,unknown
73.01218700000001,3110308.0,,cycles:u,cycles,937431.0,9.0,nan,,ok
73.01218700000001,306051.0,,branches:u,branches,937431.0,10.0,nan,,ok
73.01218700000001,41982.0,,branch-misses:u,branch-misses,1460642.0,15.0,13.72,of all branches,ok
73.01218700000001,1438416.0,,L1-dcache-loads:u,l1-dcache-loads,3602780.0,42.0,nan,,ok
73.01218700000001,116148.0,,cache-references:u,cache-references,6556974.0,97.0,nan,,ok
73.01218700000001,19392.0,,cache-misses:u,cache-misses,9248668.0,100.0,16.7,of all cache refs,ok
73.01218700000001,2184214.0,,stalled-cycles-frontend:u,stalled-cycles-frontend,3643297.0,35.0,70.23,frontend cycles idle,ok
83.48761,1856046.0,,instructions:u,instructions,5102246.0,55.0,0.42,insn per cycle,ok
83.48761,nan,,,,nan,nan,0.97,stalled cycles per insn,unknown
83.48761,4457379.0,,cycles:u,cycles,2634231.0,28.0,nan,,ok
83.48761,430359.0,,branches:u,branches,2642255.0,28.0,nan,,ok
83.48761,31278.0,,branch-misses:u,branch-misses,2649371.0,28.0,7.27,of all branches,ok
83.48761,1570368.0,,L1-dcache-loads:u,l1-dcache-loads,2800453.0,31.0,nan,,ok
83.48761,131309.0,,cache-references:u,cache-references,4138279.0,56.0,nan,,ok
83.48761,14966.0,,cache-misses:u,cache-misses,6587133.0,90.0,11.4,of all cache refs,ok
83.48761,1798644.0,,stalled-cycles-frontend:u,stalled-cycles-frontend,4627299.0,52.0,40.35,frontend cycles idle,ok
93.989377,1753638.0,,instructions:u,instructions,6019330.0,58.0,0.43,insn per cycle,ok
93.989377,nan,,,,nan,nan,1.07,stalled cycles per insn,unknown
93.989377,4102426.0,,cycles:u,cycles,3370938.0,32.0,nan,,ok
93.989377,408027.0,,branches:u,branches,3369291.0,32.0,nan,,ok
93.989377,28269.0,,branch-misses:u,branch-misses,3368829.0,32.0,6.93,of all branches,ok
93.989377,1547639.0,,L1-dcache-loads:u,l1-dcache-loads,2296190.0,22.0,nan,,ok
93.989377,205665.0,,cache-references:u,cache-references,4275405.0,44.0,nan,,ok
93.989377,15579.0,,cache-misses:u,cache-misses,6923700.0,97.0,7.57,of all cache refs,ok
93.989377,1874708.0,,stalled-cycles-frontend:u,stalled-cycles-frontend,5150993.0,54.0,45.7,frontend cycles idle,ok
104.470092,2292437.0,,instructions:u,instructions,8105859.0,99.0,0.56,insn per cycle,ok
104.470092,nan,,,,nan,nan,0.75,stalled cycles per insn,unknown
104.470092,4086238.0,,cycles:u,cycles,7015205.0,75.0,nan,,ok
104.470092,415194.0,,branches:u,branches,7015656.0,75.0,nan,,ok
104.470092,30548.0,,branch-misses:u,branch-misses,7016083.0,75.0,7.36,of all branches,ok
104.470092,858990.0,,L1-dcache-loads:u,l1-dcache-loads,3616665.0,38.0,nan,,ok
104.470092,110928.0,,cache-references:u,cache-references,1184377.0,12.0,nan,,ok
104.470092,25171.0,,cache-misses:u,cache-misses,2274766.0,27.0,22.69,of all cache refs,ok
104.470092,1723296.0,,stalled-cycles-frontend:u,stalled-cycles-frontend,5622421.0,88.0,42.17,frontend cycles idle,ok
114.955951,1966566.0,,instructions:u,instructions,3798388.0,71.0,0.45,insn per cycle,ok
114.955951,nan,,,,nan,nan,1.35,stalled cycles per insn,unknown
114.955951,4323411.0,,cycles:u,cycles,5724018.0,80.0,nan,,ok
114.955951,489819.0,,branches:u,branches,7539377.0,95.0,nan,,ok
114.955951,33300.0,,branch-misses:u,branch-misses,8654521.0,97.0,6.8,of all branches,ok
114.955951,1085065.0,,L1-dcache-loads:u,l1-dcache-loads,7875995.0,83.0,nan,,ok
114.955951,136901.0,,cache-references:u,cache-references,5711957.0,60.0,nan,,ok
114.955951,15951.0,,cache-misses:u,cache-misses,3784745.0,43.0,11.65,of all cache refs,ok
114.955951,2663803.0,,stalled-cycles-frontend:u,stalled-cycles-frontend,1598565.0,25.0,61.61,frontend cycles idle,ok
125.42520300000001,1600659.0,,instructions:u,instructions,1823865.0,23.0,0.97,insn per cycle,ok
125.42520300000001,nan,,,,nan,nan,1.25,stalled cycles per insn,unknown
125.42520300000001,1654446.0,,cycles:u,cycles,400146.0,5.0,nan,,ok
125.42520300000001,460513.0,,branches:u,branches,924934.0,20.0,nan,,ok
125.42520300000001,26648.0,,branch-misses:u,branch-misses,3454318.0,55.0,5.79,of all branches,ok
125.42520300000001,1051873.0,,L1-dcache-loads:u,l1-dcache-loads,5884223.0,75.0,nan,,ok
125.42520300000001,120368.0,,cache-references:u,cache-references,8262487.0,100.0,nan,,ok
125.42520300000001,20070.0,,cache-misses:u,cache-misses,9686375.0,100.0,16.67,of all cache refs,ok
125.42520300000001,2001472.0,,stalled-cycles-frontend:u,stalled-cycles-frontend,1823865.0,19.0,120.98,frontend cycles idle,ok
135.90183,1606514.0,,instructions:u,instructions,2650565.0,28.0,0.38,insn per cycle,ok
135.90183,nan,,,,nan,nan,1.0,stalled cycles per insn,unknown
135.90183,4208360.0,,cycles:u,cycles,1307181.0,14.0,nan,,ok
135.90183,304481.0,,branches:u,branches,1307181.0,20.0,nan,,ok
135.90183,28116.0,,branch-misses:u,branch-misses,2474150.0,34.0,9.23,of all branches,ok
135.90183,1418601.0,,L1-dcache-loads:u,l1-dcache-loads,4006421.0,50.0,nan,,ok
135.90183,154407.0,,cache-references:u,cache-references,6697311.0,77.0,nan,,ok
135.90183,15495.0,,cache-misses:u,cache-misses,8062040.0,100.0,10.04,of all cache refs,ok
135.90183,1600117.0,,stalled-cycles-frontend:u,stalled-cycles-frontend,2381687.0,26.0,38.02,frontend cycles idle,ok
146.37618799999998,2398212.0,,instructions:u,instructions,7313305.0,72.0,0.52,insn per cycle,ok
146.37618799999998,nan,,,,nan,nan,0.83,stalled cycles per insn,unknown
146.37618799999998,4582097.0,,cycles:u,cycles,4185662.0,41.0,nan,,ok
146.37618799999998,466852.0,,branches:u,branches,4185662.0,41.0,nan,,ok
146.37618799999998,33940.0,,branch-misses:u,branch-misses,4185662.0,41.0,7.27,of all branches,ok
146.37618799999998,1243584.0,,L1-dcache-loads:u,l1-dcache-loads,2148679.0,21.0,nan,,ok
146.37618799999998,178887.0,,cache-references:u,cache-references,2730507.0,31.0,nan,,ok
146.37618799999998,14266.0,,cache-misses:u,cache-misses,5858164.0,100.0,7.97,of all cache refs,ok
146.37618799999998,1988403.0,,stalled-cycles-frontend:u,stalled-cycles-frontend,5952961.0,68.0,43.4,frontend cycles idle,ok
156.86512299999998,2115182.0,,instructions:u,instructions,6800873.0,87.0,0.45,insn per cycle,ok
156.86512299999998,nan,,,,nan,nan,0.73,stalled cycles per insn,unknown
156.86512299999998,4680129.0,,cycles:u,cycles,8705634.0,92.0,nan,,ok
156.86512299999998,532542.0,,branches:u,branches,8733292.0,93.0,nan,,ok
156.86512299999998,32667.0,,branch-misses:u,branch-misses,8739895.0,93.0,6.13,of all branches,ok
156.86512299999998,955432.0,,L1-dcache-loads:u,l1-dcache-loads,6224342.0,66.0,nan,,ok
156.86512299999998,106997.0,,cache-references:u,cache-references,2599019.0,27.0,nan,,ok
156.86512299999998,10373.0,,cache-misses:u,cache-misses,672223.0,8.0,9.69,of all cache refs,ok
156.86512299999998,1542408.0,,stalled-cycles-frontend:u,stalled-cycles-frontend,3133209.0,60.0,32.96,frontend cycles idle,ok
167.343975,88119.0,,instructions:u,instructions,218776.0,21.0,0.05,insn per cycle,ok
167.343975,1890463.0,,cycles:u,cycles,1549251.0,65.0,nan,,ok
167.343975,395858.0,,branches:u,branches,5442688.0,91.0,nan,,ok
167.343975,36653.0,,branch-misses:u,branch-misses,9211055.0,100.0,9.26,of all branches,ok
167.343975,1255972.0,,L1-dcache-loads:u,l1-dcache-loads,9928228.0,100.0,nan,,ok
167.343975,158598.0,,cache-references:u,cache-references,9709687.0,97.0,nan,,ok
167.343975,17996.0,,cache-misses:u,cache-misses,8379311.0,84.0,11.35,of all cache refs,ok
167.343975,nan,,stalled-cycles-frontend:u,stalled-cycles-frontend,0.0,0.0,nan,,ok
177.787013,1141872.0,,instructions:u,instructions,2157853.0,34.0,0.6,insn per cycle,ok
177.787013,nan,,,,nan,nan,1.32,stalled cycles per insn,unknown
177.787013,1890046.0,,cycles:u,cycles,396146.0,6.0,nan,,ok
177.787013,194851.0,,branches:u,branches,396146.0,6.0,nan,,ok
177.787013,34224.0,,branch-misses:u,branch-misses,1546558.0,22.0,17.56,of all branches,ok
177.787013,1246067.0,,L1-dcache-loads:u,l1-dcache-loads,4584587.0,55.0,nan,,ok
177.787013,123281.0,,cache-references:u,cache-references,7011037.0,89.0,nan,,ok
177.787013,16395.0,,cache-misses:u,cache-misses,8794806.0,100.0,13.3,of all cache refs,ok
177.787013,1508965.0,,stalled-cycles-frontend:u,stalled-cycles-frontend,2193853.0,25.0,79.84,frontend cycles idle,ok
188.274274,2103980.0,,instructions:u,instructions,5299121.0,52.0,0.44,insn per cycle,ok
188.274274,nan,,,,nan,nan,0.98,stalled cycles per insn,unknown
188.274274,4834392.0,,cycles:u,cycles,3584764.0,35.0,nan,,ok
188.274274,474199.0,,branches:u,branches,3584764.0,35.0,nan,,ok
188.274274,33463.0,,branch-misses:u,branch-misses,3584764.0,35.0,7.06,of all branches,ok
188.274274,1950967.0,,L1-dcache-loads:u,l1-dcache-loads,3084948.0,30.0,nan,,ok
188.274274,191572.0,,cache-references:u,cache-references,4880144.0,50.0,nan,,ok
188.274274,15158.0,,cache-misses:u,cache-misses,6572929.0,100.0,7.91,of all cache refs,ok
188.274274,2053036.0,,stalled-cycles-frontend:u,stalled-cycles-frontend,4679920.0,48.0,42.47,frontend cycles idle,ok
198.738621,2340889.0,,instructions:u,instructions,7372072.0,79.0,0.53,insn per cycle,ok
198.738621,nan,,,,nan,nan,0.87,stalled cycles per insn,unknown
198.738621,4418539.0,,cycles:u,cycles,5254836.0,56.0,nan,,ok
198.738621,473503.0,,branches:u,branches,5261727.0,56.0,nan,,ok
198.738621,32188.0,,branch-misses:u,branch-misses,5268192.0,56.0,6.8,of all branches,ok
198.738621,796116.0,,L1-dcache-loads:u,l1-dcache-loads,2646701.0,31.0,nan,,ok
198.738621,123296.0,,cache-references:u,cache-references,1850460.0,27.0,nan,,ok
198.738621,15780.0,,cache-misses:u,cache-misses,3968818.0,59.0,12.8,of all cache refs,ok
198.738621,2032685.0,,stalled-cycles-frontend:u,stalled-cycles-frontend,4859190.0,57.0,46.0,frontend cycles idle,ok
209.233273,1414895.0,,instructions:u,instructions,1687851.0,50.0,0.34,insn per cycle,ok
209.233273,nan,,,,nan,nan,2.51,stalled cycles per insn,unknown
209.233273,4217951.0,,cycles:u,cycles,5586548.0,80.0,nan,,ok
209.233273,580965.0,,branches:u,branches,9051456.0,95.0,nan,,ok
209.233273,38178.0,,branch-misses:u,branch-misses,10152653.0,100.0,6.57,of all branches,ok
209.233273,1327633.0,,L1-dcache-loads:u,l1-dcache-loads,9922099.0,97.0,nan,,ok
209.233273,148488.0,,cache-references:u,cache-references,8499739.0,83.0,nan,,ok
209.233273,11583.0,,cache-misses:u,cache-misses,4599655.0,49.0,7.8,of all cache refs,ok
209.233273,3545209.0,,stalled-cycles-frontend:u,stalled-cycles-frontend,229789.0,2.0,84.05,frontend cycles idle,ok
219.700591,1471229.0,,instructions:u,instructions,2280475.0,32.0,nan,,ok
219.700591,nan,,,,nan,nan,1.05,stalled cycles per insn,unknown
219.700591,nan,,cycles:u,cycles,0.0,0.0,nan,,ok
219.700591,449212.0,,branches:u,branches,378312.0,10.0,nan,,ok
219.700591,26622.0,,branch-misses:u,branch-misses,2072856.0,40.0,5.93,of all branches,ok
219.700591,955338.0,,L1-dcache-loads:u,l1-dcache-loads,4098058.0,60.0,nan,,ok
219.700591,138279.0,,cache-references:u,cache-references,6884789.0,80.0,nan,,ok
219.700591,18422.0,,cache-misses:u,cache-misses,9186466.0,100.0,13.32,of all cache refs,ok
219.700591,1543708.0,,stalled-cycles-frontend:u,stalled-cycles-frontend,2315782.0,27.0,nan,,ok
230.17227100000002,1451572.0,,instructions:u,instructions,6390316.0,78.0,0.4,insn per cycle,ok
230.17227100000002,nan,,,,nan,nan,0.76,stalled cycles per insn,unknown
230.17227100000002,3612088.0,,cycles:u,cycles,5019233.0,56.0,nan,,ok
230.17227100000002,398522.0,,branches:u,branches,5019233.0,56.0,nan,,ok
230.17227100000002,28456.0,,branch-misses:u,branch-misses,5019233.0,56.0,7.14,of all branches,ok
230.17227100000002,861698.0,,L1-dcache-loads:u,l1-dcache-loads,2777411.0,33.0,nan,,ok
230.17227100000002,225475.0,,cache-references:u,cache-references,2529154.0,30.0,nan,,ok
230.17227100000002,21645.0,,cache-misses:u,cache-misses,3872272.0,51.0,9.6,of all cache refs,ok
230.17227100000002,1105362.0,,stalled-cycles-frontend:u,stalled-cycles-frontend,4354896.0,71.0,30.6,frontend cycles idle,ok
240.621063,2189180.0,,instructions:u,instructions,7395436.0,83.0,0.56,insn per cycle,ok
240.621063,nan,,,,nan,nan,0.76,stalled cycles per insn,unknown
240.621063,3886612.0,,cycles:u,cycles,4775666.0,51.0,nan,,ok
240.621063,385051.0,,branches:u,branches,4782016.0,51.0,nan,,ok
240.621063,28535.0,,branch-misses:u,branch-misses,4788601.0,51.0,7.41,of all branches,ok
240.621063,938849.0,,L1-dcache-loads:u,l1-dcache-loads,2378606.0,25.0,nan,,ok
240.621063,191989.0,,cache-references:u,cache-references,1809774.0,19.0,nan,,ok
240.621063,18939.0,,cache-misses:u,cache-misses,4437964.0,50.0,9.86,of all cache refs,ok
240.621063,1666568.0,,stalled-cycles-frontend:u,stalled-cycles-frontend,5434201.0,79.0,42.88,frontend cycles idle,ok
251.112593,2242858.0,,instructions:u,instructions,4014620.0,66.0,0.52,insn per cycle,ok
251.112593,nan,,,,nan,nan,1.49,stalled cycles per insn,unknown
251.112593,4311264.0,,cycles:u,cycles,6783499.0,86.0,nan,,ok
251.112593,552820.0,,branches:u,branches,8724466.0,96.0,nan,,ok
251.112593,33033.0,,branch-misses:u,branch-misses,9237072.0,99.0,5.98,of all branches,ok
251.112593,910417.0,,L1-dcache-loads:u,l1-dcache-loads,7783005.0,83.0,nan,,ok
251.112593,109493.0,,cache-references:u,cache-references,5297308.0,57.0,nan,,ok
251.112593,16044.0,,cache-misses:u,cache-misses,2527030.0,27.0,14.65,of all cache refs,ok
251.112593,3350420.0,,stalled-cycles-frontend:u,stalled-cycles-frontend,1481627.0,16.0,77.71,frontend cycles idle,ok
261.580202,1537085.0,,instructions:u,instructions,2344210.0,76.0,0.44,insn per cycle,ok
261.580202,3473028.0,,cycles:u,cycles,5043869.0,100.0,nan,,ok
261.580202,549041.0,,branches:u,branches,6705606.0,100.0,nan,,ok
261.580202,37941.0,,branch-misses:u,branch-misses,9321077.0,100.0,6.91,of all branches,ok
261.580202,1367647.0,,L1-dcache-loads:u,l1-dcache-loads,9505721.0,100.0,nan,,ok
261.580202,137365.0,,cache-references:u,cache-references,7161539.0,75.0,nan,,ok
261.580202,15907.0,,cache-misses:u,cache-misses,4425649.0,46.0,11.58,of all cache refs,ok
261.580202,nan,,stalled-cycles-frontend:u,stalled-cycles-frontend,0.0,0.0,nan,,ok
272.04506899999996,nan,,instructions:u,instructions,0.0,0.0,nan,,ok
272.04506899999996,958877.0,,cycles:u,cycles,436720.0,16.0,nan,,ok
272.04506899999996,314453.0,,branches:u,branches,2981116.0,59.0,nan,,ok
272.04506899999996,29124.0,,branch-misses:u,branch-misses,6611136.0,86.0,9.26,of all branches,ok
272.04506899999996,1148761.0,,L1-dcache-loads:u,l1-dcache-loads,9237362.0,100.0,nan,,ok
272.04506899999996,138261.0,,cache-references:u,cache-references,9238158.0,100.0,nan,,ok
272.04506899999996,16140.0,,cache-misses:u,cache-misses,8837872.0,95.0,11.67,of all cache refs,ok
272.04506899999996,nan,,stalled-cycles-frontend:u,stalled-cycles-frontend,0.0,0.0,nan,,ok
282.473362,1583066.0,,instructions:u,instructions,2903532.0,37.0,0.47,insn per cycle,ok
282.473362,nan,,,,nan,nan,0.96,stalled cycles per insn,unknown
282.473362,3390774.0,,cycles:u,cycles,1575732.0,21.0,nan,,ok
282.473362,168379.0,,branches:u,branches,1575732.0,40.0,nan,,ok
282.473362,15995.0,,branch-misses:u,branch-misses,1871475.0,45.0,9.5,of all branches,ok
282.473362,1114908.0,,L1-dcache-loads:u,l1-dcache-loads,3381601.0,54.0,nan,,ok
282.473362,140178.0,,cache-references:u,cache-references,6409891.0,77.0,nan,,ok
282.473362,15084.0,,cache-misses:u,cache-misses,7737175.0,100.0,10.76,of all cache refs,ok
282.473362,1526938.0,,stalled-cycles-frontend:u,stalled-cycles-frontend,2330118.0,29.0,45.03,frontend cycles idle,ok
292.955722,2207787.0,,instructions:u,instructions,6600626.0,83.0,0.51,insn per cycle,ok
292.955722,nan,,,,nan,nan,1.13,stalled cycles per insn,unknown
292.955722,4355742.0,,cycles:u,cycles,7447200.0,79.0,nan,,ok
292.955722,471949.0,,branches:u,branches,8141329.0,81.0,nan,,ok
292.955722,33201.0,,branch-misses:u,branch-misses,8148132.0,81.0,7.03,of all branches,ok
292.955722,936827.0,,L1-dcache-loads:u,l1-dcache-loads,5884358.0,58.0,nan,,ok
292.955722,155673.0,,cache-references:u,cache-references,3407738.0,34.0,nan,,ok
292.955722,29368.0,,cache-misses:u,cache-misses,2561087.0,27.0,18.87,of all cache refs,ok
292.955722,2486009.0,,stalled-cycles-frontend:u,stalled-cycles-frontend,3772213.0,47.0,57.07,frontend cycles idle,ok
303.42470399999996,1206405.0,,instructions:u,instructions,1597187.0,100.0,0.46,insn per cycle,ok
303.42470399999996,2604099.0,,cycles:u,cycles,3609227.0,100.0,nan,,ok
303.42470399999996,427380.0,,branches:u,branches,6134261.0,100.0,nan,,ok
303.42470399999996,33268.0,,branch-misses:u,branch-misses,8688235.0,100.0,7.78,of all branches,ok
303.42470399999996,1180940.0,,L1-dcache-loads:u,l1-dcache-loads,9515219.0,100.0,nan,,ok
303.42470399999996,114551.0,,cache-references:u,cache-references,7882677.0,82.0,nan,,ok
303.42470399999996,15566.0,,cache-misses:u,cache-misses,5871985.0,61.0,13.59,of all cache refs,ok
303.42470399999996,nan,,stalled-cycles-frontend:u,stalled-cycles-frontend,0.0,0.0,nan,,ok
313.86362699999995,3414810.0,,instructions:u,instructions,1001639.0,30.0,0.94,insn per cycle,ok
313.86362699999995,3644216.0,,cycles:u,cycles,4558893.0,86.0,nan,,ok
313.86362699999995,467273.0,,branches:u,branches,6903639.0,99.0,nan,,ok
313.86362699999995,34421.0,,branch-misses:u,branch-misses,8924642.0,100.0,7.37,of all branches,ok
313.86362699999995,1264764.0,,L1-dcache-loads:u,l1-dcache-loads,9849300.0,100.0,nan,,ok
313.86362699999995,121187.0,,cache-references:u,cache-references,8883712.0,90.0,nan,,ok
313.86362699999995,13990.0,,cache-misses:u,cache-misses,5326211.0,54.0,11.54,of all cache refs,ok
313.86362699999995,nan,,stalled-cycles-frontend:u,stalled-cycles-frontend,0.0,0.0,nan,,ok
324.299435,nan,,instructions:u,instructions,0.0,0.0,nan,,ok
324.299435,4756132.0,,cycles:u,cycles,2476029.0,44.0,nan,,ok
324.299435,518755.0,,branches:u,branches,4297202.0,66.0,nan,,ok
324.299435,33569.0,,branch-misses:u,branch-misses,6919449.0,82.0,6.47,of all branches,ok
324.299435,1207817.0,,L1-dcache-loads:u,l1-dcache-loads,8879877.0,94.0,nan,,ok
324.299435,146187.0,,cache-references:u,cache-references,9356904.0,100.0,nan,,ok
324.299435,14909.0,,cache-misses:u,cache-misses,6879909.0,73.0,10.2,of all cache refs,ok
324.299435,nan,,stalled-cycles-frontend:u,stalled-cycles-frontend,0.0,0.0,nan,,ok
334.736362,nan,,instructions:u,instructions,0.0,0.0,nan,,ok
334.736362,4079718.0,,cycles:u,cycles,385222.0,14.0,nan,,ok
334.736362,531549.0,,branches:u,branches,3511067.0,67.0,nan,,ok
334.736362,28054.0,,branch-misses:u,branch-misses,6163788.0,89.0,5.28,of all branches,ok
334.736362,1234429.0,,L1-dcache-loads:u,l1-dcache-loads,8840162.0,100.0,nan,,ok
334.736362,157939.0,,cache-references:u,cache-references,9886966.0,100.0,nan,,ok
334.736362,16854.0,,cache-misses:u,cache-misses,9502028.0,96.0,10.67,of all cache refs,ok
334.736362,nan,,stalled-cycles-frontend:u,stalled-cycles-frontend,0.0,0.0,nan,,ok
345.177473,1940643.0,,instructions:u,instructions,4146977.0,43.0,0.48,insn per cycle,ok
345.177473,nan,,,,nan,nan,0.95,stalled cycles per insn,unknown
345.177473,4052643.0,,cycles:u,cycles,1785835.0,19.0,nan,,ok
345.177473,340274.0,,branches:u,branches,1792319.0,22.0,nan,,ok
345.177473,33712.0,,branch-misses:u,branch-misses,2292394.0,29.0,9.91,of all branches,ok
345.177473,1457941.0,,L1-dcache-loads:u,l1-dcache-loads,2848785.0,38.0,nan,,ok
345.177473,133282.0,,cache-references:u,cache-references,5306113.0,71.0,nan,,ok
345.177473,18783.0,,cache-misses:u,cache-misses,7668245.0,85.0,14.09,of all cache refs,ok
345.177473,1837476.0,,stalled-cycles-frontend:u,stalled-cycles-frontend,3816884.0,40.0,45.34,frontend cycles idle,ok
355.65538200000003,1676854.0,,instructions:u,instructions,6031608.0,65.0,0.44,insn per cycle,ok
355.65538200000003,nan,,,,nan,nan,0.97,stalled cycles per insn,unknown
355.65538200000003,3787859.0,,cycles:u,cycles,3680003.0,39.0,nan,,ok
355.65538200000003,375653.0,,branches:u,branches,3673519.0,39.0,nan,,ok
355.65538200000003,28656.0,,branch-misses:u,branch-misses,3666233.0,38.0,7.63,of all branches,ok
355.65538200000003,1748834.0,,L1-dcache-loads:u,l1-dcache-loads,2313285.0,24.0,nan,,ok
355.65538200000003,217156.0,,cache-references:u,cache-references,3383535.0,38.0,nan,,ok
355.65538200000003,17053.0,,cache-misses:u,cache-misses,5754766.0,75.0,7.85,of all cache refs,ok
355.65538200000003,1632327.0,,stalled-cycles-frontend:u,stalled-cycles-frontend,4485303.0,59.0,43.09,frontend cycles idle,ok
366.13984500000004,2273377.0,,instructions:u,instructions,6874268.0,70.0,0.53,insn per cycle,ok
366.13984500000004,nan,,,,nan,nan,0.83,stalled cycles per insn,unknown
366.13984500000004,4255638.0,,cycles:u,cycles,6182227.0,61.0,nan,,ok
366.13984500000004,406118.0,,branches:u,branches,6479311.0,64.0,nan,,ok
366.13984500000004,30459.0,,branch-misses:u,branch-misses,6486188.0,64.0,7.5,of all branches,ok
366.13984500000004,863190.0,,L1-dcache-loads:u,l1-dcache-loads,3721338.0,37.0,nan,,ok
366.13984500000004,174741.0,,cache-references:u,cache-references,3155150.0,32.0,nan,,ok
366.13984500000004,19735.0,,cache-misses:u,cache-misses,3826201.0,45.0,11.29,of all cache refs,ok
366.13984500000004,1887813.0,,stalled-cycles-frontend:u,stalled-cycles-frontend,4717050.0,56.0,44.36,frontend cycles idle,ok
376.61879999999996,2392991.0,,instructions:u,instructions,6928724.0,100.0,0.53,insn per cycle,ok
376.61879999999996,nan,,,,nan,nan,1.32,stalled cycles per insn,unknown
376.61879999999996,4519753.0,,cycles:u,cycles,7291258.0,81.0,nan,,ok
376.61879999999996,489185.0,,branches:u,branches,7820254.0,82.0,nan,,ok
376.61879999999996,29719.0,,branch-misses:u,branch-misses,7820251.0,82.0,6.08,of all branches,ok
376.61879999999996,694870.0,,L1-dcache-loads:u,l1-dcache-loads,4950022.0,52.0,nan,,ok
376.61879999999996,142734.0,,cache-references:u,cache-references,2498338.0,26.0,nan,,ok
376.61879999999996,31404.0,,cache-misses:u,cache-misses,2137957.0,22.0,22.0,of all cache refs,ok
376.61879999999996,3163591.0,,stalled-cycles-frontend:u,stalled-cycles-frontend,4513663.0,50.0,69.99,frontend cycles idle,ok
387.11172799999997,2090056.0,,instructions:u,instructions,3993134.0,78.0,0.6,insn per cycle,ok
387.11172799999997,nan,,,,nan,nan,1.67,stalled cycles per insn,unknown
387.11172799999997,3482322.0,,cycles:u,cycles,6313594.0,95.0,nan,,ok
387.11172799999997,560821.0,,branches:u,branches,8583497.0,100.0,nan,,ok
387.11172799999997,33883.0,,branch-misses:u,branch-misses,9183536.0,100.0,6.04,of all branches,ok
387.11172799999997,839208.0,,L1-dcache-loads:u,l1-dcache-loads,7392004.0,80.0,nan,,ok
387.11172799999997,96013.0,,cache-references:u,cache-references,5226419.0,56.0,nan,,ok
387.11172799999997,18674.0,,cache-misses:u,cache-misses,2903706.0,31.0,19.45,of all cache refs,ok
387.11172799999997,3484704.0,,stalled-cycles-frontend:u,stalled-cycles-frontend,1790780.0,20.0,100.07,frontend cycles idle,ok
397.586046,2085274.0,,instructions:u,instructions,4045441.0,84.0,0.48,insn per cycle,ok
397.586046,nan,,,,nan,nan,1.83,stalled cycles per insn,unknown
397.586046,4376157.0,,cycles:u,cycles,6787148.0,100.0,nan,,ok
397.586046,560863.0,,branches:u,branches,8636679.0,100.0,nan,,ok
397.586046,36885.0,,branch-misses:u,branch-misses,9874219.0,100.0,6.58,of all branches,ok
397.586046,1175448.0,,L1-dcache-loads:u,l1-dcache-loads,8612857.0,83.0,nan,,ok
397.586046,130417.0,,cache-references:u,cache-references,6213368.0,60.0,nan,,ok
397.586046,14324.0,,cache-misses:u,cache-misses,3436397.0,33.0,10.98,of all cache refs,ok
397.586046,3825431.0,,stalled-cycles-frontend:u,stalled-cycles-frontend,1646024.0,17.0,87.42,frontend cycles idle,ok
408.07944200000003,1985395.0,,instructions:u,instructions,2519523.0,68.0,0.64,insn per cycle,ok
408.07944200000003,3116362.0,,cycles:u,cycles,4730349.0,95.0,nan,,ok
408.07944200000003,439793.0,,branches:u,branches,6598485.0,100.0,nan,,ok
408.07944200000003,32717.0,,branch-misses:u,branch-misses,8595008.0,100.0,7.44,of all branches,ok
408.07944200000003,1176648.0,,L1-dcache-loads:u,l1-dcache-loads,9344414.0,100.0,nan,,ok
408.07944200000003,100548.0,,cache-references:u,cache-references,6827430.0,73.0,nan,,ok
408.07944200000003,16150.0,,cache-misses:u,cache-misses,4652365.0,49.0,16.06,of all cache refs,ok
408.07944200000003,nan,,stalled-cycles-frontend:u,stalled-cycles-frontend,0.0,0.0,nan,,ok
418.632097,nan,,instructions:u,instructions,0.0,0.0,nan,,ok
418.632097,3311703.0,,cycles:u,cycles,1925772.0,70.0,nan,,ok
418.632097,468312.0,,branches:u,branches,5491854.0,100.0,nan,,ok
418.632097,27889.0,,branch-misses:u,branch-misses,7438865.0,100.0,5.96,of all branches,ok
418.632097,1263155.0,,L1-dcache-loads:u,l1-dcache-loads,9438547.0,100.0,nan,,ok
418.632097,164356.0,,cache-references:u,cache-references,10259899.0,100.0,nan,,ok
418.632097,12337.0,,cache-misses:u,cache-misses,8334304.0,81.0,7.51,of all cache refs,ok
418.632097,nan,,stalled-cycles-frontend:u,stalled-cycles-frontend,0.0,0.0,nan,,ok
429.109006,nan,,instructions:u,instructions,0.0,0.0,nan,,ok
429.109006,5211567.0,,cycles:u,cycles,1308103.0,29.0,nan,,ok
429.109006,447404.0,,branches:u,branches,3501806.0,62.0,nan,,ok
429.109006,26913.0,,branch-misses:u,branch-misses,5943080.0,82.0,6.02,of all branches,ok
429.109006,1183345.0,,L1-dcache-loads:u,l1-dcache-loads,8939828.0,97.0,nan,,ok
429.109006,147410.0,,cache-references:u,cache-references,10049644.0,100.0,nan,,ok
429.109006,13748.0,,cache-misses:u,cache-misses,8740951.0,86.0,9.33,of all cache refs,ok
429.109006,nan,,stalled-cycles-frontend:u,stalled-cycles-frontend,0.0,0.0,nan,,ok
439.533448,nan,,instructions:u,instructions,0.0,0.0,nan,,ok
439.533448,2481458.0,,cycles:u,cycles,2105420.0,100.0,nan,,ok
439.533448,443437.0,,branches:u,branches,4116104.0,100.0,nan,,ok
439.533448,24509.0,,branch-misses:u,branch-misses,5710947.0,100.0,5.53,of all branches,ok
439.533448,1202449.0,,L1-dcache-loads:u,l1-dcache-loads,7719005.0,100.0,nan,,ok
439.533448,146159.0,,cache-references:u,cache-references,8581315.0,100.0,nan,,ok
439.533448,10981.0,,cache-misses:u,cache-misses,6436419.0,75.0,7.51,of all cache refs,ok
439.533448,nan,,stalled-cycles-frontend:u,stalled-cycles-frontend,0.0,0.0,nan,,ok
449.980902,nan,,instructions:u,instructions,0.0,0.0,nan,,ok
449.980902,4810924.0,,cycles:u,cycles,936036.0,26.0,nan,,ok
449.980902,471037.0,,branches:u,branches,4532221.0,82.0,nan,,ok
449.980902,25423.0,,branch-misses:u,branch-misses,6989178.0,98.0,5.4,of all branches,ok
449.980902,1262347.0,,L1-dcache-loads:u,l1-dcache-loads,9132222.0,100.0,nan,,ok
449.980902,147482.0,,cache-references:u,cache-references,9959437.0,100.0,nan,,ok
449.980902,14767.0,,cache-misses:u,cache-misses,9063439.0,90.0,10.01,of all cache refs,ok
449.980902,nan,,stalled-cycles-frontend:u,stalled-cycles-frontend,0.0,0.0,nan,,ok
460.407214,1101166.0,,instructions:u,instructions,872997.0,10.0,nan,,ok
460.407214,nan,,,,nan,nan,1.38,stalled cycles per insn,unknown
460.407214,nan,,cycles:u,cycles,0.0,0.0,nan,,ok
460.407214,313087.0,,branches:u,branches,1362971.0,87.0,nan,,ok
460.407214,14093.0,,branch-misses:u,branch-misses,3541712.0,100.0,4.5,of all branches,ok
460.407214,855553.0,,L1-dcache-loads:u,l1-dcache-loads,6041391.0,100.0,nan,,ok
460.407214,135920.0,,cache-references:u,cache-references,8589051.0,100.0,nan,,ok
460.407214,19379.0,,cache-misses:u,cache-misses,9461805.0,100.0,14.26,of all cache refs,ok
460.407214,1517269.0,,stalled-cycles-frontend:u,stalled-cycles-frontend,872997.0,9.0,nan,,ok
470.87300999999997,2267170.0,,instructions:u,instructions,3875877.0,39.0,0.68,insn per cycle,ok
470.87300999999997,nan,,,,nan,nan,0.92,stalled cycles per insn,unknown
470.87300999999997,3314402.0,,cycles:u,cycles,1054318.0,10.0,nan,,ok
470.87300999999997,343989.0,,branches:u,branches,1061080.0,10.0,nan,,ok
470.87300999999997,59841.0,,branch-misses:u,branch-misses,2030309.0,20.0,17.4,of all branches,ok
470.87300999999997,1769379.0,,L1-dcache-loads:u,l1-dcache-loads,3438009.0,38.0,nan,,ok
470.87300999999997,115299.0,,cache-references:u,cache-references,6022870.0,87.0,nan,,ok
470.87300999999997,17879.0,,cache-misses:u,cache-misses,8845617.0,99.0,15.51,of all cache refs,ok
470.87300999999997,2076454.0,,stalled-cycles-frontend:u,stalled-cycles-frontend,3915959.0,39.0,62.65,frontend cycles idle,ok
481.346029,1577958.0,,instructions:u,instructions,7179084.0,84.0,0.38,insn per cycle,ok
481.346029,nan,,,,nan,nan,0.74,stalled cycles per insn,unknown
481.346029,4116337.0,,cycles:u,cycles,6107072.0,64.0,nan,,ok
481.346029,428059.0,,branches:u,branches,6100310.0,64.0,nan,,ok
481.346029,31515.0,,branch-misses:u,branch-misses,6093584.0,64.0,7.36,of all branches,ok
481.346029,873114.0,,L1-dcache-loads:u,l1-dcache-loads,3493348.0,36.0,nan,,ok
481.346029,229480.0,,cache-references:u,cache-references,2311142.0,25.0,nan,,ok
481.346029,17683.0,,cache-misses:u,cache-misses,3396092.0,48.0,7.71,of all cache refs,ok
481.346029,1172388.0,,stalled-cycles-frontend:u,stalled-cycles-frontend,4657003.0,77.0,28.48,frontend cycles idle,ok
491.81942899999996,2239821.0,,instructions:u,instructions,4173754.0,69.0,0.47,insn per cycle,ok
491.81942899999996,nan,,,,nan,nan,1.58,stalled cycles per insn,unknown
491.81942899999996,4719410.0,,cycles:u,cycles,7423480.0,85.0,nan,,ok
491.81942899999996,528668.0,,branches:u,branches,9445636.0,95.0,nan,,ok
491.81942899999996,32210.0,,branch-misses:u,branch-misses,9445636.0,95.0,6.09,of all branches,ok
491.81942899999996,1087115.0,,L1-dcache-loads:u,l1-dcache-loads,7958623.0,80.0,nan,,ok
491.81942899999996,129127.0,,cache-references:u,cache-references,5752834.0,58.0,nan,,ok
491.81942899999996,16217.0,,cache-misses:u,cache-misses,2497121.0,25.0,12.56,of all cache refs,ok
491.81942899999996,3527827.0,,stalled-cycles-frontend:u,stalled-cycles-frontend,1940280.0,22.0,74.75,frontend cycles idle,ok
502.298581,858617.0,,instructions:u,instructions,447214.0,11.0,0.17,insn per cycle,ok
502.298581,nan,,,,nan,nan,1.32,stalled cycles per insn,unknown
502.298581,5159022.0,,cycles:u,cycles,419196.0,10.0,nan,,ok
502.298581,602600.0,,branches:u,branches,1709829.0,33.0,nan,,ok
502.298581,23956.0,,branch-misses:u,branch-misses,3387278.0,59.0,3.98,of all branches,ok
502.298581,754146.0,,L1-dcache-loads:u,l1-dcache-loads,4217659.0,74.0,nan,,ok
502.298581,87843.0,,cache-references:u,cache-references,5218041.0,91.0,nan,,ok
502.298581,11942.0,,cache-misses:u,cache-misses,5279770.0,92.0,13.59,of all cache refs,ok
502.298581,1131745.0,,stalled-cycles-frontend:u,stalled-cycles-frontend,502698.0,9.0,21.94,frontend cycles idle,ok
512.783983,2063509.0,,instructions:u,instructions,3517483.0,37.0,0.55,insn per cycle,ok
512.783983,nan,,,,nan,nan,0.99,stalled cycles per insn,unknown
512.783983,3748501.0,,cycles:u,cycles,1729992.0,18.0,nan,,ok
512.783983,385450.0,,branches:u,branches,1729992.0,18.0,nan,,ok
512.783983,36878.0,,branch-misses:u,branch-misses,2111348.0,23.0,9.57,of all branches,ok
512.783983,1522255.0,,L1-dcache-loads:u,l1-dcache-loads,2875743.0,38.0,nan,,ok
512.783983,108544.0,,cache-references:u,cache-references,5796079.0,100.0,nan,,ok
512.783983,17164.0,,cache-misses:u,cache-misses,7541506.0,100.0,15.81,of all cache refs,ok
512.783983,2049975.0,,stalled-cycles-frontend:u,stalled-cycles-frontend,3461999.0,37.0,54.69,frontend cycles idle,ok
523.261275,2685047.0,,instructions:u,instructions,8832034.0,95.0,0.59,insn per cycle,ok
523.261275,nan,,,,nan,nan,0.78,stalled cycles per insn,unknown
523.261275,4557508.0,,cycles:u,cycles,6498105.0,69.0,nan,,ok
523.261275,557964.0,,branches:u,branches,6504756.0,70.0,nan,,ok
523.261275,33557.0,,branch-misses:u,branch-misses,6511464.0,70.0,6.01,of all branches,ok
523.261275,794239.0,,L1-dcache-loads:u,l1-dcache-loads,2886779.0,31.0,nan,,ok
523.261275,81184.0,,cache-references:u,cache-references,465815.0,6.0,nan,,ok
523.261275,11397.0,,cache-misses:u,cache-misses,2765186.0,54.0,14.04,of all cache refs,ok
523.261275,2094646.0,,stalled-cycles-frontend:u,stalled-cycles-frontend,6196660.0,80.0,45.96,frontend cycles idle,ok
533.7296150000001,989300.0,,instructions:u,instructions,1342424.0,56.0,0.32,insn per cycle,ok
533.7296150000001,nan,,,,nan,nan,3.41,stalled cycles per insn,unknown
533.7296150000001,3124878.0,,cycles:u,cycles,4079286.0,82.0,nan,,ok
533.7296150000001,570448.0,,branches:u,branches,7596502.0,100.0,nan,,ok
533.7296150000001,36253.0,,branch-misses:u,branch-misses,9335911.0,100.0,6.36,of all branches,ok
533.7296150000001,1436058.0,,L1-dcache-loads:u,l1-dcache-loads,9988300.0,97.0,nan,,ok
533.7296150000001,160895.0,,cache-references:u,cache-references,8870659.0,86.0,nan,,ok
533.7296150000001,18359.0,,cache-misses:u,cache-misses,6167532.0,60.0,11.41,of all cache refs,ok
533.7296150000001,3376598.0,,stalled-cycles-frontend:u,stalled-cycles-frontend,225850.0,2.0,108.06,frontend cycles idle,ok
544.2205610000001,0.0,,instructions:u,instructions,148605.0,1.0,nan,,ok
544.2205610000001,nan,,cycles:u,cycles,0.0,0.0,nan,,ok
544.2205610000001,405223.0,,branches:u,branches,2312406.0,64.0,nan,,ok
544.2205610000001,20609.0,,branch-misses:u,branch-misses,5306508.0,95.0,5.09,of all branches,ok
544.2205610000001,966370.0,,L1-dcache-loads:u,l1-dcache-loads,7219869.0,100.0,nan,,ok
544.2205610000001,137933.0,,cache-references:u,cache-references,9213390.0,100.0,nan,,ok
544.2205610000001,16359.0,,cache-misses:u,cache-misses,9356053.0,100.0,11.86,of all cache refs,ok
544.2205610000001,0.0,,stalled-cycles-frontend:u,stalled-cycles-frontend,148605.0,1.0,nan,,ok
554.634315,996008.0,,instructions:u,instructions,776073.0,7.0,nan,,ok
554.634315,nan,,,,nan,nan,1.42,stalled cycles per insn,unknown
554.634315,nan,,cycles:u,cycles,0.0,0.0,nan,,ok
554.634315,381267.0,,branches:u,branches,2147209.0,100.0,nan,,ok
554.634315,20588.0,,branch-misses:u,branch-misses,4150892.0,100.0,5.4,of all branches,ok
554.634315,1016580.0,,L1-dcache-loads:u,l1-dcache-loads,6235057.0,100.0,nan,,ok
554.634315,159514.0,,cache-references:u,cache-references,9242418.0,100.0,nan,,ok
554.634315,21847.0,,cache-misses:u,cache-misses,10025013.0,100.0,13.7,of all cache refs,ok
554.634315,1412698.0,,stalled-cycles-frontend:u,stalled-cycles-frontend,776073.0,7.0,nan,,ok
565.107162,1778049.0,,instructions:u,instructions,1241387.0,12.0,nan,,ok
565.107162,nan,,,,nan,nan,1.08,stalled cycles per insn,unknown
565.107162,nan,,cycles:u,cycles,0.0,0.0,nan,,ok
565.107162,684471.0,,branches:u,branches,796521.0,23.0,nan,,ok
565.107162,23187.0,,branch-misses:u,branch-misses,3283644.0,61.0,3.39,of all branches,ok
565.107162,987094.0,,L1-dcache-loads:u,l1-dcache-loads,5919036.0,84.0,nan,,ok
565.107162,133180.0,,cache-references:u,cache-references,8737750.0,96.0,nan,,ok
565.107162,17331.0,,cache-misses:u,cache-misses,9999497.0,100.0,13.01,of all cache refs,ok
565.107162,1914307.0,,stalled-cycles-frontend:u,stalled-cycles-frontend,1275819.0,12.0,nan,,ok
575.565973,2112178.0,,instructions:u,instructions,5117360.0,54.0,0.52,insn per cycle,ok
575.565973,nan,,,,nan,nan,0.91,stalled cycles per insn,unknown
575.565973,4056256.0,,cycles:u,cycles,2554103.0,26.0,nan,,ok
575.565973,418621.0,,branches:u,branches,2554103.0,26.0,nan,,ok
575.565973,31767.0,,branch-misses:u,branch-misses,2554103.0,26.0,7.59,of all branches,ok
575.565973,1698254.0,,L1-dcache-loads:u,l1-dcache-loads,2787411.0,33.0,nan,,ok
575.565973,114466.0,,cache-references:u,cache-references,4368246.0,70.0,nan,,ok
575.565973,16495.0,,cache-misses:u,cache-misses,6911399.0,100.0,14.41,of all cache refs,ok
575.565973,1923130.0,,stalled-cycles-frontend:u,stalled-cycles-frontend,4579453.0,51.0,47.41,frontend cycles idle,ok
586.052817,2630622.0,,instructions:u,instructions,7391699.0,85.0,0.55,insn per cycle,ok
586.052817,nan,,,,nan,nan,0.67,stalled cycles per insn,unknown
586.052817,4748751.0,,cycles:u,cycles,8095736.0,82.0,nan,,ok
586.052817,544128.0,,branches:u,branches,8109443.0,82.0,nan,,ok
586.052817,32414.0,,branch-misses:u,branch-misses,8116232.0,82.0,5.96,of all branches,ok
586.052817,1150283.0,,L1-dcache-loads:u,l1-dcache-loads,5939753.0,60.0,nan,,ok
586.052817,154252.0,,cache-references:u,cache-references,2463040.0,24.0,nan,,ok
586.052817,23774.0,,cache-misses:u,cache-misses,1718251.0,19.0,15.41,of all cache refs,ok
586.052817,1768606.0,,stalled-cycles-frontend:u,stalled-cycles-frontend,3641611.0,62.0,37.24,frontend cycles idle,ok
596.530535,201961.0,,instructions:u,instructions,173460.0,4.0,0.05,insn per cycle,ok
596.530535,4480469.0,,cycles:u,cycles,2527022.0,41.0,nan,,ok
596.530535,651826.0,,branches:u,branches,6236369.0,71.0,nan,,ok
596.530535,36923.0,,branch-misses:u,branch-misses,8776761.0,92.0,5.66,of all branches,ok
596.530535,1213081.0,,L1-dcache-loads:u,l1-dcache-loads,9470890.0,100.0,nan,,ok
596.530535,147594.0,,cache-references:u,cache-references,9297151.0,98.0,nan,,ok
596.530535,13492.0,,cache-misses:u,cache-misses,6983907.0,73.0,9.14,of all cache refs,ok
596.530535,nan,,stalled-cycles-frontend:u,stalled-cycles-frontend,0.0,0.0,nan,,ok
606.98067,1987771.0,,instructions:u,instructions,3702898.0,37.0,0.59,insn per cycle,ok
606.98067,nan,,,,nan,nan,1.1,stalled cycles per insn,unknown
606.98067,3389557.0,,cycles:u,cycles,1010634.0,11.0,nan,,ok
606.98067,237805.0,,branches:u,branches,1186704.0,18.0,nan,,ok
606.98067,26619.0,,branch-misses:u,branch-misses,2330236.0,31.0,11.19,of all branches,ok
606.98067,1193141.0,,L1-dcache-loads:u,l1-dcache-loads,3553737.0,47.0,nan,,ok
606.98067,132552.0,,cache-references:u,cache-references,6338368.0,84.0,nan,,ok
606.98067,18975.0,,cache-misses:u,cache-misses,9032223.0,98.0,14.32,of all cache refs,ok
606.98067,2185395.0,,stalled-cycles-frontend:u,stalled-cycles-frontend,3741745.0,37.0,64.47,frontend cycles idle,ok
617.452752,2128889.0,,instructions:u,instructions,7025365.0,78.0,0.54,insn per cycle,ok
617.452752,nan,,,,nan,nan,0.72,stalled cycles per insn,unknown
617.452752,3943644.0,,cycles:u,cycles,6177945.0,66.0,nan,,ok
617.452752,389117.0,,branches:u,branches,6178072.0,66.0,nan,,ok
617.452752,29927.0,,branch-misses:u,branch-misses,6178169.0,66.0,7.69,of all branches,ok
617.452752,809428.0,,L1-dcache-loads:u,l1-dcache-loads,3684771.0,39.0,nan,,ok
617.452752,194440.0,,cache-references:u,cache-references,2239061.0,24.0,nan,,ok
617.452752,23665.0,,cache-misses:u,cache-misses,3051426.0,33.0,12.17,of all cache refs,ok
617.452752,1537454.0,,stalled-cycles-frontend:u,stalled-cycles-frontend,4173013.0,59.0,38.99,frontend cycles idle,ok
627.934487,2272260.0,,instructions:u,instructions,6689703.0,100.0,0.61,insn per cycle,ok
627.934487,nan,,,,nan,nan,1.42,stalled cycles per insn,unknown
627.934487,3716743.0,,cycles:u,cycles,7116483.0,78.0,nan,,ok
627.934487,353941.0,,branches:u,branches,8266633.0,80.0,nan,,ok
627.934487,25797.0,,branch-misses:u,branch-misses,8265904.0,80.0,7.29,of all branches,ok
627.934487,848833.0,,L1-dcache-loads:u,l1-dcache-loads,5256213.0,51.0,nan,,ok
627.934487,144975.0,,cache-references:u,cache-references,3501334.0,34.0,nan,,ok
627.934487,36560.0,,cache-misses:u,cache-misses,3109662.0,30.0,25.22,of all cache refs,ok
627.934487,3236295.0,,stalled-cycles-frontend:u,stalled-cycles-frontend,4968767.0,54.0,87.07,frontend cycles idle,ok
638.406545,2229179.0,,instructions:u,instructions,2476409.0,42.0,0.42,insn per cycle,ok
638.406545,nan,,,,nan,nan,2.31,stalled cycles per insn,unknown
638.406545,5311725.0,,cycles:u,cycles,6256121.0,72.0,nan,,ok
638.406545,648591.0,,branches:u,branches,8568949.0,86.0,nan,,ok
638.406545,36481.0,,branch-misses:u,branch-misses,9387569.0,94.0,5.62,of all branches,ok
638.406545,1223979.0,,L1-dcache-loads:u,l1-dcache-loads,9486959.0,95.0,nan,,ok
638.406545,140792.0,,cache-references:u,cache-references,7509403.0,75.0,nan,,ok
638.406545,11721.0,,cache-misses:u,cache-misses,3728014.0,37.0,8.33,of all cache refs,ok
638.406545,5143750.0,,stalled-cycles-frontend:u,stalled-cycles-frontend,464987.0,5.0,96.84,frontend cycles idle,ok
648.870654,0.0,,instructions:u,instructions,40994.0,0.0,0.0,insn per cycle,ok
648.870654,2463161.0,,cycles:u,cycles,196555.0,3.0,nan,,ok
648.870654,385662.0,,branches:u,branches,2588127.0,71.0,nan,,ok
648.870654,23289.0,,branch-misses:u,branch-misses,5596182.0,99.0,6.04,of all branches,ok
648.870654,1184707.0,,L1-dcache-loads:u,l1-dcache-loads,7524964.0,100.0,nan,,ok
648.870654,154756.0,,cache-references:u,cache-references,9441329.0,100.0,nan,,ok
648.870654,18965.0,,cache-misses:u,cache-misses,9285655.0,97.0,12.25,of all cache refs,ok
648.870654,0.0,,stalled-cycles-frontend:u,stalled-cycles-frontend,40994.0,0.0,nan,,ok
659.300196,2293470.0,,instructions:u,instructions,2751914.0,27.0,2.86,insn per cycle,ok
659.300196,nan,,,,nan,nan,1.03,stalled cycles per insn,unknown
659.300196,801173.0,,cycles:u,cycles,306546.0,3.0,nan,,ok
659.300196,21872.0,,branches:u,branches,306546.0,3.0,nan,,ok
659.300196,54392.0,,branch-misses:u,branch-misses,2064162.0,20.0,248.68,of all branches,ok
659.300196,1583521.0,,L1-dcache-loads:u,l1-dcache-loads,4695502.0,48.0,nan,,ok
659.300196,112406.0,,cache-references:u,cache-references,7153755.0,93.0,nan,,ok
659.300196,18770.0,,cache-misses:u,cache-misses,9620883.0,100.0,16.7,of all cache refs,ok
659.300196,2370279.0,,stalled-cycles-frontend:u,stalled-cycles-frontend,2787126.0,28.0,295.85,frontend cycles idle,ok
669.766895,2401162.0,,instructions:u,instructions,3805521.0,37.0,0.79,insn per cycle,ok
669.766895,nan,,,,nan,nan,0.97,stalled cycles per insn,unknown
669.766895,3048074.0,,cycles:u,cycles,1254772.0,12.0,nan,,ok
669.766895,298289.0,,branches:u,branches,1254772.0,12.0,nan,,ok
669.766895,55235.0,,branch-misses:u,branch-misses,2585631.0,25.0,18.52,of all branches,ok
669.766895,2036356.0,,L1-dcache-loads:u,l1-dcache-loads,3825665.0,42.0,nan,,ok
669.766895,114468.0,,cache-references:u,cache-references,6413364.0,100.0,nan,,ok
669.766895,18927.0,,cache-misses:u,cache-misses,8946262.0,100.0,16.53,of all cache refs,ok
669.766895,2318989.0,,stalled-cycles-frontend:u,stalled-cycles-frontend,3770309.0,36.0,76.08,frontend cycles idle,ok
680.416818,2691216.0,,instructions:u,instructions,6925412.0,78.0,0.56,insn per cycle,ok
680.416818,nan,,,,nan,nan,0.61,stalled cycles per insn,unknown
680.416818,4823126.0,,cycles:u,cycles,7412736.0,78.0,nan,,ok
680.416818,563688.0,,branches:u,branches,7851834.0,83.0,nan,,ok
680.416818,33082.0,,branch-misses:u,branch-misses,7860965.0,83.0,5.87,of all branches,ok
680.416818,949310.0,,L1-dcache-loads:u,l1-dcache-loads,5443662.0,57.0,nan,,ok
680.416818,118631.0,,cache-references:u,cache-references,2518954.0,28.0,nan,,ok
680.416818,16414.0,,cache-misses:u,cache-misses,2031053.0,28.0,13.84,of all cache refs,ok
680.416818,1653660.0,,stalled-cycles-frontend:u,stalled-cycles-frontend,3524154.0,54.0,34.29,frontend cycles idle,ok
691.089293,70795.0,,instructions:u,instructions,176598.0,12.0,0.02,insn per cycle,ok
691.089293,3107705.0,,cycles:u,cycles,3185565.0,92.0,nan,,ok
691.089293,521193.0,,branches:u,branches,5858171.0,100.0,nan,,ok
691.089293,32663.0,,branch-misses:u,branch-misses,8296670.0,100.0,6.27,of all branches,ok
691.089293,1449519.0,,L1-dcache-loads:u,l1-dcache-loads,10296391.0,100.0,nan,,ok
691.089293,170100.0,,cache-references:u,cache-references,10190109.0,98.0,nan,,ok
691.089293,14926.0,,cache-misses:u,cache-misses,7182152.0,69.0,8.77,of all cache refs,ok
691.089293,nan,,stalled-cycles-frontend:u,stalled-cycles-frontend,0.0,0.0,nan,,ok
701.693222,nan,,instructions:u,instructions,0.0,0.0,nan,,ok
701.693222,3508858.0,,cycles:u,cycles,1740648.0,51.0,nan,,ok
701.693222,418537.0,,branches:u,branches,4450346.0,86.0,nan,,ok
701.693222,22719.0,,branch-misses:u,branch-misses,6727517.0,100.0,5.43,of all branches,ok
701.693222,1136006.0,,L1-dcache-loads:u,l1-dcache-loads,8728839.0,100.0,nan,,ok
701.693222,136298.0,,cache-references:u,cache-references,9335014.0,100.0,nan,,ok
701.693222,11740.0,,cache-misses:u,cache-misses,7594536.0,81.0,8.61,of all cache refs,ok
701.693222,nan,,stalled-cycles-frontend:u,stalled-cycles-frontend,0.0,0.0,nan,,ok
712.283684,nan,,instructions:u,instructions,0.0,0.0,nan,,ok
712.283684,2152094.0,,cycles:u,cycles,620392.0,42.0,nan,,ok
712.283684,401778.0,,branches:u,branches,2161062.0,71.0,nan,,ok
712.283684,22700.0,,branch-misses:u,branch-misses,4517207.0,90.0,5.65,of all branches,ok
712.283684,1352383.0,,L1-dcache-loads:u,l1-dcache-loads,8763875.0,100.0,nan,,ok
712.283684,170554.0,,cache-references:u,cache-references,10311901.0,100.0,nan,,ok
712.283684,19994.0,,cache-misses:u,cache-misses,9689610.0,93.0,11.72,of all cache refs,ok
712.283684,nan,,stalled-cycles-frontend:u,stalled-cycles-frontend,0.0,0.0,nan,,ok
722.802269,2652960.0,,instructions:u,instructions,6260103.0,62.0,0.64,insn per cycle,ok
722.802269,nan,,,,nan,nan,0.8,stalled cycles per insn,unknown
722.802269,4142486.0,,cycles:u,cycles,3573751.0,38.0,nan,,ok
722.802269,306593.0,,branches:u,branches,3610972.0,51.0,nan,,ok
722.802269,23048.0,,branch-misses:u,branch-misses,3620889.0,51.0,7.52,of all branches,ok
722.802269,665531.0,,L1-dcache-loads:u,l1-dcache-loads,2630630.0,35.0,nan,,ok
722.802269,128824.0,,cache-references:u,cache-references,3733293.0,44.0,nan,,ok
722.802269,15689.0,,cache-misses:u,cache-misses,6380169.0,77.0,12.18,of all cache refs,ok
722.802269,2131757.0,,stalled-cycles-frontend:u,stalled-cycles-frontend,4528872.0,49.0,51.46,frontend cycles idle,ok
733.502375,2252782.0,,instructions:u,instructions,6218272.0,100.0,0.44,insn per cycle,ok
733.502375,nan,,,,nan,nan,1.37,stalled cycles per insn,unknown
733.502375,5071537.0,,cycles:u,cycles,7906267.0,85.0,nan,,ok
733.502375,616638.0,,branches:u,branches,8400745.0,86.0,nan,,ok
733.502375,33551.0,,branch-misses:u,branch-misses,8401969.0,86.0,5.44,of all branches,ok
733.502375,952554.0,,L1-dcache-loads:u,l1-dcache-loads,5713318.0,58.0,nan,,ok
733.502375,141584.0,,cache-references:u,cache-references,3480403.0,35.0,nan,,ok
733.502375,22121.0,,cache-misses:u,cache-misses,1834532.0,18.0,15.62,of all cache refs,ok
733.502375,3076447.0,,stalled-cycles-frontend:u,stalled-cycles-frontend,4005218.0,43.0,60.66,frontend cycles idle,ok
744.162222,3136836.0,,instructions:u,instructions,837623.0,24.0,0.8,insn per cycle,ok
744.162222,3904528.0,,cycles:u,cycles,3230574.0,60.0,nan,,ok
744.162222,588365.0,,branches:u,branches,6784657.0,85.0,nan,,ok
744.162222,34482.0,,branch-misses:u,branch-misses,9558025.0,100.0,5.86,of all branches,ok
744.162222,1302852.0,,L1-dcache-loads:u,l1-dcache-loads,10092235.0,100.0,nan,,ok
744.162222,134569.0,,cache-references:u,cache-references,9308120.0,92.0,nan,,ok
744.162222,13913.0,,cache-misses:u,cache-misses,6912999.0,68.0,10.34,of all cache refs,ok
744.162222,nan,,stalled-cycles-frontend:u,stalled-cycles-frontend,0.0,0.0,nan,,ok
754.752296,1599972.0,,instructions:u,instructions,1600101.0,19.0,nan,,ok
754.752296,nan,,,,nan,nan,1.15,stalled cycles per insn,unknown
754.752296,nan,,cycles:u,cycles,0.0,0.0,nan,,ok
754.752296,12122.0,,branches:u,branches,265315.0,55.0,nan,,ok
754.752296,10261.0,,branch-misses:u,branch-misses,2099055.0,90.0,84.65,of all branches,ok
754.752296,824267.0,,L1-dcache-loads:u,l1-dcache-loads,5339755.0,100.0,nan,,ok
754.752296,129616.0,,cache-references:u,cache-references,7966218.0,100.0,nan,,ok
754.752296,19777.0,,cache-misses:u,cache-misses,9566423.0,100.0,15.26,of all cache refs,ok
754.752296,1840715.0,,stalled-cycles-frontend:u,stalled-cycles-frontend,1600101.0,18.0,nan,,ok
765.3832080000001,1714489.0,,instructions:u,instructions,7196556.0,73.0,0.49,insn per cycle,ok
765.3832080000001,nan,,,,nan,nan,0.87,stalled cycles per insn,unknown
765.3832080000001,3495631.0,,cycles:u,cycles,4626819.0,45.0,nan,,ok
765.3832080000001,361354.0,,branches:u,branches,4634749.0,45.0,nan,,ok
765.3832080000001,27311.0,,branch-misses:u,branch-misses,4644261.0,45.0,7.56,of all branches,ok
765.3832080000001,992706.0,,L1-dcache-loads:u,l1-dcache-loads,2487720.0,24.0,nan,,ok
765.3832080000001,239254.0,,cache-references:u,cache-references,3020024.0,29.0,nan,,ok
765.3832080000001,20295.0,,cache-misses:u,cache-misses,5592309.0,56.0,8.48,of all cache refs,ok
765.3832080000001,1491889.0,,stalled-cycles-frontend:u,stalled-cycles-frontend,5248540.0,67.0,42.68,frontend cycles idle,ok
776.040349,2453166.0,,instructions:u,instructions,8309185.0,93.0,0.49,insn per cycle,ok
776.040349,nan,,,,nan,nan,0.63,stalled cycles per insn,unknown
776.040349,5048972.0,,cycles:u,cycles,8158307.0,80.0,nan,,ok
776.040349,562235.0,,branches:u,branches,8158635.0,80.0,nan,,ok
776.040349,36232.0,,branch-misses:u,branch-misses,8157914.0,80.0,6.44,of all branches,ok
776.040349,1094154.0,,L1-dcache-loads:u,l1-dcache-loads,4871107.0,48.0,nan,,ok
776.040349,200727.0,,cache-references:u,cache-references,1828706.0,19.0,nan,,ok
776.040349,22816.0,,cache-misses:u,cache-misses,1979102.0,30.0,11.37,of all cache refs,ok
776.040349,1553325.0,,stalled-cycles-frontend:u,stalled-cycles-frontend,4675463.0,85.0,30.77,frontend cycles idle,ok
786.682981,1054490.0,,instructions:u,instructions,1247336.0,40.0,0.3,insn per cycle,ok
786.682981,3513744.0,,cycles:u,cycles,4229000.0,83.0,nan,,ok
786.682981,566828.0,,branches:u,branches,6902469.0,100.0,nan,,ok
786.682981,31550.0,,branch-misses:u,branch-misses,8529273.0,100.0,5.57,of all branches,ok
786.682981,1341799.0,,L1-dcache-loads:u,l1-dcache-loads,9529238.0,100.0,nan,,ok
786.682981,148949.0,,cache-references:u,cache-references,8380133.0,87.0,nan,,ok
786.682981,14377.0,,cache-misses:u,cache-misses,5397558.0,56.0,9.65,of all cache refs,ok
786.682981,nan,,stalled-cycles-frontend:u,stalled-cycles-frontend,0.0,0.0,nan,,ok
797.294842,nan,,instructions:u,instructions,0.0,0.0,nan,,ok
797.294842,6082020.0,,cycles:u,cycles,1473083.0,30.0,nan,,ok
797.294842,573810.0,,branches:u,branches,3688135.0,61.0,nan,,ok
797.294842,24805.0,,branch-misses:u,branch-misses,6096549.0,80.0,4.32,of all branches,ok
797.294842,1253717.0,,L1-dcache-loads:u,l1-dcache-loads,9078985.0,94.0,nan,,ok
797.294842,148195.0,,cache-references:u,cache-references,10172853.0,100.0,nan,,ok
797.294842,14042.0,,cache-misses:u,cache-misses,8697462.0,85.0,9.48,of all cache refs,ok
797.294842,nan,,stalled-cycles-frontend:u,stalled-cycles-frontend,0.0,0.0,nan,,ok
807.870123,903613.0,,instructions:u,instructions,703998.0,12.0,nan,,ok
807.870123,nan,,,,nan,nan,1.71,stalled cycles per insn,unknown
807.870123,nan,,cycles:u,cycles,0.0,0.0,nan,,ok
807.870123,421957.0,,branches:u,branches,402786.0,22.0,nan,,ok
807.870123,20013.0,,branch-misses:u,branch-misses,2035744.0,58.0,4.74,of all branches,ok
807.870123,1074605.0,,L1-dcache-loads:u,l1-dcache-loads,5184135.0,82.0,nan,,ok
807.870123,150239.0,,cache-references:u,cache-references,8638210.0,99.0,nan,,ok
807.870123,18961.0,,cache-misses:u,cache-misses,9365903.0,100.0,12.62,of all cache refs,ok
807.870123,1547511.0,,stalled-cycles-frontend:u,stalled-cycles-frontend,735933.0,8.0,nan,,ok
818.386822,2700560.0,,instructions:u,instructions,8176342.0,91.0,0.61,insn per cycle,ok
818.386822,nan,,,,nan,nan,0.91,stalled cycles per insn,unknown
818.386822,4454235.0,,cycles:u,cycles,6808368.0,68.0,nan,,ok
818.386822,440500.0,,branches:u,branches,6842055.0,68.0,nan,,ok
818.386822,32810.0,,branch-misses:u,branch-misses,6852866.0,68.0,7.45,of all branches,ok
818.386822,904764.0,,L1-dcache-loads:u,l1-dcache-loads,4061483.0,40.0,nan,,ok
818.386822,138066.0,,cache-references:u,cache-references,1865657.0,20.0,nan,,ok
818.386822,21221.0,,cache-misses:u,cache-misses,3159900.0,37.0,15.37,of all cache refs,ok
818.386822,2453143.0,,stalled-cycles-frontend:u,stalled-cycles-frontend,5702627.0,61.0,55.07,frontend cycles idle,ok
829.0776520000001,2624745.0,,instructions:u,instructions,6559863.0,100.0,0.69,insn per cycle,ok
829.0776520000001,nan,,,,nan,nan,1.19,stalled cycles per insn,unknown
829.0776520000001,3791056.0,,cycles:u,cycles,6201660.0,68.0,nan,,ok
829.0776520000001,355914.0,,branches:u,branches,6898547.0,71.0,nan,,ok
829.0776520000001,25754.0,,branch-misses:u,branch-misses,6887736.0,70.0,7.24,of all branches,ok
829.0776520000001,735834.0,,L1-dcache-loads:u,l1-dcache-loads,4695501.0,48.0,nan,,ok
829.0776520000001,141726.0,,cache-references:u,cache-references,3104550.0,32.0,nan,,ok
829.0776520000001,30360.0,,cache-misses:u,cache-misses,3547158.0,36.0,21.42,of all cache refs,ok
829.0776520000001,3134511.0,,stalled-cycles-frontend:u,stalled-cycles-frontend,5029492.0,55.0,82.68,frontend cycles idle,ok
839.700802,2521120.0,,instructions:u,instructions,4366845.0,62.0,0.46,insn per cycle,ok
839.700802,nan,,,,nan,nan,0.89,stalled cycles per insn,unknown
839.700802,5498089.0,,cycles:u,cycles,6926553.0,74.0,nan,,ok
839.700802,690278.0,,branches:u,branches,8565295.0,85.0,nan,,ok
839.700802,36216.0,,branch-misses:u,branch-misses,9260230.0,92.0,5.25,of all branches,ok
839.700802,1184585.0,,L1-dcache-loads:u,l1-dcache-loads,8058257.0,80.0,nan,,ok
839.700802,128173.0,,cache-references:u,cache-references,5675328.0,56.0,nan,,ok
839.700802,12154.0,,cache-misses:u,cache-misses,3082204.0,32.0,9.48,of all cache refs,ok
839.700802,2235238.0,,stalled-cycles-frontend:u,stalled-cycles-frontend,1923160.0,24.0,40.65,frontend cycles idle,ok
850.350025,0.0,,instructions:u,instructions,105806.0,1.0,0.0,insn per cycle,ok
850.350025,1554283.0,,cycles:u,cycles,151275.0,2.0,nan,,ok
850.350025,548752.0,,branches:u,branches,3109056.0,85.0,nan,,ok
850.350025,23092.0,,branch-misses:u,branch-misses,5753939.0,100.0,4.21,of all branches,ok
850.350025,1305727.0,,L1-dcache-loads:u,l1-dcache-loads,8279626.0,100.0,nan,,ok
850.350025,170601.0,,cache-references:u,cache-references,10257026.0,100.0,nan,,ok
850.350025,20386.0,,cache-misses:u,cache-misses,10211669.0,98.0,11.95,of all cache refs,ok
850.350025,0.0,,stalled-cycles-frontend:u,stalled-cycles-frontend,105806.0,1.0,nan,,ok
860.951812,939757.0,,instructions:u,instructions,825009.0,8.0,nan,,ok
860.951812,nan,,,,nan,nan,1.43,stalled cycles per insn,unknown
860.951812,nan,,cycles:u,cycles,0.0,0.0,nan,,ok
860.951812,768904.0,,branches:u,branches,1488859.0,43.0,nan,,ok
860.951812,21360.0,,branch-misses:u,branch-misses,3962511.0,80.0,2.78,of all branches,ok
860.951812,925731.0,,L1-dcache-loads:u,l1-dcache-loads,6401226.0,97.0,nan,,ok
860.951812,129592.0,,cache-references:u,cache-references,8512098.0,100.0,nan,,ok
860.951812,16824.0,,cache-misses:u,cache-misses,9336735.0,100.0,12.98,of all cache refs,ok
860.951812,1348346.0,,stalled-cycles-frontend:u,stalled-cycles-frontend,825009.0,8.0,nan,,ok
871.566644,3400889.0,,instructions:u,instructions,4831744.0,47.0,0.84,insn per cycle,ok
871.566644,nan,,,,nan,nan,0.67,stalled cycles per insn,unknown
871.566644,4064672.0,,cycles:u,cycles,1754948.0,19.0,nan,,ok
871.566644,225095.0,,branches:u,branches,1754948.0,36.0,nan,,ok
871.566644,22430.0,,branch-misses:u,branch-misses,2202465.0,41.0,9.96,of all branches,ok
871.566644,933398.0,,L1-dcache-loads:u,l1-dcache-loads,2631161.0,41.0,nan,,ok
871.566644,139865.0,,cache-references:u,cache-references,5397129.0,67.0,nan,,ok
871.566644,18350.0,,cache-misses:u,cache-misses,8509829.0,100.0,13.12,of all cache refs,ok
871.566644,2264958.0,,stalled-cycles-frontend:u,stalled-cycles-frontend,3953049.0,42.0,55.72,frontend cycles idle,ok
882.2242249999999,2071605.0,,instructions:u,instructions,6796910.0,100.0,0.56,insn per cycle,ok
882.2242249999999,nan,,,,nan,nan,1.38,stalled cycles per insn,unknown
882.2242249999999,3705947.0,,cycles:u,cycles,6928096.0,78.0,nan,,ok
882.2242249999999,340840.0,,branches:u,branches,7695101.0,80.0,nan,,ok
882.2242249999999,25088.0,,branch-misses:u,branch-misses,7705010.0,80.0,7.36,of all branches,ok
882.2242249999999,841564.0,,L1-dcache-loads:u,l1-dcache-loads,4711560.0,49.0,nan,,ok
882.2242249999999,135658.0,,cache-references:u,cache-references,2751993.0,28.0,nan,,ok
882.2242249999999,27814.0,,cache-misses:u,cache-misses,2587977.0,27.0,20.5,of all cache refs,ok
882.2242249999999,2851556.0,,stalled-cycles-frontend:u,stalled-cycles-frontend,4823201.0,54.0,76.95,frontend cycles idle,ok
892.867425,873732.0,,instructions:u,instructions,1963625.0,94.0,0.28,insn per cycle,ok
892.867425,nan,,,,nan,nan,4.99,stalled cycles per insn,unknown
892.867425,3126346.0,,cycles:u,cycles,5046674.0,99.0,nan,,ok
892.867425,544274.0,,branches:u,branches,7522614.0,100.0,nan,,ok
892.867425,32166.0,,branch-misses:u,branch-misses,9221040.0,100.0,5.91,of all branches,ok
892.867425,1222339.0,,L1-dcache-loads:u,l1-dcache-loads,9759432.0,96.0,nan,,ok
892.867425,143040.0,,cache-references:u,cache-references,8243092.0,81.0,nan,,ok
892.867425,15166.0,,cache-misses:u,cache-misses,5154042.0,50.0,10.6,of all cache refs,ok
892.867425,4358720.0,,stalled-cycles-frontend:u,stalled-cycles-frontend,401336.0,5.0,139.42,frontend cycles idle,ok
903.354346,2050235.0,,instructions:u,instructions,1600948.0,15.0,0.82,insn per cycle,ok
903.354346,nan,,,,nan,nan,0.98,stalled cycles per insn,unknown
903.354346,2508710.0,,cycles:u,cycles,441800.0,4.0,nan,,ok
903.354346,724075.0,,branches:u,branches,1475966.0,20.0,nan,,ok
903.354346,44093.0,,branch-misses:u,branch-misses,3884105.0,47.0,6.09,of all branches,ok
903.354346,1672777.0,,L1-dcache-loads:u,l1-dcache-loads,6259374.0,72.0,nan,,ok
903.354346,149572.0,,cache-references:u,cache-references,8601266.0,100.0,nan,,ok
903.354346,19424.0,,cache-misses:u,cache-misses,9761457.0,100.0,12.99,of all cache refs,ok
903.354346,2009811.0,,stalled-cycles-frontend:u,stalled-cycles-frontend,1600948.0,15.0,80.11,frontend cycles idle,ok
913.81629,2118612.0,,instructions:u,instructions,4845648.0,52.0,0.68,insn per cycle,ok
913.81629,nan,,,,nan,nan,0.94,stalled cycles per insn,unknown
913.81629,3096740.0,,cycles:u,cycles,1129671.0,12.0,nan,,ok
913.81629,329224.0,,branches:u,branches,1129671.0,12.0,nan,,ok
913.81629,18763.0,,branch-misses:u,branch-misses,1129671.0,12.0,5.7,of all branches,ok
913.81629,1702818.0,,L1-dcache-loads:u,l1-dcache-loads,2212771.0,27.0,nan,,ok
913.81629,106258.0,,cache-references:u,cache-references,4313508.0,70.0,nan,,ok
913.81629,18213.0,,cache-misses:u,cache-misses,8054372.0,99.0,17.14,of all cache refs,ok
913.81629,1984203.0,,stalled-cycles-frontend:u,stalled-cycles-frontend,4905189.0,53.0,64.07,frontend cycles idle,ok
924.306178,3147930.0,,instructions:u,instructions,7873142.0,97.0,0.75,insn per cycle,ok
924.306178,nan,,,,nan,nan,1.0,stalled cycles per insn,unknown
924.306178,4200381.0,,cycles:u,cycles,6938543.0,69.0,nan,,ok
924.306178,385655.0,,branches:u,branches,7093971.0,69.0,nan,,ok
924.306178,28178.0,,branch-misses:u,branch-misses,7100656.0,69.0,7.31,of all branches,ok
924.306178,815182.0,,L1-dcache-loads:u,l1-dcache-loads,3791928.0,40.0,nan,,ok
924.306178,129237.0,,cache-references:u,cache-references,2309427.0,24.0,nan,,ok
924.306178,31287.0,,cache-misses:u,cache-misses,3220708.0,34.0,24.21,of all cache refs,ok
924.306178,3154353.0,,stalled-cycles-frontend:u,stalled-cycles-frontend,6209058.0,61.0,75.1,frontend cycles idle,ok
934.775042,2586057.0,,instructions:u,instructions,5460882.0,74.0,0.58,insn per cycle,ok
934.775042,nan,,,,nan,nan,1.05,stalled cycles per insn,unknown
934.775042,4468644.0,,cycles:u,cycles,7473618.0,83.0,nan,,ok
934.775042,454338.0,,branches:u,branches,8745405.0,93.0,nan,,ok
934.775042,29020.0,,branch-misses:u,branch-misses,8738720.0,93.0,6.39,of all branches,ok
934.775042,921405.0,,L1-dcache-loads:u,l1-dcache-loads,6813235.0,72.0,nan,,ok
934.775042,116725.0,,cache-references:u,cache-references,3900188.0,41.0,nan,,ok
934.775042,17907.0,,cache-misses:u,cache-misses,1878834.0,21.0,15.34,of all cache refs,ok
934.775042,2720182.0,,stalled-cycles-frontend:u,stalled-cycles-frontend,2506318.0,38.0,60.87,frontend cycles idle,ok
945.2471300000001,911255.0,,instructions:u,instructions,1117145.0,25.0,0.3,insn per cycle,ok
945.2471300000001,nan,,,,nan,nan,2.18,stalled cycles per insn,unknown
945.2471300000001,3038884.0,,cycles:u,cycles,427060.0,9.0,nan,,ok
945.2471300000001,677488.0,,branches:u,branches,2472579.0,37.0,nan,,ok
945.2471300000001,34300.0,,branch-misses:u,branch-misses,5505913.0,66.0,5.06,of all branches,ok
945.2471300000001,1384403.0,,L1-dcache-loads:u,l1-dcache-loads,7158291.0,79.0,nan,,ok
945.2471300000001,142282.0,,cache-references:u,cache-references,8925098.0,100.0,nan,,ok
945.2471300000001,19906.0,,cache-misses:u,cache-misses,9621650.0,96.0,13.99,of all cache refs,ok
945.2471300000001,1986841.0,,stalled-cycles-frontend:u,stalled-cycles-frontend,1117145.0,13.0,65.38,frontend cycles idle,ok
955.713703,1914052.0,,instructions:u,instructions,2037430.0,21.0,0.9,insn per cycle,ok
955.713703,nan,,,,nan,nan,1.02,stalled cycles per insn,unknown
955.713703,2123556.0,,cycles:u,cycles,458175.0,5.0,nan,,ok
955.713703,121475.0,,branches:u,branches,458175.0,8.0,nan,,ok
955.713703,38110.0,,branch-misses:u,branch-misses,1612906.0,26.0,31.37,of all branches,ok
955.713703,1703536.0,,L1-dcache-loads:u,l1-dcache-loads,3854636.0,58.0,nan,,ok
955.713703,128944.0,,cache-references:u,cache-references,7371257.0,100.0,nan,,ok
955.713703,16317.0,,cache-misses:u,cache-misses,8950517.0,100.0,12.65,of all cache refs,ok
955.713703,1947854.0,,stalled-cycles-frontend:u,stalled-cycles-frontend,2037430.0,21.0,91.73,frontend cycles idle,ok
966.19582,3060059.0,,instructions:u,instructions,7505265.0,82.0,0.6,insn per cycle,ok
966.19582,nan,,,,nan,nan,0.61,stalled cycles per insn,unknown
966.19582,5072787.0,,cycles:u,cycles,7123388.0,71.0,nan,,ok
966.19582,605469.0,,branches:u,branches,7478397.0,75.0,nan,,ok
966.19582,36512.0,,branch-misses:u,branch-misses,7485069.0,75.0,6.03,of all branches,ok
966.19582,931779.0,,L1-dcache-loads:u,l1-dcache-loads,4516748.0,45.0,nan,,ok
966.19582,135837.0,,cache-references:u,cache-references,2453979.0,26.0,nan,,ok
966.19582,16217.0,,cache-misses:u,cache-misses,2836108.0,37.0,11.94,of all cache refs,ok
966.19582,1877129.0,,stalled-cycles-frontend:u,stalled-cycles-frontend,4990519.0,65.0,37.0,frontend cycles idle,ok
976.670186,2646172.0,,instructions:u,instructions,1575573.0,58.0,0.68,insn per cycle,ok
976.670186,nan,,,,nan,nan,0.52,stalled cycles per insn,unknown
976.670186,3882905.0,,cycles:u,cycles,3887823.0,82.0,nan,,ok
976.670186,680130.0,,branches:u,branches,7930347.0,100.0,nan,,ok
976.670186,37540.0,,branch-misses:u,branch-misses,9807035.0,100.0,5.52,of all branches,ok
976.670186,1528657.0,,L1-dcache-loads:u,l1-dcache-loads,10121353.0,99.0,nan,,ok
976.670186,139701.0,,cache-references:u,cache-references,8615524.0,84.0,nan,,ok
976.670186,13747.0,,cache-misses:u,cache-misses,6303182.0,61.0,9.84,of all cache refs,ok
976.670186,1376950.0,,stalled-cycles-frontend:u,stalled-cycles-frontend,69735.0,0.0,35.46,frontend cycles idle,ok
987.158507,1021917.0,,instructions:u,instructions,1219719.0,18.0,nan,,ok
987.158507,nan,,,,nan,nan,1.36,stalled cycles per insn,unknown
987.158507,nan,,cycles:u,cycles,0.0,0.0,nan,,ok
987.158507,21799.0,,branches:u,branches,328806.0,11.0,nan,,ok
987.158507,17167.0,,branch-misses:u,branch-misses,2733352.0,54.0,78.75,of all branches,ok
987.158507,1078653.0,,L1-dcache-loads:u,l1-dcache-loads,5491878.0,80.0,nan,,ok
987.158507,132474.0,,cache-references:u,cache-references,8185270.0,96.0,nan,,ok
987.158507,16601.0,,cache-misses:u,cache-misses,9428920.0,100.0,12.53,of all cache refs,ok
987.158507,1387390.0,,stalled-cycles-frontend:u,stalled-cycles-frontend,1250282.0,14.0,nan,,ok
997.6218230000001,1968833.0,,instructions:u,instructions,6024325.0,60.0,0.42,insn per cycle,ok
997.6218230000001,nan,,,,nan,nan,0.92,stalled cycles per insn,unknown
997.6218230000001,4661165.0,,cycles:u,cycles,3903310.0,39.0,nan,,ok
997.6218230000001,441932.0,,branches:u,branches,3903310.0,39.0,nan,,ok
997.6218230000001,32079.0,,branch-misses:u,branch-misses,3903310.0,39.0,7.26,of all branches,ok
997.6218230000001,2225983.0,,L1-dcache-loads:u,l1-dcache-loads,2877181.0,28.0,nan,,ok
997.6218230000001,201386.0,,cache-references:u,cache-references,3986051.0,43.0,nan,,ok
997.6218230000001,15044.0,,cache-misses:u,cache-misses,6083394.0,100.0,7.47,of all cache refs,ok
997.6218230000001,1812040.0,,stalled-cycles-frontend:u,stalled-cycles-frontend,5090656.0,56.0,38.88,frontend cycles idle,ok
1008.102812,2759233.0,,instructions:u,instructions,7384715.0,80.0,0.56,insn per cycle,ok
1008.102812,nan,,,,nan,nan,0.73,stalled cycles per insn,unknown
1008.102812,4938703.0,,cycles:u,cycles,5651163.0,55.0,nan,,ok
1008.102812,555723.0,,branches:u,branches,5657908.0,55.0,nan,,ok
1008.102812,32312.0,,branch-misses:u,branch-misses,5664557.0,55.0,5.81,of all branches,ok
1008.102812,1223850.0,,L1-dcache-loads:u,l1-dcache-loads,3240729.0,34.0,nan,,ok
1008.102812,142025.0,,cache-references:u,cache-references,2765745.0,36.0,nan,,ok
1008.102812,16007.0,,cache-misses:u,cache-misses,4466282.0,52.0,11.27,of all cache refs,ok
1008.102812,2023176.0,,stalled-cycles-frontend:u,stalled-cycles-frontend,5555821.0,66.0,40.97,frontend cycles idle,ok
1018.5721830000001,2432023.0,,instructions:u,instructions,4081739.0,72.0,0.57,insn per cycle,ok
1018.5721830000001,nan,,,,nan,nan,1.46,stalled cycles per insn,unknown
1018.5721830000001,4234412.0,,cycles:u,cycles,6289753.0,89.0,nan,,ok
1018.5721830000001,637278.0,,branches:u,branches,9025211.0,100.0,nan,,ok
1018.5721830000001,35078.0,,branch-misses:u,branch-misses,9320047.0,100.0,5.5,of all branches,ok
1018.5721830000001,843232.0,,L1-dcache-loads:u,l1-dcache-loads,7243135.0,77.0,nan,,ok
1018.5721830000001,112892.0,,cache-references:u,cache-references,5239786.0,56.0,nan,,ok
1018.5721830000001,16358.0,,cache-misses:u,cache-misses,3064411.0,32.0,14.49,of all cache refs,ok
1018.5721830000001,3560434.0,,stalled-cycles-frontend:u,stalled-cycles-frontend,2077533.0,23.0,84.08,frontend cycles idle,ok
1029.058365,1519903.0,,instructions:u,instructions,1685845.0,59.0,0.34,insn per cycle,ok
1029.058365,nan,,,,nan,nan,3.12,stalled cycles per insn,unknown
1029.058365,4452446.0,,cycles:u,cycles,5426139.0,96.0,nan,,ok
1029.058365,695183.0,,branches:u,branches,7717358.0,100.0,nan,,ok
1029.058365,34747.0,,branch-misses:u,branch-misses,9020353.0,100.0,5.0,of all branches,ok
1029.058365,1366204.0,,L1-dcache-loads:u,l1-dcache-loads,9460853.0,94.0,nan,,ok
1029.058365,155676.0,,cache-references:u,cache-references,8388157.0,83.0,nan,,ok
1029.058365,11181.0,,cache-misses:u,cache-misses,4648029.0,46.0,7.18,of all cache refs,ok
1029.058365,4745115.0,,stalled-cycles-frontend:u,stalled-cycles-frontend,526979.0,6.0,106.57,frontend cycles idle,ok
1039.5317690000002,nan,,instructions:u,instructions,0.0,0.0,nan,,ok
1039.5317690000002,5138815.0,,cycles:u,cycles,1282877.0,34.0,nan,,ok
1039.5317690000002,483871.0,,branches:u,branches,4070166.0,73.0,nan,,ok
1039.5317690000002,26162.0,,branch-misses:u,branch-misses,7168157.0,100.0,5.41,of all branches,ok
1039.5317690000002,1263582.0,,L1-dcache-loads:u,l1-dcache-loads,9171108.0,100.0,nan,,ok
1039.5317690000002,150070.0,,cache-references:u,cache-references,9962685.0,100.0,nan,,ok
1039.5317690000002,13392.0,,cache-misses:u,cache-misses,8679543.0,87.0,8.92,of all cache refs,ok
1039.5317690000002,nan,,stalled-cycles-frontend:u,stalled-cycles-frontend,0.0,0.0,nan,,ok
1049.983111,1747122.0,,instructions:u,instructions,4489767.0,53.0,0.5,insn per cycle,ok
1049.983111,nan,,,,nan,nan,0.93,stalled cycles per insn,unknown
1049.983111,3521797.0,,cycles:u,cycles,2753477.0,32.0,nan,,ok
1049.983111,401769.0,,branches:u,branches,3092190.0,36.0,nan,,ok
1049.983111,32874.0,,branch-misses:u,branch-misses,3662209.0,41.0,8.18,of all branches,ok
1049.983111,1038534.0,,L1-dcache-loads:u,l1-dcache-loads,3871607.0,45.0,nan,,ok
1049.983111,139077.0,,cache-references:u,cache-references,4937702.0,63.0,nan,,ok
1049.983111,16844.0,,cache-misses:u,cache-misses,6675977.0,78.0,12.11,of all cache refs,ok
1049.983111,1625594.0,,stalled-cycles-frontend:u,stalled-cycles-frontend,3491054.0,45.0,46.16,frontend cycles idle,ok
1060.444721,2653828.0,,instructions:u,instructions,8221679.0,84.0,0.54,insn per cycle,ok
1060.444721,nan,,,,nan,nan,0.74,stalled cycles per insn,unknown
1060.444721,4948335.0,,cycles:u,cycles,6204550.0,61.0,nan,,ok
1060.444721,629346.0,,branches:u,branches,6210667.0,61.0,nan,,ok
1060.444721,34264.0,,branch-misses:u,branch-misses,6217223.0,61.0,5.44,of all branches,ok
1060.444721,1090459.0,,L1-dcache-loads:u,l1-dcache-loads,2583918.0,25.0,nan,,ok
1060.444721,278267.0,,cache-references:u,cache-references,1867241.0,19.0,nan,,ok
1060.444721,21189.0,,cache-misses:u,cache-misses,3883736.0,52.0,7.61,of all cache refs,ok
1060.444721,1961572.0,,stalled-cycles-frontend:u,stalled-cycles-frontend,6017352.0,73.0,39.64,frontend cycles idle,ok
1070.912386,2360109.0,,instructions:u,instructions,2556579.0,57.0,0.6,insn per cycle,ok
1070.912386,nan,,,,nan,nan,0.58,stalled cycles per insn,unknown
1070.912386,3950708.0,,cycles:u,cycles,5379349.0,85.0,nan,,ok
1070.912386,497998.0,,branches:u,branches,7906217.0,99.0,nan,,ok
1070.912386,31844.0,,branch-misses:u,branch-misses,8972522.0,100.0,6.39,of all branches,ok
1070.912386,1145226.0,,L1-dcache-loads:u,l1-dcache-loads,9141345.0,98.0,nan,,ok
1070.912386,106332.0,,cache-references:u,cache-references,6738910.0,72.0,nan,,ok
1070.912386,13003.0,,cache-misses:u,cache-misses,3915546.0,42.0,12.23,of all cache refs,ok
1070.912386,1358238.0,,stalled-cycles-frontend:u,stalled-cycles-frontend,120067.0,1.0,34.38,frontend cycles idle,ok
1081.380809,1728810.0,,instructions:u,instructions,716961.0,50.0,0.74,insn per cycle,ok
1081.380809,2344081.0,,cycles:u,cycles,2033940.0,74.0,nan,,ok
1081.380809,536800.0,,branches:u,branches,4949686.0,90.0,nan,,ok
1081.380809,33296.0,,branch-misses:u,branch-misses,8134272.0,100.0,6.2,of all branches,ok
1081.380809,1481278.0,,L1-dcache-loads:u,l1-dcache-loads,9269287.0,100.0,nan,,ok
1081.380809,160537.0,,cache-references:u,cache-references,9411577.0,92.0,nan,,ok
1081.380809,18390.0,,cache-misses:u,cache-misses,8094134.0,79.0,11.46,of all cache refs,ok
1081.380809,nan,,stalled-cycles-frontend:u,stalled-cycles-frontend,0.0,0.0,nan,,ok
1091.8144590000002,1954970.0,,instructions:u,instructions,4223586.0,42.0,0.47,insn per cycle,ok
1091.8144590000002,nan,,,,nan,nan,0.86,stalled cycles per insn,unknown
1091.8144590000002,4119067.0,,cycles:u,cycles,1592021.0,15.0,nan,,ok
1091.8144590000002,400655.0,,branches:u,branches,1592021.0,15.0,nan,,ok
1091.8144590000002,23396.0,,branch-misses:u,branch-misses,2074567.0,20.0,5.84,of all branches,ok
1091.8144590000002,2399111.0,,L1-dcache-loads:u,l1-dcache-loads,3355217.0,34.0,nan,,ok
1091.8144590000002,141646.0,,cache-references:u,cache-references,5746960.0,68.0,nan,,ok
1091.8144590000002,14019.0,,cache-misses:u,cache-misses,8404708.0,99.0,9.9,of all cache refs,ok
1091.8144590000002,1685875.0,,stalled-cycles-frontend:u,stalled-cycles-frontend,3877694.0,40.0,40.93,frontend cycles idle,ok
1102.31773,2964311.0,,instructions:u,instructions,5074658.0,65.0,0.6,insn per cycle,ok
1102.31773,nan,,,,nan,nan,0.78,stalled cycles per insn,unknown
1102.31773,4961688.0,,cycles:u,cycles,6682781.0,77.0,nan,,ok
1102.31773,641892.0,,branches:u,branches,8343091.0,88.0,nan,,ok
1102.31773,33882.0,,branch-misses:u,branch-misses,8820177.0,93.0,5.28,of all branches,ok
1102.31773,1178558.0,,L1-dcache-loads:u,l1-dcache-loads,6681258.0,70.0,nan,,ok
1102.31773,122603.0,,cache-references:u,cache-references,4365645.0,50.0,nan,,ok
1102.31773,19063.0,,cache-misses:u,cache-misses,2730693.0,35.0,15.55,of all cache refs,ok
1102.31773,2314001.0,,stalled-cycles-frontend:u,stalled-cycles-frontend,2339824.0,29.0,46.64,frontend cycles idle,ok
1112.78626,2675115.0,,instructions:u,instructions,1308046.0,49.0,0.69,insn per cycle,ok
1112.78626,3901589.0,,cycles:u,cycles,3728661.0,79.0,nan,,ok
1112.78626,719020.0,,branches:u,branches,7313177.0,100.0,nan,,ok
1112.78626,36294.0,,branch-misses:u,branch-misses,9416155.0,100.0,5.05,of all branches,ok
1112.78626,1551886.0,,L1-dcache-loads:u,l1-dcache-loads,10179326.0,100.0,nan,,ok
1112.78626,144543.0,,cache-references:u,cache-references,8871650.0,87.0,nan,,ok
1112.78626,13343.0,,cache-misses:u,cache-misses,6451219.0,63.0,9.23,of all cache refs,ok
1112.78626,nan,,stalled-cycles-frontend:u,stalled-cycles-frontend,0.0,0.0,nan,,ok
1123.244498,0.0,,instructions:u,instructions,187785.0,1.0,nan,,ok
1123.244498,nan,,cycles:u,cycles,0.0,0.0,nan,,ok
1123.244498,522215.0,,branches:u,branches,1116929.0,30.0,nan,,ok
1123.244498,23467.0,,branch-misses:u,branch-misses,4211914.0,75.0,4.49,of all branches,ok
1123.244498,1050340.0,,L1-dcache-loads:u,l1-dcache-loads,6847193.0,94.0,nan,,ok
1123.244498,144779.0,,cache-references:u,cache-references,9242833.0,100.0,nan,,ok
1123.244498,16596.0,,cache-misses:u,cache-misses,9430874.0,100.0,11.46,of all cache refs,ok
1123.244498,0.0,,stalled-cycles-frontend:u,stalled-cycles-frontend,187785.0,1.0,nan,,ok
1133.664891,2068189.0,,instructions:u,instructions,4733781.0,47.0,0.5,insn per cycle,ok
1133.664891,nan,,,,nan,nan,1.01,stalled cycles per insn,unknown
1133.664891,4099195.0,,cycles:u,cycles,2086587.0,22.0,nan,,ok
1133.664891,266766.0,,branches:u,branches,2092879.0,35.0,nan,,ok
1133.664891,28050.0,,branch-misses:u,branch-misses,2690348.0,41.0,10.51,of all branches,ok
1133.664891,1301602.0,,L1-dcache-loads:u,l1-dcache-loads,2827558.0,39.0,nan,,ok
1133.664891,132609.0,,cache-references:u,cache-references,5229115.0,66.0,nan,,ok
1133.664891,18807.0,,cache-misses:u,cache-misses,7885404.0,82.0,14.18,of all cache refs,ok
1133.664891,2086613.0,,stalled-cycles-frontend:u,stalled-cycles-frontend,3913250.0,39.0,50.9,frontend cycles idle,ok
1144.170749,2231299.0,,instructions:u,instructions,7593953.0,76.0,0.56,insn per cycle,ok
1144.170749,nan,,,,nan,nan,0.82,stalled cycles per insn,unknown
1144.170749,3984709.0,,cycles:u,cycles,4792267.0,47.0,nan,,ok
1144.170749,409601.0,,branches:u,branches,4792938.0,47.0,nan,,ok
1144.170749,30665.0,,branch-misses:u,branch-misses,4793637.0,47.0,7.49,of all branches,ok
1144.170749,929625.0,,L1-dcache-loads:u,l1-dcache-loads,1918003.0,19.0,nan,,ok
1144.170749,262812.0,,cache-references:u,cache-references,2442228.0,26.0,nan,,ok
1144.170749,16696.0,,cache-misses:u,cache-misses,5236435.0,71.0,6.35,of all cache refs,ok
1144.170749,1834101.0,,stalled-cycles-frontend:u,stalled-cycles-frontend,5886642.0,72.0,46.03,frontend cycles idle,ok
1154.644589,2701562.0,,instructions:u,instructions,5069172.0,75.0,0.55,insn per cycle,ok
1154.644589,nan,,,,nan,nan,0.7,stalled cycles per insn,unknown
1154.644589,4908775.0,,cycles:u,cycles,7555568.0,90.0,nan,,ok
1154.644589,649824.0,,branches:u,branches,9107050.0,98.0,nan,,ok
1154.644589,33559.0,,branch-misses:u,branch-misses,9109262.0,98.0,5.16,of all branches,ok
1154.644589,1150278.0,,L1-dcache-loads:u,l1-dcache-loads,7084084.0,76.0,nan,,ok
1154.644589,114083.0,,cache-references:u,cache-references,4261610.0,45.0,nan,,ok
1154.644589,12772.0,,cache-misses:u,cache-misses,1776579.0,21.0,11.2,of all cache refs,ok
1154.644589,1887896.0,,stalled-cycles-frontend:u,stalled-cycles-frontend,2195878.0,32.0,38.46,frontend cycles idle,ok
1165.276298,1529347.0,,instructions:u,instructions,1278528.0,70.0,0.46,insn per cycle,ok
1165.276298,3350856.0,,cycles:u,cycles,3819854.0,100.0,nan,,ok
1165.276298,567127.0,,branches:u,branches,5766975.0,100.0,nan,,ok
1165.276298,33806.0,,branch-misses:u,branch-misses,8518137.0,100.0,5.96,of all branches,ok
1165.276298,1486792.0,,L1-dcache-loads:u,l1-dcache-loads,10265663.0,100.0,nan,,ok
1165.276298,146216.0,,cache-references:u,cache-references,8986139.0,87.0,nan,,ok
1165.276298,16236.0,,cache-misses:u,cache-misses,6399098.0,62.0,11.1,of all cache refs,ok
1165.276298,nan,,stalled-cycles-frontend:u,stalled-cycles-frontend,0.0,0.0,nan,,ok
1175.867473,nan,,instructions:u,instructions,0.0,0.0,nan,,ok
1175.867473,3453546.0,,cycles:u,cycles,1795425.0,57.0,nan,,ok
1175.867473,547892.0,,branches:u,branches,4054714.0,79.0,nan,,ok
1175.867473,24924.0,,branch-misses:u,branch-misses,6678776.0,99.0,4.55,of all branches,ok
1175.867473,1289692.0,,L1-dcache-loads:u,l1-dcache-loads,8710760.0,100.0,nan,,ok
1175.867473,151456.0,,cache-references:u,cache-references,9543880.0,100.0,nan,,ok
1175.867473,12028.0,,cache-misses:u,cache-misses,7793254.0,81.0,7.94,of all cache refs,ok
1175.867473,nan,,stalled-cycles-frontend:u,stalled-cycles-frontend,0.0,0.0,nan,,ok
1186.355396,1554351.0,,instructions:u,instructions,3198901.0,42.0,0.41,insn per cycle,ok
1186.355396,nan,,,,nan,nan,1.14,stalled cycles per insn,unknown
1186.355396,3811708.0,,cycles:u,cycles,1565407.0,20.0,nan,,ok
1186.355396,372799.0,,branches:u,branches,1572948.0,20.0,nan,,ok
1186.355396,32222.0,,branch-misses:u,branch-misses,1995546.0,26.0,8.64,of all branches,ok
1186.355396,1895677.0,,L1-dcache-loads:u,l1-dcache-loads,4181759.0,44.0,nan,,ok
1186.355396,165611.0,,cache-references:u,cache-references,6741697.0,67.0,nan,,ok
1186.355396,16996.0,,cache-misses:u,cache-misses,8377019.0,93.0,10.26,of all cache refs,ok
1186.355396,1776717.0,,stalled-cycles-frontend:u,stalled-cycles-frontend,3205598.0,34.0,46.61,frontend cycles idle,ok
1196.8606289999998,3427356.0,,instructions:u,instructions,5211698.0,55.0,0.65,insn per cycle,ok
1196.8606289999998,nan,,,,nan,nan,0.65,stalled cycles per insn,unknown
1196.8606289999998,5268847.0,,cycles:u,cycles,4423816.0,45.0,nan,,ok
1196.8606289999998,500862.0,,branches:u,branches,4425432.0,61.0,nan,,ok
1196.8606289999998,25947.0,,branch-misses:u,branch-misses,4428005.0,61.0,5.18,of all branches,ok
1196.8606289999998,1051244.0,,L1-dcache-loads:u,l1-dcache-loads,3514346.0,44.0,nan,,ok
1196.8606289999998,160400.0,,cache-references:u,cache-references,5032425.0,53.0,nan,,ok
1196.8606289999998,17912.0,,cache-misses:u,cache-misses,5826150.0,67.0,11.17,of all cache refs,ok
1196.8606289999998,2242122.0,,stalled-cycles-frontend:u,stalled-cycles-frontend,4101055.0,49.0,42.55,frontend cycles idle,ok
1207.5076709999998,2142219.0,,instructions:u,instructions,5381428.0,100.0,0.54,insn per cycle,ok
1207.5076709999998,nan,,,,nan,nan,1.59,stalled cycles per insn,unknown
1207.5076709999998,3948457.0,,cycles:u,cycles,6981686.0,100.0,nan,,ok
1207.5076709999998,642447.0,,branches:u,branches,8981499.0,100.0,nan,,ok
1207.5076709999998,32909.0,,branch-misses:u,branch-misses,9571618.0,100.0,5.12,of all branches,ok
1207.5076709999998,852856.0,,L1-dcache-loads:u,l1-dcache-loads,6814842.0,71.0,nan,,ok
1207.5076709999998,105160.0,,cache-references:u,cache-references,4193643.0,43.0,nan,,ok
1207.5076709999998,17958.0,,cache-misses:u,cache-misses,2590479.0,27.0,17.08,of all cache refs,ok
1207.5076709999998,3404797.0,,stalled-cycles-frontend:u,stalled-cycles-frontend,2757443.0,30.0,86.23,frontend cycles idle,ok
1218.145192,1299123.0,,instructions:u,instructions,2765161.0,91.0,0.36,insn per cycle,ok
1218.145192,nan,,,,nan,nan,3.44,stalled cycles per insn,unknown
1218.145192,3652522.0,,cycles:u,cycles,5655546.0,100.0,nan,,ok
1218.145192,566483.0,,branches:u,branches,7486022.0,100.0,nan,,ok
1218.145192,33504.0,,branch-misses:u,branch-misses,9107613.0,100.0,5.91,of all branches,ok
1218.145192,1280662.0,,L1-dcache-loads:u,l1-dcache-loads,9680616.0,95.0,nan,,ok
1218.145192,147951.0,,cache-references:u,cache-references,7469249.0,73.0,nan,,ok
1218.145192,15577.0,,cache-misses:u,cache-misses,4524581.0,47.0,10.53,of all cache refs,ok
1218.145192,4464703.0,,stalled-cycles-frontend:u,stalled-cycles-frontend,407292.0,5.0,122.24,frontend cycles idle,ok
1228.769401,nan,,instructions:u,instructions,0.0,0.0,nan,,ok
1228.769401,4375827.0,,cycles:u,cycles,1369368.0,46.0,nan,,ok
1228.769401,640384.0,,branches:u,branches,3719766.0,75.0,nan,,ok
1228.769401,26202.0,,branch-misses:u,branch-misses,5608284.0,85.0,4.09,of all branches,ok
1228.769401,1477257.0,,L1-dcache-loads:u,l1-dcache-loads,8541324.0,100.0,nan,,ok
1228.769401,161961.0,,cache-references:u,cache-references,9565986.0,100.0,nan,,ok
1228.769401,14504.0,,cache-misses:u,cache-misses,8246567.0,86.0,8.96,of all cache refs,ok
1228.769401,nan,,stalled-cycles-frontend:u,stalled-cycles-frontend,0.0,0.0,nan,,ok
1239.258245,1777463.0,,instructions:u,instructions,5801305.0,58.0,0.5,insn per cycle,ok
1239.258245,nan,,,,nan,nan,0.99,stalled cycles per insn,unknown
1239.258245,3587997.0,,cycles:u,cycles,3173371.0,34.0,nan,,ok
1239.258245,286795.0,,branches:u,branches,3184205.0,42.0,nan,,ok
1239.258245,22636.0,,branch-misses:u,branch-misses,3197946.0,43.0,7.89,of all branches,ok
1239.258245,724932.0,,L1-dcache-loads:u,l1-dcache-loads,1899100.0,25.0,nan,,ok
1239.258245,170271.0,,cache-references:u,cache-references,4151886.0,44.0,nan,,ok
1239.258245,18955.0,,cache-misses:u,cache-misses,6783271.0,68.0,11.13,of all cache refs,ok
1239.258245,1767270.0,,stalled-cycles-frontend:u,stalled-cycles-frontend,4377268.0,49.0,49.26,frontend cycles idle,ok
1249.891225,2946512.0,,instructions:u,instructions,7409449.0,86.0,0.57,insn per cycle,ok
1249.891225,nan,,,,nan,nan,0.51,stalled cycles per insn,unknown
1249.891225,5209065.0,,cycles:u,cycles,6977459.0,67.0,nan,,ok
1249.891225,646949.0,,branches:u,branches,6975470.0,67.0,nan,,ok
1249.891225,37444.0,,branch-misses:u,branch-misses,6971001.0,67.0,5.79,of all branches,ok
1249.891225,1017810.0,,L1-dcache-loads:u,l1-dcache-loads,4175770.0,40.0,nan,,ok
1249.891225,222458.0,,cache-references:u,cache-references,2903465.0,28.0,nan,,ok
1249.891225,22933.0,,cache-misses:u,cache-misses,3335092.0,38.0,10.31,of all cache refs,ok
1249.891225,1511543.0,,stalled-cycles-frontend:u,stalled-cycles-frontend,4957774.0,79.0,29.02,frontend cycles idle,ok
1260.516648,10247304.0,,instructions:u,instructions,2752755.0,38.0,0.95,insn per cycle,ok
1260.516648,nan,,,,nan,nan,0.44,stalled cycles per insn,unknown
1260.516648,10757371.0,,cycles:u,cycles,4778744.0,59.0,nan,,ok
1260.516648,1963264.0,,branches:u,branches,6744038.0,74.0,nan,,ok
1260.516648,59698.0,,branch-misses:u,branch-misses,8762528.0,94.0,3.04,of all branches,ok
1260.516648,2900464.0,,L1-dcache-loads:u,l1-dcache-loads,8454585.0,91.0,nan,,ok
1260.516648,191601.0,,cache-references:u,cache-references,6540707.0,70.0,nan,,ok
1260.516648,13614.0,,cache-misses:u,cache-misses,4502631.0,48.0,7.11,of all cache refs,ok
1260.516648,4484562.0,,stalled-cycles-frontend:u,stalled-cycles-frontend,799622.0,8.0,41.69,frontend cycles idle,ok
1271.137921,2441500.0,,instructions:u,instructions,3636181.0,41.0,0.42,insn per cycle,ok
1271.137921,nan,,,,nan,nan,0.53,stalled cycles per insn,unknown
1271.137921,5754708.0,,cycles:u,cycles,2543620.0,28.0,nan,,ok
1271.137921,714605.0,,branches:u,branches,3000470.0,34.0,nan,,ok
1271.137921,38838.0,,branch-misses:u,branch-misses,4040011.0,45.0,5.43,of all branches,ok
1271.137921,1227425.0,,L1-dcache-loads:u,l1-dcache-loads,4198213.0,48.0,nan,,ok
1271.137921,126996.0,,cache-references:u,cache-references,5526562.0,66.0,nan,,ok
1271.137921,16175.0,,cache-misses:u,cache-misses,6585320.0,73.0,12.74,of all cache refs,ok
1271.137921,1301195.0,,stalled-cycles-frontend:u,stalled-cycles-frontend,2639121.0,29.0,22.61,frontend cycles idle,ok
1281.698608,1115470.0,,instructions:u,instructions,6164553.0,90.0,0.19,insn per cycle,ok
1281.698608,nan,,,,nan,nan,2.1,stalled cycles per insn,unknown
1281.698608,5873230.0,,cycles:u,cycles,5636188.0,63.0,nan,,ok
1281.698608,817609.0,,branches:u,branches,6748510.0,67.0,nan,,ok
1281.698608,45981.0,,branch-misses:u,branch-misses,7003962.0,68.0,5.62,of all branches,ok
1281.698608,1920473.0,,L1-dcache-loads:u,l1-dcache-loads,5181062.0,50.0,nan,,ok
1281.698608,155245.0,,cache-references:u,cache-references,4054454.0,39.0,nan,,ok
1281.698608,25349.0,,cache-misses:u,cache-misses,4659402.0,45.0,16.33,of all cache refs,ok
1281.698608,2342425.0,,stalled-cycles-frontend:u,stalled-cycles-frontend,4486931.0,45.0,39.88,frontend cycles idle,ok
1292.263253,2013604.0,,instructions:u,instructions,4953202.0,47.0,0.41,insn per cycle,ok
1292.263253,nan,,,,nan,nan,1.82,stalled cycles per insn,unknown
1292.263253,4893170.0,,cycles:u,cycles,5232104.0,50.0,nan,,ok
1292.263253,619938.0,,branches:u,branches,6210077.0,60.0,nan,,ok
1292.263253,23609.0,,branch-misses:u,branch-misses,7221117.0,69.0,3.81,of all branches,ok
1292.263253,1701790.0,,L1-dcache-loads:u,l1-dcache-loads,6237459.0,60.0,nan,,ok
1292.263253,178074.0,,cache-references:u,cache-references,5435171.0,52.0,nan,,ok
1292.263253,27252.0,,cache-misses:u,cache-misses,5073596.0,49.0,15.3,of all cache refs,ok
1292.263253,3664275.0,,stalled-cycles-frontend:u,stalled-cycles-frontend,3089293.0,29.0,74.89,frontend cycles idle,ok
1302.885724,2015648.0,,instructions:u,instructions,5263224.0,51.0,0.35,insn per cycle,ok
1302.885724,nan,,,,nan,nan,1.41,stalled cycles per insn,unknown
1302.885724,5797245.0,,cycles:u,cycles,2710648.0,26.0,nan,,ok
1302.885724,625952.0,,branches:u,branches,3705404.0,36.0,nan,,ok
1302.885724,33810.0,,branch-misses:u,branch-misses,5070258.0,49.0,5.4,of all branches,ok
1302.885724,1767198.0,,L1-dcache-loads:u,l1-dcache-loads,4991158.0,48.0,nan,,ok
1302.885724,185400.0,,cache-references:u,cache-references,4985693.0,48.0,nan,,ok
1302.885724,43988.0,,cache-misses:u,cache-misses,7532495.0,73.0,23.73,of all cache refs,ok
1302.885724,2837271.0,,stalled-cycles-frontend:u,stalled-cycles-frontend,4263658.0,41.0,48.94,frontend cycles idle,ok
1313.532929,3520480.0,,instructions:u,instructions,2977824.0,28.0,0.56,insn per cycle,ok
1313.532929,nan,,,,nan,nan,0.57,stalled cycles per insn,unknown
1313.532929,6249746.0,,cycles:u,cycles,3911495.0,36.0,nan,,ok
1313.532929,628508.0,,branches:u,branches,5891774.0,55.0,nan,,ok
1313.532929,59557.0,,branch-misses:u,branch-misses,7609067.0,71.0,9.48,of all branches,ok
1313.532929,734007.0,,L1-dcache-loads:u,l1-dcache-loads,7637129.0,71.0,nan,,ok
1313.532929,88251.0,,cache-references:u,cache-references,7632827.0,71.0,nan,,ok
1313.532929,373.0,,cache-misses:u,cache-misses,6755540.0,63.0,0.42,of all cache refs,ok
1313.532929,1999092.0,,stalled-cycles-frontend:u,stalled-cycles-frontend,1973509.0,18.0,31.99,frontend cycles idle,ok
1324.107777,2706479.0,,instructions:u,instructions,3250078.0,30.0,0.41,insn per cycle,ok
1324.107777,nan,,,,nan,nan,0.8,stalled cycles per insn,unknown
1324.107777,6581665.0,,cycles:u,cycles,2979340.0,28.0,nan,,ok
1324.107777,600592.0,,branches:u,branches,3975176.0,37.0,nan,,ok
1324.107777,39911.0,,branch-misses:u,branch-misses,5252740.0,49.0,6.65,of all branches,ok
1324.107777,2021772.0,,L1-dcache-loads:u,l1-dcache-loads,6265360.0,59.0,nan,,ok
1324.107777,132107.0,,cache-references:u,cache-references,7256672.0,68.0,nan,,ok
1324.107777,12889.0,,cache-misses:u,cache-misses,7571867.0,71.0,9.76,of all cache refs,ok
1324.107777,2155614.0,,stalled-cycles-frontend:u,stalled-cycles-frontend,2315154.0,21.0,32.75,frontend cycles idle,ok
1334.670035,9022673.0,,instructions:u,instructions,4787460.0,44.0,0.45,insn per cycle,ok
1334.670035,nan,,,,nan,nan,0.64,stalled cycles per insn,unknown
1334.670035,20137878.0,,cycles:u,cycles,4079659.0,37.0,nan,,ok
1334.670035,1724278.0,,branches:u,branches,5094452.0,46.0,nan,,ok
1334.670035,60958.0,,branch-misses:u,branch-misses,7074694.0,65.0,3.54,of all branches,ok
1334.670035,7199040.0,,L1-dcache-loads:u,l1-dcache-loads,6053446.0,55.0,nan,,ok
1334.670035,539744.0,,cache-references:u,cache-references,6054665.0,55.0,nan,,ok
1334.670035,34563.0,,cache-misses:u,cache-misses,6724204.0,61.0,6.4,of all cache refs,ok
1334.670035,5778294.0,,stalled-cycles-frontend:u,stalled-cycles-frontend,3847049.0,35.0,28.69,frontend cycles idle,ok
1345.405868,6127818.0,,instructions:u,instructions,7266779.0,55.0,0.29,insn per cycle,ok
1345.405868,nan,,,,nan,nan,1.1,stalled cycles per insn,unknown
1345.405868,20871247.0,,cycles:u,cycles,6598184.0,50.0,nan,,ok
1345.405868,1598402.0,,branches:u,branches,7629033.0,58.0,nan,,ok
1345.405868,117597.0,,branch-misses:u,branch-misses,8653485.0,66.0,7.36,of all branches,ok
1345.405868,6676239.0,,L1-dcache-loads:u,l1-dcache-loads,7098034.0,54.0,nan,,ok
1345.405868,1035421.0,,cache-references:u,cache-references,5845861.0,44.0,nan,,ok
1345.405868,33412.0,,cache-misses:u,cache-misses,6443506.0,48.0,3.23,of all cache refs,ok
1345.405868,6722418.0,,stalled-cycles-frontend:u,stalled-cycles-frontend,4800896.0,36.0,32.21,frontend cycles idle,ok
1356.162232,18973281.0,,instructions:u,instructions,9426577.0,45.0,0.44,insn per cycle,ok
1356.162232,nan,,,,nan,nan,0.83,stalled cycles per insn,unknown
1356.162232,43375142.0,,cycles:u,cycles,10478106.0,50.0,nan,,ok
1356.162232,3262250.0,,branches:u,branches,12794545.0,61.0,nan,,ok
1356.162232,291483.0,,branch-misses:u,branch-misses,14778726.0,71.0,8.94,of all branches,ok
1356.162232,9315953.0,,L1-dcache-loads:u,l1-dcache-loads,13418309.0,64.0,nan,,ok
1356.162232,1640594.0,,cache-references:u,cache-references,11445772.0,55.0,nan,,ok
1356.162232,48214.0,,cache-misses:u,cache-misses,10391489.0,49.0,2.94,of all cache refs,ok
1356.162232,15659644.0,,stalled-cycles-frontend:u,stalled-cycles-frontend,5316116.0,25.0,36.1,frontend cycles idle,ok
1366.8615200000002,9727982.0,,instructions:u,instructions,3001595.0,17.0,0.25,insn per cycle,ok
1366.8615200000002,nan,,,,nan,nan,0.94,stalled cycles per insn,unknown
1366.8615200000002,38926832.0,,cycles:u,cycles,3871060.0,22.0,nan,,ok
1366.8615200000002,2344547.0,,branches:u,branches,7555726.0,43.0,nan,,ok
1366.8615200000002,243389.0,,branch-misses:u,branch-misses,10863054.0,61.0,10.38,of all branches,ok
1366.8615200000002,7972913.0,,L1-dcache-loads:u,l1-dcache-loads,14378323.0,82.0,nan,,ok
1366.8615200000002,1476555.0,,cache-references:u,cache-references,14513827.0,82.0,nan,,ok
1366.8615200000002,44794.0,,cache-misses:u,cache-misses,13741024.0,78.0,3.03,of all cache refs,ok
1366.8615200000002,9137994.0,,stalled-cycles-frontend:u,stalled-cycles-frontend,2002245.0,11.0,23.47,frontend cycles idle,ok
1377.5444949999999,12207561.0,,instructions:u,instructions,5430579.0,40.0,0.41,insn per cycle,ok
1377.5444949999999,nan,,,,nan,nan,0.84,stalled cycles per insn,unknown
1377.5444949999999,29727025.0,,cycles:u,cycles,3703223.0,27.0,nan,,ok
1377.5444949999999,2459770.0,,branches:u,branches,4716104.0,34.0,nan,,ok
1377.5444949999999,158930.0,,branch-misses:u,branch-misses,5732670.0,42.0,6.46,of all branches,ok
1377.5444949999999,7764970.0,,L1-dcache-loads:u,l1-dcache-loads,5061098.0,37.0,nan,,ok
1377.5444949999999,1084980.0,,cache-references:u,cache-references,7905962.0,58.0,nan,,ok
1377.5444949999999,56196.0,,cache-misses:u,cache-misses,9700710.0,72.0,5.18,of all cache refs,ok
1377.5444949999999,10225517.0,,stalled-cycles-frontend:u,stalled-cycles-frontend,4630534.0,34.0,34.4,frontend cycles idle,ok
1388.261603,17214169.0,,instructions:u,instructions,6576843.0,36.0,0.48,insn per cycle,ok
1388.261603,nan,,,,nan,nan,0.71,stalled cycles per insn,unknown
1388.261603,36224698.0,,cycles:u,cycles,8428855.0,47.0,nan,,ok
1388.261603,2976859.0,,branches:u,branches,11283139.0,63.0,nan,,ok
1388.261603,269837.0,,branch-misses:u,branch-misses,13289095.0,74.0,9.06,of all branches,ok
1388.261603,8742279.0,,L1-dcache-loads:u,l1-dcache-loads,13058236.0,73.0,nan,,ok
1388.261603,1357422.0,,cache-references:u,cache-references,11396226.0,63.0,nan,,ok
1388.261603,69997.0,,cache-misses:u,cache-misses,9447012.0,53.0,5.16,of all cache refs,ok
1388.261603,12186244.0,,stalled-cycles-frontend:u,stalled-cycles-frontend,3368134.0,18.0,33.64,frontend cycles idle,ok
1398.791086,11585540.0,,instructions:u,instructions,6500998.0,44.0,0.37,insn per cycle,ok
1398.791086,nan,,,,nan,nan,1.05,stalled cycles per insn,unknown
1398.791086,31006983.0,,cycles:u,cycles,4503361.0,30.0,nan,,ok
1398.791086,1763076.0,,branches:u,branches,6089616.0,41.0,nan,,ok
1398.791086,244048.0,,branch-misses:u,branch-misses,8050651.0,55.0,13.84,of all branches,ok
1398.791086,6450979.0,,L1-dcache-loads:u,l1-dcache-loads,7486478.0,51.0,nan,,ok
1398.791086,1568173.0,,cache-references:u,cache-references,8057577.0,55.0,nan,,ok
1398.791086,59700.0,,cache-misses:u,cache-misses,10058129.0,69.0,3.81,of all cache refs,ok
1398.791086,12133050.0,,stalled-cycles-frontend:u,stalled-cycles-frontend,5502331.0,37.0,39.13,frontend cycles idle,ok
1409.296854,10781086.0,,instructions:u,instructions,7361030.0,42.0,0.29,insn per cycle,ok
1409.296854,nan,,,,nan,nan,1.03,stalled cycles per insn,unknown
1409.296854,36719612.0,,cycles:u,cycles,8358363.0,48.0,nan,,ok
1409.296854,2782138.0,,branches:u,branches,11258754.0,65.0,nan,,ok
1409.296854,281000.0,,branch-misses:u,branch-misses,12280571.0,70.0,10.1,of all branches,ok
1409.296854,8633108.0,,L1-dcache-loads:u,l1-dcache-loads,11244772.0,64.0,nan,,ok
1409.296854,1604308.0,,cache-references:u,cache-references,9931566.0,57.0,nan,,ok
1409.296854,27874.0,,cache-misses:u,cache-misses,8940735.0,51.0,1.74,of all cache refs,ok
1409.296854,11145417.0,,stalled-cycles-frontend:u,stalled-cycles-frontend,4122900.0,23.0,30.35,frontend cycles idle,ok
1419.8063789999999,18446469.0,,instructions:u,instructions,7523392.0,36.0,0.42,insn per cycle,ok
1419.8063789999999,nan,,,,nan,nan,0.71,stalled cycles per insn,unknown
1419.8063789999999,44125431.0,,cycles:u,cycles,8472400.0,40.0,nan,,ok
1419.8063789999999,3268847.0,,branches:u,branches,11278935.0,54.0,nan,,ok
1419.8063789999999,339161.0,,branch-misses:u,branch-misses,13891984.0,66.0,10.38,of all branches,ok
1419.8063789999999,10198604.0,,L1-dcache-loads:u,l1-dcache-loads,14296365.0,68.0,nan,,ok
1419.8063789999999,1697228.0,,cache-references:u,cache-references,13352180.0,64.0,nan,,ok
1419.8063789999999,31461.0,,cache-misses:u,cache-misses,12377447.0,59.0,1.85,of all cache refs,ok
1419.8063789999999,13053674.0,,stalled-cycles-frontend:u,stalled-cycles-frontend,4468601.0,21.0,29.58,frontend cycles idle,ok
1430.335462,22572459.0,,instructions:u,instructions,8490719.0,40.0,0.49,insn per cycle,ok
1430.335462,nan,,,,nan,nan,0.75,stalled cycles per insn,unknown
1430.335462,45828485.0,,cycles:u,cycles,6703296.0,31.0,nan,,ok
1430.335462,4231882.0,,branches:u,branches,9450093.0,45.0,nan,,ok
1430.335462,386559.0,,branch-misses:u,branch-misses,12411220.0,59.0,9.13,of all branches,ok
1430.335462,12381482.0,,L1-dcache-loads:u,l1-dcache-loads,11957882.0,57.0,nan,,ok
1430.335462,1663148.0,,cache-references:u,cache-references,12387030.0,59.0,nan,,ok
1430.335462,64980.0,,cache-misses:u,cache-misses,14201044.0,67.0,3.91,of all cache refs,ok
1430.335462,16927030.0,,stalled-cycles-frontend:u,stalled-cycles-frontend,5992926.0,28.0,36.94,frontend cycles idle,ok
1440.833959,24808117.0,,instructions:u,instructions,7536192.0,35.0,0.52,insn per cycle,ok
1440.833959,nan,,,,nan,nan,0.55,stalled cycles per insn,unknown
1440.833959,47353932.0,,cycles:u,cycles,7542236.0,35.0,nan,,ok
1440.833959,4683137.0,,branches:u,branches,10538336.0,50.0,nan,,ok
1440.833959,425313.0,,branch-misses:u,branch-misses,12596416.0,59.0,9.08,of all branches,ok
1440.833959,13129262.0,,L1-dcache-loads:u,l1-dcache-loads,13002177.0,61.0,nan,,ok
1440.833959,1562294.0,,cache-references:u,cache-references,13536441.0,64.0,nan,,ok
1440.833959,65478.0,,cache-misses:u,cache-misses,13529102.0,64.0,4.19,of all cache refs,ok
1440.833959,13540390.0,,stalled-cycles-frontend:u,stalled-cycles-frontend,5095355.0,24.0,28.59,frontend cycles idle,ok
1451.375206,15670399.0,,instructions:u,instructions,6347018.0,31.0,0.37,insn per cycle,ok
1451.375206,nan,,,,nan,nan,1.05,stalled cycles per insn,unknown
1451.375206,42840918.0,,cycles:u,cycles,7309098.0,35.0,nan,,ok
1451.375206,3588821.0,,branches:u,branches,9841458.0,48.0,nan,,ok
1451.375206,362069.0,,branch-misses:u,branch-misses,12771713.0,62.0,10.09,of all branches,ok
1451.375206,11617575.0,,L1-dcache-loads:u,l1-dcache-loads,13462269.0,66.0,nan,,ok
1451.375206,1533279.0,,cache-references:u,cache-references,14025582.0,69.0,nan,,ok
1451.375206,74218.0,,cache-misses:u,cache-misses,13071416.0,64.0,4.84,of all cache refs,ok
1451.375206,16495328.0,,stalled-cycles-frontend:u,stalled-cycles-frontend,4280311.0,21.0,38.5,frontend cycles idle,ok
1461.879603,22327024.0,,instructions:u,instructions,10035728.0,48.0,0.5,insn per cycle,ok
1461.879603,nan,,,,nan,nan,0.54,stalled cycles per insn,unknown
1461.879603,44916074.0,,cycles:u,cycles,9087283.0,43.0,nan,,ok
1461.879603,3993177.0,,branches:u,branches,11434158.0,54.0,nan,,ok
1461.879603,327144.0,,branch-misses:u,branch-misses,13447969.0,64.0,8.19,of all branches,ok
1461.879603,10945338.0,,L1-dcache-loads:u,l1-dcache-loads,11458134.0,54.0,nan,,ok
1461.879603,1241519.0,,cache-references:u,cache-references,10792765.0,51.0,nan,,ok
1461.879603,74593.0,,cache-misses:u,cache-misses,11676093.0,55.0,6.01,of all cache refs,ok
1461.879603,12091918.0,,stalled-cycles-frontend:u,stalled-cycles-frontend,7003179.0,33.0,26.92,frontend cycles idle,ok
1472.388875,18075643.0,,instructions:u,instructions,5950486.0,29.0,0.41,insn per cycle,ok
1472.388875,nan,,,,nan,nan,0.89,stalled cycles per insn,unknown
1472.388875,43562713.0,,cycles:u,cycles,6472430.0,32.0,nan,,ok
1472.388875,3774850.0,,branches:u,branches,9879902.0,49.0,nan,,ok
1472.388875,288011.0,,branch-misses:u,branch-misses,12020571.0,60.0,7.63,of all branches,ok
1472.388875,11654181.0,,L1-dcache-loads:u,l1-dcache-loads,13413500.0,67.0,nan,,ok
1472.388875,1142207.0,,cache-references:u,cache-references,14009718.0,70.0,nan,,ok
1472.388875,96501.0,,cache-misses:u,cache-misses,13544857.0,67.0,8.45,of all cache refs,ok
1472.388875,16040089.0,,stalled-cycles-frontend:u,stalled-cycles-frontend,4068572.0,20.0,36.82,frontend cycles idle,ok
1482.929358,19416612.0,,instructions:u,instructions,7320162.0,39.0,0.5,insn per cycle,ok
1482.929358,nan,,,,nan,nan,0.74,stalled cycles per insn,unknown
1482.929358,38747667.0,,cycles:u,cycles,8478290.0,45.0,nan,,ok
1482.929358,3688964.0,,branches:u,branches,11562301.0,62.0,nan,,ok
1482.929358,320414.0,,branch-misses:u,branch-misses,13608434.0,73.0,8.69,of all branches,ok
1482.929358,9377460.0,,L1-dcache-loads:u,l1-dcache-loads,13197087.0,71.0,nan,,ok
1482.929358,1374221.0,,cache-references:u,cache-references,11278835.0,60.0,nan,,ok
1482.929358,61526.0,,cache-misses:u,cache-misses,10126234.0,54.0,4.48,of all cache refs,ok
1482.929358,14373869.0,,stalled-cycles-frontend:u,stalled-cycles-frontend,4196718.0,22.0,37.1,frontend cycles idle,ok
1493.431375,13644086.0,,instructions:u,instructions,4886443.0,33.0,0.42,insn per cycle,ok
1493.431375,nan,,,,nan,nan,0.8,stalled cycles per insn,unknown
1493.431375,32276480.0,,cycles:u,cycles,3590881.0,24.0,nan,,ok
1493.431375,2565443.0,,branches:u,branches,4793935.0,32.0,nan,,ok
1493.431375,248482.0,,branch-misses:u,branch-misses,7187580.0,48.0,9.69,of all branches,ok
1493.431375,8404268.0,,L1-dcache-loads:u,l1-dcache-loads,7966614.0,53.0,nan,,ok
1493.431375,1047252.0,,cache-references:u,cache-references,9852431.0,66.0,nan,,ok
1493.431375,72130.0,,cache-misses:u,cache-misses,11144127.0,75.0,6.89,of all cache refs,ok
1493.431375,10853630.0,,stalled-cycles-frontend:u,stalled-cycles-frontend,3965770.0,26.0,33.63,frontend cycles idle,ok
1503.959198,17383233.0,,instructions:u,instructions,7853139.0,43.0,0.45,insn per cycle,ok
1503.959198,nan,,,,nan,nan,0.75,stalled cycles per insn,unknown
1503.959198,38960861.0,,cycles:u,cycles,9305809.0,51.0,nan,,ok
1503.959198,3524269.0,,branches:u,branches,11396330.0,63.0,nan,,ok
1503.959198,340920.0,,branch-misses:u,branch-misses,12528553.0,69.0,9.67,of all branches,ok
1503.959198,9256770.0,,L1-dcache-loads:u,l1-dcache-loads,11735637.0,65.0,nan,,ok
1503.959198,1419828.0,,cache-references:u,cache-references,10203253.0,56.0,nan,,ok
1503.959198,59758.0,,cache-misses:u,cache-misses,8755481.0,48.0,4.21,of all cache refs,ok
1503.959198,13114229.0,,stalled-cycles-frontend:u,stalled-cycles-frontend,4493687.0,24.0,33.66,frontend cycles idle,ok
1514.463612,14928799.0,,instructions:u,instructions,7397413.0,41.0,0.38,insn per cycle,ok
1514.463612,nan,,,,nan,nan,1.08,stalled cycles per insn,unknown
1514.463612,39083354.0,,cycles:u,cycles,5149715.0,28.0,nan,,ok
1514.463612,3178025.0,,branches:u,branches,7037394.0,39.0,nan,,ok
1514.463612,299105.0,,branch-misses:u,branch-misses,9888331.0,54.0,9.41,of all branches,ok
1514.463612,9232232.0,,L1-dcache-loads:u,l1-dcache-loads,10382129.0,57.0,nan,,ok
1514.463612,1402154.0,,cache-references:u,cache-references,10561730.0,58.0,nan,,ok
1514.463612,88449.0,,cache-misses:u,cache-misses,12793427.0,71.0,6.31,of all cache refs,ok
1514.463612,16056268.0,,stalled-cycles-frontend:u,stalled-cycles-frontend,5352123.0,29.0,41.08,frontend cycles idle,ok
1524.9602790000001,12014547.0,,instructions:u,instructions,5384125.0,36.0,0.39,insn per cycle,ok
1524.9602790000001,nan,,,,nan,nan,0.8,stalled cycles per insn,unknown
1524.9602790000001,30960648.0,,cycles:u,cycles,5400879.0,36.0,nan,,ok
1524.9602790000001,2596888.0,,branches:u,branches,7398191.0,50.0,nan,,ok
1524.9602790000001,250488.0,,branch-misses:u,branch-misses,9330313.0,63.0,9.65,of all branches,ok
1524.9602790000001,7882632.0,,L1-dcache-loads:u,l1-dcache-loads,9281170.0,63.0,nan,,ok
1524.9602790000001,1309922.0,,cache-references:u,cache-references,9266693.0,63.0,nan,,ok
1524.9602790000001,29928.0,,cache-misses:u,cache-misses,9251676.0,62.0,2.28,of all cache refs,ok
1524.9602790000001,9652924.0,,stalled-cycles-frontend:u,stalled-cycles-frontend,3438003.0,23.0,31.18,frontend cycles idle,ok
1535.445839,15421869.0,,instructions:u,instructions,7712943.0,40.0,0.37,insn per cycle,ok
1535.445839,nan,,,,nan,nan,1.03,stalled cycles per insn,unknown
1535.445839,42186830.0,,cycles:u,cycles,8154153.0,42.0,nan,,ok
1535.445839,2859136.0,,branches:u,branches,10159495.0,52.0,nan,,ok
1535.445839,346203.0,,branch-misses:u,branch-misses,12641906.0,65.0,12.11,of all branches,ok
1535.445839,9258253.0,,L1-dcache-loads:u,l1-dcache-loads,12424606.0,64.0,nan,,ok
1535.445839,1560419.0,,cache-references:u,cache-references,11644435.0,60.0,nan,,ok
1535.445839,148680.0,,cache-misses:u,cache-misses,11161324.0,57.0,9.53,of all cache refs,ok
1535.445839,15934563.0,,stalled-cycles-frontend:u,stalled-cycles-frontend,4851484.0,25.0,37.77,frontend cycles idle,ok
1545.970525,19992572.0,,instructions:u,instructions,6506794.0,35.0,0.49,insn per cycle,ok
1545.970525,nan,,,,nan,nan,0.64,stalled cycles per insn,unknown
1545.970525,40477442.0,,cycles:u,cycles,7168222.0,38.0,nan,,ok
1545.970525,3902844.0,,branches:u,branches,10156993.0,54.0,nan,,ok
1545.970525,344506.0,,branch-misses:u,branch-misses,12901589.0,69.0,8.83,of all branches,ok
1545.970525,10392126.0,,L1-dcache-loads:u,l1-dcache-loads,12558831.0,67.0,nan,,ok
1545.970525,1258523.0,,cache-references:u,cache-references,12038179.0,64.0,nan,,ok
1545.970525,89689.0,,cache-misses:u,cache-misses,11433021.0,61.0,7.13,of all cache refs,ok
1545.970525,12728185.0,,stalled-cycles-frontend:u,stalled-cycles-frontend,3989329.0,21.0,31.45,frontend cycles idle,ok
1556.463712,16048278.0,,instructions:u,instructions,5581272.0,34.0,0.45,insn per cycle,ok
1556.463712,nan,,,,nan,nan,0.75,stalled cycles per insn,unknown
1556.463712,35434708.0,,cycles:u,cycles,4403771.0,26.0,nan,,ok
1556.463712,2619713.0,,branches:u,branches,6850604.0,41.0,nan,,ok
1556.463712,269574.0,,branch-misses:u,branch-misses,8003576.0,48.0,10.29,of all branches,ok
1556.463712,7786920.0,,L1-dcache-loads:u,l1-dcache-loads,8729114.0,53.0,nan,,ok
1556.463712,1242301.0,,cache-references:u,cache-references,10747303.0,65.0,nan,,ok
1556.463712,96543.0,,cache-misses:u,cache-misses,11937556.0,73.0,7.77,of all cache refs,ok
1556.463712,12097990.0,,stalled-cycles-frontend:u,stalled-cycles-frontend,4634539.0,28.0,34.14,frontend cycles idle,ok
1566.907455,28258303.0,,instructions:u,instructions,8784907.0,48.0,0.71,insn per cycle,ok
1566.907455,nan,,,,nan,nan,0.31,stalled cycles per insn,unknown
1566.907455,39679458.0,,cycles:u,cycles,8466523.0,47.0,nan,,ok
1566.907455,5984923.0,,branches:u,branches,10067650.0,55.0,nan,,ok
1566.907455,238137.0,,branch-misses:u,branch-misses,11648724.0,64.0,3.98,of all branches,ok
1566.907455,12887712.0,,L1-dcache-loads:u,l1-dcache-loads,10409808.0,57.0,nan,,ok
1566.907455,757280.0,,cache-references:u,cache-references,9277223.0,51.0,nan,,ok
1566.907455,73737.0,,cache-misses:u,cache-misses,9499785.0,52.0,9.74,of all cache refs,ok
1566.907455,8879201.0,,stalled-cycles-frontend:u,stalled-cycles-frontend,5625071.0,31.0,22.38,frontend cycles idle,ok
1577.4225079999999,29020363.0,,instructions:u,instructions,6934130.0,33.0,0.68,insn per cycle,ok
1577.4225079999999,nan,,,,nan,nan,0.37,stalled cycles per insn,unknown
1577.4225079999999,42860466.0,,cycles:u,cycles,8867844.0,42.0,nan,,ok
1577.4225079999999,3889914.0,,branches:u,branches,12440130.0,59.0,nan,,ok
1577.4225079999999,311421.0,,branch-misses:u,branch-misses,15017579.0,71.0,8.01,of all branches,ok
1577.4225079999999,11332169.0,,L1-dcache-loads:u,l1-dcache-loads,14982455.0,71.0,nan,,ok
1577.4225079999999,1114977.0,,cache-references:u,cache-references,14103004.0,67.0,nan,,ok
1577.4225079999999,89111.0,,cache-misses:u,cache-misses,12252265.0,58.0,7.99,of all cache refs,ok
1577.4225079999999,10683512.0,,stalled-cycles-frontend:u,stalled-cycles-frontend,4013977.0,19.0,24.93,frontend cycles idle,ok
1587.947729,17041971.0,,instructions:u,instructions,4279578.0,28.0,0.54,insn per cycle,ok
1587.947729,nan,,,,nan,nan,0.58,stalled cycles per insn,unknown
1587.947729,31578723.0,,cycles:u,cycles,4033316.0,27.0,nan,,ok
1587.947729,3324753.0,,branches:u,branches,5432143.0,36.0,nan,,ok
1587.947729,260436.0,,branch-misses:u,branch-misses,7833752.0,52.0,7.83,of all branches,ok
1587.947729,8515148.0,,L1-dcache-loads:u,l1-dcache-loads,9385098.0,63.0,nan,,ok
1587.947729,1144580.0,,cache-references:u,cache-references,10448799.0,70.0,nan,,ok
1587.947729,78709.0,,cache-misses:u,cache-misses,10730708.0,72.0,6.88,of all cache refs,ok
1587.947729,9913703.0,,stalled-cycles-frontend:u,stalled-cycles-frontend,3314176.0,22.0,31.39,frontend cycles idle,ok
1598.449452,16226964.0,,instructions:u,instructions,9584029.0,55.0,0.47,insn per cycle,ok
1598.449452,nan,,,,nan,nan,0.8,stalled cycles per insn,unknown
1598.449452,34856130.0,,cycles:u,cycles,8684050.0,50.0,nan,,ok
1598.449452,3186988.0,,branches:u,branches,10524708.0,60.0,nan,,ok
1598.449452,267584.0,,branch-misses:u,branch-misses,11555521.0,66.0,8.4,of all branches,ok
1598.449452,8214499.0,,L1-dcache-loads:u,l1-dcache-loads,9591739.0,55.0,nan,,ok
1598.449452,1172075.0,,cache-references:u,cache-references,7681849.0,44.0,nan,,ok
1598.449452,61198.0,,cache-misses:u,cache-misses,8549546.0,49.0,5.22,of all cache refs,ok
1598.449452,13029071.0,,stalled-cycles-frontend:u,stalled-cycles-frontend,5864101.0,33.0,37.38,frontend cycles idle,ok
1608.978544,15380012.0,,instructions:u,instructions,6354381.0,34.0,0.39,insn per cycle,ok
1608.978544,nan,,,,nan,nan,0.92,stalled cycles per insn,unknown
1608.978544,39397446.0,,cycles:u,cycles,7332635.0,39.0,nan,,ok
1608.978544,3182574.0,,branches:u,branches,10292679.0,55.0,nan,,ok
1608.978544,310687.0,,branch-misses:u,branch-misses,12419765.0,67.0,9.76,of all branches,ok
1608.978544,9617611.0,,L1-dcache-loads:u,l1-dcache-loads,12377716.0,67.0,nan,,ok
1608.978544,1326326.0,,cache-references:u,cache-references,12132686.0,66.0,nan,,ok
1608.978544,95629.0,,cache-misses:u,cache-misses,11134234.0,60.0,7.21,of all cache refs,ok
1608.978544,14166317.0,,stalled-cycles-frontend:u,stalled-cycles-frontend,4000084.0,21.0,35.96,frontend cycles idle,ok
1619.460733,19117317.0,,instructions:u,instructions,3093506.0,22.0,0.64,insn per cycle,ok
1619.460733,nan,,,,nan,nan,0.46,stalled cycles per insn,unknown
1619.460733,29639603.0,,cycles:u,cycles,3592769.0,25.0,nan,,ok
1619.460733,2774482.0,,branches:u,branches,5607559.0,40.0,nan,,ok
1619.460733,220439.0,,branch-misses:u,branch-misses,9259235.0,66.0,7.95,of all branches,ok
1619.460733,7512066.0,,L1-dcache-loads:u,l1-dcache-loads,10268515.0,74.0,nan,,ok
1619.460733,1165457.0,,cache-references:u,cache-references,10775725.0,77.0,nan,,ok
1619.460733,79615.0,,cache-misses:u,cache-misses,10293585.0,74.0,6.83,of all cache refs,ok
1619.460733,8720555.0,,stalled-cycles-frontend:u,stalled-cycles-frontend,2001574.0,14.0,29.42,frontend cycles idle,ok
1629.97305,24700292.0,,instructions:u,instructions,8122229.0,42.0,0.6,insn per cycle,ok
1629.97305,nan,,,,nan,nan,0.47,stalled cycles per insn,unknown
1629.97305,41089214.0,,cycles:u,cycles,7123517.0,37.0,nan,,ok
1629.97305,4216586.0,,branches:u,branches,9381082.0,48.0,nan,,ok
1629.97305,325225.0,,branch-misses:u,branch-misses,11761793.0,61.0,7.71,of all branches,ok
1629.97305,10531532.0,,L1-dcache-loads:u,l1-dcache-loads,10907160.0,56.0,nan,,ok
1629.97305,1293876.0,,cache-references:u,cache-references,11085919.0,57.0,nan,,ok
1629.97305,86466.0,,cache-misses:u,cache-misses,12079613.0,62.0,6.68,of all cache refs,ok
1629.97305,11656770.0,,stalled-cycles-frontend:u,stalled-cycles-frontend,5998236.0,31.0,28.37,frontend cycles idle,ok
1640.4708939999998,18650404.0,,instructions:u,instructions,4432826.0,27.0,0.51,insn per cycle,ok
1640.4708939999998,nan,,,,nan,nan,0.58,stalled cycles per insn,unknown
1640.4708939999998,36376898.0,,cycles:u,cycles,4863430.0,29.0,nan,,ok
1640.4708939999998,3622593.0,,branches:u,branches,7314675.0,44.0,nan,,ok
1640.4708939999998,262572.0,,branch-misses:u,branch-misses,9314080.0,56.0,7.25,of all branches,ok
1640.4708939999998,8839365.0,,L1-dcache-loads:u,l1-dcache-loads,11151291.0,68.0,nan,,ok
1640.4708939999998,1118401.0,,cache-references:u,cache-references,11972266.0,73.0,nan,,ok
1640.4708939999998,84736.0,,cache-misses:u,cache-misses,11529892.0,70.0,7.58,of all cache refs,ok
1640.4708939999998,10865976.0,,stalled-cycles-frontend:u,stalled-cycles-frontend,2549172.0,15.0,29.87,frontend cycles idle,ok
1650.977552,18985155.0,,instructions:u,instructions,3409985.0,31.0,0.77,insn per cycle,ok
1650.977552,nan,,,,nan,nan,0.26,stalled cycles per insn,unknown
1650.977552,24783589.0,,cycles:u,cycles,3002619.0,27.0,nan,,ok
1650.977552,2988339.0,,branches:u,branches,4368395.0,39.0,nan,,ok
1650.977552,128412.0,,branch-misses:u,branch-misses,6359085.0,57.0,4.3,of all branches,ok
1650.977552,6985761.0,,L1-dcache-loads:u,l1-dcache-loads,7354674.0,66.0,nan,,ok
1650.977552,795940.0,,cache-references:u,cache-references,7562702.0,68.0,nan,,ok
1650.977552,38738.0,,cache-misses:u,cache-misses,8018089.0,72.0,4.87,of all cache refs,ok
1650.977552,4919538.0,,stalled-cycles-frontend:u,stalled-cycles-frontend,2466064.0,22.0,19.85,frontend cycles idle,ok
1661.468092,11659477.0,,instructions:u,instructions,7691622.0,56.0,0.4,insn per cycle,ok
1661.468092,nan,,,,nan,nan,0.9,stalled cycles per insn,unknown
1661.468092,29266270.0,,cycles:u,cycles,5785433.0,42.0,nan,,ok
1661.468092,2169805.0,,branches:u,branches,6792214.0,50.0,nan,,ok
1661.468092,253646.0,,branch-misses:u,branch-misses,7793817.0,57.0,11.69,of all branches,ok
1661.468092,7619325.0,,L1-dcache-loads:u,l1-dcache-loads,5845526.0,43.0,nan,,ok
1661.468092,1228387.0,,cache-references:u,cache-references,5825935.0,43.0,nan,,ok
1661.468092,56190.0,,cache-misses:u,cache-misses,7685946.0,56.0,4.57,of all cache refs,ok
1661.468092,10439408.0,,stalled-cycles-frontend:u,stalled-cycles-frontend,5831387.0,43.0,35.67,frontend cycles idle,ok
1671.967943,13074613.0,,instructions:u,instructions,5001612.0,39.0,0.47,insn per cycle,ok
1671.967943,nan,,,,nan,nan,0.76,stalled cycles per insn,unknown
1671.967943,27672196.0,,cycles:u,cycles,6470707.0,50.0,nan,,ok
1671.967943,2567918.0,,branches:u,branches,8637943.0,67.0,nan,,ok
1671.967943,223648.0,,branch-misses:u,branch-misses,9795907.0,76.0,8.71,of all branches,ok
1671.967943,7228048.0,,L1-dcache-loads:u,l1-dcache-loads,8968643.0,70.0,nan,,ok
1671.967943,1005142.0,,cache-references:u,cache-references,7871041.0,61.0,nan,,ok
1671.967943,67420.0,,cache-misses:u,cache-misses,6416194.0,49.0,6.71,of all cache refs,ok
1671.967943,9955495.0,,stalled-cycles-frontend:u,stalled-cycles-frontend,2826635.0,21.0,35.98,frontend cycles idle,ok
1682.4737030000001,267112.0,,instructions:u,instructions,3379174.0,42.0,nan,,ok
1682.4737030000001,nan,,,,nan,nan,5.65,stalled cycles per insn,unknown
1682.4737030000001,0.0,,cycles:u,cycles,3302642.0,43.0,nan,,ok
1682.4737030000001,402366.0,,branches:u,branches,5705039.0,65.0,nan,,ok
1682.4737030000001,41020.0,,branch-misses:u,branch-misses,7389370.0,78.0,10.19,of all branches,ok
1682.4737030000001,1427786.0,,L1-dcache-loads:u,l1-dcache-loads,7361587.0,78.0,nan,,ok
1682.4737030000001,151026.0,,cache-references:u,cache-references,7041503.0,74.0,nan,,ok
1682.4737030000001,22987.0,,cache-misses:u,cache-misses,7099930.0,70.0,15.22,of all cache refs,ok
1682.4737030000001,1509273.0,,stalled-cycles-frontend:u,stalled-cycles-frontend,2357823.0,24.0,nan,,ok
1692.946589,1755246.0,,instructions:u,instructions,6274845.0,75.0,0.82,insn per cycle,ok
1692.946589,nan,,,,nan,nan,1.21,stalled cycles per insn,unknown
1692.946589,2151636.0,,cycles:u,cycles,6188819.0,66.0,nan,,ok
1692.946589,233211.0,,branches:u,branches,7609410.0,77.0,nan,,ok
1692.946589,15301.0,,branch-misses:u,branch-misses,7717805.0,78.0,6.56,of all branches,ok
1692.946589,438536.0,,L1-dcache-loads:u,l1-dcache-loads,5442164.0,55.0,nan,,ok
1692.946589,39312.0,,cache-references:u,cache-references,3576363.0,37.0,nan,,ok
1692.946589,13892.0,,cache-misses:u,cache-misses,3661774.0,39.0,35.34,of all cache refs,ok
1692.946589,2124014.0,,stalled-cycles-frontend:u,stalled-cycles-frontend,4045930.0,44.0,98.72,frontend cycles idle,ok
1703.419257,480995.0,,instructions:u,instructions,1215153.0,25.0,0.1,insn per cycle,ok
1703.419257,nan,,,,nan,nan,2.45,stalled cycles per insn,unknown
1703.419257,4660920.0,,cycles:u,cycles,3020815.0,54.0,nan,,ok
1703.419257,1712218.0,,branches:u,branches,5018176.0,76.0,nan,,ok
1703.419257,38112.0,,branch-misses:u,branch-misses,8164189.0,93.0,2.23,of all branches,ok
1703.419257,2429723.0,,L1-dcache-loads:u,l1-dcache-loads,8640721.0,98.0,nan,,ok
1703.419257,134441.0,,cache-references:u,cache-references,7528741.0,86.0,nan,,ok
1703.419257,8815.0,,cache-misses:u,cache-misses,5723498.0,65.0,6.56,of all cache refs,ok
1703.419257,1176256.0,,stalled-cycles-frontend:u,stalled-cycles-frontend,103188.0,1.0,25.24,frontend cycles idle,ok
1713.883302,116201.0,,instructions:u,instructions,39516.0,1.0,nan,,ok
1713.883302,nan,,,,nan,nan,16.99,stalled cycles per insn,unknown
1713.883302,nan,,cycles:u,cycles,0.0,0.0,nan,,ok
1713.883302,164382.0,,branches:u,branches,554165.0,14.0,nan,,ok
1713.883302,10929.0,,branch-misses:u,branch-misses,2049589.0,52.0,6.65,of all branches,ok
1713.883302,474241.0,,L1-dcache-loads:u,l1-dcache-loads,4243034.0,83.0,nan,,ok
1713.883302,76110.0,,cache-references:u,cache-references,5936984.0,98.0,nan,,ok
1713.883302,10845.0,,cache-misses:u,cache-misses,5997176.0,100.0,14.25,of all cache refs,ok
1713.883302,1974834.0,,stalled-cycles-frontend:u,stalled-cycles-frontend,74191.0,1.0,nan,,ok
1724.33824,1293442.0,,instructions:u,instructions,4039212.0,50.0,0.46,insn per cycle,ok
1724.33824,nan,,,,nan,nan,1.17,stalled cycles per insn,unknown
1724.33824,2835664.0,,cycles:u,cycles,1210594.0,17.0,nan,,ok
1724.33824,226899.0,,branches:u,branches,1210594.0,19.0,nan,,ok
1724.33824,16842.0,,branch-misses:u,branch-misses,1305870.0,21.0,7.42,of all branches,ok
1724.33824,275211.0,,L1-dcache-loads:u,l1-dcache-loads,959069.0,16.0,nan,,ok
1724.33824,60177.0,,cache-references:u,cache-references,3970786.0,88.0,nan,,ok
1724.33824,11052.0,,cache-misses:u,cache-misses,6814769.0,100.0,18.37,of all cache refs,ok
1724.33824,1509033.0,,stalled-cycles-frontend:u,stalled-cycles-frontend,4048336.0,50.0,53.22,frontend cycles idle,ok
1734.8231460000002,1542223.0,,instructions:u,instructions,7053041.0,75.0,0.51,insn per cycle,ok
1734.8231460000002,nan,,,,nan,nan,1.27,stalled cycles per insn,unknown
1734.8231460000002,2995050.0,,cycles:u,cycles,5894873.0,63.0,nan,,ok
1734.8231460000002,260995.0,,branches:u,branches,6846282.0,78.0,nan,,ok
1734.8231460000002,20272.0,,branch-misses:u,branch-misses,6846282.0,78.0,7.77,of all branches,ok
1734.8231460000002,629138.0,,L1-dcache-loads:u,l1-dcache-loads,3866679.0,45.0,nan,,ok
1734.8231460000002,98533.0,,cache-references:u,cache-references,2251981.0,27.0,nan,,ok
1734.8231460000002,9931.0,,cache-misses:u,cache-misses,3367319.0,54.0,10.08,of all cache refs,ok
1734.8231460000002,1951511.0,,stalled-cycles-frontend:u,stalled-cycles-frontend,4911480.0,60.0,65.16,frontend cycles idle,ok
1745.300443,1341413.0,,instructions:u,instructions,947771.0,22.0,0.32,insn per cycle,ok
1745.300443,nan,,,,nan,nan,2.19,stalled cycles per insn,unknown
1745.300443,4130406.0,,cycles:u,cycles,2642165.0,50.0,nan,,ok
1745.300443,493085.0,,branches:u,branches,3891857.0,61.0,nan,,ok
1745.300443,29805.0,,branch-misses:u,branch-misses,6233806.0,81.0,6.04,of all branches,ok
1745.300443,1168196.0,,L1-dcache-loads:u,l1-dcache-loads,8538178.0,93.0,nan,,ok
1745.300443,128649.0,,cache-references:u,cache-references,8199061.0,89.0,nan,,ok
1745.300443,9473.0,,cache-misses:u,cache-misses,6504667.0,71.0,7.36,of all cache refs,ok
1745.300443,2938433.0,,stalled-cycles-frontend:u,stalled-cycles-frontend,215012.0,2.0,71.14,frontend cycles idle,ok
1755.751853,1894706.0,,instructions:u,instructions,5186296.0,51.0,0.56,insn per cycle,ok
1755.751853,nan,,,,nan,nan,1.14,stalled cycles per insn,unknown
1755.751853,3411551.0,,cycles:u,cycles,2358492.0,23.0,nan,,ok
1755.751853,273389.0,,branches:u,branches,2358492.0,23.0,nan,,ok
1755.751853,24701.0,,branch-misses:u,branch-misses,2487909.0,24.0,9.04,of all branches,ok
1755.751853,268892.0,,L1-dcache-loads:u,l1-dcache-loads,2013561.0,20.0,nan,,ok
1755.751853,61794.0,,cache-references:u,cache-references,4913100.0,57.0,nan,,ok
1755.751853,11104.0,,cache-misses:u,cache-misses,7740904.0,81.0,17.97,of all cache refs,ok
1755.751853,2155657.0,,stalled-cycles-frontend:u,stalled-cycles-frontend,4945616.0,48.0,63.19,frontend cycles idle,ok
1766.231866,869392.0,,instructions:u,instructions,6045362.0,71.0,0.57,insn per cycle,ok
1766.231866,nan,,,,nan,nan,1.49,stalled cycles per insn,unknown
1766.231866,1531135.0,,cycles:u,cycles,2258330.0,25.0,nan,,ok
1766.231866,139824.0,,branches:u,branches,2265910.0,25.0,nan,,ok
1766.231866,10677.0,,branch-misses:u,branch-misses,2273513.0,26.0,7.64,of all branches,ok
1766.231866,138798.0,,L1-dcache-loads:u,l1-dcache-loads,2093203.0,22.0,nan,,ok
1766.231866,44432.0,,cache-references:u,cache-references,3474830.0,52.0,nan,,ok
1766.231866,9680.0,,cache-misses:u,cache-misses,7325715.0,89.0,21.79,of all cache refs,ok
1766.231866,1295321.0,,stalled-cycles-frontend:u,stalled-cycles-frontend,5474148.0,69.0,84.6,frontend cycles idle,ok
1776.747202,1311854.0,,instructions:u,instructions,7768236.0,84.0,0.33,insn per cycle,ok
1776.747202,nan,,,,nan,nan,1.52,stalled cycles per insn,unknown
1776.747202,4020715.0,,cycles:u,cycles,7785588.0,78.0,nan,,ok
1776.747202,323590.0,,branches:u,branches,7953112.0,78.0,nan,,ok
1776.747202,27481.0,,branch-misses:u,branch-misses,7952603.0,79.0,8.49,of all branches,ok
1776.747202,602869.0,,L1-dcache-loads:u,l1-dcache-loads,4827105.0,51.0,nan,,ok
1776.747202,111216.0,,cache-references:u,cache-references,2359852.0,26.0,nan,,ok
1776.747202,12988.0,,cache-misses:u,cache-misses,2251156.0,31.0,11.68,of all cache refs,ok
1776.747202,1987973.0,,stalled-cycles-frontend:u,stalled-cycles-frontend,4628163.0,53.0,49.44,frontend cycles idle,ok
1787.231859,1455530.0,,instructions:u,instructions,5779070.0,56.0,0.31,insn per cycle,ok
1787.231859,nan,,,,nan,nan,1.25,stalled cycles per insn,unknown
1787.231859,4686549.0,,cycles:u,cycles,6720093.0,64.0,nan,,ok
1787.231859,582840.0,,branches:u,branches,8516883.0,76.0,nan,,ok
1787.231859,46412.0,,branch-misses:u,branch-misses,9646079.0,86.0,7.96,of all branches,ok
1787.231859,1434188.0,,L1-dcache-loads:u,l1-dcache-loads,7233599.0,64.0,nan,,ok
1787.231859,146894.0,,cache-references:u,cache-references,5415652.0,48.0,nan,,ok
1787.231859,9887.0,,cache-misses:u,cache-misses,4509481.0,40.0,6.73,of all cache refs,ok
1787.231859,1816484.0,,stalled-cycles-frontend:u,stalled-cycles-frontend,3960872.0,35.0,38.76,frontend cycles idle,ok
1797.700123,1735962.0,,instructions:u,instructions,6713707.0,80.0,0.61,insn per cycle,ok
1797.700123,nan,,,,nan,nan,1.12,stalled cycles per insn,unknown
1797.700123,2854835.0,,cycles:u,cycles,5639654.0,63.0,nan,,ok
1797.700123,173241.0,,branches:u,branches,5854161.0,64.0,nan,,ok
1797.700123,12839.0,,branch-misses:u,branch-misses,6136623.0,65.0,7.41,of all branches,ok
1797.700123,452659.0,,L1-dcache-loads:u,l1-dcache-loads,4271879.0,45.0,nan,,ok
1797.700123,116896.0,,cache-references:u,cache-references,2581467.0,29.0,nan,,ok
1797.700123,16756.0,,cache-misses:u,cache-misses,3648159.0,46.0,14.33,of all cache refs,ok
1797.700123,1939582.0,,stalled-cycles-frontend:u,stalled-cycles-frontend,4039961.0,62.0,67.94,frontend cycles idle,ok
1808.174067,329529.0,,instructions:u,instructions,4167430.0,100.0,0.17,insn per cycle,ok
1808.174067,nan,,,,nan,nan,2.35,stalled cycles per insn,unknown
1808.174067,1980659.0,,cycles:u,cycles,6152921.0,100.0,nan,,ok
1808.174067,181108.0,,branches:u,branches,7159618.0,100.0,nan,,ok
1808.174067,17312.0,,branch-misses:u,branch-misses,8134728.0,100.0,9.56,of all branches,ok
1808.174067,457932.0,,L1-dcache-loads:u,l1-dcache-loads,7600157.0,93.0,nan,,ok
1808.174067,79757.0,,cache-references:u,cache-references,3945123.0,54.0,nan,,ok
1808.174067,13019.0,,cache-misses:u,cache-misses,1967627.0,27.0,16.32,of all cache refs,ok
1808.174067,774746.0,,stalled-cycles-frontend:u,stalled-cycles-frontend,540895.0,12.0,39.12,frontend cycles idle,ok
1818.6467799999998,2684392.0,,instructions:u,instructions,2438074.0,17.0,0.49,insn per cycle,ok
1818.6467799999998,nan,,,,nan,nan,1.23,stalled cycles per insn,unknown
1818.6467799999998,5455118.0,,cycles:u,cycles,4321433.0,30.0,nan,,ok
1818.6467799999998,289344.0,,branches:u,branches,6960269.0,49.0,nan,,ok
1818.6467799999998,23058.0,,branch-misses:u,branch-misses,8935968.0,63.0,7.97,of all branches,ok
1818.6467799999998,820789.0,,L1-dcache-loads:u,l1-dcache-loads,10931690.0,77.0,nan,,ok
1818.6467799999998,136738.0,,cache-references:u,cache-references,11629513.0,82.0,nan,,ok
1818.6467799999998,9210.0,,cache-misses:u,cache-misses,9738159.0,69.0,6.74,of all cache refs,ok
1818.6467799999998,3295722.0,,stalled-cycles-frontend:u,stalled-cycles-frontend,1110821.0,7.0,60.42,frontend cycles idle,ok
1829.124957,920854.0,,instructions:u,instructions,1745238.0,28.0,1.0,insn per cycle,ok
1829.124957,nan,,,,nan,nan,0.95,stalled cycles per insn,unknown
1829.124957,923098.0,,cycles:u,cycles,1094621.0,18.0,nan,,ok
1829.124957,26015.0,,branches:u,branches,3096087.0,45.0,nan,,ok
1829.124957,5459.0,,branch-misses:u,branch-misses,4480199.0,60.0,20.98,of all branches,ok
1829.124957,225900.0,,L1-dcache-loads:u,l1-dcache-loads,5542076.0,76.0,nan,,ok
1829.124957,52369.0,,cache-references:u,cache-references,6365192.0,100.0,nan,,ok
1829.124957,8018.0,,cache-misses:u,cache-misses,7015809.0,97.0,15.31,of all cache refs,ok
1829.124957,871065.0,,stalled-cycles-frontend:u,stalled-cycles-frontend,1745238.0,26.0,94.36,frontend cycles idle,ok
1839.299547,1135287.0,,instructions:u,instructions,1578467.0,30.0,0.79,insn per cycle,ok
1839.299547,nan,,,,nan,nan,1.25,stalled cycles per insn,unknown
1839.299547,1438278.0,,cycles:u,cycles,596734.0,11.0,nan,,ok
1839.299547,306598.0,,branches:u,branches,1207784.0,23.0,nan,,ok
1839.299547,19884.0,,branch-misses:u,branch-misses,2909799.0,51.0,6.49,of all branches,ok
1839.299547,1026358.0,,L1-dcache-loads:u,l1-dcache-loads,5040720.0,69.0,nan,,ok
1839.299547,75433.0,,cache-references:u,cache-references,6087133.0,100.0,nan,,ok
1839.299547,12530.0,,cache-misses:u,cache-misses,7068866.0,100.0,16.61,of all cache refs,ok
1839.299547,1422435.0,,stalled-cycles-frontend:u,stalled-cycles-frontend,1578467.0,23.0,98.9,frontend cycles idle,ok
