timestamp_ms,value,unit,event_name,event_name_normalized,runtime_ns,enabled_pct,metric_value,metric_unit,status
10.075903,20636895.0,,inst_retired.any:u,inst_retired.any,6730759.0,94.0,nan,,ok
10.075903,13470534.0,,cpu_clk_unhalted.thread:u,cpu_clk_unhalted.thread,5336722.0,75.0,nan,,ok
10.075903,4374851.0,,br_inst_retired.all_branches:u,br_inst_retired.all_branches,5443596.0,76.0,nan,,ok
10.075903,64889.0,,br_misp_retired.all_branches:u,br_misp_retired.all_branches,6117622.0,85.0,nan,,ok
10.075903,3616821.0,,mem_uops_retired.all_loads:u,mem_uops_retired.all_loads,6118825.0,85.0,nan,,ok
10.075903,2274323.0,,mem_uops_retired.all_stores:u,mem_uops_retired.all_stores,6121126.0,85.0,nan,,ok
10.075903,35652.0,,longest_lat_cache.reference:u,longest_lat_cache.reference,7014835.0,98.0,nan,,ok
10.075903,13081.0,,longest_lat_cache.miss:u,longest_lat_cache.miss,7125161.0,100.0,nan,,ok
10.075903,18829.0,,offcore_requests.demand_data_rd:u,offcore_requests.demand_data_rd,7127641.0,100.0,nan,,ok
10.075903,734269.0,,resource_stalls.any:u,resource_stalls.any,6559521.0,91.0,nan,,ok
20.320057,3338293.0,,inst_retired.any:u,inst_retired.any,6760772.0,100.0,nan,,ok
20.320057,4981274.0,,cpu_clk_unhalted.thread:u,cpu_clk_unhalted.thread,6760728.0,100.0,nan,,ok
20.320057,740413.0,,br_inst_retired.all_branches:u,br_inst_retired.all_branches,6761062.0,100.0,nan,,ok
20.320057,35853.0,,br_misp_retired.all_branches:u,br_misp_retired.all_branches,6761111.0,100.0,nan,,ok
20.320057,857386.0,,mem_uops_retired.all_loads:u,mem_uops_retired.all_loads,6761627.0,100.0,nan,,ok
20.320057,180938.0,,mem_uops_retired.all_stores:u,mem_uops_retired.all_stores,3810004.0,56.0,nan,,ok
20.320057,40504.0,,longest_lat_cache.reference:u,longest_lat_cache.reference,3348454.0,49.0,nan,,ok
20.320057,14443.0,,longest_lat_cache.miss:u,longest_lat_cache.miss,6365862.0,100.0,nan,,ok
20.320057,14254.0,,offcore_requests.demand_data_rd:u,offcore_requests.demand_data_rd,6762569.0,100.0,nan,,ok
20.320057,532499.0,,resource_stalls.any:u,resource_stalls.any,6762615.0,100.0,nan,,ok
30.545919,860088.0,,inst_retired.any:u,inst_retired.any,2288015.0,100.0,nan,,ok
30.545919,1618430.0,,cpu_clk_unhalted.thread:u,cpu_clk_unhalted.thread,2283341.0,100.0,nan,,ok
30.545919,181226.0,,br_inst_retired.all_branches:u,br_inst_retired.all_branches,2280745.0,100.0,nan,,ok
30.545919,11616.0,,br_misp_retired.all_branches:u,br_misp_retired.all_branches,2278150.0,100.0,nan,,ok
30.545919,235555.0,,mem_uops_retired.all_loads:u,mem_uops_retired.all_loads,2275218.0,100.0,nan,,ok
30.545919,74125.0,,mem_uops_retired.all_stores:u,mem_uops_retired.all_stores,1545554.0,68.0,nan,,ok
30.545919,13708.0,,longest_lat_cache.reference:u,longest_lat_cache.reference,949360.0,41.0,nan,,ok
30.545919,5115.0,,longest_lat_cache.miss:u,longest_lat_cache.miss,2045727.0,100.0,nan,,ok
30.545919,5064.0,,offcore_requests.demand_data_rd:u,offcore_requests.demand_data_rd,2265469.0,100.0,nan,,ok
30.545919,192482.0,,resource_stalls.any:u,resource_stalls.any,2262787.0,100.0,nan,,ok
40.761547,1284160.0,,inst_retired.any:u,inst_retired.any,3360229.0,100.0,nan,,ok
40.761547,2383754.0,,cpu_clk_unhalted.thread:u,cpu_clk_unhalted.thread,3364262.0,100.0,nan,,ok
40.761547,273612.0,,br_inst_retired.all_branches:u,br_inst_retired.all_branches,3366728.0,100.0,nan,,ok
40.761547,16976.0,,br_misp_retired.all_branches:u,br_misp_retired.all_branches,3369409.0,100.0,nan,,ok
40.761547,336309.0,,mem_uops_retired.all_loads:u,mem_uops_retired.all_loads,3371982.0,100.0,nan,,ok
40.761547,102086.0,,mem_uops_retired.all_stores:u,mem_uops_retired.all_stores,2792588.0,82.0,nan,,ok
40.761547,20474.0,,longest_lat_cache.reference:u,longest_lat_cache.reference,939322.0,27.0,nan,,ok
40.761547,8025.0,,longest_lat_cache.miss:u,longest_lat_cache.miss,3021407.0,100.0,nan,,ok
40.761547,7967.0,,offcore_requests.demand_data_rd:u,offcore_requests.demand_data_rd,3381399.0,100.0,nan,,ok
40.761547,292008.0,,resource_stalls.any:u,resource_stalls.any,3384229.0,100.0,nan,,ok
50.974213999999996,3101305.0,,inst_retired.any:u,inst_retired.any,7770940.0,100.0,nan,,ok
50.974213999999996,5604192.0,,cpu_clk_unhalted.thread:u,cpu_clk_unhalted.thread,7770536.0,100.0,nan,,ok
50.974213999999996,668974.0,,br_inst_retired.all_branches:u,br_inst_retired.all_branches,7770608.0,100.0,nan,,ok
50.974213999999996,40831.0,,br_misp_retired.all_branches:u,br_misp_retired.all_branches,7770320.0,100.0,nan,,ok
50.974213999999996,821650.0,,mem_uops_retired.all_loads:u,mem_uops_retired.all_loads,7770111.0,100.0,nan,,ok
50.974213999999996,239779.0,,mem_uops_retired.all_stores:u,mem_uops_retired.all_stores,4505681.0,57.0,nan,,ok
50.974213999999996,39649.0,,longest_lat_cache.reference:u,longest_lat_cache.reference,4391124.0,65.0,nan,,ok
50.974213999999996,16110.0,,longest_lat_cache.miss:u,longest_lat_cache.miss,6671966.0,100.0,nan,,ok
50.974213999999996,16986.0,,offcore_requests.demand_data_rd:u,offcore_requests.demand_data_rd,7784427.0,100.0,nan,,ok
50.974213999999996,555829.0,,resource_stalls.any:u,resource_stalls.any,7783899.0,100.0,nan,,ok
61.199101999999996,3107929.0,,inst_retired.any:u,inst_retired.any,7822865.0,100.0,nan,,ok
61.199101999999996,5563167.0,,cpu_clk_unhalted.thread:u,cpu_clk_unhalted.thread,7822903.0,100.0,nan,,ok
61.199101999999996,677756.0,,br_inst_retired.all_branches:u,br_inst_retired.all_branches,7822890.0,100.0,nan,,ok
61.199101999999996,39580.0,,br_misp_retired.all_branches:u,br_misp_retired.all_branches,7822882.0,100.0,nan,,ok
61.199101999999996,823425.0,,mem_uops_retired.all_loads:u,mem_uops_retired.all_loads,7822870.0,100.0,nan,,ok
61.199101999999996,343657.0,,mem_uops_retired.all_stores:u,mem_uops_retired.all_stores,7808604.0,100.0,nan,,ok
61.199101999999996,44681.0,,longest_lat_cache.reference:u,longest_lat_cache.reference,6359466.0,81.0,nan,,ok
61.199101999999996,15185.0,,longest_lat_cache.miss:u,longest_lat_cache.miss,5579365.0,71.0,nan,,ok
61.199101999999996,16492.0,,offcore_requests.demand_data_rd:u,offcore_requests.demand_data_rd,4804726.0,64.0,nan,,ok
61.199101999999996,511625.0,,resource_stalls.any:u,resource_stalls.any,6677053.0,100.0,nan,,ok
71.41202700000001,3000414.0,,inst_retired.any:u,inst_retired.any,7559339.0,100.0,nan,,ok
71.41202700000001,6056005.0,,cpu_clk_unhalted.thread:u,cpu_clk_unhalted.thread,8911078.0,100.0,nan,,ok
71.41202700000001,730402.0,,br_inst_retired.all_branches:u,br_inst_retired.all_branches,8911547.0,100.0,nan,,ok
71.41202700000001,43079.0,,br_misp_retired.all_branches:u,br_misp_retired.all_branches,8911855.0,100.0,nan,,ok
71.41202700000001,912115.0,,mem_uops_retired.all_loads:u,mem_uops_retired.all_loads,8911761.0,100.0,nan,,ok
71.41202700000001,370153.0,,mem_uops_retired.all_stores:u,mem_uops_retired.all_stores,8912143.0,100.0,nan,,ok
71.41202700000001,45601.0,,longest_lat_cache.reference:u,longest_lat_cache.reference,8912579.0,100.0,nan,,ok
71.41202700000001,19098.0,,longest_lat_cache.miss:u,longest_lat_cache.miss,8912815.0,100.0,nan,,ok
71.41202700000001,19720.0,,offcore_requests.demand_data_rd:u,offcore_requests.demand_data_rd,5699757.0,63.0,nan,,ok
71.41202700000001,493629.0,,resource_stalls.any:u,resource_stalls.any,3211420.0,42.0,nan,,ok
81.622314,2359949.0,,inst_retired.any:u,inst_retired.any,5594020.0,100.0,nan,,ok
81.622314,4681063.0,,cpu_clk_unhalted.thread:u,cpu_clk_unhalted.thread,6426012.0,100.0,nan,,ok
81.622314,569288.0,,br_inst_retired.all_branches:u,br_inst_retired.all_branches,6425526.0,100.0,nan,,ok
81.622314,32732.0,,br_misp_retired.all_branches:u,br_misp_retired.all_branches,6425475.0,100.0,nan,,ok
81.622314,678452.0,,mem_uops_retired.all_loads:u,mem_uops_retired.all_loads,6425508.0,100.0,nan,,ok
81.622314,290014.0,,mem_uops_retired.all_stores:u,mem_uops_retired.all_stores,6425324.0,100.0,nan,,ok
81.622314,35029.0,,longest_lat_cache.reference:u,longest_lat_cache.reference,6425268.0,100.0,nan,,ok
81.622314,16594.0,,longest_lat_cache.miss:u,longest_lat_cache.miss,6425034.0,100.0,nan,,ok
81.622314,15745.0,,offcore_requests.demand_data_rd:u,offcore_requests.demand_data_rd,3201509.0,49.0,nan,,ok
81.622314,318228.0,,resource_stalls.any:u,resource_stalls.any,3223500.0,57.0,nan,,ok
91.83039699999999,3104168.0,,inst_retired.any:u,inst_retired.any,4101963.0,53.0,nan,,ok
91.83039699999999,4080263.0,,cpu_clk_unhalted.thread:u,cpu_clk_unhalted.thread,6015644.0,100.0,nan,,ok
91.83039699999999,598925.0,,br_inst_retired.all_branches:u,br_inst_retired.all_branches,7605379.0,100.0,nan,,ok
91.83039699999999,34865.0,,br_misp_retired.all_branches:u,br_misp_retired.all_branches,7605243.0,100.0,nan,,ok
91.83039699999999,738900.0,,mem_uops_retired.all_loads:u,mem_uops_retired.all_loads,7604989.0,100.0,nan,,ok
91.83039699999999,298468.0,,mem_uops_retired.all_stores:u,mem_uops_retired.all_stores,7604678.0,100.0,nan,,ok
91.83039699999999,38026.0,,longest_lat_cache.reference:u,longest_lat_cache.reference,7604221.0,100.0,nan,,ok
91.83039699999999,17584.0,,longest_lat_cache.miss:u,longest_lat_cache.miss,7604504.0,100.0,nan,,ok
91.83039699999999,15451.0,,offcore_requests.demand_data_rd:u,offcore_requests.demand_data_rd,7604037.0,100.0,nan,,ok
91.83039699999999,583333.0,,resource_stalls.any:u,resource_stalls.any,1589660.0,20.0,nan,,ok
102.060503,1839357.0,,inst_retired.any:u,inst_retired.any,3077209.0,51.0,nan,,ok
102.060503,4354589.0,,cpu_clk_unhalted.thread:u,cpu_clk_unhalted.thread,3494721.0,58.0,nan,,ok
102.060503,534142.0,,br_inst_retired.all_branches:u,br_inst_retired.all_branches,5371316.0,98.0,nan,,ok
102.060503,29209.0,,br_misp_retired.all_branches:u,br_misp_retired.all_branches,5972179.0,100.0,nan,,ok
102.060503,657585.0,,mem_uops_retired.all_loads:u,mem_uops_retired.all_loads,5972994.0,100.0,nan,,ok
102.060503,285004.0,,mem_uops_retired.all_stores:u,mem_uops_retired.all_stores,5973109.0,100.0,nan,,ok
102.060503,31548.0,,longest_lat_cache.reference:u,longest_lat_cache.reference,5973399.0,100.0,nan,,ok
102.060503,13772.0,,longest_lat_cache.miss:u,longest_lat_cache.miss,5973711.0,100.0,nan,,ok
102.060503,12558.0,,offcore_requests.demand_data_rd:u,offcore_requests.demand_data_rd,5973949.0,100.0,nan,,ok
102.060503,482047.0,,resource_stalls.any:u,resource_stalls.any,3077209.0,51.0,nan,,ok
112.282861,2713078.0,,inst_retired.any:u,inst_retired.any,4380698.0,53.0,nan,,ok
112.282861,5843306.0,,cpu_clk_unhalted.thread:u,cpu_clk_unhalted.thread,4771724.0,58.0,nan,,ok
112.282861,595529.0,,br_inst_retired.all_branches:u,br_inst_retired.all_branches,7193553.0,100.0,nan,,ok
112.282861,38847.0,,br_misp_retired.all_branches:u,br_misp_retired.all_branches,8173736.0,100.0,nan,,ok
112.282861,823832.0,,mem_uops_retired.all_loads:u,mem_uops_retired.all_loads,8173185.0,100.0,nan,,ok
112.282861,331252.0,,mem_uops_retired.all_stores:u,mem_uops_retired.all_stores,8173303.0,100.0,nan,,ok
112.282861,41714.0,,longest_lat_cache.reference:u,longest_lat_cache.reference,8173055.0,100.0,nan,,ok
112.282861,19298.0,,longest_lat_cache.miss:u,longest_lat_cache.miss,8172760.0,100.0,nan,,ok
112.282861,16958.0,,offcore_requests.demand_data_rd:u,offcore_requests.demand_data_rd,8172697.0,100.0,nan,,ok
112.282861,708814.0,,resource_stalls.any:u,resource_stalls.any,4403008.0,53.0,nan,,ok
122.492116,3063939.0,,inst_retired.any:u,inst_retired.any,7451482.0,98.0,nan,,ok
122.492116,4545781.0,,cpu_clk_unhalted.thread:u,cpu_clk_unhalted.thread,3788913.0,50.0,nan,,ok
122.492116,665119.0,,br_inst_retired.all_branches:u,br_inst_retired.all_branches,4761436.0,70.0,nan,,ok
122.492116,34125.0,,br_misp_retired.all_branches:u,br_misp_retired.all_branches,6591032.0,100.0,nan,,ok
122.492116,800894.0,,mem_uops_retired.all_loads:u,mem_uops_retired.all_loads,7532100.0,100.0,nan,,ok
122.492116,328473.0,,mem_uops_retired.all_stores:u,mem_uops_retired.all_stores,7532095.0,100.0,nan,,ok
122.492116,40614.0,,longest_lat_cache.reference:u,longest_lat_cache.reference,7532226.0,100.0,nan,,ok
122.492116,17668.0,,longest_lat_cache.miss:u,longest_lat_cache.miss,7532138.0,100.0,nan,,ok
122.492116,16337.0,,offcore_requests.demand_data_rd:u,offcore_requests.demand_data_rd,7532042.0,100.0,nan,,ok
122.492116,580161.0,,resource_stalls.any:u,resource_stalls.any,7452350.0,98.0,nan,,ok
132.71365600000001,2903176.0,,inst_retired.any:u,inst_retired.any,7719630.0,100.0,nan,,ok
132.71365600000001,4265585.0,,cpu_clk_unhalted.thread:u,cpu_clk_unhalted.thread,4784239.0,62.0,nan,,ok
132.71365600000001,763002.0,,br_inst_retired.all_branches:u,br_inst_retired.all_branches,3435234.0,44.0,nan,,ok
132.71365600000001,35904.0,,br_misp_retired.all_branches:u,br_misp_retired.all_branches,7207082.0,100.0,nan,,ok
132.71365600000001,771238.0,,mem_uops_retired.all_loads:u,mem_uops_retired.all_loads,7708547.0,100.0,nan,,ok
132.71365600000001,314464.0,,mem_uops_retired.all_stores:u,mem_uops_retired.all_stores,7706078.0,100.0,nan,,ok
132.71365600000001,38916.0,,longest_lat_cache.reference:u,longest_lat_cache.reference,7703626.0,100.0,nan,,ok
132.71365600000001,16539.0,,longest_lat_cache.miss:u,longest_lat_cache.miss,7701141.0,100.0,nan,,ok
132.71365600000001,15727.0,,offcore_requests.demand_data_rd:u,offcore_requests.demand_data_rd,7698814.0,100.0,nan,,ok
132.71365600000001,552952.0,,resource_stalls.any:u,resource_stalls.any,7696452.0,100.0,nan,,ok
142.921134,2920257.0,,inst_retired.any:u,inst_retired.any,7067575.0,100.0,nan,,ok
142.921134,5005108.0,,cpu_clk_unhalted.thread:u,cpu_clk_unhalted.thread,6905813.0,97.0,nan,,ok
142.921134,524839.0,,br_inst_retired.all_branches:u,br_inst_retired.all_branches,6528784.0,92.0,nan,,ok
142.921134,30180.0,,br_misp_retired.all_branches:u,br_misp_retired.all_branches,3894212.0,61.0,nan,,ok
142.921134,833176.0,,mem_uops_retired.all_loads:u,mem_uops_retired.all_loads,5415323.0,76.0,nan,,ok
142.921134,295524.0,,mem_uops_retired.all_stores:u,mem_uops_retired.all_stores,5817337.0,88.0,nan,,ok
142.921134,38274.0,,longest_lat_cache.reference:u,longest_lat_cache.reference,6826551.0,100.0,nan,,ok
142.921134,17307.0,,longest_lat_cache.miss:u,longest_lat_cache.miss,7085734.0,100.0,nan,,ok
142.921134,15990.0,,offcore_requests.demand_data_rd:u,offcore_requests.demand_data_rd,7088224.0,100.0,nan,,ok
142.921134,558356.0,,resource_stalls.any:u,resource_stalls.any,7090473.0,100.0,nan,,ok
153.136618,2755751.0,,inst_retired.any:u,inst_retired.any,7196525.0,100.0,nan,,ok
153.136618,4912986.0,,cpu_clk_unhalted.thread:u,cpu_clk_unhalted.thread,7192556.0,100.0,nan,,ok
153.136618,598048.0,,br_inst_retired.all_branches:u,br_inst_retired.all_branches,7189830.0,100.0,nan,,ok
153.136618,26652.0,,br_misp_retired.all_branches:u,br_misp_retired.all_branches,4796358.0,66.0,nan,,ok
153.136618,837214.0,,mem_uops_retired.all_loads:u,mem_uops_retired.all_loads,3018905.0,42.0,nan,,ok
153.136618,280387.0,,mem_uops_retired.all_stores:u,mem_uops_retired.all_stores,6553822.0,99.0,nan,,ok
153.136618,38611.0,,longest_lat_cache.reference:u,longest_lat_cache.reference,7181009.0,100.0,nan,,ok
153.136618,16974.0,,longest_lat_cache.miss:u,longest_lat_cache.miss,7178366.0,100.0,nan,,ok
153.136618,15761.0,,offcore_requests.demand_data_rd:u,offcore_requests.demand_data_rd,7175876.0,100.0,nan,,ok
153.136618,524934.0,,resource_stalls.any:u,resource_stalls.any,7173627.0,100.0,nan,,ok
163.342804,3317958.0,,inst_retired.any:u,inst_retired.any,7797478.0,100.0,nan,,ok
163.342804,5541170.0,,cpu_clk_unhalted.thread:u,cpu_clk_unhalted.thread,7801573.0,100.0,nan,,ok
163.342804,724507.0,,br_inst_retired.all_branches:u,br_inst_retired.all_branches,7804453.0,100.0,nan,,ok
163.342804,38871.0,,br_misp_retired.all_branches:u,br_misp_retired.all_branches,5771855.0,73.0,nan,,ok
163.342804,640880.0,,mem_uops_retired.all_loads:u,mem_uops_retired.all_loads,4076898.0,59.0,nan,,ok
163.342804,392890.0,,mem_uops_retired.all_stores:u,mem_uops_retired.all_stores,6379747.0,85.0,nan,,ok
163.342804,38582.0,,longest_lat_cache.reference:u,longest_lat_cache.reference,7200571.0,100.0,nan,,ok
163.342804,17490.0,,longest_lat_cache.miss:u,longest_lat_cache.miss,7815719.0,100.0,nan,,ok
163.342804,17168.0,,offcore_requests.demand_data_rd:u,offcore_requests.demand_data_rd,7818534.0,100.0,nan,,ok
163.342804,573235.0,,resource_stalls.any:u,resource_stalls.any,7820778.0,100.0,nan,,ok
173.557221,2582249.0,,inst_retired.any:u,inst_retired.any,7142803.0,100.0,nan,,ok
173.557221,4567858.0,,cpu_clk_unhalted.thread:u,cpu_clk_unhalted.thread,7142338.0,100.0,nan,,ok
173.557221,559139.0,,br_inst_retired.all_branches:u,br_inst_retired.all_branches,7141806.0,100.0,nan,,ok
173.557221,31473.0,,br_misp_retired.all_branches:u,br_misp_retired.all_branches,7141767.0,100.0,nan,,ok
173.557221,690389.0,,mem_uops_retired.all_loads:u,mem_uops_retired.all_loads,7142178.0,100.0,nan,,ok
173.557221,242043.0,,mem_uops_retired.all_stores:u,mem_uops_retired.all_stores,3275743.0,45.0,nan,,ok
173.557221,31309.0,,longest_lat_cache.reference:u,longest_lat_cache.reference,4978245.0,69.0,nan,,ok
173.557221,14654.0,,longest_lat_cache.miss:u,longest_lat_cache.miss,6031123.0,100.0,nan,,ok
173.557221,14606.0,,offcore_requests.demand_data_rd:u,offcore_requests.demand_data_rd,7142398.0,100.0,nan,,ok
173.557221,490644.0,,resource_stalls.any:u,resource_stalls.any,7142409.0,100.0,nan,,ok
183.76503699999998,2742374.0,,inst_retired.any:u,inst_retired.any,6776344.0,100.0,nan,,ok
183.76503699999998,4754123.0,,cpu_clk_unhalted.thread:u,cpu_clk_unhalted.thread,6772714.0,100.0,nan,,ok
183.76503699999998,601449.0,,br_inst_retired.all_branches:u,br_inst_retired.all_branches,6770366.0,100.0,nan,,ok
183.76503699999998,33441.0,,br_misp_retired.all_branches:u,br_misp_retired.all_branches,6768036.0,100.0,nan,,ok
183.76503699999998,719362.0,,mem_uops_retired.all_loads:u,mem_uops_retired.all_loads,6765478.0,100.0,nan,,ok
183.76503699999998,259092.0,,mem_uops_retired.all_stores:u,mem_uops_retired.all_stores,2871407.0,42.0,nan,,ok
183.76503699999998,32385.0,,longest_lat_cache.reference:u,longest_lat_cache.reference,5043866.0,76.0,nan,,ok
183.76503699999998,16396.0,,longest_lat_cache.miss:u,longest_lat_cache.miss,5603867.0,89.0,nan,,ok
183.76503699999998,13733.0,,offcore_requests.demand_data_rd:u,offcore_requests.demand_data_rd,6755693.0,100.0,nan,,ok
183.76503699999998,488937.0,,resource_stalls.any:u,resource_stalls.any,6753438.0,100.0,nan,,ok
193.97166399999998,2430177.0,,inst_retired.any:u,inst_retired.any,6113678.0,100.0,nan,,ok
193.97166399999998,4343450.0,,cpu_clk_unhalted.thread:u,cpu_clk_unhalted.thread,6117331.0,100.0,nan,,ok
193.97166399999998,527012.0,,br_inst_retired.all_branches:u,br_inst_retired.all_branches,6119854.0,100.0,nan,,ok
193.97166399999998,28979.0,,br_misp_retired.all_branches:u,br_misp_retired.all_branches,6122424.0,100.0,nan,,ok
193.97166399999998,630696.0,,mem_uops_retired.all_loads:u,mem_uops_retired.all_loads,6138669.0,100.0,nan,,ok
193.97166399999998,257933.0,,mem_uops_retired.all_stores:u,mem_uops_retired.all_stores,6141316.0,100.0,nan,,ok
193.97166399999998,32632.0,,longest_lat_cache.reference:u,longest_lat_cache.reference,6126277.0,99.0,nan,,ok
193.97166399999998,16800.0,,longest_lat_cache.miss:u,longest_lat_cache.miss,2695158.0,43.0,nan,,ok
193.97166399999998,9206.0,,offcore_requests.demand_data_rd:u,offcore_requests.demand_data_rd,3870191.0,72.0,nan,,ok
193.97166399999998,493958.0,,resource_stalls.any:u,resource_stalls.any,5747376.0,99.0,nan,,ok
204.204492,3167154.0,,inst_retired.any:u,inst_retired.any,7149337.0,100.0,nan,,ok
204.204492,5026277.0,,cpu_clk_unhalted.thread:u,cpu_clk_unhalted.thread,7149507.0,100.0,nan,,ok
204.204492,695578.0,,br_inst_retired.all_branches:u,br_inst_retired.all_branches,7149761.0,100.0,nan,,ok
204.204492,35915.0,,br_misp_retired.all_branches:u,br_misp_retired.all_branches,7149804.0,100.0,nan,,ok
204.204492,819937.0,,mem_uops_retired.all_loads:u,mem_uops_retired.all_loads,7136159.0,100.0,nan,,ok
204.204492,349210.0,,mem_uops_retired.all_stores:u,mem_uops_retired.all_stores,7136154.0,100.0,nan,,ok
204.204492,37465.0,,longest_lat_cache.reference:u,longest_lat_cache.reference,7136224.0,100.0,nan,,ok
204.204492,11109.0,,longest_lat_cache.miss:u,longest_lat_cache.miss,4453472.0,62.0,nan,,ok
204.204492,14640.0,,offcore_requests.demand_data_rd:u,offcore_requests.demand_data_rd,3668470.0,51.0,nan,,ok
204.204492,441861.0,,resource_stalls.any:u,resource_stalls.any,6152867.0,100.0,nan,,ok
214.41378799999998,2799442.0,,inst_retired.any:u,inst_retired.any,6617526.0,100.0,nan,,ok
214.41378799999998,4867228.0,,cpu_clk_unhalted.thread:u,cpu_clk_unhalted.thread,6613703.0,100.0,nan,,ok
214.41378799999998,606076.0,,br_inst_retired.all_branches:u,br_inst_retired.all_branches,6610926.0,100.0,nan,,ok
214.41378799999998,33383.0,,br_misp_retired.all_branches:u,br_misp_retired.all_branches,6608313.0,100.0,nan,,ok
214.41378799999998,722794.0,,mem_uops_retired.all_loads:u,mem_uops_retired.all_loads,6605713.0,100.0,nan,,ok
214.41378799999998,306571.0,,mem_uops_retired.all_stores:u,mem_uops_retired.all_stores,6603071.0,100.0,nan,,ok
214.41378799999998,37945.0,,longest_lat_cache.reference:u,longest_lat_cache.reference,6600523.0,100.0,nan,,ok
214.41378799999998,17894.0,,longest_lat_cache.miss:u,longest_lat_cache.miss,3011279.0,45.0,nan,,ok
214.41378799999998,12105.0,,offcore_requests.demand_data_rd:u,offcore_requests.demand_data_rd,4358121.0,66.0,nan,,ok
214.41378799999998,523053.0,,resource_stalls.any:u,resource_stalls.any,5821665.0,99.0,nan,,ok
224.608792,2415344.0,,inst_retired.any:u,inst_retired.any,4353262.0,81.0,nan,,ok
224.608792,4497695.0,,cpu_clk_unhalted.thread:u,cpu_clk_unhalted.thread,6216272.0,100.0,nan,,ok
224.608792,615040.0,,br_inst_retired.all_branches:u,br_inst_retired.all_branches,6219540.0,100.0,nan,,ok
224.608792,31503.0,,br_misp_retired.all_branches:u,br_misp_retired.all_branches,6221973.0,100.0,nan,,ok
224.608792,730548.0,,mem_uops_retired.all_loads:u,mem_uops_retired.all_loads,6224381.0,100.0,nan,,ok
224.608792,308114.0,,mem_uops_retired.all_stores:u,mem_uops_retired.all_stores,6227239.0,100.0,nan,,ok
224.608792,34394.0,,longest_lat_cache.reference:u,longest_lat_cache.reference,6229585.0,100.0,nan,,ok
224.608792,15183.0,,longest_lat_cache.miss:u,longest_lat_cache.miss,4909240.0,78.0,nan,,ok
224.608792,13142.0,,offcore_requests.demand_data_rd:u,offcore_requests.demand_data_rd,4518191.0,72.0,nan,,ok
224.608792,345965.0,,resource_stalls.any:u,resource_stalls.any,3039713.0,58.0,nan,,ok
234.82281799999998,3681793.0,,inst_retired.any:u,inst_retired.any,7199021.0,85.0,nan,,ok
234.82281799999998,5900091.0,,cpu_clk_unhalted.thread:u,cpu_clk_unhalted.thread,6547855.0,78.0,nan,,ok
234.82281799999998,629726.0,,br_inst_retired.all_branches:u,br_inst_retired.all_branches,5753470.0,78.0,nan,,ok
234.82281799999998,46464.0,,br_misp_retired.all_branches:u,br_misp_retired.all_branches,6019997.0,71.0,nan,,ok
234.82281799999998,935467.0,,mem_uops_retired.all_loads:u,mem_uops_retired.all_loads,7943518.0,100.0,nan,,ok
234.82281799999998,404858.0,,mem_uops_retired.all_stores:u,mem_uops_retired.all_stores,8367419.0,100.0,nan,,ok
234.82281799999998,47439.0,,longest_lat_cache.reference:u,longest_lat_cache.reference,8367648.0,100.0,nan,,ok
234.82281799999998,17720.0,,longest_lat_cache.miss:u,longest_lat_cache.miss,8367488.0,100.0,nan,,ok
234.82281799999998,19164.0,,offcore_requests.demand_data_rd:u,offcore_requests.demand_data_rd,8367348.0,100.0,nan,,ok
234.82281799999998,649980.0,,resource_stalls.any:u,resource_stalls.any,7222559.0,86.0,nan,,ok
245.004012,2990763.0,,inst_retired.any:u,inst_retired.any,6219570.0,100.0,nan,,ok
245.004012,4685720.0,,cpu_clk_unhalted.thread:u,cpu_clk_unhalted.thread,6215120.0,100.0,nan,,ok
245.004012,445579.0,,br_inst_retired.all_branches:u,br_inst_retired.all_branches,2990456.0,48.0,nan,,ok
245.004012,32633.0,,br_misp_retired.all_branches:u,br_misp_retired.all_branches,3579109.0,67.0,nan,,ok
245.004012,736687.0,,mem_uops_retired.all_loads:u,mem_uops_retired.all_loads,5851994.0,100.0,nan,,ok
245.004012,328823.0,,mem_uops_retired.all_stores:u,mem_uops_retired.all_stores,6205911.0,100.0,nan,,ok
245.004012,35733.0,,longest_lat_cache.reference:u,longest_lat_cache.reference,6203336.0,100.0,nan,,ok
245.004012,15141.0,,longest_lat_cache.miss:u,longest_lat_cache.miss,6200795.0,100.0,nan,,ok
245.004012,13735.0,,offcore_requests.demand_data_rd:u,offcore_requests.demand_data_rd,6198363.0,100.0,nan,,ok
245.004012,451419.0,,resource_stalls.any:u,resource_stalls.any,6196032.0,100.0,nan,,ok
255.20288299999999,3374007.0,,inst_retired.any:u,inst_retired.any,8199516.0,100.0,nan,,ok
255.20288299999999,5708658.0,,cpu_clk_unhalted.thread:u,cpu_clk_unhalted.thread,8204244.0,100.0,nan,,ok
255.20288299999999,668055.0,,br_inst_retired.all_branches:u,br_inst_retired.all_branches,5922943.0,72.0,nan,,ok
255.20288299999999,40457.0,,br_misp_retired.all_branches:u,br_misp_retired.all_branches,4026275.0,49.0,nan,,ok
255.20288299999999,780050.0,,mem_uops_retired.all_loads:u,mem_uops_retired.all_loads,6466448.0,95.0,nan,,ok
255.20288299999999,359563.0,,mem_uops_retired.all_stores:u,mem_uops_retired.all_stores,8213082.0,100.0,nan,,ok
255.20288299999999,42832.0,,longest_lat_cache.reference:u,longest_lat_cache.reference,8215382.0,100.0,nan,,ok
255.20288299999999,18068.0,,longest_lat_cache.miss:u,longest_lat_cache.miss,8217523.0,100.0,nan,,ok
255.20288299999999,17447.0,,offcore_requests.demand_data_rd:u,offcore_requests.demand_data_rd,8220145.0,100.0,nan,,ok
255.20288299999999,593582.0,,resource_stalls.any:u,resource_stalls.any,8222495.0,100.0,nan,,ok
265.41123500000003,3196681.0,,inst_retired.any:u,inst_retired.any,7436889.0,100.0,nan,,ok
265.41123500000003,5351828.0,,cpu_clk_unhalted.thread:u,cpu_clk_unhalted.thread,7436351.0,100.0,nan,,ok
265.41123500000003,703072.0,,br_inst_retired.all_branches:u,br_inst_retired.all_branches,7436303.0,100.0,nan,,ok
265.41123500000003,27857.0,,br_misp_retired.all_branches:u,br_misp_retired.all_branches,4650121.0,62.0,nan,,ok
265.41123500000003,938485.0,,mem_uops_retired.all_loads:u,mem_uops_retired.all_loads,4731709.0,63.0,nan,,ok
265.41123500000003,311409.0,,mem_uops_retired.all_stores:u,mem_uops_retired.all_stores,5783012.0,88.0,nan,,ok
265.41123500000003,41089.0,,longest_lat_cache.reference:u,longest_lat_cache.reference,7144603.0,99.0,nan,,ok
265.41123500000003,17496.0,,longest_lat_cache.miss:u,longest_lat_cache.miss,7437427.0,100.0,nan,,ok
265.41123500000003,16972.0,,offcore_requests.demand_data_rd:u,offcore_requests.demand_data_rd,7437200.0,100.0,nan,,ok
265.41123500000003,564125.0,,resource_stalls.any:u,resource_stalls.any,7437516.0,100.0,nan,,ok
275.618095,3615637.0,,inst_retired.any:u,inst_retired.any,8880913.0,100.0,nan,,ok
275.618095,6228895.0,,cpu_clk_unhalted.thread:u,cpu_clk_unhalted.thread,8881130.0,100.0,nan,,ok
275.618095,782484.0,,br_inst_retired.all_branches:u,br_inst_retired.all_branches,8881189.0,100.0,nan,,ok
275.618095,43959.0,,br_misp_retired.all_branches:u,br_misp_retired.all_branches,8792589.0,100.0,nan,,ok
275.618095,981979.0,,mem_uops_retired.all_loads:u,mem_uops_retired.all_loads,7557498.0,85.0,nan,,ok
275.618095,369594.0,,mem_uops_retired.all_stores:u,mem_uops_retired.all_stores,7987097.0,89.0,nan,,ok
275.618095,48636.0,,longest_lat_cache.reference:u,longest_lat_cache.reference,5520875.0,62.0,nan,,ok
275.618095,17411.0,,longest_lat_cache.miss:u,longest_lat_cache.miss,6614776.0,82.0,nan,,ok
275.618095,18021.0,,offcore_requests.demand_data_rd:u,offcore_requests.demand_data_rd,7931616.0,100.0,nan,,ok
275.618095,668346.0,,resource_stalls.any:u,resource_stalls.any,8881624.0,100.0,nan,,ok
285.825356,3295373.0,,inst_retired.any:u,inst_retired.any,7479213.0,100.0,nan,,ok
285.825356,5242585.0,,cpu_clk_unhalted.thread:u,cpu_clk_unhalted.thread,7478891.0,100.0,nan,,ok
285.825356,724570.0,,br_inst_retired.all_branches:u,br_inst_retired.all_branches,7478849.0,100.0,nan,,ok
285.825356,37194.0,,br_misp_retired.all_branches:u,br_misp_retired.all_branches,7478883.0,100.0,nan,,ok
285.825356,841688.0,,mem_uops_retired.all_loads:u,mem_uops_retired.all_loads,7479143.0,100.0,nan,,ok
285.825356,340695.0,,mem_uops_retired.all_stores:u,mem_uops_retired.all_stores,7478963.0,100.0,nan,,ok
285.825356,38990.0,,longest_lat_cache.reference:u,longest_lat_cache.reference,4188053.0,55.0,nan,,ok
285.825356,14677.0,,longest_lat_cache.miss:u,longest_lat_cache.miss,4348353.0,66.0,nan,,ok
285.825356,13563.0,,offcore_requests.demand_data_rd:u,offcore_requests.demand_data_rd,6421279.0,100.0,nan,,ok
285.825356,567935.0,,resource_stalls.any:u,resource_stalls.any,7478427.0,100.0,nan,,ok
296.00493900000004,3842677.0,,inst_retired.any:u,inst_retired.any,8135176.0,100.0,nan,,ok
296.00493900000004,6140841.0,,cpu_clk_unhalted.thread:u,cpu_clk_unhalted.thread,8131091.0,100.0,nan,,ok
296.00493900000004,840340.0,,br_inst_retired.all_branches:u,br_inst_retired.all_branches,8128768.0,100.0,nan,,ok
296.00493900000004,43935.0,,br_misp_retired.all_branches:u,br_misp_retired.all_branches,8126347.0,100.0,nan,,ok
296.00493900000004,980927.0,,mem_uops_retired.all_loads:u,mem_uops_retired.all_loads,8122927.0,100.0,nan,,ok
296.00493900000004,423411.0,,mem_uops_retired.all_stores:u,mem_uops_retired.all_stores,8120611.0,100.0,nan,,ok
296.00493900000004,45747.0,,longest_lat_cache.reference:u,longest_lat_cache.reference,7972826.0,98.0,nan,,ok
296.00493900000004,18044.0,,longest_lat_cache.miss:u,longest_lat_cache.miss,4433579.0,54.0,nan,,ok
296.00493900000004,17589.0,,offcore_requests.demand_data_rd:u,offcore_requests.demand_data_rd,5013321.0,61.0,nan,,ok
296.00493900000004,600807.0,,resource_stalls.any:u,resource_stalls.any,6922172.0,100.0,nan,,ok
306.202627,2432534.0,,inst_retired.any:u,inst_retired.any,6163815.0,100.0,nan,,ok
306.202627,4263876.0,,cpu_clk_unhalted.thread:u,cpu_clk_unhalted.thread,6585644.0,100.0,nan,,ok
306.202627,563987.0,,br_inst_retired.all_branches:u,br_inst_retired.all_branches,6585644.0,100.0,nan,,ok
306.202627,28910.0,,br_misp_retired.all_branches:u,br_misp_retired.all_branches,6585644.0,100.0,nan,,ok
306.202627,672571.0,,mem_uops_retired.all_loads:u,mem_uops_retired.all_loads,6585644.0,100.0,nan,,ok
306.202627,272337.0,,mem_uops_retired.all_stores:u,mem_uops_retired.all_stores,6585644.0,100.0,nan,,ok
306.202627,32320.0,,longest_lat_cache.reference:u,longest_lat_cache.reference,6585644.0,100.0,nan,,ok
306.202627,12504.0,,longest_lat_cache.miss:u,longest_lat_cache.miss,5248668.0,79.0,nan,,ok
306.202627,13345.0,,offcore_requests.demand_data_rd:u,offcore_requests.demand_data_rd,3203713.0,48.0,nan,,ok
306.202627,362181.0,,resource_stalls.any:u,resource_stalls.any,4718907.0,85.0,nan,,ok
316.403691,4049946.0,,inst_retired.any:u,inst_retired.any,6705720.0,85.0,nan,,ok
316.403691,6458595.0,,cpu_clk_unhalted.thread:u,cpu_clk_unhalted.thread,8477528.0,100.0,nan,,ok
316.403691,897874.0,,br_inst_retired.all_branches:u,br_inst_retired.all_branches,9020420.0,100.0,nan,,ok
316.403691,48221.0,,br_misp_retired.all_branches:u,br_misp_retired.all_branches,9022902.0,100.0,nan,,ok
316.403691,1041450.0,,mem_uops_retired.all_loads:u,mem_uops_retired.all_loads,9025368.0,100.0,nan,,ok
316.403691,431413.0,,mem_uops_retired.all_stores:u,mem_uops_retired.all_stores,9028321.0,100.0,nan,,ok
316.403691,52313.0,,longest_lat_cache.reference:u,longest_lat_cache.reference,9030696.0,100.0,nan,,ok
316.403691,21627.0,,longest_lat_cache.miss:u,longest_lat_cache.miss,9032810.0,100.0,nan,,ok
316.403691,20989.0,,offcore_requests.demand_data_rd:u,offcore_requests.demand_data_rd,7379989.0,81.0,nan,,ok
316.403691,383786.0,,resource_stalls.any:u,resource_stalls.any,2195484.0,27.0,nan,,ok
326.611406,3800537.0,,inst_retired.any:u,inst_retired.any,5128320.0,69.0,nan,,ok
326.611406,4949038.0,,cpu_clk_unhalted.thread:u,cpu_clk_unhalted.thread,5552103.0,79.0,nan,,ok
326.611406,679061.0,,br_inst_retired.all_branches:u,br_inst_retired.all_branches,6749984.0,99.0,nan,,ok
326.611406,36452.0,,br_misp_retired.all_branches:u,br_misp_retired.all_branches,7385554.0,100.0,nan,,ok
326.611406,826067.0,,mem_uops_retired.all_loads:u,mem_uops_retired.all_loads,7385502.0,100.0,nan,,ok
326.611406,336262.0,,mem_uops_retired.all_stores:u,mem_uops_retired.all_stores,7384929.0,100.0,nan,,ok
326.611406,40702.0,,longest_lat_cache.reference:u,longest_lat_cache.reference,7385154.0,100.0,nan,,ok
326.611406,17961.0,,longest_lat_cache.miss:u,longest_lat_cache.miss,7385506.0,100.0,nan,,ok
326.611406,16614.0,,offcore_requests.demand_data_rd:u,offcore_requests.demand_data_rd,7385430.0,100.0,nan,,ok
326.611406,618802.0,,resource_stalls.any:u,resource_stalls.any,2469588.0,33.0,nan,,ok
336.827408,3033584.0,,inst_retired.any:u,inst_retired.any,4193404.0,64.0,nan,,ok
336.827408,4244463.0,,cpu_clk_unhalted.thread:u,cpu_clk_unhalted.thread,5960292.0,100.0,nan,,ok
336.827408,609846.0,,br_inst_retired.all_branches:u,br_inst_retired.all_branches,6509882.0,100.0,nan,,ok
336.827408,31179.0,,br_misp_retired.all_branches:u,br_misp_retired.all_branches,6510034.0,100.0,nan,,ok
336.827408,711756.0,,mem_uops_retired.all_loads:u,mem_uops_retired.all_loads,6510272.0,100.0,nan,,ok
336.827408,287947.0,,mem_uops_retired.all_stores:u,mem_uops_retired.all_stores,6510216.0,100.0,nan,,ok
336.827408,33355.0,,longest_lat_cache.reference:u,longest_lat_cache.reference,6510175.0,100.0,nan,,ok
336.827408,13624.0,,longest_lat_cache.miss:u,longest_lat_cache.miss,6510099.0,100.0,nan,,ok
336.827408,13485.0,,offcore_requests.demand_data_rd:u,offcore_requests.demand_data_rd,6510171.0,100.0,nan,,ok
336.827408,177498.0,,resource_stalls.any:u,resource_stalls.any,549201.0,8.0,nan,,ok
347.006844,3323320.0,,inst_retired.any:u,inst_retired.any,5926973.0,68.0,nan,,ok
347.006844,6403245.0,,cpu_clk_unhalted.thread:u,cpu_clk_unhalted.thread,5245883.0,67.0,nan,,ok
347.006844,809853.0,,br_inst_retired.all_branches:u,br_inst_retired.all_branches,7149311.0,90.0,nan,,ok
347.006844,45438.0,,br_misp_retired.all_branches:u,br_misp_retired.all_branches,8352213.0,100.0,nan,,ok
347.006844,995995.0,,mem_uops_retired.all_loads:u,mem_uops_retired.all_loads,8589782.0,100.0,nan,,ok
347.006844,413703.0,,mem_uops_retired.all_stores:u,mem_uops_retired.all_stores,8587458.0,100.0,nan,,ok
347.006844,49104.0,,longest_lat_cache.reference:u,longest_lat_cache.reference,8584899.0,100.0,nan,,ok
347.006844,20672.0,,longest_lat_cache.miss:u,longest_lat_cache.miss,8582509.0,100.0,nan,,ok
347.006844,19746.0,,offcore_requests.demand_data_rd:u,offcore_requests.demand_data_rd,8580011.0,100.0,nan,,ok
347.006844,745692.0,,resource_stalls.any:u,resource_stalls.any,5037716.0,58.0,nan,,ok
357.210397,1725955.0,,inst_retired.any:u,inst_retired.any,3962233.0,96.0,nan,,ok
357.210397,2448688.0,,cpu_clk_unhalted.thread:u,cpu_clk_unhalted.thread,2744942.0,66.0,nan,,ok
357.210397,352492.0,,br_inst_retired.all_branches:u,br_inst_retired.all_branches,2483229.0,60.0,nan,,ok
357.210397,14336.0,,br_misp_retired.all_branches:u,br_misp_retired.all_branches,3113280.0,93.0,nan,,ok
357.210397,432688.0,,mem_uops_retired.all_loads:u,mem_uops_retired.all_loads,4108472.0,100.0,nan,,ok
357.210397,175720.0,,mem_uops_retired.all_stores:u,mem_uops_retired.all_stores,4110825.0,100.0,nan,,ok
357.210397,21279.0,,longest_lat_cache.reference:u,longest_lat_cache.reference,4113048.0,100.0,nan,,ok
357.210397,10190.0,,longest_lat_cache.miss:u,longest_lat_cache.miss,4115809.0,100.0,nan,,ok
357.210397,8494.0,,offcore_requests.demand_data_rd:u,offcore_requests.demand_data_rd,4118352.0,100.0,nan,,ok
357.210397,323825.0,,resource_stalls.any:u,resource_stalls.any,3985176.0,96.0,nan,,ok
367.425062,3165818.0,,inst_retired.any:u,inst_retired.any,7654809.0,100.0,nan,,ok
367.425062,5324036.0,,cpu_clk_unhalted.thread:u,cpu_clk_unhalted.thread,7654611.0,100.0,nan,,ok
367.425062,688510.0,,br_inst_retired.all_branches:u,br_inst_retired.all_branches,7422030.0,96.0,nan,,ok
367.425062,32300.0,,br_misp_retired.all_branches:u,br_misp_retired.all_branches,4513465.0,58.0,nan,,ok
367.425062,806746.0,,mem_uops_retired.all_loads:u,mem_uops_retired.all_loads,4781179.0,68.0,nan,,ok
367.425062,319489.0,,mem_uops_retired.all_stores:u,mem_uops_retired.all_stores,6474414.0,89.0,nan,,ok
367.425062,39816.0,,longest_lat_cache.reference:u,longest_lat_cache.reference,7425425.0,100.0,nan,,ok
367.425062,17712.0,,longest_lat_cache.miss:u,longest_lat_cache.miss,7654074.0,100.0,nan,,ok
367.425062,16622.0,,offcore_requests.demand_data_rd:u,offcore_requests.demand_data_rd,7653779.0,100.0,nan,,ok
367.425062,556800.0,,resource_stalls.any:u,resource_stalls.any,7653994.0,100.0,nan,,ok
377.634839,2718492.0,,inst_retired.any:u,inst_retired.any,6873671.0,100.0,nan,,ok
377.634839,4721670.0,,cpu_clk_unhalted.thread:u,cpu_clk_unhalted.thread,6873788.0,100.0,nan,,ok
377.634839,594436.0,,br_inst_retired.all_branches:u,br_inst_retired.all_branches,6873635.0,100.0,nan,,ok
377.634839,31896.0,,br_misp_retired.all_branches:u,br_misp_retired.all_branches,6783881.0,98.0,nan,,ok
377.634839,587112.0,,mem_uops_retired.all_loads:u,mem_uops_retired.all_loads,5258797.0,76.0,nan,,ok
377.634839,298480.0,,mem_uops_retired.all_stores:u,mem_uops_retired.all_stores,3515849.0,58.0,nan,,ok
377.634839,32162.0,,longest_lat_cache.reference:u,longest_lat_cache.reference,5471972.0,87.0,nan,,ok
377.634839,16253.0,,longest_lat_cache.miss:u,longest_lat_cache.miss,6464191.0,100.0,nan,,ok
377.634839,14740.0,,offcore_requests.demand_data_rd:u,offcore_requests.demand_data_rd,6874513.0,100.0,nan,,ok
377.634839,526738.0,,resource_stalls.any:u,resource_stalls.any,6874869.0,100.0,nan,,ok
387.837684,3648633.0,,inst_retired.any:u,inst_retired.any,7342987.0,100.0,nan,,ok
387.837684,5439687.0,,cpu_clk_unhalted.thread:u,cpu_clk_unhalted.thread,7342898.0,100.0,nan,,ok
387.837684,805068.0,,br_inst_retired.all_branches:u,br_inst_retired.all_branches,7342785.0,100.0,nan,,ok
387.837684,38164.0,,br_misp_retired.all_branches:u,br_misp_retired.all_branches,7342934.0,100.0,nan,,ok
387.837684,919130.0,,mem_uops_retired.all_loads:u,mem_uops_retired.all_loads,7342868.0,100.0,nan,,ok
387.837684,214766.0,,mem_uops_retired.all_stores:u,mem_uops_retired.all_stores,4660188.0,63.0,nan,,ok
387.837684,42112.0,,longest_lat_cache.reference:u,longest_lat_cache.reference,3231994.0,44.0,nan,,ok
387.837684,16137.0,,longest_lat_cache.miss:u,longest_lat_cache.miss,6791945.0,100.0,nan,,ok
387.837684,16664.0,,offcore_requests.demand_data_rd:u,offcore_requests.demand_data_rd,7343363.0,100.0,nan,,ok
387.837684,584790.0,,resource_stalls.any:u,resource_stalls.any,7343413.0,100.0,nan,,ok
398.002795,3194326.0,,inst_retired.any:u,inst_retired.any,7413720.0,99.0,nan,,ok
398.002795,5158589.0,,cpu_clk_unhalted.thread:u,cpu_clk_unhalted.thread,7424839.0,100.0,nan,,ok
398.002795,708784.0,,br_inst_retired.all_branches:u,br_inst_retired.all_branches,7424868.0,100.0,nan,,ok
398.002795,35876.0,,br_misp_retired.all_branches:u,br_misp_retired.all_branches,7424740.0,100.0,nan,,ok
398.002795,817873.0,,mem_uops_retired.all_loads:u,mem_uops_retired.all_loads,7424697.0,100.0,nan,,ok
398.002795,337219.0,,mem_uops_retired.all_stores:u,mem_uops_retired.all_stores,7278706.0,100.0,nan,,ok
398.002795,37536.0,,longest_lat_cache.reference:u,longest_lat_cache.reference,7289233.0,98.0,nan,,ok
398.002795,15042.0,,longest_lat_cache.miss:u,longest_lat_cache.miss,4631122.0,62.0,nan,,ok
398.002795,13547.0,,offcore_requests.demand_data_rd:u,offcore_requests.demand_data_rd,4918227.0,66.0,nan,,ok
398.002795,426477.0,,resource_stalls.any:u,resource_stalls.any,5576894.0,88.0,nan,,ok
408.209431,3978862.0,,inst_retired.any:u,inst_retired.any,5535349.0,70.0,nan,,ok
408.209431,6288400.0,,cpu_clk_unhalted.thread:u,cpu_clk_unhalted.thread,6561249.0,83.0,nan,,ok
408.209431,840016.0,,br_inst_retired.all_branches:u,br_inst_retired.all_branches,7674662.0,100.0,nan,,ok
408.209431,47997.0,,br_misp_retired.all_branches:u,br_misp_retired.all_branches,8629990.0,100.0,nan,,ok
408.209431,1068283.0,,mem_uops_retired.all_loads:u,mem_uops_retired.all_loads,8630386.0,100.0,nan,,ok
408.209431,449024.0,,mem_uops_retired.all_stores:u,mem_uops_retired.all_stores,8630236.0,100.0,nan,,ok
408.209431,52953.0,,longest_lat_cache.reference:u,longest_lat_cache.reference,8629366.0,100.0,nan,,ok
408.209431,20594.0,,longest_lat_cache.miss:u,longest_lat_cache.miss,8629542.0,100.0,nan,,ok
408.209431,21183.0,,offcore_requests.demand_data_rd:u,offcore_requests.demand_data_rd,8446924.0,97.0,nan,,ok
408.209431,567423.0,,resource_stalls.any:u,resource_stalls.any,3225942.0,40.0,nan,,ok
418.416321,2291832.0,,inst_retired.any:u,inst_retired.any,6276632.0,100.0,nan,,ok
418.416321,4297590.0,,cpu_clk_unhalted.thread:u,cpu_clk_unhalted.thread,3511109.0,55.0,nan,,ok
418.416321,429205.0,,br_inst_retired.all_branches:u,br_inst_retired.all_branches,3827048.0,60.0,nan,,ok
418.416321,25874.0,,br_misp_retired.all_branches:u,br_misp_retired.all_branches,5214400.0,94.0,nan,,ok
418.416321,586574.0,,mem_uops_retired.all_loads:u,mem_uops_retired.all_loads,6277560.0,100.0,nan,,ok
418.416321,233384.0,,mem_uops_retired.all_stores:u,mem_uops_retired.all_stores,6277754.0,100.0,nan,,ok
418.416321,29594.0,,longest_lat_cache.reference:u,longest_lat_cache.reference,6278991.0,100.0,nan,,ok
418.416321,13980.0,,longest_lat_cache.miss:u,longest_lat_cache.miss,6278978.0,100.0,nan,,ok
418.416321,11820.0,,offcore_requests.demand_data_rd:u,offcore_requests.demand_data_rd,6279181.0,100.0,nan,,ok
418.416321,430357.0,,resource_stalls.any:u,resource_stalls.any,6279224.0,100.0,nan,,ok
428.636813,3366917.0,,inst_retired.any:u,inst_retired.any,7626434.0,100.0,nan,,ok
428.636813,5399287.0,,cpu_clk_unhalted.thread:u,cpu_clk_unhalted.thread,7626633.0,100.0,nan,,ok
428.636813,776653.0,,br_inst_retired.all_branches:u,br_inst_retired.all_branches,7061525.0,92.0,nan,,ok
428.636813,37475.0,,br_misp_retired.all_branches:u,br_misp_retired.all_branches,5370583.0,70.0,nan,,ok
428.636813,768680.0,,mem_uops_retired.all_loads:u,mem_uops_retired.all_loads,6022044.0,83.0,nan,,ok
428.636813,320631.0,,mem_uops_retired.all_stores:u,mem_uops_retired.all_stores,5571696.0,76.0,nan,,ok
428.636813,40150.0,,longest_lat_cache.reference:u,longest_lat_cache.reference,6889039.0,90.0,nan,,ok
428.636813,17828.0,,longest_lat_cache.miss:u,longest_lat_cache.miss,7206123.0,100.0,nan,,ok
428.636813,16340.0,,offcore_requests.demand_data_rd:u,offcore_requests.demand_data_rd,7624141.0,100.0,nan,,ok
428.636813,601962.0,,resource_stalls.any:u,resource_stalls.any,7623947.0,100.0,nan,,ok
438.860391,2435811.0,,inst_retired.any:u,inst_retired.any,5754621.0,100.0,nan,,ok
438.860391,3912420.0,,cpu_clk_unhalted.thread:u,cpu_clk_unhalted.thread,5749984.0,100.0,nan,,ok
438.860391,537356.0,,br_inst_retired.all_branches:u,br_inst_retired.all_branches,5747637.0,100.0,nan,,ok
438.860391,26360.0,,br_misp_retired.all_branches:u,br_misp_retired.all_branches,5745014.0,100.0,nan,,ok
438.860391,620737.0,,mem_uops_retired.all_loads:u,mem_uops_retired.all_loads,5742650.0,100.0,nan,,ok
438.860391,196543.0,,mem_uops_retired.all_stores:u,mem_uops_retired.all_stores,2162610.0,37.0,nan,,ok
438.860391,26423.0,,longest_lat_cache.reference:u,longest_lat_cache.reference,4251139.0,74.0,nan,,ok
438.860391,12406.0,,longest_lat_cache.miss:u,longest_lat_cache.miss,5060484.0,98.0,nan,,ok
438.860391,11839.0,,offcore_requests.demand_data_rd:u,offcore_requests.demand_data_rd,5733670.0,100.0,nan,,ok
438.860391,407740.0,,resource_stalls.any:u,resource_stalls.any,5731386.0,100.0,nan,,ok
449.082516,2682140.0,,inst_retired.any:u,inst_retired.any,6868385.0,100.0,nan,,ok
449.082516,4380122.0,,cpu_clk_unhalted.thread:u,cpu_clk_unhalted.thread,6868385.0,100.0,nan,,ok
449.082516,594332.0,,br_inst_retired.all_branches:u,br_inst_retired.all_branches,6868385.0,100.0,nan,,ok
449.082516,29143.0,,br_misp_retired.all_branches:u,br_misp_retired.all_branches,6868385.0,100.0,nan,,ok
449.082516,696867.0,,mem_uops_retired.all_loads:u,mem_uops_retired.all_loads,6868385.0,100.0,nan,,ok
449.082516,204182.0,,mem_uops_retired.all_stores:u,mem_uops_retired.all_stores,2494493.0,36.0,nan,,ok
449.082516,31369.0,,longest_lat_cache.reference:u,longest_lat_cache.reference,5257036.0,76.0,nan,,ok
449.082516,13670.0,,longest_lat_cache.miss:u,longest_lat_cache.miss,5985241.0,98.0,nan,,ok
449.082516,13356.0,,offcore_requests.demand_data_rd:u,offcore_requests.demand_data_rd,6868385.0,100.0,nan,,ok
449.082516,461419.0,,resource_stalls.any:u,resource_stalls.any,6868385.0,100.0,nan,,ok
459.285321,3414758.0,,inst_retired.any:u,inst_retired.any,7632020.0,100.0,nan,,ok
459.285321,5513254.0,,cpu_clk_unhalted.thread:u,cpu_clk_unhalted.thread,7635797.0,100.0,nan,,ok
459.285321,757528.0,,br_inst_retired.all_branches:u,br_inst_retired.all_branches,7638172.0,100.0,nan,,ok
459.285321,38039.0,,br_misp_retired.all_branches:u,br_misp_retired.all_branches,7640645.0,100.0,nan,,ok
459.285321,865320.0,,mem_uops_retired.all_loads:u,mem_uops_retired.all_loads,7643126.0,100.0,nan,,ok
459.285321,347250.0,,mem_uops_retired.all_stores:u,mem_uops_retired.all_stores,7645641.0,100.0,nan,,ok
459.285321,41350.0,,longest_lat_cache.reference:u,longest_lat_cache.reference,3143903.0,41.0,nan,,ok
459.285321,18575.0,,longest_lat_cache.miss:u,longest_lat_cache.miss,4899303.0,66.0,nan,,ok
459.285321,16360.0,,offcore_requests.demand_data_rd:u,offcore_requests.demand_data_rd,7259892.0,100.0,nan,,ok
459.285321,574252.0,,resource_stalls.any:u,resource_stalls.any,7655614.0,100.0,nan,,ok
469.49134,3399372.0,,inst_retired.any:u,inst_retired.any,7171824.0,100.0,nan,,ok
469.49134,5468060.0,,cpu_clk_unhalted.thread:u,cpu_clk_unhalted.thread,7172553.0,100.0,nan,,ok
469.49134,737493.0,,br_inst_retired.all_branches:u,br_inst_retired.all_branches,7173155.0,100.0,nan,,ok
469.49134,37406.0,,br_misp_retired.all_branches:u,br_misp_retired.all_branches,7173562.0,100.0,nan,,ok
469.49134,861949.0,,mem_uops_retired.all_loads:u,mem_uops_retired.all_loads,7173740.0,100.0,nan,,ok
469.49134,381295.0,,mem_uops_retired.all_stores:u,mem_uops_retired.all_stores,7173773.0,100.0,nan,,ok
469.49134,39746.0,,longest_lat_cache.reference:u,longest_lat_cache.reference,5631200.0,78.0,nan,,ok
469.49134,20233.0,,longest_lat_cache.miss:u,longest_lat_cache.miss,3449327.0,49.0,nan,,ok
469.49134,13144.0,,offcore_requests.demand_data_rd:u,offcore_requests.demand_data_rd,5555594.0,88.0,nan,,ok
469.49134,561315.0,,resource_stalls.any:u,resource_stalls.any,6884756.0,100.0,nan,,ok
479.711027,3435508.0,,inst_retired.any:u,inst_retired.any,7770246.0,100.0,nan,,ok
479.711027,5659433.0,,cpu_clk_unhalted.thread:u,cpu_clk_unhalted.thread,8016534.0,100.0,nan,,ok
479.711027,768525.0,,br_inst_retired.all_branches:u,br_inst_retired.all_branches,8015828.0,100.0,nan,,ok
479.711027,39581.0,,br_misp_retired.all_branches:u,br_misp_retired.all_branches,8015263.0,100.0,nan,,ok
479.711027,903746.0,,mem_uops_retired.all_loads:u,mem_uops_retired.all_loads,8014750.0,100.0,nan,,ok
479.711027,363228.0,,mem_uops_retired.all_stores:u,mem_uops_retired.all_stores,8014530.0,100.0,nan,,ok
479.711027,42014.0,,longest_lat_cache.reference:u,longest_lat_cache.reference,8014006.0,100.0,nan,,ok
479.711027,16582.0,,longest_lat_cache.miss:u,longest_lat_cache.miss,4199108.0,52.0,nan,,ok
479.711027,16507.0,,offcore_requests.demand_data_rd:u,offcore_requests.demand_data_rd,5532974.0,69.0,nan,,ok
479.711027,558731.0,,resource_stalls.any:u,resource_stalls.any,6294024.0,88.0,nan,,ok
489.918693,3253288.0,,inst_retired.any:u,inst_retired.any,6739022.0,100.0,nan,,ok
489.918693,5270682.0,,cpu_clk_unhalted.thread:u,cpu_clk_unhalted.thread,7178162.0,100.0,nan,,ok
489.918693,747192.0,,br_inst_retired.all_branches:u,br_inst_retired.all_branches,7175891.0,100.0,nan,,ok
489.918693,36648.0,,br_misp_retired.all_branches:u,br_misp_retired.all_branches,7173576.0,100.0,nan,,ok
489.918693,863264.0,,mem_uops_retired.all_loads:u,mem_uops_retired.all_loads,7171430.0,100.0,nan,,ok
489.918693,377056.0,,mem_uops_retired.all_stores:u,mem_uops_retired.all_stores,7169102.0,100.0,nan,,ok
489.918693,39199.0,,longest_lat_cache.reference:u,longest_lat_cache.reference,7166723.0,100.0,nan,,ok
489.918693,16692.0,,longest_lat_cache.miss:u,longest_lat_cache.miss,5319734.0,74.0,nan,,ok
489.918693,17134.0,,offcore_requests.demand_data_rd:u,offcore_requests.demand_data_rd,3865991.0,55.0,nan,,ok
489.918693,408189.0,,resource_stalls.any:u,resource_stalls.any,5136989.0,88.0,nan,,ok
500.12704500000007,2394419.0,,inst_retired.any:u,inst_retired.any,5758644.0,98.0,nan,,ok
500.12704500000007,4222299.0,,cpu_clk_unhalted.thread:u,cpu_clk_unhalted.thread,6499972.0,100.0,nan,,ok
500.12704500000007,559818.0,,br_inst_retired.all_branches:u,br_inst_retired.all_branches,6503172.0,100.0,nan,,ok
500.12704500000007,27585.0,,br_misp_retired.all_branches:u,br_misp_retired.all_branches,6505727.0,100.0,nan,,ok
500.12704500000007,653531.0,,mem_uops_retired.all_loads:u,mem_uops_retired.all_loads,6508439.0,100.0,nan,,ok
500.12704500000007,254466.0,,mem_uops_retired.all_stores:u,mem_uops_retired.all_stores,6511358.0,100.0,nan,,ok
500.12704500000007,31007.0,,longest_lat_cache.reference:u,longest_lat_cache.reference,6513917.0,100.0,nan,,ok
500.12704500000007,14184.0,,longest_lat_cache.miss:u,longest_lat_cache.miss,6516351.0,100.0,nan,,ok
500.12704500000007,14198.0,,offcore_requests.demand_data_rd:u,offcore_requests.demand_data_rd,4024202.0,61.0,nan,,ok
500.12704500000007,370873.0,,resource_stalls.any:u,resource_stalls.any,2494791.0,42.0,nan,,ok
510.37100499999997,4136666.0,,inst_retired.any:u,inst_retired.any,4003698.0,56.0,nan,,ok
510.37100499999997,4858801.0,,cpu_clk_unhalted.thread:u,cpu_clk_unhalted.thread,6011869.0,100.0,nan,,ok
510.37100499999997,742587.0,,br_inst_retired.all_branches:u,br_inst_retired.all_branches,7043276.0,100.0,nan,,ok
510.37100499999997,36865.0,,br_misp_retired.all_branches:u,br_misp_retired.all_branches,7040721.0,100.0,nan,,ok
510.37100499999997,856994.0,,mem_uops_retired.all_loads:u,mem_uops_retired.all_loads,7038009.0,100.0,nan,,ok
510.37100499999997,375847.0,,mem_uops_retired.all_stores:u,mem_uops_retired.all_stores,7035090.0,100.0,nan,,ok
510.37100499999997,39112.0,,longest_lat_cache.reference:u,longest_lat_cache.reference,7032531.0,100.0,nan,,ok
510.37100499999997,17937.0,,longest_lat_cache.miss:u,longest_lat_cache.miss,7030097.0,100.0,nan,,ok
510.37100499999997,15754.0,,offcore_requests.demand_data_rd:u,offcore_requests.demand_data_rd,7027455.0,100.0,nan,,ok
510.37100499999997,182402.0,,resource_stalls.any:u,resource_stalls.any,1034607.0,14.0,nan,,ok
520.5746,3053595.0,,inst_retired.any:u,inst_retired.any,4346257.0,62.0,nan,,ok
520.5746,4190390.0,,cpu_clk_unhalted.thread:u,cpu_clk_unhalted.thread,5745516.0,93.0,nan,,ok
520.5746,579723.0,,br_inst_retired.all_branches:u,br_inst_retired.all_branches,7005968.0,100.0,nan,,ok
520.5746,28584.0,,br_misp_retired.all_branches:u,br_misp_retired.all_branches,7008862.0,100.0,nan,,ok
520.5746,667859.0,,mem_uops_retired.all_loads:u,mem_uops_retired.all_loads,7011353.0,100.0,nan,,ok
520.5746,255285.0,,mem_uops_retired.all_stores:u,mem_uops_retired.all_stores,7014209.0,100.0,nan,,ok
520.5746,31940.0,,longest_lat_cache.reference:u,longest_lat_cache.reference,7016806.0,100.0,nan,,ok
520.5746,15287.0,,longest_lat_cache.miss:u,longest_lat_cache.miss,7019623.0,100.0,nan,,ok
520.5746,13166.0,,offcore_requests.demand_data_rd:u,offcore_requests.demand_data_rd,7022471.0,100.0,nan,,ok
520.5746,282220.0,,resource_stalls.any:u,resource_stalls.any,1279344.0,18.0,nan,,ok
530.7885660000001,2415931.0,,inst_retired.any:u,inst_retired.any,3830946.0,52.0,nan,,ok
530.7885660000001,5892825.0,,cpu_clk_unhalted.thread:u,cpu_clk_unhalted.thread,4388041.0,59.0,nan,,ok
530.7885660000001,686294.0,,br_inst_retired.all_branches:u,br_inst_retired.all_branches,6429860.0,100.0,nan,,ok
530.7885660000001,37619.0,,br_misp_retired.all_branches:u,br_misp_retired.all_branches,7322953.0,100.0,nan,,ok
530.7885660000001,874511.0,,mem_uops_retired.all_loads:u,mem_uops_retired.all_loads,7322769.0,100.0,nan,,ok
530.7885660000001,377508.0,,mem_uops_retired.all_stores:u,mem_uops_retired.all_stores,7322331.0,100.0,nan,,ok
530.7885660000001,39508.0,,longest_lat_cache.reference:u,longest_lat_cache.reference,7322156.0,100.0,nan,,ok
530.7885660000001,18204.0,,longest_lat_cache.miss:u,longest_lat_cache.miss,7322071.0,100.0,nan,,ok
530.7885660000001,16322.0,,offcore_requests.demand_data_rd:u,offcore_requests.demand_data_rd,7321819.0,100.0,nan,,ok
530.7885660000001,631246.0,,resource_stalls.any:u,resource_stalls.any,3806827.0,51.0,nan,,ok
541.007895,3563100.0,,inst_retired.any:u,inst_retired.any,7107212.0,97.0,nan,,ok
541.007895,3800949.0,,cpu_clk_unhalted.thread:u,cpu_clk_unhalted.thread,3631302.0,49.0,nan,,ok
541.007895,871863.0,,br_inst_retired.all_branches:u,br_inst_retired.all_branches,5359957.0,75.0,nan,,ok
541.007895,35838.0,,br_misp_retired.all_branches:u,br_misp_retired.all_branches,6121366.0,89.0,nan,,ok
541.007895,837961.0,,mem_uops_retired.all_loads:u,mem_uops_retired.all_loads,6973034.0,100.0,nan,,ok
541.007895,359113.0,,mem_uops_retired.all_stores:u,mem_uops_retired.all_stores,7292051.0,100.0,nan,,ok
541.007895,40728.0,,longest_lat_cache.reference:u,longest_lat_cache.reference,7289629.0,100.0,nan,,ok
541.007895,17465.0,,longest_lat_cache.miss:u,longest_lat_cache.miss,7286897.0,100.0,nan,,ok
541.007895,16514.0,,offcore_requests.demand_data_rd:u,offcore_requests.demand_data_rd,7284301.0,100.0,nan,,ok
541.007895,592439.0,,resource_stalls.any:u,resource_stalls.any,7107212.0,97.0,nan,,ok
551.211764,3460333.0,,inst_retired.any:u,inst_retired.any,7940759.0,100.0,nan,,ok
551.211764,4331353.0,,cpu_clk_unhalted.thread:u,cpu_clk_unhalted.thread,5247940.0,66.0,nan,,ok
551.211764,987338.0,,br_inst_retired.all_branches:u,br_inst_retired.all_branches,4487935.0,56.0,nan,,ok
551.211764,36969.0,,br_misp_retired.all_branches:u,br_misp_retired.all_branches,6466107.0,89.0,nan,,ok
551.211764,868494.0,,mem_uops_retired.all_loads:u,mem_uops_retired.all_loads,7620295.0,100.0,nan,,ok
551.211764,380213.0,,mem_uops_retired.all_stores:u,mem_uops_retired.all_stores,7940759.0,100.0,nan,,ok
551.211764,40716.0,,longest_lat_cache.reference:u,longest_lat_cache.reference,7940759.0,100.0,nan,,ok
551.211764,17594.0,,longest_lat_cache.miss:u,longest_lat_cache.miss,7940759.0,100.0,nan,,ok
551.211764,16785.0,,offcore_requests.demand_data_rd:u,offcore_requests.demand_data_rd,7940759.0,100.0,nan,,ok
551.211764,575066.0,,resource_stalls.any:u,resource_stalls.any,7940759.0,100.0,nan,,ok
561.403053,2399743.0,,inst_retired.any:u,inst_retired.any,6078482.0,100.0,nan,,ok
561.403053,4465739.0,,cpu_clk_unhalted.thread:u,cpu_clk_unhalted.thread,5086291.0,83.0,nan,,ok
561.403053,468620.0,,br_inst_retired.all_branches:u,br_inst_retired.all_branches,3734316.0,61.0,nan,,ok
561.403053,25132.0,,br_misp_retired.all_branches:u,br_misp_retired.all_branches,3799559.0,66.0,nan,,ok
561.403053,584364.0,,mem_uops_retired.all_loads:u,mem_uops_retired.all_loads,5636417.0,100.0,nan,,ok
561.403053,265420.0,,mem_uops_retired.all_stores:u,mem_uops_retired.all_stores,6091354.0,100.0,nan,,ok
561.403053,30432.0,,longest_lat_cache.reference:u,longest_lat_cache.reference,6094071.0,100.0,nan,,ok
561.403053,13429.0,,longest_lat_cache.miss:u,longest_lat_cache.miss,6096533.0,100.0,nan,,ok
561.403053,12243.0,,offcore_requests.demand_data_rd:u,offcore_requests.demand_data_rd,6098955.0,100.0,nan,,ok
561.403053,417707.0,,resource_stalls.any:u,resource_stalls.any,6101421.0,100.0,nan,,ok
571.62345,3602675.0,,inst_retired.any:u,inst_retired.any,7977217.0,100.0,nan,,ok
571.62345,5739942.0,,cpu_clk_unhalted.thread:u,cpu_clk_unhalted.thread,7977344.0,100.0,nan,,ok
571.62345,796618.0,,br_inst_retired.all_branches:u,br_inst_retired.all_branches,7977635.0,100.0,nan,,ok
571.62345,28647.0,,br_misp_retired.all_branches:u,br_misp_retired.all_branches,4921159.0,61.0,nan,,ok
571.62345,1163014.0,,mem_uops_retired.all_loads:u,mem_uops_retired.all_loads,3839787.0,48.0,nan,,ok
571.62345,352635.0,,mem_uops_retired.all_stores:u,mem_uops_retired.all_stores,7195042.0,100.0,nan,,ok
571.62345,42818.0,,longest_lat_cache.reference:u,longest_lat_cache.reference,7977970.0,100.0,nan,,ok
571.62345,18336.0,,longest_lat_cache.miss:u,longest_lat_cache.miss,7978255.0,100.0,nan,,ok
571.62345,17839.0,,offcore_requests.demand_data_rd:u,offcore_requests.demand_data_rd,7978143.0,100.0,nan,,ok
571.62345,642261.0,,resource_stalls.any:u,resource_stalls.any,7978131.0,100.0,nan,,ok
581.836143,3648559.0,,inst_retired.any:u,inst_retired.any,8053922.0,100.0,nan,,ok
581.836143,5638694.0,,cpu_clk_unhalted.thread:u,cpu_clk_unhalted.thread,8053806.0,100.0,nan,,ok
581.836143,793683.0,,br_inst_retired.all_branches:u,br_inst_retired.all_branches,8054288.0,100.0,nan,,ok
581.836143,34289.0,,br_misp_retired.all_branches:u,br_misp_retired.all_branches,5445329.0,68.0,nan,,ok
581.836143,1063905.0,,mem_uops_retired.all_loads:u,mem_uops_retired.all_loads,4932713.0,61.0,nan,,ok
581.836143,353808.0,,mem_uops_retired.all_stores:u,mem_uops_retired.all_stores,5726184.0,79.0,nan,,ok
581.836143,40086.0,,longest_lat_cache.reference:u,longest_lat_cache.reference,8054031.0,100.0,nan,,ok
581.836143,17694.0,,longest_lat_cache.miss:u,longest_lat_cache.miss,8054018.0,100.0,nan,,ok
581.836143,16378.0,,offcore_requests.demand_data_rd:u,offcore_requests.demand_data_rd,8054142.0,100.0,nan,,ok
581.836143,582309.0,,resource_stalls.any:u,resource_stalls.any,8054072.0,100.0,nan,,ok
592.06196,3430499.0,,inst_retired.any:u,inst_retired.any,7338706.0,100.0,nan,,ok
592.06196,5366116.0,,cpu_clk_unhalted.thread:u,cpu_clk_unhalted.thread,7334522.0,100.0,nan,,ok
592.06196,762293.0,,br_inst_retired.all_branches:u,br_inst_retired.all_branches,7331534.0,100.0,nan,,ok
592.06196,36388.0,,br_misp_retired.all_branches:u,br_misp_retired.all_branches,7329240.0,100.0,nan,,ok
592.06196,850201.0,,mem_uops_retired.all_loads:u,mem_uops_retired.all_loads,7326788.0,100.0,nan,,ok
592.06196,244626.0,,mem_uops_retired.all_stores:u,mem_uops_retired.all_stores,3329521.0,45.0,nan,,ok
592.06196,38644.0,,longest_lat_cache.reference:u,longest_lat_cache.reference,5161363.0,70.0,nan,,ok
592.06196,16745.0,,longest_lat_cache.miss:u,longest_lat_cache.miss,6150892.0,100.0,nan,,ok
592.06196,16313.0,,offcore_requests.demand_data_rd:u,offcore_requests.demand_data_rd,7317087.0,100.0,nan,,ok
592.06196,595111.0,,resource_stalls.any:u,resource_stalls.any,7314703.0,100.0,nan,,ok
602.2537500000001,2947604.0,,inst_retired.any:u,inst_retired.any,7337272.0,100.0,nan,,ok
602.2537500000001,4912255.0,,cpu_clk_unhalted.thread:u,cpu_clk_unhalted.thread,7341200.0,100.0,nan,,ok
602.2537500000001,645457.0,,br_inst_retired.all_branches:u,br_inst_retired.all_branches,7343508.0,100.0,nan,,ok
602.2537500000001,32373.0,,br_misp_retired.all_branches:u,br_misp_retired.all_branches,7346020.0,100.0,nan,,ok
602.2537500000001,767340.0,,mem_uops_retired.all_loads:u,mem_uops_retired.all_loads,7348821.0,100.0,nan,,ok
602.2537500000001,220051.0,,mem_uops_retired.all_stores:u,mem_uops_retired.all_stores,4236938.0,57.0,nan,,ok
602.2537500000001,36597.0,,longest_lat_cache.reference:u,longest_lat_cache.reference,4885638.0,66.0,nan,,ok
602.2537500000001,15400.0,,longest_lat_cache.miss:u,longest_lat_cache.miss,5930767.0,85.0,nan,,ok
602.2537500000001,14649.0,,offcore_requests.demand_data_rd:u,offcore_requests.demand_data_rd,7010674.0,100.0,nan,,ok
602.2537500000001,543342.0,,resource_stalls.any:u,resource_stalls.any,7360981.0,100.0,nan,,ok
612.459294,3242930.0,,inst_retired.any:u,inst_retired.any,7163941.0,100.0,nan,,ok
612.459294,5161194.0,,cpu_clk_unhalted.thread:u,cpu_clk_unhalted.thread,7160013.0,100.0,nan,,ok
612.459294,719191.0,,br_inst_retired.all_branches:u,br_inst_retired.all_branches,7157705.0,100.0,nan,,ok
612.459294,34924.0,,br_misp_retired.all_branches:u,br_misp_retired.all_branches,7155193.0,100.0,nan,,ok
612.459294,824579.0,,mem_uops_retired.all_loads:u,mem_uops_retired.all_loads,7152392.0,100.0,nan,,ok
612.459294,346162.0,,mem_uops_retired.all_stores:u,mem_uops_retired.all_stores,7149670.0,100.0,nan,,ok
612.459294,34524.0,,longest_lat_cache.reference:u,longest_lat_cache.reference,6098165.0,85.0,nan,,ok
612.459294,14648.0,,longest_lat_cache.miss:u,longest_lat_cache.miss,3633079.0,58.0,nan,,ok
612.459294,14863.0,,offcore_requests.demand_data_rd:u,offcore_requests.demand_data_rd,5419230.0,75.0,nan,,ok
612.459294,538938.0,,resource_stalls.any:u,resource_stalls.any,6279710.0,95.0,nan,,ok
622.660848,3210442.0,,inst_retired.any:u,inst_retired.any,4372676.0,70.0,nan,,ok
622.660848,5337896.0,,cpu_clk_unhalted.thread:u,cpu_clk_unhalted.thread,6296202.0,89.0,nan,,ok
622.660848,735658.0,,br_inst_retired.all_branches:u,br_inst_retired.all_branches,6709528.0,100.0,nan,,ok
622.660848,35630.0,,br_misp_retired.all_branches:u,br_misp_retired.all_branches,7047125.0,100.0,nan,,ok
622.660848,849506.0,,mem_uops_retired.all_loads:u,mem_uops_retired.all_loads,7047125.0,100.0,nan,,ok
622.660848,359257.0,,mem_uops_retired.all_stores:u,mem_uops_retired.all_stores,7047125.0,100.0,nan,,ok
622.660848,39123.0,,longest_lat_cache.reference:u,longest_lat_cache.reference,7047125.0,100.0,nan,,ok
622.660848,18530.0,,longest_lat_cache.miss:u,longest_lat_cache.miss,7047125.0,100.0,nan,,ok
622.660848,16613.0,,offcore_requests.demand_data_rd:u,offcore_requests.demand_data_rd,5510262.0,78.0,nan,,ok
622.660848,488697.0,,resource_stalls.any:u,resource_stalls.any,2625383.0,41.0,nan,,ok
632.858077,3013346.0,,inst_retired.any:u,inst_retired.any,6101131.0,85.0,nan,,ok
632.858077,3832592.0,,cpu_clk_unhalted.thread:u,cpu_clk_unhalted.thread,4036277.0,56.0,nan,,ok
632.858077,646522.0,,br_inst_retired.all_branches:u,br_inst_retired.all_branches,5064188.0,75.0,nan,,ok
632.858077,30578.0,,br_misp_retired.all_branches:u,br_misp_retired.all_branches,6408971.0,90.0,nan,,ok
632.858077,711667.0,,mem_uops_retired.all_loads:u,mem_uops_retired.all_loads,6803383.0,100.0,nan,,ok
632.858077,294409.0,,mem_uops_retired.all_stores:u,mem_uops_retired.all_stores,7110980.0,100.0,nan,,ok
632.858077,35598.0,,longest_lat_cache.reference:u,longest_lat_cache.reference,7113460.0,100.0,nan,,ok
632.858077,16298.0,,longest_lat_cache.miss:u,longest_lat_cache.miss,7116265.0,100.0,nan,,ok
632.858077,15088.0,,offcore_requests.demand_data_rd:u,offcore_requests.demand_data_rd,7118853.0,100.0,nan,,ok
632.858077,583927.0,,resource_stalls.any:u,resource_stalls.any,6125247.0,86.0,nan,,ok
643.090732,3222400.0,,inst_retired.any:u,inst_retired.any,6610191.0,100.0,nan,,ok
643.090732,3873461.0,,cpu_clk_unhalted.thread:u,cpu_clk_unhalted.thread,2803063.0,42.0,nan,,ok
643.090732,797404.0,,br_inst_retired.all_branches:u,br_inst_retired.all_branches,4885547.0,73.0,nan,,ok
643.090732,30164.0,,br_misp_retired.all_branches:u,br_misp_retired.all_branches,5531633.0,100.0,nan,,ok
643.090732,784335.0,,mem_uops_retired.all_loads:u,mem_uops_retired.all_loads,6609039.0,100.0,nan,,ok
643.090732,327407.0,,mem_uops_retired.all_stores:u,mem_uops_retired.all_stores,6609127.0,100.0,nan,,ok
643.090732,35112.0,,longest_lat_cache.reference:u,longest_lat_cache.reference,6609086.0,100.0,nan,,ok
643.090732,16072.0,,longest_lat_cache.miss:u,longest_lat_cache.miss,6608812.0,100.0,nan,,ok
643.090732,13716.0,,offcore_requests.demand_data_rd:u,offcore_requests.demand_data_rd,6608667.0,100.0,nan,,ok
643.090732,508535.0,,resource_stalls.any:u,resource_stalls.any,6608753.0,100.0,nan,,ok
653.315839,3079667.0,,inst_retired.any:u,inst_retired.any,7383467.0,100.0,nan,,ok
653.315839,5200445.0,,cpu_clk_unhalted.thread:u,cpu_clk_unhalted.thread,6490052.0,87.0,nan,,ok
653.315839,459970.0,,br_inst_retired.all_branches:u,br_inst_retired.all_branches,3450264.0,46.0,nan,,ok
653.315839,32919.0,,br_misp_retired.all_branches:u,br_misp_retired.all_branches,5616008.0,78.0,nan,,ok
653.315839,761696.0,,mem_uops_retired.all_loads:u,mem_uops_retired.all_loads,6570266.0,95.0,nan,,ok
653.315839,326593.0,,mem_uops_retired.all_stores:u,mem_uops_retired.all_stores,7370763.0,100.0,nan,,ok
653.315839,36251.0,,longest_lat_cache.reference:u,longest_lat_cache.reference,7368324.0,100.0,nan,,ok
653.315839,16484.0,,longest_lat_cache.miss:u,longest_lat_cache.miss,7365793.0,100.0,nan,,ok
653.315839,15235.0,,offcore_requests.demand_data_rd:u,offcore_requests.demand_data_rd,7363350.0,100.0,nan,,ok
653.315839,540515.0,,resource_stalls.any:u,resource_stalls.any,7360789.0,100.0,nan,,ok
663.5245050000001,3211215.0,,inst_retired.any:u,inst_retired.any,6358371.0,100.0,nan,,ok
663.5245050000001,4835060.0,,cpu_clk_unhalted.thread:u,cpu_clk_unhalted.thread,6358371.0,100.0,nan,,ok
663.5245050000001,719307.0,,br_inst_retired.all_branches:u,br_inst_retired.all_branches,6358371.0,100.0,nan,,ok
663.5245050000001,23273.0,,br_misp_retired.all_branches:u,br_misp_retired.all_branches,2423337.0,38.0,nan,,ok
663.5245050000001,874567.0,,mem_uops_retired.all_loads:u,mem_uops_retired.all_loads,4789024.0,75.0,nan,,ok
663.5245050000001,299836.0,,mem_uops_retired.all_stores:u,mem_uops_retired.all_stores,5504381.0,100.0,nan,,ok
663.5245050000001,33974.0,,longest_lat_cache.reference:u,longest_lat_cache.reference,6358371.0,100.0,nan,,ok
663.5245050000001,16271.0,,longest_lat_cache.miss:u,longest_lat_cache.miss,6358371.0,100.0,nan,,ok
663.5245050000001,13426.0,,offcore_requests.demand_data_rd:u,offcore_requests.demand_data_rd,6358371.0,100.0,nan,,ok
663.5245050000001,503002.0,,resource_stalls.any:u,resource_stalls.any,6358371.0,100.0,nan,,ok
673.722359,3176503.0,,inst_retired.any:u,inst_retired.any,7648292.0,100.0,nan,,ok
673.722359,5437812.0,,cpu_clk_unhalted.thread:u,cpu_clk_unhalted.thread,7652719.0,100.0,nan,,ok
673.722359,698970.0,,br_inst_retired.all_branches:u,br_inst_retired.all_branches,7655157.0,100.0,nan,,ok
673.722359,38455.0,,br_misp_retired.all_branches:u,br_misp_retired.all_branches,6656221.0,86.0,nan,,ok
673.722359,598516.0,,mem_uops_retired.all_loads:u,mem_uops_retired.all_loads,4345640.0,56.0,nan,,ok
673.722359,377995.0,,mem_uops_retired.all_stores:u,mem_uops_retired.all_stores,4854459.0,66.0,nan,,ok
673.722359,37783.0,,longest_lat_cache.reference:u,longest_lat_cache.reference,7126764.0,100.0,nan,,ok
673.722359,18507.0,,longest_lat_cache.miss:u,longest_lat_cache.miss,7666344.0,100.0,nan,,ok
673.722359,16546.0,,offcore_requests.demand_data_rd:u,offcore_requests.demand_data_rd,7668777.0,100.0,nan,,ok
673.722359,625822.0,,resource_stalls.any:u,resource_stalls.any,7671087.0,100.0,nan,,ok
683.930475,3083636.0,,inst_retired.any:u,inst_retired.any,6921183.0,100.0,nan,,ok
683.930475,4680246.0,,cpu_clk_unhalted.thread:u,cpu_clk_unhalted.thread,6920488.0,100.0,nan,,ok
683.930475,682523.0,,br_inst_retired.all_branches:u,br_inst_retired.all_branches,6920201.0,100.0,nan,,ok
683.930475,31327.0,,br_misp_retired.all_branches:u,br_misp_retired.all_branches,6920183.0,100.0,nan,,ok
683.930475,756016.0,,mem_uops_retired.all_loads:u,mem_uops_retired.all_loads,5788804.0,83.0,nan,,ok
683.930475,269443.0,,mem_uops_retired.all_stores:u,mem_uops_retired.all_stores,3666859.0,52.0,nan,,ok
683.930475,31491.0,,longest_lat_cache.reference:u,longest_lat_cache.reference,4746878.0,73.0,nan,,ok
683.930475,14056.0,,longest_lat_cache.miss:u,longest_lat_cache.miss,6555821.0,100.0,nan,,ok
683.930475,13607.0,,offcore_requests.demand_data_rd:u,offcore_requests.demand_data_rd,6921047.0,100.0,nan,,ok
683.930475,484129.0,,resource_stalls.any:u,resource_stalls.any,6921135.0,100.0,nan,,ok
694.149168,3781965.0,,inst_retired.any:u,inst_retired.any,7996663.0,100.0,nan,,ok
694.149168,5831355.0,,cpu_clk_unhalted.thread:u,cpu_clk_unhalted.thread,7996969.0,100.0,nan,,ok
694.149168,841060.0,,br_inst_retired.all_branches:u,br_inst_retired.all_branches,7997428.0,100.0,nan,,ok
694.149168,39432.0,,br_misp_retired.all_branches:u,br_misp_retired.all_branches,7997733.0,100.0,nan,,ok
694.149168,951532.0,,mem_uops_retired.all_loads:u,mem_uops_retired.all_loads,7997633.0,100.0,nan,,ok
694.149168,241118.0,,mem_uops_retired.all_stores:u,mem_uops_retired.all_stores,4779481.0,59.0,nan,,ok
694.149168,42069.0,,longest_lat_cache.reference:u,longest_lat_cache.reference,4739162.0,66.0,nan,,ok
694.149168,17753.0,,longest_lat_cache.miss:u,longest_lat_cache.miss,6801434.0,88.0,nan,,ok
694.149168,17530.0,,offcore_requests.demand_data_rd:u,offcore_requests.demand_data_rd,7671852.0,100.0,nan,,ok
694.149168,643516.0,,resource_stalls.any:u,resource_stalls.any,7998358.0,100.0,nan,,ok
704.364328,2718768.0,,inst_retired.any:u,inst_retired.any,6362977.0,100.0,nan,,ok
704.364328,4399121.0,,cpu_clk_unhalted.thread:u,cpu_clk_unhalted.thread,6358939.0,100.0,nan,,ok
704.364328,589018.0,,br_inst_retired.all_branches:u,br_inst_retired.all_branches,6356329.0,100.0,nan,,ok
704.364328,29656.0,,br_misp_retired.all_branches:u,br_misp_retired.all_branches,6353700.0,100.0,nan,,ok
704.364328,694496.0,,mem_uops_retired.all_loads:u,mem_uops_retired.all_loads,6351168.0,100.0,nan,,ok
704.364328,297307.0,,mem_uops_retired.all_stores:u,mem_uops_retired.all_stores,6196876.0,97.0,nan,,ok
704.364328,36600.0,,longest_lat_cache.reference:u,longest_lat_cache.reference,3127482.0,49.0,nan,,ok
704.364328,12000.0,,longest_lat_cache.miss:u,longest_lat_cache.miss,4177549.0,72.0,nan,,ok
704.364328,12222.0,,offcore_requests.demand_data_rd:u,offcore_requests.demand_data_rd,5549102.0,100.0,nan,,ok
704.364328,444439.0,,resource_stalls.any:u,resource_stalls.any,6356990.0,100.0,nan,,ok
714.57225,3329858.0,,inst_retired.any:u,inst_retired.any,7155301.0,100.0,nan,,ok
714.57225,5293530.0,,cpu_clk_unhalted.thread:u,cpu_clk_unhalted.thread,7472188.0,100.0,nan,,ok
714.57225,766697.0,,br_inst_retired.all_branches:u,br_inst_retired.all_branches,7474847.0,100.0,nan,,ok
714.57225,34951.0,,br_misp_retired.all_branches:u,br_misp_retired.all_branches,7477264.0,100.0,nan,,ok
714.57225,852273.0,,mem_uops_retired.all_loads:u,mem_uops_retired.all_loads,7479788.0,100.0,nan,,ok
714.57225,342088.0,,mem_uops_retired.all_stores:u,mem_uops_retired.all_stores,7482665.0,100.0,nan,,ok
714.57225,37112.0,,longest_lat_cache.reference:u,longest_lat_cache.reference,7484966.0,100.0,nan,,ok
714.57225,17856.0,,longest_lat_cache.miss:u,longest_lat_cache.miss,5874728.0,78.0,nan,,ok
714.57225,15122.0,,offcore_requests.demand_data_rd:u,offcore_requests.demand_data_rd,4487322.0,60.0,nan,,ok
714.57225,541288.0,,resource_stalls.any:u,resource_stalls.any,4581409.0,68.0,nan,,ok
724.7879889999999,3795857.0,,inst_retired.any:u,inst_retired.any,5933786.0,80.0,nan,,ok
724.7879889999999,5327569.0,,cpu_clk_unhalted.thread:u,cpu_clk_unhalted.thread,6855500.0,100.0,nan,,ok
724.7879889999999,806882.0,,br_inst_retired.all_branches:u,br_inst_retired.all_branches,7670615.0,100.0,nan,,ok
724.7879889999999,38095.0,,br_misp_retired.all_branches:u,br_misp_retired.all_branches,7670927.0,100.0,nan,,ok
724.7879889999999,924631.0,,mem_uops_retired.all_loads:u,mem_uops_retired.all_loads,7670761.0,100.0,nan,,ok
724.7879889999999,395192.0,,mem_uops_retired.all_stores:u,mem_uops_retired.all_stores,7670504.0,100.0,nan,,ok
724.7879889999999,40818.0,,longest_lat_cache.reference:u,longest_lat_cache.reference,7670593.0,100.0,nan,,ok
724.7879889999999,17488.0,,longest_lat_cache.miss:u,longest_lat_cache.miss,7670836.0,100.0,nan,,ok
724.7879889999999,15392.0,,offcore_requests.demand_data_rd:u,offcore_requests.demand_data_rd,4946303.0,64.0,nan,,ok
724.7879889999999,553040.0,,resource_stalls.any:u,resource_stalls.any,3541818.0,47.0,nan,,ok
735.0217230000001,3731892.0,,inst_retired.any:u,inst_retired.any,5563261.0,78.0,nan,,ok
735.0217230000001,5005392.0,,cpu_clk_unhalted.thread:u,cpu_clk_unhalted.thread,6719486.0,100.0,nan,,ok
735.0217230000001,800740.0,,br_inst_retired.all_branches:u,br_inst_retired.all_branches,7581073.0,100.0,nan,,ok
735.0217230000001,36512.0,,br_misp_retired.all_branches:u,br_misp_retired.all_branches,7580669.0,100.0,nan,,ok
735.0217230000001,877311.0,,mem_uops_retired.all_loads:u,mem_uops_retired.all_loads,7581054.0,100.0,nan,,ok
735.0217230000001,358451.0,,mem_uops_retired.all_stores:u,mem_uops_retired.all_stores,7580951.0,100.0,nan,,ok
735.0217230000001,41141.0,,longest_lat_cache.reference:u,longest_lat_cache.reference,7581297.0,100.0,nan,,ok
735.0217230000001,18438.0,,longest_lat_cache.miss:u,longest_lat_cache.miss,7581164.0,100.0,nan,,ok
735.0217230000001,16137.0,,offcore_requests.demand_data_rd:u,offcore_requests.demand_data_rd,6581289.0,86.0,nan,,ok
735.0217230000001,604673.0,,resource_stalls.any:u,resource_stalls.any,1858646.0,26.0,nan,,ok
745.237342,2891692.0,,inst_retired.any:u,inst_retired.any,5218624.0,71.0,nan,,ok
745.237342,5179082.0,,cpu_clk_unhalted.thread:u,cpu_clk_unhalted.thread,3927161.0,60.0,nan,,ok
745.237342,721795.0,,br_inst_retired.all_branches:u,br_inst_retired.all_branches,5868986.0,88.0,nan,,ok
745.237342,35750.0,,br_misp_retired.all_branches:u,br_misp_retired.all_branches,6918860.0,100.0,nan,,ok
745.237342,875587.0,,mem_uops_retired.all_loads:u,mem_uops_retired.all_loads,7282917.0,100.0,nan,,ok
745.237342,360952.0,,mem_uops_retired.all_stores:u,mem_uops_retired.all_stores,7280400.0,100.0,nan,,ok
745.237342,40020.0,,longest_lat_cache.reference:u,longest_lat_cache.reference,7277664.0,100.0,nan,,ok
745.237342,17140.0,,longest_lat_cache.miss:u,longest_lat_cache.miss,7275144.0,100.0,nan,,ok
745.237342,16407.0,,offcore_requests.demand_data_rd:u,offcore_requests.demand_data_rd,7272813.0,100.0,nan,,ok
745.237342,623431.0,,resource_stalls.any:u,resource_stalls.any,5149703.0,70.0,nan,,ok
755.4373949999999,3175189.0,,inst_retired.any:u,inst_retired.any,6953146.0,100.0,nan,,ok
755.4373949999999,3769449.0,,cpu_clk_unhalted.thread:u,cpu_clk_unhalted.thread,3320197.0,47.0,nan,,ok
755.4373949999999,862886.0,,br_inst_retired.all_branches:u,br_inst_retired.all_branches,5001341.0,71.0,nan,,ok
755.4373949999999,29871.0,,br_misp_retired.all_branches:u,br_misp_retired.all_branches,5830607.0,88.0,nan,,ok
755.4373949999999,781172.0,,mem_uops_retired.all_loads:u,mem_uops_retired.all_loads,6707293.0,100.0,nan,,ok
755.4373949999999,319457.0,,mem_uops_retired.all_stores:u,mem_uops_retired.all_stores,6953146.0,100.0,nan,,ok
755.4373949999999,34300.0,,longest_lat_cache.reference:u,longest_lat_cache.reference,6953146.0,100.0,nan,,ok
755.4373949999999,14754.0,,longest_lat_cache.miss:u,longest_lat_cache.miss,6953146.0,100.0,nan,,ok
755.4373949999999,13935.0,,offcore_requests.demand_data_rd:u,offcore_requests.demand_data_rd,6953146.0,100.0,nan,,ok
755.4373949999999,523000.0,,resource_stalls.any:u,resource_stalls.any,6953146.0,100.0,nan,,ok
765.640404,3889001.0,,inst_retired.any:u,inst_retired.any,8155772.0,100.0,nan,,ok
765.640404,5460734.0,,cpu_clk_unhalted.thread:u,cpu_clk_unhalted.thread,7724056.0,94.0,nan,,ok
765.640404,883528.0,,br_inst_retired.all_branches:u,br_inst_retired.all_branches,5147954.0,63.0,nan,,ok
765.640404,33499.0,,br_misp_retired.all_branches:u,br_misp_retired.all_branches,5514284.0,72.0,nan,,ok
765.640404,970068.0,,mem_uops_retired.all_loads:u,mem_uops_retired.all_loads,6523297.0,87.0,nan,,ok
765.640404,424059.0,,mem_uops_retired.all_stores:u,mem_uops_retired.all_stores,7746559.0,94.0,nan,,ok
765.640404,42240.0,,longest_lat_cache.reference:u,longest_lat_cache.reference,8172363.0,100.0,nan,,ok
765.640404,18981.0,,longest_lat_cache.miss:u,longest_lat_cache.miss,8174892.0,100.0,nan,,ok
765.640404,17188.0,,offcore_requests.demand_data_rd:u,offcore_requests.demand_data_rd,8177616.0,100.0,nan,,ok
765.640404,620124.0,,resource_stalls.any:u,resource_stalls.any,8180340.0,100.0,nan,,ok
775.8541329999999,3623234.0,,inst_retired.any:u,inst_retired.any,6940737.0,100.0,nan,,ok
775.8541329999999,5288251.0,,cpu_clk_unhalted.thread:u,cpu_clk_unhalted.thread,6936264.0,100.0,nan,,ok
775.8541329999999,808565.0,,br_inst_retired.all_branches:u,br_inst_retired.all_branches,6933848.0,100.0,nan,,ok
775.8541329999999,25729.0,,br_misp_retired.all_branches:u,br_misp_retired.all_branches,3877788.0,55.0,nan,,ok
775.8541329999999,994057.0,,mem_uops_retired.all_loads:u,mem_uops_retired.all_loads,5253475.0,75.0,nan,,ok
775.8541329999999,369604.0,,mem_uops_retired.all_stores:u,mem_uops_retired.all_stores,5462318.0,83.0,nan,,ok
775.8541329999999,36475.0,,longest_lat_cache.reference:u,longest_lat_cache.reference,6190339.0,100.0,nan,,ok
775.8541329999999,17573.0,,longest_lat_cache.miss:u,longest_lat_cache.miss,6921617.0,100.0,nan,,ok
775.8541329999999,16276.0,,offcore_requests.demand_data_rd:u,offcore_requests.demand_data_rd,6918893.0,100.0,nan,,ok
775.8541329999999,599356.0,,resource_stalls.any:u,resource_stalls.any,6916169.0,100.0,nan,,ok
786.0582440000001,3104853.0,,inst_retired.any:u,inst_retired.any,7192235.0,100.0,nan,,ok
786.0582440000001,4985404.0,,cpu_clk_unhalted.thread:u,cpu_clk_unhalted.thread,7195758.0,100.0,nan,,ok
786.0582440000001,684525.0,,br_inst_retired.all_branches:u,br_inst_retired.all_branches,7198602.0,100.0,nan,,ok
786.0582440000001,35136.0,,br_misp_retired.all_branches:u,br_misp_retired.all_branches,6204802.0,86.0,nan,,ok
786.0582440000001,770838.0,,mem_uops_retired.all_loads:u,mem_uops_retired.all_loads,5090015.0,70.0,nan,,ok
786.0582440000001,229916.0,,mem_uops_retired.all_stores:u,mem_uops_retired.all_stores,4280325.0,63.0,nan,,ok
786.0582440000001,33600.0,,longest_lat_cache.reference:u,longest_lat_cache.reference,6122701.0,88.0,nan,,ok
786.0582440000001,16906.0,,longest_lat_cache.miss:u,longest_lat_cache.miss,7123030.0,98.0,nan,,ok
786.0582440000001,15092.0,,offcore_requests.demand_data_rd:u,offcore_requests.demand_data_rd,7214072.0,100.0,nan,,ok
786.0582440000001,556003.0,,resource_stalls.any:u,resource_stalls.any,7216681.0,100.0,nan,,ok
796.26875,3514590.0,,inst_retired.any:u,inst_retired.any,7399424.0,100.0,nan,,ok
796.26875,5288199.0,,cpu_clk_unhalted.thread:u,cpu_clk_unhalted.thread,7395901.0,100.0,nan,,ok
796.26875,779957.0,,br_inst_retired.all_branches:u,br_inst_retired.all_branches,7393057.0,100.0,nan,,ok
796.26875,35897.0,,br_misp_retired.all_branches:u,br_misp_retired.all_branches,7390426.0,100.0,nan,,ok
796.26875,887266.0,,mem_uops_retired.all_loads:u,mem_uops_retired.all_loads,7388098.0,100.0,nan,,ok
796.26875,376405.0,,mem_uops_retired.all_stores:u,mem_uops_retired.all_stores,7384865.0,100.0,nan,,ok
796.26875,35595.0,,longest_lat_cache.reference:u,longest_lat_cache.reference,6508342.0,88.0,nan,,ok
796.26875,23530.0,,longest_lat_cache.miss:u,longest_lat_cache.miss,3005525.0,42.0,nan,,ok
796.26875,13677.0,,offcore_requests.demand_data_rd:u,offcore_requests.demand_data_rd,5733079.0,77.0,nan,,ok
796.26875,511268.0,,resource_stalls.any:u,resource_stalls.any,6887993.0,100.0,nan,,ok
806.4717,4936125.0,,inst_retired.any:u,inst_retired.any,8708225.0,100.0,nan,,ok
806.4717,7211768.0,,cpu_clk_unhalted.thread:u,cpu_clk_unhalted.thread,8994036.0,100.0,nan,,ok
806.4717,1102079.0,,br_inst_retired.all_branches:u,br_inst_retired.all_branches,8999288.0,100.0,nan,,ok
806.4717,50225.0,,br_misp_retired.all_branches:u,br_misp_retired.all_branches,9002538.0,100.0,nan,,ok
806.4717,1237417.0,,mem_uops_retired.all_loads:u,mem_uops_retired.all_loads,9005713.0,100.0,nan,,ok
806.4717,538213.0,,mem_uops_retired.all_stores:u,mem_uops_retired.all_stores,9008595.0,100.0,nan,,ok
806.4717,51563.0,,longest_lat_cache.reference:u,longest_lat_cache.reference,9011412.0,100.0,nan,,ok
806.4717,18957.0,,longest_lat_cache.miss:u,longest_lat_cache.miss,6713555.0,74.0,nan,,ok
806.4717,19855.0,,offcore_requests.demand_data_rd:u,offcore_requests.demand_data_rd,4468815.0,55.0,nan,,ok
806.4717,618938.0,,resource_stalls.any:u,resource_stalls.any,6851049.0,90.0,nan,,ok
816.68431,2575773.0,,inst_retired.any:u,inst_retired.any,4896906.0,87.0,nan,,ok
816.68431,4347424.0,,cpu_clk_unhalted.thread:u,cpu_clk_unhalted.thread,6471207.0,100.0,nan,,ok
816.68431,585979.0,,br_inst_retired.all_branches:u,br_inst_retired.all_branches,6469218.0,100.0,nan,,ok
816.68431,27280.0,,br_misp_retired.all_branches:u,br_misp_retired.all_branches,6468396.0,100.0,nan,,ok
816.68431,658724.0,,mem_uops_retired.all_loads:u,mem_uops_retired.all_loads,6467652.0,100.0,nan,,ok
816.68431,264109.0,,mem_uops_retired.all_stores:u,mem_uops_retired.all_stores,6467475.0,100.0,nan,,ok
816.68431,33108.0,,longest_lat_cache.reference:u,longest_lat_cache.reference,6467347.0,100.0,nan,,ok
816.68431,14607.0,,longest_lat_cache.miss:u,longest_lat_cache.miss,6466757.0,100.0,nan,,ok
816.68431,15522.0,,offcore_requests.demand_data_rd:u,offcore_requests.demand_data_rd,3498525.0,54.0,nan,,ok
816.68431,337483.0,,resource_stalls.any:u,resource_stalls.any,2966462.0,52.0,nan,,ok
826.895308,3116666.0,,inst_retired.any:u,inst_retired.any,5920135.0,70.0,nan,,ok
826.895308,6045015.0,,cpu_clk_unhalted.thread:u,cpu_clk_unhalted.thread,5454072.0,64.0,nan,,ok
826.895308,986635.0,,br_inst_retired.all_branches:u,br_inst_retired.all_branches,5863735.0,77.0,nan,,ok
826.895308,39918.0,,br_misp_retired.all_branches:u,br_misp_retired.all_branches,7974825.0,100.0,nan,,ok
826.895308,1053191.0,,mem_uops_retired.all_loads:u,mem_uops_retired.all_loads,8406558.0,100.0,nan,,ok
826.895308,442109.0,,mem_uops_retired.all_stores:u,mem_uops_retired.all_stores,8406257.0,100.0,nan,,ok
826.895308,42327.0,,longest_lat_cache.reference:u,longest_lat_cache.reference,8406062.0,100.0,nan,,ok
826.895308,19214.0,,longest_lat_cache.miss:u,longest_lat_cache.miss,8406390.0,100.0,nan,,ok
826.895308,17802.0,,offcore_requests.demand_data_rd:u,offcore_requests.demand_data_rd,8406349.0,100.0,nan,,ok
826.895308,660784.0,,resource_stalls.any:u,resource_stalls.any,5944839.0,70.0,nan,,ok
837.117486,3715221.0,,inst_retired.any:u,inst_retired.any,7503730.0,100.0,nan,,ok
837.117486,4296144.0,,cpu_clk_unhalted.thread:u,cpu_clk_unhalted.thread,4465295.0,59.0,nan,,ok
837.117486,994265.0,,br_inst_retired.all_branches:u,br_inst_retired.all_branches,5571069.0,74.0,nan,,ok
837.117486,36620.0,,br_misp_retired.all_branches:u,br_misp_retired.all_branches,5529970.0,78.0,nan,,ok
837.117486,890666.0,,mem_uops_retired.all_loads:u,mem_uops_retired.all_loads,6941260.0,99.0,nan,,ok
837.117486,373645.0,,mem_uops_retired.all_stores:u,mem_uops_retired.all_stores,7501800.0,100.0,nan,,ok
837.117486,42729.0,,longest_lat_cache.reference:u,longest_lat_cache.reference,7501725.0,100.0,nan,,ok
837.117486,17480.0,,longest_lat_cache.miss:u,longest_lat_cache.miss,7501065.0,100.0,nan,,ok
837.117486,16972.0,,offcore_requests.demand_data_rd:u,offcore_requests.demand_data_rd,7500948.0,100.0,nan,,ok
837.117486,597660.0,,resource_stalls.any:u,resource_stalls.any,7500913.0,100.0,nan,,ok
847.3361729999999,3930981.0,,inst_retired.any:u,inst_retired.any,7880259.0,100.0,nan,,ok
847.3361729999999,5809780.0,,cpu_clk_unhalted.thread:u,cpu_clk_unhalted.thread,7832310.0,99.0,nan,,ok
847.3361729999999,503231.0,,br_inst_retired.all_branches:u,br_inst_retired.all_branches,4548467.0,57.0,nan,,ok
847.3361729999999,40311.0,,br_misp_retired.all_branches:u,br_misp_retired.all_branches,4962555.0,71.0,nan,,ok
847.3361729999999,991665.0,,mem_uops_retired.all_loads:u,mem_uops_retired.all_loads,6765219.0,89.0,nan,,ok
847.3361729999999,408381.0,,mem_uops_retired.all_stores:u,mem_uops_retired.all_stores,7411907.0,100.0,nan,,ok
847.3361729999999,40934.0,,longest_lat_cache.reference:u,longest_lat_cache.reference,7880949.0,100.0,nan,,ok
847.3361729999999,17471.0,,longest_lat_cache.miss:u,longest_lat_cache.miss,7881487.0,100.0,nan,,ok
847.3361729999999,16844.0,,offcore_requests.demand_data_rd:u,offcore_requests.demand_data_rd,7881438.0,100.0,nan,,ok
847.3361729999999,598863.0,,resource_stalls.any:u,resource_stalls.any,7881458.0,100.0,nan,,ok
857.5520290000001,2813038.0,,inst_retired.any:u,inst_retired.any,6632529.0,100.0,nan,,ok
857.5520290000001,4492671.0,,cpu_clk_unhalted.thread:u,cpu_clk_unhalted.thread,6632915.0,100.0,nan,,ok
857.5520290000001,439911.0,,br_inst_retired.all_branches:u,br_inst_retired.all_branches,3292456.0,49.0,nan,,ok
857.5520290000001,31421.0,,br_misp_retired.all_branches:u,br_misp_retired.all_branches,4821389.0,72.0,nan,,ok
857.5520290000001,682752.0,,mem_uops_retired.all_loads:u,mem_uops_retired.all_loads,5502382.0,88.0,nan,,ok
857.5520290000001,267839.0,,mem_uops_retired.all_stores:u,mem_uops_retired.all_stores,6284508.0,100.0,nan,,ok
857.5520290000001,33198.0,,longest_lat_cache.reference:u,longest_lat_cache.reference,6633730.0,100.0,nan,,ok
857.5520290000001,14327.0,,longest_lat_cache.miss:u,longest_lat_cache.miss,6633558.0,100.0,nan,,ok
857.5520290000001,13900.0,,offcore_requests.demand_data_rd:u,offcore_requests.demand_data_rd,6633597.0,100.0,nan,,ok
857.5520290000001,511569.0,,resource_stalls.any:u,resource_stalls.any,6633622.0,100.0,nan,,ok
867.76585,4993017.0,,inst_retired.any:u,inst_retired.any,9116613.0,100.0,nan,,ok
867.76585,7160634.0,,cpu_clk_unhalted.thread:u,cpu_clk_unhalted.thread,9117343.0,100.0,nan,,ok
867.76585,1100328.0,,br_inst_retired.all_branches:u,br_inst_retired.all_branches,9117080.0,100.0,nan,,ok
867.76585,45468.0,,br_misp_retired.all_branches:u,br_misp_retired.all_branches,8326992.0,91.0,nan,,ok
867.76585,892473.0,,mem_uops_retired.all_loads:u,mem_uops_retired.all_loads,6202541.0,71.0,nan,,ok
867.76585,697845.0,,mem_uops_retired.all_stores:u,mem_uops_retired.all_stores,6451937.0,70.0,nan,,ok
867.76585,49417.0,,longest_lat_cache.reference:u,longest_lat_cache.reference,7079579.0,82.0,nan,,ok
867.76585,21071.0,,longest_lat_cache.miss:u,longest_lat_cache.miss,8403657.0,100.0,nan,,ok
867.76585,21788.0,,offcore_requests.demand_data_rd:u,offcore_requests.demand_data_rd,9116772.0,100.0,nan,,ok
867.76585,740678.0,,resource_stalls.any:u,resource_stalls.any,9117036.0,100.0,nan,,ok
877.973864,3927914.0,,inst_retired.any:u,inst_retired.any,8631783.0,100.0,nan,,ok
877.973864,6179571.0,,cpu_clk_unhalted.thread:u,cpu_clk_unhalted.thread,8631086.0,100.0,nan,,ok
877.973864,869806.0,,br_inst_retired.all_branches:u,br_inst_retired.all_branches,8631124.0,100.0,nan,,ok
877.973864,41479.0,,br_misp_retired.all_branches:u,br_misp_retired.all_branches,8631966.0,100.0,nan,,ok
877.973864,752590.0,,mem_uops_retired.all_loads:u,mem_uops_retired.all_loads,5955677.0,68.0,nan,,ok
877.973864,614767.0,,mem_uops_retired.all_stores:u,mem_uops_retired.all_stores,3526139.0,40.0,nan,,ok
877.973864,44303.0,,longest_lat_cache.reference:u,longest_lat_cache.reference,7808214.0,99.0,nan,,ok
877.973864,17902.0,,longest_lat_cache.miss:u,longest_lat_cache.miss,8646928.0,100.0,nan,,ok
877.973864,20096.0,,offcore_requests.demand_data_rd:u,offcore_requests.demand_data_rd,8646394.0,100.0,nan,,ok
877.973864,641576.0,,resource_stalls.any:u,resource_stalls.any,8646035.0,100.0,nan,,ok
888.195506,4421961.0,,inst_retired.any:u,inst_retired.any,9056500.0,100.0,nan,,ok
888.195506,6590066.0,,cpu_clk_unhalted.thread:u,cpu_clk_unhalted.thread,9056514.0,100.0,nan,,ok
888.195506,976554.0,,br_inst_retired.all_branches:u,br_inst_retired.all_branches,9056732.0,100.0,nan,,ok
888.195506,43927.0,,br_misp_retired.all_branches:u,br_misp_retired.all_branches,9055752.0,100.0,nan,,ok
888.195506,1105323.0,,mem_uops_retired.all_loads:u,mem_uops_retired.all_loads,9041091.0,100.0,nan,,ok
888.195506,438227.0,,mem_uops_retired.all_stores:u,mem_uops_retired.all_stores,8779628.0,97.0,nan,,ok
888.195506,47216.0,,longest_lat_cache.reference:u,longest_lat_cache.reference,6255784.0,69.0,nan,,ok
888.195506,23925.0,,longest_lat_cache.miss:u,longest_lat_cache.miss,5578425.0,66.0,nan,,ok
888.195506,18311.0,,offcore_requests.demand_data_rd:u,offcore_requests.demand_data_rd,7057418.0,82.0,nan,,ok
888.195506,736278.0,,resource_stalls.any:u,resource_stalls.any,8489289.0,96.0,nan,,ok
898.407264,4529903.0,,inst_retired.any:u,inst_retired.any,8479038.0,100.0,nan,,ok
898.407264,6582557.0,,cpu_clk_unhalted.thread:u,cpu_clk_unhalted.thread,8479114.0,100.0,nan,,ok
898.407264,1001713.0,,br_inst_retired.all_branches:u,br_inst_retired.all_branches,8478521.0,100.0,nan,,ok
898.407264,45677.0,,br_misp_retired.all_branches:u,br_misp_retired.all_branches,8478274.0,100.0,nan,,ok
898.407264,1128075.0,,mem_uops_retired.all_loads:u,mem_uops_retired.all_loads,8478406.0,100.0,nan,,ok
898.407264,491152.0,,mem_uops_retired.all_stores:u,mem_uops_retired.all_stores,8478203.0,100.0,nan,,ok
898.407264,43447.0,,longest_lat_cache.reference:u,longest_lat_cache.reference,5392513.0,63.0,nan,,ok
898.407264,24371.0,,longest_lat_cache.miss:u,longest_lat_cache.miss,3997570.0,47.0,nan,,ok
898.407264,18057.0,,offcore_requests.demand_data_rd:u,offcore_requests.demand_data_rd,7633332.0,100.0,nan,,ok
898.407264,661404.0,,resource_stalls.any:u,resource_stalls.any,8412878.0,100.0,nan,,ok
908.622304,4314086.0,,inst_retired.any:u,inst_retired.any,8473553.0,100.0,nan,,ok
908.622304,6584470.0,,cpu_clk_unhalted.thread:u,cpu_clk_unhalted.thread,9037586.0,100.0,nan,,ok
908.622304,990746.0,,br_inst_retired.all_branches:u,br_inst_retired.all_branches,9037902.0,100.0,nan,,ok
908.622304,43728.0,,br_misp_retired.all_branches:u,br_misp_retired.all_branches,9038572.0,100.0,nan,,ok
908.622304,1120721.0,,mem_uops_retired.all_loads:u,mem_uops_retired.all_loads,9038434.0,100.0,nan,,ok
908.622304,447822.0,,mem_uops_retired.all_stores:u,mem_uops_retired.all_stores,9038698.0,100.0,nan,,ok
908.622304,49860.0,,longest_lat_cache.reference:u,longest_lat_cache.reference,9039071.0,100.0,nan,,ok
908.622304,18590.0,,longest_lat_cache.miss:u,longest_lat_cache.miss,8156509.0,90.0,nan,,ok
908.622304,21541.0,,offcore_requests.demand_data_rd:u,offcore_requests.demand_data_rd,5927297.0,65.0,nan,,ok
908.622304,618702.0,,resource_stalls.any:u,resource_stalls.any,3991882.0,50.0,nan,,ok
918.838309,3331907.0,,inst_retired.any:u,inst_retired.any,6420532.0,100.0,nan,,ok
918.838309,5363932.0,,cpu_clk_unhalted.thread:u,cpu_clk_unhalted.thread,7314610.0,100.0,nan,,ok
918.838309,802287.0,,br_inst_retired.all_branches:u,br_inst_retired.all_branches,7315295.0,100.0,nan,,ok
918.838309,35815.0,,br_misp_retired.all_branches:u,br_misp_retired.all_branches,7314940.0,100.0,nan,,ok
918.838309,885549.0,,mem_uops_retired.all_loads:u,mem_uops_retired.all_loads,7314946.0,100.0,nan,,ok
918.838309,381214.0,,mem_uops_retired.all_stores:u,mem_uops_retired.all_stores,7314667.0,100.0,nan,,ok
918.838309,39606.0,,longest_lat_cache.reference:u,longest_lat_cache.reference,7314450.0,100.0,nan,,ok
918.838309,16532.0,,longest_lat_cache.miss:u,longest_lat_cache.miss,7314274.0,100.0,nan,,ok
918.838309,15540.0,,offcore_requests.demand_data_rd:u,offcore_requests.demand_data_rd,4414239.0,60.0,nan,,ok
918.838309,451961.0,,resource_stalls.any:u,resource_stalls.any,2899914.0,45.0,nan,,ok
929.065377,4372512.0,,inst_retired.any:u,inst_retired.any,6834304.0,76.0,nan,,ok
929.065377,6358809.0,,cpu_clk_unhalted.thread:u,cpu_clk_unhalted.thread,6526703.0,78.0,nan,,ok
929.065377,825492.0,,br_inst_retired.all_branches:u,br_inst_retired.all_branches,6570932.0,79.0,nan,,ok
929.065377,40095.0,,br_misp_retired.all_branches:u,br_misp_retired.all_branches,7383780.0,90.0,nan,,ok
929.065377,1086543.0,,mem_uops_retired.all_loads:u,mem_uops_retired.all_loads,8831014.0,98.0,nan,,ok
929.065377,439229.0,,mem_uops_retired.all_stores:u,mem_uops_retired.all_stores,8921829.0,100.0,nan,,ok
929.065377,49065.0,,longest_lat_cache.reference:u,longest_lat_cache.reference,8921790.0,100.0,nan,,ok
929.065377,20134.0,,longest_lat_cache.miss:u,longest_lat_cache.miss,8921617.0,100.0,nan,,ok
929.065377,20696.0,,offcore_requests.demand_data_rd:u,offcore_requests.demand_data_rd,8921920.0,100.0,nan,,ok
929.065377,680034.0,,resource_stalls.any:u,resource_stalls.any,6388296.0,71.0,nan,,ok
939.2955079999999,4180512.0,,inst_retired.any:u,inst_retired.any,8634991.0,100.0,nan,,ok
939.2955079999999,6162127.0,,cpu_clk_unhalted.thread:u,cpu_clk_unhalted.thread,8635116.0,100.0,nan,,ok
939.2955079999999,927515.0,,br_inst_retired.all_branches:u,br_inst_retired.all_branches,8385152.0,97.0,nan,,ok
939.2955079999999,42024.0,,br_misp_retired.all_branches:u,br_misp_retired.all_branches,7617876.0,88.0,nan,,ok
939.2955079999999,960068.0,,mem_uops_retired.all_loads:u,mem_uops_retired.all_loads,6886271.0,85.0,nan,,ok
939.2955079999999,338870.0,,mem_uops_retired.all_stores:u,mem_uops_retired.all_stores,6369455.0,81.0,nan,,ok
939.2955079999999,54986.0,,longest_lat_cache.reference:u,longest_lat_cache.reference,6846205.0,79.0,nan,,ok
939.2955079999999,16405.0,,longest_lat_cache.miss:u,longest_lat_cache.miss,7385935.0,91.0,nan,,ok
939.2955079999999,20263.0,,offcore_requests.demand_data_rd:u,offcore_requests.demand_data_rd,8305291.0,96.0,nan,,ok
939.2955079999999,612133.0,,resource_stalls.any:u,resource_stalls.any,8626281.0,100.0,nan,,ok
949.513355,4955230.0,,inst_retired.any:u,inst_retired.any,7919721.0,94.0,nan,,ok
949.513355,7008546.0,,cpu_clk_unhalted.thread:u,cpu_clk_unhalted.thread,9181990.0,100.0,nan,,ok
949.513355,1128810.0,,br_inst_retired.all_branches:u,br_inst_retired.all_branches,9179547.0,100.0,nan,,ok
949.513355,48214.0,,br_misp_retired.all_branches:u,br_misp_retired.all_branches,9177039.0,100.0,nan,,ok
949.513355,1252792.0,,mem_uops_retired.all_loads:u,mem_uops_retired.all_loads,9174592.0,100.0,nan,,ok
949.513355,529200.0,,mem_uops_retired.all_stores:u,mem_uops_retired.all_stores,9172255.0,100.0,nan,,ok
949.513355,49714.0,,longest_lat_cache.reference:u,longest_lat_cache.reference,8501007.0,92.0,nan,,ok
949.513355,16958.0,,longest_lat_cache.miss:u,longest_lat_cache.miss,6272364.0,75.0,nan,,ok
949.513355,21892.0,,offcore_requests.demand_data_rd:u,offcore_requests.demand_data_rd,7292811.0,79.0,nan,,ok
949.513355,546761.0,,resource_stalls.any:u,resource_stalls.any,5447367.0,71.0,nan,,ok
959.7246379999999,3127238.0,,inst_retired.any:u,inst_retired.any,5199394.0,75.0,nan,,ok
959.7246379999999,4074550.0,,cpu_clk_unhalted.thread:u,cpu_clk_unhalted.thread,4808879.0,77.0,nan,,ok
959.7246379999999,743522.0,,br_inst_retired.all_branches:u,br_inst_retired.all_branches,5240762.0,82.0,nan,,ok
959.7246379999999,31002.0,,br_misp_retired.all_branches:u,br_misp_retired.all_branches,6113240.0,88.0,nan,,ok
959.7246379999999,745780.0,,mem_uops_retired.all_loads:u,mem_uops_retired.all_loads,6443474.0,98.0,nan,,ok
959.7246379999999,304549.0,,mem_uops_retired.all_stores:u,mem_uops_retired.all_stores,6874010.0,100.0,nan,,ok
959.7246379999999,37635.0,,longest_lat_cache.reference:u,longest_lat_cache.reference,6876394.0,100.0,nan,,ok
959.7246379999999,16625.0,,longest_lat_cache.miss:u,longest_lat_cache.miss,6879191.0,100.0,nan,,ok
959.7246379999999,15597.0,,offcore_requests.demand_data_rd:u,offcore_requests.demand_data_rd,6881637.0,100.0,nan,,ok
959.7246379999999,511855.0,,resource_stalls.any:u,resource_stalls.any,4884218.0,70.0,nan,,ok
969.9383740000001,5023259.0,,inst_retired.any:u,inst_retired.any,9252870.0,100.0,nan,,ok
969.9383740000001,7162687.0,,cpu_clk_unhalted.thread:u,cpu_clk_unhalted.thread,9252641.0,100.0,nan,,ok
969.9383740000001,988965.0,,br_inst_retired.all_branches:u,br_inst_retired.all_branches,8998298.0,97.0,nan,,ok
969.9383740000001,34993.0,,br_misp_retired.all_branches:u,br_misp_retired.all_branches,6549358.0,70.0,nan,,ok
969.9383740000001,1685885.0,,mem_uops_retired.all_loads:u,mem_uops_retired.all_loads,5544604.0,59.0,nan,,ok
969.9383740000001,550052.0,,mem_uops_retired.all_stores:u,mem_uops_retired.all_stores,7343393.0,83.0,nan,,ok
969.9383740000001,45743.0,,longest_lat_cache.reference:u,longest_lat_cache.reference,8574534.0,100.0,nan,,ok
969.9383740000001,19949.0,,longest_lat_cache.miss:u,longest_lat_cache.miss,9253114.0,100.0,nan,,ok
969.9383740000001,19963.0,,offcore_requests.demand_data_rd:u,offcore_requests.demand_data_rd,9252994.0,100.0,nan,,ok
969.9383740000001,726796.0,,resource_stalls.any:u,resource_stalls.any,9253060.0,100.0,nan,,ok
980.1558729999999,4121846.0,,inst_retired.any:u,inst_retired.any,8116621.0,100.0,nan,,ok
980.1558729999999,6030801.0,,cpu_clk_unhalted.thread:u,cpu_clk_unhalted.thread,8116755.0,100.0,nan,,ok
980.1558729999999,931349.0,,br_inst_retired.all_branches:u,br_inst_retired.all_branches,8116880.0,100.0,nan,,ok
980.1558729999999,29800.0,,br_misp_retired.all_branches:u,br_misp_retired.all_branches,4980979.0,61.0,nan,,ok
980.1558729999999,1247992.0,,mem_uops_retired.all_loads:u,mem_uops_retired.all_loads,4650592.0,57.0,nan,,ok
980.1558729999999,394413.0,,mem_uops_retired.all_stores:u,mem_uops_retired.all_stores,6827844.0,89.0,nan,,ok
980.1558729999999,43661.0,,longest_lat_cache.reference:u,longest_lat_cache.reference,7890370.0,100.0,nan,,ok
980.1558729999999,17932.0,,longest_lat_cache.miss:u,longest_lat_cache.miss,8116938.0,100.0,nan,,ok
980.1558729999999,18261.0,,offcore_requests.demand_data_rd:u,offcore_requests.demand_data_rd,8116897.0,100.0,nan,,ok
980.1558729999999,656179.0,,resource_stalls.any:u,resource_stalls.any,8117051.0,100.0,nan,,ok
990.3711790000001,4742737.0,,inst_retired.any:u,inst_retired.any,9060585.0,100.0,nan,,ok
990.3711790000001,6998553.0,,cpu_clk_unhalted.thread:u,cpu_clk_unhalted.thread,9056375.0,100.0,nan,,ok
990.3711790000001,1044836.0,,br_inst_retired.all_branches:u,br_inst_retired.all_branches,9053695.0,100.0,nan,,ok
990.3711790000001,47155.0,,br_misp_retired.all_branches:u,br_misp_retired.all_branches,8971369.0,100.0,nan,,ok
990.3711790000001,1198780.0,,mem_uops_retired.all_loads:u,mem_uops_retired.all_loads,8228311.0,90.0,nan,,ok
990.3711790000001,388364.0,,mem_uops_retired.all_stores:u,mem_uops_retired.all_stores,7294602.0,80.0,nan,,ok
990.3711790000001,55523.0,,longest_lat_cache.reference:u,longest_lat_cache.reference,5479613.0,60.0,nan,,ok
990.3711790000001,18895.0,,longest_lat_cache.miss:u,longest_lat_cache.miss,7034939.0,86.0,nan,,ok
990.3711790000001,18714.0,,offcore_requests.demand_data_rd:u,offcore_requests.demand_data_rd,8215913.0,99.0,nan,,ok
990.3711790000001,750317.0,,resource_stalls.any:u,resource_stalls.any,9037228.0,100.0,nan,,ok
1000.5686979999999,3440722.0,,inst_retired.any:u,inst_retired.any,6297607.0,94.0,nan,,ok
1000.5686979999999,5086806.0,,cpu_clk_unhalted.thread:u,cpu_clk_unhalted.thread,7149408.0,100.0,nan,,ok
1000.5686979999999,802857.0,,br_inst_retired.all_branches:u,br_inst_retired.all_branches,7152193.0,100.0,nan,,ok
1000.5686979999999,32372.0,,br_misp_retired.all_branches:u,br_misp_retired.all_branches,7154865.0,100.0,nan,,ok
1000.5686979999999,865400.0,,mem_uops_retired.all_loads:u,mem_uops_retired.all_loads,7157126.0,100.0,nan,,ok
1000.5686979999999,340891.0,,mem_uops_retired.all_stores:u,mem_uops_retired.all_stores,7159711.0,100.0,nan,,ok
1000.5686979999999,36769.0,,longest_lat_cache.reference:u,longest_lat_cache.reference,7162346.0,100.0,nan,,ok
1000.5686979999999,14019.0,,longest_lat_cache.miss:u,longest_lat_cache.miss,5283565.0,73.0,nan,,ok
1000.5686979999999,13606.0,,offcore_requests.demand_data_rd:u,offcore_requests.demand_data_rd,4975698.0,69.0,nan,,ok
1000.5686979999999,575693.0,,resource_stalls.any:u,resource_stalls.any,4072482.0,65.0,nan,,ok
1010.790614,6485836.0,,inst_retired.any:u,inst_retired.any,3228993.0,45.0,nan,,ok
1010.790614,6760693.0,,cpu_clk_unhalted.thread:u,cpu_clk_unhalted.thread,8220552.0,100.0,nan,,ok
1010.790614,1051747.0,,br_inst_retired.all_branches:u,br_inst_retired.all_branches,8865124.0,100.0,nan,,ok
1010.790614,46773.0,,br_misp_retired.all_branches:u,br_misp_retired.all_branches,8862452.0,100.0,nan,,ok
1010.790614,1180044.0,,mem_uops_retired.all_loads:u,mem_uops_retired.all_loads,8860191.0,100.0,nan,,ok
1010.790614,502109.0,,mem_uops_retired.all_stores:u,mem_uops_retired.all_stores,8857606.0,100.0,nan,,ok
1010.790614,50564.0,,longest_lat_cache.reference:u,longest_lat_cache.reference,8854971.0,100.0,nan,,ok
1010.790614,21363.0,,longest_lat_cache.miss:u,longest_lat_cache.miss,8852696.0,100.0,nan,,ok
1010.790614,20924.0,,offcore_requests.demand_data_rd:u,offcore_requests.demand_data_rd,8850193.0,100.0,nan,,ok
1010.790614,146088.0,,resource_stalls.any:u,resource_stalls.any,647357.0,8.0,nan,,ok
1020.999282,4953691.0,,inst_retired.any:u,inst_retired.any,4812107.0,63.0,nan,,ok
1020.999282,5301034.0,,cpu_clk_unhalted.thread:u,cpu_clk_unhalted.thread,5675809.0,79.0,nan,,ok
1020.999282,836470.0,,br_inst_retired.all_branches:u,br_inst_retired.all_branches,7120134.0,98.0,nan,,ok
1020.999282,35291.0,,br_misp_retired.all_branches:u,br_misp_retired.all_branches,7563119.0,100.0,nan,,ok
1020.999282,926145.0,,mem_uops_retired.all_loads:u,mem_uops_retired.all_loads,7565504.0,100.0,nan,,ok
1020.999282,365797.0,,mem_uops_retired.all_stores:u,mem_uops_retired.all_stores,7567905.0,100.0,nan,,ok
1020.999282,40150.0,,longest_lat_cache.reference:u,longest_lat_cache.reference,7570569.0,100.0,nan,,ok
1020.999282,16960.0,,longest_lat_cache.miss:u,longest_lat_cache.miss,7573161.0,100.0,nan,,ok
1020.999282,16976.0,,offcore_requests.demand_data_rd:u,offcore_requests.demand_data_rd,7575730.0,100.0,nan,,ok
1020.999282,756252.0,,resource_stalls.any:u,resource_stalls.any,2341124.0,30.0,nan,,ok
1031.21449,2479306.0,,inst_retired.any:u,inst_retired.any,6214219.0,72.0,nan,,ok
1031.21449,8951990.0,,cpu_clk_unhalted.thread:u,cpu_clk_unhalted.thread,3381582.0,39.0,nan,,ok
1031.21449,998490.0,,br_inst_retired.all_branches:u,br_inst_retired.all_branches,7602628.0,99.0,nan,,ok
1031.21449,44126.0,,br_misp_retired.all_branches:u,br_misp_retired.all_branches,8592860.0,100.0,nan,,ok
1031.21449,1141950.0,,mem_uops_retired.all_loads:u,mem_uops_retired.all_loads,8590475.0,100.0,nan,,ok
1031.21449,485595.0,,mem_uops_retired.all_stores:u,mem_uops_retired.all_stores,8588074.0,100.0,nan,,ok
1031.21449,47352.0,,longest_lat_cache.reference:u,longest_lat_cache.reference,8585410.0,100.0,nan,,ok
1031.21449,20245.0,,longest_lat_cache.miss:u,longest_lat_cache.miss,8582818.0,100.0,nan,,ok
1031.21449,19185.0,,offcore_requests.demand_data_rd:u,offcore_requests.demand_data_rd,8580249.0,100.0,nan,,ok
1031.21449,620068.0,,resource_stalls.any:u,resource_stalls.any,6190681.0,72.0,nan,,ok
1041.4215120000001,3912699.0,,inst_retired.any:u,inst_retired.any,6180697.0,76.0,nan,,ok
1041.4215120000001,5541807.0,,cpu_clk_unhalted.thread:u,cpu_clk_unhalted.thread,5423307.0,67.0,nan,,ok
1041.4215120000001,1220358.0,,br_inst_retired.all_branches:u,br_inst_retired.all_branches,4921077.0,65.0,nan,,ok
1041.4215120000001,39705.0,,br_misp_retired.all_branches:u,br_misp_retired.all_branches,7606930.0,100.0,nan,,ok
1041.4215120000001,1081113.0,,mem_uops_retired.all_loads:u,mem_uops_retired.all_loads,8049588.0,100.0,nan,,ok
1041.4215120000001,434596.0,,mem_uops_retired.all_stores:u,mem_uops_retired.all_stores,8051957.0,100.0,nan,,ok
1041.4215120000001,45530.0,,longest_lat_cache.reference:u,longest_lat_cache.reference,8054608.0,100.0,nan,,ok
1041.4215120000001,17841.0,,longest_lat_cache.miss:u,longest_lat_cache.miss,8057107.0,100.0,nan,,ok
1041.4215120000001,18714.0,,offcore_requests.demand_data_rd:u,offcore_requests.demand_data_rd,8059468.0,100.0,nan,,ok
1041.4215120000001,629660.0,,resource_stalls.any:u,resource_stalls.any,6203680.0,76.0,nan,,ok
1051.638447,8631819.0,,inst_retired.any:u,inst_retired.any,8884076.0,100.0,nan,,ok
1051.638447,8936172.0,,cpu_clk_unhalted.thread:u,cpu_clk_unhalted.thread,8285778.0,93.0,nan,,ok
1051.638447,2001067.0,,br_inst_retired.all_branches:u,br_inst_retired.all_branches,7156536.0,80.0,nan,,ok
1051.638447,62880.0,,br_misp_retired.all_branches:u,br_misp_retired.all_branches,5986981.0,75.0,nan,,ok
1051.638447,1340740.0,,mem_uops_retired.all_loads:u,mem_uops_retired.all_loads,6250430.0,78.0,nan,,ok
1051.638447,902471.0,,mem_uops_retired.all_stores:u,mem_uops_retired.all_stores,7820628.0,95.0,nan,,ok
1051.638447,53285.0,,longest_lat_cache.reference:u,longest_lat_cache.reference,8868989.0,100.0,nan,,ok
1051.638447,18578.0,,longest_lat_cache.miss:u,longest_lat_cache.miss,8866490.0,100.0,nan,,ok
1051.638447,22353.0,,offcore_requests.demand_data_rd:u,offcore_requests.demand_data_rd,8864129.0,100.0,nan,,ok
1051.638447,811158.0,,resource_stalls.any:u,resource_stalls.any,8861093.0,100.0,nan,,ok
1061.852677,2646306.0,,inst_retired.any:u,inst_retired.any,5812572.0,100.0,nan,,ok
1061.852677,4014411.0,,cpu_clk_unhalted.thread:u,cpu_clk_unhalted.thread,5812572.0,100.0,nan,,ok
1061.852677,583633.0,,br_inst_retired.all_branches:u,br_inst_retired.all_branches,5812572.0,100.0,nan,,ok
1061.852677,27550.0,,br_misp_retired.all_branches:u,br_misp_retired.all_branches,5812572.0,100.0,nan,,ok
1061.852677,715018.0,,mem_uops_retired.all_loads:u,mem_uops_retired.all_loads,5812572.0,100.0,nan,,ok
1061.852677,162577.0,,mem_uops_retired.all_stores:u,mem_uops_retired.all_stores,3881742.0,68.0,nan,,ok
1061.852677,25233.0,,longest_lat_cache.reference:u,longest_lat_cache.reference,5070115.0,87.0,nan,,ok
1061.852677,11935.0,,longest_lat_cache.miss:u,longest_lat_cache.miss,3839034.0,66.0,nan,,ok
1061.852677,11419.0,,offcore_requests.demand_data_rd:u,offcore_requests.demand_data_rd,5089126.0,87.0,nan,,ok
1061.852677,590475.0,,resource_stalls.any:u,resource_stalls.any,5370271.0,92.0,nan,,ok
1072.002668,3287591.0,,inst_retired.any:u,inst_retired.any,5674202.0,73.0,nan,,ok
1072.002668,4843789.0,,cpu_clk_unhalted.thread:u,cpu_clk_unhalted.thread,5730776.0,73.0,nan,,ok
1072.002668,699313.0,,br_inst_retired.all_branches:u,br_inst_retired.all_branches,7687952.0,100.0,nan,,ok
1072.002668,46212.0,,br_misp_retired.all_branches:u,br_misp_retired.all_branches,7751267.0,100.0,nan,,ok
1072.002668,777460.0,,mem_uops_retired.all_loads:u,mem_uops_retired.all_loads,7753656.0,100.0,nan,,ok
1072.002668,230472.0,,mem_uops_retired.all_stores:u,mem_uops_retired.all_stores,7756463.0,100.0,nan,,ok
1072.002668,41512.0,,longest_lat_cache.reference:u,longest_lat_cache.reference,7758939.0,100.0,nan,,ok
1072.002668,20689.0,,longest_lat_cache.miss:u,longest_lat_cache.miss,7735690.0,99.0,nan,,ok
1072.002668,20394.0,,offcore_requests.demand_data_rd:u,offcore_requests.demand_data_rd,7611920.0,100.0,nan,,ok
1072.002668,794147.0,,resource_stalls.any:u,resource_stalls.any,2273722.0,29.0,nan,,ok
1082.210766,6468338.0,,inst_retired.any:u,inst_retired.any,7049017.0,80.0,nan,,ok
1082.210766,6617853.0,,cpu_clk_unhalted.thread:u,cpu_clk_unhalted.thread,6817032.0,77.0,nan,,ok
1082.210766,1099571.0,,br_inst_retired.all_branches:u,br_inst_retired.all_branches,7511486.0,88.0,nan,,ok
1082.210766,34955.0,,br_misp_retired.all_branches:u,br_misp_retired.all_branches,7803634.0,88.0,nan,,ok
1082.210766,1263275.0,,mem_uops_retired.all_loads:u,mem_uops_retired.all_loads,7802271.0,88.0,nan,,ok
1082.210766,616027.0,,mem_uops_retired.all_stores:u,mem_uops_retired.all_stores,7865154.0,89.0,nan,,ok
1082.210766,82382.0,,longest_lat_cache.reference:u,longest_lat_cache.reference,8608881.0,97.0,nan,,ok
1082.210766,36847.0,,longest_lat_cache.miss:u,longest_lat_cache.miss,8802954.0,100.0,nan,,ok
1082.210766,52995.0,,offcore_requests.demand_data_rd:u,offcore_requests.demand_data_rd,8803005.0,100.0,nan,,ok
1082.210766,2869715.0,,resource_stalls.any:u,resource_stalls.any,6394311.0,72.0,nan,,ok
1092.447443,6289341.0,,inst_retired.any:u,inst_retired.any,9139571.0,90.0,nan,,ok
1092.447443,8440594.0,,cpu_clk_unhalted.thread:u,cpu_clk_unhalted.thread,9140440.0,90.0,nan,,ok
1092.447443,1080176.0,,br_inst_retired.all_branches:u,br_inst_retired.all_branches,9139848.0,90.0,nan,,ok
1092.447443,83181.0,,br_misp_retired.all_branches:u,br_misp_retired.all_branches,9241594.0,91.0,nan,,ok
1092.447443,1087966.0,,mem_uops_retired.all_loads:u,mem_uops_retired.all_loads,9139159.0,90.0,nan,,ok
1092.447443,603972.0,,mem_uops_retired.all_stores:u,mem_uops_retired.all_stores,9139414.0,90.0,nan,,ok
1092.447443,11845.0,,longest_lat_cache.reference:u,longest_lat_cache.reference,8896593.0,87.0,nan,,ok
1092.447443,5410.0,,longest_lat_cache.miss:u,longest_lat_cache.miss,9140880.0,90.0,nan,,ok
1092.447443,6663.0,,offcore_requests.demand_data_rd:u,offcore_requests.demand_data_rd,9141454.0,90.0,nan,,ok
1092.447443,1111610.0,,resource_stalls.any:u,resource_stalls.any,8141387.0,80.0,nan,,ok
1102.684099,14448696.0,,inst_retired.any:u,inst_retired.any,9153518.0,90.0,nan,,ok
1102.684099,22149228.0,,cpu_clk_unhalted.thread:u,cpu_clk_unhalted.thread,9231908.0,90.0,nan,,ok
1102.684099,2385927.0,,br_inst_retired.all_branches:u,br_inst_retired.all_branches,9154320.0,90.0,nan,,ok
1102.684099,67666.0,,br_misp_retired.all_branches:u,br_misp_retired.all_branches,9155112.0,90.0,nan,,ok
1102.684099,4207786.0,,mem_uops_retired.all_loads:u,mem_uops_retired.all_loads,9156583.0,90.0,nan,,ok
1102.684099,2758789.0,,mem_uops_retired.all_stores:u,mem_uops_retired.all_stores,9154189.0,90.0,nan,,ok
1102.684099,178654.0,,longest_lat_cache.reference:u,longest_lat_cache.reference,8922458.0,87.0,nan,,ok
1102.684099,52891.0,,longest_lat_cache.miss:u,longest_lat_cache.miss,9155328.0,90.0,nan,,ok
1102.684099,67793.0,,offcore_requests.demand_data_rd:u,offcore_requests.demand_data_rd,9155792.0,90.0,nan,,ok
1102.684099,3537766.0,,resource_stalls.any:u,resource_stalls.any,8155941.0,80.0,nan,,ok
1112.917483,17698593.0,,inst_retired.any:u,inst_retired.any,9217444.0,90.0,nan,,ok
1112.917483,24217674.0,,cpu_clk_unhalted.thread:u,cpu_clk_unhalted.thread,9218496.0,90.0,nan,,ok
1112.917483,3059175.0,,br_inst_retired.all_branches:u,br_inst_retired.all_branches,9219459.0,90.0,nan,,ok
1112.917483,157439.0,,br_misp_retired.all_branches:u,br_misp_retired.all_branches,9222320.0,90.0,nan,,ok
1112.917483,5443160.0,,mem_uops_retired.all_loads:u,mem_uops_retired.all_loads,9219767.0,90.0,nan,,ok
1112.917483,2672809.0,,mem_uops_retired.all_stores:u,mem_uops_retired.all_stores,9220290.0,90.0,nan,,ok
1112.917483,261827.0,,longest_lat_cache.reference:u,longest_lat_cache.reference,8983595.0,87.0,nan,,ok
1112.917483,45509.0,,longest_lat_cache.miss:u,longest_lat_cache.miss,9238666.0,90.0,nan,,ok
1112.917483,82932.0,,offcore_requests.demand_data_rd:u,offcore_requests.demand_data_rd,9222806.0,90.0,nan,,ok
1112.917483,3419152.0,,resource_stalls.any:u,resource_stalls.any,8223790.0,80.0,nan,,ok
1123.1578550000002,21295777.0,,inst_retired.any:u,inst_retired.any,9240758.0,90.0,nan,,ok
1123.1578550000002,28719859.0,,cpu_clk_unhalted.thread:u,cpu_clk_unhalted.thread,9240307.0,90.0,nan,,ok
1123.1578550000002,4331938.0,,br_inst_retired.all_branches:u,br_inst_retired.all_branches,9241407.0,90.0,nan,,ok
1123.1578550000002,218806.0,,br_misp_retired.all_branches:u,br_misp_retired.all_branches,9242340.0,90.0,nan,,ok
1123.1578550000002,7797681.0,,mem_uops_retired.all_loads:u,mem_uops_retired.all_loads,9241949.0,90.0,nan,,ok
1123.1578550000002,3439489.0,,mem_uops_retired.all_stores:u,mem_uops_retired.all_stores,9241586.0,90.0,nan,,ok
1123.1578550000002,226209.0,,longest_lat_cache.reference:u,longest_lat_cache.reference,9200079.0,89.0,nan,,ok
1123.1578550000002,31846.0,,longest_lat_cache.miss:u,longest_lat_cache.miss,9037403.0,88.0,nan,,ok
1123.1578550000002,83707.0,,offcore_requests.demand_data_rd:u,offcore_requests.demand_data_rd,9242379.0,90.0,nan,,ok
1123.1578550000002,3045707.0,,resource_stalls.any:u,resource_stalls.any,8241533.0,80.0,nan,,ok
1133.399564,17239108.0,,inst_retired.any:u,inst_retired.any,9243000.0,90.0,nan,,ok
1133.399564,28570628.0,,cpu_clk_unhalted.thread:u,cpu_clk_unhalted.thread,9242593.0,90.0,nan,,ok
1133.399564,3385353.0,,br_inst_retired.all_branches:u,br_inst_retired.all_branches,9243079.0,90.0,nan,,ok
1133.399564,178720.0,,br_misp_retired.all_branches:u,br_misp_retired.all_branches,9243508.0,90.0,nan,,ok
1133.399564,5160332.0,,mem_uops_retired.all_loads:u,mem_uops_retired.all_loads,9242368.0,90.0,nan,,ok
1133.399564,2801293.0,,mem_uops_retired.all_stores:u,mem_uops_retired.all_stores,9243973.0,90.0,nan,,ok
1133.399564,322846.0,,longest_lat_cache.reference:u,longest_lat_cache.reference,9242949.0,90.0,nan,,ok
1133.399564,59932.0,,longest_lat_cache.miss:u,longest_lat_cache.miss,8999655.0,87.0,nan,,ok
1133.399564,129241.0,,offcore_requests.demand_data_rd:u,offcore_requests.demand_data_rd,9243342.0,90.0,nan,,ok
1133.399564,4615397.0,,resource_stalls.any:u,resource_stalls.any,8244612.0,80.0,nan,,ok
1143.648649,15912841.0,,inst_retired.any:u,inst_retired.any,9246292.0,90.0,nan,,ok
1143.648649,28153886.0,,cpu_clk_unhalted.thread:u,cpu_clk_unhalted.thread,9245706.0,90.0,nan,,ok
1143.648649,3412831.0,,br_inst_retired.all_branches:u,br_inst_retired.all_branches,9245540.0,90.0,nan,,ok
1143.648649,210429.0,,br_misp_retired.all_branches:u,br_misp_retired.all_branches,9244718.0,90.0,nan,,ok
1143.648649,5147860.0,,mem_uops_retired.all_loads:u,mem_uops_retired.all_loads,9245037.0,90.0,nan,,ok
1143.648649,2517528.0,,mem_uops_retired.all_stores:u,mem_uops_retired.all_stores,9245300.0,90.0,nan,,ok
1143.648649,338897.0,,longest_lat_cache.reference:u,longest_lat_cache.reference,9246768.0,90.0,nan,,ok
1143.648649,58403.0,,longest_lat_cache.miss:u,longest_lat_cache.miss,8997933.0,87.0,nan,,ok
1143.648649,152866.0,,offcore_requests.demand_data_rd:u,offcore_requests.demand_data_rd,9246569.0,90.0,nan,,ok
1143.648649,4150674.0,,resource_stalls.any:u,resource_stalls.any,8245644.0,80.0,nan,,ok
1153.892809,16839346.0,,inst_retired.any:u,inst_retired.any,9247088.0,90.0,nan,,ok
1153.892809,29882037.0,,cpu_clk_unhalted.thread:u,cpu_clk_unhalted.thread,9246928.0,90.0,nan,,ok
1153.892809,3251000.0,,br_inst_retired.all_branches:u,br_inst_retired.all_branches,9248718.0,90.0,nan,,ok
1153.892809,286348.0,,br_misp_retired.all_branches:u,br_misp_retired.all_branches,9249071.0,90.0,nan,,ok
1153.892809,5598311.0,,mem_uops_retired.all_loads:u,mem_uops_retired.all_loads,9248366.0,90.0,nan,,ok
1153.892809,2715404.0,,mem_uops_retired.all_stores:u,mem_uops_retired.all_stores,9249596.0,90.0,nan,,ok
1153.892809,424928.0,,longest_lat_cache.reference:u,longest_lat_cache.reference,9249724.0,90.0,nan,,ok
1153.892809,37425.0,,longest_lat_cache.miss:u,longest_lat_cache.miss,8999346.0,87.0,nan,,ok
1153.892809,173524.0,,offcore_requests.demand_data_rd:u,offcore_requests.demand_data_rd,9248766.0,90.0,nan,,ok
1153.892809,4667625.0,,resource_stalls.any:u,resource_stalls.any,8250760.0,80.0,nan,,ok
1164.1482030000002,19018364.0,,inst_retired.any:u,inst_retired.any,9253815.0,90.0,nan,,ok
1164.1482030000002,27844866.0,,cpu_clk_unhalted.thread:u,cpu_clk_unhalted.thread,9253611.0,90.0,nan,,ok
1164.1482030000002,3688356.0,,br_inst_retired.all_branches:u,br_inst_retired.all_branches,9253771.0,90.0,nan,,ok
1164.1482030000002,259016.0,,br_misp_retired.all_branches:u,br_misp_retired.all_branches,9252603.0,90.0,nan,,ok
1164.1482030000002,5941250.0,,mem_uops_retired.all_loads:u,mem_uops_retired.all_loads,9254498.0,90.0,nan,,ok
1164.1482030000002,3083624.0,,mem_uops_retired.all_stores:u,mem_uops_retired.all_stores,9255210.0,90.0,nan,,ok
1164.1482030000002,325073.0,,longest_lat_cache.reference:u,longest_lat_cache.reference,9252273.0,90.0,nan,,ok
1164.1482030000002,26940.0,,longest_lat_cache.miss:u,longest_lat_cache.miss,9196677.0,89.0,nan,,ok
1164.1482030000002,104624.0,,offcore_requests.demand_data_rd:u,offcore_requests.demand_data_rd,9053474.0,88.0,nan,,ok
1164.1482030000002,2561524.0,,resource_stalls.any:u,resource_stalls.any,8253503.0,80.0,nan,,ok
1174.392675,21981173.0,,inst_retired.any:u,inst_retired.any,9242860.0,90.0,nan,,ok
1174.392675,28525146.0,,cpu_clk_unhalted.thread:u,cpu_clk_unhalted.thread,9243788.0,90.0,nan,,ok
1174.392675,4130297.0,,br_inst_retired.all_branches:u,br_inst_retired.all_branches,9241892.0,90.0,nan,,ok
1174.392675,289701.0,,br_misp_retired.all_branches:u,br_misp_retired.all_branches,9243919.0,90.0,nan,,ok
1174.392675,7046354.0,,mem_uops_retired.all_loads:u,mem_uops_retired.all_loads,9242179.0,90.0,nan,,ok
1174.392675,2993607.0,,mem_uops_retired.all_stores:u,mem_uops_retired.all_stores,9243583.0,90.0,nan,,ok
1174.392675,259612.0,,longest_lat_cache.reference:u,longest_lat_cache.reference,9243719.0,90.0,nan,,ok
1174.392675,33963.0,,longest_lat_cache.miss:u,longest_lat_cache.miss,9243313.0,90.0,nan,,ok
1174.392675,79616.0,,offcore_requests.demand_data_rd:u,offcore_requests.demand_data_rd,9001361.0,87.0,nan,,ok
1174.392675,2234517.0,,resource_stalls.any:u,resource_stalls.any,8242338.0,80.0,nan,,ok
1184.650054,20708240.0,,inst_retired.any:u,inst_retired.any,9257612.0,90.0,nan,,ok
1184.650054,29729884.0,,cpu_clk_unhalted.thread:u,cpu_clk_unhalted.thread,9259849.0,90.0,nan,,ok
1184.650054,4279193.0,,br_inst_retired.all_branches:u,br_inst_retired.all_branches,9257835.0,90.0,nan,,ok
1184.650054,328804.0,,br_misp_retired.all_branches:u,br_misp_retired.all_branches,9259478.0,90.0,nan,,ok
1184.650054,6713865.0,,mem_uops_retired.all_loads:u,mem_uops_retired.all_loads,9259920.0,90.0,nan,,ok
1184.650054,2754486.0,,mem_uops_retired.all_stores:u,mem_uops_retired.all_stores,9257904.0,90.0,nan,,ok
1184.650054,230596.0,,longest_lat_cache.reference:u,longest_lat_cache.reference,9258729.0,90.0,nan,,ok
1184.650054,50016.0,,longest_lat_cache.miss:u,longest_lat_cache.miss,9258712.0,90.0,nan,,ok
1184.650054,79748.0,,offcore_requests.demand_data_rd:u,offcore_requests.demand_data_rd,9001018.0,87.0,nan,,ok
1184.650054,2233161.0,,resource_stalls.any:u,resource_stalls.any,8257562.0,80.0,nan,,ok
1194.903533,21290634.0,,inst_retired.any:u,inst_retired.any,9249636.0,90.0,nan,,ok
1194.903533,29143467.0,,cpu_clk_unhalted.thread:u,cpu_clk_unhalted.thread,9248268.0,90.0,nan,,ok
1194.903533,4762859.0,,br_inst_retired.all_branches:u,br_inst_retired.all_branches,9247145.0,90.0,nan,,ok
1194.903533,288751.0,,br_misp_retired.all_branches:u,br_misp_retired.all_branches,9248299.0,90.0,nan,,ok
1194.903533,7493024.0,,mem_uops_retired.all_loads:u,mem_uops_retired.all_loads,9247556.0,90.0,nan,,ok
1194.903533,2900683.0,,mem_uops_retired.all_stores:u,mem_uops_retired.all_stores,9246627.0,90.0,nan,,ok
1194.903533,223007.0,,longest_lat_cache.reference:u,longest_lat_cache.reference,9247413.0,90.0,nan,,ok
1194.903533,44206.0,,longest_lat_cache.miss:u,longest_lat_cache.miss,9246502.0,90.0,nan,,ok
1194.903533,118285.0,,offcore_requests.demand_data_rd:u,offcore_requests.demand_data_rd,8999551.0,87.0,nan,,ok
1194.903533,4311308.0,,resource_stalls.any:u,resource_stalls.any,8246913.0,80.0,nan,,ok
1205.1483970000002,15384223.0,,inst_retired.any:u,inst_retired.any,9247000.0,90.0,nan,,ok
1205.1483970000002,28273040.0,,cpu_clk_unhalted.thread:u,cpu_clk_unhalted.thread,8249036.0,80.0,nan,,ok
1205.1483970000002,3050315.0,,br_inst_retired.all_branches:u,br_inst_retired.all_branches,9248434.0,90.0,nan,,ok
1205.1483970000002,187378.0,,br_misp_retired.all_branches:u,br_misp_retired.all_branches,9247045.0,90.0,nan,,ok
1205.1483970000002,4645481.0,,mem_uops_retired.all_loads:u,mem_uops_retired.all_loads,9249672.0,90.0,nan,,ok
1205.1483970000002,2425450.0,,mem_uops_retired.all_stores:u,mem_uops_retired.all_stores,9249573.0,90.0,nan,,ok
1205.1483970000002,315716.0,,longest_lat_cache.reference:u,longest_lat_cache.reference,9249797.0,90.0,nan,,ok
1205.1483970000002,63974.0,,longest_lat_cache.miss:u,longest_lat_cache.miss,9249537.0,90.0,nan,,ok
1205.1483970000002,126953.0,,offcore_requests.demand_data_rd:u,offcore_requests.demand_data_rd,9999537.0,97.0,nan,,ok
1205.1483970000002,4692309.0,,resource_stalls.any:u,resource_stalls.any,8251162.0,80.0,nan,,ok
1215.410308,19858883.0,,inst_retired.any:u,inst_retired.any,9262774.0,90.0,nan,,ok
1215.410308,28364823.0,,cpu_clk_unhalted.thread:u,cpu_clk_unhalted.thread,9263678.0,90.0,nan,,ok
1215.410308,3858060.0,,br_inst_retired.all_branches:u,br_inst_retired.all_branches,9265297.0,90.0,nan,,ok
1215.410308,255988.0,,br_misp_retired.all_branches:u,br_misp_retired.all_branches,9262769.0,90.0,nan,,ok
1215.410308,5710236.0,,mem_uops_retired.all_loads:u,mem_uops_retired.all_loads,9264058.0,90.0,nan,,ok
1215.410308,2708102.0,,mem_uops_retired.all_stores:u,mem_uops_retired.all_stores,9263725.0,90.0,nan,,ok
1215.410308,378623.0,,longest_lat_cache.reference:u,longest_lat_cache.reference,9263798.0,90.0,nan,,ok
1215.410308,36842.0,,longest_lat_cache.miss:u,longest_lat_cache.miss,9262223.0,90.0,nan,,ok
1215.410308,146016.0,,offcore_requests.demand_data_rd:u,offcore_requests.demand_data_rd,8999498.0,87.0,nan,,ok
1215.410308,3117933.0,,resource_stalls.any:u,resource_stalls.any,8263473.0,80.0,nan,,ok
1225.691538,18535763.0,,inst_retired.any:u,inst_retired.any,9284949.0,90.0,nan,,ok
1225.691538,28720498.0,,cpu_clk_unhalted.thread:u,cpu_clk_unhalted.thread,9287112.0,90.0,nan,,ok
1225.691538,3683590.0,,br_inst_retired.all_branches:u,br_inst_retired.all_branches,9284800.0,90.0,nan,,ok
1225.691538,256210.0,,br_misp_retired.all_branches:u,br_misp_retired.all_branches,9285420.0,90.0,nan,,ok
1225.691538,5352883.0,,mem_uops_retired.all_loads:u,mem_uops_retired.all_loads,9285511.0,90.0,nan,,ok
1225.691538,2581159.0,,mem_uops_retired.all_stores:u,mem_uops_retired.all_stores,9286103.0,90.0,nan,,ok
1225.691538,397928.0,,longest_lat_cache.reference:u,longest_lat_cache.reference,9285469.0,90.0,nan,,ok
1225.691538,40113.0,,longest_lat_cache.miss:u,longest_lat_cache.miss,9286314.0,90.0,nan,,ok
1225.691538,146903.0,,offcore_requests.demand_data_rd:u,offcore_requests.demand_data_rd,9000157.0,87.0,nan,,ok
1225.691538,3007340.0,,resource_stalls.any:u,resource_stalls.any,8287147.0,80.0,nan,,ok
1235.964976,18464890.0,,inst_retired.any:u,inst_retired.any,9268961.0,90.0,nan,,ok
1235.964976,28292594.0,,cpu_clk_unhalted.thread:u,cpu_clk_unhalted.thread,9267534.0,90.0,nan,,ok
1235.964976,3716845.0,,br_inst_retired.all_branches:u,br_inst_retired.all_branches,9268567.0,90.0,nan,,ok
1235.964976,276069.0,,br_misp_retired.all_branches:u,br_misp_retired.all_branches,9282628.0,90.0,nan,,ok
1235.964976,5386374.0,,mem_uops_retired.all_loads:u,mem_uops_retired.all_loads,9281897.0,90.0,nan,,ok
1235.964976,2767726.0,,mem_uops_retired.all_stores:u,mem_uops_retired.all_stores,9282070.0,90.0,nan,,ok
1235.964976,439978.0,,longest_lat_cache.reference:u,longest_lat_cache.reference,9282050.0,90.0,nan,,ok
1235.964976,29551.0,,longest_lat_cache.miss:u,longest_lat_cache.miss,9283481.0,90.0,nan,,ok
1235.964976,158141.0,,offcore_requests.demand_data_rd:u,offcore_requests.demand_data_rd,9032610.0,87.0,nan,,ok
1235.964976,2688181.0,,resource_stalls.any:u,resource_stalls.any,8242953.0,80.0,nan,,ok
1246.2348969999998,17237442.0,,inst_retired.any:u,inst_retired.any,9271485.0,90.0,nan,,ok
1246.2348969999998,28679058.0,,cpu_clk_unhalted.thread:u,cpu_clk_unhalted.thread,9272357.0,90.0,nan,,ok
1246.2348969999998,3245887.0,,br_inst_retired.all_branches:u,br_inst_retired.all_branches,9272445.0,90.0,nan,,ok
1246.2348969999998,241025.0,,br_misp_retired.all_branches:u,br_misp_retired.all_branches,9256534.0,90.0,nan,,ok
1246.2348969999998,4640670.0,,mem_uops_retired.all_loads:u,mem_uops_retired.all_loads,9257699.0,90.0,nan,,ok
1246.2348969999998,2590784.0,,mem_uops_retired.all_stores:u,mem_uops_retired.all_stores,9255298.0,90.0,nan,,ok
1246.2348969999998,362822.0,,longest_lat_cache.reference:u,longest_lat_cache.reference,9261373.0,90.0,nan,,ok
1246.2348969999998,42916.0,,longest_lat_cache.miss:u,longest_lat_cache.miss,9257136.0,90.0,nan,,ok
1246.2348969999998,139325.0,,offcore_requests.demand_data_rd:u,offcore_requests.demand_data_rd,9257332.0,90.0,nan,,ok
1246.2348969999998,3232282.0,,resource_stalls.any:u,resource_stalls.any,8000960.0,77.0,nan,,ok
1256.4925090000002,15769255.0,,inst_retired.any:u,inst_retired.any,9252513.0,90.0,nan,,ok
1256.4925090000002,28495579.0,,cpu_clk_unhalted.thread:u,cpu_clk_unhalted.thread,9251366.0,90.0,nan,,ok
1256.4925090000002,3112169.0,,br_inst_retired.all_branches:u,br_inst_retired.all_branches,9252897.0,90.0,nan,,ok
1256.4925090000002,223609.0,,br_misp_retired.all_branches:u,br_misp_retired.all_branches,9249993.0,90.0,nan,,ok
1256.4925090000002,4599551.0,,mem_uops_retired.all_loads:u,mem_uops_retired.all_loads,9250433.0,90.0,nan,,ok
1256.4925090000002,2303167.0,,mem_uops_retired.all_stores:u,mem_uops_retired.all_stores,9254907.0,90.0,nan,,ok
1256.4925090000002,342673.0,,longest_lat_cache.reference:u,longest_lat_cache.reference,9252387.0,90.0,nan,,ok
1256.4925090000002,67233.0,,longest_lat_cache.miss:u,longest_lat_cache.miss,9252466.0,90.0,nan,,ok
1256.4925090000002,120228.0,,offcore_requests.demand_data_rd:u,offcore_requests.demand_data_rd,9252880.0,90.0,nan,,ok
1256.4925090000002,3100367.0,,resource_stalls.any:u,resource_stalls.any,7998818.0,78.0,nan,,ok
1266.746184,13524941.0,,inst_retired.any:u,inst_retired.any,9250957.0,90.0,nan,,ok
1266.746184,29036026.0,,cpu_clk_unhalted.thread:u,cpu_clk_unhalted.thread,9253090.0,90.0,nan,,ok
1266.746184,2627516.0,,br_inst_retired.all_branches:u,br_inst_retired.all_branches,9253037.0,90.0,nan,,ok
1266.746184,222950.0,,br_misp_retired.all_branches:u,br_misp_retired.all_branches,9253581.0,90.0,nan,,ok
1266.746184,4368916.0,,mem_uops_retired.all_loads:u,mem_uops_retired.all_loads,9253752.0,90.0,nan,,ok
1266.746184,2079433.0,,mem_uops_retired.all_stores:u,mem_uops_retired.all_stores,9253369.0,90.0,nan,,ok
1266.746184,400186.0,,longest_lat_cache.reference:u,longest_lat_cache.reference,9253534.0,90.0,nan,,ok
1266.746184,64573.0,,longest_lat_cache.miss:u,longest_lat_cache.miss,9253721.0,90.0,nan,,ok
1266.746184,156732.0,,offcore_requests.demand_data_rd:u,offcore_requests.demand_data_rd,9251788.0,90.0,nan,,ok
1266.746184,4282476.0,,resource_stalls.any:u,resource_stalls.any,8001205.0,78.0,nan,,ok
1276.992815,14905589.0,,inst_retired.any:u,inst_retired.any,9240765.0,90.0,nan,,ok
1276.992815,28649905.0,,cpu_clk_unhalted.thread:u,cpu_clk_unhalted.thread,9253189.0,90.0,nan,,ok
1276.992815,2961596.0,,br_inst_retired.all_branches:u,br_inst_retired.all_branches,9252190.0,90.0,nan,,ok
1276.992815,218415.0,,br_misp_retired.all_branches:u,br_misp_retired.all_branches,9252401.0,90.0,nan,,ok
1276.992815,4317724.0,,mem_uops_retired.all_loads:u,mem_uops_retired.all_loads,9252996.0,90.0,nan,,ok
1276.992815,2116632.0,,mem_uops_retired.all_stores:u,mem_uops_retired.all_stores,9250693.0,90.0,nan,,ok
1276.992815,343925.0,,longest_lat_cache.reference:u,longest_lat_cache.reference,9251870.0,90.0,nan,,ok
1276.992815,65165.0,,longest_lat_cache.miss:u,longest_lat_cache.miss,9251460.0,90.0,nan,,ok
1276.992815,133330.0,,offcore_requests.demand_data_rd:u,offcore_requests.demand_data_rd,9250417.0,90.0,nan,,ok
1276.992815,3330599.0,,resource_stalls.any:u,resource_stalls.any,7999937.0,78.0,nan,,ok
1287.242043,19798459.0,,inst_retired.any:u,inst_retired.any,8999656.0,87.0,nan,,ok
1287.242043,28327908.0,,cpu_clk_unhalted.thread:u,cpu_clk_unhalted.thread,9239315.0,90.0,nan,,ok
1287.242043,3995016.0,,br_inst_retired.all_branches:u,br_inst_retired.all_branches,9237313.0,90.0,nan,,ok
1287.242043,208900.0,,br_misp_retired.all_branches:u,br_misp_retired.all_branches,9239442.0,90.0,nan,,ok
1287.242043,6805595.0,,mem_uops_retired.all_loads:u,mem_uops_retired.all_loads,9240342.0,90.0,nan,,ok
1287.242043,2459502.0,,mem_uops_retired.all_stores:u,mem_uops_retired.all_stores,9237089.0,90.0,nan,,ok
1287.242043,272574.0,,longest_lat_cache.reference:u,longest_lat_cache.reference,9237815.0,90.0,nan,,ok
1287.242043,54607.0,,longest_lat_cache.miss:u,longest_lat_cache.miss,9238277.0,90.0,nan,,ok
1287.242043,107689.0,,offcore_requests.demand_data_rd:u,offcore_requests.demand_data_rd,9237969.0,90.0,nan,,ok
1287.242043,3772042.0,,resource_stalls.any:u,resource_stalls.any,8000582.0,78.0,nan,,ok
1297.493269,24260900.0,,inst_retired.any:u,inst_retired.any,8999865.0,87.0,nan,,ok
1297.493269,26455339.0,,cpu_clk_unhalted.thread:u,cpu_clk_unhalted.thread,9248060.0,90.0,nan,,ok
1297.493269,5115423.0,,br_inst_retired.all_branches:u,br_inst_retired.all_branches,9251293.0,90.0,nan,,ok
1297.493269,189606.0,,br_misp_retired.all_branches:u,br_misp_retired.all_branches,9249849.0,90.0,nan,,ok
1297.493269,8083919.0,,mem_uops_retired.all_loads:u,mem_uops_retired.all_loads,9248961.0,90.0,nan,,ok
1297.493269,3178031.0,,mem_uops_retired.all_stores:u,mem_uops_retired.all_stores,9253593.0,90.0,nan,,ok
1297.493269,166422.0,,longest_lat_cache.reference:u,longest_lat_cache.reference,9249943.0,90.0,nan,,ok
1297.493269,42581.0,,longest_lat_cache.miss:u,longest_lat_cache.miss,9252197.0,90.0,nan,,ok
1297.493269,87867.0,,offcore_requests.demand_data_rd:u,offcore_requests.demand_data_rd,9251487.0,90.0,nan,,ok
1297.493269,3661531.0,,resource_stalls.any:u,resource_stalls.any,8000540.0,78.0,nan,,ok
1307.7356929999999,19539114.0,,inst_retired.any:u,inst_retired.any,9002629.0,87.0,nan,,ok
1307.7356929999999,28718871.0,,cpu_clk_unhalted.thread:u,cpu_clk_unhalted.thread,9254522.0,90.0,nan,,ok
1307.7356929999999,3982624.0,,br_inst_retired.all_branches:u,br_inst_retired.all_branches,9253919.0,90.0,nan,,ok
1307.7356929999999,191119.0,,br_misp_retired.all_branches:u,br_misp_retired.all_branches,9254720.0,90.0,nan,,ok
1307.7356929999999,5200025.0,,mem_uops_retired.all_loads:u,mem_uops_retired.all_loads,9253954.0,90.0,nan,,ok
1307.7356929999999,2350945.0,,mem_uops_retired.all_stores:u,mem_uops_retired.all_stores,9254764.0,90.0,nan,,ok
1307.7356929999999,251027.0,,longest_lat_cache.reference:u,longest_lat_cache.reference,9255312.0,90.0,nan,,ok
1307.7356929999999,78740.0,,longest_lat_cache.miss:u,longest_lat_cache.miss,9257298.0,90.0,nan,,ok
1307.7356929999999,101444.0,,offcore_requests.demand_data_rd:u,offcore_requests.demand_data_rd,9256107.0,90.0,nan,,ok
1307.7356929999999,4674796.0,,resource_stalls.any:u,resource_stalls.any,7998717.0,77.0,nan,,ok
1318.008078,17362730.0,,inst_retired.any:u,inst_retired.any,9022984.0,87.0,nan,,ok
1318.008078,28425130.0,,cpu_clk_unhalted.thread:u,cpu_clk_unhalted.thread,9234770.0,89.0,nan,,ok
1318.008078,3378656.0,,br_inst_retired.all_branches:u,br_inst_retired.all_branches,9264725.0,90.0,nan,,ok
1318.008078,221284.0,,br_misp_retired.all_branches:u,br_misp_retired.all_branches,9262766.0,90.0,nan,,ok
1318.008078,4687391.0,,mem_uops_retired.all_loads:u,mem_uops_retired.all_loads,9263033.0,90.0,nan,,ok
1318.008078,2340398.0,,mem_uops_retired.all_stores:u,mem_uops_retired.all_stores,9261793.0,90.0,nan,,ok
1318.008078,363574.0,,longest_lat_cache.reference:u,longest_lat_cache.reference,9262148.0,90.0,nan,,ok
1318.008078,61729.0,,longest_lat_cache.miss:u,longest_lat_cache.miss,9260555.0,90.0,nan,,ok
1318.008078,140647.0,,offcore_requests.demand_data_rd:u,offcore_requests.demand_data_rd,9261503.0,90.0,nan,,ok
1318.008078,4004114.0,,resource_stalls.any:u,resource_stalls.any,8062189.0,78.0,nan,,ok
1328.254856,16984263.0,,inst_retired.any:u,inst_retired.any,9253946.0,90.0,nan,,ok
1328.254856,27035745.0,,cpu_clk_unhalted.thread:u,cpu_clk_unhalted.thread,9000253.0,87.0,nan,,ok
1328.254856,3381649.0,,br_inst_retired.all_branches:u,br_inst_retired.all_branches,9254735.0,90.0,nan,,ok
1328.254856,210820.0,,br_misp_retired.all_branches:u,br_misp_retired.all_branches,9255426.0,90.0,nan,,ok
1328.254856,4651920.0,,mem_uops_retired.all_loads:u,mem_uops_retired.all_loads,9255000.0,90.0,nan,,ok
1328.254856,2417430.0,,mem_uops_retired.all_stores:u,mem_uops_retired.all_stores,9255688.0,90.0,nan,,ok
1328.254856,415314.0,,longest_lat_cache.reference:u,longest_lat_cache.reference,9256485.0,90.0,nan,,ok
1328.254856,47221.0,,longest_lat_cache.miss:u,longest_lat_cache.miss,9256853.0,90.0,nan,,ok
1328.254856,145051.0,,offcore_requests.demand_data_rd:u,offcore_requests.demand_data_rd,9254933.0,90.0,nan,,ok
1328.254856,2926420.0,,resource_stalls.any:u,resource_stalls.any,8257191.0,80.0,nan,,ok
1338.525115,15438946.0,,inst_retired.any:u,inst_retired.any,9260440.0,90.0,nan,,ok
1338.525115,28897433.0,,cpu_clk_unhalted.thread:u,cpu_clk_unhalted.thread,9000106.0,87.0,nan,,ok
1338.525115,3030209.0,,br_inst_retired.all_branches:u,br_inst_retired.all_branches,9260064.0,90.0,nan,,ok
1338.525115,220813.0,,br_misp_retired.all_branches:u,br_misp_retired.all_branches,9259054.0,90.0,nan,,ok
1338.525115,4361157.0,,mem_uops_retired.all_loads:u,mem_uops_retired.all_loads,9258939.0,90.0,nan,,ok
1338.525115,2176208.0,,mem_uops_retired.all_stores:u,mem_uops_retired.all_stores,9260047.0,90.0,nan,,ok
1338.525115,355781.0,,longest_lat_cache.reference:u,longest_lat_cache.reference,9259271.0,90.0,nan,,ok
1338.525115,71568.0,,longest_lat_cache.miss:u,longest_lat_cache.miss,9259194.0,90.0,nan,,ok
1338.525115,143862.0,,offcore_requests.demand_data_rd:u,offcore_requests.demand_data_rd,9258856.0,90.0,nan,,ok
1338.525115,3641159.0,,resource_stalls.any:u,resource_stalls.any,8256816.0,80.0,nan,,ok
1348.773179,16851989.0,,inst_retired.any:u,inst_retired.any,9250287.0,90.0,nan,,ok
1348.773179,28744339.0,,cpu_clk_unhalted.thread:u,cpu_clk_unhalted.thread,8998864.0,87.0,nan,,ok
1348.773179,3122727.0,,br_inst_retired.all_branches:u,br_inst_retired.all_branches,9249314.0,90.0,nan,,ok
1348.773179,215541.0,,br_misp_retired.all_branches:u,br_misp_retired.all_branches,9249730.0,90.0,nan,,ok
1348.773179,4771413.0,,mem_uops_retired.all_loads:u,mem_uops_retired.all_loads,9249682.0,90.0,nan,,ok
1348.773179,2440644.0,,mem_uops_retired.all_stores:u,mem_uops_retired.all_stores,9250213.0,90.0,nan,,ok
1348.773179,272485.0,,longest_lat_cache.reference:u,longest_lat_cache.reference,9249375.0,90.0,nan,,ok
1348.773179,76325.0,,longest_lat_cache.miss:u,longest_lat_cache.miss,9248538.0,90.0,nan,,ok
1348.773179,101050.0,,offcore_requests.demand_data_rd:u,offcore_requests.demand_data_rd,9249631.0,90.0,nan,,ok
1348.773179,3524697.0,,resource_stalls.any:u,resource_stalls.any,8251377.0,80.0,nan,,ok
1359.0100929999999,16948741.0,,inst_retired.any:u,inst_retired.any,9238313.0,90.0,nan,,ok
1359.0100929999999,28348972.0,,cpu_clk_unhalted.thread:u,cpu_clk_unhalted.thread,9035316.0,88.0,nan,,ok
1359.0100929999999,3371393.0,,br_inst_retired.all_branches:u,br_inst_retired.all_branches,9200832.0,89.0,nan,,ok
1359.0100929999999,218341.0,,br_misp_retired.all_branches:u,br_misp_retired.all_branches,9240530.0,90.0,nan,,ok
1359.0100929999999,4588902.0,,mem_uops_retired.all_loads:u,mem_uops_retired.all_loads,9239147.0,90.0,nan,,ok
1359.0100929999999,2392477.0,,mem_uops_retired.all_stores:u,mem_uops_retired.all_stores,9243013.0,90.0,nan,,ok
1359.0100929999999,336245.0,,longest_lat_cache.reference:u,longest_lat_cache.reference,9240899.0,90.0,nan,,ok
1359.0100929999999,67666.0,,longest_lat_cache.miss:u,longest_lat_cache.miss,9240009.0,90.0,nan,,ok
1359.0100929999999,130013.0,,offcore_requests.demand_data_rd:u,offcore_requests.demand_data_rd,9242576.0,90.0,nan,,ok
1359.0100929999999,3433733.0,,resource_stalls.any:u,resource_stalls.any,8243704.0,80.0,nan,,ok
1369.271332,22104995.0,,inst_retired.any:u,inst_retired.any,9259207.0,90.0,nan,,ok
1369.271332,29180279.0,,cpu_clk_unhalted.thread:u,cpu_clk_unhalted.thread,9256667.0,90.0,nan,,ok
1369.271332,4856572.0,,br_inst_retired.all_branches:u,br_inst_retired.all_branches,8999179.0,87.0,nan,,ok
1369.271332,181885.0,,br_misp_retired.all_branches:u,br_misp_retired.all_branches,9258789.0,90.0,nan,,ok
1369.271332,6490912.0,,mem_uops_retired.all_loads:u,mem_uops_retired.all_loads,9257754.0,90.0,nan,,ok
1369.271332,3240001.0,,mem_uops_retired.all_stores:u,mem_uops_retired.all_stores,9257560.0,90.0,nan,,ok
1369.271332,320559.0,,longest_lat_cache.reference:u,longest_lat_cache.reference,9258155.0,90.0,nan,,ok
1369.271332,56399.0,,longest_lat_cache.miss:u,longest_lat_cache.miss,9258266.0,90.0,nan,,ok
1369.271332,142647.0,,offcore_requests.demand_data_rd:u,offcore_requests.demand_data_rd,9258769.0,90.0,nan,,ok
1369.271332,4774709.0,,resource_stalls.any:u,resource_stalls.any,8256847.0,80.0,nan,,ok
1379.517225,25077052.0,,inst_retired.any:u,inst_retired.any,9252109.0,90.0,nan,,ok
1379.517225,27157534.0,,cpu_clk_unhalted.thread:u,cpu_clk_unhalted.thread,9249636.0,90.0,nan,,ok
1379.517225,3955166.0,,br_inst_retired.all_branches:u,br_inst_retired.all_branches,9002282.0,87.0,nan,,ok
1379.517225,190049.0,,br_misp_retired.all_branches:u,br_misp_retired.all_branches,9249904.0,90.0,nan,,ok
1379.517225,6877051.0,,mem_uops_retired.all_loads:u,mem_uops_retired.all_loads,9253344.0,90.0,nan,,ok
1379.517225,3374333.0,,mem_uops_retired.all_stores:u,mem_uops_retired.all_stores,9252582.0,90.0,nan,,ok
1379.517225,240931.0,,longest_lat_cache.reference:u,longest_lat_cache.reference,9250576.0,90.0,nan,,ok
1379.517225,70282.0,,longest_lat_cache.miss:u,longest_lat_cache.miss,9251680.0,90.0,nan,,ok
1379.517225,115528.0,,offcore_requests.demand_data_rd:u,offcore_requests.demand_data_rd,9251854.0,90.0,nan,,ok
1379.517225,6695810.0,,resource_stalls.any:u,resource_stalls.any,8252038.0,80.0,nan,,ok
1389.777101,15180225.0,,inst_retired.any:u,inst_retired.any,9255196.0,90.0,nan,,ok
1389.777101,29344829.0,,cpu_clk_unhalted.thread:u,cpu_clk_unhalted.thread,9252185.0,90.0,nan,,ok
1389.777101,2698726.0,,br_inst_retired.all_branches:u,br_inst_retired.all_branches,8999278.0,87.0,nan,,ok
1389.777101,235815.0,,br_misp_retired.all_branches:u,br_misp_retired.all_branches,9252950.0,90.0,nan,,ok
1389.777101,4226177.0,,mem_uops_retired.all_loads:u,mem_uops_retired.all_loads,9251096.0,90.0,nan,,ok
1389.777101,2092163.0,,mem_uops_retired.all_stores:u,mem_uops_retired.all_stores,9251420.0,90.0,nan,,ok
1389.777101,344455.0,,longest_lat_cache.reference:u,longest_lat_cache.reference,9252435.0,90.0,nan,,ok
1389.777101,81184.0,,longest_lat_cache.miss:u,longest_lat_cache.miss,9251987.0,90.0,nan,,ok
1389.777101,146854.0,,offcore_requests.demand_data_rd:u,offcore_requests.demand_data_rd,9251145.0,90.0,nan,,ok
1389.777101,4325306.0,,resource_stalls.any:u,resource_stalls.any,8253012.0,80.0,nan,,ok
1400.004674,13761515.0,,inst_retired.any:u,inst_retired.any,8764003.0,89.0,nan,,ok
1400.004674,26987007.0,,cpu_clk_unhalted.thread:u,cpu_clk_unhalted.thread,8758001.0,89.0,nan,,ok
1400.004674,2622301.0,,br_inst_retired.all_branches:u,br_inst_retired.all_branches,9263280.0,97.0,nan,,ok
1400.004674,193705.0,,br_misp_retired.all_branches:u,br_misp_retired.all_branches,8750126.0,89.0,nan,,ok
1400.004674,4047650.0,,mem_uops_retired.all_loads:u,mem_uops_retired.all_loads,8746171.0,89.0,nan,,ok
1400.004674,1967501.0,,mem_uops_retired.all_stores:u,mem_uops_retired.all_stores,8740311.0,89.0,nan,,ok
1400.004674,300328.0,,longest_lat_cache.reference:u,longest_lat_cache.reference,8550217.0,89.0,nan,,ok
1400.004674,77849.0,,longest_lat_cache.miss:u,longest_lat_cache.miss,8734234.0,89.0,nan,,ok
1400.004674,122739.0,,offcore_requests.demand_data_rd:u,offcore_requests.demand_data_rd,8728507.0,89.0,nan,,ok
1400.004674,4112880.0,,resource_stalls.any:u,resource_stalls.any,7644011.0,78.0,nan,,ok
1410.231596,102619.0,,inst_retired.any:u,inst_retired.any,8138300.0,87.0,nan,,ok
1410.231596,71271.0,,cpu_clk_unhalted.thread:u,cpu_clk_unhalted.thread,8018267.0,88.0,nan,,ok
1410.231596,23267.0,,br_inst_retired.all_branches:u,br_inst_retired.all_branches,8291671.0,89.0,nan,,ok
1410.231596,698.0,,br_misp_retired.all_branches:u,br_misp_retired.all_branches,8208133.0,89.0,nan,,ok
1410.231596,68982.0,,mem_uops_retired.all_loads:u,mem_uops_retired.all_loads,8256716.0,89.0,nan,,ok
1410.231596,12453.0,,mem_uops_retired.all_stores:u,mem_uops_retired.all_stores,8301188.0,89.0,nan,,ok
1410.231596,3425.0,,longest_lat_cache.reference:u,longest_lat_cache.reference,8302549.0,89.0,nan,,ok
1410.231596,2931.0,,longest_lat_cache.miss:u,longest_lat_cache.miss,8305927.0,89.0,nan,,ok
1410.231596,2030.0,,offcore_requests.demand_data_rd:u,offcore_requests.demand_data_rd,9249092.0,100.0,nan,,ok
1410.231596,159343.0,,resource_stalls.any:u,resource_stalls.any,7462350.0,80.0,nan,,ok
1420.461776,2900462.0,,inst_retired.any:u,inst_retired.any,3799863.0,66.0,nan,,ok
1420.461776,4314258.0,,cpu_clk_unhalted.thread:u,cpu_clk_unhalted.thread,4573783.0,76.0,nan,,ok
1420.461776,559607.0,,br_inst_retired.all_branches:u,br_inst_retired.all_branches,4352277.0,72.0,nan,,ok
1420.461776,30145.0,,br_misp_retired.all_branches:u,br_misp_retired.all_branches,5718309.0,95.0,nan,,ok
1420.461776,650557.0,,mem_uops_retired.all_loads:u,mem_uops_retired.all_loads,5998867.0,100.0,nan,,ok
1420.461776,279352.0,,mem_uops_retired.all_stores:u,mem_uops_retired.all_stores,5995586.0,100.0,nan,,ok
1420.461776,28033.0,,longest_lat_cache.reference:u,longest_lat_cache.reference,5992868.0,100.0,nan,,ok
1420.461776,12534.0,,longest_lat_cache.miss:u,longest_lat_cache.miss,5990296.0,100.0,nan,,ok
1420.461776,12461.0,,offcore_requests.demand_data_rd:u,offcore_requests.demand_data_rd,5987789.0,100.0,nan,,ok
1420.461776,524910.0,,resource_stalls.any:u,resource_stalls.any,3368260.0,58.0,nan,,ok
1430.675432,3857527.0,,inst_retired.any:u,inst_retired.any,4431660.0,85.0,nan,,ok
1430.675432,4894874.0,,cpu_clk_unhalted.thread:u,cpu_clk_unhalted.thread,3275943.0,65.0,nan,,ok
1430.675432,1571000.0,,br_inst_retired.all_branches:u,br_inst_retired.all_branches,4489580.0,86.0,nan,,ok
1430.675432,29507.0,,br_misp_retired.all_branches:u,br_misp_retired.all_branches,3520095.0,68.0,nan,,ok
1430.675432,1461822.0,,mem_uops_retired.all_loads:u,mem_uops_retired.all_loads,4968734.0,100.0,nan,,ok
1430.675432,593737.0,,mem_uops_retired.all_stores:u,mem_uops_retired.all_stores,5171503.0,100.0,nan,,ok
1430.675432,25598.0,,longest_lat_cache.reference:u,longest_lat_cache.reference,5171503.0,100.0,nan,,ok
1430.675432,12635.0,,longest_lat_cache.miss:u,longest_lat_cache.miss,5171503.0,100.0,nan,,ok
1430.675432,11953.0,,offcore_requests.demand_data_rd:u,offcore_requests.demand_data_rd,5171503.0,100.0,nan,,ok
1430.675432,463678.0,,resource_stalls.any:u,resource_stalls.any,4431660.0,85.0,nan,,ok
1440.885897,946450.0,,inst_retired.any:u,inst_retired.any,5598462.0,100.0,nan,,ok
1440.885897,2543375.0,,cpu_clk_unhalted.thread:u,cpu_clk_unhalted.thread,5602734.0,100.0,nan,,ok
1440.885897,212841.0,,br_inst_retired.all_branches:u,br_inst_retired.all_branches,5604967.0,100.0,nan,,ok
1440.885897,12859.0,,br_misp_retired.all_branches:u,br_misp_retired.all_branches,5595880.0,99.0,nan,,ok
1440.885897,388153.0,,mem_uops_retired.all_loads:u,mem_uops_retired.all_loads,1869481.0,33.0,nan,,ok
1440.885897,76042.0,,mem_uops_retired.all_stores:u,mem_uops_retired.all_stores,4401960.0,85.0,nan,,ok
1440.885897,15813.0,,longest_lat_cache.reference:u,longest_lat_cache.reference,4964983.0,100.0,nan,,ok
1440.885897,9651.0,,longest_lat_cache.miss:u,longest_lat_cache.miss,5616832.0,100.0,nan,,ok
1440.885897,8089.0,,offcore_requests.demand_data_rd:u,offcore_requests.demand_data_rd,5619139.0,100.0,nan,,ok
1440.885897,281339.0,,resource_stalls.any:u,resource_stalls.any,5621431.0,100.0,nan,,ok
1451.1119159999998,1990823.0,,inst_retired.any:u,inst_retired.any,5633542.0,100.0,nan,,ok
1451.1119159999998,3534566.0,,cpu_clk_unhalted.thread:u,cpu_clk_unhalted.thread,5629270.0,100.0,nan,,ok
1451.1119159999998,424691.0,,br_inst_retired.all_branches:u,br_inst_retired.all_branches,5627037.0,100.0,nan,,ok
1451.1119159999998,20786.0,,br_misp_retired.all_branches:u,br_misp_retired.all_branches,5624780.0,100.0,nan,,ok
1451.1119159999998,519032.0,,mem_uops_retired.all_loads:u,mem_uops_retired.all_loads,5478023.0,97.0,nan,,ok
1451.1119159999998,192522.0,,mem_uops_retired.all_stores:u,mem_uops_retired.all_stores,4266857.0,78.0,nan,,ok
1451.1119159999998,30701.0,,longest_lat_cache.reference:u,longest_lat_cache.reference,3275333.0,58.0,nan,,ok
1451.1119159999998,14131.0,,longest_lat_cache.miss:u,longest_lat_cache.miss,3833887.0,75.0,nan,,ok
1451.1119159999998,11709.0,,offcore_requests.demand_data_rd:u,offcore_requests.demand_data_rd,5612865.0,100.0,nan,,ok
1451.1119159999998,575391.0,,resource_stalls.any:u,resource_stalls.any,5610573.0,100.0,nan,,ok
1461.324087,2500477.0,,inst_retired.any:u,inst_retired.any,6289834.0,100.0,nan,,ok
1461.324087,4212637.0,,cpu_clk_unhalted.thread:u,cpu_clk_unhalted.thread,6406680.0,100.0,nan,,ok
1461.324087,521778.0,,br_inst_retired.all_branches:u,br_inst_retired.all_branches,6406680.0,100.0,nan,,ok
1461.324087,26967.0,,br_misp_retired.all_branches:u,br_misp_retired.all_branches,6406680.0,100.0,nan,,ok
1461.324087,646576.0,,mem_uops_retired.all_loads:u,mem_uops_retired.all_loads,6406680.0,100.0,nan,,ok
1461.324087,267716.0,,mem_uops_retired.all_stores:u,mem_uops_retired.all_stores,6406680.0,100.0,nan,,ok
1461.324087,29240.0,,longest_lat_cache.reference:u,longest_lat_cache.reference,6406680.0,100.0,nan,,ok
1461.324087,13006.0,,longest_lat_cache.miss:u,longest_lat_cache.miss,2606655.0,40.0,nan,,ok
1461.324087,12569.0,,offcore_requests.demand_data_rd:u,offcore_requests.demand_data_rd,4916797.0,84.0,nan,,ok
1461.324087,338753.0,,resource_stalls.any:u,resource_stalls.any,5289908.0,84.0,nan,,ok
1471.5404649999998,1284113.0,,inst_retired.any:u,inst_retired.any,2407631.0,51.0,nan,,ok
1471.5404649999998,1757503.0,,cpu_clk_unhalted.thread:u,cpu_clk_unhalted.thread,3344978.0,84.0,nan,,ok
1471.5404649999998,209396.0,,br_inst_retired.all_branches:u,br_inst_retired.all_branches,4633182.0,100.0,nan,,ok
1471.5404649999998,11083.0,,br_misp_retired.all_branches:u,br_misp_retired.all_branches,4633182.0,100.0,nan,,ok
1471.5404649999998,253251.0,,mem_uops_retired.all_loads:u,mem_uops_retired.all_loads,4633182.0,100.0,nan,,ok
1471.5404649999998,99066.0,,mem_uops_retired.all_stores:u,mem_uops_retired.all_stores,4633182.0,100.0,nan,,ok
1471.5404649999998,18032.0,,longest_lat_cache.reference:u,longest_lat_cache.reference,4633182.0,100.0,nan,,ok
1471.5404649999998,7080.0,,longest_lat_cache.miss:u,longest_lat_cache.miss,4633182.0,100.0,nan,,ok
1471.5404649999998,6475.0,,offcore_requests.demand_data_rd:u,offcore_requests.demand_data_rd,4529330.0,97.0,nan,,ok
1471.5404649999998,91165.0,,resource_stalls.any:u,resource_stalls.any,1392056.0,30.0,nan,,ok
1481.75948,1201242.0,,inst_retired.any:u,inst_retired.any,4567858.0,82.0,nan,,ok
1481.75948,2022654.0,,cpu_clk_unhalted.thread:u,cpu_clk_unhalted.thread,4727875.0,82.0,nan,,ok
1481.75948,139246.0,,br_inst_retired.all_branches:u,br_inst_retired.all_branches,4730726.0,82.0,nan,,ok
1481.75948,14414.0,,br_misp_retired.all_branches:u,br_misp_retired.all_branches,3949799.0,68.0,nan,,ok
1481.75948,290593.0,,mem_uops_retired.all_loads:u,mem_uops_retired.all_loads,5735199.0,100.0,nan,,ok
1481.75948,95998.0,,mem_uops_retired.all_stores:u,mem_uops_retired.all_stores,5737579.0,100.0,nan,,ok
1481.75948,20323.0,,longest_lat_cache.reference:u,longest_lat_cache.reference,5740475.0,100.0,nan,,ok
1481.75948,7063.0,,longest_lat_cache.miss:u,longest_lat_cache.miss,5743002.0,100.0,nan,,ok
1481.75948,8314.0,,offcore_requests.demand_data_rd:u,offcore_requests.demand_data_rd,5745816.0,100.0,nan,,ok
1481.75948,253079.0,,resource_stalls.any:u,resource_stalls.any,3798087.0,70.0,nan,,ok
1491.993583,1611259.0,,inst_retired.any:u,inst_retired.any,6421673.0,100.0,nan,,ok
1491.993583,3032678.0,,cpu_clk_unhalted.thread:u,cpu_clk_unhalted.thread,6422418.0,100.0,nan,,ok
1491.993583,337805.0,,br_inst_retired.all_branches:u,br_inst_retired.all_branches,6422759.0,100.0,nan,,ok
1491.993583,18665.0,,br_misp_retired.all_branches:u,br_misp_retired.all_branches,5188455.0,80.0,nan,,ok
1491.993583,529112.0,,mem_uops_retired.all_loads:u,mem_uops_retired.all_loads,3790746.0,65.0,nan,,ok
1491.993583,153670.0,,mem_uops_retired.all_stores:u,mem_uops_retired.all_stores,5423375.0,84.0,nan,,ok
1491.993583,23220.0,,longest_lat_cache.reference:u,longest_lat_cache.reference,5422408.0,84.0,nan,,ok
1491.993583,10346.0,,longest_lat_cache.miss:u,longest_lat_cache.miss,5863171.0,91.0,nan,,ok
1491.993583,11783.0,,offcore_requests.demand_data_rd:u,offcore_requests.demand_data_rd,6423181.0,100.0,nan,,ok
1491.993583,368473.0,,resource_stalls.any:u,resource_stalls.any,6422954.0,100.0,nan,,ok
1502.24119,694519.0,,inst_retired.any:u,inst_retired.any,5164847.0,100.0,nan,,ok
1502.24119,2115438.0,,cpu_clk_unhalted.thread:u,cpu_clk_unhalted.thread,5165534.0,100.0,nan,,ok
1502.24119,152998.0,,br_inst_retired.all_branches:u,br_inst_retired.all_branches,5165651.0,100.0,nan,,ok
1502.24119,10128.0,,br_misp_retired.all_branches:u,br_misp_retired.all_branches,5165843.0,100.0,nan,,ok
1502.24119,201133.0,,mem_uops_retired.all_loads:u,mem_uops_retired.all_loads,4614644.0,98.0,nan,,ok
1502.24119,69485.0,,mem_uops_retired.all_stores:u,mem_uops_retired.all_stores,5166838.0,100.0,nan,,ok
1502.24119,18432.0,,longest_lat_cache.reference:u,longest_lat_cache.reference,5166770.0,100.0,nan,,ok
1502.24119,5533.0,,longest_lat_cache.miss:u,longest_lat_cache.miss,2209360.0,42.0,nan,,ok
1502.24119,6597.0,,offcore_requests.demand_data_rd:u,offcore_requests.demand_data_rd,3498204.0,76.0,nan,,ok
1502.24119,153541.0,,resource_stalls.any:u,resource_stalls.any,5165474.0,100.0,nan,,ok
1512.4750609999999,4567879.0,,inst_retired.any:u,inst_retired.any,5674982.0,73.0,nan,,ok
1512.4750609999999,4600803.0,,cpu_clk_unhalted.thread:u,cpu_clk_unhalted.thread,6620735.0,86.0,nan,,ok
1512.4750609999999,816126.0,,br_inst_retired.all_branches:u,br_inst_retired.all_branches,7273911.0,94.0,nan,,ok
1512.4750609999999,40925.0,,br_misp_retired.all_branches:u,br_misp_retired.all_branches,7662396.0,100.0,nan,,ok
1512.4750609999999,1023854.0,,mem_uops_retired.all_loads:u,mem_uops_retired.all_loads,7659270.0,100.0,nan,,ok
1512.4750609999999,367036.0,,mem_uops_retired.all_stores:u,mem_uops_retired.all_stores,7656605.0,100.0,nan,,ok
1512.4750609999999,50771.0,,longest_lat_cache.reference:u,longest_lat_cache.reference,7654106.0,100.0,nan,,ok
1512.4750609999999,17436.0,,longest_lat_cache.miss:u,longest_lat_cache.miss,7108131.0,92.0,nan,,ok
1512.4750609999999,34035.0,,offcore_requests.demand_data_rd:u,offcore_requests.demand_data_rd,5930313.0,77.0,nan,,ok
1512.4750609999999,797017.0,,resource_stalls.any:u,resource_stalls.any,3698126.0,48.0,nan,,ok
1522.690722,744037.0,,inst_retired.any:u,inst_retired.any,4506187.0,100.0,nan,,ok
1522.690722,456385.0,,cpu_clk_unhalted.thread:u,cpu_clk_unhalted.thread,1440401.0,39.0,nan,,ok
1522.690722,189632.0,,br_inst_retired.all_branches:u,br_inst_retired.all_branches,3875397.0,85.0,nan,,ok
1522.690722,10497.0,,br_misp_retired.all_branches:u,br_misp_retired.all_branches,3887994.0,100.0,nan,,ok
1522.690722,231334.0,,mem_uops_retired.all_loads:u,mem_uops_retired.all_loads,4516931.0,100.0,nan,,ok
1522.690722,71565.0,,mem_uops_retired.all_stores:u,mem_uops_retired.all_stores,4519639.0,100.0,nan,,ok
1522.690722,14303.0,,longest_lat_cache.reference:u,longest_lat_cache.reference,4522332.0,100.0,nan,,ok
1522.690722,8627.0,,longest_lat_cache.miss:u,longest_lat_cache.miss,4524730.0,100.0,nan,,ok
1522.690722,6278.0,,offcore_requests.demand_data_rd:u,offcore_requests.demand_data_rd,4472820.0,98.0,nan,,ok
1522.690722,256871.0,,resource_stalls.any:u,resource_stalls.any,4406728.0,100.0,nan,,ok
1532.911725,1245762.0,,inst_retired.any:u,inst_retired.any,7199705.0,100.0,nan,,ok
1532.911725,2911912.0,,cpu_clk_unhalted.thread:u,cpu_clk_unhalted.thread,6909364.0,95.0,nan,,ok
1532.911725,299943.0,,br_inst_retired.all_branches:u,br_inst_retired.all_branches,6052515.0,86.0,nan,,ok
1532.911725,15656.0,,br_misp_retired.all_branches:u,br_misp_retired.all_branches,4479014.0,62.0,nan,,ok
1532.911725,347340.0,,mem_uops_retired.all_loads:u,mem_uops_retired.all_loads,5116634.0,77.0,nan,,ok
1532.911725,89719.0,,mem_uops_retired.all_stores:u,mem_uops_retired.all_stores,6260221.0,86.0,nan,,ok
1532.911725,25373.0,,longest_lat_cache.reference:u,longest_lat_cache.reference,7211488.0,100.0,nan,,ok
1532.911725,9942.0,,longest_lat_cache.miss:u,longest_lat_cache.miss,7211875.0,100.0,nan,,ok
1532.911725,10385.0,,offcore_requests.demand_data_rd:u,offcore_requests.demand_data_rd,7211889.0,100.0,nan,,ok
1532.911725,252141.0,,resource_stalls.any:u,resource_stalls.any,7212275.0,100.0,nan,,ok
1543.156656,613410.0,,inst_retired.any:u,inst_retired.any,2365022.0,93.0,nan,,ok
1543.156656,1015455.0,,cpu_clk_unhalted.thread:u,cpu_clk_unhalted.thread,2531716.0,100.0,nan,,ok
1543.156656,124389.0,,br_inst_retired.all_branches:u,br_inst_retired.all_branches,2524070.0,100.0,nan,,ok
1543.156656,5989.0,,br_misp_retired.all_branches:u,br_misp_retired.all_branches,2517096.0,100.0,nan,,ok
1543.156656,151927.0,,mem_uops_retired.all_loads:u,mem_uops_retired.all_loads,2513478.0,100.0,nan,,ok
1543.156656,54138.0,,mem_uops_retired.all_stores:u,mem_uops_retired.all_stores,2461324.0,98.0,nan,,ok
1543.156656,4413.0,,longest_lat_cache.reference:u,longest_lat_cache.reference,1507715.0,60.0,nan,,ok
1543.156656,2200.0,,longest_lat_cache.miss:u,longest_lat_cache.miss,1741470.0,69.0,nan,,ok
1543.156656,4298.0,,offcore_requests.demand_data_rd:u,offcore_requests.demand_data_rd,2310755.0,92.0,nan,,ok
1543.156656,85700.0,,resource_stalls.any:u,resource_stalls.any,1994361.0,79.0,nan,,ok
1553.377966,nan,,inst_retired.any:u,inst_retired.any,0.0,100.0,nan,,ok
1553.377966,nan,,cpu_clk_unhalted.thread:u,cpu_clk_unhalted.thread,0.0,100.0,nan,,ok
1553.377966,nan,,br_inst_retired.all_branches:u,br_inst_retired.all_branches,0.0,100.0,nan,,ok
1553.377966,nan,,br_misp_retired.all_branches:u,br_misp_retired.all_branches,0.0,100.0,nan,,ok
1553.377966,nan,,mem_uops_retired.all_loads:u,mem_uops_retired.all_loads,0.0,100.0,nan,,ok
1553.377966,nan,,mem_uops_retired.all_stores:u,mem_uops_retired.all_stores,0.0,100.0,nan,,ok
1553.377966,nan,,longest_lat_cache.reference:u,longest_lat_cache.reference,0.0,100.0,nan,,ok
1553.377966,nan,,longest_lat_cache.miss:u,longest_lat_cache.miss,0.0,100.0,nan,,ok
1553.377966,nan,,offcore_requests.demand_data_rd:u,offcore_requests.demand_data_rd,0.0,100.0,nan,,ok
1553.377966,nan,,resource_stalls.any:u,resource_stalls.any,0.0,100.0,nan,,ok
1563.623995,nan,,inst_retired.any:u,inst_retired.any,0.0,100.0,nan,,ok
1563.623995,nan,,cpu_clk_unhalted.thread:u,cpu_clk_unhalted.thread,0.0,100.0,nan,,ok
1563.623995,nan,,br_inst_retired.all_branches:u,br_inst_retired.all_branches,0.0,100.0,nan,,ok
1563.623995,nan,,br_misp_retired.all_branches:u,br_misp_retired.all_branches,0.0,100.0,nan,,ok
1563.623995,nan,,mem_uops_retired.all_loads:u,mem_uops_retired.all_loads,0.0,100.0,nan,,ok
1563.623995,nan,,mem_uops_retired.all_stores:u,mem_uops_retired.all_stores,0.0,100.0,nan,,ok
1563.623995,nan,,longest_lat_cache.reference:u,longest_lat_cache.reference,0.0,100.0,nan,,ok
1563.623995,nan,,longest_lat_cache.miss:u,longest_lat_cache.miss,0.0,100.0,nan,,ok
1563.623995,nan,,offcore_requests.demand_data_rd:u,offcore_requests.demand_data_rd,0.0,100.0,nan,,ok
1563.623995,nan,,resource_stalls.any:u,resource_stalls.any,0.0,100.0,nan,,ok
1573.850038,nan,,inst_retired.any:u,inst_retired.any,0.0,100.0,nan,,ok
1573.850038,nan,,cpu_clk_unhalted.thread:u,cpu_clk_unhalted.thread,0.0,100.0,nan,,ok
1573.850038,nan,,br_inst_retired.all_branches:u,br_inst_retired.all_branches,0.0,100.0,nan,,ok
1573.850038,nan,,br_misp_retired.all_branches:u,br_misp_retired.all_branches,0.0,100.0,nan,,ok
1573.850038,nan,,mem_uops_retired.all_loads:u,mem_uops_retired.all_loads,0.0,100.0,nan,,ok
1573.850038,nan,,mem_uops_retired.all_stores:u,mem_uops_retired.all_stores,0.0,100.0,nan,,ok
1573.850038,nan,,longest_lat_cache.reference:u,longest_lat_cache.reference,0.0,100.0,nan,,ok
1573.850038,nan,,longest_lat_cache.miss:u,longest_lat_cache.miss,0.0,100.0,nan,,ok
1573.850038,nan,,offcore_requests.demand_data_rd:u,offcore_requests.demand_data_rd,0.0,100.0,nan,,ok
1573.850038,nan,,resource_stalls.any:u,resource_stalls.any,0.0,100.0,nan,,ok
1584.082351,nan,,inst_retired.any:u,inst_retired.any,0.0,100.0,nan,,ok
1584.082351,nan,,cpu_clk_unhalted.thread:u,cpu_clk_unhalted.thread,0.0,100.0,nan,,ok
1584.082351,nan,,br_inst_retired.all_branches:u,br_inst_retired.all_branches,0.0,100.0,nan,,ok
1584.082351,nan,,br_misp_retired.all_branches:u,br_misp_retired.all_branches,0.0,100.0,nan,,ok
1584.082351,nan,,mem_uops_retired.all_loads:u,mem_uops_retired.all_loads,0.0,100.0,nan,,ok
1584.082351,nan,,mem_uops_retired.all_stores:u,mem_uops_retired.all_stores,0.0,100.0,nan,,ok
1584.082351,nan,,longest_lat_cache.reference:u,longest_lat_cache.reference,0.0,100.0,nan,,ok
1584.082351,nan,,longest_lat_cache.miss:u,longest_lat_cache.miss,0.0,100.0,nan,,ok
1584.082351,nan,,offcore_requests.demand_data_rd:u,offcore_requests.demand_data_rd,0.0,100.0,nan,,ok
1584.082351,nan,,resource_stalls.any:u,resource_stalls.any,0.0,100.0,nan,,ok
1594.316157,nan,,inst_retired.any:u,inst_retired.any,0.0,100.0,nan,,ok
1594.316157,nan,,cpu_clk_unhalted.thread:u,cpu_clk_unhalted.thread,0.0,100.0,nan,,ok
1594.316157,nan,,br_inst_retired.all_branches:u,br_inst_retired.all_branches,0.0,100.0,nan,,ok
1594.316157,nan,,br_misp_retired.all_branches:u,br_misp_retired.all_branches,0.0,100.0,nan,,ok
1594.316157,nan,,mem_uops_retired.all_loads:u,mem_uops_retired.all_loads,0.0,100.0,nan,,ok
1594.316157,nan,,mem_uops_retired.all_stores:u,mem_uops_retired.all_stores,0.0,100.0,nan,,ok
1594.316157,nan,,longest_lat_cache.reference:u,longest_lat_cache.reference,0.0,100.0,nan,,ok
1594.316157,nan,,longest_lat_cache.miss:u,longest_lat_cache.miss,0.0,100.0,nan,,ok
1594.316157,nan,,offcore_requests.demand_data_rd:u,offcore_requests.demand_data_rd,0.0,100.0,nan,,ok
1594.316157,nan,,resource_stalls.any:u,resource_stalls.any,0.0,100.0,nan,,ok
1604.546154,nan,,inst_retired.any:u,inst_retired.any,0.0,100.0,nan,,ok
1604.546154,nan,,cpu_clk_unhalted.thread:u,cpu_clk_unhalted.thread,0.0,100.0,nan,,ok
1604.546154,nan,,br_inst_retired.all_branches:u,br_inst_retired.all_branches,0.0,100.0,nan,,ok
1604.546154,nan,,br_misp_retired.all_branches:u,br_misp_retired.all_branches,0.0,100.0,nan,,ok
1604.546154,nan,,mem_uops_retired.all_loads:u,mem_uops_retired.all_loads,0.0,100.0,nan,,ok
1604.546154,nan,,mem_uops_retired.all_stores:u,mem_uops_retired.all_stores,0.0,100.0,nan,,ok
1604.546154,nan,,longest_lat_cache.reference:u,longest_lat_cache.reference,0.0,100.0,nan,,ok
1604.546154,nan,,longest_lat_cache.miss:u,longest_lat_cache.miss,0.0,100.0,nan,,ok
1604.546154,nan,,offcore_requests.demand_data_rd:u,offcore_requests.demand_data_rd,0.0,100.0,nan,,ok
1604.546154,nan,,resource_stalls.any:u,resource_stalls.any,0.0,100.0,nan,,ok
1614.7896779999999,nan,,inst_retired.any:u,inst_retired.any,0.0,100.0,nan,,ok
1614.7896779999999,nan,,cpu_clk_unhalted.thread:u,cpu_clk_unhalted.thread,0.0,100.0,nan,,ok
1614.7896779999999,nan,,br_inst_retired.all_branches:u,br_inst_retired.all_branches,0.0,100.0,nan,,ok
1614.7896779999999,nan,,br_misp_retired.all_branches:u,br_misp_retired.all_branches,0.0,100.0,nan,,ok
1614.7896779999999,nan,,mem_uops_retired.all_loads:u,mem_uops_retired.all_loads,0.0,100.0,nan,,ok
1614.7896779999999,nan,,mem_uops_retired.all_stores:u,mem_uops_retired.all_stores,0.0,100.0,nan,,ok
1614.7896779999999,nan,,longest_lat_cache.reference:u,longest_lat_cache.reference,0.0,100.0,nan,,ok
1614.7896779999999,nan,,longest_lat_cache.miss:u,longest_lat_cache.miss,0.0,100.0,nan,,ok
1614.7896779999999,nan,,offcore_requests.demand_data_rd:u,offcore_requests.demand_data_rd,0.0,100.0,nan,,ok
1614.7896779999999,nan,,resource_stalls.any:u,resource_stalls.any,0.0,100.0,nan,,ok
1625.0224,nan,,inst_retired.any:u,inst_retired.any,0.0,100.0,nan,,ok
1625.0224,nan,,cpu_clk_unhalted.thread:u,cpu_clk_unhalted.thread,0.0,100.0,nan,,ok
1625.0224,nan,,br_inst_retired.all_branches:u,br_inst_retired.all_branches,0.0,100.0,nan,,ok
1625.0224,nan,,br_misp_retired.all_branches:u,br_misp_retired.all_branches,0.0,100.0,nan,,ok
1625.0224,nan,,mem_uops_retired.all_loads:u,mem_uops_retired.all_loads,0.0,100.0,nan,,ok
1625.0224,nan,,mem_uops_retired.all_stores:u,mem_uops_retired.all_stores,0.0,100.0,nan,,ok
1625.0224,nan,,longest_lat_cache.reference:u,longest_lat_cache.reference,0.0,100.0,nan,,ok
1625.0224,nan,,longest_lat_cache.miss:u,longest_lat_cache.miss,0.0,100.0,nan,,ok
1625.0224,nan,,offcore_requests.demand_data_rd:u,offcore_requests.demand_data_rd,0.0,100.0,nan,,ok
1625.0224,nan,,resource_stalls.any:u,resource_stalls.any,0.0,100.0,nan,,ok
1635.2520559999998,nan,,inst_retired.any:u,inst_retired.any,0.0,100.0,nan,,ok
1635.2520559999998,nan,,cpu_clk_unhalted.thread:u,cpu_clk_unhalted.thread,0.0,100.0,nan,,ok
1635.2520559999998,nan,,br_inst_retired.all_branches:u,br_inst_retired.all_branches,0.0,100.0,nan,,ok
1635.2520559999998,nan,,br_misp_retired.all_branches:u,br_misp_retired.all_branches,0.0,100.0,nan,,ok
1635.2520559999998,nan,,mem_uops_retired.all_loads:u,mem_uops_retired.all_loads,0.0,100.0,nan,,ok
1635.2520559999998,nan,,mem_uops_retired.all_stores:u,mem_uops_retired.all_stores,0.0,100.0,nan,,ok
1635.2520559999998,nan,,longest_lat_cache.reference:u,longest_lat_cache.reference,0.0,100.0,nan,,ok
1635.2520559999998,nan,,longest_lat_cache.miss:u,longest_lat_cache.miss,0.0,100.0,nan,,ok
1635.2520559999998,nan,,offcore_requests.demand_data_rd:u,offcore_requests.demand_data_rd,0.0,100.0,nan,,ok
1635.2520559999998,nan,,resource_stalls.any:u,resource_stalls.any,0.0,100.0,nan,,ok
1645.487926,nan,,inst_retired.any:u,inst_retired.any,0.0,100.0,nan,,ok
1645.487926,nan,,cpu_clk_unhalted.thread:u,cpu_clk_unhalted.thread,0.0,100.0,nan,,ok
1645.487926,nan,,br_inst_retired.all_branches:u,br_inst_retired.all_branches,0.0,100.0,nan,,ok
1645.487926,nan,,br_misp_retired.all_branches:u,br_misp_retired.all_branches,0.0,100.0,nan,,ok
1645.487926,nan,,mem_uops_retired.all_loads:u,mem_uops_retired.all_loads,0.0,100.0,nan,,ok
1645.487926,nan,,mem_uops_retired.all_stores:u,mem_uops_retired.all_stores,0.0,100.0,nan,,ok
1645.487926,nan,,longest_lat_cache.reference:u,longest_lat_cache.reference,0.0,100.0,nan,,ok
1645.487926,nan,,longest_lat_cache.miss:u,longest_lat_cache.miss,0.0,100.0,nan,,ok
1645.487926,nan,,offcore_requests.demand_data_rd:u,offcore_requests.demand_data_rd,0.0,100.0,nan,,ok
1645.487926,nan,,resource_stalls.any:u,resource_stalls.any,0.0,100.0,nan,,ok
1655.710837,nan,,inst_retired.any:u,inst_retired.any,0.0,100.0,nan,,ok
1655.710837,nan,,cpu_clk_unhalted.thread:u,cpu_clk_unhalted.thread,0.0,100.0,nan,,ok
1655.710837,nan,,br_inst_retired.all_branches:u,br_inst_retired.all_branches,0.0,100.0,nan,,ok
1655.710837,nan,,br_misp_retired.all_branches:u,br_misp_retired.all_branches,0.0,100.0,nan,,ok
1655.710837,nan,,mem_uops_retired.all_loads:u,mem_uops_retired.all_loads,0.0,100.0,nan,,ok
1655.710837,nan,,mem_uops_retired.all_stores:u,mem_uops_retired.all_stores,0.0,100.0,nan,,ok
1655.710837,nan,,longest_lat_cache.reference:u,longest_lat_cache.reference,0.0,100.0,nan,,ok
1655.710837,nan,,longest_lat_cache.miss:u,longest_lat_cache.miss,0.0,100.0,nan,,ok
1655.710837,nan,,offcore_requests.demand_data_rd:u,offcore_requests.demand_data_rd,0.0,100.0,nan,,ok
1655.710837,nan,,resource_stalls.any:u,resource_stalls.any,0.0,100.0,nan,,ok
1665.965044,nan,,inst_retired.any:u,inst_retired.any,0.0,100.0,nan,,ok
1665.965044,nan,,cpu_clk_unhalted.thread:u,cpu_clk_unhalted.thread,0.0,100.0,nan,,ok
1665.965044,nan,,br_inst_retired.all_branches:u,br_inst_retired.all_branches,0.0,100.0,nan,,ok
1665.965044,nan,,br_misp_retired.all_branches:u,br_misp_retired.all_branches,0.0,100.0,nan,,ok
1665.965044,nan,,mem_uops_retired.all_loads:u,mem_uops_retired.all_loads,0.0,100.0,nan,,ok
1665.965044,nan,,mem_uops_retired.all_stores:u,mem_uops_retired.all_stores,0.0,100.0,nan,,ok
1665.965044,nan,,longest_lat_cache.reference:u,longest_lat_cache.reference,0.0,100.0,nan,,ok
1665.965044,nan,,longest_lat_cache.miss:u,longest_lat_cache.miss,0.0,100.0,nan,,ok
1665.965044,nan,,offcore_requests.demand_data_rd:u,offcore_requests.demand_data_rd,0.0,100.0,nan,,ok
1665.965044,nan,,resource_stalls.any:u,resource_stalls.any,0.0,100.0,nan,,ok
1676.2136489999998,nan,,inst_retired.any:u,inst_retired.any,0.0,100.0,nan,,ok
1676.2136489999998,nan,,cpu_clk_unhalted.thread:u,cpu_clk_unhalted.thread,0.0,100.0,nan,,ok
1676.2136489999998,nan,,br_inst_retired.all_branches:u,br_inst_retired.all_branches,0.0,100.0,nan,,ok
1676.2136489999998,nan,,br_misp_retired.all_branches:u,br_misp_retired.all_branches,0.0,100.0,nan,,ok
1676.2136489999998,nan,,mem_uops_retired.all_loads:u,mem_uops_retired.all_loads,0.0,100.0,nan,,ok
1676.2136489999998,nan,,mem_uops_retired.all_stores:u,mem_uops_retired.all_stores,0.0,100.0,nan,,ok
1676.2136489999998,nan,,longest_lat_cache.reference:u,longest_lat_cache.reference,0.0,100.0,nan,,ok
1676.2136489999998,nan,,longest_lat_cache.miss:u,longest_lat_cache.miss,0.0,100.0,nan,,ok
1676.2136489999998,nan,,offcore_requests.demand_data_rd:u,offcore_requests.demand_data_rd,0.0,100.0,nan,,ok
1676.2136489999998,nan,,resource_stalls.any:u,resource_stalls.any,0.0,100.0,nan,,ok
1686.457284,nan,,inst_retired.any:u,inst_retired.any,0.0,100.0,nan,,ok
1686.457284,nan,,cpu_clk_unhalted.thread:u,cpu_clk_unhalted.thread,0.0,100.0,nan,,ok
1686.457284,nan,,br_inst_retired.all_branches:u,br_inst_retired.all_branches,0.0,100.0,nan,,ok
1686.457284,nan,,br_misp_retired.all_branches:u,br_misp_retired.all_branches,0.0,100.0,nan,,ok
1686.457284,nan,,mem_uops_retired.all_loads:u,mem_uops_retired.all_loads,0.0,100.0,nan,,ok
1686.457284,nan,,mem_uops_retired.all_stores:u,mem_uops_retired.all_stores,0.0,100.0,nan,,ok
1686.457284,nan,,longest_lat_cache.reference:u,longest_lat_cache.reference,0.0,100.0,nan,,ok
1686.457284,nan,,longest_lat_cache.miss:u,longest_lat_cache.miss,0.0,100.0,nan,,ok
1686.457284,nan,,offcore_requests.demand_data_rd:u,offcore_requests.demand_data_rd,0.0,100.0,nan,,ok
1686.457284,nan,,resource_stalls.any:u,resource_stalls.any,0.0,100.0,nan,,ok
1696.702889,nan,,inst_retired.any:u,inst_retired.any,0.0,100.0,nan,,ok
1696.702889,nan,,cpu_clk_unhalted.thread:u,cpu_clk_unhalted.thread,0.0,100.0,nan,,ok
1696.702889,nan,,br_inst_retired.all_branches:u,br_inst_retired.all_branches,0.0,100.0,nan,,ok
1696.702889,nan,,br_misp_retired.all_branches:u,br_misp_retired.all_branches,0.0,100.0,nan,,ok
1696.702889,nan,,mem_uops_retired.all_loads:u,mem_uops_retired.all_loads,0.0,100.0,nan,,ok
1696.702889,nan,,mem_uops_retired.all_stores:u,mem_uops_retired.all_stores,0.0,100.0,nan,,ok
1696.702889,nan,,longest_lat_cache.reference:u,longest_lat_cache.reference,0.0,100.0,nan,,ok
1696.702889,nan,,longest_lat_cache.miss:u,longest_lat_cache.miss,0.0,100.0,nan,,ok
1696.702889,nan,,offcore_requests.demand_data_rd:u,offcore_requests.demand_data_rd,0.0,100.0,nan,,ok
1696.702889,nan,,resource_stalls.any:u,resource_stalls.any,0.0,100.0,nan,,ok
1706.948351,nan,,inst_retired.any:u,inst_retired.any,0.0,100.0,nan,,ok
1706.948351,nan,,cpu_clk_unhalted.thread:u,cpu_clk_unhalted.thread,0.0,100.0,nan,,ok
1706.948351,nan,,br_inst_retired.all_branches:u,br_inst_retired.all_branches,0.0,100.0,nan,,ok
1706.948351,nan,,br_misp_retired.all_branches:u,br_misp_retired.all_branches,0.0,100.0,nan,,ok
1706.948351,nan,,mem_uops_retired.all_loads:u,mem_uops_retired.all_loads,0.0,100.0,nan,,ok
1706.948351,nan,,mem_uops_retired.all_stores:u,mem_uops_retired.all_stores,0.0,100.0,nan,,ok
1706.948351,nan,,longest_lat_cache.reference:u,longest_lat_cache.reference,0.0,100.0,nan,,ok
1706.948351,nan,,longest_lat_cache.miss:u,longest_lat_cache.miss,0.0,100.0,nan,,ok
1706.948351,nan,,offcore_requests.demand_data_rd:u,offcore_requests.demand_data_rd,0.0,100.0,nan,,ok
1706.948351,nan,,resource_stalls.any:u,resource_stalls.any,0.0,100.0,nan,,ok
1717.18904,nan,,inst_retired.any:u,inst_retired.any,0.0,100.0,nan,,ok
1717.18904,nan,,cpu_clk_unhalted.thread:u,cpu_clk_unhalted.thread,0.0,100.0,nan,,ok
1717.18904,nan,,br_inst_retired.all_branches:u,br_inst_retired.all_branches,0.0,100.0,nan,,ok
1717.18904,nan,,br_misp_retired.all_branches:u,br_misp_retired.all_branches,0.0,100.0,nan,,ok
1717.18904,nan,,mem_uops_retired.all_loads:u,mem_uops_retired.all_loads,0.0,100.0,nan,,ok
1717.18904,nan,,mem_uops_retired.all_stores:u,mem_uops_retired.all_stores,0.0,100.0,nan,,ok
1717.18904,nan,,longest_lat_cache.reference:u,longest_lat_cache.reference,0.0,100.0,nan,,ok
1717.18904,nan,,longest_lat_cache.miss:u,longest_lat_cache.miss,0.0,100.0,nan,,ok
1717.18904,nan,,offcore_requests.demand_data_rd:u,offcore_requests.demand_data_rd,0.0,100.0,nan,,ok
1717.18904,nan,,resource_stalls.any:u,resource_stalls.any,0.0,100.0,nan,,ok
1727.428029,nan,,inst_retired.any:u,inst_retired.any,0.0,100.0,nan,,ok
1727.428029,nan,,cpu_clk_unhalted.thread:u,cpu_clk_unhalted.thread,0.0,100.0,nan,,ok
1727.428029,nan,,br_inst_retired.all_branches:u,br_inst_retired.all_branches,0.0,100.0,nan,,ok
1727.428029,nan,,br_misp_retired.all_branches:u,br_misp_retired.all_branches,0.0,100.0,nan,,ok
1727.428029,nan,,mem_uops_retired.all_loads:u,mem_uops_retired.all_loads,0.0,100.0,nan,,ok
1727.428029,nan,,mem_uops_retired.all_stores:u,mem_uops_retired.all_stores,0.0,100.0,nan,,ok
1727.428029,nan,,longest_lat_cache.reference:u,longest_lat_cache.reference,0.0,100.0,nan,,ok
1727.428029,nan,,longest_lat_cache.miss:u,longest_lat_cache.miss,0.0,100.0,nan,,ok
1727.428029,nan,,offcore_requests.demand_data_rd:u,offcore_requests.demand_data_rd,0.0,100.0,nan,,ok
1727.428029,nan,,resource_stalls.any:u,resource_stalls.any,0.0,100.0,nan,,ok
1737.660378,18250175.0,,inst_retired.any:u,inst_retired.any,5202748.0,85.0,nan,,ok
1737.660378,9517486.0,,cpu_clk_unhalted.thread:u,cpu_clk_unhalted.thread,5117289.0,83.0,nan,,ok
1737.660378,3172224.0,,br_inst_retired.all_branches:u,br_inst_retired.all_branches,5120964.0,83.0,nan,,ok
1737.660378,22406.0,,br_misp_retired.all_branches:u,br_misp_retired.all_branches,6026497.0,98.0,nan,,ok
1737.660378,6926753.0,,mem_uops_retired.all_loads:u,mem_uops_retired.all_loads,6128733.0,100.0,nan,,ok
1737.660378,1463663.0,,mem_uops_retired.all_stores:u,mem_uops_retired.all_stores,6132050.0,100.0,nan,,ok
1737.660378,25343.0,,longest_lat_cache.reference:u,longest_lat_cache.reference,6135968.0,100.0,nan,,ok
1737.660378,13222.0,,longest_lat_cache.miss:u,longest_lat_cache.miss,5037457.0,82.0,nan,,ok
1737.660378,19685.0,,offcore_requests.demand_data_rd:u,offcore_requests.demand_data_rd,5143556.0,83.0,nan,,ok
1737.660378,3473296.0,,resource_stalls.any:u,resource_stalls.any,4200370.0,68.0,nan,,ok
1747.925707,25246730.0,,inst_retired.any:u,inst_retired.any,7773043.0,96.0,nan,,ok
1747.925707,18173320.0,,cpu_clk_unhalted.thread:u,cpu_clk_unhalted.thread,7092223.0,87.0,nan,,ok
1747.925707,2993061.0,,br_inst_retired.all_branches:u,br_inst_retired.all_branches,5852630.0,72.0,nan,,ok
1747.925707,62177.0,,br_misp_retired.all_branches:u,br_misp_retired.all_branches,5508925.0,68.0,nan,,ok
1747.925707,6544273.0,,mem_uops_retired.all_loads:u,mem_uops_retired.all_loads,7093350.0,87.0,nan,,ok
1747.925707,4233801.0,,mem_uops_retired.all_stores:u,mem_uops_retired.all_stores,7121642.0,88.0,nan,,ok
1747.925707,29293.0,,longest_lat_cache.reference:u,longest_lat_cache.reference,8090413.0,100.0,nan,,ok
1747.925707,19478.0,,longest_lat_cache.miss:u,longest_lat_cache.miss,8090559.0,100.0,nan,,ok
1747.925707,5429.0,,offcore_requests.demand_data_rd:u,offcore_requests.demand_data_rd,8090855.0,100.0,nan,,ok
1747.925707,6297407.0,,resource_stalls.any:u,resource_stalls.any,7804620.0,96.0,nan,,ok
1758.215309,48816569.0,,inst_retired.any:u,inst_retired.any,9292105.0,90.0,nan,,ok
1758.215309,28101629.0,,cpu_clk_unhalted.thread:u,cpu_clk_unhalted.thread,9293347.0,90.0,nan,,ok
1758.215309,3156861.0,,br_inst_retired.all_branches:u,br_inst_retired.all_branches,9292287.0,90.0,nan,,ok
1758.215309,84527.0,,br_misp_retired.all_branches:u,br_misp_retired.all_branches,9291298.0,90.0,nan,,ok
1758.215309,16684716.0,,mem_uops_retired.all_loads:u,mem_uops_retired.all_loads,9291046.0,90.0,nan,,ok
1758.215309,6537106.0,,mem_uops_retired.all_stores:u,mem_uops_retired.all_stores,9260227.0,89.0,nan,,ok
1758.215309,2665.0,,longest_lat_cache.reference:u,longest_lat_cache.reference,9029946.0,87.0,nan,,ok
1758.215309,2578.0,,longest_lat_cache.miss:u,longest_lat_cache.miss,9291812.0,90.0,nan,,ok
1758.215309,2443.0,,offcore_requests.demand_data_rd:u,offcore_requests.demand_data_rd,9290323.0,90.0,nan,,ok
1758.215309,11925736.0,,resource_stalls.any:u,resource_stalls.any,8290880.0,80.0,nan,,ok
1768.495818,47231922.0,,inst_retired.any:u,inst_retired.any,9274214.0,90.0,nan,,ok
1768.495818,28124676.0,,cpu_clk_unhalted.thread:u,cpu_clk_unhalted.thread,9272662.0,90.0,nan,,ok
1768.495818,3100217.0,,br_inst_retired.all_branches:u,br_inst_retired.all_branches,9279347.0,90.0,nan,,ok
1768.495818,57545.0,,br_misp_retired.all_branches:u,br_misp_retired.all_branches,9276180.0,90.0,nan,,ok
1768.495818,17054879.0,,mem_uops_retired.all_loads:u,mem_uops_retired.all_loads,9274578.0,90.0,nan,,ok
1768.495818,7721625.0,,mem_uops_retired.all_stores:u,mem_uops_retired.all_stores,9276654.0,90.0,nan,,ok
1768.495818,2874.0,,longest_lat_cache.reference:u,longest_lat_cache.reference,9000601.0,87.0,nan,,ok
1768.495818,5225.0,,longest_lat_cache.miss:u,longest_lat_cache.miss,9277774.0,90.0,nan,,ok
1768.495818,5156.0,,offcore_requests.demand_data_rd:u,offcore_requests.demand_data_rd,9275882.0,90.0,nan,,ok
1768.495818,12713719.0,,resource_stalls.any:u,resource_stalls.any,8276740.0,80.0,nan,,ok
1778.748755,44670028.0,,inst_retired.any:u,inst_retired.any,9050777.0,90.0,nan,,ok
1778.748755,26636536.0,,cpu_clk_unhalted.thread:u,cpu_clk_unhalted.thread,9040757.0,90.0,nan,,ok
1778.748755,2982190.0,,br_inst_retired.all_branches:u,br_inst_retired.all_branches,9042650.0,90.0,nan,,ok
1778.748755,54735.0,,br_misp_retired.all_branches:u,br_misp_retired.all_branches,9039591.0,90.0,nan,,ok
1778.748755,16229497.0,,mem_uops_retired.all_loads:u,mem_uops_retired.all_loads,9034017.0,90.0,nan,,ok
1778.748755,7330951.0,,mem_uops_retired.all_stores:u,mem_uops_retired.all_stores,9027841.0,90.0,nan,,ok
1778.748755,6415.0,,longest_lat_cache.reference:u,longest_lat_cache.reference,9002285.0,95.0,nan,,ok
1778.748755,6191.0,,longest_lat_cache.miss:u,longest_lat_cache.miss,9025476.0,90.0,nan,,ok
1778.748755,9427.0,,offcore_requests.demand_data_rd:u,offcore_requests.demand_data_rd,9021722.0,90.0,nan,,ok
1778.748755,11816366.0,,resource_stalls.any:u,resource_stalls.any,8018512.0,80.0,nan,,ok
1788.9619619999999,9374271.0,,inst_retired.any:u,inst_retired.any,6223153.0,100.0,nan,,ok
1788.9619619999999,4502705.0,,cpu_clk_unhalted.thread:u,cpu_clk_unhalted.thread,6227503.0,100.0,nan,,ok
1788.9619619999999,1696604.0,,br_inst_retired.all_branches:u,br_inst_retired.all_branches,6230953.0,100.0,nan,,ok
1788.9619619999999,31144.0,,br_misp_retired.all_branches:u,br_misp_retired.all_branches,4763018.0,78.0,nan,,ok
1788.9619619999999,1377433.0,,mem_uops_retired.all_loads:u,mem_uops_retired.all_loads,5088720.0,83.0,nan,,ok
1788.9619619999999,1214487.0,,mem_uops_retired.all_stores:u,mem_uops_retired.all_stores,4774187.0,76.0,nan,,ok
1788.9619619999999,17868.0,,longest_lat_cache.reference:u,longest_lat_cache.reference,5243404.0,84.0,nan,,ok
1788.9619619999999,11655.0,,longest_lat_cache.miss:u,longest_lat_cache.miss,5259171.0,84.0,nan,,ok
1788.9619619999999,11439.0,,offcore_requests.demand_data_rd:u,offcore_requests.demand_data_rd,6109133.0,97.0,nan,,ok
1788.9619619999999,494295.0,,resource_stalls.any:u,resource_stalls.any,6265873.0,100.0,nan,,ok
1799.214367,1911663.0,,inst_retired.any:u,inst_retired.any,6733841.0,100.0,nan,,ok
1799.214367,3579633.0,,cpu_clk_unhalted.thread:u,cpu_clk_unhalted.thread,6734534.0,100.0,nan,,ok
1799.214367,426223.0,,br_inst_retired.all_branches:u,br_inst_retired.all_branches,6733821.0,100.0,nan,,ok
1799.214367,13067.0,,br_misp_retired.all_branches:u,br_misp_retired.all_branches,5669125.0,84.0,nan,,ok
1799.214367,644196.0,,mem_uops_retired.all_loads:u,mem_uops_retired.all_loads,3952847.0,68.0,nan,,ok
1799.214367,215464.0,,mem_uops_retired.all_stores:u,mem_uops_retired.all_stores,4247334.0,69.0,nan,,ok
1799.214367,29556.0,,longest_lat_cache.reference:u,longest_lat_cache.reference,6328308.0,97.0,nan,,ok
1799.214367,12908.0,,longest_lat_cache.miss:u,longest_lat_cache.miss,6716903.0,100.0,nan,,ok
1799.214367,13615.0,,offcore_requests.demand_data_rd:u,offcore_requests.demand_data_rd,6716762.0,100.0,nan,,ok
1799.214367,515839.0,,resource_stalls.any:u,resource_stalls.any,6716794.0,100.0,nan,,ok
1802.2305620000002,554917.0,,inst_retired.any:u,inst_retired.any,1701502.0,100.0,nan,,ok
1802.2305620000002,877482.0,,cpu_clk_unhalted.thread:u,cpu_clk_unhalted.thread,1696459.0,100.0,nan,,ok
1802.2305620000002,124209.0,,br_inst_retired.all_branches:u,br_inst_retired.all_branches,1693722.0,100.0,nan,,ok
1802.2305620000002,4408.0,,br_misp_retired.all_branches:u,br_misp_retired.all_branches,755738.0,45.0,nan,,ok
1802.2305620000002,160479.0,,mem_uops_retired.all_loads:u,mem_uops_retired.all_loads,1688483.0,100.0,nan,,ok
1802.2305620000002,74406.0,,mem_uops_retired.all_stores:u,mem_uops_retired.all_stores,935400.0,63.0,nan,,ok
1802.2305620000002,6311.0,,longest_lat_cache.reference:u,longest_lat_cache.reference,1684026.0,100.0,nan,,ok
1802.2305620000002,3559.0,,longest_lat_cache.miss:u,longest_lat_cache.miss,1681326.0,100.0,nan,,ok
1802.2305620000002,3214.0,,offcore_requests.demand_data_rd:u,offcore_requests.demand_data_rd,1678595.0,100.0,nan,,ok
1802.2305620000002,274220.0,,resource_stalls.any:u,resource_stalls.any,1675829.0,100.0,nan,,ok
