timestamp_ms,value,unit,event_name,event_name_normalized,runtime_ns,enabled_pct,metric_value,metric_unit,status
10.053571000000002,984529.0,,instructions:u,instructions,464130.0,6.0,0.29,insn per cycle,ok
10.053571000000002,nan,,,,nan,nan,1.07,stalled cycles per insn,unknown
10.053571000000002,3416146.0,,cycles:u,cycles,1437570.0,20.0,nan,,ok
10.053571000000002,215706.0,,branches:u,branches,3196997.0,46.0,nan,,ok
10.053571000000002,20073.0,,branch-misses:u,branch-misses,4197941.0,60.0,9.31,of all branches,ok
10.053571000000002,618381.0,,L1-dcache-loads:u,l1-dcache-loads,5193325.0,75.0,nan,,ok
10.053571000000002,99358.0,,cache-references:u,cache-references,6404296.0,92.0,nan,,ok
10.053571000000002,10415.0,,cache-misses:u,cache-misses,5457893.0,79.0,10.48,of all cache refs,ok
10.053571000000002,1054344.0,,stalled-cycles-frontend:u,stalled-cycles-frontend,62226.0,0.0,30.86,frontend cycles idle,ok
20.587453,16178512.0,,instructions:u,instructions,2978614.0,44.0,1.26,insn per cycle,ok
20.587453,nan,,,,nan,nan,0.16,stalled cycles per insn,unknown
20.587453,12810623.0,,cycles:u,cycles,3005375.0,44.0,nan,,ok
20.587453,3916849.0,,branches:u,branches,4001568.0,59.0,nan,,ok
20.587453,66645.0,,branch-misses:u,branch-misses,5886853.0,77.0,1.7,of all branches,ok
20.587453,5141544.0,,L1-dcache-loads:u,l1-dcache-loads,6970320.0,75.0,nan,,ok
20.587453,196856.0,,cache-references:u,cache-references,7068754.0,70.0,nan,,ok
20.587453,15078.0,,cache-misses:u,cache-misses,7014956.0,70.0,7.66,of all cache refs,ok
20.587453,2518177.0,,stalled-cycles-frontend:u,stalled-cycles-frontend,1941901.0,21.0,19.66,frontend cycles idle,ok
31.047743999999998,1446726.0,,instructions:u,instructions,6128286.0,88.0,0.38,insn per cycle,ok
31.047743999999998,nan,,,,nan,nan,1.39,stalled cycles per insn,unknown
31.047743999999998,3845910.0,,cycles:u,cycles,5691732.0,73.0,nan,,ok
31.047743999999998,399005.0,,branches:u,branches,6562024.0,75.0,nan,,ok
31.047743999999998,28828.0,,branch-misses:u,branch-misses,6568963.0,75.0,7.22,of all branches,ok
31.047743999999998,813619.0,,L1-dcache-loads:u,l1-dcache-loads,3575323.0,41.0,nan,,ok
31.047743999999998,145567.0,,cache-references:u,cache-references,2511402.0,32.0,nan,,ok
31.047743999999998,12657.0,,cache-misses:u,cache-misses,2956751.0,48.0,8.69,of all cache refs,ok
31.047743999999998,2015832.0,,stalled-cycles-frontend:u,stalled-cycles-frontend,4265883.0,61.0,52.41,frontend cycles idle,ok
41.526197,1600316.0,,instructions:u,instructions,2200707.0,48.0,0.37,insn per cycle,ok
41.526197,4323983.0,,cycles:u,cycles,5095737.0,78.0,nan,,ok
41.526197,459937.0,,branches:u,branches,7718863.0,95.0,nan,,ok
41.526197,35220.0,,branch-misses:u,branch-misses,10108780.0,100.0,7.66,of all branches,ok
41.526197,1157081.0,,L1-dcache-loads:u,l1-dcache-loads,10300689.0,100.0,nan,,ok
41.526197,130899.0,,cache-references:u,cache-references,8131005.0,78.0,nan,,ok
41.526197,17730.0,,cache-misses:u,cache-misses,5227180.0,50.0,13.54,of all cache refs,ok
41.526197,nan,,stalled-cycles-frontend:u,stalled-cycles-frontend,0.0,0.0,nan,,ok
51.958523,511125.0,,instructions:u,instructions,357280.0,6.0,0.11,insn per cycle,ok
51.958523,nan,,,,nan,nan,2.87,stalled cycles per insn,unknown
51.958523,4514241.0,,cycles:u,cycles,886514.0,17.0,nan,,ok
51.958523,272172.0,,branches:u,branches,2769293.0,83.0,nan,,ok
51.958523,22911.0,,branch-misses:u,branch-misses,5534792.0,100.0,8.42,of all branches,ok
51.958523,1032454.0,,L1-dcache-loads:u,l1-dcache-loads,8318163.0,100.0,nan,,ok
51.958523,151616.0,,cache-references:u,cache-references,9756074.0,100.0,nan,,ok
51.958523,22892.0,,cache-misses:u,cache-misses,9226840.0,91.0,15.1,of all cache refs,ok
51.958523,1465988.0,,stalled-cycles-frontend:u,stalled-cycles-frontend,357280.0,3.0,32.47,frontend cycles idle,ok
62.427969,1566821.0,,instructions:u,instructions,3374838.0,34.0,0.45,insn per cycle,ok
62.427969,nan,,,,nan,nan,1.36,stalled cycles per insn,unknown
62.427969,3482797.0,,cycles:u,cycles,898487.0,9.0,nan,,ok
62.427969,295741.0,,branches:u,branches,905444.0,13.0,nan,,ok
62.427969,25613.0,,branch-misses:u,branch-misses,2184518.0,29.0,8.66,of all branches,ok
62.427969,982199.0,,L1-dcache-loads:u,l1-dcache-loads,3738592.0,47.0,nan,,ok
62.427969,123010.0,,cache-references:u,cache-references,6311492.0,80.0,nan,,ok
62.427969,21239.0,,cache-misses:u,cache-misses,8795543.0,95.0,17.27,of all cache refs,ok
62.427969,2130032.0,,stalled-cycles-frontend:u,stalled-cycles-frontend,3415348.0,35.0,61.16,frontend cycles idle,ok
72.895465,2476105.0,,instructions:u,instructions,8749861.0,100.0,0.58,insn per cycle,ok
72.895465,nan,,,,nan,nan,0.71,stalled cycles per insn,unknown
72.895465,4263607.0,,cycles:u,cycles,6504814.0,63.0,nan,,ok
72.895465,457768.0,,branches:u,branches,6497857.0,63.0,nan,,ok
72.895465,33968.0,,branch-misses:u,branch-misses,6490963.0,63.0,7.42,of all branches,ok
72.895465,1018476.0,,L1-dcache-loads:u,l1-dcache-loads,4440389.0,43.0,nan,,ok
72.895465,123651.0,,cache-references:u,cache-references,1439497.0,14.0,nan,,ok
72.895465,32035.0,,cache-misses:u,cache-misses,3705860.0,42.0,25.91,of all cache refs,ok
72.895465,1766518.0,,stalled-cycles-frontend:u,stalled-cycles-frontend,5744931.0,100.0,41.43,frontend cycles idle,ok
83.394241,1832364.0,,instructions:u,instructions,7081983.0,95.0,0.4,insn per cycle,ok
83.394241,nan,,,,nan,nan,1.27,stalled cycles per insn,unknown
83.394241,4583570.0,,cycles:u,cycles,7322842.0,81.0,nan,,ok
83.394241,490678.0,,branches:u,branches,7897400.0,82.0,nan,,ok
83.394241,31791.0,,branch-misses:u,branch-misses,7904057.0,82.0,6.48,of all branches,ok
83.394241,984666.0,,L1-dcache-loads:u,l1-dcache-loads,5409803.0,56.0,nan,,ok
83.394241,132635.0,,cache-references:u,cache-references,2522158.0,26.0,nan,,ok
83.394241,21429.0,,cache-misses:u,cache-misses,2224256.0,24.0,16.16,of all cache refs,ok
83.394241,2318748.0,,stalled-cycles-frontend:u,stalled-cycles-frontend,4150879.0,55.0,50.59,frontend cycles idle,ok
93.862982,716339.0,,instructions:u,instructions,257000.0,5.0,0.2,insn per cycle,ok
93.862982,3630725.0,,cycles:u,cycles,2906689.0,43.0,nan,,ok
93.862982,411467.0,,branches:u,branches,5811852.0,68.0,nan,,ok
93.862982,30126.0,,branch-misses:u,branch-misses,7628789.0,82.0,7.32,of all branches,ok
93.862982,1031986.0,,L1-dcache-loads:u,l1-dcache-loads,9310470.0,91.0,nan,,ok
93.862982,135485.0,,cache-references:u,cache-references,9871720.0,97.0,nan,,ok
93.862982,18897.0,,cache-misses:u,cache-misses,7256655.0,71.0,13.95,of all cache refs,ok
93.862982,nan,,stalled-cycles-frontend:u,stalled-cycles-frontend,0.0,0.0,nan,,ok
104.31425399999999,2024971.0,,instructions:u,instructions,2893135.0,30.0,0.57,insn per cycle,ok
104.31425399999999,nan,,,,nan,nan,1.08,stalled cycles per insn,unknown
104.31425399999999,3579090.0,,cycles:u,cycles,870550.0,10.0,nan,,ok
104.31425399999999,282160.0,,branches:u,branches,911570.0,14.0,nan,,ok
104.31425399999999,26753.0,,branch-misses:u,branch-misses,2117703.0,31.0,9.48,of all branches,ok
104.31425399999999,1007842.0,,L1-dcache-loads:u,l1-dcache-loads,3475561.0,50.0,nan,,ok
104.31425399999999,114502.0,,cache-references:u,cache-references,6614400.0,95.0,nan,,ok
104.31425399999999,22265.0,,cache-misses:u,cache-misses,8656791.0,100.0,19.45,of all cache refs,ok
104.31425399999999,2180878.0,,stalled-cycles-frontend:u,stalled-cycles-frontend,2926671.0,30.0,60.93,frontend cycles idle,ok
114.77433300000001,2293039.0,,instructions:u,instructions,7685336.0,91.0,0.49,insn per cycle,ok
114.77433300000001,nan,,,,nan,nan,0.82,stalled cycles per insn,unknown
114.77433300000001,4685560.0,,cycles:u,cycles,7246206.0,77.0,nan,,ok
114.77433300000001,505997.0,,branches:u,branches,7253027.0,77.0,nan,,ok
114.77433300000001,33369.0,,branch-misses:u,branch-misses,7259436.0,77.0,6.59,of all branches,ok
114.77433300000001,878697.0,,L1-dcache-loads:u,l1-dcache-loads,4184833.0,44.0,nan,,ok
114.77433300000001,107325.0,,cache-references:u,cache-references,1651764.0,19.0,nan,,ok
114.77433300000001,14813.0,,cache-misses:u,cache-misses,2038174.0,30.0,13.8,of all cache refs,ok
114.77433300000001,1884381.0,,stalled-cycles-frontend:u,stalled-cycles-frontend,4964970.0,73.0,40.22,frontend cycles idle,ok
125.262122,1349959.0,,instructions:u,instructions,3329549.0,94.0,0.38,insn per cycle,ok
125.262122,nan,,,,nan,nan,1.38,stalled cycles per insn,unknown
125.262122,3570472.0,,cycles:u,cycles,5721835.0,100.0,nan,,ok
125.262122,477169.0,,branches:u,branches,8261625.0,100.0,nan,,ok
125.262122,36056.0,,branch-misses:u,branch-misses,10269688.0,100.0,7.56,of all branches,ok
125.262122,1211565.0,,L1-dcache-loads:u,l1-dcache-loads,10265479.0,98.0,nan,,ok
125.262122,127064.0,,cache-references:u,cache-references,7056744.0,67.0,nan,,ok
125.262122,17273.0,,cache-misses:u,cache-misses,4662751.0,44.0,13.59,of all cache refs,ok
125.262122,1868291.0,,stalled-cycles-frontend:u,stalled-cycles-frontend,120837.0,1.0,52.33,frontend cycles idle,ok
135.730842,1677327.0,,instructions:u,instructions,2323875.0,60.0,0.5,insn per cycle,ok
135.730842,3328675.0,,cycles:u,cycles,5090214.0,90.0,nan,,ok
135.730842,427832.0,,branches:u,branches,7251778.0,100.0,nan,,ok
135.730842,32372.0,,branch-misses:u,branch-misses,9253157.0,100.0,7.57,of all branches,ok
135.730842,1071087.0,,L1-dcache-loads:u,l1-dcache-loads,9384538.0,100.0,nan,,ok
135.730842,107436.0,,cache-references:u,cache-references,7061363.0,75.0,nan,,ok
135.730842,17069.0,,cache-misses:u,cache-misses,4329687.0,46.0,15.89,of all cache refs,ok
135.730842,nan,,stalled-cycles-frontend:u,stalled-cycles-frontend,0.0,0.0,nan,,ok
146.193206,52752.0,,instructions:u,instructions,102914.0,3.0,0.02,insn per cycle,ok
146.193206,2372866.0,,cycles:u,cycles,1341440.0,38.0,nan,,ok
146.193206,309600.0,,branches:u,branches,3892613.0,75.0,nan,,ok
146.193206,28112.0,,branch-misses:u,branch-misses,7715183.0,97.0,9.08,of all branches,ok
146.193206,1142100.0,,L1-dcache-loads:u,l1-dcache-loads,9578255.0,100.0,nan,,ok
146.193206,161515.0,,cache-references:u,cache-references,10335609.0,99.0,nan,,ok
146.193206,24271.0,,cache-misses:u,cache-misses,9098371.0,87.0,15.03,of all cache refs,ok
146.193206,nan,,stalled-cycles-frontend:u,stalled-cycles-frontend,0.0,0.0,nan,,ok
156.625883,2083153.0,,instructions:u,instructions,3917579.0,41.0,0.57,insn per cycle,ok
156.625883,nan,,,,nan,nan,0.91,stalled cycles per insn,unknown
156.625883,3661019.0,,cycles:u,cycles,818453.0,9.0,nan,,ok
156.625883,333532.0,,branches:u,branches,818453.0,11.0,nan,,ok
156.625883,20780.0,,branch-misses:u,branch-misses,977862.0,14.0,6.23,of all branches,ok
156.625883,845921.0,,L1-dcache-loads:u,l1-dcache-loads,2276379.0,33.0,nan,,ok
156.625883,105447.0,,cache-references:u,cache-references,5425552.0,79.0,nan,,ok
156.625883,19923.0,,cache-misses:u,cache-misses,8543753.0,100.0,18.89,of all cache refs,ok
156.625883,1901749.0,,stalled-cycles-frontend:u,stalled-cycles-frontend,3951910.0,42.0,51.95,frontend cycles idle,ok
167.08900300000002,2062304.0,,instructions:u,instructions,7535969.0,97.0,0.42,insn per cycle,ok
167.08900300000002,nan,,,,nan,nan,1.12,stalled cycles per insn,unknown
167.08900300000002,4932649.0,,cycles:u,cycles,7770553.0,81.0,nan,,ok
167.08900300000002,539169.0,,branches:u,branches,8679044.0,83.0,nan,,ok
167.08900300000002,34759.0,,branch-misses:u,branch-misses,8685884.0,83.0,6.45,of all branches,ok
167.08900300000002,1064284.0,,L1-dcache-loads:u,l1-dcache-loads,5621285.0,58.0,nan,,ok
167.08900300000002,122376.0,,cache-references:u,cache-references,2915931.0,31.0,nan,,ok
167.08900300000002,20632.0,,cache-misses:u,cache-misses,2626680.0,30.0,16.86,of all cache refs,ok
167.08900300000002,2305306.0,,stalled-cycles-frontend:u,stalled-cycles-frontend,4619906.0,59.0,46.74,frontend cycles idle,ok
177.55734,1334330.0,,instructions:u,instructions,1301053.0,33.0,0.38,insn per cycle,ok
177.55734,3543214.0,,cycles:u,cycles,4548080.0,77.0,nan,,ok
177.55734,442000.0,,branches:u,branches,7185083.0,95.0,nan,,ok
177.55734,32484.0,,branch-misses:u,branch-misses,9316035.0,100.0,7.35,of all branches,ok
177.55734,1083388.0,,L1-dcache-loads:u,l1-dcache-loads,9315933.0,100.0,nan,,ok
177.55734,121699.0,,cache-references:u,cache-references,8015354.0,86.0,nan,,ok
177.55734,17509.0,,cache-misses:u,cache-misses,4802695.0,51.0,14.39,of all cache refs,ok
177.55734,nan,,stalled-cycles-frontend:u,stalled-cycles-frontend,0.0,0.0,nan,,ok
187.985039,nan,,instructions:u,instructions,0.0,0.0,nan,,ok
187.985039,2521520.0,,cycles:u,cycles,3229995.0,100.0,nan,,ok
187.985039,358228.0,,branches:u,branches,5235848.0,100.0,nan,,ok
187.985039,27563.0,,branch-misses:u,branch-misses,7266144.0,100.0,7.69,of all branches,ok
187.985039,1231549.0,,L1-dcache-loads:u,l1-dcache-loads,10240684.0,100.0,nan,,ok
187.985039,157499.0,,cache-references:u,cache-references,10380186.0,100.0,nan,,ok
187.985039,19525.0,,cache-misses:u,cache-misses,7099066.0,68.0,12.4,of all cache refs,ok
187.985039,nan,,stalled-cycles-frontend:u,stalled-cycles-frontend,0.0,0.0,nan,,ok
198.45372,nan,,instructions:u,instructions,0.0,0.0,nan,,ok
198.45372,3164204.0,,cycles:u,cycles,1132164.0,26.0,nan,,ok
198.45372,431798.0,,branches:u,branches,4028823.0,63.0,nan,,ok
198.45372,27483.0,,branch-misses:u,branch-misses,6668510.0,84.0,6.36,of all branches,ok
198.45372,1094418.0,,L1-dcache-loads:u,l1-dcache-loads,9473696.0,95.0,nan,,ok
198.45372,138407.0,,cache-references:u,cache-references,10132002.0,100.0,nan,,ok
198.45372,21375.0,,cache-misses:u,cache-misses,9051231.0,89.0,15.44,of all cache refs,ok
198.45372,nan,,stalled-cycles-frontend:u,stalled-cycles-frontend,0.0,0.0,nan,,ok
208.87193000000002,1720677.0,,instructions:u,instructions,3812484.0,41.0,0.44,insn per cycle,ok
208.87193000000002,nan,,,,nan,nan,0.99,stalled cycles per insn,unknown
208.87193000000002,3937807.0,,cycles:u,cycles,1644895.0,20.0,nan,,ok
208.87193000000002,248653.0,,branches:u,branches,1651500.0,32.0,nan,,ok
208.87193000000002,26150.0,,branch-misses:u,branch-misses,2313560.0,45.0,10.52,of all branches,ok
208.87193000000002,763876.0,,L1-dcache-loads:u,l1-dcache-loads,2836588.0,49.0,nan,,ok
208.87193000000002,131518.0,,cache-references:u,cache-references,5426799.0,67.0,nan,,ok
208.87193000000002,19646.0,,cache-misses:u,cache-misses,7595440.0,81.0,14.94,of all cache refs,ok
208.87193000000002,1698498.0,,stalled-cycles-frontend:u,stalled-cycles-frontend,2973530.0,32.0,43.13,frontend cycles idle,ok
219.361083,2098864.0,,instructions:u,instructions,6739256.0,99.0,0.45,insn per cycle,ok
219.361083,nan,,,,nan,nan,1.21,stalled cycles per insn,unknown
219.361083,4626098.0,,cycles:u,cycles,7234565.0,85.0,nan,,ok
219.361083,551085.0,,branches:u,branches,8236930.0,87.0,nan,,ok
219.361083,33758.0,,branch-misses:u,branch-misses,8274780.0,87.0,6.13,of all branches,ok
219.361083,839140.0,,L1-dcache-loads:u,l1-dcache-loads,4970112.0,52.0,nan,,ok
219.361083,124029.0,,cache-references:u,cache-references,2754653.0,29.0,nan,,ok
219.361083,19859.0,,cache-misses:u,cache-misses,2259551.0,26.0,16.01,of all cache refs,ok
219.361083,2544034.0,,stalled-cycles-frontend:u,stalled-cycles-frontend,4489657.0,58.0,54.99,frontend cycles idle,ok
229.82538399999999,1590980.0,,instructions:u,instructions,5519941.0,100.0,0.42,insn per cycle,ok
229.82538399999999,nan,,,,nan,nan,2.08,stalled cycles per insn,unknown
229.82538399999999,3827314.0,,cycles:u,cycles,7141721.0,100.0,nan,,ok
229.82538399999999,515479.0,,branches:u,branches,9134926.0,100.0,nan,,ok
229.82538399999999,30895.0,,branch-misses:u,branch-misses,9290053.0,100.0,5.99,of all branches,ok
229.82538399999999,750883.0,,L1-dcache-loads:u,l1-dcache-loads,6160262.0,66.0,nan,,ok
229.82538399999999,111582.0,,cache-references:u,cache-references,3791910.0,40.0,nan,,ok
229.82538399999999,11985.0,,cache-misses:u,cache-misses,2161900.0,23.0,10.74,of all cache refs,ok
229.82538399999999,3313028.0,,stalled-cycles-frontend:u,stalled-cycles-frontend,3122711.0,34.0,86.56,frontend cycles idle,ok
240.30022100000002,1333678.0,,instructions:u,instructions,500326.0,11.0,0.34,insn per cycle,ok
240.30022100000002,3882786.0,,cycles:u,cycles,2654640.0,45.0,nan,,ok
240.30022100000002,517307.0,,branches:u,branches,5397122.0,71.0,nan,,ok
240.30022100000002,30121.0,,branch-misses:u,branch-misses,7275302.0,87.0,5.82,of all branches,ok
240.30022100000002,1054640.0,,L1-dcache-loads:u,l1-dcache-loads,9037628.0,96.0,nan,,ok
240.30022100000002,124469.0,,cache-references:u,cache-references,8987399.0,94.0,nan,,ok
240.30022100000002,16304.0,,cache-misses:u,cache-misses,6840159.0,72.0,13.1,of all cache refs,ok
240.30022100000002,nan,,stalled-cycles-frontend:u,stalled-cycles-frontend,0.0,0.0,nan,,ok
250.721512,1877782.0,,instructions:u,instructions,3477180.0,37.0,0.56,insn per cycle,ok
250.721512,nan,,,,nan,nan,1.01,stalled cycles per insn,unknown
250.721512,3327249.0,,cycles:u,cycles,1061581.0,12.0,nan,,ok
250.721512,294394.0,,branches:u,branches,1061581.0,14.0,nan,,ok
250.721512,19458.0,,branch-misses:u,branch-misses,1196423.0,15.0,6.61,of all branches,ok
250.721512,1463729.0,,L1-dcache-loads:u,l1-dcache-loads,3093380.0,40.0,nan,,ok
250.721512,130460.0,,cache-references:u,cache-references,5672162.0,69.0,nan,,ok
250.721512,19782.0,,cache-misses:u,cache-misses,8107152.0,100.0,15.16,of all cache refs,ok
250.721512,1896115.0,,stalled-cycles-frontend:u,stalled-cycles-frontend,3451484.0,37.0,56.99,frontend cycles idle,ok
261.198742,2456459.0,,instructions:u,instructions,6310549.0,65.0,0.6,insn per cycle,ok
261.198742,nan,,,,nan,nan,0.76,stalled cycles per insn,unknown
261.198742,4065992.0,,cycles:u,cycles,3518746.0,36.0,nan,,ok
261.198742,386255.0,,branches:u,branches,3527334.0,36.0,nan,,ok
261.198742,29244.0,,branch-misses:u,branch-misses,3534343.0,36.0,7.57,of all branches,ok
261.198742,468343.0,,L1-dcache-loads:u,l1-dcache-loads,910144.0,9.0,nan,,ok
261.198742,174061.0,,cache-references:u,cache-references,3355109.0,41.0,nan,,ok
261.198742,16889.0,,cache-misses:u,cache-misses,6170866.0,96.0,9.7,of all cache refs,ok
261.198742,1876024.0,,stalled-cycles-frontend:u,stalled-cycles-frontend,5465341.0,61.0,46.14,frontend cycles idle,ok
271.67830999999995,2294807.0,,instructions:u,instructions,7101946.0,90.0,0.47,insn per cycle,ok
271.67830999999995,nan,,,,nan,nan,0.98,stalled cycles per insn,unknown
271.67830999999995,4857379.0,,cycles:u,cycles,8380199.0,91.0,nan,,ok
271.67830999999995,570337.0,,branches:u,branches,8712034.0,91.0,nan,,ok
271.67830999999995,33629.0,,branch-misses:u,branch-misses,8705025.0,91.0,5.9,of all branches,ok
271.67830999999995,1053755.0,,L1-dcache-loads:u,l1-dcache-loads,6039576.0,63.0,nan,,ok
271.67830999999995,99909.0,,cache-references:u,cache-references,2464639.0,25.0,nan,,ok
271.67830999999995,18406.0,,cache-misses:u,cache-misses,1135967.0,12.0,18.42,of all cache refs,ok
271.67830999999995,2247003.0,,stalled-cycles-frontend:u,stalled-cycles-frontend,3429000.0,44.0,46.26,frontend cycles idle,ok
282.150928,nan,,instructions:u,instructions,0.0,0.0,nan,,ok
282.150928,4285671.0,,cycles:u,cycles,1250690.0,23.0,nan,,ok
282.150928,583391.0,,branches:u,branches,5195741.0,71.0,nan,,ok
282.150928,31579.0,,branch-misses:u,branch-misses,7280585.0,86.0,5.41,of all branches,ok
282.150928,1215517.0,,L1-dcache-loads:u,l1-dcache-loads,9293074.0,98.0,nan,,ok
282.150928,146754.0,,cache-references:u,cache-references,9675419.0,100.0,nan,,ok
282.150928,20057.0,,cache-misses:u,cache-misses,8445536.0,87.0,13.67,of all cache refs,ok
282.150928,nan,,stalled-cycles-frontend:u,stalled-cycles-frontend,0.0,0.0,nan,,ok
292.596142,1754812.0,,instructions:u,instructions,2070335.0,21.0,2.47,insn per cycle,ok
292.596142,nan,,,,nan,nan,1.38,stalled cycles per insn,unknown
292.596142,709989.0,,cycles:u,cycles,199964.0,2.0,nan,,ok
292.596142,15603.0,,branches:u,branches,199964.0,3.0,nan,,ok
292.596142,30133.0,,branch-misses:u,branch-misses,2160975.0,29.0,193.12,of all branches,ok
292.596142,1200042.0,,L1-dcache-loads:u,l1-dcache-loads,4587111.0,57.0,nan,,ok
292.596142,131442.0,,cache-references:u,cache-references,7553194.0,92.0,nan,,ok
292.596142,23569.0,,cache-misses:u,cache-misses,9428838.0,100.0,17.93,of all cache refs,ok
292.596142,2426492.0,,stalled-cycles-frontend:u,stalled-cycles-frontend,2104103.0,22.0,341.76,frontend cycles idle,ok
303.061608,2149592.0,,instructions:u,instructions,7142176.0,71.0,0.49,insn per cycle,ok
303.061608,nan,,,,nan,nan,0.94,stalled cycles per insn,unknown
303.061608,4358977.0,,cycles:u,cycles,6191216.0,60.0,nan,,ok
303.061608,415056.0,,branches:u,branches,6229881.0,61.0,nan,,ok
303.061608,30718.0,,branch-misses:u,branch-misses,6236787.0,61.0,7.4,of all branches,ok
303.061608,894650.0,,L1-dcache-loads:u,l1-dcache-loads,3371074.0,33.0,nan,,ok
303.061608,178642.0,,cache-references:u,cache-references,3085108.0,31.0,nan,,ok
303.061608,23068.0,,cache-misses:u,cache-misses,4016854.0,46.0,12.91,of all cache refs,ok
303.061608,2019773.0,,stalled-cycles-frontend:u,stalled-cycles-frontend,5008717.0,57.0,46.34,frontend cycles idle,ok
313.529366,2005473.0,,instructions:u,instructions,4861558.0,89.0,0.46,insn per cycle,ok
313.529366,nan,,,,nan,nan,1.61,stalled cycles per insn,unknown
313.529366,4313804.0,,cycles:u,cycles,7224986.0,100.0,nan,,ok
313.529366,593514.0,,branches:u,branches,9003172.0,100.0,nan,,ok
313.529366,35462.0,,branch-misses:u,branch-misses,9603626.0,100.0,5.97,of all branches,ok
313.529366,1111769.0,,L1-dcache-loads:u,l1-dcache-loads,7878087.0,82.0,nan,,ok
313.529366,118524.0,,cache-references:u,cache-references,4742122.0,49.0,nan,,ok
313.529366,15774.0,,cache-misses:u,cache-misses,2344113.0,24.0,13.31,of all cache refs,ok
313.529366,3238518.0,,stalled-cycles-frontend:u,stalled-cycles-frontend,1725463.0,20.0,75.07,frontend cycles idle,ok
323.997183,nan,,instructions:u,instructions,0.0,0.0,nan,,ok
323.997183,4003254.0,,cycles:u,cycles,910541.0,19.0,nan,,ok
323.997183,477911.0,,branches:u,branches,4153691.0,59.0,nan,,ok
323.997183,34205.0,,branch-misses:u,branch-misses,7649299.0,81.0,7.16,of all branches,ok
323.997183,1188440.0,,L1-dcache-loads:u,l1-dcache-loads,10080556.0,100.0,nan,,ok
323.997183,147019.0,,cache-references:u,cache-references,10105631.0,100.0,nan,,ok
323.997183,20631.0,,cache-misses:u,cache-misses,9230299.0,91.0,14.03,of all cache refs,ok
323.997183,nan,,stalled-cycles-frontend:u,stalled-cycles-frontend,0.0,0.0,nan,,ok
334.44664,2493288.0,,instructions:u,instructions,6142050.0,76.0,0.53,insn per cycle,ok
334.44664,nan,,,,nan,nan,0.69,stalled cycles per insn,unknown
334.44664,4697670.0,,cycles:u,cycles,4597340.0,52.0,nan,,ok
334.44664,559491.0,,branches:u,branches,4605167.0,52.0,nan,,ok
334.44664,38246.0,,branch-misses:u,branch-misses,4984593.0,56.0,6.84,of all branches,ok
334.44664,1025374.0,,L1-dcache-loads:u,l1-dcache-loads,2923156.0,33.0,nan,,ok
334.44664,160464.0,,cache-references:u,cache-references,3305809.0,37.0,nan,,ok
334.44664,20144.0,,cache-misses:u,cache-misses,4851472.0,68.0,12.55,of all cache refs,ok
334.44664,1720572.0,,stalled-cycles-frontend:u,stalled-cycles-frontend,4595504.0,70.0,36.63,frontend cycles idle,ok
344.91949300000005,1545496.0,,instructions:u,instructions,3113231.0,52.0,0.36,insn per cycle,ok
344.91949300000005,nan,,,,nan,nan,1.66,stalled cycles per insn,unknown
344.91949300000005,4240638.0,,cycles:u,cycles,6005521.0,77.0,nan,,ok
344.91949300000005,506351.0,,branches:u,branches,8627243.0,92.0,nan,,ok
344.91949300000005,34030.0,,branch-misses:u,branch-misses,10215779.0,100.0,6.72,of all branches,ok
344.91949300000005,1244786.0,,L1-dcache-loads:u,l1-dcache-loads,9366415.0,91.0,nan,,ok
344.91949300000005,139665.0,,cache-references:u,cache-references,7138915.0,69.0,nan,,ok
344.91949300000005,19483.0,,cache-misses:u,cache-misses,4245393.0,41.0,13.95,of all cache refs,ok
344.91949300000005,2562248.0,,stalled-cycles-frontend:u,stalled-cycles-frontend,837490.0,9.0,60.42,frontend cycles idle,ok
355.40858199999997,1121216.0,,instructions:u,instructions,1885309.0,34.0,0.52,insn per cycle,ok
355.40858199999997,nan,,,,nan,nan,1.38,stalled cycles per insn,unknown
355.40858199999997,2137472.0,,cycles:u,cycles,1219386.0,22.0,nan,,ok
355.40858199999997,383328.0,,branches:u,branches,2454095.0,42.0,nan,,ok
355.40858199999997,24547.0,,branch-misses:u,branch-misses,3974472.0,57.0,6.4,of all branches,ok
355.40858199999997,1262250.0,,L1-dcache-loads:u,l1-dcache-loads,5771146.0,67.0,nan,,ok
355.40858199999997,156852.0,,cache-references:u,cache-references,7592177.0,80.0,nan,,ok
355.40858199999997,22649.0,,cache-misses:u,cache-misses,8257967.0,98.0,14.44,of all cache refs,ok
355.40858199999997,1545167.0,,stalled-cycles-frontend:u,stalled-cycles-frontend,1822208.0,23.0,72.29,frontend cycles idle,ok
365.866519,1847993.0,,instructions:u,instructions,5641012.0,59.0,0.47,insn per cycle,ok
365.866519,nan,,,,nan,nan,1.03,stalled cycles per insn,unknown
365.866519,3908901.0,,cycles:u,cycles,3099786.0,32.0,nan,,ok
365.866519,391775.0,,branches:u,branches,3099786.0,32.0,nan,,ok
365.866519,29398.0,,branch-misses:u,branch-misses,3099786.0,32.0,7.5,of all branches,ok
365.866519,1354102.0,,L1-dcache-loads:u,l1-dcache-loads,2012096.0,20.0,nan,,ok
365.866519,184998.0,,cache-references:u,cache-references,3923860.0,41.0,nan,,ok
365.866519,21226.0,,cache-misses:u,cache-misses,6485205.0,78.0,11.47,of all cache refs,ok
365.866519,1900616.0,,stalled-cycles-frontend:u,stalled-cycles-frontend,4494959.0,54.0,48.62,frontend cycles idle,ok
376.35157000000004,1859308.0,,instructions:u,instructions,6921473.0,99.0,0.44,insn per cycle,ok
376.35157000000004,nan,,,,nan,nan,1.38,stalled cycles per insn,unknown
376.35157000000004,4262549.0,,cycles:u,cycles,7778781.0,86.0,nan,,ok
376.35157000000004,489748.0,,branches:u,branches,8941714.0,88.0,nan,,ok
376.35157000000004,32944.0,,branch-misses:u,branch-misses,9133509.0,88.0,6.73,of all branches,ok
376.35157000000004,931232.0,,L1-dcache-loads:u,l1-dcache-loads,6168824.0,59.0,nan,,ok
376.35157000000004,120820.0,,cache-references:u,cache-references,3369405.0,32.0,nan,,ok
376.35157000000004,22871.0,,cache-misses:u,cache-misses,2492815.0,24.0,18.93,of all cache refs,ok
376.35157000000004,2572073.0,,stalled-cycles-frontend:u,stalled-cycles-frontend,4102365.0,46.0,60.34,frontend cycles idle,ok
386.819295,2382440.0,,instructions:u,instructions,6027686.0,96.0,0.49,insn per cycle,ok
386.819295,nan,,,,nan,nan,1.35,stalled cycles per insn,unknown
386.819295,4858554.0,,cycles:u,cycles,8089633.0,100.0,nan,,ok
386.819295,658820.0,,branches:u,branches,9423175.0,100.0,nan,,ok
386.819295,35907.0,,branch-misses:u,branch-misses,9627537.0,100.0,5.45,of all branches,ok
386.819295,1025366.0,,L1-dcache-loads:u,l1-dcache-loads,6920162.0,71.0,nan,,ok
386.819295,117768.0,,cache-references:u,cache-references,3601071.0,37.0,nan,,ok
386.819295,15121.0,,cache-misses:u,cache-misses,1538497.0,15.0,12.84,of all cache refs,ok
386.819295,3220169.0,,stalled-cycles-frontend:u,stalled-cycles-frontend,2696528.0,29.0,66.28,frontend cycles idle,ok
397.311418,307141.0,,instructions:u,instructions,216223.0,5.0,0.08,insn per cycle,ok
397.311418,3625740.0,,cycles:u,cycles,2680307.0,46.0,nan,,ok
397.311418,537787.0,,branches:u,branches,6240318.0,82.0,nan,,ok
397.311418,33051.0,,branch-misses:u,branch-misses,8689529.0,97.0,6.15,of all branches,ok
397.311418,1118329.0,,L1-dcache-loads:u,l1-dcache-loads,9336142.0,100.0,nan,,ok
397.311418,133456.0,,cache-references:u,cache-references,9154854.0,98.0,nan,,ok
397.311418,18199.0,,cache-misses:u,cache-misses,6690442.0,71.0,13.64,of all cache refs,ok
397.311418,nan,,stalled-cycles-frontend:u,stalled-cycles-frontend,0.0,0.0,nan,,ok
407.73979399999996,1740302.0,,instructions:u,instructions,4619341.0,50.0,0.57,insn per cycle,ok
407.73979399999996,nan,,,,nan,nan,1.22,stalled cycles per insn,unknown
407.73979399999996,3034752.0,,cycles:u,cycles,1071586.0,11.0,nan,,ok
407.73979399999996,323428.0,,branches:u,branches,1071586.0,11.0,nan,,ok
407.73979399999996,41094.0,,branch-misses:u,branch-misses,1573431.0,17.0,12.71,of all branches,ok
407.73979399999996,1815966.0,,L1-dcache-loads:u,l1-dcache-loads,2804899.0,32.0,nan,,ok
407.73979399999996,123598.0,,cache-references:u,cache-references,5697905.0,87.0,nan,,ok
407.73979399999996,24538.0,,cache-misses:u,cache-misses,9265669.0,100.0,19.85,of all cache refs,ok
407.73979399999996,2127247.0,,stalled-cycles-frontend:u,stalled-cycles-frontend,4653582.0,47.0,70.1,frontend cycles idle,ok
418.224251,2162259.0,,instructions:u,instructions,6207315.0,86.0,0.51,insn per cycle,ok
418.224251,nan,,,,nan,nan,1.09,stalled cycles per insn,unknown
418.224251,4204187.0,,cycles:u,cycles,7807415.0,89.0,nan,,ok
418.224251,477777.0,,branches:u,branches,8553194.0,91.0,nan,,ok
418.224251,30638.0,,branch-misses:u,branch-misses,8560275.0,91.0,6.41,of all branches,ok
418.224251,868508.0,,L1-dcache-loads:u,l1-dcache-loads,6024756.0,64.0,nan,,ok
418.224251,110522.0,,cache-references:u,cache-references,3145325.0,33.0,nan,,ok
418.224251,28083.0,,cache-misses:u,cache-misses,1524914.0,17.0,25.41,of all cache refs,ok
418.224251,2357514.0,,stalled-cycles-frontend:u,stalled-cycles-frontend,3286973.0,45.0,56.08,frontend cycles idle,ok
428.68942300000003,2013347.0,,instructions:u,instructions,405838.0,14.0,0.75,insn per cycle,ok
428.68942300000003,2672210.0,,cycles:u,cycles,1759236.0,52.0,nan,,ok
428.68942300000003,441190.0,,branches:u,branches,5700632.0,88.0,nan,,ok
428.68942300000003,32206.0,,branch-misses:u,branch-misses,8837620.0,100.0,7.3,of all branches,ok
428.68942300000003,1271673.0,,L1-dcache-loads:u,l1-dcache-loads,9648322.0,100.0,nan,,ok
428.68942300000003,158711.0,,cache-references:u,cache-references,10022538.0,96.0,nan,,ok
428.68942300000003,20269.0,,cache-misses:u,cache-misses,8669463.0,83.0,12.77,of all cache refs,ok
428.68942300000003,nan,,stalled-cycles-frontend:u,stalled-cycles-frontend,0.0,0.0,nan,,ok
439.153751,2197806.0,,instructions:u,instructions,3566433.0,35.0,0.61,insn per cycle,ok
439.153751,nan,,,,nan,nan,0.93,stalled cycles per insn,unknown
439.153751,3580845.0,,cycles:u,cycles,1047590.0,11.0,nan,,ok
439.153751,272725.0,,branches:u,branches,1053926.0,14.0,nan,,ok
439.153751,16802.0,,branch-misses:u,branch-misses,1540637.0,20.0,6.16,of all branches,ok
439.153751,1125117.0,,L1-dcache-loads:u,l1-dcache-loads,3690090.0,49.0,nan,,ok
439.153751,111085.0,,cache-references:u,cache-references,6489778.0,87.0,nan,,ok
439.153751,22028.0,,cache-misses:u,cache-misses,9009317.0,98.0,19.83,of all cache refs,ok
439.153751,2035512.0,,stalled-cycles-frontend:u,stalled-cycles-frontend,3604497.0,35.0,56.84,frontend cycles idle,ok
449.619294,1884445.0,,instructions:u,instructions,4505350.0,47.0,0.48,insn per cycle,ok
449.619294,nan,,,,nan,nan,0.99,stalled cycles per insn,unknown
449.619294,3918691.0,,cycles:u,cycles,2679462.0,28.0,nan,,ok
449.619294,403964.0,,branches:u,branches,2673126.0,28.0,nan,,ok
449.619294,28482.0,,branch-misses:u,branch-misses,2666506.0,28.0,7.05,of all branches,ok
449.619294,1747316.0,,L1-dcache-loads:u,l1-dcache-loads,3098571.0,34.0,nan,,ok
449.619294,131846.0,,cache-references:u,cache-references,4915651.0,65.0,nan,,ok
449.619294,17856.0,,cache-misses:u,cache-misses,6741149.0,100.0,13.54,of all cache refs,ok
449.619294,1864633.0,,stalled-cycles-frontend:u,stalled-cycles-frontend,4068888.0,45.0,47.58,frontend cycles idle,ok
460.07125199999996,2725184.0,,instructions:u,instructions,7361846.0,83.0,0.56,insn per cycle,ok
460.07125199999996,nan,,,,nan,nan,0.71,stalled cycles per insn,unknown
460.07125199999996,4892586.0,,cycles:u,cycles,6500882.0,68.0,nan,,ok
460.07125199999996,491544.0,,branches:u,branches,6508008.0,68.0,nan,,ok
460.07125199999996,30994.0,,branch-misses:u,branch-misses,6514894.0,68.0,6.31,of all branches,ok
460.07125199999996,1045706.0,,L1-dcache-loads:u,l1-dcache-loads,4055997.0,42.0,nan,,ok
460.07125199999996,181634.0,,cache-references:u,cache-references,2174315.0,23.0,nan,,ok
460.07125199999996,19292.0,,cache-misses:u,cache-misses,2999888.0,40.0,10.62,of all cache refs,ok
460.07125199999996,1932048.0,,stalled-cycles-frontend:u,stalled-cycles-frontend,4019843.0,60.0,39.49,frontend cycles idle,ok
470.537539,1027168.0,,instructions:u,instructions,299454.0,7.0,0.33,insn per cycle,ok
470.537539,3088823.0,,cycles:u,cycles,2325196.0,41.0,nan,,ok
470.537539,426355.0,,branches:u,branches,4448258.0,64.0,nan,,ok
470.537539,32214.0,,branch-misses:u,branch-misses,7310739.0,84.0,7.56,of all branches,ok
470.537539,1139632.0,,L1-dcache-loads:u,l1-dcache-loads,9014843.0,96.0,nan,,ok
470.537539,130249.0,,cache-references:u,cache-references,9054811.0,96.0,nan,,ok
470.537539,17807.0,,cache-misses:u,cache-misses,7064153.0,75.0,13.67,of all cache refs,ok
470.537539,nan,,stalled-cycles-frontend:u,stalled-cycles-frontend,0.0,0.0,nan,,ok
480.959949,2188612.0,,instructions:u,instructions,5310067.0,51.0,0.52,insn per cycle,ok
480.959949,nan,,,,nan,nan,0.92,stalled cycles per insn,unknown
480.959949,4185180.0,,cycles:u,cycles,2656364.0,27.0,nan,,ok
480.959949,415025.0,,branches:u,branches,2656364.0,29.0,nan,,ok
480.959949,29775.0,,branch-misses:u,branch-misses,2858156.0,31.0,7.17,of all branches,ok
480.959949,1042428.0,,L1-dcache-loads:u,l1-dcache-loads,2424365.0,29.0,nan,,ok
480.959949,128696.0,,cache-references:u,cache-references,5072836.0,73.0,nan,,ok
480.959949,20265.0,,cache-misses:u,cache-misses,7726672.0,100.0,15.75,of all cache refs,ok
480.959949,2006775.0,,stalled-cycles-frontend:u,stalled-cycles-frontend,4339747.0,46.0,47.95,frontend cycles idle,ok
491.43823199999997,2146922.0,,instructions:u,instructions,7681576.0,92.0,0.46,insn per cycle,ok
491.43823199999997,nan,,,,nan,nan,1.05,stalled cycles per insn,unknown
491.43823199999997,4639551.0,,cycles:u,cycles,6885610.0,74.0,nan,,ok
491.43823199999997,503678.0,,branches:u,branches,7093272.0,74.0,nan,,ok
491.43823199999997,30340.0,,branch-misses:u,branch-misses,7099653.0,74.0,6.02,of all branches,ok
491.43823199999997,684967.0,,L1-dcache-loads:u,l1-dcache-loads,3459596.0,36.0,nan,,ok
491.43823199999997,158843.0,,cache-references:u,cache-references,1786291.0,20.0,nan,,ok
491.43823199999997,20481.0,,cache-misses:u,cache-misses,2583590.0,33.0,12.89,of all cache refs,ok
491.43823199999997,2244150.0,,stalled-cycles-frontend:u,stalled-cycles-frontend,5455673.0,65.0,48.37,frontend cycles idle,ok
501.90657699999997,1169561.0,,instructions:u,instructions,1893167.0,56.0,0.35,insn per cycle,ok
501.90657699999997,3328213.0,,cycles:u,cycles,4498585.0,87.0,nan,,ok
501.90657699999997,475209.0,,branches:u,branches,7292885.0,100.0,nan,,ok
501.90657699999997,30680.0,,branch-misses:u,branch-misses,8595581.0,100.0,6.46,of all branches,ok
501.90657699999997,1175216.0,,L1-dcache-loads:u,l1-dcache-loads,9600132.0,100.0,nan,,ok
501.90657699999997,146211.0,,cache-references:u,cache-references,8317106.0,81.0,nan,,ok
501.90657699999997,20106.0,,cache-misses:u,cache-misses,5710465.0,56.0,13.75,of all cache refs,ok
501.90657699999997,nan,,stalled-cycles-frontend:u,stalled-cycles-frontend,0.0,0.0,nan,,ok
512.358916,1392932.0,,instructions:u,instructions,1967631.0,30.0,0.52,insn per cycle,ok
512.358916,nan,,,,nan,nan,1.63,stalled cycles per insn,unknown
512.358916,2671898.0,,cycles:u,cycles,822323.0,12.0,nan,,ok
512.358916,507485.0,,branches:u,branches,938987.0,14.0,nan,,ok
512.358916,27787.0,,branch-misses:u,branch-misses,2463625.0,35.0,5.48,of all branches,ok
512.358916,1117714.0,,L1-dcache-loads:u,l1-dcache-loads,4791529.0,59.0,nan,,ok
512.358916,122625.0,,cache-references:u,cache-references,7404594.0,95.0,nan,,ok
512.358916,21635.0,,cache-misses:u,cache-misses,8570091.0,100.0,17.64,of all cache refs,ok
512.358916,2275342.0,,stalled-cycles-frontend:u,stalled-cycles-frontend,2002177.0,22.0,85.16,frontend cycles idle,ok
522.819998,2255601.0,,instructions:u,instructions,7679027.0,94.0,0.49,insn per cycle,ok
522.819998,nan,,,,nan,nan,0.99,stalled cycles per insn,unknown
522.819998,4577785.0,,cycles:u,cycles,7285581.0,79.0,nan,,ok
522.819998,519135.0,,branches:u,branches,7473412.0,79.0,nan,,ok
522.819998,30446.0,,branch-misses:u,branch-misses,7480780.0,79.0,5.86,of all branches,ok
522.819998,643422.0,,L1-dcache-loads:u,l1-dcache-loads,3821015.0,40.0,nan,,ok
522.819998,170736.0,,cache-references:u,cache-references,1663073.0,17.0,nan,,ok
522.819998,25953.0,,cache-misses:u,cache-misses,2037279.0,21.0,15.2,of all cache refs,ok
522.819998,2233433.0,,stalled-cycles-frontend:u,stalled-cycles-frontend,5096250.0,62.0,48.79,frontend cycles idle,ok
533.3094179999999,3600904.0,,instructions:u,instructions,911247.0,18.0,0.75,insn per cycle,ok
533.3094179999999,4800386.0,,cycles:u,cycles,3395476.0,51.0,nan,,ok
533.3094179999999,622215.0,,branches:u,branches,6569286.0,75.0,nan,,ok
533.3094179999999,34423.0,,branch-misses:u,branch-misses,8995809.0,97.0,5.53,of all branches,ok
533.3094179999999,1172914.0,,L1-dcache-loads:u,l1-dcache-loads,9272381.0,100.0,nan,,ok
533.3094179999999,127799.0,,cache-references:u,cache-references,8398241.0,90.0,nan,,ok
533.3094179999999,16173.0,,cache-misses:u,cache-misses,5912665.0,63.0,12.66,of all cache refs,ok
533.3094179999999,nan,,stalled-cycles-frontend:u,stalled-cycles-frontend,0.0,0.0,nan,,ok
543.734534,2024579.0,,instructions:u,instructions,2826816.0,28.0,0.57,insn per cycle,ok
543.734534,nan,,,,nan,nan,1.03,stalled cycles per insn,unknown
543.734534,3555912.0,,cycles:u,cycles,1071090.0,11.0,nan,,ok
543.734534,281043.0,,branches:u,branches,1369336.0,20.0,nan,,ok
543.734534,25487.0,,branch-misses:u,branch-misses,2552816.0,35.0,9.07,of all branches,ok
543.734534,1472995.0,,L1-dcache-loads:u,l1-dcache-loads,5105702.0,59.0,nan,,ok
543.734534,157135.0,,cache-references:u,cache-references,7550915.0,80.0,nan,,ok
543.734534,22744.0,,cache-misses:u,cache-misses,9306631.0,100.0,14.47,of all cache refs,ok
543.734534,2076379.0,,stalled-cycles-frontend:u,stalled-cycles-frontend,2758588.0,27.0,58.39,frontend cycles idle,ok
554.214629,1698670.0,,instructions:u,instructions,4838747.0,51.0,0.44,insn per cycle,ok
554.214629,nan,,,,nan,nan,0.94,stalled cycles per insn,unknown
554.214629,3833219.0,,cycles:u,cycles,1934680.0,20.0,nan,,ok
554.214629,371279.0,,branches:u,branches,1941823.0,20.0,nan,,ok
554.214629,26867.0,,branch-misses:u,branch-misses,1948720.0,20.0,7.24,of all branches,ok
554.214629,1450989.0,,L1-dcache-loads:u,l1-dcache-loads,1860186.0,20.0,nan,,ok
554.214629,144199.0,,cache-references:u,cache-references,4477756.0,58.0,nan,,ok
554.214629,17466.0,,cache-misses:u,cache-misses,7383280.0,97.0,12.11,of all cache refs,ok
554.214629,1601800.0,,stalled-cycles-frontend:u,stalled-cycles-frontend,4591612.0,50.0,41.79,frontend cycles idle,ok
564.6797260000001,2375042.0,,instructions:u,instructions,6436843.0,89.0,0.46,insn per cycle,ok
564.6797260000001,nan,,,,nan,nan,1.06,stalled cycles per insn,unknown
564.6797260000001,5218567.0,,cycles:u,cycles,9099814.0,94.0,nan,,ok
564.6797260000001,595155.0,,branches:u,branches,9870821.0,95.0,nan,,ok
564.6797260000001,36440.0,,branch-misses:u,branch-misses,9870426.0,95.0,6.12,of all branches,ok
564.6797260000001,1190333.0,,L1-dcache-loads:u,l1-dcache-loads,7587703.0,73.0,nan,,ok
564.6797260000001,142973.0,,cache-references:u,cache-references,3959288.0,39.0,nan,,ok
564.6797260000001,23597.0,,cache-misses:u,cache-misses,1260070.0,14.0,16.5,of all cache refs,ok
564.6797260000001,2521784.0,,stalled-cycles-frontend:u,stalled-cycles-frontend,2760916.0,41.0,48.32,frontend cycles idle,ok
575.165046,0.0,,instructions:u,instructions,15263.0,0.0,0.0,insn per cycle,ok
575.165046,3198405.0,,cycles:u,cycles,508395.0,6.0,nan,,ok
575.165046,504226.0,,branches:u,branches,3684661.0,65.0,nan,,ok
575.165046,26286.0,,branch-misses:u,branch-misses,6492387.0,87.0,5.21,of all branches,ok
575.165046,1197301.0,,L1-dcache-loads:u,l1-dcache-loads,9001250.0,98.0,nan,,ok
575.165046,146810.0,,cache-references:u,cache-references,10153774.0,100.0,nan,,ok
575.165046,22619.0,,cache-misses:u,cache-misses,9695378.0,95.0,15.41,of all cache refs,ok
575.165046,0.0,,stalled-cycles-frontend:u,stalled-cycles-frontend,15263.0,0.0,nan,,ok
585.588956,333846.0,,instructions:u,instructions,395992.0,6.0,nan,,ok
585.588956,nan,,,,nan,nan,2.65,stalled cycles per insn,unknown
585.588956,nan,,cycles:u,cycles,0.0,0.0,nan,,ok
585.588956,365517.0,,branches:u,branches,2852344.0,87.0,nan,,ok
585.588956,19032.0,,branch-misses:u,branch-misses,5067873.0,100.0,5.21,of all branches,ok
585.588956,903507.0,,L1-dcache-loads:u,l1-dcache-loads,6896657.0,100.0,nan,,ok
585.588956,140709.0,,cache-references:u,cache-references,9097201.0,100.0,nan,,ok
585.588956,22561.0,,cache-misses:u,cache-misses,9497682.0,100.0,16.03,of all cache refs,ok
585.588956,885325.0,,stalled-cycles-frontend:u,stalled-cycles-frontend,395992.0,4.0,nan,,ok
596.057048,2056050.0,,instructions:u,instructions,4868419.0,47.0,0.52,insn per cycle,ok
596.057048,nan,,,,nan,nan,0.91,stalled cycles per insn,unknown
596.057048,3979587.0,,cycles:u,cycles,2499837.0,25.0,nan,,ok
596.057048,308014.0,,branches:u,branches,2499837.0,34.0,nan,,ok
596.057048,28898.0,,branch-misses:u,branch-misses,3762755.0,47.0,9.38,of all branches,ok
596.057048,1642898.0,,L1-dcache-loads:u,l1-dcache-loads,3448616.0,39.0,nan,,ok
596.057048,170762.0,,cache-references:u,cache-references,5389601.0,58.0,nan,,ok
596.057048,20367.0,,cache-misses:u,cache-misses,7746929.0,89.0,11.93,of all cache refs,ok
596.057048,1866549.0,,stalled-cycles-frontend:u,stalled-cycles-frontend,4293278.0,44.0,46.9,frontend cycles idle,ok
606.504994,2230855.0,,instructions:u,instructions,3579460.0,51.0,0.44,insn per cycle,ok
606.504994,nan,,,,nan,nan,1.28,stalled cycles per insn,unknown
606.504994,5069198.0,,cycles:u,cycles,6125461.0,69.0,nan,,ok
606.504994,592825.0,,branches:u,branches,7812878.0,82.0,nan,,ok
606.504994,33477.0,,branch-misses:u,branch-misses,8635744.0,91.0,5.65,of all branches,ok
606.504994,1071968.0,,L1-dcache-loads:u,l1-dcache-loads,7992657.0,84.0,nan,,ok
606.504994,113723.0,,cache-references:u,cache-references,5892966.0,67.0,nan,,ok
606.504994,18304.0,,cache-misses:u,cache-misses,3354050.0,42.0,16.1,of all cache refs,ok
606.504994,2863264.0,,stalled-cycles-frontend:u,stalled-cycles-frontend,1472654.0,18.0,56.48,frontend cycles idle,ok
616.962327,0.0,,instructions:u,instructions,175374.0,2.0,0.0,insn per cycle,ok
616.962327,1876448.0,,cycles:u,cycles,138446.0,2.0,nan,,ok
616.962327,448900.0,,branches:u,branches,4072299.0,96.0,nan,,ok
616.962327,23364.0,,branch-misses:u,branch-misses,6210147.0,100.0,5.2,of all branches,ok
616.962327,1204360.0,,L1-dcache-loads:u,l1-dcache-loads,8267394.0,100.0,nan,,ok
616.962327,164541.0,,cache-references:u,cache-references,10242891.0,100.0,nan,,ok
616.962327,24377.0,,cache-misses:u,cache-misses,10279817.0,98.0,14.82,of all cache refs,ok
616.962327,0.0,,stalled-cycles-frontend:u,stalled-cycles-frontend,175374.0,1.0,nan,,ok
627.413481,1013240.0,,instructions:u,instructions,1730177.0,24.0,nan,,ok
627.413481,nan,,,,nan,nan,1.26,stalled cycles per insn,unknown
627.413481,nan,,cycles:u,cycles,0.0,0.0,nan,,ok
627.413481,321399.0,,branches:u,branches,67405.0,1.0,nan,,ok
627.413481,20278.0,,branch-misses:u,branch-misses,2397785.0,43.0,6.31,of all branches,ok
627.413481,1040020.0,,L1-dcache-loads:u,l1-dcache-loads,5094325.0,69.0,nan,,ok
627.413481,133895.0,,cache-references:u,cache-references,7509858.0,86.0,nan,,ok
627.413481,19706.0,,cache-misses:u,cache-misses,9260209.0,100.0,14.72,of all cache refs,ok
627.413481,1275907.0,,stalled-cycles-frontend:u,stalled-cycles-frontend,1765151.0,19.0,nan,,ok
637.865818,2603552.0,,instructions:u,instructions,7239585.0,95.0,0.51,insn per cycle,ok
637.865818,nan,,,,nan,nan,0.98,stalled cycles per insn,unknown
637.865818,5108275.0,,cycles:u,cycles,7100198.0,76.0,nan,,ok
637.865818,640528.0,,branches:u,branches,8127139.0,78.0,nan,,ok
637.865818,37092.0,,branch-misses:u,branch-misses,8240230.0,78.0,5.79,of all branches,ok
637.865818,895219.0,,L1-dcache-loads:u,l1-dcache-loads,4624358.0,47.0,nan,,ok
637.865818,135087.0,,cache-references:u,cache-references,3143583.0,34.0,nan,,ok
637.865818,23114.0,,cache-misses:u,cache-misses,3286436.0,36.0,17.11,of all cache refs,ok
637.865818,2538782.0,,stalled-cycles-frontend:u,stalled-cycles-frontend,5496287.0,63.0,49.7,frontend cycles idle,ok
648.385698,2160471.0,,instructions:u,instructions,3418258.0,60.0,0.52,insn per cycle,ok
648.385698,nan,,,,nan,nan,2.17,stalled cycles per insn,unknown
648.385698,4124974.0,,cycles:u,cycles,6052754.0,84.0,nan,,ok
648.385698,549878.0,,branches:u,branches,8988679.0,98.0,nan,,ok
648.385698,33598.0,,branch-misses:u,branch-misses,10136006.0,100.0,6.11,of all branches,ok
648.385698,995263.0,,L1-dcache-loads:u,l1-dcache-loads,9342434.0,92.0,nan,,ok
648.385698,113301.0,,cache-references:u,cache-references,6804955.0,67.0,nan,,ok
648.385698,16518.0,,cache-misses:u,cache-misses,4146710.0,40.0,14.58,of all cache refs,ok
648.385698,4696223.0,,stalled-cycles-frontend:u,stalled-cycles-frontend,755521.0,8.0,113.85,frontend cycles idle,ok
658.848608,0.0,,instructions:u,instructions,22381.0,0.0,0.0,insn per cycle,ok
658.848608,3646403.0,,cycles:u,cycles,180942.0,2.0,nan,,ok
658.848608,580565.0,,branches:u,branches,2379880.0,47.0,nan,,ok
658.848608,25858.0,,branch-misses:u,branch-misses,5096077.0,76.0,4.45,of all branches,ok
658.848608,1092861.0,,L1-dcache-loads:u,l1-dcache-loads,7535978.0,90.0,nan,,ok
658.848608,143728.0,,cache-references:u,cache-references,9364235.0,100.0,nan,,ok
658.848608,23473.0,,cache-misses:u,cache-misses,9205666.0,98.0,16.33,of all cache refs,ok
658.848608,0.0,,stalled-cycles-frontend:u,stalled-cycles-frontend,22381.0,0.0,nan,,ok
669.292988,2431955.0,,instructions:u,instructions,5888589.0,56.0,0.65,insn per cycle,ok
669.292988,nan,,,,nan,nan,1.0,stalled cycles per insn,unknown
669.292988,3763421.0,,cycles:u,cycles,1630734.0,16.0,nan,,ok
669.292988,346006.0,,branches:u,branches,1637858.0,16.0,nan,,ok
669.292988,41326.0,,branch-misses:u,branch-misses,2285122.0,23.0,11.94,of all branches,ok
669.292988,1706308.0,,L1-dcache-loads:u,l1-dcache-loads,2134781.0,25.0,nan,,ok
669.292988,102786.0,,cache-references:u,cache-references,4431368.0,76.0,nan,,ok
669.292988,23287.0,,cache-misses:u,cache-misses,8690151.0,96.0,22.66,of all cache refs,ok
669.292988,2442812.0,,stalled-cycles-frontend:u,stalled-cycles-frontend,5929604.0,57.0,64.91,frontend cycles idle,ok
679.762034,2378635.0,,instructions:u,instructions,7827907.0,100.0,0.59,insn per cycle,ok
679.762034,nan,,,,nan,nan,1.14,stalled cycles per insn,unknown
679.762034,4049936.0,,cycles:u,cycles,7078472.0,72.0,nan,,ok
679.762034,407631.0,,branches:u,branches,7424194.0,73.0,nan,,ok
679.762034,30610.0,,branch-misses:u,branch-misses,7423977.0,73.0,7.51,of all branches,ok
679.762034,926355.0,,L1-dcache-loads:u,l1-dcache-loads,4686514.0,46.0,nan,,ok
679.762034,135925.0,,cache-references:u,cache-references,2278789.0,22.0,nan,,ok
679.762034,31467.0,,cache-misses:u,cache-misses,3028005.0,29.0,23.15,of all cache refs,ok
679.762034,2723089.0,,stalled-cycles-frontend:u,stalled-cycles-frontend,5409248.0,55.0,67.24,frontend cycles idle,ok
690.248234,2257726.0,,instructions:u,instructions,2282951.0,36.0,0.51,insn per cycle,ok
690.248234,nan,,,,nan,nan,1.9,stalled cycles per insn,unknown
690.248234,4470098.0,,cycles:u,cycles,4835863.0,64.0,nan,,ok
690.248234,527275.0,,branches:u,branches,6792313.0,80.0,nan,,ok
690.248234,31068.0,,branch-misses:u,branch-misses,7920021.0,86.0,5.89,of all branches,ok
690.248234,909297.0,,L1-dcache-loads:u,l1-dcache-loads,8303802.0,90.0,nan,,ok
690.248234,118925.0,,cache-references:u,cache-references,6892647.0,75.0,nan,,ok
690.248234,16415.0,,cache-misses:u,cache-misses,4338941.0,49.0,13.8,of all cache refs,ok
690.248234,4294480.0,,stalled-cycles-frontend:u,stalled-cycles-frontend,607793.0,7.0,96.07,frontend cycles idle,ok
700.703285,nan,,instructions:u,instructions,0.0,0.0,nan,,ok
700.703285,4004417.0,,cycles:u,cycles,1496112.0,31.0,nan,,ok
700.703285,521310.0,,branches:u,branches,2917320.0,53.0,nan,,ok
700.703285,27858.0,,branch-misses:u,branch-misses,5308684.0,75.0,5.34,of all branches,ok
700.703285,1323512.0,,L1-dcache-loads:u,l1-dcache-loads,8809556.0,92.0,nan,,ok
700.703285,160259.0,,cache-references:u,cache-references,10291186.0,100.0,nan,,ok
700.703285,22161.0,,cache-misses:u,cache-misses,8794689.0,85.0,13.83,of all cache refs,ok
700.703285,nan,,stalled-cycles-frontend:u,stalled-cycles-frontend,0.0,0.0,nan,,ok
711.138968,1983396.0,,instructions:u,instructions,7337907.0,73.0,0.49,insn per cycle,ok
711.138968,nan,,,,nan,nan,0.96,stalled cycles per insn,unknown
711.138968,4076328.0,,cycles:u,cycles,4664871.0,46.0,nan,,ok
711.138968,432960.0,,branches:u,branches,4671775.0,46.0,nan,,ok
711.138968,32120.0,,branch-misses:u,branch-misses,4678398.0,46.0,7.42,of all branches,ok
711.138968,882462.0,,L1-dcache-loads:u,l1-dcache-loads,2374307.0,25.0,nan,,ok
711.138968,165450.0,,cache-references:u,cache-references,2747536.0,32.0,nan,,ok
711.138968,24044.0,,cache-misses:u,cache-misses,5386860.0,58.0,14.53,of all cache refs,ok
711.138968,1907447.0,,stalled-cycles-frontend:u,stalled-cycles-frontend,5336024.0,59.0,46.79,frontend cycles idle,ok
721.606044,2190022.0,,instructions:u,instructions,5591039.0,90.0,0.45,insn per cycle,ok
721.606044,nan,,,,nan,nan,1.04,stalled cycles per insn,unknown
721.606044,4887212.0,,cycles:u,cycles,7107325.0,80.0,nan,,ok
721.606044,646610.0,,branches:u,branches,7833047.0,82.0,nan,,ok
721.606044,34042.0,,branch-misses:u,branch-misses,7848027.0,82.0,5.26,of all branches,ok
721.606044,1115609.0,,L1-dcache-loads:u,l1-dcache-loads,6317117.0,66.0,nan,,ok
721.606044,127714.0,,cache-references:u,cache-references,3963433.0,41.0,nan,,ok
721.606044,20982.0,,cache-misses:u,cache-misses,2388836.0,27.0,16.43,of all cache refs,ok
721.606044,2285613.0,,stalled-cycles-frontend:u,stalled-cycles-frontend,3224329.0,45.0,46.77,frontend cycles idle,ok
732.089679,nan,,instructions:u,instructions,0.0,0.0,nan,,ok
732.089679,3679468.0,,cycles:u,cycles,2664649.0,58.0,nan,,ok
732.089679,465432.0,,branches:u,branches,5686495.0,86.0,nan,,ok
732.089679,27215.0,,branch-misses:u,branch-misses,8094368.0,99.0,5.85,of all branches,ok
732.089679,1194720.0,,L1-dcache-loads:u,l1-dcache-loads,10108087.0,100.0,nan,,ok
732.089679,142466.0,,cache-references:u,cache-references,10183223.0,100.0,nan,,ok
732.089679,18847.0,,cache-misses:u,cache-misses,7611788.0,74.0,13.23,of all cache refs,ok
732.089679,nan,,stalled-cycles-frontend:u,stalled-cycles-frontend,0.0,0.0,nan,,ok
742.515622,673991.0,,instructions:u,instructions,421629.0,8.0,nan,,ok
742.515622,nan,,,,nan,nan,2.17,stalled cycles per insn,unknown
742.515622,nan,,cycles:u,cycles,0.0,0.0,nan,,ok
742.515622,302104.0,,branches:u,branches,1731838.0,57.0,nan,,ok
742.515622,18515.0,,branch-misses:u,branch-misses,4407524.0,93.0,6.13,of all branches,ok
742.515622,1032136.0,,L1-dcache-loads:u,l1-dcache-loads,7457224.0,100.0,nan,,ok
742.515622,140895.0,,cache-references:u,cache-references,9099940.0,100.0,nan,,ok
742.515622,20720.0,,cache-misses:u,cache-misses,9521295.0,100.0,14.71,of all cache refs,ok
742.515622,1463214.0,,stalled-cycles-frontend:u,stalled-cycles-frontend,421629.0,4.0,nan,,ok
752.966797,2532845.0,,instructions:u,instructions,8357981.0,80.0,0.53,insn per cycle,ok
752.966797,nan,,,,nan,nan,0.97,stalled cycles per insn,unknown
752.966797,4812181.0,,cycles:u,cycles,5156691.0,49.0,nan,,ok
752.966797,540384.0,,branches:u,branches,5163611.0,49.0,nan,,ok
752.966797,31135.0,,branch-misses:u,branch-misses,5170465.0,49.0,5.76,of all branches,ok
752.966797,1836312.0,,L1-dcache-loads:u,l1-dcache-loads,2176017.0,22.0,nan,,ok
752.966797,171648.0,,cache-references:u,cache-references,1988134.0,27.0,nan,,ok
752.966797,22842.0,,cache-misses:u,cache-misses,5190312.0,71.0,13.31,of all cache refs,ok
752.966797,2449316.0,,stalled-cycles-frontend:u,stalled-cycles-frontend,6712016.0,69.0,50.9,frontend cycles idle,ok
763.4529100000001,1432740.0,,instructions:u,instructions,2460951.0,100.0,0.41,insn per cycle,ok
763.4529100000001,nan,,,,nan,nan,2.08,stalled cycles per insn,unknown
763.4529100000001,3503865.0,,cycles:u,cycles,5290783.0,100.0,nan,,ok
763.4529100000001,527290.0,,branches:u,branches,7779228.0,100.0,nan,,ok
763.4529100000001,35347.0,,branch-misses:u,branch-misses,9790292.0,100.0,6.7,of all branches,ok
763.4529100000001,1297002.0,,L1-dcache-loads:u,l1-dcache-loads,10022852.0,98.0,nan,,ok
763.4529100000001,125503.0,,cache-references:u,cache-references,7737314.0,75.0,nan,,ok
763.4529100000001,16005.0,,cache-misses:u,cache-misses,4907960.0,48.0,12.75,of all cache refs,ok
763.4529100000001,2982903.0,,stalled-cycles-frontend:u,stalled-cycles-frontend,177187.0,1.0,85.13,frontend cycles idle,ok
773.9191069999999,2121986.0,,instructions:u,instructions,2231967.0,56.0,0.59,insn per cycle,ok
773.9191069999999,3577634.0,,cycles:u,cycles,4288947.0,81.0,nan,,ok
773.9191069999999,663549.0,,branches:u,branches,8024624.0,100.0,nan,,ok
773.9191069999999,35599.0,,branch-misses:u,branch-misses,9374724.0,100.0,5.36,of all branches,ok
773.9191069999999,1369447.0,,L1-dcache-loads:u,l1-dcache-loads,9374739.0,100.0,nan,,ok
773.9191069999999,134411.0,,cache-references:u,cache-references,7180068.0,76.0,nan,,ok
773.9191069999999,17687.0,,cache-misses:u,cache-misses,5121766.0,54.0,13.16,of all cache refs,ok
773.9191069999999,nan,,stalled-cycles-frontend:u,stalled-cycles-frontend,0.0,0.0,nan,,ok
784.37239,0.0,,instructions:u,instructions,119462.0,1.0,nan,,ok
784.37239,nan,,cycles:u,cycles,0.0,0.0,nan,,ok
784.37239,560771.0,,branches:u,branches,2206311.0,49.0,nan,,ok
784.37239,22561.0,,branch-misses:u,branch-misses,5237721.0,81.0,4.02,of all branches,ok
784.37239,1029910.0,,L1-dcache-loads:u,l1-dcache-loads,7653384.0,95.0,nan,,ok
784.37239,144905.0,,cache-references:u,cache-references,10006901.0,100.0,nan,,ok
784.37239,22772.0,,cache-misses:u,cache-misses,10126051.0,100.0,15.72,of all cache refs,ok
784.37239,0.0,,stalled-cycles-frontend:u,stalled-cycles-frontend,119462.0,1.0,nan,,ok
794.789546,1718700.0,,instructions:u,instructions,3129307.0,33.0,0.4,insn per cycle,ok
794.789546,nan,,,,nan,nan,0.92,stalled cycles per insn,unknown
794.789546,4350571.0,,cycles:u,cycles,1571236.0,18.0,nan,,ok
794.789546,276594.0,,branches:u,branches,1571236.0,29.0,nan,,ok
794.789546,26329.0,,branch-misses:u,branch-misses,3250703.0,52.0,9.52,of all branches,ok
794.789546,1247393.0,,L1-dcache-loads:u,l1-dcache-loads,3877457.0,55.0,nan,,ok
794.789546,143053.0,,cache-references:u,cache-references,6248568.0,77.0,nan,,ok
794.789546,17921.0,,cache-misses:u,cache-misses,7806799.0,100.0,12.53,of all cache refs,ok
794.789546,1575220.0,,stalled-cycles-frontend:u,stalled-cycles-frontend,2556018.0,29.0,36.21,frontend cycles idle,ok
805.264058,2717753.0,,instructions:u,instructions,7202497.0,83.0,0.52,insn per cycle,ok
805.264058,nan,,,,nan,nan,0.9,stalled cycles per insn,unknown
805.264058,5203600.0,,cycles:u,cycles,7703411.0,81.0,nan,,ok
805.264058,629937.0,,branches:u,branches,8834891.0,84.0,nan,,ok
805.264058,34480.0,,branch-misses:u,branch-misses,8841842.0,84.0,5.47,of all branches,ok
805.264058,1151026.0,,L1-dcache-loads:u,l1-dcache-loads,5815097.0,55.0,nan,,ok
805.264058,134786.0,,cache-references:u,cache-references,3202887.0,33.0,nan,,ok
805.264058,17534.0,,cache-misses:u,cache-misses,2701517.0,34.0,13.01,of all cache refs,ok
805.264058,2452858.0,,stalled-cycles-frontend:u,stalled-cycles-frontend,4360136.0,49.0,47.14,frontend cycles idle,ok
815.731168,0.0,,instructions:u,instructions,44776.0,2.0,0.0,insn per cycle,ok
815.731168,2524994.0,,cycles:u,cycles,1838901.0,59.0,nan,,ok
815.731168,453783.0,,branches:u,branches,3954429.0,87.0,nan,,ok
815.731168,27615.0,,branch-misses:u,branch-misses,7211628.0,100.0,6.09,of all branches,ok
815.731168,1257686.0,,L1-dcache-loads:u,l1-dcache-loads,9618110.0,100.0,nan,,ok
815.731168,150802.0,,cache-references:u,cache-references,10143756.0,99.0,nan,,ok
815.731168,20835.0,,cache-misses:u,cache-misses,8350294.0,81.0,13.82,of all cache refs,ok
815.731168,nan,,stalled-cycles-frontend:u,stalled-cycles-frontend,0.0,0.0,nan,,ok
826.179113,1900875.0,,instructions:u,instructions,4651122.0,49.0,0.48,insn per cycle,ok
826.179113,nan,,,,nan,nan,0.98,stalled cycles per insn,unknown
826.179113,3951716.0,,cycles:u,cycles,2752232.0,29.0,nan,,ok
826.179113,418412.0,,branches:u,branches,2752232.0,29.0,nan,,ok
826.179113,37109.0,,branch-misses:u,branch-misses,3043997.0,32.0,8.87,of all branches,ok
826.179113,1197522.0,,L1-dcache-loads:u,l1-dcache-loads,2654146.0,30.0,nan,,ok
826.179113,147986.0,,cache-references:u,cache-references,4775000.0,61.0,nan,,ok
826.179113,23096.0,,cache-misses:u,cache-misses,6693352.0,78.0,15.61,of all cache refs,ok
826.179113,1854367.0,,stalled-cycles-frontend:u,stalled-cycles-frontend,3685687.0,43.0,46.93,frontend cycles idle,ok
836.640718,2371870.0,,instructions:u,instructions,9041764.0,90.0,0.49,insn per cycle,ok
836.640718,nan,,,,nan,nan,0.91,stalled cycles per insn,unknown
836.640718,4836768.0,,cycles:u,cycles,6491724.0,65.0,nan,,ok
836.640718,594106.0,,branches:u,branches,6499286.0,65.0,nan,,ok
836.640718,31959.0,,branch-misses:u,branch-misses,6506558.0,65.0,5.38,of all branches,ok
836.640718,734214.0,,L1-dcache-loads:u,l1-dcache-loads,2674234.0,26.0,nan,,ok
836.640718,198917.0,,cache-references:u,cache-references,966717.0,11.0,nan,,ok
836.640718,18801.0,,cache-misses:u,cache-misses,3461174.0,57.0,9.45,of all cache refs,ok
836.640718,2166546.0,,stalled-cycles-frontend:u,stalled-cycles-frontend,6781659.0,77.0,44.79,frontend cycles idle,ok
847.13116,2484552.0,,instructions:u,instructions,4144517.0,67.0,0.58,insn per cycle,ok
847.13116,nan,,,,nan,nan,1.26,stalled cycles per insn,unknown
847.13116,4292390.0,,cycles:u,cycles,6256317.0,85.0,nan,,ok
847.13116,595610.0,,branches:u,branches,9217580.0,98.0,nan,,ok
847.13116,33976.0,,branch-misses:u,branch-misses,9500464.0,100.0,5.7,of all branches,ok
847.13116,1068083.0,,L1-dcache-loads:u,l1-dcache-loads,8346949.0,87.0,nan,,ok
847.13116,112717.0,,cache-references:u,cache-references,5355947.0,56.0,nan,,ok
847.13116,16031.0,,cache-misses:u,cache-misses,3279315.0,34.0,14.22,of all cache refs,ok
847.13116,3136446.0,,stalled-cycles-frontend:u,stalled-cycles-frontend,1153599.0,13.0,73.07,frontend cycles idle,ok
857.597613,1476318.0,,instructions:u,instructions,883522.0,12.0,0.16,insn per cycle,ok
857.597613,nan,,,,nan,nan,1.37,stalled cycles per insn,unknown
857.597613,8975832.0,,cycles:u,cycles,621312.0,10.0,nan,,ok
857.597613,482684.0,,branches:u,branches,2030899.0,45.0,nan,,ok
857.597613,25448.0,,branch-misses:u,branch-misses,5368722.0,76.0,5.27,of all branches,ok
857.597613,1258995.0,,L1-dcache-loads:u,l1-dcache-loads,8144713.0,93.0,nan,,ok
857.597613,148960.0,,cache-references:u,cache-references,9515431.0,100.0,nan,,ok
857.597613,22389.0,,cache-misses:u,cache-misses,9778332.0,94.0,15.03,of all cache refs,ok
857.597613,2025613.0,,stalled-cycles-frontend:u,stalled-cycles-frontend,883522.0,9.0,22.57,frontend cycles idle,ok
868.0584150000001,2563870.0,,instructions:u,instructions,7808170.0,76.0,0.58,insn per cycle,ok
868.0584150000001,nan,,,,nan,nan,0.87,stalled cycles per insn,unknown
868.0584150000001,4413595.0,,cycles:u,cycles,4527290.0,44.0,nan,,ok
868.0584150000001,448941.0,,branches:u,branches,4534519.0,44.0,nan,,ok
868.0584150000001,33374.0,,branch-misses:u,branch-misses,4541391.0,44.0,7.43,of all branches,ok
868.0584150000001,865653.0,,L1-dcache-loads:u,l1-dcache-loads,1573972.0,15.0,nan,,ok
868.0584150000001,185091.0,,cache-references:u,cache-references,2396720.0,24.0,nan,,ok
868.0584150000001,19512.0,,cache-misses:u,cache-misses,5643120.0,72.0,10.54,of all cache refs,ok
868.0584150000001,2239606.0,,stalled-cycles-frontend:u,stalled-cycles-frontend,6368949.0,65.0,50.74,frontend cycles idle,ok
878.522784,3400898.0,,instructions:u,instructions,2584358.0,44.0,0.7,insn per cycle,ok
878.522784,nan,,,,nan,nan,1.27,stalled cycles per insn,unknown
878.522784,4852912.0,,cycles:u,cycles,5130224.0,70.0,nan,,ok
878.522784,556143.0,,branches:u,branches,7612080.0,93.0,nan,,ok
878.522784,30849.0,,branch-misses:u,branch-misses,9099446.0,100.0,5.55,of all branches,ok
878.522784,1060429.0,,L1-dcache-loads:u,l1-dcache-loads,8639239.0,93.0,nan,,ok
878.522784,108745.0,,cache-references:u,cache-references,6637726.0,71.0,nan,,ok
878.522784,14854.0,,cache-misses:u,cache-misses,4126547.0,46.0,13.66,of all cache refs,ok
878.522784,4327810.0,,stalled-cycles-frontend:u,stalled-cycles-frontend,581134.0,6.0,89.18,frontend cycles idle,ok
888.998972,1572725.0,,instructions:u,instructions,1301124.0,20.0,0.39,insn per cycle,ok
888.998972,nan,,,,nan,nan,1.47,stalled cycles per insn,unknown
888.998972,3989959.0,,cycles:u,cycles,617081.0,9.0,nan,,ok
888.998972,869041.0,,branches:u,branches,2280253.0,33.0,nan,,ok
888.998972,32842.0,,branch-misses:u,branch-misses,6035416.0,68.0,3.78,of all branches,ok
888.998972,1454356.0,,L1-dcache-loads:u,l1-dcache-loads,7775449.0,81.0,nan,,ok
888.998972,135762.0,,cache-references:u,cache-references,9032678.0,100.0,nan,,ok
888.998972,20747.0,,cache-misses:u,cache-misses,9716057.0,96.0,15.28,of all cache refs,ok
888.998972,2319667.0,,stalled-cycles-frontend:u,stalled-cycles-frontend,1301124.0,13.0,58.14,frontend cycles idle,ok
899.532042,2749086.0,,instructions:u,instructions,2230546.0,23.0,nan,,ok
899.532042,nan,,,,nan,nan,0.77,stalled cycles per insn,unknown
899.532042,0.0,,cycles:u,cycles,91470.0,1.0,nan,,ok
899.532042,0.0,,branches:u,branches,91470.0,1.0,nan,,ok
899.532042,19350.0,,branch-misses:u,branch-misses,2190858.0,35.0,nan,,ok
899.532042,832960.0,,L1-dcache-loads:u,l1-dcache-loads,4478109.0,63.0,nan,,ok
899.532042,105890.0,,cache-references:u,cache-references,7249915.0,92.0,nan,,ok
899.532042,19091.0,,cache-misses:u,cache-misses,9447155.0,100.0,18.03,of all cache refs,ok
899.532042,2107300.0,,stalled-cycles-frontend:u,stalled-cycles-frontend,2316361.0,24.0,nan,,ok
910.0017419999999,2186376.0,,instructions:u,instructions,7930078.0,100.0,0.46,insn per cycle,ok
910.0017419999999,nan,,,,nan,nan,1.29,stalled cycles per insn,unknown
910.0017419999999,4770092.0,,cycles:u,cycles,7951093.0,80.0,nan,,ok
910.0017419999999,501548.0,,branches:u,branches,8346108.0,80.0,nan,,ok
910.0017419999999,29120.0,,branch-misses:u,branch-misses,8353799.0,81.0,5.81,of all branches,ok
910.0017419999999,745587.0,,L1-dcache-loads:u,l1-dcache-loads,5102421.0,49.0,nan,,ok
910.0017419999999,146252.0,,cache-references:u,cache-references,2400566.0,23.0,nan,,ok
910.0017419999999,25551.0,,cache-misses:u,cache-misses,2283124.0,22.0,17.47,of all cache refs,ok
910.0017419999999,2831233.0,,stalled-cycles-frontend:u,stalled-cycles-frontend,5162244.0,52.0,59.35,frontend cycles idle,ok
920.504389,1396116.0,,instructions:u,instructions,379897.0,9.0,0.3,insn per cycle,ok
920.504389,4638204.0,,cycles:u,cycles,3969512.0,64.0,nan,,ok
920.504389,589149.0,,branches:u,branches,6641251.0,85.0,nan,,ok
920.504389,28532.0,,branch-misses:u,branch-misses,8556000.0,100.0,4.84,of all branches,ok
920.504389,1215215.0,,L1-dcache-loads:u,l1-dcache-loads,9555047.0,100.0,nan,,ok
920.504389,129558.0,,cache-references:u,cache-references,9519799.0,96.0,nan,,ok
920.504389,12757.0,,cache-misses:u,cache-misses,5968227.0,60.0,9.85,of all cache refs,ok
920.504389,nan,,stalled-cycles-frontend:u,stalled-cycles-frontend,0.0,0.0,nan,,ok
930.93467,1967983.0,,instructions:u,instructions,2087443.0,25.0,nan,,ok
930.93467,nan,,,,nan,nan,1.06,stalled cycles per insn,unknown
930.93467,0.0,,cycles:u,cycles,180687.0,2.0,nan,,ok
930.93467,35261.0,,branches:u,branches,366297.0,4.0,nan,,ok
930.93467,35893.0,,branch-misses:u,branch-misses,2003317.0,22.0,101.79,of all branches,ok
930.93467,1460420.0,,L1-dcache-loads:u,l1-dcache-loads,5710108.0,60.0,nan,,ok
930.93467,128125.0,,cache-references:u,cache-references,7463948.0,88.0,nan,,ok
930.93467,20796.0,,cache-misses:u,cache-misses,9391169.0,100.0,16.23,of all cache refs,ok
930.93467,2076564.0,,stalled-cycles-frontend:u,stalled-cycles-frontend,2121874.0,24.0,nan,,ok
941.416485,2363259.0,,instructions:u,instructions,7929458.0,93.0,0.48,insn per cycle,ok
941.416485,nan,,,,nan,nan,1.18,stalled cycles per insn,unknown
941.416485,4965868.0,,cycles:u,cycles,7217558.0,77.0,nan,,ok
941.416485,632629.0,,branches:u,branches,8201910.0,79.0,nan,,ok
941.416485,34113.0,,branch-misses:u,branch-misses,8301012.0,79.0,5.39,of all branches,ok
941.416485,797536.0,,L1-dcache-loads:u,l1-dcache-loads,3973504.0,39.0,nan,,ok
941.416485,158897.0,,cache-references:u,cache-references,2477259.0,26.0,nan,,ok
941.416485,22424.0,,cache-misses:u,cache-misses,3169819.0,42.0,14.11,of all cache refs,ok
941.416485,2785574.0,,stalled-cycles-frontend:u,stalled-cycles-frontend,5835169.0,60.0,56.09,frontend cycles idle,ok
951.883323,2406146.0,,instructions:u,instructions,2531482.0,48.0,0.48,insn per cycle,ok
951.883323,nan,,,,nan,nan,2.05,stalled cycles per insn,unknown
951.883323,4970550.0,,cycles:u,cycles,6191710.0,78.0,nan,,ok
951.883323,668992.0,,branches:u,branches,8931213.0,93.0,nan,,ok
951.883323,34958.0,,branch-misses:u,branch-misses,10050394.0,100.0,5.23,of all branches,ok
951.883323,1168038.0,,L1-dcache-loads:u,l1-dcache-loads,9482913.0,94.0,nan,,ok
951.883323,126112.0,,cache-references:u,cache-references,7555799.0,75.0,nan,,ok
951.883323,15316.0,,cache-misses:u,cache-misses,3894458.0,38.0,12.14,of all cache refs,ok
951.883323,4925419.0,,stalled-cycles-frontend:u,stalled-cycles-frontend,567957.0,6.0,99.09,frontend cycles idle,ok
962.3675619999999,1115211.0,,instructions:u,instructions,333699.0,6.0,0.25,insn per cycle,ok
962.3675619999999,nan,,,,nan,nan,1.58,stalled cycles per insn,unknown
962.3675619999999,4530987.0,,cycles:u,cycles,2033372.0,33.0,nan,,ok
962.3675619999999,733735.0,,branches:u,branches,3602941.0,52.0,nan,,ok
962.3675619999999,29990.0,,branch-misses:u,branch-misses,5817133.0,72.0,4.09,of all branches,ok
962.3675619999999,1254172.0,,L1-dcache-loads:u,l1-dcache-loads,8014618.0,85.0,nan,,ok
962.3675619999999,144461.0,,cache-references:u,cache-references,9131611.0,96.0,nan,,ok
962.3675619999999,18923.0,,cache-misses:u,cache-misses,7451984.0,78.0,13.1,of all cache refs,ok
962.3675619999999,1760865.0,,stalled-cycles-frontend:u,stalled-cycles-frontend,366939.0,4.0,38.86,frontend cycles idle,ok
972.830705,1924196.0,,instructions:u,instructions,4939689.0,48.0,0.48,insn per cycle,ok
972.830705,nan,,,,nan,nan,0.96,stalled cycles per insn,unknown
972.830705,4001037.0,,cycles:u,cycles,2911430.0,28.0,nan,,ok
972.830705,424065.0,,branches:u,branches,2911430.0,28.0,nan,,ok
972.830705,36483.0,,branch-misses:u,branch-misses,3360017.0,33.0,8.6,of all branches,ok
972.830705,1320973.0,,L1-dcache-loads:u,l1-dcache-loads,2954002.0,31.0,nan,,ok
972.830705,165788.0,,cache-references:u,cache-references,5476623.0,64.0,nan,,ok
972.830705,24626.0,,cache-misses:u,cache-misses,7486597.0,80.0,14.85,of all cache refs,ok
972.830705,1847609.0,,stalled-cycles-frontend:u,stalled-cycles-frontend,3940371.0,43.0,46.18,frontend cycles idle,ok
983.3094530000001,2344709.0,,instructions:u,instructions,7408235.0,97.0,0.5,insn per cycle,ok
983.3094530000001,nan,,,,nan,nan,1.14,stalled cycles per insn,unknown
983.3094530000001,4686814.0,,cycles:u,cycles,7015786.0,83.0,nan,,ok
983.3094530000001,628419.0,,branches:u,branches,8022965.0,85.0,nan,,ok
983.3094530000001,32376.0,,branch-misses:u,branch-misses,8116466.0,85.0,5.15,of all branches,ok
983.3094530000001,713341.0,,L1-dcache-loads:u,l1-dcache-loads,3921042.0,41.0,nan,,ok
983.3094530000001,104160.0,,cache-references:u,cache-references,2089427.0,23.0,nan,,ok
983.3094530000001,14867.0,,cache-misses:u,cache-misses,2481141.0,31.0,14.27,of all cache refs,ok
983.3094530000001,2662576.0,,stalled-cycles-frontend:u,stalled-cycles-frontend,5417766.0,61.0,56.81,frontend cycles idle,ok
993.775368,2339257.0,,instructions:u,instructions,991666.0,19.0,0.51,insn per cycle,ok
993.775368,4543834.0,,cycles:u,cycles,4084047.0,61.0,nan,,ok
993.775368,578788.0,,branches:u,branches,6637468.0,80.0,nan,,ok
993.775368,30547.0,,branch-misses:u,branch-misses,8280090.0,91.0,5.28,of all branches,ok
993.775368,1201772.0,,L1-dcache-loads:u,l1-dcache-loads,10035052.0,100.0,nan,,ok
993.775368,138387.0,,cache-references:u,cache-references,9141484.0,90.0,nan,,ok
993.775368,17917.0,,cache-misses:u,cache-misses,6048698.0,59.0,12.95,of all cache refs,ok
993.775368,nan,,stalled-cycles-frontend:u,stalled-cycles-frontend,0.0,0.0,nan,,ok
1004.227387,1071778.0,,instructions:u,instructions,1042359.0,18.0,0.13,insn per cycle,ok
1004.227387,nan,,,,nan,nan,1.59,stalled cycles per insn,unknown
1004.227387,7941798.0,,cycles:u,cycles,667816.0,11.0,nan,,ok
1004.227387,738394.0,,branches:u,branches,2030899.0,31.0,nan,,ok
1004.227387,35438.0,,branch-misses:u,branch-misses,5336983.0,65.0,4.8,of all branches,ok
1004.227387,1442446.0,,L1-dcache-loads:u,l1-dcache-loads,7286028.0,80.0,nan,,ok
1004.227387,139116.0,,cache-references:u,cache-references,8506626.0,100.0,nan,,ok
1004.227387,19687.0,,cache-misses:u,cache-misses,8873963.0,93.0,14.15,of all cache refs,ok
1004.227387,1702641.0,,stalled-cycles-frontend:u,stalled-cycles-frontend,1042359.0,12.0,21.44,frontend cycles idle,ok
1014.6700159999999,1770903.0,,instructions:u,instructions,4457305.0,52.0,0.51,insn per cycle,ok
1014.6700159999999,nan,,,,nan,nan,0.9,stalled cycles per insn,unknown
1014.6700159999999,3464949.0,,cycles:u,cycles,2868183.0,33.0,nan,,ok
1014.6700159999999,366048.0,,branches:u,branches,2868183.0,33.0,nan,,ok
1014.6700159999999,27641.0,,branch-misses:u,branch-misses,3019350.0,34.0,7.55,of all branches,ok
1014.6700159999999,980147.0,,L1-dcache-loads:u,l1-dcache-loads,2628476.0,33.0,nan,,ok
1014.6700159999999,124394.0,,cache-references:u,cache-references,4182593.0,59.0,nan,,ok
1014.6700159999999,22569.0,,cache-misses:u,cache-misses,5779022.0,76.0,18.14,of all cache refs,ok
1014.6700159999999,1587266.0,,stalled-cycles-frontend:u,stalled-cycles-frontend,3465707.0,46.0,45.81,frontend cycles idle,ok
1025.153564,2923714.0,,instructions:u,instructions,6472506.0,73.0,0.53,insn per cycle,ok
1025.153564,nan,,,,nan,nan,0.89,stalled cycles per insn,unknown
1025.153564,5568571.0,,cycles:u,cycles,6846220.0,71.0,nan,,ok
1025.153564,681141.0,,branches:u,branches,7730889.0,74.0,nan,,ok
1025.153564,35704.0,,branch-misses:u,branch-misses,7737580.0,74.0,5.24,of all branches,ok
1025.153564,1416191.0,,L1-dcache-loads:u,l1-dcache-loads,5396146.0,51.0,nan,,ok
1025.153564,136785.0,,cache-references:u,cache-references,3940676.0,39.0,nan,,ok
1025.153564,15667.0,,cache-misses:u,cache-misses,3566918.0,40.0,11.45,of all cache refs,ok
1025.153564,2605467.0,,stalled-cycles-frontend:u,stalled-cycles-frontend,3794161.0,41.0,46.79,frontend cycles idle,ok
1035.6209139999999,2882192.0,,instructions:u,instructions,1753761.0,28.0,0.55,insn per cycle,ok
1035.6209139999999,5288024.0,,cycles:u,cycles,3371625.0,48.0,nan,,ok
1035.6209139999999,620834.0,,branches:u,branches,6225209.0,72.0,nan,,ok
1035.6209139999999,35167.0,,branch-misses:u,branch-misses,8414944.0,84.0,5.66,of all branches,ok
1035.6209139999999,1312124.0,,L1-dcache-loads:u,l1-dcache-loads,9609934.0,94.0,nan,,ok
1035.6209139999999,136638.0,,cache-references:u,cache-references,8461954.0,82.0,nan,,ok
1035.6209139999999,18179.0,,cache-misses:u,cache-misses,6841802.0,66.0,13.3,of all cache refs,ok
1035.6209139999999,nan,,stalled-cycles-frontend:u,stalled-cycles-frontend,0.0,0.0,nan,,ok
1046.051135,1737272.0,,instructions:u,instructions,3056196.0,33.0,0.46,insn per cycle,ok
1046.051135,nan,,,,nan,nan,0.96,stalled cycles per insn,unknown
1046.051135,3802255.0,,cycles:u,cycles,1415325.0,17.0,nan,,ok
1046.051135,376029.0,,branches:u,branches,1758453.0,29.0,nan,,ok
1046.051135,24226.0,,branch-misses:u,branch-misses,3096761.0,47.0,6.44,of all branches,ok
1046.051135,1583031.0,,L1-dcache-loads:u,l1-dcache-loads,4787871.0,63.0,nan,,ok
1046.051135,149533.0,,cache-references:u,cache-references,6155970.0,77.0,nan,,ok
1046.051135,21238.0,,cache-misses:u,cache-misses,7798990.0,100.0,14.2,of all cache refs,ok
1046.051135,1659517.0,,stalled-cycles-frontend:u,stalled-cycles-frontend,2648856.0,30.0,43.65,frontend cycles idle,ok
1056.510112,2793888.0,,instructions:u,instructions,7841598.0,86.0,0.64,insn per cycle,ok
1056.510112,nan,,,,nan,nan,0.98,stalled cycles per insn,unknown
1056.510112,4348895.0,,cycles:u,cycles,4096442.0,40.0,nan,,ok
1056.510112,407271.0,,branches:u,branches,4301238.0,41.0,nan,,ok
1056.510112,28369.0,,branch-misses:u,branch-misses,4307625.0,41.0,6.97,of all branches,ok
1056.510112,779852.0,,L1-dcache-loads:u,l1-dcache-loads,1987722.0,21.0,nan,,ok
1056.510112,99192.0,,cache-references:u,cache-references,2414326.0,31.0,nan,,ok
1056.510112,23710.0,,cache-misses:u,cache-misses,6160195.0,65.0,23.9,of all cache refs,ok
1056.510112,2746706.0,,stalled-cycles-frontend:u,stalled-cycles-frontend,7075017.0,70.0,63.16,frontend cycles idle,ok
1066.974594,2812022.0,,instructions:u,instructions,5240909.0,65.0,0.57,insn per cycle,ok
1066.974594,nan,,,,nan,nan,0.91,stalled cycles per insn,unknown
1066.974594,4946014.0,,cycles:u,cycles,7183724.0,76.0,nan,,ok
1066.974594,587512.0,,branches:u,branches,8830690.0,86.0,nan,,ok
1066.974594,34166.0,,branch-misses:u,branch-misses,9786559.0,95.0,5.82,of all branches,ok
1066.974594,1186531.0,,L1-dcache-loads:u,l1-dcache-loads,8173862.0,79.0,nan,,ok
1066.974594,131209.0,,cache-references:u,cache-references,5043253.0,49.0,nan,,ok
1066.974594,22176.0,,cache-misses:u,cache-misses,3111938.0,32.0,16.9,of all cache refs,ok
1066.974594,2557900.0,,stalled-cycles-frontend:u,stalled-cycles-frontend,2042380.0,26.0,51.72,frontend cycles idle,ok
1077.49548,1661381.0,,instructions:u,instructions,407845.0,13.0,0.64,insn per cycle,ok
1077.49548,2586723.0,,cycles:u,cycles,1184643.0,37.0,nan,,ok
1077.49548,542744.0,,branches:u,branches,2910677.0,70.0,nan,,ok
1077.49548,21796.0,,branch-misses:u,branch-misses,5241866.0,91.0,4.02,of all branches,ok
1077.49548,1358509.0,,L1-dcache-loads:u,l1-dcache-loads,8611129.0,100.0,nan,,ok
1077.49548,146509.0,,cache-references:u,cache-references,9169856.0,95.0,nan,,ok
1077.49548,21244.0,,cache-misses:u,cache-misses,8386064.0,87.0,14.5,of all cache refs,ok
1077.49548,nan,,stalled-cycles-frontend:u,stalled-cycles-frontend,0.0,0.0,nan,,ok
1087.928859,1911687.0,,instructions:u,instructions,4663475.0,45.0,0.42,insn per cycle,ok
1087.928859,nan,,,,nan,nan,0.95,stalled cycles per insn,unknown
1087.928859,4529242.0,,cycles:u,cycles,2097489.0,20.0,nan,,ok
1087.928859,464555.0,,branches:u,branches,2097489.0,20.0,nan,,ok
1087.928859,34181.0,,branch-misses:u,branch-misses,2097489.0,20.0,7.36,of all branches,ok
1087.928859,1331285.0,,L1-dcache-loads:u,l1-dcache-loads,1931968.0,20.0,nan,,ok
1087.928859,140951.0,,cache-references:u,cache-references,5464769.0,66.0,nan,,ok
1087.928859,18208.0,,cache-misses:u,cache-misses,8045124.0,100.0,12.92,of all cache refs,ok
1087.928859,1817389.0,,stalled-cycles-frontend:u,stalled-cycles-frontend,4512391.0,45.0,40.13,frontend cycles idle,ok
1098.4095730000001,2667179.0,,instructions:u,instructions,5576903.0,71.0,0.56,insn per cycle,ok
1098.4095730000001,nan,,,,nan,nan,1.05,stalled cycles per insn,unknown
1098.4095730000001,4756666.0,,cycles:u,cycles,6830669.0,79.0,nan,,ok
1098.4095730000001,537021.0,,branches:u,branches,8438367.0,90.0,nan,,ok
1098.4095730000001,31786.0,,branch-misses:u,branch-misses,8827522.0,94.0,5.92,of all branches,ok
1098.4095730000001,1075987.0,,L1-dcache-loads:u,l1-dcache-loads,6523271.0,69.0,nan,,ok
1098.4095730000001,109694.0,,cache-references:u,cache-references,3824513.0,43.0,nan,,ok
1098.4095730000001,21508.0,,cache-misses:u,cache-misses,2550461.0,32.0,19.61,of all cache refs,ok
1098.4095730000001,2806945.0,,stalled-cycles-frontend:u,stalled-cycles-frontend,2837779.0,35.0,59.01,frontend cycles idle,ok
1108.875196,1220722.0,,instructions:u,instructions,1032216.0,16.0,0.24,insn per cycle,ok
1108.875196,nan,,,,nan,nan,1.75,stalled cycles per insn,unknown
1108.875196,5120105.0,,cycles:u,cycles,1790857.0,28.0,nan,,ok
1108.875196,550556.0,,branches:u,branches,3299259.0,68.0,nan,,ok
1108.875196,27517.0,,branch-misses:u,branch-misses,6913624.0,100.0,5.0,of all branches,ok
1108.875196,1304860.0,,L1-dcache-loads:u,l1-dcache-loads,8649812.0,100.0,nan,,ok
1108.875196,151446.0,,cache-references:u,cache-references,9421483.0,99.0,nan,,ok
1108.875196,20531.0,,cache-misses:u,cache-misses,8677211.0,82.0,13.56,of all cache refs,ok
1108.875196,2132487.0,,stalled-cycles-frontend:u,stalled-cycles-frontend,980387.0,10.0,41.65,frontend cycles idle,ok
1119.372173,2114350.0,,instructions:u,instructions,1952216.0,19.0,1.23,insn per cycle,ok
1119.372173,nan,,,,nan,nan,0.97,stalled cycles per insn,unknown
1119.372173,1723261.0,,cycles:u,cycles,253173.0,2.0,nan,,ok
1119.372173,77336.0,,branches:u,branches,253173.0,3.0,nan,,ok
1119.372173,34693.0,,branch-misses:u,branch-misses,2800011.0,35.0,44.86,of all branches,ok
1119.372173,1428383.0,,L1-dcache-loads:u,l1-dcache-loads,5411605.0,64.0,nan,,ok
1119.372173,123498.0,,cache-references:u,cache-references,8215619.0,97.0,nan,,ok
1119.372173,20572.0,,cache-misses:u,cache-misses,9920432.0,100.0,16.66,of all cache refs,ok
1119.372173,2049419.0,,stalled-cycles-frontend:u,stalled-cycles-frontend,1986090.0,19.0,118.93,frontend cycles idle,ok
1129.8291080000001,1863633.0,,instructions:u,instructions,6285652.0,68.0,0.45,insn per cycle,ok
1129.8291080000001,nan,,,,nan,nan,0.87,stalled cycles per insn,unknown
1129.8291080000001,4141015.0,,cycles:u,cycles,3831847.0,40.0,nan,,ok
1129.8291080000001,429997.0,,branches:u,branches,3839550.0,40.0,nan,,ok
1129.8291080000001,33662.0,,branch-misses:u,branch-misses,3847367.0,40.0,7.83,of all branches,ok
1129.8291080000001,874462.0,,L1-dcache-loads:u,l1-dcache-loads,1388627.0,16.0,nan,,ok
1129.8291080000001,166530.0,,cache-references:u,cache-references,3113694.0,39.0,nan,,ok
1129.8291080000001,21922.0,,cache-misses:u,cache-misses,5548717.0,67.0,13.16,of all cache refs,ok
1129.8291080000001,1622655.0,,stalled-cycles-frontend:u,stalled-cycles-frontend,5294187.0,65.0,39.18,frontend cycles idle,ok
1140.323193,2293536.0,,instructions:u,instructions,6527950.0,95.0,0.43,insn per cycle,ok
1140.323193,nan,,,,nan,nan,1.4,stalled cycles per insn,unknown
1140.323193,5280174.0,,cycles:u,cycles,8191472.0,96.0,nan,,ok
1140.323193,801216.0,,branches:u,branches,9837339.0,96.0,nan,,ok
1140.323193,35897.0,,branch-misses:u,branch-misses,9972224.0,96.0,4.48,of all branches,ok
1140.323193,1229458.0,,L1-dcache-loads:u,l1-dcache-loads,6793022.0,65.0,nan,,ok
1140.323193,142184.0,,cache-references:u,cache-references,3822055.0,39.0,nan,,ok
1140.323193,19839.0,,cache-misses:u,cache-misses,2120200.0,22.0,13.95,of all cache refs,ok
1140.323193,3202729.0,,stalled-cycles-frontend:u,stalled-cycles-frontend,3504987.0,39.0,60.66,frontend cycles idle,ok
1150.809573,nan,,instructions:u,instructions,0.0,0.0,nan,,ok
1150.809573,2607169.0,,cycles:u,cycles,2374307.0,66.0,nan,,ok
1150.809573,369289.0,,branches:u,branches,5677418.0,89.0,nan,,ok
1150.809573,27665.0,,branch-misses:u,branch-misses,7857802.0,100.0,7.49,of all branches,ok
1150.809573,1172839.0,,L1-dcache-loads:u,l1-dcache-loads,8857601.0,100.0,nan,,ok
1150.809573,138558.0,,cache-references:u,cache-references,9144454.0,100.0,nan,,ok
1150.809573,20016.0,,cache-misses:u,cache-misses,6807981.0,74.0,14.45,of all cache refs,ok
1150.809573,nan,,stalled-cycles-frontend:u,stalled-cycles-frontend,0.0,0.0,nan,,ok
1161.2705059999998,2147230.0,,instructions:u,instructions,3624205.0,34.0,0.45,insn per cycle,ok
1161.2705059999998,nan,,,,nan,nan,1.05,stalled cycles per insn,unknown
1161.2705059999998,4783975.0,,cycles:u,cycles,1718343.0,16.0,nan,,ok
1161.2705059999998,277513.0,,branches:u,branches,1725108.0,25.0,nan,,ok
1161.2705059999998,16929.0,,branch-misses:u,branch-misses,2947407.0,38.0,6.1,of all branches,ok
1161.2705059999998,1092325.0,,L1-dcache-loads:u,l1-dcache-loads,4704217.0,49.0,nan,,ok
1161.2705059999998,145497.0,,cache-references:u,cache-references,6801899.0,68.0,nan,,ok
1161.2705059999998,16571.0,,cache-misses:u,cache-misses,8708479.0,97.0,11.39,of all cache refs,ok
1161.2705059999998,2253726.0,,stalled-cycles-frontend:u,stalled-cycles-frontend,3188581.0,31.0,47.11,frontend cycles idle,ok
1171.737335,2613581.0,,instructions:u,instructions,6134574.0,80.0,0.53,insn per cycle,ok
1171.737335,nan,,,,nan,nan,1.21,stalled cycles per insn,unknown
1171.737335,4926056.0,,cycles:u,cycles,8027020.0,83.0,nan,,ok
1171.737335,572215.0,,branches:u,branches,9039502.0,89.0,nan,,ok
1171.737335,31023.0,,branch-misses:u,branch-misses,9039832.0,89.0,5.42,of all branches,ok
1171.737335,961227.0,,L1-dcache-loads:u,l1-dcache-loads,6706451.0,66.0,nan,,ok
1171.737335,121130.0,,cache-references:u,cache-references,3999512.0,39.0,nan,,ok
1171.737335,22628.0,,cache-misses:u,cache-misses,2105879.0,20.0,18.68,of all cache refs,ok
1171.737335,3159460.0,,stalled-cycles-frontend:u,stalled-cycles-frontend,3380172.0,35.0,64.14,frontend cycles idle,ok
1182.2314709999998,88100.0,,instructions:u,instructions,273202.0,5.0,0.02,insn per cycle,ok
1182.2314709999998,nan,,,,nan,nan,21.42,stalled cycles per insn,unknown
1182.2314709999998,4481851.0,,cycles:u,cycles,1737709.0,31.0,nan,,ok
1182.2314709999998,548451.0,,branches:u,branches,4493851.0,58.0,nan,,ok
1182.2314709999998,33987.0,,branch-misses:u,branch-misses,7285009.0,78.0,6.2,of all branches,ok
1182.2314709999998,1236254.0,,L1-dcache-loads:u,l1-dcache-loads,8423150.0,89.0,nan,,ok
1182.2314709999998,143996.0,,cache-references:u,cache-references,9133700.0,96.0,nan,,ok
1182.2314709999998,20791.0,,cache-misses:u,cache-misses,7689480.0,81.0,14.44,of all cache refs,ok
1182.2314709999998,1887221.0,,stalled-cycles-frontend:u,stalled-cycles-frontend,235642.0,2.0,42.11,frontend cycles idle,ok
1192.692842,3016371.0,,instructions:u,instructions,5022884.0,54.0,0.59,insn per cycle,ok
1192.692842,nan,,,,nan,nan,0.92,stalled cycles per insn,unknown
1192.692842,5069837.0,,cycles:u,cycles,3505847.0,36.0,nan,,ok
1192.692842,419258.0,,branches:u,branches,3726350.0,51.0,nan,,ok
1192.692842,23428.0,,branch-misses:u,branch-misses,3761278.0,52.0,5.59,of all branches,ok
1192.692842,1112241.0,,L1-dcache-loads:u,l1-dcache-loads,3745611.0,47.0,nan,,ok
1192.692842,138802.0,,cache-references:u,cache-references,5417334.0,61.0,nan,,ok
1192.692842,21199.0,,cache-misses:u,cache-misses,6915317.0,67.0,15.27,of all cache refs,ok
1192.692842,2766818.0,,stalled-cycles-frontend:u,stalled-cycles-frontend,4220948.0,41.0,54.57,frontend cycles idle,ok
1203.1843920000001,1563441.0,,instructions:u,instructions,2684578.0,49.0,0.34,insn per cycle,ok
1203.1843920000001,nan,,,,nan,nan,1.95,stalled cycles per insn,unknown
1203.1843920000001,4639616.0,,cycles:u,cycles,6613115.0,96.0,nan,,ok
1203.1843920000001,647446.0,,branches:u,branches,8462709.0,100.0,nan,,ok
1203.1843920000001,32490.0,,branch-misses:u,branch-misses,9261786.0,100.0,5.02,of all branches,ok
1203.1843920000001,1487789.0,,L1-dcache-loads:u,l1-dcache-loads,9075248.0,88.0,nan,,ok
1203.1843920000001,160993.0,,cache-references:u,cache-references,7737364.0,74.0,nan,,ok
1203.1843920000001,12963.0,,cache-misses:u,cache-misses,3806914.0,36.0,8.05,of all cache refs,ok
1203.1843920000001,3047415.0,,stalled-cycles-frontend:u,stalled-cycles-frontend,1181768.0,12.0,65.68,frontend cycles idle,ok
1213.6500210000002,516988.0,,instructions:u,instructions,444979.0,11.0,nan,,ok
1213.6500210000002,nan,,,,nan,nan,1.2,stalled cycles per insn,unknown
1213.6500210000002,nan,,cycles:u,cycles,0.0,0.0,nan,,ok
1213.6500210000002,422980.0,,branches:u,branches,2358484.0,43.0,nan,,ok
1213.6500210000002,30485.0,,branch-misses:u,branch-misses,5684452.0,69.0,7.21,of all branches,ok
1213.6500210000002,1249177.0,,L1-dcache-loads:u,l1-dcache-loads,7925388.0,84.0,nan,,ok
1213.6500210000002,140408.0,,cache-references:u,cache-references,8916208.0,95.0,nan,,ok
1213.6500210000002,17911.0,,cache-misses:u,cache-misses,9381629.0,100.0,12.76,of all cache refs,ok
1213.6500210000002,622723.0,,stalled-cycles-frontend:u,stalled-cycles-frontend,478846.0,5.0,nan,,ok
1224.112688,2468509.0,,instructions:u,instructions,6171600.0,59.0,0.57,insn per cycle,ok
1224.112688,nan,,,,nan,nan,0.98,stalled cycles per insn,unknown
1224.112688,4296909.0,,cycles:u,cycles,4645655.0,44.0,nan,,ok
1224.112688,404713.0,,branches:u,branches,4737972.0,45.0,nan,,ok
1224.112688,29128.0,,branch-misses:u,branch-misses,4744464.0,45.0,7.2,of all branches,ok
1224.112688,1333730.0,,L1-dcache-loads:u,l1-dcache-loads,3764154.0,38.0,nan,,ok
1224.112688,144339.0,,cache-references:u,cache-references,4218494.0,49.0,nan,,ok
1224.112688,20587.0,,cache-misses:u,cache-misses,5724271.0,66.0,14.26,of all cache refs,ok
1224.112688,2406862.0,,stalled-cycles-frontend:u,stalled-cycles-frontend,5102606.0,50.0,56.01,frontend cycles idle,ok
1234.581815,2136361.0,,instructions:u,instructions,3876210.0,72.0,0.46,insn per cycle,ok
1234.581815,nan,,,,nan,nan,1.29,stalled cycles per insn,unknown
1234.581815,4694194.0,,cycles:u,cycles,6400661.0,100.0,nan,,ok
1234.581815,710450.0,,branches:u,branches,7504014.0,100.0,nan,,ok
1234.581815,32719.0,,branch-misses:u,branch-misses,8327944.0,100.0,4.61,of all branches,ok
1234.581815,1319485.0,,L1-dcache-loads:u,l1-dcache-loads,7740194.0,82.0,nan,,ok
1234.581815,161839.0,,cache-references:u,cache-references,5649571.0,59.0,nan,,ok
1234.581815,15513.0,,cache-misses:u,cache-misses,3088821.0,35.0,9.59,of all cache refs,ok
1234.581815,2747144.0,,stalled-cycles-frontend:u,stalled-cycles-frontend,1586223.0,23.0,58.52,frontend cycles idle,ok
1245.052936,nan,,instructions:u,instructions,0.0,0.0,nan,,ok
1245.052936,3236813.0,,cycles:u,cycles,1090143.0,28.0,nan,,ok
1245.052936,447022.0,,branches:u,branches,3266143.0,60.0,nan,,ok
1245.052936,22770.0,,branch-misses:u,branch-misses,6129311.0,85.0,5.09,of all branches,ok
1245.052936,1218713.0,,L1-dcache-loads:u,l1-dcache-loads,8939673.0,99.0,nan,,ok
1245.052936,147183.0,,cache-references:u,cache-references,10320834.0,100.0,nan,,ok
1245.052936,17096.0,,cache-misses:u,cache-misses,9267284.0,89.0,11.62,of all cache refs,ok
1245.052936,nan,,stalled-cycles-frontend:u,stalled-cycles-frontend,0.0,0.0,nan,,ok
1255.4690690000002,2023643.0,,instructions:u,instructions,5340790.0,52.0,0.6,insn per cycle,ok
1255.4690690000002,nan,,,,nan,nan,1.05,stalled cycles per insn,unknown
1255.4690690000002,3393524.0,,cycles:u,cycles,2528569.0,25.0,nan,,ok
1255.4690690000002,343790.0,,branches:u,branches,2535313.0,25.0,nan,,ok
1255.4690690000002,33360.0,,branch-misses:u,branch-misses,3084917.0,30.0,9.7,of all branches,ok
1255.4690690000002,1429620.0,,L1-dcache-loads:u,l1-dcache-loads,2352893.0,26.0,nan,,ok
1255.4690690000002,112570.0,,cache-references:u,cache-references,4721866.0,67.0,nan,,ok
1255.4690690000002,21240.0,,cache-misses:u,cache-misses,7535573.0,85.0,18.87,of all cache refs,ok
1255.4690690000002,2123169.0,,stalled-cycles-frontend:u,stalled-cycles-frontend,4902865.0,48.0,62.57,frontend cycles idle,ok
1265.934321,2066729.0,,instructions:u,instructions,5921077.0,71.0,0.44,insn per cycle,ok
1265.934321,nan,,,,nan,nan,0.95,stalled cycles per insn,unknown
1265.934321,4713710.0,,cycles:u,cycles,6635972.0,70.0,nan,,ok
1265.934321,531792.0,,branches:u,branches,7558755.0,79.0,nan,,ok
1265.934321,32576.0,,branch-misses:u,branch-misses,7572603.0,79.0,6.13,of all branches,ok
1265.934321,913241.0,,L1-dcache-loads:u,l1-dcache-loads,5265445.0,55.0,nan,,ok
1265.934321,166462.0,,cache-references:u,cache-references,3582455.0,37.0,nan,,ok
1265.934321,22747.0,,cache-misses:u,cache-misses,2874270.0,34.0,13.66,of all cache refs,ok
1265.934321,1955376.0,,stalled-cycles-frontend:u,stalled-cycles-frontend,3651884.0,52.0,41.48,frontend cycles idle,ok
1276.438852,3436177.0,,instructions:u,instructions,3467380.0,60.0,0.64,insn per cycle,ok
1276.438852,nan,,,,nan,nan,1.01,stalled cycles per insn,unknown
1276.438852,5377177.0,,cycles:u,cycles,5960985.0,80.0,nan,,ok
1276.438852,846404.0,,branches:u,branches,9258970.0,95.0,nan,,ok
1276.438852,37096.0,,branch-misses:u,branch-misses,10372316.0,100.0,4.38,of all branches,ok
1276.438852,1330808.0,,L1-dcache-loads:u,l1-dcache-loads,8527031.0,82.0,nan,,ok
1276.438852,146992.0,,cache-references:u,cache-references,6930715.0,66.0,nan,,ok
1276.438852,11779.0,,cache-misses:u,cache-misses,4428830.0,42.0,8.01,of all cache refs,ok
1276.438852,3475672.0,,stalled-cycles-frontend:u,stalled-cycles-frontend,1815023.0,19.0,64.64,frontend cycles idle,ok
1286.901559,1917244.0,,instructions:u,instructions,1277599.0,16.0,2.67,insn per cycle,ok
1286.901559,nan,,,,nan,nan,1.08,stalled cycles per insn,unknown
1286.901559,718638.0,,cycles:u,cycles,277965.0,3.0,nan,,ok
1286.901559,52451.0,,branches:u,branches,482035.0,6.0,nan,,ok
1286.901559,33370.0,,branch-misses:u,branch-misses,3964754.0,46.0,63.62,of all branches,ok
1286.901559,1587760.0,,L1-dcache-loads:u,l1-dcache-loads,6293272.0,69.0,nan,,ok
1286.901559,133396.0,,cache-references:u,cache-references,8811394.0,100.0,nan,,ok
1286.901559,18499.0,,cache-misses:u,cache-misses,9811522.0,100.0,13.87,of all cache refs,ok
1286.901559,2078729.0,,stalled-cycles-frontend:u,stalled-cycles-frontend,1277599.0,13.0,289.26,frontend cycles idle,ok
1297.382334,2419097.0,,instructions:u,instructions,5042076.0,63.0,0.61,insn per cycle,ok
1297.382334,nan,,,,nan,nan,0.81,stalled cycles per insn,unknown
1297.382334,3974896.0,,cycles:u,cycles,4348825.0,50.0,nan,,ok
1297.382334,375847.0,,branches:u,branches,4355800.0,51.0,nan,,ok
1297.382334,28848.0,,branch-misses:u,branch-misses,4900263.0,58.0,7.68,of all branches,ok
1297.382334,3010677.0,,L1-dcache-loads:u,l1-dcache-loads,3828619.0,45.0,nan,,ok
1297.382334,284252.0,,cache-references:u,cache-references,3959498.0,46.0,nan,,ok
1297.382334,16600.0,,cache-misses:u,cache-misses,4653982.0,52.0,5.84,of all cache refs,ok
1297.382334,1947666.0,,stalled-cycles-frontend:u,stalled-cycles-frontend,3904445.0,54.0,49.0,frontend cycles idle,ok
1307.85119,1174453.0,,instructions:u,instructions,4161847.0,82.0,0.37,insn per cycle,ok
1307.85119,nan,,,,nan,nan,4.16,stalled cycles per insn,unknown
1307.85119,3158012.0,,cycles:u,cycles,6490180.0,100.0,nan,,ok
1307.85119,355644.0,,branches:u,branches,7795592.0,100.0,nan,,ok
1307.85119,29361.0,,branch-misses:u,branch-misses,8720229.0,100.0,8.26,of all branches,ok
1307.85119,978364.0,,L1-dcache-loads:u,l1-dcache-loads,8938141.0,95.0,nan,,ok
1307.85119,100091.0,,cache-references:u,cache-references,5215467.0,55.0,nan,,ok
1307.85119,19492.0,,cache-misses:u,cache-misses,2850880.0,30.0,19.47,of all cache refs,ok
1307.85119,4887579.0,,stalled-cycles-frontend:u,stalled-cycles-frontend,402685.0,4.0,154.77,frontend cycles idle,ok
1318.332926,527082.0,,instructions:u,instructions,429511.0,5.0,0.16,insn per cycle,ok
1318.332926,nan,,,,nan,nan,2.93,stalled cycles per insn,unknown
1318.332926,3379503.0,,cycles:u,cycles,896908.0,11.0,nan,,ok
1318.332926,230730.0,,branches:u,branches,3544333.0,60.0,nan,,ok
1318.332926,27451.0,,branch-misses:u,branch-misses,6564465.0,85.0,11.9,of all branches,ok
1318.332926,971908.0,,L1-dcache-loads:u,l1-dcache-loads,8690237.0,96.0,nan,,ok
1318.332926,124024.0,,cache-references:u,cache-references,10008395.0,100.0,nan,,ok
1318.332926,16505.0,,cache-misses:u,cache-misses,9576008.0,91.0,13.31,of all cache refs,ok
1318.332926,1545131.0,,stalled-cycles-frontend:u,stalled-cycles-frontend,429511.0,4.0,45.72,frontend cycles idle,ok
1328.8004170000002,3937866.0,,instructions:u,instructions,3461745.0,34.0,0.37,insn per cycle,ok
1328.8004170000002,nan,,,,nan,nan,0.46,stalled cycles per insn,unknown
1328.8004170000002,10708391.0,,cycles:u,cycles,3009351.0,29.0,nan,,ok
1328.8004170000002,748105.0,,branches:u,branches,5004661.0,49.0,nan,,ok
1328.8004170000002,18439.0,,branch-misses:u,branch-misses,6010045.0,59.0,2.46,of all branches,ok
1328.8004170000002,1867595.0,,L1-dcache-loads:u,l1-dcache-loads,6004800.0,59.0,nan,,ok
1328.8004170000002,152061.0,,cache-references:u,cache-references,6676374.0,65.0,nan,,ok
1328.8004170000002,27047.0,,cache-misses:u,cache-misses,7121666.0,70.0,17.79,of all cache refs,ok
1328.8004170000002,1798387.0,,stalled-cycles-frontend:u,stalled-cycles-frontend,2462789.0,24.0,16.79,frontend cycles idle,ok
1339.267652,2711859.0,,instructions:u,instructions,4835606.0,47.0,0.36,insn per cycle,ok
1339.267652,nan,,,,nan,nan,0.67,stalled cycles per insn,unknown
1339.267652,7479003.0,,cycles:u,cycles,4918867.0,47.0,nan,,ok
1339.267652,543035.0,,branches:u,branches,5931235.0,57.0,nan,,ok
1339.267652,25712.0,,branch-misses:u,branch-misses,7006891.0,67.0,4.73,of all branches,ok
1339.267652,1416197.0,,L1-dcache-loads:u,l1-dcache-loads,6445832.0,62.0,nan,,ok
1339.267652,169499.0,,cache-references:u,cache-references,5491320.0,53.0,nan,,ok
1339.267652,40737.0,,cache-misses:u,cache-misses,5370598.0,51.0,24.03,of all cache refs,ok
1339.267652,1827159.0,,stalled-cycles-frontend:u,stalled-cycles-frontend,2833756.0,27.0,24.43,frontend cycles idle,ok
1349.7509590000002,3455885.0,,instructions:u,instructions,3008611.0,28.0,0.58,insn per cycle,ok
1349.7509590000002,nan,,,,nan,nan,0.55,stalled cycles per insn,unknown
1349.7509590000002,5961652.0,,cycles:u,cycles,3763625.0,35.0,nan,,ok
1349.7509590000002,569220.0,,branches:u,branches,5748367.0,54.0,nan,,ok
1349.7509590000002,54284.0,,branch-misses:u,branch-misses,7451202.0,71.0,9.54,of all branches,ok
1349.7509590000002,627630.0,,L1-dcache-loads:u,l1-dcache-loads,7440706.0,71.0,nan,,ok
1349.7509590000002,82543.0,,cache-references:u,cache-references,7438528.0,71.0,nan,,ok
1349.7509590000002,319.0,,cache-misses:u,cache-misses,6729284.0,64.0,0.39,of all cache refs,ok
1349.7509590000002,1898784.0,,stalled-cycles-frontend:u,stalled-cycles-frontend,2005236.0,19.0,31.85,frontend cycles idle,ok
1360.28996,3099217.0,,instructions:u,instructions,3254951.0,30.0,0.49,insn per cycle,ok
1360.28996,nan,,,,nan,nan,0.6,stalled cycles per insn,unknown
1360.28996,6383294.0,,cycles:u,cycles,3003049.0,28.0,nan,,ok
1360.28996,562311.0,,branches:u,branches,4001987.0,37.0,nan,,ok
1360.28996,35955.0,,branch-misses:u,branch-misses,5276068.0,50.0,6.39,of all branches,ok
1360.28996,1939590.0,,L1-dcache-loads:u,l1-dcache-loads,6252988.0,59.0,nan,,ok
1360.28996,115958.0,,cache-references:u,cache-references,7255501.0,68.0,nan,,ok
1360.28996,10502.0,,cache-misses:u,cache-misses,7528526.0,71.0,9.06,of all cache refs,ok
1360.28996,1861160.0,,stalled-cycles-frontend:u,stalled-cycles-frontend,2292905.0,21.0,29.16,frontend cycles idle,ok
1370.7565370000002,9125196.0,,instructions:u,instructions,5466665.0,52.0,0.45,insn per cycle,ok
1370.7565370000002,nan,,,,nan,nan,0.61,stalled cycles per insn,unknown
1370.7565370000002,20435533.0,,cycles:u,cycles,4720369.0,45.0,nan,,ok
1370.7565370000002,1860105.0,,branches:u,branches,5729629.0,54.0,nan,,ok
1370.7565370000002,64047.0,,branch-misses:u,branch-misses,6737750.0,64.0,3.44,of all branches,ok
1370.7565370000002,6654767.0,,L1-dcache-loads:u,l1-dcache-loads,5761744.0,54.0,nan,,ok
1370.7565370000002,410315.0,,cache-references:u,cache-references,5009673.0,47.0,nan,,ok
1370.7565370000002,39811.0,,cache-misses:u,cache-misses,5735830.0,54.0,9.7,of all cache refs,ok
1370.7565370000002,5560618.0,,stalled-cycles-frontend:u,stalled-cycles-frontend,3709734.0,35.0,27.21,frontend cycles idle,ok
1381.252822,8031163.0,,instructions:u,instructions,5854813.0,43.0,0.46,insn per cycle,ok
1381.252822,nan,,,,nan,nan,1.25,stalled cycles per insn,unknown
1381.252822,17593315.0,,cycles:u,cycles,8100913.0,60.0,nan,,ok
1381.252822,1311078.0,,branches:u,branches,9386055.0,69.0,nan,,ok
1381.252822,91465.0,,branch-misses:u,branch-misses,10434099.0,76.0,6.98,of all branches,ok
1381.252822,4039386.0,,L1-dcache-loads:u,l1-dcache-loads,10544893.0,77.0,nan,,ok
1381.252822,752101.0,,cache-references:u,cache-references,7847836.0,57.0,nan,,ok
1381.252822,41132.0,,cache-misses:u,cache-misses,5459842.0,39.0,5.47,of all cache refs,ok
1381.252822,10069818.0,,stalled-cycles-frontend:u,stalled-cycles-frontend,2004271.0,14.0,57.24,frontend cycles idle,ok
1391.793695,19953327.0,,instructions:u,instructions,5902703.0,27.0,0.46,insn per cycle,ok
1391.793695,nan,,,,nan,nan,0.71,stalled cycles per insn,unknown
1391.793695,43130735.0,,cycles:u,cycles,5707304.0,26.0,nan,,ok
1391.793695,3250196.0,,branches:u,branches,9420780.0,44.0,nan,,ok
1391.793695,290667.0,,branch-misses:u,branch-misses,13448533.0,63.0,8.94,of all branches,ok
1391.793695,11554016.0,,L1-dcache-loads:u,l1-dcache-loads,13308661.0,63.0,nan,,ok
1391.793695,1593593.0,,cache-references:u,cache-references,15071480.0,71.0,nan,,ok
1391.793695,69014.0,,cache-misses:u,cache-misses,15409107.0,73.0,4.33,of all cache refs,ok
1391.793695,14153250.0,,stalled-cycles-frontend:u,stalled-cycles-frontend,4904972.0,23.0,32.81,frontend cycles idle,ok
1402.290899,9760458.0,,instructions:u,instructions,4944209.0,30.0,0.32,insn per cycle,ok
1402.290899,nan,,,,nan,nan,0.81,stalled cycles per insn,unknown
1402.290899,30824909.0,,cycles:u,cycles,5384303.0,33.0,nan,,ok
1402.290899,2513256.0,,branches:u,branches,8312427.0,51.0,nan,,ok
1402.290899,237481.0,,branch-misses:u,branch-misses,10646829.0,66.0,9.45,of all branches,ok
1402.290899,8518985.0,,L1-dcache-loads:u,l1-dcache-loads,10790412.0,67.0,nan,,ok
1402.290899,1410818.0,,cache-references:u,cache-references,11030247.0,68.0,nan,,ok
1402.290899,82512.0,,cache-misses:u,cache-misses,10618166.0,66.0,5.85,of all cache refs,ok
1402.290899,7886744.0,,stalled-cycles-frontend:u,stalled-cycles-frontend,3265229.0,20.0,25.59,frontend cycles idle,ok
1412.765446,14648567.0,,instructions:u,instructions,7450547.0,53.0,0.51,insn per cycle,ok
1412.765446,nan,,,,nan,nan,0.61,stalled cycles per insn,unknown
1412.765446,28585716.0,,cycles:u,cycles,5687601.0,40.0,nan,,ok
1412.765446,2748704.0,,branches:u,branches,6713557.0,47.0,nan,,ok
1412.765446,180117.0,,branch-misses:u,branch-misses,7739239.0,54.0,6.55,of all branches,ok
1412.765446,8350562.0,,L1-dcache-loads:u,l1-dcache-loads,6320357.0,44.0,nan,,ok
1412.765446,1221113.0,,cache-references:u,cache-references,6572714.0,46.0,nan,,ok
1412.765446,70502.0,,cache-misses:u,cache-misses,8326699.0,58.0,5.77,of all cache refs,ok
1412.765446,8999277.0,,stalled-cycles-frontend:u,stalled-cycles-frontend,5745628.0,40.0,31.48,frontend cycles idle,ok
1423.281765,13071749.0,,instructions:u,instructions,4887452.0,32.0,0.46,insn per cycle,ok
1423.281765,nan,,,,nan,nan,0.76,stalled cycles per insn,unknown
1423.281765,28603646.0,,cycles:u,cycles,6857389.0,46.0,nan,,ok
1423.281765,2601510.0,,branches:u,branches,10421694.0,70.0,nan,,ok
1423.281765,236264.0,,branch-misses:u,branch-misses,11884175.0,79.0,9.08,of all branches,ok
1423.281765,8116128.0,,L1-dcache-loads:u,l1-dcache-loads,11591139.0,77.0,nan,,ok
1423.281765,1341665.0,,cache-references:u,cache-references,10129638.0,67.0,nan,,ok
1423.281765,51429.0,,cache-misses:u,cache-misses,8158152.0,54.0,3.83,of all cache refs,ok
1423.281765,9996403.0,,stalled-cycles-frontend:u,stalled-cycles-frontend,2275545.0,15.0,34.95,frontend cycles idle,ok
1433.781439,7652388.0,,instructions:u,instructions,4291826.0,29.0,0.26,insn per cycle,ok
1433.781439,nan,,,,nan,nan,1.51,stalled cycles per insn,unknown
1433.781439,29045023.0,,cycles:u,cycles,4212149.0,29.0,nan,,ok
1433.781439,1631560.0,,branches:u,branches,5222440.0,35.0,nan,,ok
1433.781439,228320.0,,branch-misses:u,branch-misses,7593818.0,52.0,13.99,of all branches,ok
1433.781439,6594948.0,,L1-dcache-loads:u,l1-dcache-loads,8387943.0,57.0,nan,,ok
1433.781439,1373037.0,,cache-references:u,cache-references,10161720.0,70.0,nan,,ok
1433.781439,66117.0,,cache-misses:u,cache-misses,10233452.0,70.0,4.82,of all cache refs,ok
1433.781439,11571391.0,,stalled-cycles-frontend:u,stalled-cycles-frontend,3356651.0,23.0,39.84,frontend cycles idle,ok
1444.299712,11879263.0,,instructions:u,instructions,7950682.0,45.0,0.34,insn per cycle,ok
1444.299712,nan,,,,nan,nan,0.83,stalled cycles per insn,unknown
1444.299712,35312119.0,,cycles:u,cycles,6497964.0,37.0,nan,,ok
1444.299712,2423328.0,,branches:u,branches,8580535.0,49.0,nan,,ok
1444.299712,285217.0,,branch-misses:u,branch-misses,10597300.0,60.0,11.77,of all branches,ok
1444.299712,8907427.0,,L1-dcache-loads:u,l1-dcache-loads,9820623.0,56.0,nan,,ok
1444.299712,1549703.0,,cache-references:u,cache-references,9411228.0,53.0,nan,,ok
1444.299712,39108.0,,cache-misses:u,cache-misses,10872781.0,62.0,2.52,of all cache refs,ok
1444.299712,9899808.0,,stalled-cycles-frontend:u,stalled-cycles-frontend,5712624.0,32.0,28.04,frontend cycles idle,ok
1454.8103990000002,17494054.0,,instructions:u,instructions,8561698.0,40.0,0.41,insn per cycle,ok
1454.8103990000002,nan,,,,nan,nan,0.87,stalled cycles per insn,unknown
1454.8103990000002,42555454.0,,cycles:u,cycles,10147134.0,48.0,nan,,ok
1454.8103990000002,3533806.0,,branches:u,branches,12917059.0,61.0,nan,,ok
1454.8103990000002,353803.0,,branch-misses:u,branch-misses,14915522.0,70.0,10.01,of all branches,ok
1454.8103990000002,10961281.0,,L1-dcache-loads:u,l1-dcache-loads,14168158.0,67.0,nan,,ok
1454.8103990000002,1787562.0,,cache-references:u,cache-references,12664843.0,59.0,nan,,ok
1454.8103990000002,39051.0,,cache-misses:u,cache-misses,11011213.0,52.0,2.18,of all cache refs,ok
1454.8103990000002,15215367.0,,stalled-cycles-frontend:u,stalled-cycles-frontend,4886623.0,23.0,35.75,frontend cycles idle,ok
1465.334739,27629415.0,,instructions:u,instructions,5319901.0,23.0,0.58,insn per cycle,ok
1465.334739,nan,,,,nan,nan,0.55,stalled cycles per insn,unknown
1465.334739,47848329.0,,cycles:u,cycles,6661525.0,28.0,nan,,ok
1465.334739,5265319.0,,branches:u,branches,11322727.0,49.0,nan,,ok
1465.334739,478789.0,,branch-misses:u,branch-misses,15295474.0,66.0,9.09,of all branches,ok
1465.334739,16608112.0,,L1-dcache-loads:u,l1-dcache-loads,17755696.0,77.0,nan,,ok
1465.334739,1719874.0,,cache-references:u,cache-references,17682092.0,76.0,nan,,ok
1465.334739,56766.0,,cache-misses:u,cache-misses,16407232.0,71.0,3.3,of all cache refs,ok
1465.334739,15205532.0,,stalled-cycles-frontend:u,stalled-cycles-frontend,3318466.0,14.0,31.78,frontend cycles idle,ok
1475.814467,29504981.0,,instructions:u,instructions,13996020.0,52.0,0.51,insn per cycle,ok
1475.814467,nan,,,,nan,nan,0.63,stalled cycles per insn,unknown
1475.814467,57634422.0,,cycles:u,cycles,10838684.0,40.0,nan,,ok
1475.814467,6072442.0,,branches:u,branches,12889141.0,48.0,nan,,ok
1475.814467,529379.0,,branch-misses:u,branch-misses,14944640.0,55.0,8.72,of all branches,ok
1475.814467,17091420.0,,L1-dcache-loads:u,l1-dcache-loads,12271239.0,45.0,nan,,ok
1475.814467,2115159.0,,cache-references:u,cache-references,12626395.0,47.0,nan,,ok
1475.814467,83104.0,,cache-misses:u,cache-misses,15812614.0,58.0,3.93,of all cache refs,ok
1475.814467,18543588.0,,stalled-cycles-frontend:u,stalled-cycles-frontend,9959808.0,37.0,32.17,frontend cycles idle,ok
1486.359499,22535067.0,,instructions:u,instructions,9511455.0,39.0,0.49,insn per cycle,ok
1486.359499,nan,,,,nan,nan,0.72,stalled cycles per insn,unknown
1486.359499,46447211.0,,cycles:u,cycles,12542101.0,51.0,nan,,ok
1486.359499,5064320.0,,branches:u,branches,16192514.0,66.0,nan,,ok
1486.359499,419073.0,,branch-misses:u,branch-misses,18267527.0,75.0,8.28,of all branches,ok
1486.359499,16018821.0,,L1-dcache-loads:u,l1-dcache-loads,17953614.0,74.0,nan,,ok
1486.359499,1436612.0,,cache-references:u,cache-references,14967466.0,61.0,nan,,ok
1486.359499,77066.0,,cache-misses:u,cache-misses,11909014.0,49.0,5.36,of all cache refs,ok
1486.359499,16204423.0,,stalled-cycles-frontend:u,stalled-cycles-frontend,4254546.0,17.0,34.89,frontend cycles idle,ok
1496.872826,34338910.0,,instructions:u,instructions,7939482.0,31.0,0.64,insn per cycle,ok
1496.872826,nan,,,,nan,nan,0.4,stalled cycles per insn,unknown
1496.872826,53376006.0,,cycles:u,cycles,6930486.0,27.0,nan,,ok
1496.872826,6681163.0,,branches:u,branches,10195056.0,40.0,nan,,ok
1496.872826,403310.0,,branch-misses:u,branch-misses,15175089.0,60.0,6.04,of all branches,ok
1496.872826,17455406.0,,L1-dcache-loads:u,l1-dcache-loads,16054261.0,64.0,nan,,ok
1496.872826,1681921.0,,cache-references:u,cache-references,17046759.0,68.0,nan,,ok
1496.872826,77069.0,,cache-misses:u,cache-misses,18037897.0,72.0,4.58,of all cache refs,ok
1496.872826,13885558.0,,stalled-cycles-frontend:u,stalled-cycles-frontend,5937268.0,23.0,26.01,frontend cycles idle,ok
1507.365647,15832903.0,,instructions:u,instructions,5340308.0,35.0,0.51,insn per cycle,ok
1507.365647,nan,,,,nan,nan,0.57,stalled cycles per insn,unknown
1507.365647,31264374.0,,cycles:u,cycles,6279783.0,41.0,nan,,ok
1507.365647,3436218.0,,branches:u,branches,8227992.0,54.0,nan,,ok
1507.365647,267182.0,,branch-misses:u,branch-misses,9961224.0,65.0,7.78,of all branches,ok
1507.365647,9273396.0,,L1-dcache-loads:u,l1-dcache-loads,9672233.0,64.0,nan,,ok
1507.365647,1092026.0,,cache-references:u,cache-references,9705983.0,64.0,nan,,ok
1507.365647,68573.0,,cache-misses:u,cache-misses,8767801.0,58.0,6.28,of all cache refs,ok
1507.365647,8970756.0,,stalled-cycles-frontend:u,stalled-cycles-frontend,3434127.0,22.0,28.69,frontend cycles idle,ok
1517.8493689999998,18271439.0,,instructions:u,instructions,6378923.0,38.0,0.52,insn per cycle,ok
1517.8493689999998,nan,,,,nan,nan,0.68,stalled cycles per insn,unknown
1517.8493689999998,35335899.0,,cycles:u,cycles,6234700.0,37.0,nan,,ok
1517.8493689999998,3584496.0,,branches:u,branches,7954640.0,47.0,nan,,ok
1517.8493689999998,314007.0,,branch-misses:u,branch-misses,10021401.0,59.0,8.76,of all branches,ok
1517.8493689999998,10244086.0,,L1-dcache-loads:u,l1-dcache-loads,9827245.0,58.0,nan,,ok
1517.8493689999998,1329478.0,,cache-references:u,cache-references,10415481.0,62.0,nan,,ok
1517.8493689999998,90017.0,,cache-misses:u,cache-misses,10511446.0,62.0,6.77,of all cache refs,ok
1517.8493689999998,12418035.0,,stalled-cycles-frontend:u,stalled-cycles-frontend,4323601.0,25.0,35.14,frontend cycles idle,ok
1528.350048,19279347.0,,instructions:u,instructions,6094678.0,34.0,0.52,insn per cycle,ok
1528.350048,nan,,,,nan,nan,0.73,stalled cycles per insn,unknown
1528.350048,37378765.0,,cycles:u,cycles,6318841.0,35.0,nan,,ok
1528.350048,3888246.0,,branches:u,branches,9171493.0,51.0,nan,,ok
1528.350048,335654.0,,branch-misses:u,branch-misses,11525790.0,64.0,8.63,of all branches,ok
1528.350048,11322833.0,,L1-dcache-loads:u,l1-dcache-loads,10618288.0,59.0,nan,,ok
1528.350048,1492516.0,,cache-references:u,cache-references,11774406.0,65.0,nan,,ok
1528.350048,70267.0,,cache-misses:u,cache-misses,11608313.0,64.0,4.71,of all cache refs,ok
1528.350048,14018506.0,,stalled-cycles-frontend:u,stalled-cycles-frontend,4170889.0,23.0,37.5,frontend cycles idle,ok
1538.85191,14058949.0,,instructions:u,instructions,5535760.0,39.0,0.5,insn per cycle,ok
1538.85191,nan,,,,nan,nan,0.59,stalled cycles per insn,unknown
1538.85191,28380161.0,,cycles:u,cycles,4793372.0,34.0,nan,,ok
1538.85191,2344520.0,,branches:u,branches,5797447.0,41.0,nan,,ok
1538.85191,223255.0,,branch-misses:u,branch-misses,7440302.0,53.0,9.52,of all branches,ok
1538.85191,7297644.0,,L1-dcache-loads:u,l1-dcache-loads,7300187.0,52.0,nan,,ok
1538.85191,1274048.0,,cache-references:u,cache-references,8512058.0,60.0,nan,,ok
1538.85191,51498.0,,cache-misses:u,cache-misses,9204786.0,65.0,4.04,of all cache refs,ok
1538.85191,8362550.0,,stalled-cycles-frontend:u,stalled-cycles-frontend,4094443.0,29.0,29.47,frontend cycles idle,ok
1549.3747600000002,15429169.0,,instructions:u,instructions,6903190.0,38.0,0.41,insn per cycle,ok
1549.3747600000002,nan,,,,nan,nan,0.71,stalled cycles per insn,unknown
1549.3747600000002,37666723.0,,cycles:u,cycles,7908527.0,44.0,nan,,ok
1549.3747600000002,3598627.0,,branches:u,branches,11485946.0,64.0,nan,,ok
1549.3747600000002,332811.0,,branch-misses:u,branch-misses,13681726.0,76.0,9.25,of all branches,ok
1549.3747600000002,10550210.0,,L1-dcache-loads:u,l1-dcache-loads,12509765.0,70.0,nan,,ok
1549.3747600000002,1431273.0,,cache-references:u,cache-references,10856152.0,60.0,nan,,ok
1549.3747600000002,96285.0,,cache-misses:u,cache-misses,9890339.0,55.0,6.73,of all cache refs,ok
1549.3747600000002,11011685.0,,stalled-cycles-frontend:u,stalled-cycles-frontend,4174501.0,23.0,29.23,frontend cycles idle,ok
1559.860816,22475674.0,,instructions:u,instructions,6522791.0,33.0,0.55,insn per cycle,ok
1559.860816,nan,,,,nan,nan,0.55,stalled cycles per insn,unknown
1559.860816,40873155.0,,cycles:u,cycles,6499425.0,33.0,nan,,ok
1559.860816,4117263.0,,branches:u,branches,8815614.0,45.0,nan,,ok
1559.860816,374652.0,,branch-misses:u,branch-misses,12505974.0,64.0,9.1,of all branches,ok
1559.860816,12490071.0,,L1-dcache-loads:u,l1-dcache-loads,13465453.0,69.0,nan,,ok
1559.860816,1351090.0,,cache-references:u,cache-references,13007801.0,66.0,nan,,ok
1559.860816,92798.0,,cache-misses:u,cache-misses,13047906.0,66.0,6.87,of all cache refs,ok
1559.860816,12421188.0,,stalled-cycles-frontend:u,stalled-cycles-frontend,4004976.0,20.0,30.39,frontend cycles idle,ok
1570.376526,14531207.0,,instructions:u,instructions,5697366.0,35.0,0.45,insn per cycle,ok
1570.376526,nan,,,,nan,nan,0.8,stalled cycles per insn,unknown
1570.376526,32645759.0,,cycles:u,cycles,6016840.0,37.0,nan,,ok
1570.376526,3478240.0,,branches:u,branches,8153868.0,51.0,nan,,ok
1570.376526,279179.0,,branch-misses:u,branch-misses,10499383.0,66.0,8.03,of all branches,ok
1570.376526,10426317.0,,L1-dcache-loads:u,l1-dcache-loads,10838242.0,68.0,nan,,ok
1570.376526,1214771.0,,cache-references:u,cache-references,10172122.0,64.0,nan,,ok
1570.376526,78786.0,,cache-misses:u,cache-misses,9834675.0,62.0,6.49,of all cache refs,ok
1570.376526,11675541.0,,stalled-cycles-frontend:u,stalled-cycles-frontend,3465626.0,21.0,35.76,frontend cycles idle,ok
1580.856287,31998941.0,,instructions:u,instructions,8281746.0,45.0,0.91,insn per cycle,ok
1580.856287,nan,,,,nan,nan,0.23,stalled cycles per insn,unknown
1580.856287,35323811.0,,cycles:u,cycles,6506762.0,35.0,nan,,ok
1580.856287,5139604.0,,branches:u,branches,8386956.0,46.0,nan,,ok
1580.856287,246421.0,,branch-misses:u,branch-misses,10585363.0,58.0,4.79,of all branches,ok
1580.856287,12611978.0,,L1-dcache-loads:u,l1-dcache-loads,9726869.0,53.0,nan,,ok
1580.856287,840146.0,,cache-references:u,cache-references,9838453.0,53.0,nan,,ok
1580.856287,75384.0,,cache-misses:u,cache-misses,11643967.0,63.0,8.97,of all cache refs,ok
1580.856287,7427732.0,,stalled-cycles-frontend:u,stalled-cycles-frontend,5923604.0,32.0,21.03,frontend cycles idle,ok
1591.4035339999998,19614493.0,,instructions:u,instructions,6786213.0,32.0,0.46,insn per cycle,ok
1591.4035339999998,nan,,,,nan,nan,0.61,stalled cycles per insn,unknown
1591.4035339999998,42670260.0,,cycles:u,cycles,8529183.0,41.0,nan,,ok
1591.4035339999998,4315896.0,,branches:u,branches,12015293.0,57.0,nan,,ok
1591.4035339999998,325528.0,,branch-misses:u,branch-misses,14706375.0,70.0,7.54,of all branches,ok
1591.4035339999998,14859286.0,,L1-dcache-loads:u,l1-dcache-loads,15168859.0,73.0,nan,,ok
1591.4035339999998,1109002.0,,cache-references:u,cache-references,14070892.0,67.0,nan,,ok
1591.4035339999998,82811.0,,cache-misses:u,cache-misses,12315765.0,59.0,7.47,of all cache refs,ok
1591.4035339999998,11884637.0,,stalled-cycles-frontend:u,stalled-cycles-frontend,3515233.0,16.0,27.85,frontend cycles idle,ok
1601.9065480000002,18800067.0,,instructions:u,instructions,4527265.0,30.0,0.6,insn per cycle,ok
1601.9065480000002,nan,,,,nan,nan,0.56,stalled cycles per insn,unknown
1601.9065480000002,31573970.0,,cycles:u,cycles,3527870.0,23.0,nan,,ok
1601.9065480000002,3313845.0,,branches:u,branches,5144753.0,34.0,nan,,ok
1601.9065480000002,258076.0,,branch-misses:u,branch-misses,7727960.0,51.0,7.79,of all branches,ok
1601.9065480000002,8696851.0,,L1-dcache-loads:u,l1-dcache-loads,9035712.0,60.0,nan,,ok
1601.9065480000002,1068526.0,,cache-references:u,cache-references,10380347.0,69.0,nan,,ok
1601.9065480000002,60738.0,,cache-misses:u,cache-misses,11361513.0,76.0,5.68,of all cache refs,ok
1601.9065480000002,10588918.0,,stalled-cycles-frontend:u,stalled-cycles-frontend,3523090.0,23.0,33.54,frontend cycles idle,ok
1612.40245,21159750.0,,instructions:u,instructions,6424863.0,35.0,0.55,insn per cycle,ok
1612.40245,nan,,,,nan,nan,0.6,stalled cycles per insn,unknown
1612.40245,38268908.0,,cycles:u,cycles,6057083.0,33.0,nan,,ok
1612.40245,4380236.0,,branches:u,branches,7647909.0,41.0,nan,,ok
1612.40245,344838.0,,branch-misses:u,branch-misses,9642488.0,52.0,7.87,of all branches,ok
1612.40245,11282956.0,,L1-dcache-loads:u,l1-dcache-loads,10344256.0,56.0,nan,,ok
1612.40245,1312709.0,,cache-references:u,cache-references,11808851.0,64.0,nan,,ok
1612.40245,72573.0,,cache-misses:u,cache-misses,12233747.0,66.0,5.53,of all cache refs,ok
1612.40245,12592778.0,,stalled-cycles-frontend:u,stalled-cycles-frontend,4617105.0,25.0,32.91,frontend cycles idle,ok
1622.9013510000002,14561475.0,,instructions:u,instructions,6749148.0,46.0,0.48,insn per cycle,ok
1622.9013510000002,nan,,,,nan,nan,0.6,stalled cycles per insn,unknown
1622.9013510000002,30518610.0,,cycles:u,cycles,8333115.0,57.0,nan,,ok
1622.9013510000002,2937660.0,,branches:u,branches,10062766.0,69.0,nan,,ok
1622.9013510000002,263466.0,,branch-misses:u,branch-misses,11080639.0,76.0,8.97,of all branches,ok
1622.9013510000002,8032370.0,,L1-dcache-loads:u,l1-dcache-loads,9195671.0,63.0,nan,,ok
1622.9013510000002,1149638.0,,cache-references:u,cache-references,7927570.0,54.0,nan,,ok
1622.9013510000002,78471.0,,cache-misses:u,cache-misses,6236563.0,42.0,6.83,of all cache refs,ok
1622.9013510000002,8791884.0,,stalled-cycles-frontend:u,stalled-cycles-frontend,4085469.0,28.0,28.81,frontend cycles idle,ok
1633.428005,13844561.0,,instructions:u,instructions,3424007.0,24.0,0.52,insn per cycle,ok
1633.428005,nan,,,,nan,nan,0.6,stalled cycles per insn,unknown
1633.428005,26437436.0,,cycles:u,cycles,3191494.0,23.0,nan,,ok
1633.428005,3373645.0,,branches:u,branches,5290649.0,38.0,nan,,ok
1633.428005,225154.0,,branch-misses:u,branch-misses,7880662.0,57.0,6.67,of all branches,ok
1633.428005,8191466.0,,L1-dcache-loads:u,l1-dcache-loads,9155846.0,66.0,nan,,ok
1633.428005,1027784.0,,cache-references:u,cache-references,10312871.0,74.0,nan,,ok
1633.428005,83434.0,,cache-misses:u,cache-misses,10649894.0,77.0,8.12,of all cache refs,ok
1633.428005,8242432.0,,stalled-cycles-frontend:u,stalled-cycles-frontend,2464056.0,17.0,31.18,frontend cycles idle,ok
1643.922174,25627457.0,,instructions:u,instructions,6678036.0,37.0,0.68,insn per cycle,ok
1643.922174,nan,,,,nan,nan,0.37,stalled cycles per insn,unknown
1643.922174,37743128.0,,cycles:u,cycles,6007095.0,33.0,nan,,ok
1643.922174,5145401.0,,branches:u,branches,8002460.0,45.0,nan,,ok
1643.922174,341957.0,,branch-misses:u,branch-misses,9847813.0,55.0,6.65,of all branches,ok
1643.922174,13117775.0,,L1-dcache-loads:u,l1-dcache-loads,10421623.0,58.0,nan,,ok
1643.922174,1319427.0,,cache-references:u,cache-references,10997129.0,62.0,nan,,ok
1643.922174,77413.0,,cache-misses:u,cache-misses,11642203.0,65.0,5.87,of all cache refs,ok
1643.922174,9527790.0,,stalled-cycles-frontend:u,stalled-cycles-frontend,4659990.0,26.0,25.24,frontend cycles idle,ok
1654.414252,14504568.0,,instructions:u,instructions,5921916.0,51.0,0.64,insn per cycle,ok
1654.414252,nan,,,,nan,nan,0.49,stalled cycles per insn,unknown
1654.414252,22586226.0,,cycles:u,cycles,5385765.0,47.0,nan,,ok
1654.414252,2657909.0,,branches:u,branches,6394975.0,56.0,nan,,ok
1654.414252,135628.0,,branch-misses:u,branch-misses,7402794.0,64.0,5.1,of all branches,ok
1654.414252,6946796.0,,L1-dcache-loads:u,l1-dcache-loads,6406132.0,56.0,nan,,ok
1654.414252,761736.0,,cache-references:u,cache-references,5525358.0,48.0,nan,,ok
1654.414252,50642.0,,cache-misses:u,cache-misses,5985236.0,52.0,6.65,of all cache refs,ok
1654.414252,7057357.0,,stalled-cycles-frontend:u,stalled-cycles-frontend,3875012.0,33.0,31.25,frontend cycles idle,ok
1664.9005100000002,11529610.0,,instructions:u,instructions,5938293.0,41.0,0.39,insn per cycle,ok
1664.9005100000002,nan,,,,nan,nan,0.93,stalled cycles per insn,unknown
1664.9005100000002,29223499.0,,cycles:u,cycles,6498860.0,45.0,nan,,ok
1664.9005100000002,2916214.0,,branches:u,branches,8491651.0,59.0,nan,,ok
1664.9005100000002,219712.0,,branch-misses:u,branch-misses,10442928.0,72.0,7.53,of all branches,ok
1664.9005100000002,8010865.0,,L1-dcache-loads:u,l1-dcache-loads,9458560.0,65.0,nan,,ok
1664.9005100000002,1040926.0,,cache-references:u,cache-references,8473141.0,58.0,nan,,ok
1664.9005100000002,84962.0,,cache-misses:u,cache-misses,7915031.0,54.0,8.16,of all cache refs,ok
1664.9005100000002,10707498.0,,stalled-cycles-frontend:u,stalled-cycles-frontend,3938437.0,27.0,36.64,frontend cycles idle,ok
1675.426852,10426042.0,,instructions:u,instructions,3455685.0,27.0,0.44,insn per cycle,ok
1675.426852,nan,,,,nan,nan,0.75,stalled cycles per insn,unknown
1675.426852,23550667.0,,cycles:u,cycles,3130916.0,24.0,nan,,ok
1675.426852,3099177.0,,branches:u,branches,5116610.0,40.0,nan,,ok
1675.426852,217109.0,,branch-misses:u,branch-misses,6969304.0,55.0,7.01,of all branches,ok
1675.426852,7405863.0,,L1-dcache-loads:u,l1-dcache-loads,8011572.0,64.0,nan,,ok
1675.426852,962778.0,,cache-references:u,cache-references,8973127.0,72.0,nan,,ok
1675.426852,62299.0,,cache-misses:u,cache-misses,9372317.0,75.0,6.47,of all cache refs,ok
1675.426852,7836265.0,,stalled-cycles-frontend:u,stalled-cycles-frontend,2504082.0,20.0,33.27,frontend cycles idle,ok
1685.904021,9970385.0,,instructions:u,instructions,4858105.0,43.0,0.46,insn per cycle,ok
1685.904021,nan,,,,nan,nan,0.67,stalled cycles per insn,unknown
1685.904021,21842645.0,,cycles:u,cycles,4404130.0,38.0,nan,,ok
1685.904021,2312572.0,,branches:u,branches,5469092.0,48.0,nan,,ok
1685.904021,194803.0,,branch-misses:u,branch-misses,6469452.0,56.0,8.42,of all branches,ok
1685.904021,5819537.0,,L1-dcache-loads:u,l1-dcache-loads,6560989.0,57.0,nan,,ok
1685.904021,796230.0,,cache-references:u,cache-references,6727257.0,58.0,nan,,ok
1685.904021,92083.0,,cache-misses:u,cache-misses,7142220.0,61.0,11.56,of all cache refs,ok
1685.904021,6693094.0,,stalled-cycles-frontend:u,stalled-cycles-frontend,3658501.0,32.0,30.64,frontend cycles idle,ok
1696.3991540000002,0.0,,instructions:u,instructions,3464258.0,38.0,nan,,ok
1696.3991540000002,0.0,,cycles:u,cycles,3247627.0,35.0,nan,,ok
1696.3991540000002,0.0,,branches:u,branches,4434924.0,46.0,nan,,ok
1696.3991540000002,0.0,,branch-misses:u,branch-misses,5458786.0,57.0,nan,,ok
1696.3991540000002,68226.0,,L1-dcache-loads:u,l1-dcache-loads,5805894.0,59.0,nan,,ok
1696.3991540000002,7102.0,,cache-references:u,cache-references,6360628.0,65.0,nan,,ok
1696.3991540000002,3290.0,,cache-misses:u,cache-misses,6606740.0,68.0,46.32,of all cache refs,ok
1696.3991540000002,0.0,,stalled-cycles-frontend:u,stalled-cycles-frontend,2425473.0,26.0,nan,,ok
1706.827864,735579.0,,instructions:u,instructions,5317269.0,61.0,0.54,insn per cycle,ok
1706.827864,nan,,,,nan,nan,1.54,stalled cycles per insn,unknown
1706.827864,1371270.0,,cycles:u,cycles,3942727.0,42.0,nan,,ok
1706.827864,111354.0,,branches:u,branches,3942727.0,42.0,nan,,ok
1706.827864,16431.0,,branch-misses:u,branch-misses,4704011.0,49.0,14.76,of all branches,ok
1706.827864,1172210.0,,L1-dcache-loads:u,l1-dcache-loads,4216131.0,42.0,nan,,ok
1706.827864,161032.0,,cache-references:u,cache-references,4678521.0,47.0,nan,,ok
1706.827864,15876.0,,cache-misses:u,cache-misses,6030602.0,75.0,9.86,of all cache refs,ok
1706.827864,1132079.0,,stalled-cycles-frontend:u,stalled-cycles-frontend,4087260.0,53.0,82.56,frontend cycles idle,ok
1717.303813,6602614.0,,instructions:u,instructions,8270701.0,94.0,1.07,insn per cycle,ok
1717.303813,nan,,,,nan,nan,0.28,stalled cycles per insn,unknown
1717.303813,6162430.0,,cycles:u,cycles,6606579.0,75.0,nan,,ok
1717.303813,1277392.0,,branches:u,branches,6613958.0,75.0,nan,,ok
1717.303813,40215.0,,branch-misses:u,branch-misses,6621084.0,75.0,3.15,of all branches,ok
1717.303813,806693.0,,L1-dcache-loads:u,l1-dcache-loads,3789242.0,43.0,nan,,ok
1717.303813,97022.0,,cache-references:u,cache-references,518776.0,6.0,nan,,ok
1717.303813,9755.0,,cache-misses:u,cache-misses,2148509.0,34.0,10.05,of all cache refs,ok
1717.303813,1857746.0,,stalled-cycles-frontend:u,stalled-cycles-frontend,4780188.0,65.0,30.15,frontend cycles idle,ok
1727.770494,1258137.0,,instructions:u,instructions,1182593.0,25.0,0.5,insn per cycle,ok
1727.770494,2517745.0,,cycles:u,cycles,2611194.0,51.0,nan,,ok
1727.770494,214783.0,,branches:u,branches,4628589.0,87.0,nan,,ok
1727.770494,15068.0,,branch-misses:u,branch-misses,5290273.0,100.0,7.02,of all branches,ok
1727.770494,475531.0,,L1-dcache-loads:u,l1-dcache-loads,5290858.0,100.0,nan,,ok
1727.770494,62256.0,,cache-references:u,cache-references,4108932.0,77.0,nan,,ok
1727.770494,7293.0,,cache-misses:u,cache-misses,2714362.0,51.0,11.71,of all cache refs,ok
1727.770494,nan,,stalled-cycles-frontend:u,stalled-cycles-frontend,0.0,0.0,nan,,ok
1738.218713,nan,,instructions:u,instructions,0.0,0.0,nan,,ok
1738.218713,834506.0,,cycles:u,cycles,1679249.0,64.0,nan,,ok
1738.218713,124641.0,,branches:u,branches,3944759.0,95.0,nan,,ok
1738.218713,14940.0,,branch-misses:u,branch-misses,5768330.0,100.0,11.99,of all branches,ok
1738.218713,546964.0,,L1-dcache-loads:u,l1-dcache-loads,6898876.0,100.0,nan,,ok
1738.218713,82574.0,,cache-references:u,cache-references,6899367.0,100.0,nan,,ok
1738.218713,14145.0,,cache-misses:u,cache-misses,5220450.0,75.0,17.13,of all cache refs,ok
1738.218713,nan,,stalled-cycles-frontend:u,stalled-cycles-frontend,0.0,0.0,nan,,ok
1748.655284,1711338.0,,instructions:u,instructions,3880737.0,45.0,0.57,insn per cycle,ok
1748.655284,nan,,,,nan,nan,1.09,stalled cycles per insn,unknown
1748.655284,3022882.0,,cycles:u,cycles,1137946.0,13.0,nan,,ok
1748.655284,284191.0,,branches:u,branches,1145184.0,13.0,nan,,ok
1748.655284,12187.0,,branch-misses:u,branch-misses,2534764.0,27.0,4.29,of all branches,ok
1748.655284,761464.0,,L1-dcache-loads:u,l1-dcache-loads,4646326.0,45.0,nan,,ok
1748.655284,85427.0,,cache-references:u,cache-references,6373098.0,63.0,nan,,ok
1748.655284,14064.0,,cache-misses:u,cache-misses,9117424.0,93.0,16.46,of all cache refs,ok
1748.655284,1857040.0,,stalled-cycles-frontend:u,stalled-cycles-frontend,3739259.0,42.0,61.43,frontend cycles idle,ok
1759.146772,2583238.0,,instructions:u,instructions,6376915.0,80.0,0.7,insn per cycle,ok
1759.146772,nan,,,,nan,nan,0.78,stalled cycles per insn,unknown
1759.146772,3714904.0,,cycles:u,cycles,3824512.0,48.0,nan,,ok
1759.146772,377250.0,,branches:u,branches,3825381.0,48.0,nan,,ok
1759.146772,22710.0,,branch-misses:u,branch-misses,3827329.0,48.0,6.02,of all branches,ok
1759.146772,529175.0,,L1-dcache-loads:u,l1-dcache-loads,2225605.0,28.0,nan,,ok
1759.146772,106749.0,,cache-references:u,cache-references,1622020.0,22.0,nan,,ok
1759.146772,14522.0,,cache-misses:u,cache-misses,4101882.0,65.0,13.6,of all cache refs,ok
1759.146772,2010395.0,,stalled-cycles-frontend:u,stalled-cycles-frontend,4319663.0,56.0,54.12,frontend cycles idle,ok
1769.63998,189267.0,,instructions:u,instructions,1567866.0,21.0,0.08,insn per cycle,ok
1769.63998,2475259.0,,cycles:u,cycles,5474597.0,63.0,nan,,ok
1769.63998,200954.0,,branches:u,branches,8072012.0,86.0,nan,,ok
1769.63998,23592.0,,branch-misses:u,branch-misses,10065794.0,97.0,11.74,of all branches,ok
1769.63998,628802.0,,L1-dcache-loads:u,l1-dcache-loads,10889056.0,100.0,nan,,ok
1769.63998,106619.0,,cache-references:u,cache-references,9358894.0,85.0,nan,,ok
1769.63998,15307.0,,cache-misses:u,cache-misses,5516175.0,51.0,14.36,of all cache refs,ok
1769.63998,nan,,stalled-cycles-frontend:u,stalled-cycles-frontend,0.0,0.0,nan,,ok
1780.063028,58121.0,,instructions:u,instructions,573179.0,13.0,0.04,insn per cycle,ok
1780.063028,1475437.0,,cycles:u,cycles,2595110.0,51.0,nan,,ok
1780.063028,91730.0,,branches:u,branches,5220675.0,88.0,nan,,ok
1780.063028,9546.0,,branch-misses:u,branch-misses,5998926.0,100.0,10.41,of all branches,ok
1780.063028,242562.0,,L1-dcache-loads:u,l1-dcache-loads,6318173.0,100.0,nan,,ok
1780.063028,49220.0,,cache-references:u,cache-references,5744994.0,90.0,nan,,ok
1780.063028,7371.0,,cache-misses:u,cache-misses,3723063.0,68.0,14.98,of all cache refs,ok
1780.063028,nan,,stalled-cycles-frontend:u,stalled-cycles-frontend,0.0,0.0,nan,,ok
1790.480637,0.0,,instructions:u,instructions,68777.0,0.0,0.0,insn per cycle,ok
1790.480637,3723320.0,,cycles:u,cycles,1594694.0,17.0,nan,,ok
1790.480637,81214.0,,branches:u,branches,3586362.0,58.0,nan,,ok
1790.480637,12262.0,,branch-misses:u,branch-misses,5457728.0,75.0,15.1,of all branches,ok
1790.480637,532355.0,,L1-dcache-loads:u,l1-dcache-loads,7453294.0,90.0,nan,,ok
1790.480637,88484.0,,cache-references:u,cache-references,9564959.0,100.0,nan,,ok
1790.480637,10948.0,,cache-misses:u,cache-misses,8039042.0,83.0,12.37,of all cache refs,ok
1790.480637,0.0,,stalled-cycles-frontend:u,stalled-cycles-frontend,68777.0,0.0,nan,,ok
1800.898788,nan,,instructions:u,instructions,0.0,0.0,nan,,ok
1800.898788,2691567.0,,cycles:u,cycles,1119502.0,12.0,nan,,ok
1800.898788,90059.0,,branches:u,branches,3334539.0,34.0,nan,,ok
1800.898788,16558.0,,branch-misses:u,branch-misses,6995060.0,60.0,18.39,of all branches,ok
1800.898788,613448.0,,L1-dcache-loads:u,l1-dcache-loads,10932217.0,86.0,nan,,ok
1800.898788,117175.0,,cache-references:u,cache-references,12710362.0,100.0,nan,,ok
1800.898788,16128.0,,cache-misses:u,cache-misses,11611593.0,97.0,13.76,of all cache refs,ok
1800.898788,nan,,stalled-cycles-frontend:u,stalled-cycles-frontend,0.0,0.0,nan,,ok
1811.354993,3972113.0,,instructions:u,instructions,3621882.0,45.0,0.64,insn per cycle,ok
1811.354993,nan,,,,nan,nan,0.47,stalled cycles per insn,unknown
1811.354993,6251429.0,,cycles:u,cycles,3004353.0,37.0,nan,,ok
1811.354993,645052.0,,branches:u,branches,4007135.0,50.0,nan,,ok
1811.354993,22034.0,,branch-misses:u,branch-misses,5489484.0,69.0,3.42,of all branches,ok
1811.354993,1169880.0,,L1-dcache-loads:u,l1-dcache-loads,4823236.0,60.0,nan,,ok
1811.354993,115198.0,,cache-references:u,cache-references,4304536.0,54.0,nan,,ok
1811.354993,9899.0,,cache-misses:u,cache-misses,4929654.0,62.0,8.59,of all cache refs,ok
1811.354993,1854186.0,,stalled-cycles-frontend:u,stalled-cycles-frontend,2617186.0,32.0,29.66,frontend cycles idle,ok
1821.841712,1329918.0,,instructions:u,instructions,3750063.0,40.0,0.31,insn per cycle,ok
1821.841712,nan,,,,nan,nan,1.36,stalled cycles per insn,unknown
1821.841712,4325037.0,,cycles:u,cycles,821571.0,9.0,nan,,ok
1821.841712,226844.0,,branches:u,branches,829225.0,16.0,nan,,ok
1821.841712,20284.0,,branch-misses:u,branch-misses,1169396.0,23.0,8.94,of all branches,ok
1821.841712,493060.0,,L1-dcache-loads:u,l1-dcache-loads,2740585.0,43.0,nan,,ok
1821.841712,83008.0,,cache-references:u,cache-references,7105370.0,78.0,nan,,ok
1821.841712,14923.0,,cache-misses:u,cache-misses,10013246.0,92.0,17.98,of all cache refs,ok
1821.841712,1814936.0,,stalled-cycles-frontend:u,stalled-cycles-frontend,3791382.0,38.0,41.96,frontend cycles idle,ok
1832.330217,1204128.0,,instructions:u,instructions,9204919.0,64.0,0.2,insn per cycle,ok
1832.330217,nan,,,,nan,nan,2.41,stalled cycles per insn,unknown
1832.330217,6021631.0,,cycles:u,cycles,10138157.0,69.0,nan,,ok
1832.330217,867854.0,,branches:u,branches,12127687.0,83.0,nan,,ok
1832.330217,39437.0,,branch-misses:u,branch-misses,12724477.0,87.0,4.54,of all branches,ok
1832.330217,2241009.0,,L1-dcache-loads:u,l1-dcache-loads,9767747.0,67.0,nan,,ok
1832.330217,200627.0,,cache-references:u,cache-references,5324915.0,36.0,nan,,ok
1832.330217,16094.0,,cache-misses:u,cache-misses,4383971.0,30.0,8.02,of all cache refs,ok
1832.330217,2907698.0,,stalled-cycles-frontend:u,stalled-cycles-frontend,4720768.0,34.0,48.29,frontend cycles idle,ok
1842.7337989999999,70535.0,,instructions:u,instructions,1488001.0,40.0,0.06,insn per cycle,ok
1842.7337989999999,nan,,,,nan,nan,14.73,stalled cycles per insn,unknown
1842.7337989999999,1222332.0,,cycles:u,cycles,4598055.0,91.0,nan,,ok
1842.7337989999999,50939.0,,branches:u,branches,5030721.0,100.0,nan,,ok
1842.7337989999999,7766.0,,branch-misses:u,branch-misses,7174590.0,100.0,15.25,of all branches,ok
1842.7337989999999,305005.0,,L1-dcache-loads:u,l1-dcache-loads,6958363.0,96.0,nan,,ok
1842.7337989999999,38930.0,,cache-references:u,cache-references,5701748.0,86.0,nan,,ok
1842.7337989999999,7761.0,,cache-misses:u,cache-misses,2598543.0,48.0,19.94,of all cache refs,ok
1842.7337989999999,1039051.0,,stalled-cycles-frontend:u,stalled-cycles-frontend,223495.0,5.0,85.01,frontend cycles idle,ok
1853.2320550000002,nan,,instructions:u,instructions,0.0,0.0,nan,,ok
1853.2320550000002,3264471.0,,cycles:u,cycles,182183.0,3.0,nan,,ok
1853.2320550000002,652741.0,,branches:u,branches,2489841.0,39.0,nan,,ok
1853.2320550000002,22144.0,,branch-misses:u,branch-misses,4840564.0,64.0,3.39,of all branches,ok
1853.2320550000002,885994.0,,L1-dcache-loads:u,l1-dcache-loads,7005682.0,88.0,nan,,ok
1853.2320550000002,105966.0,,cache-references:u,cache-references,7869481.0,100.0,nan,,ok
1853.2320550000002,12687.0,,cache-misses:u,cache-misses,7680449.0,97.0,11.97,of all cache refs,ok
1853.2320550000002,nan,,stalled-cycles-frontend:u,stalled-cycles-frontend,0.0,0.0,nan,,ok
1855.551524,nan,,instructions:u,instructions,0.0,100.0,nan,,ok
1855.551524,nan,,cycles:u,cycles,0.0,100.0,nan,,ok
1855.551524,nan,,branches:u,branches,0.0,100.0,nan,,ok
1855.551524,434.0,,branch-misses:u,branch-misses,358319.0,100.0,nan,,ok
1855.551524,175205.0,,L1-dcache-loads:u,l1-dcache-loads,1379383.0,100.0,nan,,ok
1855.551524,12615.0,,cache-references:u,cache-references,1593802.0,100.0,nan,,ok
1855.551524,2771.0,,cache-misses:u,cache-misses,1593802.0,100.0,21.97,of all cache refs,ok
1855.551524,nan,,stalled-cycles-frontend:u,stalled-cycles-frontend,0.0,0.0,nan,,ok
