timestamp_ms,value,unit,event_name,event_name_normalized,runtime_ns,enabled_pct,metric_value,metric_unit,status
10.265273,32051.0,,instructions:u,instructions,715455.0,13.0,nan,,ok
10.265273,nan,,,,nan,nan,34.54,stalled cycles per insn,unknown
10.265273,0.0,,cycles:u,cycles,984437.0,18.0,nan,,ok
10.265273,48401.0,,branches:u,branches,1982362.0,38.0,nan,,ok
10.265273,5790.0,,branch-misses:u,branch-misses,2984341.0,56.0,11.96,of all branches,ok
10.265273,139151.0,,L1-dcache-loads:u,l1-dcache-loads,3982438.0,75.0,nan,,ok
10.265273,18552.0,,cache-references:u,cache-references,4448115.0,84.0,nan,,ok
10.265273,4317.0,,cache-misses:u,cache-misses,4329118.0,81.0,23.27,of all cache refs,ok
10.265273,1107198.0,,stalled-cycles-frontend:u,stalled-cycles-frontend,356092.0,6.0,nan,,ok
22.321153,252611.0,,instructions:u,instructions,4393830.0,66.0,0.12,insn per cycle,ok
22.321153,nan,,,,nan,nan,2.15,stalled cycles per insn,unknown
22.321153,2112997.0,,cycles:u,cycles,4580798.0,69.0,nan,,ok
22.321153,55557.0,,branches:u,branches,5574114.0,84.0,nan,,ok
22.321153,4679.0,,branch-misses:u,branch-misses,5815321.0,88.0,8.42,of all branches,ok
22.321153,132930.0,,L1-dcache-loads:u,l1-dcache-loads,4263891.0,64.0,nan,,ok
22.321153,22215.0,,cache-references:u,cache-references,2292943.0,34.0,nan,,ok
22.321153,211.0,,cache-misses:u,cache-misses,1980948.0,30.0,0.95,of all cache refs,ok
22.321153,544022.0,,stalled-cycles-frontend:u,stalled-cycles-frontend,2219119.0,33.0,25.75,frontend cycles idle,ok
34.907814,nan,,instructions:u,instructions,0.0,0.0,nan,,ok
34.907814,nan,,cycles:u,cycles,0.0,0.0,nan,,ok
34.907814,nan,,branches:u,branches,0.0,0.0,nan,,ok
34.907814,221.0,,branch-misses:u,branch-misses,761160.0,33.0,nan,,ok
34.907814,3829.0,,L1-dcache-loads:u,l1-dcache-loads,1735850.0,77.0,nan,,ok
34.907814,2233.0,,cache-references:u,cache-references,2217406.0,100.0,nan,,ok
34.907814,96.0,,cache-misses:u,cache-misses,2192448.0,100.0,4.3,of all cache refs,ok
34.907814,nan,,stalled-cycles-frontend:u,stalled-cycles-frontend,0.0,0.0,nan,,ok
45.545728000000004,nan,,instructions:u,instructions,0.0,0.0,nan,,ok
45.545728000000004,nan,,cycles:u,cycles,0.0,0.0,nan,,ok
45.545728000000004,474.0,,branches:u,branches,984407.0,66.0,nan,,ok
45.545728000000004,96.0,,branch-misses:u,branch-misses,1276332.0,85.0,20.25,of all branches,ok
45.545728000000004,2763.0,,L1-dcache-loads:u,l1-dcache-loads,1276332.0,85.0,nan,,ok
45.545728000000004,1167.0,,cache-references:u,cache-references,1487829.0,100.0,nan,,ok
45.545728000000004,457.0,,cache-misses:u,cache-misses,1487829.0,100.0,39.16,of all cache refs,ok
45.545728000000004,nan,,stalled-cycles-frontend:u,stalled-cycles-frontend,0.0,0.0,nan,,ok
56.717148,7266.0,,instructions:u,instructions,2996845.0,35.0,0.0,insn per cycle,ok
56.717148,nan,,,,nan,nan,160.29,stalled cycles per insn,unknown
56.717148,2656605.0,,cycles:u,cycles,2868557.0,34.0,nan,,ok
56.717148,1146.0,,branches:u,branches,3872742.0,46.0,nan,,ok
56.717148,849.0,,branch-misses:u,branch-misses,4869808.0,58.0,74.08,of all branches,ok
56.717148,77325.0,,L1-dcache-loads:u,l1-dcache-loads,5142238.0,61.0,nan,,ok
56.717148,20777.0,,cache-references:u,cache-references,5394399.0,64.0,nan,,ok
56.717148,1581.0,,cache-misses:u,cache-misses,5522687.0,65.0,7.61,of all cache refs,ok
56.717148,1164698.0,,stalled-cycles-frontend:u,stalled-cycles-frontend,2000955.0,23.0,43.84,frontend cycles idle,ok
68.003992,6976.0,,instructions:u,instructions,1017604.0,23.0,nan,,ok
68.003992,nan,,,,nan,nan,86.33,stalled cycles per insn,unknown
68.003992,0.0,,cycles:u,cycles,27782.0,0.0,nan,,ok
68.003992,0.0,,branches:u,branches,27782.0,0.0,nan,,ok
68.003992,243.0,,branch-misses:u,branch-misses,994619.0,23.0,nan,,ok
68.003992,16818.0,,L1-dcache-loads:u,l1-dcache-loads,1964742.0,46.0,nan,,ok
68.003992,4185.0,,cache-references:u,cache-references,3235743.0,76.0,nan,,ok
68.003992,547.0,,cache-misses:u,cache-misses,4225565.0,99.0,13.07,of all cache refs,ok
68.003992,602216.0,,stalled-cycles-frontend:u,stalled-cycles-frontend,1017604.0,23.0,nan,,ok
80.606132,4473.0,,instructions:u,instructions,3001172.0,69.0,0.0,insn per cycle,ok
80.606132,nan,,,,nan,nan,135.87,stalled cycles per insn,unknown
80.606132,1400641.0,,cycles:u,cycles,2019511.0,46.0,nan,,ok
80.606132,409.0,,branches:u,branches,2019511.0,46.0,nan,,ok
80.606132,202.0,,branch-misses:u,branch-misses,2019511.0,46.0,49.39,of all branches,ok
80.606132,15638.0,,L1-dcache-loads:u,l1-dcache-loads,1020503.0,23.0,nan,,ok
80.606132,8316.0,,cache-references:u,cache-references,1346104.0,30.0,nan,,ok
80.606132,737.0,,cache-misses:u,cache-misses,2327765.0,53.0,8.86,of all cache refs,ok
80.606132,607743.0,,stalled-cycles-frontend:u,stalled-cycles-frontend,2007114.0,46.0,43.39,frontend cycles idle,ok
93.204208,5434.0,,instructions:u,instructions,1913972.0,47.0,0.0,insn per cycle,ok
93.204208,nan,,,,nan,nan,111.05,stalled cycles per insn,unknown
93.204208,1433361.0,,cycles:u,cycles,3173860.0,78.0,nan,,ok
93.204208,628.0,,branches:u,branches,3417868.0,84.0,nan,,ok
93.204208,319.0,,branch-misses:u,branch-misses,3417868.0,84.0,50.8,of all branches,ok
93.204208,27858.0,,L1-dcache-loads:u,l1-dcache-loads,2448488.0,60.0,nan,,ok
93.204208,7982.0,,cache-references:u,cache-references,2136801.0,52.0,nan,,ok
93.204208,406.0,,cache-misses:u,cache-misses,876913.0,21.0,5.09,of all cache refs,ok
93.204208,603470.0,,stalled-cycles-frontend:u,stalled-cycles-frontend,969380.0,23.0,42.1,frontend cycles idle,ok
104.05147,17292.0,,instructions:u,instructions,3031418.0,35.0,0.01,insn per cycle,ok
104.05147,nan,,,,nan,nan,100.21,stalled cycles per insn,unknown
104.05147,3014385.0,,cycles:u,cycles,3062699.0,35.0,nan,,ok
104.05147,1262.0,,branches:u,branches,4105177.0,48.0,nan,,ok
104.05147,570.0,,branch-misses:u,branch-misses,5095799.0,59.0,45.17,of all branches,ok
104.05147,36488.0,,L1-dcache-loads:u,l1-dcache-loads,5086204.0,59.0,nan,,ok
104.05147,10345.0,,cache-references:u,cache-references,5489551.0,64.0,nan,,ok
104.05147,1172.0,,cache-misses:u,cache-misses,5458270.0,64.0,11.33,of all cache refs,ok
104.05147,1732875.0,,stalled-cycles-frontend:u,stalled-cycles-frontend,2026642.0,23.0,57.49,frontend cycles idle,ok
115.083083,19810.0,,instructions:u,instructions,609457.0,13.0,0.05,insn per cycle,ok
115.083083,nan,,,,nan,nan,20.91,stalled cycles per insn,unknown
115.083083,432179.0,,cycles:u,cycles,151831.0,3.0,nan,,ok
115.083083,2206.0,,branches:u,branches,1137683.0,24.0,nan,,ok
115.083083,355.0,,branch-misses:u,branch-misses,2127467.0,46.0,16.09,of all branches,ok
115.083083,14644.0,,L1-dcache-loads:u,l1-dcache-loads,2979185.0,64.0,nan,,ok
115.083083,4147.0,,cache-references:u,cache-references,3979553.0,86.0,nan,,ok
115.083083,499.0,,cache-misses:u,cache-misses,4437179.0,96.0,12.03,of all cache refs,ok
115.083083,414177.0,,stalled-cycles-frontend:u,stalled-cycles-frontend,609457.0,13.0,95.83,frontend cycles idle,ok
126.45752900000001,13116.0,,instructions:u,instructions,3566320.0,53.0,0.01,insn per cycle,ok
126.45752900000001,nan,,,,nan,nan,64.55,stalled cycles per insn,unknown
126.45752900000001,1530576.0,,cycles:u,cycles,2738809.0,41.0,nan,,ok
126.45752900000001,2346.0,,branches:u,branches,2771928.0,41.0,nan,,ok
126.45752900000001,578.0,,branch-misses:u,branch-misses,3734966.0,55.0,24.64,of all branches,ok
126.45752900000001,34877.0,,L1-dcache-loads:u,l1-dcache-loads,3409366.0,50.0,nan,,ok
126.45752900000001,12455.0,,cache-references:u,cache-references,3091713.0,45.0,nan,,ok
126.45752900000001,1305.0,,cache-misses:u,cache-misses,3919224.0,58.0,10.48,of all cache refs,ok
126.45752900000001,846694.0,,stalled-cycles-frontend:u,stalled-cycles-frontend,2320571.0,34.0,55.32,frontend cycles idle,ok
138.112584,25061.0,,instructions:u,instructions,3605190.0,34.0,0.01,insn per cycle,ok
138.112584,nan,,,,nan,nan,70.83,stalled cycles per insn,unknown
138.112584,3351922.0,,cycles:u,cycles,3555144.0,34.0,nan,,ok
138.112584,2829.0,,branches:u,branches,4520111.0,43.0,nan,,ok
138.112584,1115.0,,branch-misses:u,branch-misses,5479176.0,53.0,39.41,of all branches,ok
138.112584,85995.0,,L1-dcache-loads:u,l1-dcache-loads,6391897.0,62.0,nan,,ok
138.112584,22414.0,,cache-references:u,cache-references,6742080.0,65.0,nan,,ok
138.112584,2053.0,,cache-misses:u,cache-misses,6792126.0,66.0,9.16,of all cache refs,ok
138.112584,1775007.0,,stalled-cycles-frontend:u,stalled-cycles-frontend,1998452.0,19.0,52.95,frontend cycles idle,ok
149.999177,14413.0,,instructions:u,instructions,3920485.0,37.0,0.01,insn per cycle,ok
149.999177,nan,,,,nan,nan,115.48,stalled cycles per insn,unknown
149.999177,2474636.0,,cycles:u,cycles,3691898.0,35.0,nan,,ok
149.999177,2456.0,,branches:u,branches,4860817.0,46.0,nan,,ok
149.999177,936.0,,branch-misses:u,branch-misses,5860253.0,56.0,38.11,of all branches,ok
149.999177,84953.0,,L1-dcache-loads:u,l1-dcache-loads,5855433.0,56.0,nan,,ok
149.999177,30943.0,,cache-references:u,cache-references,6509276.0,62.0,nan,,ok
149.999177,2510.0,,cache-misses:u,cache-misses,6737863.0,64.0,8.11,of all cache refs,ok
149.999177,1664437.0,,stalled-cycles-frontend:u,stalled-cycles-frontend,2755615.0,26.0,67.26,frontend cycles idle,ok
160.95795800000002,26976.0,,instructions:u,instructions,3945523.0,25.0,0.01,insn per cycle,ok
160.95795800000002,nan,,,,nan,nan,79.99,stalled cycles per insn,unknown
160.95795800000002,3836019.0,,cycles:u,cycles,5297963.0,34.0,nan,,ok
160.95795800000002,3778.0,,branches:u,branches,7338496.0,47.0,nan,,ok
160.95795800000002,1533.0,,branch-misses:u,branch-misses,9333817.0,60.0,40.58,of all branches,ok
160.95795800000002,119990.0,,L1-dcache-loads:u,l1-dcache-loads,9805847.0,63.0,nan,,ok
160.95795800000002,37477.0,,cache-references:u,cache-references,11448705.0,74.0,nan,,ok
160.95795800000002,3073.0,,cache-misses:u,cache-misses,10096265.0,65.0,8.2,of all cache refs,ok
160.95795800000002,2157818.0,,stalled-cycles-frontend:u,stalled-cycles-frontend,2943127.0,19.0,56.25,frontend cycles idle,ok
172.897966,28985.0,,instructions:u,instructions,6611770.0,36.0,0.01,insn per cycle,ok
172.897966,nan,,,,nan,nan,67.95,stalled cycles per insn,unknown
172.897966,3379735.0,,cycles:u,cycles,5933914.0,32.0,nan,,ok
172.897966,2887.0,,branches:u,branches,8168679.0,45.0,nan,,ok
172.897966,1246.0,,branch-misses:u,branch-misses,10191792.0,56.0,43.16,of all branches,ok
172.897966,104002.0,,L1-dcache-loads:u,l1-dcache-loads,10493448.0,57.0,nan,,ok
172.897966,34298.0,,cache-references:u,cache-references,11520616.0,63.0,nan,,ok
172.897966,3005.0,,cache-misses:u,cache-misses,12260876.0,67.0,8.76,of all cache refs,ok
172.897966,1969639.0,,stalled-cycles-frontend:u,stalled-cycles-frontend,4608815.0,25.0,58.28,frontend cycles idle,ok
186.17592,12332.0,,instructions:u,instructions,5308449.0,33.0,0.0,insn per cycle,ok
186.17592,nan,,,,nan,nan,105.08,stalled cycles per insn,unknown
186.17592,2703888.0,,cycles:u,cycles,5996386.0,37.0,nan,,ok
186.17592,1439.0,,branches:u,branches,8124985.0,51.0,nan,,ok
186.17592,814.0,,branch-misses:u,branch-misses,10931050.0,69.0,56.57,of all branches,ok
186.17592,67395.0,,L1-dcache-loads:u,l1-dcache-loads,10919336.0,69.0,nan,,ok
186.17592,22518.0,,cache-references:u,cache-references,10458728.0,66.0,nan,,ok
186.17592,1662.0,,cache-misses:u,cache-misses,9736046.0,61.0,7.38,of all cache refs,ok
186.17592,1295861.0,,stalled-cycles-frontend:u,stalled-cycles-frontend,3307777.0,21.0,47.93,frontend cycles idle,ok
197.806241,19138.0,,instructions:u,instructions,8220726.0,38.0,0.0,insn per cycle,ok
197.806241,nan,,,,nan,nan,101.59,stalled cycles per insn,unknown
197.806241,3866282.0,,cycles:u,cycles,6543714.0,30.0,nan,,ok
197.806241,2743.0,,branches:u,branches,8542891.0,40.0,nan,,ok
197.806241,1293.0,,branch-misses:u,branch-misses,11455703.0,53.0,47.14,of all branches,ok
197.806241,111322.0,,L1-dcache-loads:u,l1-dcache-loads,11886605.0,55.0,nan,,ok
197.806241,32277.0,,cache-references:u,cache-references,12959559.0,60.0,nan,,ok
197.806241,2215.0,,cache-misses:u,cache-misses,14706456.0,69.0,6.86,of all cache refs,ok
197.806241,1944281.0,,stalled-cycles-frontend:u,stalled-cycles-frontend,6345663.0,29.0,50.29,frontend cycles idle,ok
208.806769,27064.0,,instructions:u,instructions,9490887.0,49.0,0.01,insn per cycle,ok
208.806769,nan,,,,nan,nan,92.75,stalled cycles per insn,unknown
208.806769,4400717.0,,cycles:u,cycles,10055508.0,52.0,nan,,ok
208.806769,3295.0,,branches:u,branches,12100816.0,62.0,nan,,ok
208.806769,1273.0,,branch-misses:u,branch-misses,13987668.0,72.0,38.63,of all branches,ok
208.806769,98658.0,,L1-dcache-loads:u,l1-dcache-loads,11666538.0,60.0,nan,,ok
208.806769,26071.0,,cache-references:u,cache-references,9864770.0,51.0,nan,,ok
208.806769,2032.0,,cache-misses:u,cache-misses,9173302.0,47.0,7.79,of all cache refs,ok
208.806769,2510158.0,,stalled-cycles-frontend:u,stalled-cycles-frontend,5542871.0,28.0,57.04,frontend cycles idle,ok
220.585167,22630.0,,instructions:u,instructions,3005115.0,26.0,0.01,insn per cycle,ok
220.585167,nan,,,,nan,nan,74.69,stalled cycles per insn,unknown
220.585167,3268359.0,,cycles:u,cycles,3791213.0,33.0,nan,,ok
220.585167,2797.0,,branches:u,branches,5727598.0,50.0,nan,,ok
220.585167,1010.0,,branch-misses:u,branch-misses,7202929.0,63.0,36.11,of all branches,ok
220.585167,88866.0,,L1-dcache-loads:u,l1-dcache-loads,8189697.0,72.0,nan,,ok
220.585167,30160.0,,cache-references:u,cache-references,8198770.0,73.0,nan,,ok
220.585167,2644.0,,cache-misses:u,cache-misses,7441975.0,66.0,8.77,of all cache refs,ok
220.585167,1690142.0,,stalled-cycles-frontend:u,stalled-cycles-frontend,2003180.0,17.0,51.71,frontend cycles idle,ok
231.53074,10551.0,,instructions:u,instructions,2996416.0,30.0,0.0,insn per cycle,ok
231.53074,nan,,,,nan,nan,143.09,stalled cycles per insn,unknown
231.53074,3014476.0,,cycles:u,cycles,3561749.0,35.0,nan,,ok
231.53074,2545.0,,branches:u,branches,4561014.0,45.0,nan,,ok
231.53074,913.0,,branch-misses:u,branch-misses,5651281.0,56.0,35.87,of all branches,ok
231.53074,69721.0,,L1-dcache-loads:u,l1-dcache-loads,6654838.0,67.0,nan,,ok
231.53074,18297.0,,cache-references:u,cache-references,6933691.0,69.0,nan,,ok
231.53074,1344.0,,cache-misses:u,cache-misses,6368358.0,64.0,7.35,of all cache refs,ok
231.53074,1509739.0,,stalled-cycles-frontend:u,stalled-cycles-frontend,2003978.0,20.0,50.08,frontend cycles idle,ok
243.279224,19951.0,,instructions:u,instructions,7042181.0,49.0,0.01,insn per cycle,ok
243.279224,nan,,,,nan,nan,105.23,stalled cycles per insn,unknown
243.279224,3055563.0,,cycles:u,cycles,5730173.0,39.0,nan,,ok
243.279224,2091.0,,branches:u,branches,7132856.0,49.0,nan,,ok
243.279224,630.0,,branch-misses:u,branch-misses,8132383.0,56.0,30.13,of all branches,ok
243.279224,50478.0,,L1-dcache-loads:u,l1-dcache-loads,7080787.0,49.0,nan,,ok
243.279224,24310.0,,cache-references:u,cache-references,7316998.0,50.0,nan,,ok
243.279224,2532.0,,cache-misses:u,cache-misses,8629006.0,60.0,10.42,of all cache refs,ok
243.279224,2099447.0,,stalled-cycles-frontend:u,stalled-cycles-frontend,5051049.0,35.0,68.71,frontend cycles idle,ok
254.154047,27087.0,,instructions:u,instructions,7051094.0,30.0,0.01,insn per cycle,ok
254.154047,nan,,,,nan,nan,80.57,stalled cycles per insn,unknown
254.154047,4096054.0,,cycles:u,cycles,8374945.0,35.0,nan,,ok
254.154047,2770.0,,branches:u,branches,12380031.0,52.0,nan,,ok
254.154047,1189.0,,branch-misses:u,branch-misses,15434118.0,65.0,42.92,of all branches,ok
254.154047,101616.0,,L1-dcache-loads:u,l1-dcache-loads,16429460.0,69.0,nan,,ok
254.154047,31575.0,,cache-references:u,cache-references,16470904.0,70.0,nan,,ok
254.154047,2598.0,,cache-misses:u,cache-misses,15169991.0,64.0,8.23,of all cache refs,ok
254.154047,2182516.0,,stalled-cycles-frontend:u,stalled-cycles-frontend,4064082.0,17.0,53.28,frontend cycles idle,ok
265.444839,22584.0,,instructions:u,instructions,6350148.0,29.0,0.01,insn per cycle,ok
265.444839,nan,,,,nan,nan,86.52,stalled cycles per insn,unknown
265.444839,3842181.0,,cycles:u,cycles,6719343.0,31.0,nan,,ok
265.444839,2295.0,,branches:u,branches,9724029.0,45.0,nan,,ok
265.444839,1083.0,,branch-misses:u,branch-misses,12810096.0,60.0,47.19,of all branches,ok
265.444839,93433.0,,L1-dcache-loads:u,l1-dcache-loads,13830377.0,65.0,nan,,ok
265.444839,32722.0,,cache-references:u,cache-references,14741048.0,69.0,nan,,ok
265.444839,2607.0,,cache-misses:u,cache-misses,14447064.0,68.0,7.97,of all cache refs,ok
265.444839,1954020.0,,stalled-cycles-frontend:u,stalled-cycles-frontend,4490838.0,21.0,50.86,frontend cycles idle,ok
276.75428200000005,19461.0,,instructions:u,instructions,5665854.0,39.0,0.0,insn per cycle,ok
276.75428200000005,nan,,,,nan,nan,100.95,stalled cycles per insn,unknown
276.75428200000005,4325543.0,,cycles:u,cycles,6007538.0,41.0,nan,,ok
276.75428200000005,2592.0,,branches:u,branches,7849067.0,54.0,nan,,ok
276.75428200000005,1062.0,,branch-misses:u,branch-misses,9217924.0,64.0,40.97,of all branches,ok
276.75428200000005,90230.0,,L1-dcache-loads:u,l1-dcache-loads,9196360.0,64.0,nan,,ok
276.75428200000005,29282.0,,cache-references:u,cache-references,8733303.0,60.0,nan,,ok
276.75428200000005,2600.0,,cache-misses:u,cache-misses,8293470.0,57.0,8.88,of all cache refs,ok
276.75428200000005,1964651.0,,stalled-cycles-frontend:u,stalled-cycles-frontend,3524418.0,24.0,45.42,frontend cycles idle,ok
287.391777,31628.0,,instructions:u,instructions,4110415.0,41.0,0.01,insn per cycle,ok
287.391777,nan,,,,nan,nan,74.88,stalled cycles per insn,unknown
287.391777,4882827.0,,cycles:u,cycles,3124428.0,31.0,nan,,ok
287.391777,2637.0,,branches:u,branches,4119699.0,41.0,nan,,ok
287.391777,1365.0,,branch-misses:u,branch-misses,5118509.0,52.0,51.76,of all branches,ok
287.391777,110987.0,,L1-dcache-loads:u,l1-dcache-loads,4999107.0,50.0,nan,,ok
287.391777,33922.0,,cache-references:u,cache-references,5731012.0,58.0,nan,,ok
287.391777,3032.0,,cache-misses:u,cache-misses,6716999.0,68.0,8.94,of all cache refs,ok
287.391777,2368153.0,,stalled-cycles-frontend:u,stalled-cycles-frontend,3109045.0,31.0,48.5,frontend cycles idle,ok
298.780279,28659.0,,instructions:u,instructions,10322629.0,44.0,0.01,insn per cycle,ok
298.780279,nan,,,,nan,nan,89.99,stalled cycles per insn,unknown
298.780279,4048145.0,,cycles:u,cycles,11855434.0,50.0,nan,,ok
298.780279,2442.0,,branches:u,branches,14472723.0,61.0,nan,,ok
298.780279,1212.0,,branch-misses:u,branch-misses,16492721.0,70.0,49.63,of all branches,ok
298.780279,98166.0,,L1-dcache-loads:u,l1-dcache-loads,15167291.0,64.0,nan,,ok
298.780279,25175.0,,cache-references:u,cache-references,13196842.0,56.0,nan,,ok
298.780279,2371.0,,cache-misses:u,cache-misses,11681484.0,49.0,9.42,of all cache refs,ok
298.780279,2578912.0,,stalled-cycles-frontend:u,stalled-cycles-frontend,6342306.0,26.0,63.71,frontend cycles idle,ok
309.971194,26773.0,,instructions:u,instructions,2997437.0,24.0,0.01,insn per cycle,ok
309.971194,nan,,,,nan,nan,88.02,stalled cycles per insn,unknown
309.971194,4812609.0,,cycles:u,cycles,3091136.0,25.0,nan,,ok
309.971194,2503.0,,branches:u,branches,6382943.0,53.0,nan,,ok
309.971194,1131.0,,branch-misses:u,branch-misses,8988044.0,74.0,45.19,of all branches,ok
309.971194,104191.0,,L1-dcache-loads:u,l1-dcache-loads,9002280.0,75.0,nan,,ok
309.971194,30576.0,,cache-references:u,cache-references,9006280.0,75.0,nan,,ok
309.971194,2575.0,,cache-misses:u,cache-misses,8912804.0,74.0,8.42,of all cache refs,ok
309.971194,2356454.0,,stalled-cycles-frontend:u,stalled-cycles-frontend,1996392.0,16.0,48.96,frontend cycles idle,ok
321.05444500000004,14347.0,,instructions:u,instructions,6002098.0,35.0,0.0,insn per cycle,ok
321.05444500000004,nan,,,,nan,nan,117.34,stalled cycles per insn,unknown
321.05444500000004,3602383.0,,cycles:u,cycles,6011388.0,35.0,nan,,ok
321.05444500000004,1436.0,,branches:u,branches,7057242.0,41.0,nan,,ok
321.05444500000004,786.0,,branch-misses:u,branch-misses,8195705.0,48.0,54.74,of all branches,ok
321.05444500000004,100000.0,,L1-dcache-loads:u,l1-dcache-loads,9166382.0,54.0,nan,,ok
321.05444500000004,33043.0,,cache-references:u,cache-references,10934738.0,64.0,nan,,ok
321.05444500000004,2856.0,,cache-misses:u,cache-misses,10964937.0,64.0,8.64,of all cache refs,ok
321.05444500000004,1683530.0,,stalled-cycles-frontend:u,stalled-cycles-frontend,4089436.0,24.0,46.73,frontend cycles idle,ok
332.14545699999996,21276.0,,instructions:u,instructions,6898446.0,40.0,0.01,insn per cycle,ok
332.14545699999996,nan,,,,nan,nan,98.5,stalled cycles per insn,unknown
332.14545699999996,3262259.0,,cycles:u,cycles,5992509.0,35.0,nan,,ok
332.14545699999996,1052.0,,branches:u,branches,7997304.0,47.0,nan,,ok
332.14545699999996,588.0,,branch-misses:u,branch-misses,9997670.0,59.0,55.89,of all branches,ok
332.14545699999996,78901.0,,L1-dcache-loads:u,l1-dcache-loads,9996964.0,59.0,nan,,ok
332.14545699999996,30505.0,,cache-references:u,cache-references,9992334.0,59.0,nan,,ok
332.14545699999996,3201.0,,cache-misses:u,cache-misses,10841112.0,64.0,10.49,of all cache refs,ok
332.14545699999996,2095670.0,,stalled-cycles-frontend:u,stalled-cycles-frontend,4813616.0,28.0,64.24,frontend cycles idle,ok
343.97076999999996,28492.0,,instructions:u,instructions,5518730.0,40.0,0.01,insn per cycle,ok
343.97076999999996,nan,,,,nan,nan,63.01,stalled cycles per insn,unknown
343.97076999999996,5610508.0,,cycles:u,cycles,3691852.0,27.0,nan,,ok
343.97076999999996,3407.0,,branches:u,branches,4697919.0,34.0,nan,,ok
343.97076999999996,1407.0,,branch-misses:u,branch-misses,6670991.0,49.0,41.3,of all branches,ok
343.97076999999996,114311.0,,L1-dcache-loads:u,l1-dcache-loads,6967519.0,51.0,nan,,ok
343.97076999999996,26916.0,,cache-references:u,cache-references,7980720.0,58.0,nan,,ok
343.97076999999996,1927.0,,cache-misses:u,cache-misses,9909361.0,72.0,7.16,of all cache refs,ok
343.97076999999996,1795177.0,,stalled-cycles-frontend:u,stalled-cycles-frontend,4645621.0,34.0,32.0,frontend cycles idle,ok
355.478843,31481.0,,instructions:u,instructions,4726439.0,47.0,0.01,insn per cycle,ok
355.478843,nan,,,,nan,nan,99.08,stalled cycles per insn,unknown
355.478843,5212598.0,,cycles:u,cycles,4765292.0,48.0,nan,,ok
355.478843,2700.0,,branches:u,branches,5771156.0,58.0,nan,,ok
355.478843,1155.0,,branch-misses:u,branch-misses,6762643.0,68.0,42.78,of all branches,ok
355.478843,95409.0,,L1-dcache-loads:u,l1-dcache-loads,6199413.0,62.0,nan,,ok
355.478843,27348.0,,cache-references:u,cache-references,5189862.0,52.0,nan,,ok
355.478843,2392.0,,cache-misses:u,cache-misses,5049246.0,51.0,8.75,of all cache refs,ok
355.478843,3119180.0,,stalled-cycles-frontend:u,stalled-cycles-frontend,2597443.0,26.0,59.84,frontend cycles idle,ok
366.99526,17206.0,,instructions:u,instructions,6019272.0,33.0,0.0,insn per cycle,ok
366.99526,nan,,,,nan,nan,124.59,stalled cycles per insn,unknown
366.99526,4757229.0,,cycles:u,cycles,6089210.0,34.0,nan,,ok
366.99526,2164.0,,branches:u,branches,9081193.0,51.0,nan,,ok
366.99526,1054.0,,branch-misses:u,branch-misses,11793577.0,66.0,48.71,of all branches,ok
366.99526,89824.0,,L1-dcache-loads:u,l1-dcache-loads,11771532.0,66.0,nan,,ok
366.99526,27716.0,,cache-references:u,cache-references,11772953.0,66.0,nan,,ok
366.99526,2090.0,,cache-misses:u,cache-misses,11703015.0,65.0,7.54,of all cache refs,ok
366.99526,2143778.0,,stalled-cycles-frontend:u,stalled-cycles-frontend,4026529.0,22.0,45.06,frontend cycles idle,ok
378.03733,41542.0,,instructions:u,instructions,3031509.0,21.0,0.01,insn per cycle,ok
378.03733,nan,,,,nan,nan,64.19,stalled cycles per insn,unknown
378.03733,3664644.0,,cycles:u,cycles,3004296.0,21.0,nan,,ok
378.03733,2487.0,,branches:u,branches,4987730.0,35.0,nan,,ok
378.03733,1084.0,,branch-misses:u,branch-misses,7191727.0,51.0,43.59,of all branches,ok
378.03733,104362.0,,L1-dcache-loads:u,l1-dcache-loads,9188335.0,65.0,nan,,ok
378.03733,33773.0,,cache-references:u,cache-references,10895058.0,78.0,nan,,ok
378.03733,3270.0,,cache-misses:u,cache-misses,10922271.0,78.0,9.68,of all cache refs,ok
378.03733,2666575.0,,stalled-cycles-frontend:u,stalled-cycles-frontend,2032918.0,14.0,72.76,frontend cycles idle,ok
389.653009,18822.0,,instructions:u,instructions,7397239.0,53.0,0.01,insn per cycle,ok
389.653009,nan,,,,nan,nan,76.57,stalled cycles per insn,unknown
389.653009,2801286.0,,cycles:u,cycles,5444462.0,39.0,nan,,ok
389.653009,1829.0,,branches:u,branches,6451296.0,46.0,nan,,ok
389.653009,837.0,,branch-misses:u,branch-misses,7448508.0,54.0,45.76,of all branches,ok
389.653009,65964.0,,L1-dcache-loads:u,l1-dcache-loads,6060180.0,44.0,nan,,ok
389.653009,21823.0,,cache-references:u,cache-references,6371765.0,46.0,nan,,ok
389.653009,2006.0,,cache-misses:u,cache-misses,8324542.0,60.0,9.19,of all cache refs,ok
389.653009,1441171.0,,stalled-cycles-frontend:u,stalled-cycles-frontend,5386707.0,39.0,51.45,frontend cycles idle,ok
400.567787,27126.0,,instructions:u,instructions,7624345.0,42.0,0.01,insn per cycle,ok
400.567787,nan,,,,nan,nan,58.75,stalled cycles per insn,unknown
400.567787,4255673.0,,cycles:u,cycles,7915841.0,44.0,nan,,ok
400.567787,2401.0,,branches:u,branches,9911985.0,55.0,nan,,ok
400.567787,1283.0,,branch-misses:u,branch-misses,11942944.0,66.0,53.44,of all branches,ok
400.567787,113209.0,,L1-dcache-loads:u,l1-dcache-loads,11328091.0,63.0,nan,,ok
400.567787,31689.0,,cache-references:u,cache-references,10310521.0,57.0,nan,,ok
400.567787,2837.0,,cache-misses:u,cache-misses,10019025.0,55.0,8.95,of all cache refs,ok
400.567787,1593550.0,,stalled-cycles-frontend:u,stalled-cycles-frontend,4609830.0,25.0,37.45,frontend cycles idle,ok
412.37862800000005,21199.0,,instructions:u,instructions,4264638.0,40.0,0.01,insn per cycle,ok
412.37862800000005,nan,,,,nan,nan,113.37,stalled cycles per insn,unknown
412.37862800000005,3649093.0,,cycles:u,cycles,4583450.0,42.0,nan,,ok
412.37862800000005,1990.0,,branches:u,branches,6626363.0,61.0,nan,,ok
412.37862800000005,1002.0,,branch-misses:u,branch-misses,7774052.0,72.0,50.35,of all branches,ok
412.37862800000005,107746.0,,L1-dcache-loads:u,l1-dcache-loads,6815244.0,62.0,nan,,ok
412.37862800000005,37909.0,,cache-references:u,cache-references,6388955.0,58.0,nan,,ok
412.37862800000005,3977.0,,cache-misses:u,cache-misses,6106197.0,56.0,10.49,of all cache refs,ok
412.37862800000005,2403354.0,,stalled-cycles-frontend:u,stalled-cycles-frontend,3006177.0,27.0,65.86,frontend cycles idle,ok
424.222735,24848.0,,instructions:u,instructions,9707505.0,39.0,0.0,insn per cycle,ok
424.222735,nan,,,,nan,nan,77.66,stalled cycles per insn,unknown
424.222735,5204774.0,,cycles:u,cycles,10702061.0,43.0,nan,,ok
424.222735,2295.0,,branches:u,branches,13720262.0,56.0,nan,,ok
424.222735,1114.0,,branch-misses:u,branch-misses,16410578.0,67.0,48.54,of all branches,ok
424.222735,98941.0,,L1-dcache-loads:u,l1-dcache-loads,16346995.0,67.0,nan,,ok
424.222735,30814.0,,cache-references:u,cache-references,14786124.0,60.0,nan,,ok
424.222735,2648.0,,cache-misses:u,cache-misses,13755514.0,56.0,8.59,of all cache refs,ok
424.222735,1929660.0,,stalled-cycles-frontend:u,stalled-cycles-frontend,5973715.0,24.0,37.07,frontend cycles idle,ok
435.087364,5652.0,,instructions:u,instructions,2063904.0,51.0,0.0,insn per cycle,ok
435.087364,nan,,,,nan,nan,100.04,stalled cycles per insn,unknown
435.087364,1486237.0,,cycles:u,cycles,1062476.0,26.0,nan,,ok
435.087364,435.0,,branches:u,branches,1062476.0,26.0,nan,,ok
435.087364,170.0,,branch-misses:u,branch-misses,1062476.0,26.0,39.08,of all branches,ok
435.087364,33451.0,,L1-dcache-loads:u,l1-dcache-loads,1012774.0,25.0,nan,,ok
435.087364,7897.0,,cache-references:u,cache-references,1963046.0,48.0,nan,,ok
435.087364,721.0,,cache-misses:u,cache-misses,2964474.0,73.0,9.13,of all cache refs,ok
435.087364,565447.0,,stalled-cycles-frontend:u,stalled-cycles-frontend,2011788.0,49.0,38.05,frontend cycles idle,ok
446.49944000000005,17680.0,,instructions:u,instructions,2367619.0,32.0,0.01,insn per cycle,ok
446.49944000000005,nan,,,,nan,nan,86.93,stalled cycles per insn,unknown
446.49944000000005,2893887.0,,cycles:u,cycles,2389310.0,32.0,nan,,ok
446.49944000000005,1342.0,,branches:u,branches,3416294.0,46.0,nan,,ok
446.49944000000005,576.0,,branch-misses:u,branch-misses,4455581.0,59.0,42.92,of all branches,ok
446.49944000000005,34368.0,,L1-dcache-loads:u,l1-dcache-loads,4469570.0,59.0,nan,,ok
446.49944000000005,8216.0,,cache-references:u,cache-references,4968634.0,66.0,nan,,ok
446.49944000000005,644.0,,cache-misses:u,cache-misses,4994006.0,66.0,7.84,of all cache refs,ok
446.49944000000005,1536887.0,,stalled-cycles-frontend:u,stalled-cycles-frontend,2007513.0,26.0,53.11,frontend cycles idle,ok
458.443544,14482.0,,instructions:u,instructions,1621382.0,34.0,0.01,insn per cycle,ok
458.443544,1898790.0,,cycles:u,cycles,2604487.0,56.0,nan,,ok
458.443544,773.0,,branches:u,branches,3579410.0,77.0,nan,,ok
458.443544,314.0,,branch-misses:u,branch-misses,4536055.0,99.0,40.62,of all branches,ok
458.443544,27132.0,,L1-dcache-loads:u,l1-dcache-loads,4537840.0,100.0,nan,,ok
458.443544,5397.0,,cache-references:u,cache-references,3048814.0,67.0,nan,,ok
458.443544,489.0,,cache-misses:u,cache-misses,2018646.0,44.0,9.06,of all cache refs,ok
458.443544,nan,,stalled-cycles-frontend:u,stalled-cycles-frontend,0.0,0.0,nan,,ok
469.969842,5596.0,,instructions:u,instructions,2843847.0,41.0,0.0,insn per cycle,ok
469.969842,nan,,,,nan,nan,199.45,stalled cycles per insn,unknown
469.969842,2332920.0,,cycles:u,cycles,1883227.0,27.0,nan,,ok
469.969842,584.0,,branches:u,branches,2912627.0,42.0,nan,,ok
469.969842,283.0,,branch-misses:u,branch-misses,3940316.0,56.0,48.46,of all branches,ok
469.969842,24529.0,,L1-dcache-loads:u,l1-dcache-loads,3960571.0,56.0,nan,,ok
469.969842,8475.0,,cache-references:u,cache-references,4024899.0,57.0,nan,,ok
469.969842,671.0,,cache-misses:u,cache-misses,4993869.0,70.0,7.92,of all cache refs,ok
469.969842,1116144.0,,stalled-cycles-frontend:u,stalled-cycles-frontend,2008064.0,28.0,47.84,frontend cycles idle,ok
481.923296,12481.0,,instructions:u,instructions,1185051.0,22.0,0.01,insn per cycle,ok
481.923296,nan,,,,nan,nan,76.78,stalled cycles per insn,unknown
481.923296,1677911.0,,cycles:u,cycles,1151876.0,22.0,nan,,ok
481.923296,558.0,,branches:u,branches,1158949.0,22.0,nan,,ok
481.923296,392.0,,branch-misses:u,branch-misses,2118385.0,41.0,70.25,of all branches,ok
481.923296,45481.0,,L1-dcache-loads:u,l1-dcache-loads,3063846.0,60.0,nan,,ok
481.923296,17838.0,,cache-references:u,cache-references,3999649.0,79.0,nan,,ok
481.923296,1502.0,,cache-misses:u,cache-misses,4024474.0,80.0,8.42,of all cache refs,ok
481.923296,958277.0,,stalled-cycles-frontend:u,stalled-cycles-frontend,1024532.0,20.0,57.11,frontend cycles idle,ok
493.427323,13715.0,,instructions:u,instructions,4055712.0,33.0,0.0,insn per cycle,ok
493.427323,nan,,,,nan,nan,106.49,stalled cycles per insn,unknown
493.427323,3042111.0,,cycles:u,cycles,4038651.0,33.0,nan,,ok
493.427323,1426.0,,branches:u,branches,6024501.0,50.0,nan,,ok
493.427323,751.0,,branch-misses:u,branch-misses,7052011.0,58.0,52.66,of all branches,ok
493.427323,71279.0,,L1-dcache-loads:u,l1-dcache-loads,6998423.0,58.0,nan,,ok
493.427323,26153.0,,cache-references:u,cache-references,7963405.0,66.0,nan,,ok
493.427323,2203.0,,cache-misses:u,cache-misses,7980466.0,66.0,8.42,of all cache refs,ok
493.427323,1460473.0,,stalled-cycles-frontend:u,stalled-cycles-frontend,3033021.0,25.0,48.01,frontend cycles idle,ok
504.532338,15757.0,,instructions:u,instructions,3000654.0,31.0,0.0,insn per cycle,ok
504.532338,nan,,,,nan,nan,122.77,stalled cycles per insn,unknown
504.532338,3845839.0,,cycles:u,cycles,2995551.0,31.0,nan,,ok
504.532338,1072.0,,branches:u,branches,3999681.0,42.0,nan,,ok
504.532338,673.0,,branch-misses:u,branch-misses,6009753.0,63.0,62.78,of all branches,ok
504.532338,72827.0,,L1-dcache-loads:u,l1-dcache-loads,6478384.0,68.0,nan,,ok
504.532338,27800.0,,cache-references:u,cache-references,6509347.0,68.0,nan,,ok
504.532338,2402.0,,cache-misses:u,cache-misses,6541075.0,68.0,8.64,of all cache refs,ok
504.532338,1934434.0,,stalled-cycles-frontend:u,stalled-cycles-frontend,2002901.0,20.0,50.3,frontend cycles idle,ok
515.987003,6264.0,,instructions:u,instructions,1025638.0,29.0,nan,,ok
515.987003,nan,,,,nan,nan,116.6,stalled cycles per insn,unknown
515.987003,0.0,,cycles:u,cycles,27866.0,0.0,nan,,ok
515.987003,466.0,,branches:u,branches,957552.0,27.0,nan,,ok
515.987003,234.0,,branch-misses:u,branch-misses,996209.0,28.0,50.21,of all branches,ok
515.987003,22460.0,,L1-dcache-loads:u,l1-dcache-loads,1534853.0,43.0,nan,,ok
515.987003,7175.0,,cache-references:u,cache-references,2532188.0,71.0,nan,,ok
515.987003,605.0,,cache-misses:u,cache-misses,3522135.0,99.0,8.43,of all cache refs,ok
515.987003,730410.0,,stalled-cycles-frontend:u,stalled-cycles-frontend,1025638.0,28.0,nan,,ok
527.692633,15248.0,,instructions:u,instructions,4005153.0,35.0,0.0,insn per cycle,ok
527.692633,nan,,,,nan,nan,117.54,stalled cycles per insn,unknown
527.692633,4572353.0,,cycles:u,cycles,4985577.0,44.0,nan,,ok
527.692633,1546.0,,branches:u,branches,6071593.0,54.0,nan,,ok
527.692633,649.0,,branch-misses:u,branch-misses,8036962.0,72.0,41.98,of all branches,ok
527.692633,67710.0,,L1-dcache-loads:u,l1-dcache-loads,8038025.0,72.0,nan,,ok
527.692633,27961.0,,cache-references:u,cache-references,7018945.0,63.0,nan,,ok
527.692633,2131.0,,cache-misses:u,cache-misses,6019721.0,54.0,7.62,of all cache refs,ok
527.692633,1792244.0,,stalled-cycles-frontend:u,stalled-cycles-frontend,2008382.0,18.0,39.2,frontend cycles idle,ok
539.057476,14562.0,,instructions:u,instructions,4980536.0,62.0,0.0,insn per cycle,ok
539.057476,nan,,,,nan,nan,120.56,stalled cycles per insn,unknown
539.057476,3001655.0,,cycles:u,cycles,5926045.0,74.0,nan,,ok
539.057476,1070.0,,branches:u,branches,6946194.0,87.0,nan,,ok
539.057476,526.0,,branch-misses:u,branch-misses,6991403.0,87.0,49.16,of all branches,ok
539.057476,43793.0,,L1-dcache-loads:u,l1-dcache-loads,5024677.0,62.0,nan,,ok
539.057476,12196.0,,cache-references:u,cache-references,3055062.0,38.0,nan,,ok
539.057476,1736.0,,cache-misses:u,cache-misses,2082925.0,25.0,14.23,of all cache refs,ok
539.057476,1755565.0,,stalled-cycles-frontend:u,stalled-cycles-frontend,2970036.0,36.0,58.49,frontend cycles idle,ok
550.462683,0.0,,instructions:u,instructions,18759.0,0.0,0.0,insn per cycle,ok
550.462683,790818.0,,cycles:u,cycles,63411.0,1.0,nan,,ok
550.462683,556.0,,branches:u,branches,1050461.0,25.0,nan,,ok
550.462683,288.0,,branch-misses:u,branch-misses,2033010.0,50.0,51.8,of all branches,ok
550.462683,29183.0,,L1-dcache-loads:u,l1-dcache-loads,3013940.0,74.0,nan,,ok
550.462683,8229.0,,cache-references:u,cache-references,3969323.0,99.0,nan,,ok
550.462683,675.0,,cache-misses:u,cache-misses,3951299.0,100.0,8.2,of all cache refs,ok
550.462683,0.0,,stalled-cycles-frontend:u,stalled-cycles-frontend,18759.0,0.0,nan,,ok
562.487314,9358.0,,instructions:u,instructions,3004224.0,37.0,0.0,insn per cycle,ok
562.487314,nan,,,,nan,nan,126.84,stalled cycles per insn,unknown
562.487314,2894961.0,,cycles:u,cycles,3038596.0,37.0,nan,,ok
562.487314,1761.0,,branches:u,branches,4034686.0,50.0,nan,,ok
562.487314,780.0,,branch-misses:u,branch-misses,5037632.0,62.0,44.29,of all branches,ok
562.487314,71954.0,,L1-dcache-loads:u,l1-dcache-loads,5035086.0,62.0,nan,,ok
562.487314,23847.0,,cache-references:u,cache-references,5033371.0,62.0,nan,,ok
562.487314,1501.0,,cache-misses:u,cache-misses,4998999.0,62.0,6.29,of all cache refs,ok
562.487314,1186976.0,,stalled-cycles-frontend:u,stalled-cycles-frontend,2004867.0,24.0,41.0,frontend cycles idle,ok
575.4449470000001,12698.0,,instructions:u,instructions,3016851.0,33.0,0.0,insn per cycle,ok
575.4449470000001,nan,,,,nan,nan,104.18,stalled cycles per insn,unknown
575.4449470000001,2987792.0,,cycles:u,cycles,2996091.0,33.0,nan,,ok
575.4449470000001,1115.0,,branches:u,branches,3999126.0,44.0,nan,,ok
575.4449470000001,543.0,,branch-misses:u,branch-misses,4995638.0,56.0,48.7,of all branches,ok
575.4449470000001,48828.0,,L1-dcache-loads:u,l1-dcache-loads,5886978.0,66.0,nan,,ok
575.4449470000001,14455.0,,cache-references:u,cache-references,5890037.0,66.0,nan,,ok
575.4449470000001,1303.0,,cache-misses:u,cache-misses,5910797.0,66.0,9.01,of all cache refs,ok
575.4449470000001,1322875.0,,stalled-cycles-frontend:u,stalled-cycles-frontend,2015718.0,22.0,44.28,frontend cycles idle,ok
588.907154,9648.0,,instructions:u,instructions,1274110.0,28.0,0.01,insn per cycle,ok
588.907154,nan,,,,nan,nan,87.25,stalled cycles per insn,unknown
588.907154,1279567.0,,cycles:u,cycles,948005.0,20.0,nan,,ok
588.907154,907.0,,branches:u,branches,948005.0,20.0,nan,,ok
588.907154,306.0,,branch-misses:u,branch-misses,1919603.0,41.0,33.74,of all branches,ok
588.907154,24620.0,,L1-dcache-loads:u,l1-dcache-loads,2802554.0,59.0,nan,,ok
588.907154,10376.0,,cache-references:u,cache-references,3467344.0,73.0,nan,,ok
588.907154,1100.0,,cache-misses:u,cache-misses,3866573.0,80.0,10.6,of all cache refs,ok
588.907154,841767.0,,stalled-cycles-frontend:u,stalled-cycles-frontend,895365.0,18.0,65.79,frontend cycles idle,ok
602.19386,3877.0,,instructions:u,instructions,1987449.0,32.0,0.0,insn per cycle,ok
602.19386,nan,,,,nan,nan,293.51,stalled cycles per insn,unknown
602.19386,1755698.0,,cycles:u,cycles,1999939.0,32.0,nan,,ok
602.19386,619.0,,branches:u,branches,3001681.0,49.0,nan,,ok
602.19386,399.0,,branch-misses:u,branch-misses,3990168.0,65.0,64.46,of all branches,ok
602.19386,34550.0,,L1-dcache-loads:u,l1-dcache-loads,3976908.0,66.0,nan,,ok
602.19386,9920.0,,cache-references:u,cache-references,3995766.0,66.0,nan,,ok
602.19386,734.0,,cache-misses:u,cache-misses,3910152.0,66.0,7.4,of all cache refs,ok
602.19386,1137954.0,,stalled-cycles-frontend:u,stalled-cycles-frontend,1038687.0,17.0,64.81,frontend cycles idle,ok
614.469823,19771.0,,instructions:u,instructions,5756816.0,35.0,0.01,insn per cycle,ok
614.469823,nan,,,,nan,nan,70.45,stalled cycles per insn,unknown
614.469823,3376166.0,,cycles:u,cycles,6958530.0,43.0,nan,,ok
614.469823,1658.0,,branches:u,branches,9964609.0,61.0,nan,,ok
614.469823,807.0,,branch-misses:u,branch-misses,12029942.0,74.0,48.67,of all branches,ok
614.469823,70244.0,,L1-dcache-loads:u,l1-dcache-loads,11382249.0,70.0,nan,,ok
614.469823,23922.0,,cache-references:u,cache-references,10398791.0,64.0,nan,,ok
614.469823,2285.0,,cache-misses:u,cache-misses,9211595.0,56.0,9.55,of all cache refs,ok
614.469823,1392948.0,,stalled-cycles-frontend:u,stalled-cycles-frontend,3761436.0,23.0,41.26,frontend cycles idle,ok
626.837452,nan,,instructions:u,instructions,0.0,0.0,nan,,ok
626.837452,nan,,cycles:u,cycles,0.0,0.0,nan,,ok
626.837452,934.0,,branches:u,branches,984369.0,22.0,nan,,ok
626.837452,675.0,,branch-misses:u,branch-misses,1980470.0,44.0,72.27,of all branches,ok
626.837452,48302.0,,L1-dcache-loads:u,l1-dcache-loads,3620994.0,82.0,nan,,ok
626.837452,15611.0,,cache-references:u,cache-references,4424772.0,100.0,nan,,ok
626.837452,1147.0,,cache-misses:u,cache-misses,4436764.0,100.0,7.35,of all cache refs,ok
626.837452,nan,,stalled-cycles-frontend:u,stalled-cycles-frontend,0.0,0.0,nan,,ok
640.090934,28160.0,,instructions:u,instructions,10199452.0,43.0,0.01,insn per cycle,ok
640.090934,nan,,,,nan,nan,103.02,stalled cycles per insn,unknown
640.090934,4416117.0,,cycles:u,cycles,8214624.0,35.0,nan,,ok
640.090934,2046.0,,branches:u,branches,9289817.0,39.0,nan,,ok
640.090934,981.0,,branch-misses:u,branch-misses,12200783.0,52.0,47.95,of all branches,ok
640.090934,78870.0,,L1-dcache-loads:u,l1-dcache-loads,12207858.0,52.0,nan,,ok
640.090934,27125.0,,cache-references:u,cache-references,13190737.0,56.0,nan,,ok
640.090934,2808.0,,cache-misses:u,cache-misses,15174373.0,64.0,10.35,of all cache refs,ok
640.090934,2901118.0,,stalled-cycles-frontend:u,stalled-cycles-frontend,8017748.0,34.0,65.69,frontend cycles idle,ok
653.382521,15620.0,,instructions:u,instructions,5101574.0,61.0,0.01,insn per cycle,ok
653.382521,nan,,,,nan,nan,98.31,stalled cycles per insn,unknown
653.382521,2979739.0,,cycles:u,cycles,5104834.0,62.0,nan,,ok
653.382521,1319.0,,branches:u,branches,6094610.0,74.0,nan,,ok
653.382521,645.0,,branch-misses:u,branch-misses,6127203.0,75.0,48.9,of all branches,ok
653.382521,55463.0,,L1-dcache-loads:u,l1-dcache-loads,4113314.0,50.0,nan,,ok
653.382521,20627.0,,cache-references:u,cache-references,3047451.0,37.0,nan,,ok
653.382521,1825.0,,cache-misses:u,cache-misses,3018873.0,37.0,8.85,of all cache refs,ok
653.382521,1535671.0,,stalled-cycles-frontend:u,stalled-cycles-frontend,3002021.0,37.0,51.54,frontend cycles idle,ok
665.305461,16827.0,,instructions:u,instructions,5983150.0,36.0,0.01,insn per cycle,ok
665.305461,nan,,,,nan,nan,83.38,stalled cycles per insn,unknown
665.305461,3329235.0,,cycles:u,cycles,7969339.0,48.0,nan,,ok
665.305461,2403.0,,branches:u,branches,10967959.0,67.0,nan,,ok
665.305461,1185.0,,branch-misses:u,branch-misses,13000235.0,79.0,49.31,of all branches,ok
665.305461,111149.0,,L1-dcache-loads:u,l1-dcache-loads,12406392.0,75.0,nan,,ok
665.305461,39833.0,,cache-references:u,cache-references,10488993.0,63.0,nan,,ok
665.305461,3000.0,,cache-misses:u,cache-misses,8560200.0,51.0,7.53,of all cache refs,ok
665.305461,1403094.0,,stalled-cycles-frontend:u,stalled-cycles-frontend,3010412.0,18.0,42.14,frontend cycles idle,ok
678.224591,8169.0,,instructions:u,instructions,4017706.0,59.0,0.0,insn per cycle,ok
678.224591,nan,,,,nan,nan,112.13,stalled cycles per insn,unknown
678.224591,2577582.0,,cycles:u,cycles,2067278.0,30.0,nan,,ok
678.224591,626.0,,branches:u,branches,2067278.0,30.0,nan,,ok
678.224591,307.0,,branch-misses:u,branch-misses,2067278.0,30.0,49.04,of all branches,ok
678.224591,24440.0,,L1-dcache-loads:u,l1-dcache-loads,1639103.0,24.0,nan,,ok
678.224591,6507.0,,cache-references:u,cache-references,2559173.0,38.0,nan,,ok
678.224591,733.0,,cache-misses:u,cache-misses,4452205.0,68.0,11.26,of all cache refs,ok
678.224591,916027.0,,stalled-cycles-frontend:u,stalled-cycles-frontend,3015371.0,46.0,35.54,frontend cycles idle,ok
692.116808,26048.0,,instructions:u,instructions,8124089.0,31.0,0.01,insn per cycle,ok
692.116808,nan,,,,nan,nan,73.55,stalled cycles per insn,unknown
692.116808,3843755.0,,cycles:u,cycles,9111020.0,34.0,nan,,ok
692.116808,3223.0,,branches:u,branches,13159035.0,50.0,nan,,ok
692.116808,1635.0,,branch-misses:u,branch-misses,17156850.0,65.0,50.73,of all branches,ok
692.116808,132214.0,,L1-dcache-loads:u,l1-dcache-loads,18129556.0,69.0,nan,,ok
692.116808,36273.0,,cache-references:u,cache-references,18073196.0,68.0,nan,,ok
692.116808,2762.0,,cache-misses:u,cache-misses,17086265.0,65.0,7.61,of all cache refs,ok
692.116808,1915708.0,,stalled-cycles-frontend:u,stalled-cycles-frontend,5075292.0,19.0,49.84,frontend cycles idle,ok
703.822376,14801.0,,instructions:u,instructions,1029902.0,21.0,nan,,ok
703.822376,nan,,,,nan,nan,62.74,stalled cycles per insn,unknown
703.822376,0.0,,cycles:u,cycles,26858.0,0.0,nan,,ok
703.822376,0.0,,branches:u,branches,26858.0,0.0,nan,,ok
703.822376,700.0,,branch-misses:u,branch-misses,1015146.0,21.0,nan,,ok
703.822376,42670.0,,L1-dcache-loads:u,l1-dcache-loads,2770666.0,57.0,nan,,ok
703.822376,13451.0,,cache-references:u,cache-references,3797822.0,78.0,nan,,ok
703.822376,1217.0,,cache-misses:u,cache-misses,4832110.0,99.0,9.05,of all cache refs,ok
703.822376,928604.0,,stalled-cycles-frontend:u,stalled-cycles-frontend,1029902.0,21.0,nan,,ok
714.792207,7108.0,,instructions:u,instructions,1951259.0,31.0,0.0,insn per cycle,ok
714.792207,nan,,,,nan,nan,102.25,stalled cycles per insn,unknown
714.792207,2024876.0,,cycles:u,cycles,708060.0,11.0,nan,,ok
714.792207,562.0,,branches:u,branches,735857.0,11.0,nan,,ok
714.792207,672.0,,branch-misses:u,branch-misses,1754396.0,27.0,119.57,of all branches,ok
714.792207,89024.0,,L1-dcache-loads:u,l1-dcache-loads,2193181.0,35.0,nan,,ok
714.792207,26391.0,,cache-references:u,cache-references,4168563.0,66.0,nan,,ok
714.792207,1716.0,,cache-misses:u,cache-misses,5422468.0,87.0,6.5,of all cache refs,ok
714.792207,726771.0,,stalled-cycles-frontend:u,stalled-cycles-frontend,2118425.0,33.0,35.89,frontend cycles idle,ok
726.7468419999999,15726.0,,instructions:u,instructions,2733307.0,23.0,0.0,insn per cycle,ok
726.7468419999999,nan,,,,nan,nan,93.4,stalled cycles per insn,unknown
726.7468419999999,3591785.0,,cycles:u,cycles,5669238.0,48.0,nan,,ok
726.7468419999999,1212.0,,branches:u,branches,8657041.0,73.0,nan,,ok
726.7468419999999,540.0,,branch-misses:u,branch-misses,10644951.0,90.0,44.55,of all branches,ok
726.7468419999999,46455.0,,L1-dcache-loads:u,l1-dcache-loads,11055202.0,94.0,nan,,ok
726.7468419999999,13552.0,,cache-references:u,cache-references,9101656.0,77.0,nan,,ok
726.7468419999999,1092.0,,cache-misses:u,cache-misses,6123775.0,52.0,8.06,of all cache refs,ok
726.7468419999999,1468786.0,,stalled-cycles-frontend:u,stalled-cycles-frontend,571281.0,4.0,40.89,frontend cycles idle,ok
741.0857570000001,9946.0,,instructions:u,instructions,5938230.0,53.0,0.0,insn per cycle,ok
741.0857570000001,nan,,,,nan,nan,152.65,stalled cycles per insn,unknown
741.0857570000001,3639026.0,,cycles:u,cycles,6000117.0,53.0,nan,,ok
741.0857570000001,1357.0,,branches:u,branches,7099800.0,63.0,nan,,ok
741.0857570000001,760.0,,branch-misses:u,branch-misses,8095551.0,72.0,56.01,of all branches,ok
741.0857570000001,84462.0,,L1-dcache-loads:u,l1-dcache-loads,7102730.0,63.0,nan,,ok
741.0857570000001,33234.0,,cache-references:u,cache-references,5327281.0,47.0,nan,,ok
741.0857570000001,2570.0,,cache-misses:u,cache-misses,5293064.0,46.0,7.73,of all cache refs,ok
741.0857570000001,1518302.0,,stalled-cycles-frontend:u,stalled-cycles-frontend,3934749.0,34.0,41.72,frontend cycles idle,ok
754.504599,10254.0,,instructions:u,instructions,2468003.0,45.0,0.01,insn per cycle,ok
754.504599,nan,,,,nan,nan,83.81,stalled cycles per insn,unknown
754.504599,1944849.0,,cycles:u,cycles,1464003.0,27.0,nan,,ok
754.504599,700.0,,branches:u,branches,1495171.0,27.0,nan,,ok
754.504599,298.0,,branch-misses:u,branch-misses,1531504.0,28.0,42.57,of all branches,ok
754.504599,36674.0,,L1-dcache-loads:u,l1-dcache-loads,1014729.0,18.0,nan,,ok
754.504599,13673.0,,cache-references:u,cache-references,2744502.0,50.0,nan,,ok
754.504599,1335.0,,cache-misses:u,cache-misses,3765813.0,69.0,9.76,of all cache refs,ok
754.504599,859392.0,,stalled-cycles-frontend:u,stalled-cycles-frontend,2647251.0,49.0,44.19,frontend cycles idle,ok
768.806593,7540.0,,instructions:u,instructions,3597053.0,45.0,0.0,insn per cycle,ok
768.806593,nan,,,,nan,nan,205.48,stalled cycles per insn,unknown
768.806593,2557360.0,,cycles:u,cycles,5275931.0,65.0,nan,,ok
768.806593,842.0,,branches:u,branches,6269807.0,78.0,nan,,ok
768.806593,385.0,,branch-misses:u,branch-misses,7296222.0,90.0,45.72,of all branches,ok
768.806593,33296.0,,L1-dcache-loads:u,l1-dcache-loads,6637835.0,82.0,nan,,ok
768.806593,10580.0,,cache-references:u,cache-references,4692519.0,57.0,nan,,ok
768.806593,933.0,,cache-misses:u,cache-misses,2901485.0,35.0,8.82,of all cache refs,ok
768.806593,1549318.0,,stalled-cycles-frontend:u,stalled-cycles-frontend,1380169.0,16.0,60.58,frontend cycles idle,ok
789.251825,38346.0,,instructions:u,instructions,5948697.0,40.0,0.01,insn per cycle,ok
789.251825,nan,,,,nan,nan,67.22,stalled cycles per insn,unknown
789.251825,5438902.0,,cycles:u,cycles,5250129.0,35.0,nan,,ok
789.251825,2900.0,,branches:u,branches,8219942.0,55.0,nan,,ok
789.251825,1355.0,,branch-misses:u,branch-misses,9308945.0,63.0,46.72,of all branches,ok
789.251825,103115.0,,L1-dcache-loads:u,l1-dcache-loads,8506768.0,58.0,nan,,ok
789.251825,28191.0,,cache-references:u,cache-references,8658922.0,59.0,nan,,ok
789.251825,2641.0,,cache-misses:u,cache-misses,9459072.0,65.0,9.37,of all cache refs,ok
789.251825,2577576.0,,stalled-cycles-frontend:u,stalled-cycles-frontend,3947178.0,27.0,47.39,frontend cycles idle,ok
801.3210809999999,17523.0,,instructions:u,instructions,4056400.0,36.0,0.0,insn per cycle,ok
801.3210809999999,nan,,,,nan,nan,112.01,stalled cycles per insn,unknown
801.3210809999999,3976472.0,,cycles:u,cycles,4980873.0,45.0,nan,,ok
801.3210809999999,1367.0,,branches:u,branches,6008469.0,55.0,nan,,ok
801.3210809999999,646.0,,branch-misses:u,branch-misses,7003418.0,64.0,47.26,of all branches,ok
801.3210809999999,50737.0,,L1-dcache-loads:u,l1-dcache-loads,7003589.0,64.0,nan,,ok
801.3210809999999,16480.0,,cache-references:u,cache-references,6807386.0,62.0,nan,,ok
801.3210809999999,1577.0,,cache-misses:u,cache-misses,5848506.0,54.0,9.57,of all cache refs,ok
801.3210809999999,1962749.0,,stalled-cycles-frontend:u,stalled-cycles-frontend,2072892.0,19.0,49.36,frontend cycles idle,ok
812.3197210000001,19082.0,,instructions:u,instructions,4595257.0,47.0,0.0,insn per cycle,ok
812.3197210000001,nan,,,,nan,nan,81.05,stalled cycles per insn,unknown
812.3197210000001,3871941.0,,cycles:u,cycles,4069147.0,42.0,nan,,ok
812.3197210000001,1540.0,,branches:u,branches,5070717.0,52.0,nan,,ok
812.3197210000001,621.0,,branch-misses:u,branch-misses,6067285.0,63.0,40.32,of all branches,ok
812.3197210000001,64394.0,,L1-dcache-loads:u,l1-dcache-loads,5069728.0,52.0,nan,,ok
812.3197210000001,26825.0,,cache-references:u,cache-references,4998720.0,52.0,nan,,ok
812.3197210000001,2781.0,,cache-misses:u,cache-misses,5524830.0,57.0,10.37,of all cache refs,ok
812.3197210000001,1546612.0,,stalled-cycles-frontend:u,stalled-cycles-frontend,3519880.0,36.0,39.94,frontend cycles idle,ok
823.85224,20232.0,,instructions:u,instructions,3166164.0,22.0,0.01,insn per cycle,ok
823.85224,nan,,,,nan,nan,71.86,stalled cycles per insn,unknown
823.85224,3967220.0,,cycles:u,cycles,4169405.0,29.0,nan,,ok
823.85224,2389.0,,branches:u,branches,7396362.0,52.0,nan,,ok
823.85224,1066.0,,branch-misses:u,branch-misses,9397149.0,66.0,44.62,of all branches,ok
823.85224,102016.0,,L1-dcache-loads:u,l1-dcache-loads,10384398.0,73.0,nan,,ok
823.85224,32739.0,,cache-references:u,cache-references,10958514.0,77.0,nan,,ok
823.85224,3425.0,,cache-misses:u,cache-misses,9967811.0,70.0,10.46,of all cache refs,ok
823.85224,1453781.0,,stalled-cycles-frontend:u,stalled-cycles-frontend,2007515.0,14.0,36.64,frontend cycles idle,ok
834.716028,18165.0,,instructions:u,instructions,7061657.0,38.0,0.0,insn per cycle,ok
834.716028,nan,,,,nan,nan,93.62,stalled cycles per insn,unknown
834.716028,4458549.0,,cycles:u,cycles,6071039.0,33.0,nan,,ok
834.716028,1493.0,,branches:u,branches,7592181.0,41.0,nan,,ok
834.716028,767.0,,branch-misses:u,branch-misses,10589629.0,57.0,51.37,of all branches,ok
834.716028,71629.0,,L1-dcache-loads:u,l1-dcache-loads,10966488.0,59.0,nan,,ok
834.716028,24243.0,,cache-references:u,cache-references,11230424.0,61.0,nan,,ok
834.716028,2476.0,,cache-misses:u,cache-misses,12208504.0,66.0,10.21,of all cache refs,ok
834.716028,1700596.0,,stalled-cycles-frontend:u,stalled-cycles-frontend,5064863.0,27.0,38.14,frontend cycles idle,ok
846.315704,20103.0,,instructions:u,instructions,5237778.0,44.0,0.0,insn per cycle,ok
846.315704,nan,,,,nan,nan,67.98,stalled cycles per insn,unknown
846.315704,4056762.0,,cycles:u,cycles,4171668.0,35.0,nan,,ok
846.315704,2472.0,,branches:u,branches,5184262.0,43.0,nan,,ok
846.315704,1099.0,,branch-misses:u,branch-misses,6198464.0,52.0,44.46,of all branches,ok
846.315704,97671.0,,L1-dcache-loads:u,l1-dcache-loads,5850273.0,49.0,nan,,ok
846.315704,29449.0,,cache-references:u,cache-references,6633178.0,55.0,nan,,ok
846.315704,3045.0,,cache-misses:u,cache-misses,7716279.0,64.0,10.34,of all cache refs,ok
846.315704,1366543.0,,stalled-cycles-frontend:u,stalled-cycles-frontend,4085517.0,34.0,33.69,frontend cycles idle,ok
857.389431,39170.0,,instructions:u,instructions,6806338.0,34.0,0.01,insn per cycle,ok
857.389431,nan,,,,nan,nan,61.14,stalled cycles per insn,unknown
857.389431,4675694.0,,cycles:u,cycles,5981852.0,30.0,nan,,ok
857.389431,3150.0,,branches:u,branches,7974582.0,40.0,nan,,ok
857.389431,1449.0,,branch-misses:u,branch-misses,10945306.0,55.0,46.0,of all branches,ok
857.389431,124977.0,,L1-dcache-loads:u,l1-dcache-loads,11903640.0,60.0,nan,,ok
857.389431,34161.0,,cache-references:u,cache-references,12993785.0,65.0,nan,,ok
857.389431,3104.0,,cache-misses:u,cache-misses,13801280.0,69.0,9.09,of all cache refs,ok
857.389431,2394723.0,,stalled-cycles-frontend:u,stalled-cycles-frontend,4840039.0,24.0,51.22,frontend cycles idle,ok
868.719841,28475.0,,instructions:u,instructions,3525767.0,35.0,0.01,insn per cycle,ok
868.719841,nan,,,,nan,nan,71.71,stalled cycles per insn,unknown
868.719841,4617432.0,,cycles:u,cycles,4528282.0,45.0,nan,,ok
868.719841,2049.0,,branches:u,branches,5931850.0,59.0,nan,,ok
868.719841,917.0,,branch-misses:u,branch-misses,6936409.0,69.0,44.75,of all branches,ok
868.719841,85208.0,,L1-dcache-loads:u,l1-dcache-loads,6933316.0,69.0,nan,,ok
868.719841,23161.0,,cache-references:u,cache-references,6404931.0,64.0,nan,,ok
868.719841,2338.0,,cache-misses:u,cache-misses,5402416.0,54.0,10.09,of all cache refs,ok
868.719841,2042064.0,,stalled-cycles-frontend:u,stalled-cycles-frontend,2001318.0,20.0,44.23,frontend cycles idle,ok
880.5243750000001,20334.0,,instructions:u,instructions,7966947.0,31.0,0.0,insn per cycle,ok
880.5243750000001,nan,,,,nan,nan,102.71,stalled cycles per insn,unknown
880.5243750000001,4194069.0,,cycles:u,cycles,9952619.0,38.0,nan,,ok
880.5243750000001,2103.0,,branches:u,branches,14220543.0,55.0,nan,,ok
880.5243750000001,1028.0,,branch-misses:u,branch-misses,18344506.0,71.0,48.88,of all branches,ok
880.5243750000001,95374.0,,L1-dcache-loads:u,l1-dcache-loads,18680333.0,72.0,nan,,ok
880.5243750000001,26814.0,,cache-references:u,cache-references,17707468.0,68.0,nan,,ok
880.5243750000001,2531.0,,cache-misses:u,cache-misses,15721796.0,61.0,9.44,of all cache refs,ok
880.5243750000001,2088555.0,,stalled-cycles-frontend:u,stalled-cycles-frontend,4966359.0,19.0,49.8,frontend cycles idle,ok
891.59786,14059.0,,instructions:u,instructions,3386774.0,34.0,0.0,insn per cycle,ok
891.59786,nan,,,,nan,nan,125.2,stalled cycles per insn,unknown
891.59786,3937361.0,,cycles:u,cycles,3004117.0,30.0,nan,,ok
891.59786,918.0,,branches:u,branches,4002211.0,40.0,nan,,ok
891.59786,421.0,,branch-misses:u,branch-misses,5004269.0,50.0,45.86,of all branches,ok
891.59786,41900.0,,L1-dcache-loads:u,l1-dcache-loads,5484594.0,55.0,nan,,ok
891.59786,13932.0,,cache-references:u,cache-references,6465566.0,65.0,nan,,ok
891.59786,1742.0,,cache-misses:u,cache-misses,6848223.0,69.0,12.5,of all cache refs,ok
891.59786,1760231.0,,stalled-cycles-frontend:u,stalled-cycles-frontend,2382414.0,24.0,44.71,frontend cycles idle,ok
902.6292219999999,26887.0,,instructions:u,instructions,4686519.0,48.0,0.01,insn per cycle,ok
902.6292219999999,nan,,,,nan,nan,61.6,stalled cycles per insn,unknown
902.6292219999999,3962625.0,,cycles:u,cycles,4379081.0,45.0,nan,,ok
902.6292219999999,1877.0,,branches:u,branches,5380632.0,56.0,nan,,ok
902.6292219999999,678.0,,branch-misses:u,branch-misses,6376795.0,66.0,36.12,of all branches,ok
902.6292219999999,67941.0,,L1-dcache-loads:u,l1-dcache-loads,5273932.0,55.0,nan,,ok
902.6292219999999,21625.0,,cache-references:u,cache-references,4891435.0,51.0,nan,,ok
902.6292219999999,2573.0,,cache-misses:u,cache-misses,5198873.0,54.0,11.9,of all cache refs,ok
902.6292219999999,1656372.0,,stalled-cycles-frontend:u,stalled-cycles-frontend,3307665.0,34.0,41.8,frontend cycles idle,ok
913.652664,39649.0,,instructions:u,instructions,6484900.0,33.0,0.01,insn per cycle,ok
913.652664,nan,,,,nan,nan,44.28,stalled cycles per insn,unknown
913.652664,4335758.0,,cycles:u,cycles,7488341.0,38.0,nan,,ok
913.652664,3441.0,,branches:u,branches,10832599.0,55.0,nan,,ok
913.652664,1448.0,,branch-misses:u,branch-misses,13410628.0,69.0,42.08,of all branches,ok
913.652664,125891.0,,L1-dcache-loads:u,l1-dcache-loads,13439211.0,69.0,nan,,ok
913.652664,32989.0,,cache-references:u,cache-references,12986187.0,66.0,nan,,ok
913.652664,3075.0,,cache-misses:u,cache-misses,12002709.0,61.0,9.32,of all cache refs,ok
913.652664,1755460.0,,stalled-cycles-frontend:u,stalled-cycles-frontend,4014715.0,20.0,40.49,frontend cycles idle,ok
925.206398,38754.0,,instructions:u,instructions,9021742.0,37.0,0.01,insn per cycle,ok
925.206398,nan,,,,nan,nan,57.01,stalled cycles per insn,unknown
925.206398,5715990.0,,cycles:u,cycles,9012715.0,37.0,nan,,ok
925.206398,3755.0,,branches:u,branches,11785572.0,48.0,nan,,ok
925.206398,1685.0,,branch-misses:u,branch-misses,15200964.0,62.0,44.87,of all branches,ok
925.206398,158736.0,,L1-dcache-loads:u,l1-dcache-loads,15161223.0,62.0,nan,,ok
925.206398,45322.0,,cache-references:u,cache-references,15127408.0,62.0,nan,,ok
925.206398,4041.0,,cache-misses:u,cache-misses,15116472.0,62.0,8.92,of all cache refs,ok
925.206398,2209263.0,,stalled-cycles-frontend:u,stalled-cycles-frontend,6004950.0,24.0,38.65,frontend cycles idle,ok
936.196336,27513.0,,instructions:u,instructions,3005184.0,31.0,0.01,insn per cycle,ok
936.196336,nan,,,,nan,nan,60.72,stalled cycles per insn,unknown
936.196336,4073441.0,,cycles:u,cycles,3002009.0,31.0,nan,,ok
936.196336,1924.0,,branches:u,branches,4002322.0,41.0,nan,,ok
936.196336,634.0,,branch-misses:u,branch-misses,5596986.0,58.0,32.95,of all branches,ok
936.196336,46281.0,,L1-dcache-loads:u,l1-dcache-loads,6524809.0,68.0,nan,,ok
936.196336,13229.0,,cache-references:u,cache-references,6541320.0,68.0,nan,,ok
936.196336,1827.0,,cache-misses:u,cache-misses,6544495.0,68.0,13.81,of all cache refs,ok
936.196336,1670587.0,,stalled-cycles-frontend:u,stalled-cycles-frontend,2024638.0,21.0,41.01,frontend cycles idle,ok
948.345031,31734.0,,instructions:u,instructions,6057592.0,43.0,0.01,insn per cycle,ok
948.345031,nan,,,,nan,nan,48.97,stalled cycles per insn,unknown
948.345031,4471165.0,,cycles:u,cycles,5041419.0,36.0,nan,,ok
948.345031,2967.0,,branches:u,branches,6039575.0,43.0,nan,,ok
948.345031,1131.0,,branch-misses:u,branch-misses,7046588.0,50.0,38.12,of all branches,ok
948.345031,107160.0,,L1-dcache-loads:u,l1-dcache-loads,6815651.0,49.0,nan,,ok
948.345031,31243.0,,cache-references:u,cache-references,7803007.0,56.0,nan,,ok
948.345031,3355.0,,cache-misses:u,cache-misses,8819180.0,63.0,10.74,of all cache refs,ok
948.345031,1554001.0,,stalled-cycles-frontend:u,stalled-cycles-frontend,4055728.0,29.0,34.76,frontend cycles idle,ok
960.3152809999999,16800.0,,instructions:u,instructions,7555611.0,43.0,0.0,insn per cycle,ok
960.3152809999999,nan,,,,nan,nan,95.02,stalled cycles per insn,unknown
960.3152809999999,3796936.0,,cycles:u,cycles,7042314.0,40.0,nan,,ok
960.3152809999999,1462.0,,branches:u,branches,9057230.0,51.0,nan,,ok
960.3152809999999,596.0,,branch-misses:u,branch-misses,11065507.0,63.0,40.77,of all branches,ok
960.3152809999999,50088.0,,L1-dcache-loads:u,l1-dcache-loads,10059397.0,57.0,nan,,ok
960.3152809999999,14193.0,,cache-references:u,cache-references,10008607.0,56.0,nan,,ok
960.3152809999999,1634.0,,cache-misses:u,cache-misses,10521904.0,59.0,11.51,of all cache refs,ok
960.3152809999999,1596288.0,,stalled-cycles-frontend:u,stalled-cycles-frontend,5507764.0,31.0,42.04,frontend cycles idle,ok
971.476454,34513.0,,instructions:u,instructions,4191459.0,40.0,0.01,insn per cycle,ok
971.476454,nan,,,,nan,nan,54.88,stalled cycles per insn,unknown
971.476454,4529246.0,,cycles:u,cycles,4813643.0,46.0,nan,,ok
971.476454,2318.0,,branches:u,branches,5964170.0,57.0,nan,,ok
971.476454,868.0,,branch-misses:u,branch-misses,6961975.0,66.0,37.45,of all branches,ok
971.476454,87619.0,,L1-dcache-loads:u,l1-dcache-loads,6955730.0,66.0,nan,,ok
971.476454,31182.0,,cache-references:u,cache-references,6149002.0,58.0,nan,,ok
971.476454,4286.0,,cache-misses:u,cache-misses,5781204.0,54.0,13.75,of all cache refs,ok
971.476454,1893991.0,,stalled-cycles-frontend:u,stalled-cycles-frontend,2678954.0,25.0,41.82,frontend cycles idle,ok
982.8093180000001,39864.0,,instructions:u,instructions,6682415.0,31.0,0.01,insn per cycle,ok
982.8093180000001,nan,,,,nan,nan,77.22,stalled cycles per insn,unknown
982.8093180000001,5813470.0,,cycles:u,cycles,6037858.0,28.0,nan,,ok
982.8093180000001,3911.0,,branches:u,branches,8365222.0,38.0,nan,,ok
982.8093180000001,1736.0,,branch-misses:u,branch-misses,12359985.0,57.0,44.39,of all branches,ok
982.8093180000001,138482.0,,L1-dcache-loads:u,l1-dcache-loads,13877997.0,64.0,nan,,ok
982.8093180000001,40262.0,,cache-references:u,cache-references,14859916.0,69.0,nan,,ok
982.8093180000001,3964.0,,cache-misses:u,cache-misses,15250087.0,71.0,9.85,of all cache refs,ok
982.8093180000001,3078111.0,,stalled-cycles-frontend:u,stalled-cycles-frontend,4375031.0,20.0,52.95,frontend cycles idle,ok
994.5065050000001,26760.0,,instructions:u,instructions,5209261.0,32.0,0.01,insn per cycle,ok
994.5065050000001,nan,,,,nan,nan,72.92,stalled cycles per insn,unknown
994.5065050000001,5326104.0,,cycles:u,cycles,5963354.0,36.0,nan,,ok
994.5065050000001,2464.0,,branches:u,branches,7973944.0,49.0,nan,,ok
994.5065050000001,970.0,,branch-misses:u,branch-misses,9984180.0,61.0,39.37,of all branches,ok
994.5065050000001,77360.0,,L1-dcache-loads:u,l1-dcache-loads,10507033.0,64.0,nan,,ok
994.5065050000001,23734.0,,cache-references:u,cache-references,11083818.0,68.0,nan,,ok
994.5065050000001,2671.0,,cache-misses:u,cache-misses,10380085.0,63.0,11.25,of all cache refs,ok
994.5065050000001,1951251.0,,stalled-cycles-frontend:u,stalled-cycles-frontend,3217630.0,19.0,36.64,frontend cycles idle,ok
1005.7070079999999,30352.0,,instructions:u,instructions,7494713.0,39.0,0.01,insn per cycle,ok
1005.7070079999999,nan,,,,nan,nan,59.08,stalled cycles per insn,unknown
1005.7070079999999,3629138.0,,cycles:u,cycles,8034429.0,41.0,nan,,ok
1005.7070079999999,1378.0,,branches:u,branches,11027499.0,57.0,nan,,ok
1005.7070079999999,583.0,,branch-misses:u,branch-misses,13105167.0,68.0,42.31,of all branches,ok
1005.7070079999999,45372.0,,L1-dcache-loads:u,l1-dcache-loads,12092828.0,63.0,nan,,ok
1005.7070079999999,12110.0,,cache-references:u,cache-references,11518552.0,60.0,nan,,ok
1005.7070079999999,2096.0,,cache-misses:u,cache-misses,10928476.0,57.0,17.31,of all cache refs,ok
1005.7070079999999,1793293.0,,stalled-cycles-frontend:u,stalled-cycles-frontend,5452434.0,28.0,49.41,frontend cycles idle,ok
1016.727623,nan,,instructions:u,instructions,0.0,100.0,nan,,ok
1016.727623,nan,,cycles:u,cycles,0.0,100.0,nan,,ok
1016.727623,nan,,branches:u,branches,0.0,100.0,nan,,ok
1016.727623,nan,,branch-misses:u,branch-misses,0.0,100.0,nan,,ok
1016.727623,nan,,L1-dcache-loads:u,l1-dcache-loads,0.0,100.0,nan,,ok
1016.727623,nan,,cache-references:u,cache-references,0.0,100.0,nan,,ok
1016.727623,nan,,cache-misses:u,cache-misses,0.0,100.0,nan,,ok
1016.727623,nan,,stalled-cycles-frontend:u,stalled-cycles-frontend,0.0,100.0,nan,,ok
1027.535957,nan,,instructions:u,instructions,0.0,100.0,nan,,ok
1027.535957,nan,,cycles:u,cycles,0.0,100.0,nan,,ok
1027.535957,nan,,branches:u,branches,0.0,100.0,nan,,ok
1027.535957,nan,,branch-misses:u,branch-misses,0.0,100.0,nan,,ok
1027.535957,nan,,L1-dcache-loads:u,l1-dcache-loads,0.0,100.0,nan,,ok
1027.535957,nan,,cache-references:u,cache-references,0.0,100.0,nan,,ok
1027.535957,nan,,cache-misses:u,cache-misses,0.0,100.0,nan,,ok
1027.535957,nan,,stalled-cycles-frontend:u,stalled-cycles-frontend,0.0,100.0,nan,,ok
1038.547926,31148.0,,instructions:u,instructions,8500353.0,40.0,0.01,insn per cycle,ok
1038.547926,nan,,,,nan,nan,64.5,stalled cycles per insn,unknown
1038.547926,4246222.0,,cycles:u,cycles,10509344.0,50.0,nan,,ok
1038.547926,3397.0,,branches:u,branches,13545519.0,64.0,nan,,ok
1038.547926,1494.0,,branch-misses:u,branch-misses,15570917.0,74.0,43.98,of all branches,ok
1038.547926,131277.0,,L1-dcache-loads:u,l1-dcache-loads,14583968.0,69.0,nan,,ok
1038.547926,39035.0,,cache-references:u,cache-references,12556103.0,59.0,nan,,ok
1038.547926,3717.0,,cache-misses:u,cache-misses,10580068.0,50.0,9.52,of all cache refs,ok
1038.547926,2009051.0,,stalled-cycles-frontend:u,stalled-cycles-frontend,4974292.0,23.0,47.31,frontend cycles idle,ok
1049.954069,16141.0,,instructions:u,instructions,3047247.0,26.0,0.0,insn per cycle,ok
1049.954069,nan,,,,nan,nan,81.57,stalled cycles per insn,unknown
1049.954069,3982458.0,,cycles:u,cycles,2998785.0,26.0,nan,,ok
1049.954069,1376.0,,branches:u,branches,3995727.0,34.0,nan,,ok
1049.954069,664.0,,branch-misses:u,branch-misses,5968788.0,52.0,48.26,of all branches,ok
1049.954069,59959.0,,L1-dcache-loads:u,l1-dcache-loads,6954029.0,60.0,nan,,ok
1049.954069,19542.0,,cache-references:u,cache-references,8386693.0,73.0,nan,,ok
1049.954069,1715.0,,cache-misses:u,cache-misses,8427706.0,73.0,8.78,of all cache refs,ok
1049.954069,1316553.0,,stalled-cycles-frontend:u,stalled-cycles-frontend,2042430.0,17.0,33.06,frontend cycles idle,ok
1061.847398,2503.0,,instructions:u,instructions,1036199.0,59.0,nan,,ok
1061.847398,nan,,,,nan,nan,79.11,stalled cycles per insn,unknown
1061.847398,0.0,,cycles:u,cycles,32900.0,1.0,nan,,ok
1061.847398,446.0,,branches:u,branches,569229.0,33.0,nan,,ok
1061.847398,136.0,,branch-misses:u,branch-misses,569229.0,33.0,30.49,of all branches,ok
1061.847398,12991.0,,L1-dcache-loads:u,l1-dcache-loads,536329.0,31.0,nan,,ok
1061.847398,4128.0,,cache-references:u,cache-references,606848.0,36.0,nan,,ok
1061.847398,419.0,,cache-misses:u,cache-misses,1584640.0,97.0,10.15,of all cache refs,ok
1061.847398,198015.0,,stalled-cycles-frontend:u,stalled-cycles-frontend,1036199.0,64.0,nan,,ok
1073.5859830000002,39354.0,,instructions:u,instructions,6005772.0,47.0,0.01,insn per cycle,ok
1073.5859830000002,nan,,,,nan,nan,49.83,stalled cycles per insn,unknown
1073.5859830000002,3225060.0,,cycles:u,cycles,5032930.0,40.0,nan,,ok
1073.5859830000002,3243.0,,branches:u,branches,6504880.0,51.0,nan,,ok
1073.5859830000002,1184.0,,branch-misses:u,branch-misses,7536797.0,60.0,36.51,of all branches,ok
1073.5859830000002,89343.0,,L1-dcache-loads:u,l1-dcache-loads,6544396.0,52.0,nan,,ok
1073.5859830000002,23894.0,,cache-references:u,cache-references,6529050.0,52.0,nan,,ok
1073.5859830000002,2940.0,,cache-misses:u,cache-misses,7501892.0,59.0,12.3,of all cache refs,ok
1073.5859830000002,1960943.0,,stalled-cycles-frontend:u,stalled-cycles-frontend,4005135.0,31.0,60.8,frontend cycles idle,ok
1084.849178,4190.0,,instructions:u,instructions,700197.0,19.0,nan,,ok
1084.849178,nan,,,,nan,nan,151.81,stalled cycles per insn,unknown
1084.849178,nan,,cycles:u,cycles,0.0,0.0,nan,,ok
1084.849178,nan,,branches:u,branches,0.0,0.0,nan,,ok
1084.849178,185.0,,branch-misses:u,branch-misses,983839.0,26.0,nan,,ok
1084.849178,34263.0,,L1-dcache-loads:u,l1-dcache-loads,1981068.0,53.0,nan,,ok
1084.849178,8690.0,,cache-references:u,cache-references,2981004.0,79.0,nan,,ok
1084.849178,763.0,,cache-misses:u,cache-misses,3749076.0,100.0,8.78,of all cache refs,ok
1084.849178,636067.0,,stalled-cycles-frontend:u,stalled-cycles-frontend,787903.0,20.0,nan,,ok
1095.656209,30099.0,,instructions:u,instructions,4929970.0,31.0,0.01,insn per cycle,ok
1095.656209,nan,,,,nan,nan,71.02,stalled cycles per insn,unknown
1095.656209,2866926.0,,cycles:u,cycles,3075145.0,19.0,nan,,ok
1095.656209,2594.0,,branches:u,branches,4102743.0,25.0,nan,,ok
1095.656209,976.0,,branch-misses:u,branch-misses,7059746.0,44.0,37.63,of all branches,ok
1095.656209,78233.0,,L1-dcache-loads:u,l1-dcache-loads,8975892.0,56.0,nan,,ok
1095.656209,20712.0,,cache-references:u,cache-references,10961145.0,68.0,nan,,ok
1095.656209,2245.0,,cache-misses:u,cache-misses,12890906.0,80.0,10.84,of all cache refs,ok
1095.656209,2137548.0,,stalled-cycles-frontend:u,stalled-cycles-frontend,4034326.0,25.0,74.56,frontend cycles idle,ok
1106.940619,13553.0,,instructions:u,instructions,4461723.0,43.0,0.0,insn per cycle,ok
1106.940619,nan,,,,nan,nan,96.68,stalled cycles per insn,unknown
1106.940619,3395198.0,,cycles:u,cycles,6970891.0,67.0,nan,,ok
1106.940619,1143.0,,branches:u,branches,9778771.0,94.0,nan,,ok
1106.940619,548.0,,branch-misses:u,branch-misses,9896310.0,96.0,47.94,of all branches,ok
1106.940619,50337.0,,L1-dcache-loads:u,l1-dcache-loads,7904867.0,76.0,nan,,ok
1106.940619,14218.0,,cache-references:u,cache-references,5924803.0,57.0,nan,,ok
1106.940619,1049.0,,cache-misses:u,cache-misses,3282653.0,32.0,7.38,of all cache refs,ok
1106.940619,1310360.0,,stalled-cycles-frontend:u,stalled-cycles-frontend,2277719.0,22.0,38.59,frontend cycles idle,ok
1117.732424,nan,,instructions:u,instructions,0.0,0.0,nan,,ok
1117.732424,nan,,cycles:u,cycles,0.0,0.0,nan,,ok
1117.732424,600.0,,branches:u,branches,180261.0,7.0,nan,,ok
1117.732424,269.0,,branch-misses:u,branch-misses,1172221.0,52.0,44.83,of all branches,ok
1117.732424,16330.0,,L1-dcache-loads:u,l1-dcache-loads,2151869.0,96.0,nan,,ok
1117.732424,5101.0,,cache-references:u,cache-references,2214472.0,100.0,nan,,ok
1117.732424,380.0,,cache-misses:u,cache-misses,2204643.0,100.0,7.45,of all cache refs,ok
1117.732424,nan,,stalled-cycles-frontend:u,stalled-cycles-frontend,0.0,0.0,nan,,ok
1128.553582,nan,,instructions:u,instructions,0.0,100.0,nan,,ok
1128.553582,nan,,cycles:u,cycles,0.0,100.0,nan,,ok
1128.553582,nan,,branches:u,branches,0.0,100.0,nan,,ok
1128.553582,nan,,branch-misses:u,branch-misses,0.0,100.0,nan,,ok
1128.553582,nan,,L1-dcache-loads:u,l1-dcache-loads,0.0,100.0,nan,,ok
1128.553582,nan,,cache-references:u,cache-references,0.0,100.0,nan,,ok
1128.553582,nan,,cache-misses:u,cache-misses,0.0,100.0,nan,,ok
1128.553582,nan,,stalled-cycles-frontend:u,stalled-cycles-frontend,0.0,100.0,nan,,ok
1140.993038,18050.0,,instructions:u,instructions,3687622.0,38.0,0.01,insn per cycle,ok
1140.993038,nan,,,,nan,nan,67.51,stalled cycles per insn,unknown
1140.993038,2809247.0,,cycles:u,cycles,4624175.0,46.0,nan,,ok
1140.993038,1363.0,,branches:u,branches,6570243.0,66.0,nan,,ok
1140.993038,535.0,,branch-misses:u,branch-misses,7606719.0,76.0,39.25,of all branches,ok
1140.993038,40449.0,,L1-dcache-loads:u,l1-dcache-loads,6603687.0,66.0,nan,,ok
1140.993038,12422.0,,cache-references:u,cache-references,6281018.0,63.0,nan,,ok
1140.993038,1117.0,,cache-misses:u,cache-misses,5361550.0,53.0,8.99,of all cache refs,ok
1140.993038,1218519.0,,stalled-cycles-frontend:u,stalled-cycles-frontend,2062823.0,20.0,43.38,frontend cycles idle,ok
1152.24968,33340.0,,instructions:u,instructions,8931404.0,42.0,0.01,insn per cycle,ok
1152.24968,nan,,,,nan,nan,69.51,stalled cycles per insn,unknown
1152.24968,4801488.0,,cycles:u,cycles,6986038.0,33.0,nan,,ok
1152.24968,4165.0,,branches:u,branches,9024657.0,43.0,nan,,ok
1152.24968,1625.0,,branch-misses:u,branch-misses,12036361.0,57.0,39.02,of all branches,ok
1152.24968,141285.0,,L1-dcache-loads:u,l1-dcache-loads,11852135.0,56.0,nan,,ok
1152.24968,45867.0,,cache-references:u,cache-references,11753259.0,56.0,nan,,ok
1152.24968,3442.0,,cache-misses:u,cache-misses,13704431.0,65.0,7.5,of all cache refs,ok
1152.24968,2317487.0,,stalled-cycles-frontend:u,stalled-cycles-frontend,6263517.0,30.0,48.27,frontend cycles idle,ok
1163.191803,3819.0,,instructions:u,instructions,1873308.0,63.0,0.0,insn per cycle,ok
1163.191803,nan,,,,nan,nan,138.96,stalled cycles per insn,unknown
1163.191803,1056356.0,,cycles:u,cycles,2853241.0,97.0,nan,,ok
1163.191803,315.0,,branches:u,branches,2890887.0,100.0,nan,,ok
1163.191803,149.0,,branch-misses:u,branch-misses,2870856.0,100.0,47.3,of all branches,ok
1163.191803,12244.0,,L1-dcache-loads:u,l1-dcache-loads,2070267.0,72.0,nan,,ok
1163.191803,3380.0,,cache-references:u,cache-references,1074869.0,37.0,nan,,ok
1163.191803,0.0,,cache-misses:u,cache-misses,72045.0,2.0,nan,,ok
1163.191803,530678.0,,stalled-cycles-frontend:u,stalled-cycles-frontend,751633.0,26.0,50.24,frontend cycles idle,ok
1174.153231,5707.0,,instructions:u,instructions,2610195.0,46.0,0.01,insn per cycle,ok
1174.153231,nan,,,,nan,nan,101.82,stalled cycles per insn,unknown
1174.153231,934056.0,,cycles:u,cycles,1614282.0,28.0,nan,,ok
1174.153231,676.0,,branches:u,branches,1614282.0,28.0,nan,,ok
1174.153231,310.0,,branch-misses:u,branch-misses,2599930.0,46.0,45.86,of all branches,ok
1174.153231,31123.0,,L1-dcache-loads:u,l1-dcache-loads,2611643.0,46.0,nan,,ok
1174.153231,9082.0,,cache-references:u,cache-references,2982082.0,52.0,nan,,ok
1174.153231,861.0,,cache-misses:u,cache-misses,4090418.0,71.0,9.48,of all cache refs,ok
1174.153231,581097.0,,stalled-cycles-frontend:u,stalled-cycles-frontend,2105125.0,36.0,62.21,frontend cycles idle,ok
1185.1539280000002,11024.0,,instructions:u,instructions,1001201.0,19.0,0.01,insn per cycle,ok
1185.1539280000002,nan,,,,nan,nan,77.37,stalled cycles per insn,unknown
1185.1539280000002,2171737.0,,cycles:u,cycles,1019000.0,20.0,nan,,ok
1185.1539280000002,1176.0,,branches:u,branches,2017864.0,40.0,nan,,ok
1185.1539280000002,470.0,,branch-misses:u,branch-misses,3014613.0,60.0,39.97,of all branches,ok
1185.1539280000002,34532.0,,L1-dcache-loads:u,l1-dcache-loads,3986234.0,80.0,nan,,ok
1185.1539280000002,11266.0,,cache-references:u,cache-references,4036420.0,81.0,nan,,ok
1185.1539280000002,637.0,,cache-misses:u,cache-misses,3906198.0,79.0,5.65,of all cache refs,ok
1185.1539280000002,852903.0,,stalled-cycles-frontend:u,stalled-cycles-frontend,872415.0,17.0,39.27,frontend cycles idle,ok
1196.249155,nan,,instructions:u,instructions,0.0,100.0,nan,,ok
1196.249155,nan,,cycles:u,cycles,0.0,100.0,nan,,ok
1196.249155,nan,,branches:u,branches,0.0,100.0,nan,,ok
1196.249155,nan,,branch-misses:u,branch-misses,0.0,100.0,nan,,ok
1196.249155,nan,,L1-dcache-loads:u,l1-dcache-loads,0.0,100.0,nan,,ok
1196.249155,nan,,cache-references:u,cache-references,0.0,100.0,nan,,ok
1196.249155,nan,,cache-misses:u,cache-misses,0.0,100.0,nan,,ok
1196.249155,nan,,stalled-cycles-frontend:u,stalled-cycles-frontend,0.0,100.0,nan,,ok
1207.590677,19828.0,,instructions:u,instructions,2731520.0,17.0,0.0,insn per cycle,ok
1207.590677,nan,,,,nan,nan,174.75,stalled cycles per insn,unknown
1207.590677,5659393.0,,cycles:u,cycles,4211262.0,26.0,nan,,ok
1207.590677,1415.0,,branches:u,branches,7197569.0,45.0,nan,,ok
1207.590677,797.0,,branch-misses:u,branch-misses,10380606.0,65.0,56.33,of all branches,ok
1207.590677,74566.0,,L1-dcache-loads:u,l1-dcache-loads,12159686.0,76.0,nan,,ok
1207.590677,26481.0,,cache-references:u,cache-references,12926660.0,81.0,nan,,ok
1207.590677,2424.0,,cache-misses:u,cache-misses,11696292.0,73.0,9.15,of all cache refs,ok
1207.590677,3464868.0,,stalled-cycles-frontend:u,stalled-cycles-frontend,1798347.0,11.0,61.22,frontend cycles idle,ok
1219.561755,13085.0,,instructions:u,instructions,4493126.0,45.0,0.0,insn per cycle,ok
1219.561755,nan,,,,nan,nan,95.49,stalled cycles per insn,unknown
1219.561755,3571074.0,,cycles:u,cycles,5978045.0,60.0,nan,,ok
1219.561755,1325.0,,branches:u,branches,7982233.0,80.0,nan,,ok
1219.561755,628.0,,branch-misses:u,branch-misses,8070907.0,81.0,47.4,of all branches,ok
1219.561755,56234.0,,L1-dcache-loads:u,l1-dcache-loads,7068769.0,71.0,nan,,ok
1219.561755,16727.0,,cache-references:u,cache-references,5504387.0,56.0,nan,,ok
1219.561755,1719.0,,cache-misses:u,cache-misses,3778124.0,38.0,10.28,of all cache refs,ok
1219.561755,1249464.0,,stalled-cycles-frontend:u,stalled-cycles-frontend,2194283.0,22.0,34.99,frontend cycles idle,ok
1230.498286,6558.0,,instructions:u,instructions,2111246.0,69.0,0.01,insn per cycle,ok
1230.498286,nan,,,,nan,nan,81.8,stalled cycles per insn,unknown
1230.498286,966140.0,,cycles:u,cycles,1100762.0,36.0,nan,,ok
1230.498286,186.0,,branches:u,branches,1100762.0,36.0,nan,,ok
1230.498286,71.0,,branch-misses:u,branch-misses,1100762.0,36.0,38.17,of all branches,ok
1230.498286,0.0,,L1-dcache-loads:u,l1-dcache-loads,107322.0,3.0,nan,,ok
1230.498286,9791.0,,cache-references:u,cache-references,909456.0,30.0,nan,,ok
1230.498286,1176.0,,cache-misses:u,cache-misses,1922397.0,63.0,12.01,of all cache refs,ok
1230.498286,536451.0,,stalled-cycles-frontend:u,stalled-cycles-frontend,2003924.0,66.0,55.53,frontend cycles idle,ok
1241.190537,7471.0,,instructions:u,instructions,4019423.0,51.0,0.0,insn per cycle,ok
1241.190537,nan,,,,nan,nan,166.15,stalled cycles per insn,unknown
1241.190537,2596642.0,,cycles:u,cycles,2102047.0,27.0,nan,,ok
1241.190537,644.0,,branches:u,branches,3099651.0,39.0,nan,,ok
1241.190537,322.0,,branch-misses:u,branch-misses,3159425.0,40.0,50.0,of all branches,ok
1241.190537,36193.0,,L1-dcache-loads:u,l1-dcache-loads,3119178.0,39.0,nan,,ok
1241.190537,15136.0,,cache-references:u,cache-references,3735516.0,47.0,nan,,ok
1241.190537,1116.0,,cache-misses:u,cache-misses,5668088.0,72.0,7.37,of all cache refs,ok
1241.190537,1241344.0,,stalled-cycles-frontend:u,stalled-cycles-frontend,3093431.0,39.0,47.81,frontend cycles idle,ok
1251.921463,15517.0,,instructions:u,instructions,3077016.0,38.0,0.01,insn per cycle,ok
1251.921463,nan,,,,nan,nan,88.65,stalled cycles per insn,unknown
1251.921463,2476435.0,,cycles:u,cycles,2042432.0,25.0,nan,,ok
1251.921463,1891.0,,branches:u,branches,2031656.0,25.0,nan,,ok
1251.921463,843.0,,branch-misses:u,branch-misses,2973515.0,37.0,44.58,of all branches,ok
1251.921463,39272.0,,L1-dcache-loads:u,l1-dcache-loads,3002608.0,37.0,nan,,ok
1251.921463,12862.0,,cache-references:u,cache-references,4921452.0,61.0,nan,,ok
1251.921463,1015.0,,cache-misses:u,cache-misses,5930353.0,74.0,7.89,of all cache refs,ok
1251.921463,1375569.0,,stalled-cycles-frontend:u,stalled-cycles-frontend,2930553.0,37.0,55.55,frontend cycles idle,ok
1263.011624,5738.0,,instructions:u,instructions,2973512.0,74.0,0.0,insn per cycle,ok
1263.011624,nan,,,,nan,nan,132.39,stalled cycles per insn,unknown
1263.011624,1574767.0,,cycles:u,cycles,2990382.0,74.0,nan,,ok
1263.011624,843.0,,branches:u,branches,3032630.0,75.0,nan,,ok
1263.011624,402.0,,branch-misses:u,branch-misses,3032630.0,75.0,47.69,of all branches,ok
1263.011624,43180.0,,L1-dcache-loads:u,l1-dcache-loads,2034570.0,50.0,nan,,ok
1263.011624,18397.0,,cache-references:u,cache-references,1042613.0,25.0,nan,,ok
1263.011624,571.0,,cache-misses:u,cache-misses,1025743.0,25.0,3.1,of all cache refs,ok
1263.011624,759676.0,,stalled-cycles-frontend:u,stalled-cycles-frontend,1981555.0,49.0,48.24,frontend cycles idle,ok
1274.936187,23393.0,,instructions:u,instructions,3043729.0,25.0,0.0,insn per cycle,ok
1274.936187,nan,,,,nan,nan,123.47,stalled cycles per insn,unknown
1274.936187,4827168.0,,cycles:u,cycles,2047361.0,17.0,nan,,ok
1274.936187,2089.0,,branches:u,branches,3042610.0,25.0,nan,,ok
1274.936187,898.0,,branch-misses:u,branch-misses,5990447.0,49.0,42.99,of all branches,ok
1274.936187,85289.0,,L1-dcache-loads:u,l1-dcache-loads,7951242.0,66.0,nan,,ok
1274.936187,26933.0,,cache-references:u,cache-references,8971645.0,74.0,nan,,ok
1274.936187,2509.0,,cache-misses:u,cache-misses,9968013.0,82.0,9.32,of all cache refs,ok
1274.936187,2888329.0,,stalled-cycles-frontend:u,stalled-cycles-frontend,2062232.0,17.0,59.83,frontend cycles idle,ok
1288.889088,14233.0,,instructions:u,instructions,3979219.0,59.0,0.0,insn per cycle,ok
1288.889088,nan,,,,nan,nan,113.94,stalled cycles per insn,unknown
1288.889088,2863966.0,,cycles:u,cycles,4992528.0,74.0,nan,,ok
1288.889088,1244.0,,branches:u,branches,5758220.0,85.0,nan,,ok
1288.889088,589.0,,branch-misses:u,branch-misses,5768294.0,85.0,47.35,of all branches,ok
1288.889088,53976.0,,L1-dcache-loads:u,l1-dcache-loads,4776348.0,70.0,nan,,ok
1288.889088,17481.0,,cache-references:u,cache-references,2795149.0,41.0,nan,,ok
1288.889088,1947.0,,cache-misses:u,cache-misses,1790166.0,26.0,11.14,of all cache refs,ok
1288.889088,1621654.0,,stalled-cycles-frontend:u,stalled-cycles-frontend,1990096.0,29.0,56.62,frontend cycles idle,ok
1300.351357,23840.0,,instructions:u,instructions,3024756.0,39.0,0.01,insn per cycle,ok
1300.351357,nan,,,,nan,nan,69.48,stalled cycles per insn,unknown
1300.351357,3148330.0,,cycles:u,cycles,3027991.0,39.0,nan,,ok
1300.351357,2213.0,,branches:u,branches,3692793.0,48.0,nan,,ok
1300.351357,1111.0,,branch-misses:u,branch-misses,4716054.0,61.0,50.2,of all branches,ok
1300.351357,75919.0,,L1-dcache-loads:u,l1-dcache-loads,4728852.0,61.0,nan,,ok
1300.351357,23826.0,,cache-references:u,cache-references,4728283.0,60.0,nan,,ok
1300.351357,1743.0,,cache-misses:u,cache-misses,4743185.0,61.0,7.32,of all cache refs,ok
1300.351357,1656336.0,,stalled-cycles-frontend:u,stalled-cycles-frontend,2004561.0,25.0,52.61,frontend cycles idle,ok
1312.061677,0.0,,instructions:u,instructions,22169.0,0.0,nan,,ok
1312.061677,nan,,cycles:u,cycles,0.0,0.0,nan,,ok
1312.061677,1071.0,,branches:u,branches,1585414.0,28.0,nan,,ok
1312.061677,475.0,,branch-misses:u,branch-misses,3560160.0,63.0,44.35,of all branches,ok
1312.061677,43755.0,,L1-dcache-loads:u,l1-dcache-loads,4571290.0,81.0,nan,,ok
1312.061677,14598.0,,cache-references:u,cache-references,5533842.0,99.0,nan,,ok
1312.061677,1101.0,,cache-misses:u,cache-misses,5529548.0,100.0,7.54,of all cache refs,ok
1312.061677,0.0,,stalled-cycles-frontend:u,stalled-cycles-frontend,22169.0,0.0,nan,,ok
1325.659139,23862.0,,instructions:u,instructions,3984453.0,54.0,0.01,insn per cycle,ok
1325.659139,nan,,,,nan,nan,61.31,stalled cycles per insn,unknown
1325.659139,3038254.0,,cycles:u,cycles,5985839.0,82.0,nan,,ok
1325.659139,1974.0,,branches:u,branches,7232328.0,99.0,nan,,ok
1325.659139,940.0,,branch-misses:u,branch-misses,7263030.0,100.0,47.62,of all branches,ok
1325.659139,79552.0,,L1-dcache-loads:u,l1-dcache-loads,5287894.0,72.0,nan,,ok
1325.659139,22073.0,,cache-references:u,cache-references,3278577.0,45.0,nan,,ok
1325.659139,1256.0,,cache-misses:u,cache-misses,1277191.0,17.0,5.69,of all cache refs,ok
1325.659139,1463048.0,,stalled-cycles-frontend:u,stalled-cycles-frontend,1975136.0,27.0,48.15,frontend cycles idle,ok
1339.421365,26348.0,,instructions:u,instructions,2030318.0,50.0,0.02,insn per cycle,ok
1339.421365,nan,,,,nan,nan,38.14,stalled cycles per insn,unknown
1339.421365,1728626.0,,cycles:u,cycles,1031026.0,25.0,nan,,ok
1339.421365,1790.0,,branches:u,branches,1031026.0,25.0,nan,,ok
1339.421365,570.0,,branch-misses:u,branch-misses,1031026.0,25.0,31.84,of all branches,ok
1339.421365,46421.0,,L1-dcache-loads:u,l1-dcache-loads,1000099.0,24.0,nan,,ok
1339.421365,19729.0,,cache-references:u,cache-references,1973625.0,49.0,nan,,ok
1339.421365,2626.0,,cache-misses:u,cache-misses,2972917.0,74.0,13.31,of all cache refs,ok
1339.421365,1004836.0,,stalled-cycles-frontend:u,stalled-cycles-frontend,2006079.0,50.0,58.13,frontend cycles idle,ok
1352.388437,32134.0,,instructions:u,instructions,7037056.0,37.0,0.01,insn per cycle,ok
1352.388437,nan,,,,nan,nan,94.84,stalled cycles per insn,unknown
1352.388437,4909477.0,,cycles:u,cycles,6091891.0,31.0,nan,,ok
1352.388437,2167.0,,branches:u,branches,8749461.0,45.0,nan,,ok
1352.388437,1077.0,,branch-misses:u,branch-misses,11741291.0,61.0,49.7,of all branches,ok
1352.388437,95038.0,,L1-dcache-loads:u,l1-dcache-loads,12144264.0,63.0,nan,,ok
1352.388437,34764.0,,cache-references:u,cache-references,12181266.0,63.0,nan,,ok
1352.388437,3245.0,,cache-misses:u,cache-misses,13165557.0,68.0,9.33,of all cache refs,ok
1352.388437,3047478.0,,stalled-cycles-frontend:u,stalled-cycles-frontend,5028061.0,26.0,62.07,frontend cycles idle,ok
1366.253849,16253.0,,instructions:u,instructions,3380094.0,36.0,0.01,insn per cycle,ok
1366.253849,nan,,,,nan,nan,85.67,stalled cycles per insn,unknown
1366.253849,3135258.0,,cycles:u,cycles,1379730.0,15.0,nan,,ok
1366.253849,1297.0,,branches:u,branches,2351399.0,25.0,nan,,ok
1366.253849,556.0,,branch-misses:u,branch-misses,3356355.0,36.0,42.87,of all branches,ok
1366.253849,64358.0,,L1-dcache-loads:u,l1-dcache-loads,3723397.0,41.0,nan,,ok
1366.253849,28673.0,,cache-references:u,cache-references,5671499.0,62.0,nan,,ok
1366.253849,2086.0,,cache-misses:u,cache-misses,7653991.0,84.0,7.28,of all cache refs,ok
1366.253849,1392376.0,,stalled-cycles-frontend:u,stalled-cycles-frontend,3352636.0,37.0,44.41,frontend cycles idle,ok
1379.1220609999998,10186.0,,instructions:u,instructions,3065945.0,28.0,0.0,insn per cycle,ok
1379.1220609999998,nan,,,,nan,nan,76.55,stalled cycles per insn,unknown
1379.1220609999998,2179900.0,,cycles:u,cycles,3044492.0,28.0,nan,,ok
1379.1220609999998,966.0,,branches:u,branches,4045926.0,37.0,nan,,ok
1379.1220609999998,638.0,,branch-misses:u,branch-misses,5896810.0,54.0,66.05,of all branches,ok
1379.1220609999998,67652.0,,L1-dcache-loads:u,l1-dcache-loads,6686225.0,62.0,nan,,ok
1379.1220609999998,23463.0,,cache-references:u,cache-references,7650907.0,71.0,nan,,ok
1379.1220609999998,1869.0,,cache-misses:u,cache-misses,7651106.0,71.0,7.97,of all cache refs,ok
1379.1220609999998,779769.0,,stalled-cycles-frontend:u,stalled-cycles-frontend,2071320.0,19.0,35.77,frontend cycles idle,ok
1394.300688,12688.0,,instructions:u,instructions,2962241.0,36.0,0.01,insn per cycle,ok
1394.300688,nan,,,,nan,nan,88.33,stalled cycles per insn,unknown
1394.300688,1780111.0,,cycles:u,cycles,4960812.0,61.0,nan,,ok
1394.300688,962.0,,branches:u,branches,6956831.0,86.0,nan,,ok
1394.300688,429.0,,branch-misses:u,branch-misses,8013146.0,99.0,44.59,of all branches,ok
1394.300688,37374.0,,L1-dcache-loads:u,l1-dcache-loads,7080056.0,87.0,nan,,ok
1394.300688,12088.0,,cache-references:u,cache-references,5093235.0,63.0,nan,,ok
1394.300688,1650.0,,cache-misses:u,cache-misses,3094664.0,38.0,13.65,of all cache refs,ok
1394.300688,1120732.0,,stalled-cycles-frontend:u,stalled-cycles-frontend,975420.0,12.0,62.96,frontend cycles idle,ok
1409.2082990000001,18537.0,,instructions:u,instructions,7996296.0,42.0,0.0,insn per cycle,ok
1409.2082990000001,nan,,,,nan,nan,88.33,stalled cycles per insn,unknown
1409.2082990000001,4723268.0,,cycles:u,cycles,7131311.0,37.0,nan,,ok
1409.2082990000001,2030.0,,branches:u,branches,9206155.0,48.0,nan,,ok
1409.2082990000001,942.0,,branch-misses:u,branch-misses,12242815.0,63.0,46.4,of all branches,ok
1409.2082990000001,87084.0,,L1-dcache-loads:u,l1-dcache-loads,11332395.0,58.0,nan,,ok
1409.2082990000001,23305.0,,cache-references:u,cache-references,10999983.0,57.0,nan,,ok
1409.2082990000001,1706.0,,cache-misses:u,cache-misses,11931947.0,61.0,7.32,of all cache refs,ok
1409.2082990000001,1637392.0,,stalled-cycles-frontend:u,stalled-cycles-frontend,5926303.0,30.0,34.67,frontend cycles idle,ok
1444.25098,33776.0,,instructions:u,instructions,6966364.0,34.0,0.01,insn per cycle,ok
1444.25098,nan,,,,nan,nan,122.33,stalled cycles per insn,unknown
1444.25098,6309018.0,,cycles:u,cycles,7897955.0,39.0,nan,,ok
1444.25098,2853.0,,branches:u,branches,10846137.0,54.0,nan,,ok
1444.25098,1267.0,,branch-misses:u,branch-misses,12945172.0,64.0,44.41,of all branches,ok
1444.25098,100122.0,,L1-dcache-loads:u,l1-dcache-loads,13866245.0,69.0,nan,,ok
1444.25098,33800.0,,cache-references:u,cache-references,13337625.0,66.0,nan,,ok
1444.25098,3523.0,,cache-misses:u,cache-misses,12385798.0,61.0,10.42,of all cache refs,ok
1444.25098,4131909.0,,stalled-cycles-frontend:u,stalled-cycles-frontend,4019355.0,20.0,65.49,frontend cycles idle,ok
1463.2319929999999,30172.0,,instructions:u,instructions,6033557.0,35.0,0.0,insn per cycle,ok
1463.2319929999999,nan,,,,nan,nan,91.97,stalled cycles per insn,unknown
1463.2319929999999,6095238.0,,cycles:u,cycles,7001219.0,41.0,nan,,ok
1463.2319929999999,2720.0,,branches:u,branches,10001060.0,58.0,nan,,ok
1463.2319929999999,1259.0,,branch-misses:u,branch-misses,12002461.0,70.0,46.29,of all branches,ok
1463.2319929999999,99563.0,,L1-dcache-loads:u,l1-dcache-loads,11071480.0,65.0,nan,,ok
1463.2319929999999,27143.0,,cache-references:u,cache-references,10908582.0,64.0,nan,,ok
1463.2319929999999,2029.0,,cache-misses:u,cache-misses,9904105.0,58.0,7.48,of all cache refs,ok
1463.2319929999999,2774969.0,,stalled-cycles-frontend:u,stalled-cycles-frontend,4032997.0,23.0,45.53,frontend cycles idle,ok
1476.257591,5645.0,,instructions:u,instructions,1924467.0,31.0,0.01,insn per cycle,ok
1476.257591,nan,,,,nan,nan,97.59,stalled cycles per insn,unknown
1476.257591,919499.0,,cycles:u,cycles,2072845.0,33.0,nan,,ok
1476.257591,513.0,,branches:u,branches,2088953.0,33.0,nan,,ok
1476.257591,423.0,,branch-misses:u,branch-misses,3962838.0,64.0,82.46,of all branches,ok
1476.257591,41345.0,,L1-dcache-loads:u,l1-dcache-loads,5068623.0,81.0,nan,,ok
1476.257591,14016.0,,cache-references:u,cache-references,4337782.0,69.0,nan,,ok
1476.257591,1183.0,,cache-misses:u,cache-misses,4124039.0,65.0,8.44,of all cache refs,ok
1476.257591,550877.0,,stalled-cycles-frontend:u,stalled-cycles-frontend,917231.0,14.0,59.91,frontend cycles idle,ok
1508.2371269999999,23904.0,,instructions:u,instructions,5128460.0,34.0,0.0,insn per cycle,ok
1508.2371269999999,nan,,,,nan,nan,93.65,stalled cycles per insn,unknown
1508.2371269999999,5685575.0,,cycles:u,cycles,3979532.0,26.0,nan,,ok
1508.2371269999999,2606.0,,branches:u,branches,5993548.0,40.0,nan,,ok
1508.2371269999999,964.0,,branch-misses:u,branch-misses,7013655.0,47.0,36.99,of all branches,ok
1508.2371269999999,73403.0,,L1-dcache-loads:u,l1-dcache-loads,7751412.0,52.0,nan,,ok
1508.2371269999999,24206.0,,cache-references:u,cache-references,9494241.0,64.0,nan,,ok
1508.2371269999999,2383.0,,cache-misses:u,cache-misses,10719291.0,73.0,9.84,of all cache refs,ok
1508.2371269999999,2238574.0,,stalled-cycles-frontend:u,stalled-cycles-frontend,4232184.0,28.0,39.37,frontend cycles idle,ok
1541.237298,29927.0,,instructions:u,instructions,8097569.0,33.0,0.0,insn per cycle,ok
1541.237298,nan,,,,nan,nan,95.16,stalled cycles per insn,unknown
1541.237298,6816842.0,,cycles:u,cycles,9004309.0,37.0,nan,,ok
1541.237298,2768.0,,branches:u,branches,11958120.0,49.0,nan,,ok
1541.237298,1405.0,,branch-misses:u,branch-misses,15963671.0,66.0,50.76,of all branches,ok
1541.237298,110531.0,,L1-dcache-loads:u,l1-dcache-loads,16110449.0,66.0,nan,,ok
1541.237298,32165.0,,cache-references:u,cache-references,16037411.0,66.0,nan,,ok
1541.237298,2768.0,,cache-misses:u,cache-misses,15170780.0,62.0,8.61,of all cache refs,ok
1541.237298,2847885.0,,stalled-cycles-frontend:u,stalled-cycles-frontend,5013149.0,20.0,41.78,frontend cycles idle,ok
1554.212481,9236.0,,instructions:u,instructions,2991673.0,60.0,0.0,insn per cycle,ok
1554.212481,nan,,,,nan,nan,95.25,stalled cycles per insn,unknown
1554.212481,1983840.0,,cycles:u,cycles,1073709.0,21.0,nan,,ok
1554.212481,431.0,,branches:u,branches,1073709.0,21.0,nan,,ok
1554.212481,151.0,,branch-misses:u,branch-misses,1073709.0,21.0,35.03,of all branches,ok
1554.212481,20953.0,,L1-dcache-loads:u,l1-dcache-loads,1028977.0,20.0,nan,,ok
1554.212481,7576.0,,cache-references:u,cache-references,1973084.0,40.0,nan,,ok
1554.212481,1167.0,,cache-misses:u,cache-misses,3830254.0,78.0,15.4,of all cache refs,ok
1554.212481,879749.0,,stalled-cycles-frontend:u,stalled-cycles-frontend,2867648.0,58.0,44.35,frontend cycles idle,ok
1567.2547100000002,21311.0,,instructions:u,instructions,3023017.0,29.0,0.01,insn per cycle,ok
1567.2547100000002,nan,,,,nan,nan,99.3,stalled cycles per insn,unknown
1567.2547100000002,3887320.0,,cycles:u,cycles,3013091.0,29.0,nan,,ok
1567.2547100000002,1313.0,,branches:u,branches,4013529.0,39.0,nan,,ok
1567.2547100000002,760.0,,branch-misses:u,branch-misses,6008135.0,58.0,57.88,of all branches,ok
1567.2547100000002,63694.0,,L1-dcache-loads:u,l1-dcache-loads,7022333.0,68.0,nan,,ok
1567.2547100000002,19654.0,,cache-references:u,cache-references,7295260.0,70.0,nan,,ok
1567.2547100000002,2017.0,,cache-misses:u,cache-misses,7336150.0,70.0,10.26,of all cache refs,ok
1567.2547100000002,2116080.0,,stalled-cycles-frontend:u,stalled-cycles-frontend,1999869.0,19.0,54.44,frontend cycles idle,ok
1584.242229,23382.0,,instructions:u,instructions,7031572.0,50.0,0.01,insn per cycle,ok
1584.242229,nan,,,,nan,nan,99.69,stalled cycles per insn,unknown
1584.242229,3971381.0,,cycles:u,cycles,7065418.0,50.0,nan,,ok
1584.242229,1540.0,,branches:u,branches,9066332.0,65.0,nan,,ok
1584.242229,763.0,,branch-misses:u,branch-misses,10128392.0,72.0,49.55,of all branches,ok
1584.242229,62177.0,,L1-dcache-loads:u,l1-dcache-loads,8119264.0,58.0,nan,,ok
1584.242229,19525.0,,cache-references:u,cache-references,6798384.0,49.0,nan,,ok
1584.242229,2161.0,,cache-misses:u,cache-misses,6733574.0,48.0,11.07,of all cache refs,ok
1584.242229,2331005.0,,stalled-cycles-frontend:u,stalled-cycles-frontend,4034648.0,29.0,58.7,frontend cycles idle,ok
1624.220708,25547.0,,instructions:u,instructions,9934298.0,41.0,0.0,insn per cycle,ok
1624.220708,nan,,,,nan,nan,122.65,stalled cycles per insn,unknown
1624.220708,5651991.0,,cycles:u,cycles,11943354.0,49.0,nan,,ok
1624.220708,2152.0,,branches:u,branches,15955334.0,66.0,nan,,ok
1624.220708,897.0,,branch-misses:u,branch-misses,18042867.0,74.0,41.68,of all branches,ok
1624.220708,85559.0,,L1-dcache-loads:u,l1-dcache-loads,16253531.0,67.0,nan,,ok
1624.220708,33629.0,,cache-references:u,cache-references,14154244.0,58.0,nan,,ok
1624.220708,3263.0,,cache-misses:u,cache-misses,12158080.0,50.0,9.7,of all cache refs,ok
1624.220708,3133404.0,,stalled-cycles-frontend:u,stalled-cycles-frontend,5858169.0,24.0,55.44,frontend cycles idle,ok
1639.2308229999999,20795.0,,instructions:u,instructions,2066827.0,20.0,0.0,insn per cycle,ok
1639.2308229999999,nan,,,,nan,nan,45.88,stalled cycles per insn,unknown
1639.2308229999999,4504303.0,,cycles:u,cycles,1947500.0,19.0,nan,,ok
1639.2308229999999,3657.0,,branches:u,branches,2933734.0,29.0,nan,,ok
1639.2308229999999,1488.0,,branch-misses:u,branch-misses,4926373.0,48.0,40.69,of all branches,ok
1639.2308229999999,103596.0,,L1-dcache-loads:u,l1-dcache-loads,6897403.0,68.0,nan,,ok
1639.2308229999999,29555.0,,cache-references:u,cache-references,8005858.0,79.0,nan,,ok
1639.2308229999999,2017.0,,cache-misses:u,cache-misses,8206789.0,81.0,6.82,of all cache refs,ok
1639.2308229999999,954096.0,,stalled-cycles-frontend:u,stalled-cycles-frontend,1245133.0,12.0,21.18,frontend cycles idle,ok
1653.261288,3446.0,,instructions:u,instructions,1920189.0,100.0,0.0,insn per cycle,ok
1653.261288,nan,,,,nan,nan,103.26,stalled cycles per insn,unknown
1653.261288,892253.0,,cycles:u,cycles,1017449.0,53.0,nan,,ok
1653.261288,372.0,,branches:u,branches,1017449.0,53.0,nan,,ok
1653.261288,172.0,,branch-misses:u,branch-misses,1017449.0,54.0,46.24,of all branches,ok
1653.261288,0.0,,L1-dcache-loads:u,l1-dcache-loads,23166.0,1.0,nan,,ok
1653.261288,nan,,cache-references:u,cache-references,0.0,0.0,nan,,ok
1653.261288,239.0,,cache-misses:u,cache-misses,808244.0,44.0,nan,,ok
1653.261288,355818.0,,stalled-cycles-frontend:u,stalled-cycles-frontend,1785321.0,98.0,39.88,frontend cycles idle,ok
1671.241411,21708.0,,instructions:u,instructions,6127453.0,37.0,0.0,insn per cycle,ok
1671.241411,nan,,,,nan,nan,98.7,stalled cycles per insn,unknown
1671.241411,4438275.0,,cycles:u,cycles,4366702.0,26.0,nan,,ok
1671.241411,1599.0,,branches:u,branches,5417913.0,33.0,nan,,ok
1671.241411,683.0,,branch-misses:u,branch-misses,7389472.0,45.0,42.71,of all branches,ok
1671.241411,79119.0,,L1-dcache-loads:u,l1-dcache-loads,9321416.0,56.0,nan,,ok
1671.241411,25440.0,,cache-references:u,cache-references,10292383.0,62.0,nan,,ok
1671.241411,2880.0,,cache-misses:u,cache-misses,11902641.0,72.0,11.32,of all cache refs,ok
1671.241411,2142677.0,,stalled-cycles-frontend:u,stalled-cycles-frontend,4063359.0,24.0,48.28,frontend cycles idle,ok
1689.266921,13302.0,,instructions:u,instructions,2997942.0,27.0,0.0,insn per cycle,ok
1689.266921,nan,,,,nan,nan,125.65,stalled cycles per insn,unknown
1689.266921,3448253.0,,cycles:u,cycles,3787306.0,35.0,nan,,ok
1689.266921,1120.0,,branches:u,branches,5728776.0,53.0,nan,,ok
1689.266921,452.0,,branch-misses:u,branch-misses,7699855.0,71.0,40.36,of all branches,ok
1689.266921,38724.0,,L1-dcache-loads:u,l1-dcache-loads,7675053.0,71.0,nan,,ok
1689.266921,12568.0,,cache-references:u,cache-references,7650971.0,71.0,nan,,ok
1689.266921,947.0,,cache-misses:u,cache-misses,7012100.0,65.0,7.54,of all cache refs,ok
1689.266921,1671408.0,,stalled-cycles-frontend:u,stalled-cycles-frontend,1999269.0,18.0,48.47,frontend cycles idle,ok
1723.2692510000002,58271.0,,instructions:u,instructions,11989665.0,42.0,0.01,insn per cycle,ok
1723.2692510000002,nan,,,,nan,nan,79.8,stalled cycles per insn,unknown
1723.2692510000002,9767044.0,,cycles:u,cycles,12987712.0,46.0,nan,,ok
1723.2692510000002,5098.0,,branches:u,branches,16996384.0,60.0,nan,,ok
1723.2692510000002,2167.0,,branch-misses:u,branch-misses,19097748.0,67.0,42.51,of all branches,ok
1723.2692510000002,180134.0,,L1-dcache-loads:u,l1-dcache-loads,17183492.0,61.0,nan,,ok
1723.2692510000002,58040.0,,cache-references:u,cache-references,16153698.0,57.0,nan,,ok
1723.2692510000002,5825.0,,cache-misses:u,cache-misses,15155651.0,53.0,10.04,of all cache refs,ok
1723.2692510000002,4649787.0,,stalled-cycles-frontend:u,stalled-cycles-frontend,7968023.0,28.0,47.61,frontend cycles idle,ok
1741.249368,13838.0,,instructions:u,instructions,5006638.0,41.0,0.0,insn per cycle,ok
1741.249368,nan,,,,nan,nan,89.31,stalled cycles per insn,unknown
1741.249368,2891535.0,,cycles:u,cycles,6003717.0,49.0,nan,,ok
1741.249368,1181.0,,branches:u,branches,8000955.0,66.0,nan,,ok
1741.249368,616.0,,branch-misses:u,branch-misses,9058386.0,75.0,52.16,of all branches,ok
1741.249368,57048.0,,L1-dcache-loads:u,l1-dcache-loads,8060401.0,66.0,nan,,ok
1741.249368,20546.0,,cache-references:u,cache-references,7051119.0,58.0,nan,,ok
1741.249368,2256.0,,cache-misses:u,cache-misses,6054040.0,50.0,10.98,of all cache refs,ok
1741.249368,1235906.0,,stalled-cycles-frontend:u,stalled-cycles-frontend,3000521.0,24.0,42.74,frontend cycles idle,ok
1754.242749,18593.0,,instructions:u,instructions,3981095.0,32.0,0.0,insn per cycle,ok
1754.242749,nan,,,,nan,nan,139.71,stalled cycles per insn,unknown
1754.242749,3746720.0,,cycles:u,cycles,5000468.0,41.0,nan,,ok
1754.242749,1180.0,,branches:u,branches,7008746.0,57.0,nan,,ok
1754.242749,589.0,,branch-misses:u,branch-misses,9002854.0,74.0,49.92,of all branches,ok
1754.242749,49822.0,,L1-dcache-loads:u,l1-dcache-loads,9096083.0,75.0,nan,,ok
1754.242749,18045.0,,cache-references:u,cache-references,8118042.0,67.0,nan,,ok
1754.242749,1724.0,,cache-misses:u,cache-misses,7098669.0,58.0,9.55,of all cache refs,ok
1754.242749,2597703.0,,stalled-cycles-frontend:u,stalled-cycles-frontend,2009017.0,16.0,69.33,frontend cycles idle,ok
1780.34032,25468.0,,instructions:u,instructions,7031342.0,40.0,0.0,insn per cycle,ok
1780.34032,nan,,,,nan,nan,89.41,stalled cycles per insn,unknown
1780.34032,6200740.0,,cycles:u,cycles,5060731.0,28.0,nan,,ok
1780.34032,3236.0,,branches:u,branches,6060817.0,34.0,nan,,ok
1780.34032,1067.0,,branch-misses:u,branch-misses,9046083.0,51.0,32.97,of all branches,ok
1780.34032,107326.0,,L1-dcache-loads:u,l1-dcache-loads,9520119.0,54.0,nan,,ok
1780.34032,30296.0,,cache-references:u,cache-references,10530171.0,59.0,nan,,ok
1780.34032,2849.0,,cache-misses:u,cache-misses,12500782.0,71.0,9.4,of all cache refs,ok
1780.34032,2277068.0,,stalled-cycles-frontend:u,stalled-cycles-frontend,5028705.0,28.0,36.72,frontend cycles idle,ok
1812.3125229999998,43240.0,,instructions:u,instructions,8086907.0,40.0,0.01,insn per cycle,ok
1812.3125229999998,nan,,,,nan,nan,77.29,stalled cycles per insn,unknown
1812.3125229999998,6178582.0,,cycles:u,cycles,7076726.0,35.0,nan,,ok
1812.3125229999998,2778.0,,branches:u,branches,9083130.0,45.0,nan,,ok
1812.3125229999998,1199.0,,branch-misses:u,branch-misses,11071785.0,55.0,43.16,of all branches,ok
1812.3125229999998,82024.0,,L1-dcache-loads:u,l1-dcache-loads,11022222.0,54.0,nan,,ok
1812.3125229999998,31610.0,,cache-references:u,cache-references,11974104.0,59.0,nan,,ok
1812.3125229999998,3550.0,,cache-misses:u,cache-misses,12984285.0,64.0,11.23,of all cache refs,ok
1812.3125229999998,3342021.0,,stalled-cycles-frontend:u,stalled-cycles-frontend,6049532.0,30.0,54.09,frontend cycles idle,ok
1843.256953,55832.0,,instructions:u,instructions,7000370.0,34.0,0.01,insn per cycle,ok
1843.256953,nan,,,,nan,nan,69.66,stalled cycles per insn,unknown
1843.256953,6849872.0,,cycles:u,cycles,8071653.0,39.0,nan,,ok
1843.256953,3055.0,,branches:u,branches,11084695.0,54.0,nan,,ok
1843.256953,1405.0,,branch-misses:u,branch-misses,13246151.0,65.0,45.99,of all branches,ok
1843.256953,104268.0,,L1-dcache-loads:u,l1-dcache-loads,13287657.0,65.0,nan,,ok
1843.256953,35763.0,,cache-references:u,cache-references,13305360.0,65.0,nan,,ok
1843.256953,4497.0,,cache-misses:u,cache-misses,12195879.0,60.0,12.57,of all cache refs,ok
1843.256953,3889368.0,,stalled-cycles-frontend:u,stalled-cycles-frontend,4980741.0,24.0,56.78,frontend cycles idle,ok
1857.259719,11700.0,,instructions:u,instructions,2032767.0,17.0,0.0,insn per cycle,ok
1857.259719,nan,,,,nan,nan,95.49,stalled cycles per insn,unknown
1857.259719,2587805.0,,cycles:u,cycles,2923849.0,24.0,nan,,ok
1857.259719,1579.0,,branches:u,branches,4910167.0,41.0,nan,,ok
1857.259719,791.0,,branch-misses:u,branch-misses,7776651.0,65.0,50.09,of all branches,ok
1857.259719,65844.0,,L1-dcache-loads:u,l1-dcache-loads,9742407.0,82.0,nan,,ok
1857.259719,21699.0,,cache-references:u,cache-references,9750344.0,82.0,nan,,ok
1857.259719,1698.0,,cache-misses:u,cache-misses,8897460.0,75.0,7.83,of all cache refs,ok
1857.259719,1117209.0,,stalled-cycles-frontend:u,stalled-cycles-frontend,1034242.0,8.0,43.17,frontend cycles idle,ok
1879.236464,20146.0,,instructions:u,instructions,3131087.0,34.0,0.01,insn per cycle,ok
1879.236464,nan,,,,nan,nan,72.51,stalled cycles per insn,unknown
1879.236464,3748738.0,,cycles:u,cycles,3006961.0,32.0,nan,,ok
1879.236464,1449.0,,branches:u,branches,4007574.0,43.0,nan,,ok
1879.236464,416.0,,branch-misses:u,branch-misses,5028400.0,54.0,28.71,of all branches,ok
1879.236464,34492.0,,L1-dcache-loads:u,l1-dcache-loads,5024238.0,54.0,nan,,ok
1879.236464,10322.0,,cache-references:u,cache-references,5998985.0,65.0,nan,,ok
1879.236464,1252.0,,cache-misses:u,cache-misses,6230423.0,67.0,12.13,of all cache refs,ok
1879.236464,1460840.0,,stalled-cycles-frontend:u,stalled-cycles-frontend,2255370.0,24.0,38.97,frontend cycles idle,ok
1905.2733349999999,39108.0,,instructions:u,instructions,11300702.0,52.0,0.01,insn per cycle,ok
1905.2733349999999,nan,,,,nan,nan,98.75,stalled cycles per insn,unknown
1905.2733349999999,7492708.0,,cycles:u,cycles,8651973.0,40.0,nan,,ok
1905.2733349999999,3849.0,,branches:u,branches,9675242.0,45.0,nan,,ok
1905.2733349999999,1654.0,,branch-misses:u,branch-misses,11691477.0,54.0,42.97,of all branches,ok
1905.2733349999999,127784.0,,L1-dcache-loads:u,l1-dcache-loads,10307187.0,48.0,nan,,ok
1905.2733349999999,30576.0,,cache-references:u,cache-references,10271014.0,47.0,nan,,ok
1905.2733349999999,2584.0,,cache-misses:u,cache-misses,12704332.0,59.0,8.45,of all cache refs,ok
1905.2733349999999,3862008.0,,stalled-cycles-frontend:u,stalled-cycles-frontend,8102186.0,37.0,51.54,frontend cycles idle,ok
1941.228336,41327.0,,instructions:u,instructions,4010686.0,25.0,0.01,insn per cycle,ok
1941.228336,nan,,,,nan,nan,42.56,stalled cycles per insn,unknown
1941.228336,5098422.0,,cycles:u,cycles,6737647.0,42.0,nan,,ok
1941.228336,2984.0,,branches:u,branches,9818933.0,61.0,nan,,ok
1941.228336,1321.0,,branch-misses:u,branch-misses,11820106.0,74.0,44.27,of all branches,ok
1941.228336,111910.0,,L1-dcache-loads:u,l1-dcache-loads,12826591.0,80.0,nan,,ok
1941.228336,30748.0,,cache-references:u,cache-references,11812844.0,74.0,nan,,ok
1941.228336,2717.0,,cache-misses:u,cache-misses,9207306.0,58.0,8.84,of all cache refs,ok
1941.228336,1758831.0,,stalled-cycles-frontend:u,stalled-cycles-frontend,2001448.0,12.0,34.5,frontend cycles idle,ok
1955.2489099999998,34473.0,,instructions:u,instructions,4995516.0,35.0,0.01,insn per cycle,ok
1955.2489099999998,nan,,,,nan,nan,86.13,stalled cycles per insn,unknown
1955.2489099999998,5693315.0,,cycles:u,cycles,6000916.0,42.0,nan,,ok
1955.2489099999998,2881.0,,branches:u,branches,8891160.0,63.0,nan,,ok
1955.2489099999998,1360.0,,branch-misses:u,branch-misses,10930164.0,78.0,47.21,of all branches,ok
1955.2489099999998,123300.0,,L1-dcache-loads:u,l1-dcache-loads,9957196.0,71.0,nan,,ok
1955.2489099999998,39276.0,,cache-references:u,cache-references,8925379.0,64.0,nan,,ok
1955.2489099999998,3500.0,,cache-misses:u,cache-misses,7906655.0,56.0,8.91,of all cache refs,ok
1955.2489099999998,2969328.0,,stalled-cycles-frontend:u,stalled-cycles-frontend,2972448.0,21.0,52.15,frontend cycles idle,ok
1972.2628399999999,nan,,instructions:u,instructions,0.0,0.0,nan,,ok
1972.2628399999999,nan,,cycles:u,cycles,0.0,0.0,nan,,ok
1972.2628399999999,nan,,branches:u,branches,0.0,0.0,nan,,ok
1972.2628399999999,168.0,,branch-misses:u,branch-misses,988353.0,87.0,nan,,ok
1972.2628399999999,15175.0,,L1-dcache-loads:u,l1-dcache-loads,1135391.0,100.0,nan,,ok
1972.2628399999999,4578.0,,cache-references:u,cache-references,1147760.0,100.0,nan,,ok
1972.2628399999999,472.0,,cache-misses:u,cache-misses,1159927.0,100.0,10.31,of all cache refs,ok
1972.2628399999999,nan,,stalled-cycles-frontend:u,stalled-cycles-frontend,0.0,0.0,nan,,ok
1986.286395,41514.0,,instructions:u,instructions,7056114.0,47.0,0.01,insn per cycle,ok
1986.286395,nan,,,,nan,nan,65.99,stalled cycles per insn,unknown
1986.286395,6278256.0,,cycles:u,cycles,5131649.0,34.0,nan,,ok
1986.286395,3947.0,,branches:u,branches,6138731.0,41.0,nan,,ok
1986.286395,1312.0,,branch-misses:u,branch-misses,7133128.0,47.0,33.24,of all branches,ok
1986.286395,112659.0,,L1-dcache-loads:u,l1-dcache-loads,6926157.0,46.0,nan,,ok
1986.286395,31584.0,,cache-references:u,cache-references,7877701.0,52.0,nan,,ok
1986.286395,2635.0,,cache-misses:u,cache-misses,9789999.0,65.0,8.34,of all cache refs,ok
1986.286395,2739641.0,,stalled-cycles-frontend:u,stalled-cycles-frontend,5048049.0,33.0,43.64,frontend cycles idle,ok
2032.213933,42873.0,,instructions:u,instructions,6737175.0,28.0,0.01,insn per cycle,ok
2032.213933,nan,,,,nan,nan,113.77,stalled cycles per insn,unknown
2032.213933,8236768.0,,cycles:u,cycles,6679889.0,28.0,nan,,ok
2032.213933,2018.0,,branches:u,branches,9682841.0,40.0,nan,,ok
2032.213933,1275.0,,branch-misses:u,branch-misses,14655049.0,61.0,63.18,of all branches,ok
2032.213933,123282.0,,L1-dcache-loads:u,l1-dcache-loads,15839743.0,66.0,nan,,ok
2032.213933,41358.0,,cache-references:u,cache-references,17167605.0,71.0,nan,,ok
2032.213933,4965.0,,cache-misses:u,cache-misses,17247973.0,72.0,12.0,of all cache refs,ok
2032.213933,4877568.0,,stalled-cycles-frontend:u,stalled-cycles-frontend,5032216.0,21.0,59.22,frontend cycles idle,ok
2056.2224730000003,30917.0,,instructions:u,instructions,7997061.0,38.0,0.0,insn per cycle,ok
2056.2224730000003,nan,,,,nan,nan,90.19,stalled cycles per insn,unknown
2056.2224730000003,6297542.0,,cycles:u,cycles,8990362.0,42.0,nan,,ok
2056.2224730000003,2247.0,,branches:u,branches,11984931.0,57.0,nan,,ok
2056.2224730000003,1041.0,,branch-misses:u,branch-misses,14024985.0,66.0,46.33,of all branches,ok
2056.2224730000003,101664.0,,L1-dcache-loads:u,l1-dcache-loads,13930290.0,66.0,nan,,ok
2056.2224730000003,39948.0,,cache-references:u,cache-references,12926059.0,61.0,nan,,ok
2056.2224730000003,4487.0,,cache-misses:u,cache-misses,11909676.0,56.0,11.23,of all cache refs,ok
2056.2224730000003,2788333.0,,stalled-cycles-frontend:u,stalled-cycles-frontend,4977708.0,23.0,44.28,frontend cycles idle,ok
2074.301922,5237.0,,instructions:u,instructions,2062229.0,50.0,0.0,insn per cycle,ok
2074.301922,nan,,,,nan,nan,148.01,stalled cycles per insn,unknown
2074.301922,1615125.0,,cycles:u,cycles,1055538.0,26.0,nan,,ok
2074.301922,314.0,,branches:u,branches,1055538.0,26.0,nan,,ok
2074.301922,138.0,,branch-misses:u,branch-misses,1055538.0,26.0,43.95,of all branches,ok
2074.301922,55332.0,,L1-dcache-loads:u,l1-dcache-loads,1043960.0,25.0,nan,,ok
2074.301922,13546.0,,cache-references:u,cache-references,1989144.0,49.0,nan,,ok
2074.301922,1042.0,,cache-misses:u,cache-misses,2995835.0,73.0,7.69,of all cache refs,ok
2074.301922,775151.0,,stalled-cycles-frontend:u,stalled-cycles-frontend,2009527.0,49.0,47.99,frontend cycles idle,ok
2101.238554,20477.0,,instructions:u,instructions,7011040.0,49.0,0.0,insn per cycle,ok
2101.238554,nan,,,,nan,nan,91.2,stalled cycles per insn,unknown
2101.238554,5626587.0,,cycles:u,cycles,7053593.0,49.0,nan,,ok
2101.238554,1734.0,,branches:u,branches,8184233.0,57.0,nan,,ok
2101.238554,888.0,,branch-misses:u,branch-misses,9230296.0,64.0,51.21,of all branches,ok
2101.238554,100413.0,,L1-dcache-loads:u,l1-dcache-loads,8222388.0,57.0,nan,,ok
2101.238554,35753.0,,cache-references:u,cache-references,7224812.0,50.0,nan,,ok
2101.238554,3764.0,,cache-misses:u,cache-misses,7193705.0,50.0,10.53,of all cache refs,ok
2101.238554,1867539.0,,stalled-cycles-frontend:u,stalled-cycles-frontend,4017373.0,28.0,33.19,frontend cycles idle,ok
2134.319155,45941.0,,instructions:u,instructions,7067012.0,31.0,0.01,insn per cycle,ok
2134.319155,nan,,,,nan,nan,61.95,stalled cycles per insn,unknown
2134.319155,7623789.0,,cycles:u,cycles,8094266.0,36.0,nan,,ok
2134.319155,4783.0,,branches:u,branches,11966039.0,54.0,nan,,ok
2134.319155,2055.0,,branch-misses:u,branch-misses,15955252.0,72.0,42.96,of all branches,ok
2134.319155,176515.0,,L1-dcache-loads:u,l1-dcache-loads,16028287.0,72.0,nan,,ok
2134.319155,56151.0,,cache-references:u,cache-references,14985241.0,67.0,nan,,ok
2134.319155,5787.0,,cache-misses:u,cache-misses,13946541.0,63.0,10.31,of all cache refs,ok
2134.319155,2845857.0,,stalled-cycles-frontend:u,stalled-cycles-frontend,4002225.0,18.0,37.33,frontend cycles idle,ok
2178.2397969999997,51941.0,,instructions:u,instructions,7098736.0,37.0,0.01,insn per cycle,ok
2178.2397969999997,nan,,,,nan,nan,82.06,stalled cycles per insn,unknown
2178.2397969999997,7429679.0,,cycles:u,cycles,6138333.0,32.0,nan,,ok
2178.2397969999997,3455.0,,branches:u,branches,8150758.0,42.0,nan,,ok
2178.2397969999997,1647.0,,branch-misses:u,branch-misses,10221191.0,53.0,47.67,of all branches,ok
2178.2397969999997,134684.0,,L1-dcache-loads:u,l1-dcache-loads,11033366.0,57.0,nan,,ok
2178.2397969999997,49661.0,,cache-references:u,cache-references,12046396.0,62.0,nan,,ok
2178.2397969999997,5514.0,,cache-misses:u,cache-misses,13034864.0,67.0,11.1,of all cache refs,ok
2178.2397969999997,4262100.0,,stalled-cycles-frontend:u,stalled-cycles-frontend,5207859.0,27.0,57.37,frontend cycles idle,ok
2227.221649,50162.0,,instructions:u,instructions,10065561.0,36.0,0.01,insn per cycle,ok
2227.221649,nan,,,,nan,nan,82.69,stalled cycles per insn,unknown
2227.221649,8140077.0,,cycles:u,cycles,10192032.0,37.0,nan,,ok
2227.221649,4280.0,,branches:u,branches,14180096.0,51.0,nan,,ok
2227.221649,1787.0,,branch-misses:u,branch-misses,17334147.0,63.0,41.75,of all branches,ok
2227.221649,145329.0,,L1-dcache-loads:u,l1-dcache-loads,16571218.0,60.0,nan,,ok
2227.221649,46791.0,,cache-references:u,cache-references,17544430.0,63.0,nan,,ok
2227.221649,4678.0,,cache-misses:u,cache-misses,17434143.0,63.0,10.0,of all cache refs,ok
2227.221649,4147752.0,,stalled-cycles-frontend:u,stalled-cycles-frontend,6920391.0,25.0,50.95,frontend cycles idle,ok
2241.2787390000003,24159.0,,instructions:u,instructions,6191033.0,41.0,0.0,insn per cycle,ok
2241.2787390000003,nan,,,,nan,nan,87.12,stalled cycles per insn,unknown
2241.2787390000003,5223432.0,,cycles:u,cycles,5245130.0,34.0,nan,,ok
2241.2787390000003,2186.0,,branches:u,branches,6277034.0,41.0,nan,,ok
2241.2787390000003,1072.0,,branch-misses:u,branch-misses,8189751.0,54.0,49.04,of all branches,ok
2241.2787390000003,98911.0,,L1-dcache-loads:u,l1-dcache-loads,8057712.0,53.0,nan,,ok
2241.2787390000003,31951.0,,cache-references:u,cache-references,8712381.0,57.0,nan,,ok
2241.2787390000003,2519.0,,cache-misses:u,cache-misses,9666612.0,64.0,7.88,of all cache refs,ok
2241.2787390000003,2104841.0,,stalled-cycles-frontend:u,stalled-cycles-frontend,5017120.0,33.0,40.3,frontend cycles idle,ok
2263.293559,37974.0,,instructions:u,instructions,6825693.0,45.0,0.01,insn per cycle,ok
2263.293559,nan,,,,nan,nan,67.59,stalled cycles per insn,unknown
2263.293559,4878696.0,,cycles:u,cycles,7792924.0,52.0,nan,,ok
2263.293559,2666.0,,branches:u,branches,9781774.0,65.0,nan,,ok
2263.293559,1179.0,,branch-misses:u,branch-misses,10797303.0,72.0,44.22,of all branches,ok
2263.293559,105016.0,,L1-dcache-loads:u,l1-dcache-loads,9800628.0,66.0,nan,,ok
2263.293559,34015.0,,cache-references:u,cache-references,8086287.0,54.0,nan,,ok
2263.293559,4550.0,,cache-misses:u,cache-misses,7066479.0,48.0,13.38,of all cache refs,ok
2263.293559,2566759.0,,stalled-cycles-frontend:u,stalled-cycles-frontend,3974139.0,27.0,52.61,frontend cycles idle,ok
2287.2275750000003,20054.0,,instructions:u,instructions,4984858.0,41.0,0.01,insn per cycle,ok
2287.2275750000003,nan,,,,nan,nan,77.61,stalled cycles per insn,unknown
2287.2275750000003,1956114.0,,cycles:u,cycles,6017663.0,49.0,nan,,ok
2287.2275750000003,1640.0,,branches:u,branches,8013265.0,66.0,nan,,ok
2287.2275750000003,762.0,,branch-misses:u,branch-misses,10020921.0,83.0,46.46,of all branches,ok
2287.2275750000003,62255.0,,L1-dcache-loads:u,l1-dcache-loads,9080036.0,75.0,nan,,ok
2287.2275750000003,18915.0,,cache-references:u,cache-references,7061090.0,58.0,nan,,ok
2287.2275750000003,1782.0,,cache-misses:u,cache-misses,6028285.0,50.0,9.42,of all cache refs,ok
2287.2275750000003,1556336.0,,stalled-cycles-frontend:u,stalled-cycles-frontend,1996107.0,16.0,79.56,frontend cycles idle,ok
2318.256576,15846.0,,instructions:u,instructions,3093839.0,33.0,0.0,insn per cycle,ok
2318.256576,nan,,,,nan,nan,72.88,stalled cycles per insn,unknown
2318.256576,3334415.0,,cycles:u,cycles,1269764.0,13.0,nan,,ok
2318.256576,1213.0,,branches:u,branches,1289952.0,13.0,nan,,ok
2318.256576,626.0,,branch-misses:u,branch-misses,3309852.0,35.0,51.61,of all branches,ok
2318.256576,51882.0,,L1-dcache-loads:u,l1-dcache-loads,5196675.0,55.0,nan,,ok
2318.256576,16859.0,,cache-references:u,cache-references,6242659.0,66.0,nan,,ok
2318.256576,1605.0,,cache-misses:u,cache-misses,7971477.0,85.0,9.52,of all cache refs,ok
2318.256576,1154887.0,,stalled-cycles-frontend:u,stalled-cycles-frontend,2121264.0,22.0,34.64,frontend cycles idle,ok
2353.2459160000003,86722.0,,instructions:u,instructions,11185825.0,34.0,0.01,insn per cycle,ok
2353.2459160000003,nan,,,,nan,nan,71.47,stalled cycles per insn,unknown
2353.2459160000003,11659851.0,,cycles:u,cycles,11023525.0,34.0,nan,,ok
2353.2459160000003,7825.0,,branches:u,branches,15049410.0,46.0,nan,,ok
2353.2459160000003,3231.0,,branch-misses:u,branch-misses,19031070.0,59.0,41.29,of all branches,ok
2353.2459160000003,264568.0,,L1-dcache-loads:u,l1-dcache-loads,18868864.0,58.0,nan,,ok
2353.2459160000003,74077.0,,cache-references:u,cache-references,20790253.0,64.0,nan,,ok
2353.2459160000003,8066.0,,cache-misses:u,cache-misses,21072170.0,65.0,10.89,of all cache refs,ok
2353.2459160000003,6198428.0,,stalled-cycles-frontend:u,stalled-cycles-frontend,9173249.0,28.0,53.16,frontend cycles idle,ok
2366.2160440000002,18997.0,,instructions:u,instructions,2880471.0,36.0,0.01,insn per cycle,ok
2366.2160440000002,nan,,,,nan,nan,140.59,stalled cycles per insn,unknown
2366.2160440000002,3140108.0,,cycles:u,cycles,4846603.0,61.0,nan,,ok
2366.2160440000002,1358.0,,branches:u,branches,6831547.0,86.0,nan,,ok
2366.2160440000002,660.0,,branch-misses:u,branch-misses,7874666.0,99.0,48.6,of all branches,ok
2366.2160440000002,53361.0,,L1-dcache-loads:u,l1-dcache-loads,7059489.0,89.0,nan,,ok
2366.2160440000002,16397.0,,cache-references:u,cache-references,5084742.0,64.0,nan,,ok
2366.2160440000002,1796.0,,cache-misses:u,cache-misses,3094250.0,39.0,10.95,of all cache refs,ok
2366.2160440000002,2670757.0,,stalled-cycles-frontend:u,stalled-cycles-frontend,809107.0,10.0,85.05,frontend cycles idle,ok
2380.233558,5172.0,,instructions:u,instructions,3178901.0,52.0,0.0,insn per cycle,ok
2380.233558,nan,,,,nan,nan,111.05,stalled cycles per insn,unknown
2380.233558,1212866.0,,cycles:u,cycles,1237564.0,20.0,nan,,ok
2380.233558,317.0,,branches:u,branches,1266586.0,20.0,nan,,ok
2380.233558,166.0,,branch-misses:u,branch-misses,1313112.0,21.0,52.37,of all branches,ok
2380.233558,9572.0,,L1-dcache-loads:u,l1-dcache-loads,1133553.0,18.0,nan,,ok
2380.233558,4226.0,,cache-references:u,cache-references,2915328.0,46.0,nan,,ok
2380.233558,685.0,,cache-misses:u,cache-misses,4919801.0,77.0,16.21,of all cache refs,ok
2380.233558,574367.0,,stalled-cycles-frontend:u,stalled-cycles-frontend,3226157.0,50.0,47.36,frontend cycles idle,ok
2423.24342,59478.0,,instructions:u,instructions,11287872.0,35.0,0.01,insn per cycle,ok
2423.24342,nan,,,,nan,nan,63.42,stalled cycles per insn,unknown
2423.24342,9043844.0,,cycles:u,cycles,12243867.0,39.0,nan,,ok
2423.24342,5605.0,,branches:u,branches,16226988.0,51.0,nan,,ok
2423.24342,2481.0,,branch-misses:u,branch-misses,21154263.0,67.0,44.26,of all branches,ok
2423.24342,215706.0,,L1-dcache-loads:u,l1-dcache-loads,22289546.0,71.0,nan,,ok
2423.24342,63648.0,,cache-references:u,cache-references,20116189.0,64.0,nan,,ok
2423.24342,5652.0,,cache-misses:u,cache-misses,19097058.0,61.0,8.88,of all cache refs,ok
2423.24342,3772296.0,,stalled-cycles-frontend:u,stalled-cycles-frontend,5863651.0,18.0,41.71,frontend cycles idle,ok
2447.265314,11012.0,,instructions:u,instructions,3967883.0,49.0,0.0,insn per cycle,ok
2447.265314,nan,,,,nan,nan,98.34,stalled cycles per insn,unknown
2447.265314,2931402.0,,cycles:u,cycles,4009187.0,50.0,nan,,ok
2447.265314,1427.0,,branches:u,branches,5016803.0,62.0,nan,,ok
2447.265314,652.0,,branch-misses:u,branch-misses,6008456.0,75.0,45.69,of all branches,ok
2447.265314,62224.0,,L1-dcache-loads:u,l1-dcache-loads,5028737.0,63.0,nan,,ok
2447.265314,18734.0,,cache-references:u,cache-references,3998466.0,50.0,nan,,ok
2447.265314,1755.0,,cache-misses:u,cache-misses,3957162.0,49.0,9.37,of all cache refs,ok
2447.265314,1082867.0,,stalled-cycles-frontend:u,stalled-cycles-frontend,2002057.0,25.0,36.94,frontend cycles idle,ok
2501.280292,60838.0,,instructions:u,instructions,13732345.0,38.0,0.01,insn per cycle,ok
2501.280292,nan,,,,nan,nan,57.35,stalled cycles per insn,unknown
2501.280292,7503068.0,,cycles:u,cycles,13169127.0,36.0,nan,,ok
2501.280292,6642.0,,branches:u,branches,17228193.0,48.0,nan,,ok
2501.280292,2673.0,,branch-misses:u,branch-misses,20283122.0,56.0,40.24,of all branches,ok
2501.280292,244738.0,,L1-dcache-loads:u,l1-dcache-loads,21178976.0,59.0,nan,,ok
2501.280292,71478.0,,cache-references:u,cache-references,22150483.0,61.0,nan,,ok
2501.280292,7521.0,,cache-misses:u,cache-misses,22562648.0,62.0,10.52,of all cache refs,ok
2501.280292,3488820.0,,stalled-cycles-frontend:u,stalled-cycles-frontend,9667990.0,26.0,46.5,frontend cycles idle,ok
2633.2450559999997,96564.0,,instructions:u,instructions,33557807.0,39.0,0.01,insn per cycle,ok
2633.2450559999997,nan,,,,nan,nan,73.79,stalled cycles per insn,unknown
2633.2450559999997,16609412.0,,cycles:u,cycles,35362687.0,41.0,nan,,ok
2633.2450559999997,8265.0,,branches:u,branches,45651516.0,53.0,nan,,ok
2633.2450559999997,3663.0,,branch-misses:u,branch-misses,55619041.0,65.0,44.32,of all branches,ok
2633.2450559999997,319989.0,,L1-dcache-loads:u,l1-dcache-loads,53172414.0,62.0,nan,,ok
2633.2450559999997,96078.0,,cache-references:u,cache-references,51069552.0,60.0,nan,,ok
2633.2450559999997,9244.0,,cache-misses:u,cache-misses,49450345.0,58.0,9.62,of all cache refs,ok
2633.2450559999997,7125341.0,,stalled-cycles-frontend:u,stalled-cycles-frontend,21479938.0,25.0,42.9,frontend cycles idle,ok
2670.232784,29380.0,,instructions:u,instructions,6330512.0,22.0,0.01,insn per cycle,ok
2670.232784,nan,,,,nan,nan,105.89,stalled cycles per insn,unknown
2670.232784,4651166.0,,cycles:u,cycles,5074455.0,18.0,nan,,ok
2670.232784,2407.0,,branches:u,branches,8087834.0,29.0,nan,,ok
2670.232784,1208.0,,branch-misses:u,branch-misses,12827255.0,46.0,50.19,of all branches,ok
2670.232784,119323.0,,L1-dcache-loads:u,l1-dcache-loads,16721790.0,60.0,nan,,ok
2670.232784,35391.0,,cache-references:u,cache-references,21407395.0,77.0,nan,,ok
2670.232784,3277.0,,cache-misses:u,cache-misses,22628832.0,81.0,9.26,of all cache refs,ok
2670.232784,3111114.0,,stalled-cycles-frontend:u,stalled-cycles-frontend,5256047.0,18.0,66.89,frontend cycles idle,ok
2686.249945,19713.0,,instructions:u,instructions,1153467.0,21.0,0.04,insn per cycle,ok
2686.249945,nan,,,,nan,nan,84.89,stalled cycles per insn,unknown
2686.249945,523239.0,,cycles:u,cycles,178165.0,3.0,nan,,ok
2686.249945,559.0,,branches:u,branches,1183344.0,22.0,nan,,ok
2686.249945,584.0,,branch-misses:u,branch-misses,2370219.0,44.0,104.47,of all branches,ok
2686.249945,62220.0,,L1-dcache-loads:u,l1-dcache-loads,3359969.0,62.0,nan,,ok
2686.249945,22980.0,,cache-references:u,cache-references,4194859.0,77.0,nan,,ok
2686.249945,2079.0,,cache-misses:u,cache-misses,5206567.0,95.0,9.05,of all cache refs,ok
2686.249945,1673441.0,,stalled-cycles-frontend:u,stalled-cycles-frontend,1040078.0,18.0,319.82,frontend cycles idle,ok
2732.2204349999997,45432.0,,instructions:u,instructions,25826715.0,39.0,0.01,insn per cycle,ok
2732.2204349999997,nan,,,,nan,nan,69.9,stalled cycles per insn,unknown
2732.2204349999997,8808802.0,,cycles:u,cycles,26879210.0,41.0,nan,,ok
2732.2204349999997,3146.0,,branches:u,branches,34914789.0,53.0,nan,,ok
2732.2204349999997,1496.0,,branch-misses:u,branch-misses,42838395.0,65.0,47.55,of all branches,ok
2732.2204349999997,130145.0,,L1-dcache-loads:u,l1-dcache-loads,41891789.0,64.0,nan,,ok
2732.2204349999997,40550.0,,cache-references:u,cache-references,39232869.0,60.0,nan,,ok
2732.2204349999997,4227.0,,cache-misses:u,cache-misses,38179139.0,58.0,10.42,of all cache refs,ok
2732.2204349999997,3175670.0,,stalled-cycles-frontend:u,stalled-cycles-frontend,16075086.0,24.0,36.05,frontend cycles idle,ok
2747.234644,30838.0,,instructions:u,instructions,11039791.0,40.0,0.01,insn per cycle,ok
2747.234644,nan,,,,nan,nan,57.45,stalled cycles per insn,unknown
2747.234644,2694160.0,,cycles:u,cycles,10888313.0,40.0,nan,,ok
2747.234644,2221.0,,branches:u,branches,13880206.0,51.0,nan,,ok
2747.234644,840.0,,branch-misses:u,branch-misses,16851138.0,62.0,37.82,of all branches,ok
2747.234644,64834.0,,L1-dcache-loads:u,l1-dcache-loads,15953682.0,59.0,nan,,ok
2747.234644,18157.0,,cache-references:u,cache-references,15824178.0,58.0,nan,,ok
2747.234644,1811.0,,cache-misses:u,cache-misses,16063837.0,59.0,9.97,of all cache refs,ok
2747.234644,1771607.0,,stalled-cycles-frontend:u,stalled-cycles-frontend,7113955.0,26.0,65.76,frontend cycles idle,ok
2763.241588,22331.0,,instructions:u,instructions,14015051.0,41.0,0.01,insn per cycle,ok
2763.241588,nan,,,,nan,nan,81.2,stalled cycles per insn,unknown
2763.241588,3903001.0,,cycles:u,cycles,13039130.0,38.0,nan,,ok
2763.241588,1812.0,,branches:u,branches,17042174.0,50.0,nan,,ok
2763.241588,763.0,,branch-misses:u,branch-misses,21048955.0,61.0,42.11,of all branches,ok
2763.241588,56971.0,,L1-dcache-loads:u,l1-dcache-loads,20125978.0,59.0,nan,,ok
2763.241588,18580.0,,cache-references:u,cache-references,20016446.0,58.0,nan,,ok
2763.241588,1847.0,,cache-misses:u,cache-misses,20950842.0,61.0,9.94,of all cache refs,ok
2763.241588,1813186.0,,stalled-cycles-frontend:u,stalled-cycles-frontend,9910956.0,29.0,46.46,frontend cycles idle,ok
2776.228971,16249.0,,instructions:u,instructions,9966784.0,35.0,0.01,insn per cycle,ok
2776.228971,nan,,,,nan,nan,73.92,stalled cycles per insn,unknown
2776.228971,1368456.0,,cycles:u,cycles,9038119.0,32.0,nan,,ok
2776.228971,1206.0,,branches:u,branches,12996954.0,46.0,nan,,ok
2776.228971,585.0,,branch-misses:u,branch-misses,15973299.0,57.0,48.51,of all branches,ok
2776.228971,59440.0,,L1-dcache-loads:u,l1-dcache-loads,16835509.0,60.0,nan,,ok
2776.228971,21654.0,,cache-references:u,cache-references,17827900.0,64.0,nan,,ok
2776.228971,2244.0,,cache-misses:u,cache-misses,18692826.0,67.0,10.36,of all cache refs,ok
2776.228971,1201058.0,,stalled-cycles-frontend:u,stalled-cycles-frontend,6876145.0,24.0,87.77,frontend cycles idle,ok
2802.226499,28682.0,,instructions:u,instructions,14922103.0,35.0,0.01,insn per cycle,ok
2802.226499,nan,,,,nan,nan,78.2,stalled cycles per insn,unknown
2802.226499,3934170.0,,cycles:u,cycles,15006087.0,35.0,nan,,ok
2802.226499,1982.0,,branches:u,branches,20003191.0,47.0,nan,,ok
2802.226499,920.0,,branch-misses:u,branch-misses,25809658.0,61.0,46.42,of all branches,ok
2802.226499,77983.0,,L1-dcache-loads:u,l1-dcache-loads,26675810.0,63.0,nan,,ok
2802.226499,27067.0,,cache-references:u,cache-references,26801645.0,64.0,nan,,ok
2802.226499,2472.0,,cache-misses:u,cache-misses,26713589.0,64.0,9.13,of all cache refs,ok
2802.226499,2242929.0,,stalled-cycles-frontend:u,stalled-cycles-frontend,9937468.0,23.0,57.01,frontend cycles idle,ok
2817.281532,10250.0,,instructions:u,instructions,8977079.0,38.0,0.0,insn per cycle,ok
2817.281532,nan,,,,nan,nan,49.0,stalled cycles per insn,unknown
2817.281532,2446554.0,,cycles:u,cycles,10866596.0,47.0,nan,,ok
2817.281532,1169.0,,branches:u,branches,14862148.0,64.0,nan,,ok
2817.281532,460.0,,branch-misses:u,branch-misses,17903870.0,77.0,39.35,of all branches,ok
2817.281532,40580.0,,L1-dcache-loads:u,l1-dcache-loads,16225370.0,70.0,nan,,ok
2817.281532,9290.0,,cache-references:u,cache-references,14102909.0,60.0,nan,,ok
2817.281532,734.0,,cache-misses:u,cache-misses,12296791.0,53.0,7.9,of all cache refs,ok
2817.281532,502222.0,,stalled-cycles-frontend:u,stalled-cycles-frontend,5081499.0,21.0,20.53,frontend cycles idle,ok
2830.2249580000002,22415.0,,instructions:u,instructions,11874641.0,41.0,0.01,insn per cycle,ok
2830.2249580000002,nan,,,,nan,nan,58.73,stalled cycles per insn,unknown
2830.2249580000002,3182091.0,,cycles:u,cycles,12081150.0,41.0,nan,,ok
2830.2249580000002,2401.0,,branches:u,branches,15121525.0,52.0,nan,,ok
2830.2249580000002,1089.0,,branch-misses:u,branch-misses,18124428.0,62.0,45.36,of all branches,ok
2830.2249580000002,106939.0,,L1-dcache-loads:u,l1-dcache-loads,17966224.0,62.0,nan,,ok
2830.2249580000002,31245.0,,cache-references:u,cache-references,17121599.0,59.0,nan,,ok
2830.2249580000002,2670.0,,cache-misses:u,cache-misses,16765853.0,57.0,8.55,of all cache refs,ok
2830.2249580000002,1316465.0,,stalled-cycles-frontend:u,stalled-cycles-frontend,7784657.0,26.0,41.37,frontend cycles idle,ok
2848.309567,14650.0,,instructions:u,instructions,8856737.0,40.0,0.01,insn per cycle,ok
2848.309567,nan,,,,nan,nan,58.17,stalled cycles per insn,unknown
2848.309567,1181867.0,,cycles:u,cycles,8814580.0,40.0,nan,,ok
2848.309567,661.0,,branches:u,branches,11768203.0,53.0,nan,,ok
2848.309567,240.0,,branch-misses:u,branch-misses,14053015.0,64.0,36.31,of all branches,ok
2848.309567,11634.0,,L1-dcache-loads:u,l1-dcache-loads,13211055.0,60.0,nan,,ok
2848.309567,2458.0,,cache-references:u,cache-references,13124297.0,59.0,nan,,ok
2848.309567,517.0,,cache-misses:u,cache-misses,13253837.0,60.0,21.03,of all cache refs,ok
2848.309567,852242.0,,stalled-cycles-frontend:u,stalled-cycles-frontend,5890322.0,26.0,72.11,frontend cycles idle,ok
2875.261828,12281.0,,instructions:u,instructions,12130887.0,31.0,0.01,insn per cycle,ok
2875.261828,nan,,,,nan,nan,72.66,stalled cycles per insn,unknown
2875.261828,2421653.0,,cycles:u,cycles,12163715.0,31.0,nan,,ok
2875.261828,1816.0,,branches:u,branches,17178124.0,45.0,nan,,ok
2875.261828,762.0,,branch-misses:u,branch-misses,22876801.0,60.0,41.96,of all branches,ok
2875.261828,67744.0,,L1-dcache-loads:u,l1-dcache-loads,24790331.0,65.0,nan,,ok
2875.261828,17816.0,,cache-references:u,cache-references,25787952.0,67.0,nan,,ok
2875.261828,1696.0,,cache-misses:u,cache-misses,25799600.0,67.0,9.52,of all cache refs,ok
2875.261828,892373.0,,stalled-cycles-frontend:u,stalled-cycles-frontend,8235136.0,21.0,36.85,frontend cycles idle,ok
2915.270598,22977.0,,instructions:u,instructions,20818547.0,34.0,0.01,insn per cycle,ok
2915.270598,nan,,,,nan,nan,82.66,stalled cycles per insn,unknown
2915.270598,2420833.0,,cycles:u,cycles,18935401.0,31.0,nan,,ok
2915.270598,1284.0,,branches:u,branches,26847111.0,44.0,nan,,ok
2915.270598,642.0,,branch-misses:u,branch-misses,34763646.0,58.0,50.0,of all branches,ok
2915.270598,80806.0,,L1-dcache-loads:u,l1-dcache-loads,36546520.0,61.0,nan,,ok
2915.270598,31859.0,,cache-references:u,cache-references,39010941.0,65.0,nan,,ok
2915.270598,3704.0,,cache-misses:u,cache-misses,40830025.0,68.0,11.63,of all cache refs,ok
2915.270598,1899304.0,,stalled-cycles-frontend:u,stalled-cycles-frontend,14945362.0,25.0,78.46,frontend cycles idle,ok
2929.27777,6919.0,,instructions:u,instructions,8947430.0,42.0,0.0,insn per cycle,ok
2929.27777,nan,,,,nan,nan,90.41,stalled cycles per insn,unknown
2929.27777,1385707.0,,cycles:u,cycles,9048264.0,43.0,nan,,ok
2929.27777,732.0,,branches:u,branches,11765704.0,56.0,nan,,ok
2929.27777,305.0,,branch-misses:u,branch-misses,13088858.0,62.0,41.67,of all branches,ok
2929.27777,35131.0,,L1-dcache-loads:u,l1-dcache-loads,12086781.0,58.0,nan,,ok
2929.27777,10862.0,,cache-references:u,cache-references,11885084.0,57.0,nan,,ok
2929.27777,1053.0,,cache-misses:u,cache-misses,11795049.0,56.0,9.69,of all cache refs,ok
2929.27777,625550.0,,stalled-cycles-frontend:u,stalled-cycles-frontend,5937449.0,28.0,45.14,frontend cycles idle,ok
2943.242085,0.0,,instructions:u,instructions,6006663.0,43.0,nan,,ok
2943.242085,0.0,,cycles:u,cycles,5154025.0,36.0,nan,,ok
2943.242085,0.0,,branches:u,branches,6201784.0,44.0,nan,,ok
2943.242085,0.0,,branch-misses:u,branch-misses,8076065.0,57.0,nan,,ok
2943.242085,0.0,,L1-dcache-loads:u,l1-dcache-loads,8088765.0,57.0,nan,,ok
2943.242085,0.0,,cache-references:u,cache-references,8109698.0,57.0,nan,,ok
2943.242085,0.0,,cache-misses:u,cache-misses,8776224.0,62.0,nan,,ok
2943.242085,0.0,,stalled-cycles-frontend:u,stalled-cycles-frontend,4007101.0,28.0,nan,,ok
2957.255923,26670.0,,instructions:u,instructions,5768896.0,36.0,0.01,insn per cycle,ok
2957.255923,nan,,,,nan,nan,60.46,stalled cycles per insn,unknown
2957.255923,3050412.0,,cycles:u,cycles,4829881.0,30.0,nan,,ok
2957.255923,2411.0,,branches:u,branches,6795785.0,42.0,nan,,ok
2957.255923,873.0,,branch-misses:u,branch-misses,8766794.0,55.0,36.21,of all branches,ok
2957.255923,65003.0,,L1-dcache-loads:u,l1-dcache-loads,8136084.0,53.0,nan,,ok
2957.255923,16341.0,,cache-references:u,cache-references,9883953.0,70.0,nan,,ok
2957.255923,2003.0,,cache-misses:u,cache-misses,11007069.0,73.0,12.26,of all cache refs,ok
2957.255923,1612435.0,,stalled-cycles-frontend:u,stalled-cycles-frontend,4642753.0,29.0,52.86,frontend cycles idle,ok
2978.27317,18048.0,,instructions:u,instructions,4839845.0,32.0,0.0,insn per cycle,ok
2978.27317,nan,,,,nan,nan,105.35,stalled cycles per insn,unknown
2978.27317,4700694.0,,cycles:u,cycles,6817820.0,45.0,nan,,ok
2978.27317,1663.0,,branches:u,branches,9799957.0,65.0,nan,,ok
2978.27317,690.0,,branch-misses:u,branch-misses,11867205.0,79.0,41.49,of all branches,ok
2978.27317,66208.0,,L1-dcache-loads:u,l1-dcache-loads,12006092.0,80.0,nan,,ok
2978.27317,19702.0,,cache-references:u,cache-references,10226051.0,68.0,nan,,ok
2978.27317,1628.0,,cache-misses:u,cache-misses,8223313.0,54.0,8.26,of all cache refs,ok
2978.27317,1901401.0,,stalled-cycles-frontend:u,stalled-cycles-frontend,1994148.0,13.0,40.45,frontend cycles idle,ok
2993.3229469999997,6916.0,,instructions:u,instructions,3001103.0,74.0,0.0,insn per cycle,ok
2993.3229469999997,nan,,,,nan,nan,148.53,stalled cycles per insn,unknown
2993.3229469999997,1807826.0,,cycles:u,cycles,2997194.0,74.0,nan,,ok
2993.3229469999997,740.0,,branches:u,branches,3027704.0,75.0,nan,,ok
2993.3229469999997,314.0,,branch-misses:u,branch-misses,3027704.0,75.0,42.43,of all branches,ok
2993.3229469999997,33791.0,,L1-dcache-loads:u,l1-dcache-loads,2026085.0,50.0,nan,,ok
2993.3229469999997,16863.0,,cache-references:u,cache-references,1031953.0,25.0,nan,,ok
2993.3229469999997,1094.0,,cache-misses:u,cache-misses,1035862.0,25.0,6.49,of all cache refs,ok
2993.3229469999997,1027256.0,,stalled-cycles-frontend:u,stalled-cycles-frontend,2006971.0,49.0,56.82,frontend cycles idle,ok
3051.2708900000002,55715.0,,instructions:u,instructions,8056279.0,33.0,0.01,insn per cycle,ok
3051.2708900000002,nan,,,,nan,nan,81.31,stalled cycles per insn,unknown
3051.2708900000002,10831697.0,,cycles:u,cycles,8044886.0,33.0,nan,,ok
3051.2708900000002,4801.0,,branches:u,branches,11091105.0,46.0,nan,,ok
3051.2708900000002,1917.0,,branch-misses:u,branch-misses,14083401.0,58.0,39.93,of all branches,ok
3051.2708900000002,149269.0,,L1-dcache-loads:u,l1-dcache-loads,15102093.0,62.0,nan,,ok
3051.2708900000002,46603.0,,cache-references:u,cache-references,16038412.0,66.0,nan,,ok
3051.2708900000002,4355.0,,cache-misses:u,cache-misses,16049805.0,66.0,9.34,of all cache refs,ok
3051.2708900000002,4530320.0,,stalled-cycles-frontend:u,stalled-cycles-frontend,6008886.0,24.0,41.82,frontend cycles idle,ok
3082.301401,34165.0,,instructions:u,instructions,5028437.0,31.0,0.01,insn per cycle,ok
3082.301401,nan,,,,nan,nan,91.63,stalled cycles per insn,unknown
3082.301401,6732254.0,,cycles:u,cycles,5018265.0,31.0,nan,,ok
3082.301401,2562.0,,branches:u,branches,7016285.0,43.0,nan,,ok
3082.301401,1096.0,,branch-misses:u,branch-misses,9984307.0,62.0,42.78,of all branches,ok
3082.301401,93451.0,,L1-dcache-loads:u,l1-dcache-loads,10985920.0,68.0,nan,,ok
3082.301401,26232.0,,cache-references:u,cache-references,10997746.0,68.0,nan,,ok
3082.301401,2649.0,,cache-misses:u,cache-misses,11007918.0,68.0,10.1,of all cache refs,ok
3082.301401,3130490.0,,stalled-cycles-frontend:u,stalled-cycles-frontend,3049561.0,19.0,46.5,frontend cycles idle,ok
3109.282709,nan,,instructions:u,instructions,0.0,100.0,nan,,ok
3109.282709,nan,,cycles:u,cycles,0.0,100.0,nan,,ok
3109.282709,nan,,branches:u,branches,0.0,100.0,nan,,ok
3109.282709,nan,,branch-misses:u,branch-misses,0.0,100.0,nan,,ok
3109.282709,nan,,L1-dcache-loads:u,l1-dcache-loads,0.0,100.0,nan,,ok
3109.282709,nan,,cache-references:u,cache-references,0.0,100.0,nan,,ok
3109.282709,nan,,cache-misses:u,cache-misses,0.0,100.0,nan,,ok
3109.282709,nan,,stalled-cycles-frontend:u,stalled-cycles-frontend,0.0,100.0,nan,,ok
3198.244117,79848.0,,instructions:u,instructions,17081305.0,42.0,0.01,insn per cycle,ok
3198.244117,nan,,,,nan,nan,91.18,stalled cycles per insn,unknown
3198.244117,12913334.0,,cycles:u,cycles,16971028.0,42.0,nan,,ok
3198.244117,7325.0,,branches:u,branches,20733535.0,51.0,nan,,ok
3198.244117,3122.0,,branch-misses:u,branch-misses,24974500.0,62.0,42.62,of all branches,ok
3198.244117,295452.0,,L1-dcache-loads:u,l1-dcache-loads,23845118.0,59.0,nan,,ok
3198.244117,96138.0,,cache-references:u,cache-references,22971293.0,57.0,nan,,ok
3198.244117,8586.0,,cache-misses:u,cache-misses,23081570.0,57.0,8.93,of all cache refs,ok
3198.244117,7280933.0,,stalled-cycles-frontend:u,stalled-cycles-frontend,12038515.0,30.0,56.38,frontend cycles idle,ok
3235.291396,20727.0,,instructions:u,instructions,4075465.0,28.0,0.0,insn per cycle,ok
3235.291396,nan,,,,nan,nan,106.04,stalled cycles per insn,unknown
3235.291396,4497267.0,,cycles:u,cycles,5032306.0,35.0,nan,,ok
3235.291396,1770.0,,branches:u,branches,7131731.0,50.0,nan,,ok
3235.291396,797.0,,branch-misses:u,branch-misses,9177051.0,64.0,45.03,of all branches,ok
3235.291396,67205.0,,L1-dcache-loads:u,l1-dcache-loads,10130874.0,71.0,nan,,ok
3235.291396,20377.0,,cache-references:u,cache-references,10128943.0,71.0,nan,,ok
3235.291396,2321.0,,cache-misses:u,cache-misses,9172102.0,64.0,11.39,of all cache refs,ok
3235.291396,2197803.0,,stalled-cycles-frontend:u,stalled-cycles-frontend,2071618.0,14.0,48.87,frontend cycles idle,ok
3248.265017,0.0,,instructions:u,instructions,20790.0,0.0,nan,,ok
3248.265017,nan,,cycles:u,cycles,0.0,0.0,nan,,ok
3248.265017,474.0,,branches:u,branches,1964604.0,36.0,nan,,ok
3248.265017,232.0,,branch-misses:u,branch-misses,3405715.0,62.0,48.95,of all branches,ok
3248.265017,20687.0,,L1-dcache-loads:u,l1-dcache-loads,4449444.0,81.0,nan,,ok
3248.265017,8000.0,,cache-references:u,cache-references,5501585.0,99.0,nan,,ok
3248.265017,842.0,,cache-misses:u,cache-misses,5586164.0,100.0,10.53,of all cache refs,ok
3248.265017,0.0,,stalled-cycles-frontend:u,stalled-cycles-frontend,20790.0,0.0,nan,,ok
3318.2641710000003,36211.0,,instructions:u,instructions,14038184.0,51.0,0.0,insn per cycle,ok
3318.2641710000003,nan,,,,nan,nan,84.68,stalled cycles per insn,unknown
3318.2641710000003,8015120.0,,cycles:u,cycles,14085414.0,51.0,nan,,ok
3318.2641710000003,3369.0,,branches:u,branches,17105462.0,62.0,nan,,ok
3318.2641710000003,1442.0,,branch-misses:u,branch-misses,18829744.0,68.0,42.8,of all branches,ok
3318.2641710000003,132754.0,,L1-dcache-loads:u,l1-dcache-loads,15739123.0,57.0,nan,,ok
3318.2641710000003,34742.0,,cache-references:u,cache-references,13162579.0,48.0,nan,,ok
3318.2641710000003,2856.0,,cache-misses:u,cache-misses,13051560.0,48.0,8.22,of all cache refs,ok
3318.2641710000003,3066347.0,,stalled-cycles-frontend:u,stalled-cycles-frontend,9036402.0,33.0,38.26,frontend cycles idle,ok
3331.2692660000002,16174.0,,instructions:u,instructions,4053811.0,33.0,0.0,insn per cycle,ok
3331.2692660000002,nan,,,,nan,nan,131.17,stalled cycles per insn,unknown
3331.2692660000002,3999887.0,,cycles:u,cycles,3057076.0,25.0,nan,,ok
3331.2692660000002,1852.0,,branches:u,branches,4058594.0,33.0,nan,,ok
3331.2692660000002,910.0,,branch-misses:u,branch-misses,6050496.0,50.0,49.14,of all branches,ok
3331.2692660000002,87562.0,,L1-dcache-loads:u,l1-dcache-loads,7004930.0,58.0,nan,,ok
3331.2692660000002,29142.0,,cache-references:u,cache-references,7996919.0,66.0,nan,,ok
3331.2692660000002,2663.0,,cache-misses:u,cache-misses,8993654.0,74.0,9.14,of all cache refs,ok
3331.2692660000002,2121621.0,,stalled-cycles-frontend:u,stalled-cycles-frontend,3049305.0,25.0,53.04,frontend cycles idle,ok
3351.403389,4705.0,,instructions:u,instructions,1408631.0,32.0,0.0,insn per cycle,ok
3351.403389,nan,,,,nan,nan,198.32,stalled cycles per insn,unknown
3351.403389,1580822.0,,cycles:u,cycles,462700.0,10.0,nan,,ok
3351.403389,487.0,,branches:u,branches,515949.0,11.0,nan,,ok
3351.403389,211.0,,branch-misses:u,branch-misses,1550368.0,34.0,43.33,of all branches,ok
3351.403389,21036.0,,L1-dcache-loads:u,l1-dcache-loads,1976216.0,42.0,nan,,ok
3351.403389,7971.0,,cache-references:u,cache-references,2974985.0,64.0,nan,,ok
3351.403389,743.0,,cache-misses:u,cache-misses,3973537.0,84.0,9.32,of all cache refs,ok
3351.403389,933077.0,,stalled-cycles-frontend:u,stalled-cycles-frontend,1802817.0,37.0,59.02,frontend cycles idle,ok
3415.2333439999998,90186.0,,instructions:u,instructions,11866639.0,33.0,0.01,insn per cycle,ok
3415.2333439999998,nan,,,,nan,nan,83.53,stalled cycles per insn,unknown
3415.2333439999998,13265113.0,,cycles:u,cycles,11670449.0,32.0,nan,,ok
3415.2333439999998,7120.0,,branches:u,branches,16617930.0,46.0,nan,,ok
3415.2333439999998,2785.0,,branch-misses:u,branch-misses,21382275.0,60.0,39.12,of all branches,ok
3415.2333439999998,225989.0,,L1-dcache-loads:u,l1-dcache-loads,22817804.0,64.0,nan,,ok
3415.2333439999998,68762.0,,cache-references:u,cache-references,23815348.0,67.0,nan,,ok
3415.2333439999998,6986.0,,cache-misses:u,cache-misses,24071743.0,67.0,10.16,of all cache refs,ok
3415.2333439999998,7533015.0,,stalled-cycles-frontend:u,stalled-cycles-frontend,7621549.0,21.0,56.79,frontend cycles idle,ok
3443.2832160000003,54219.0,,instructions:u,instructions,12888197.0,41.0,0.01,insn per cycle,ok
3443.2832160000003,nan,,,,nan,nan,78.61,stalled cycles per insn,unknown
3443.2832160000003,10302576.0,,cycles:u,cycles,13025219.0,41.0,nan,,ok
3443.2832160000003,4988.0,,branches:u,branches,16086288.0,51.0,nan,,ok
3443.2832160000003,2055.0,,branch-misses:u,branch-misses,20082619.0,64.0,41.2,of all branches,ok
3443.2832160000003,191825.0,,L1-dcache-loads:u,l1-dcache-loads,19404577.0,62.0,nan,,ok
3443.2832160000003,62081.0,,cache-references:u,cache-references,18468545.0,59.0,nan,,ok
3443.2832160000003,5544.0,,cache-misses:u,cache-misses,18286290.0,58.0,8.93,of all cache refs,ok
3443.2832160000003,4262099.0,,stalled-cycles-frontend:u,stalled-cycles-frontend,8749851.0,27.0,41.37,frontend cycles idle,ok
3485.313244,48322.0,,instructions:u,instructions,10993986.0,44.0,0.01,insn per cycle,ok
3485.313244,nan,,,,nan,nan,96.97,stalled cycles per insn,unknown
3485.313244,8144671.0,,cycles:u,cycles,11017356.0,44.0,nan,,ok
3485.313244,3248.0,,branches:u,branches,14040940.0,56.0,nan,,ok
3485.313244,1395.0,,branch-misses:u,branch-misses,16087142.0,64.0,42.95,of all branches,ok
3485.313244,123287.0,,L1-dcache-loads:u,l1-dcache-loads,14710812.0,59.0,nan,,ok
3485.313244,42066.0,,cache-references:u,cache-references,13660349.0,55.0,nan,,ok
3485.313244,4301.0,,cache-misses:u,cache-misses,13569386.0,55.0,10.22,of all cache refs,ok
3485.313244,4685614.0,,stalled-cycles-frontend:u,stalled-cycles-frontend,7001928.0,28.0,57.53,frontend cycles idle,ok
3527.30084,27557.0,,instructions:u,instructions,9051101.0,40.0,0.0,insn per cycle,ok
3527.30084,nan,,,,nan,nan,104.21,stalled cycles per insn,unknown
3527.30084,6932596.0,,cycles:u,cycles,8312569.0,37.0,nan,,ok
3527.30084,2958.0,,branches:u,branches,10369049.0,46.0,nan,,ok
3527.30084,1491.0,,branch-misses:u,branch-misses,13415283.0,59.0,50.41,of all branches,ok
3527.30084,137310.0,,L1-dcache-loads:u,l1-dcache-loads,13394957.0,59.0,nan,,ok
3527.30084,46017.0,,cache-references:u,cache-references,13431929.0,59.0,nan,,ok
3527.30084,4108.0,,cache-misses:u,cache-misses,14005605.0,62.0,8.93,of all cache refs,ok
3527.30084,2871737.0,,stalled-cycles-frontend:u,stalled-cycles-frontend,6049800.0,26.0,41.42,frontend cycles idle,ok
3581.254609,67396.0,,instructions:u,instructions,11081242.0,30.0,0.01,insn per cycle,ok
3581.254609,nan,,,,nan,nan,94.91,stalled cycles per insn,unknown
3581.254609,13391986.0,,cycles:u,cycles,12766773.0,34.0,nan,,ok
3581.254609,7572.0,,branches:u,branches,18695719.0,51.0,nan,,ok
3581.254609,3315.0,,branch-misses:u,branch-misses,24301415.0,66.0,43.78,of all branches,ok
3581.254609,288572.0,,L1-dcache-loads:u,l1-dcache-loads,25216866.0,69.0,nan,,ok
3581.254609,94556.0,,cache-references:u,cache-references,25381311.0,69.0,nan,,ok
3581.254609,8771.0,,cache-misses:u,cache-misses,23878705.0,65.0,9.28,of all cache refs,ok
3581.254609,6396506.0,,stalled-cycles-frontend:u,stalled-cycles-frontend,7080945.0,19.0,47.76,frontend cycles idle,ok
3595.2464840000002,13882.0,,instructions:u,instructions,1037867.0,20.0,0.01,insn per cycle,ok
3595.2464840000002,nan,,,,nan,nan,60.73,stalled cycles per insn,unknown
3595.2464840000002,1790614.0,,cycles:u,cycles,1026779.0,20.0,nan,,ok
3595.2464840000002,707.0,,branches:u,branches,2026762.0,40.0,nan,,ok
3595.2464840000002,268.0,,branch-misses:u,branch-misses,3026129.0,60.0,37.91,of all branches,ok
3595.2464840000002,24089.0,,L1-dcache-loads:u,l1-dcache-loads,3205324.0,63.0,nan,,ok
3595.2464840000002,8598.0,,cache-references:u,cache-references,4024320.0,79.0,nan,,ok
3595.2464840000002,1009.0,,cache-misses:u,cache-misses,4044146.0,79.0,11.74,of all cache refs,ok
3595.2464840000002,843066.0,,stalled-cycles-frontend:u,stalled-cycles-frontend,1037867.0,20.0,47.08,frontend cycles idle,ok
3609.2997210000003,29237.0,,instructions:u,instructions,7976753.0,49.0,0.01,insn per cycle,ok
3609.2997210000003,nan,,,,nan,nan,82.43,stalled cycles per insn,unknown
3609.2997210000003,4918453.0,,cycles:u,cycles,8013590.0,49.0,nan,,ok
3609.2997210000003,2288.0,,branches:u,branches,9375855.0,57.0,nan,,ok
3609.2997210000003,1005.0,,branch-misses:u,branch-misses,10426113.0,64.0,43.92,of all branches,ok
3609.2997210000003,98739.0,,L1-dcache-loads:u,l1-dcache-loads,9271805.0,57.0,nan,,ok
3609.2997210000003,38954.0,,cache-references:u,cache-references,8286184.0,50.0,nan,,ok
3609.2997210000003,4074.0,,cache-misses:u,cache-misses,8277054.0,50.0,10.46,of all cache refs,ok
3609.2997210000003,2410109.0,,stalled-cycles-frontend:u,stalled-cycles-frontend,4986173.0,30.0,49.0,frontend cycles idle,ok
3624.3078880000003,nan,,instructions:u,instructions,0.0,0.0,nan,,ok
3624.3078880000003,nan,,cycles:u,cycles,0.0,0.0,nan,,ok
3624.3078880000003,114.0,,branches:u,branches,629659.0,93.0,nan,,ok
3624.3078880000003,43.0,,branch-misses:u,branch-misses,623955.0,100.0,37.72,of all branches,ok
3624.3078880000003,3536.0,,L1-dcache-loads:u,l1-dcache-loads,580126.0,100.0,nan,,ok
3624.3078880000003,1059.0,,cache-references:u,cache-references,532113.0,100.0,nan,,ok
3624.3078880000003,99.0,,cache-misses:u,cache-misses,477599.0,100.0,9.35,of all cache refs,ok
3624.3078880000003,nan,,stalled-cycles-frontend:u,stalled-cycles-frontend,0.0,0.0,nan,,ok
3648.3653,33319.0,,instructions:u,instructions,8074169.0,49.0,0.01,insn per cycle,ok
3648.3653,nan,,,,nan,nan,75.42,stalled cycles per insn,unknown
3648.3653,5005134.0,,cycles:u,cycles,9080896.0,55.0,nan,,ok
3648.3653,3419.0,,branches:u,branches,11109972.0,67.0,nan,,ok
3648.3653,1444.0,,branch-misses:u,branch-misses,12661637.0,76.0,42.23,of all branches,ok
3648.3653,125753.0,,L1-dcache-loads:u,l1-dcache-loads,10644665.0,63.0,nan,,ok
3648.3653,39659.0,,cache-references:u,cache-references,8681794.0,51.0,nan,,ok
3648.3653,3595.0,,cache-misses:u,cache-misses,7736967.0,46.0,9.06,of all cache refs,ok
3648.3653,2512854.0,,stalled-cycles-frontend:u,stalled-cycles-frontend,5073851.0,30.0,50.21,frontend cycles idle,ok
3672.2872359999997,21722.0,,instructions:u,instructions,4042251.0,34.0,0.0,insn per cycle,ok
3672.2872359999997,nan,,,,nan,nan,102.38,stalled cycles per insn,unknown
3672.2872359999997,5097877.0,,cycles:u,cycles,3036186.0,26.0,nan,,ok
3672.2872359999997,1688.0,,branches:u,branches,4040617.0,34.0,nan,,ok
3672.2872359999997,812.0,,branch-misses:u,branch-misses,5488357.0,47.0,48.1,of all branches,ok
3672.2872359999997,92048.0,,L1-dcache-loads:u,l1-dcache-loads,6380119.0,55.0,nan,,ok
3672.2872359999997,29572.0,,cache-references:u,cache-references,7330064.0,64.0,nan,,ok
3672.2872359999997,2654.0,,cache-misses:u,cache-misses,8274229.0,73.0,8.97,of all cache refs,ok
3672.2872359999997,2223980.0,,stalled-cycles-frontend:u,stalled-cycles-frontend,3040898.0,27.0,43.63,frontend cycles idle,ok
3695.2446980000004,37080.0,,instructions:u,instructions,3021182.0,25.0,0.01,insn per cycle,ok
3695.2446980000004,nan,,,,nan,nan,70.25,stalled cycles per insn,unknown
3695.2446980000004,5045976.0,,cycles:u,cycles,3009275.0,25.0,nan,,ok
3695.2446980000004,2399.0,,branches:u,branches,4986690.0,41.0,nan,,ok
3695.2446980000004,1162.0,,branch-misses:u,branch-misses,7018097.0,58.0,48.44,of all branches,ok
3695.2446980000004,94912.0,,L1-dcache-loads:u,l1-dcache-loads,8011517.0,66.0,nan,,ok
3695.2446980000004,30507.0,,cache-references:u,cache-references,9015642.0,74.0,nan,,ok
3695.2446980000004,3309.0,,cache-misses:u,cache-misses,9027549.0,74.0,10.85,of all cache refs,ok
3695.2446980000004,2604724.0,,stalled-cycles-frontend:u,stalled-cycles-frontend,2022733.0,16.0,51.62,frontend cycles idle,ok
3714.246058,31954.0,,instructions:u,instructions,6006312.0,37.0,0.0,insn per cycle,ok
3714.246058,nan,,,,nan,nan,98.28,stalled cycles per insn,unknown
3714.246058,6553500.0,,cycles:u,cycles,5994851.0,37.0,nan,,ok
3714.246058,2704.0,,branches:u,branches,8015435.0,50.0,nan,,ok
3714.246058,1218.0,,branch-misses:u,branch-misses,10015387.0,62.0,45.04,of all branches,ok
3714.246058,108786.0,,L1-dcache-loads:u,l1-dcache-loads,10011061.0,62.0,nan,,ok
3714.246058,39398.0,,cache-references:u,cache-references,10012944.0,62.0,nan,,ok
3714.246058,3764.0,,cache-misses:u,cache-misses,10024405.0,62.0,9.55,of all cache refs,ok
3714.246058,3140297.0,,stalled-cycles-frontend:u,stalled-cycles-frontend,4005108.0,25.0,47.92,frontend cycles idle,ok
3745.299218,30586.0,,instructions:u,instructions,5000767.0,41.0,0.01,insn per cycle,ok
3745.299218,nan,,,,nan,nan,76.27,stalled cycles per insn,unknown
3745.299218,3415302.0,,cycles:u,cycles,5983639.0,49.0,nan,,ok
3745.299218,2927.0,,branches:u,branches,7982732.0,66.0,nan,,ok
3745.299218,1205.0,,branch-misses:u,branch-misses,9028752.0,75.0,41.17,of all branches,ok
3745.299218,103477.0,,L1-dcache-loads:u,l1-dcache-loads,8026149.0,66.0,nan,,ok
3745.299218,29447.0,,cache-references:u,cache-references,7021052.0,58.0,nan,,ok
3745.299218,2918.0,,cache-misses:u,cache-misses,6038180.0,50.0,9.91,of all cache refs,ok
3745.299218,2332749.0,,stalled-cycles-frontend:u,stalled-cycles-frontend,3003824.0,24.0,68.3,frontend cycles idle,ok
3777.267266,66060.0,,instructions:u,instructions,6169533.0,25.0,0.01,insn per cycle,ok
3777.267266,nan,,,,nan,nan,65.52,stalled cycles per insn,unknown
3777.267266,10280079.0,,cycles:u,cycles,3094377.0,12.0,nan,,ok
3777.267266,3452.0,,branches:u,branches,5077408.0,21.0,nan,,ok
3777.267266,1723.0,,branch-misses:u,branch-misses,10016870.0,41.0,49.91,of all branches,ok
3777.267266,166818.0,,L1-dcache-loads:u,l1-dcache-loads,13917434.0,57.0,nan,,ok
3777.267266,60005.0,,cache-references:u,cache-references,17908037.0,74.0,nan,,ok
3777.267266,6303.0,,cache-misses:u,cache-misses,20983193.0,87.0,10.5,of all cache refs,ok
3777.267266,4328026.0,,stalled-cycles-frontend:u,stalled-cycles-frontend,5164207.0,21.0,42.1,frontend cycles idle,ok
3815.226874,46328.0,,instructions:u,instructions,8126994.0,44.0,0.01,insn per cycle,ok
3815.226874,nan,,,,nan,nan,65.25,stalled cycles per insn,unknown
3815.226874,6846271.0,,cycles:u,cycles,8240604.0,45.0,nan,,ok
3815.226874,2713.0,,branches:u,branches,10333305.0,56.0,nan,,ok
3815.226874,1261.0,,branch-misses:u,branch-misses,12375560.0,67.0,46.48,of all branches,ok
3815.226874,111661.0,,L1-dcache-loads:u,l1-dcache-loads,11196187.0,60.0,nan,,ok
3815.226874,41814.0,,cache-references:u,cache-references,10048975.0,54.0,nan,,ok
3815.226874,5156.0,,cache-misses:u,cache-misses,10014475.0,54.0,12.33,of all cache refs,ok
3815.226874,3022891.0,,stalled-cycles-frontend:u,stalled-cycles-frontend,6224837.0,33.0,44.15,frontend cycles idle,ok
3839.235263,27619.0,,instructions:u,instructions,4882172.0,34.0,0.01,insn per cycle,ok
3839.235263,nan,,,,nan,nan,113.0,stalled cycles per insn,unknown
3839.235263,4689653.0,,cycles:u,cycles,7731671.0,55.0,nan,,ok
3839.235263,2812.0,,branches:u,branches,10691307.0,77.0,nan,,ok
3839.235263,1186.0,,branch-misses:u,branch-misses,11706817.0,84.0,42.18,of all branches,ok
3839.235263,109604.0,,L1-dcache-loads:u,l1-dcache-loads,10871951.0,79.0,nan,,ok
3839.235263,36852.0,,cache-references:u,cache-references,9089812.0,66.0,nan,,ok
3839.235263,4313.0,,cache-misses:u,cache-misses,6161203.0,45.0,11.7,of all cache refs,ok
3839.235263,3121041.0,,stalled-cycles-frontend:u,stalled-cycles-frontend,1803941.0,13.0,66.55,frontend cycles idle,ok
3857.2781449999998,30919.0,,instructions:u,instructions,2122597.0,29.0,0.01,insn per cycle,ok
3857.2781449999998,nan,,,,nan,nan,59.6,stalled cycles per insn,unknown
3857.2781449999998,3311870.0,,cycles:u,cycles,2989407.0,41.0,nan,,ok
3857.2781449999998,1704.0,,branches:u,branches,3994354.0,55.0,nan,,ok
3857.2781449999998,625.0,,branch-misses:u,branch-misses,4993041.0,69.0,36.68,of all branches,ok
3857.2781449999998,53053.0,,L1-dcache-loads:u,l1-dcache-loads,4999610.0,69.0,nan,,ok
3857.2781449999998,19927.0,,cache-references:u,cache-references,5008036.0,69.0,nan,,ok
3857.2781449999998,2158.0,,cache-misses:u,cache-misses,4255488.0,58.0,10.83,of all cache refs,ok
3857.2781449999998,1842728.0,,stalled-cycles-frontend:u,stalled-cycles-frontend,1260181.0,17.0,55.64,frontend cycles idle,ok
3875.270065,37434.0,,instructions:u,instructions,6154064.0,33.0,0.01,insn per cycle,ok
3875.270065,nan,,,,nan,nan,66.22,stalled cycles per insn,unknown
3875.270065,3879417.0,,cycles:u,cycles,3291406.0,18.0,nan,,ok
3875.270065,2053.0,,branches:u,branches,5297155.0,29.0,nan,,ok
3875.270065,1124.0,,branch-misses:u,branch-misses,8340051.0,45.0,54.75,of all branches,ok
3875.270065,104351.0,,L1-dcache-loads:u,l1-dcache-loads,9986618.0,54.0,nan,,ok
3875.270065,32205.0,,cache-references:u,cache-references,11982686.0,65.0,nan,,ok
3875.270065,3649.0,,cache-misses:u,cache-misses,14774190.0,81.0,11.33,of all cache refs,ok
3875.270065,2478923.0,,stalled-cycles-frontend:u,stalled-cycles-frontend,5204452.0,28.0,63.9,frontend cycles idle,ok
3907.268541,18528.0,,instructions:u,instructions,5407488.0,56.0,0.01,insn per cycle,ok
3907.268541,nan,,,,nan,nan,74.0,stalled cycles per insn,unknown
3907.268541,3529996.0,,cycles:u,cycles,7403702.0,76.0,nan,,ok
3907.268541,1554.0,,branches:u,branches,8450440.0,87.0,nan,,ok
3907.268541,665.0,,branch-misses:u,branch-misses,9440915.0,97.0,42.79,of all branches,ok
3907.268541,58205.0,,L1-dcache-loads:u,l1-dcache-loads,6586987.0,67.0,nan,,ok
3907.268541,20212.0,,cache-references:u,cache-references,4342790.0,44.0,nan,,ok
3907.268541,2023.0,,cache-misses:u,cache-misses,2360460.0,24.0,10.01,of all cache refs,ok
3907.268541,1371105.0,,stalled-cycles-frontend:u,stalled-cycles-frontend,3060151.0,31.0,38.84,frontend cycles idle,ok
3935.2604260000003,53419.0,,instructions:u,instructions,8845548.0,40.0,0.01,insn per cycle,ok
3935.2604260000003,nan,,,,nan,nan,74.91,stalled cycles per insn,unknown
3935.2604260000003,8281057.0,,cycles:u,cycles,10796949.0,49.0,nan,,ok
3935.2604260000003,4816.0,,branches:u,branches,14800824.0,68.0,nan,,ok
3935.2604260000003,1991.0,,branch-misses:u,branch-misses,15894793.0,73.0,41.34,of all branches,ok
3935.2604260000003,164285.0,,L1-dcache-loads:u,l1-dcache-loads,14595003.0,67.0,nan,,ok
3935.2604260000003,53252.0,,cache-references:u,cache-references,12832032.0,59.0,nan,,ok
3935.2604260000003,5427.0,,cache-misses:u,cache-misses,10823639.0,50.0,10.19,of all cache refs,ok
3935.2604260000003,4001631.0,,stalled-cycles-frontend:u,stalled-cycles-frontend,5007213.0,23.0,48.32,frontend cycles idle,ok
3962.254246,13124.0,,instructions:u,instructions,4036328.0,30.0,0.0,insn per cycle,ok
3962.254246,nan,,,,nan,nan,124.98,stalled cycles per insn,unknown
3962.254246,5930627.0,,cycles:u,cycles,3044444.0,22.0,nan,,ok
3962.254246,1357.0,,branches:u,branches,4035411.0,30.0,nan,,ok
3962.254246,477.0,,branch-misses:u,branch-misses,7226337.0,53.0,35.15,of all branches,ok
3962.254246,38268.0,,L1-dcache-loads:u,l1-dcache-loads,8451504.0,62.0,nan,,ok
3962.254246,10861.0,,cache-references:u,cache-references,9517923.0,70.0,nan,,ok
3962.254246,1161.0,,cache-misses:u,cache-misses,10574442.0,77.0,10.69,of all cache refs,ok
3962.254246,1640268.0,,stalled-cycles-frontend:u,stalled-cycles-frontend,3037014.0,22.0,27.66,frontend cycles idle,ok
3991.292949,37975.0,,instructions:u,instructions,8128627.0,42.0,0.01,insn per cycle,ok
3991.292949,nan,,,,nan,nan,82.02,stalled cycles per insn,unknown
3991.292949,4783993.0,,cycles:u,cycles,5162595.0,27.0,nan,,ok
3991.292949,2350.0,,branches:u,branches,6165935.0,32.0,nan,,ok
3991.292949,1012.0,,branch-misses:u,branch-misses,7970835.0,42.0,43.06,of all branches,ok
3991.292949,104613.0,,L1-dcache-loads:u,l1-dcache-loads,8616772.0,46.0,nan,,ok
3991.292949,36818.0,,cache-references:u,cache-references,10496620.0,56.0,nan,,ok
3991.292949,3932.0,,cache-misses:u,cache-misses,13398017.0,72.0,10.68,of all cache refs,ok
3991.292949,3114578.0,,stalled-cycles-frontend:u,stalled-cycles-frontend,6110160.0,33.0,65.1,frontend cycles idle,ok
4027.2418070000003,31625.0,,instructions:u,instructions,9940212.0,39.0,0.0,insn per cycle,ok
4027.2418070000003,nan,,,,nan,nan,99.76,stalled cycles per insn,unknown
4027.2418070000003,8235959.0,,cycles:u,cycles,11895165.0,47.0,nan,,ok
4027.2418070000003,3521.0,,branches:u,branches,15923834.0,63.0,nan,,ok
4027.2418070000003,1527.0,,branch-misses:u,branch-misses,18998738.0,75.0,43.37,of all branches,ok
4027.2418070000003,143945.0,,L1-dcache-loads:u,l1-dcache-loads,17061482.0,68.0,nan,,ok
4027.2418070000003,47687.0,,cache-references:u,cache-references,15136894.0,60.0,nan,,ok
4027.2418070000003,4993.0,,cache-misses:u,cache-misses,13181941.0,52.0,10.47,of all cache refs,ok
4027.2418070000003,3154771.0,,stalled-cycles-frontend:u,stalled-cycles-frontend,6015761.0,23.0,38.3,frontend cycles idle,ok
4054.255636,54161.0,,instructions:u,instructions,4070037.0,33.0,0.01,insn per cycle,ok
4054.255636,nan,,,,nan,nan,47.8,stalled cycles per insn,unknown
4054.255636,5617078.0,,cycles:u,cycles,3091374.0,25.0,nan,,ok
4054.255636,3195.0,,branches:u,branches,4097593.0,33.0,nan,,ok
4054.255636,1057.0,,branch-misses:u,branch-misses,6073102.0,50.0,33.08,of all branches,ok
4054.255636,89194.0,,L1-dcache-loads:u,l1-dcache-loads,7006680.0,58.0,nan,,ok
4054.255636,27680.0,,cache-references:u,cache-references,7996882.0,66.0,nan,,ok
4054.255636,3456.0,,cache-misses:u,cache-misses,8975545.0,74.0,12.49,of all cache refs,ok
4054.255636,2589136.0,,stalled-cycles-frontend:u,stalled-cycles-frontend,3067166.0,25.0,46.09,frontend cycles idle,ok
4081.290128,46198.0,,instructions:u,instructions,8079646.0,38.0,0.01,insn per cycle,ok
4081.290128,nan,,,,nan,nan,87.8,stalled cycles per insn,unknown
4081.290128,6747196.0,,cycles:u,cycles,7051108.0,33.0,nan,,ok
4081.290128,3233.0,,branches:u,branches,9054462.0,42.0,nan,,ok
4081.290128,1291.0,,branch-misses:u,branch-misses,12045169.0,56.0,39.93,of all branches,ok
4081.290128,103002.0,,L1-dcache-loads:u,l1-dcache-loads,12311996.0,57.0,nan,,ok
4081.290128,39872.0,,cache-references:u,cache-references,13339374.0,62.0,nan,,ok
4081.290128,4381.0,,cache-misses:u,cache-misses,14409732.0,67.0,10.99,of all cache refs,ok
4081.290128,4055959.0,,stalled-cycles-frontend:u,stalled-cycles-frontend,6047609.0,28.0,60.11,frontend cycles idle,ok
4121.2727859999995,42712.0,,instructions:u,instructions,6132509.0,27.0,0.01,insn per cycle,ok
4121.2727859999995,nan,,,,nan,nan,89.87,stalled cycles per insn,unknown
4121.2727859999995,7979881.0,,cycles:u,cycles,7118370.0,32.0,nan,,ok
4121.2727859999995,3093.0,,branches:u,branches,11090751.0,50.0,nan,,ok
4121.2727859999995,1364.0,,branch-misses:u,branch-misses,14124320.0,64.0,44.1,of all branches,ok
4121.2727859999995,112950.0,,L1-dcache-loads:u,l1-dcache-loads,14795391.0,67.0,nan,,ok
4121.2727859999995,40011.0,,cache-references:u,cache-references,15646776.0,71.0,nan,,ok
4121.2727859999995,4420.0,,cache-misses:u,cache-misses,14619095.0,67.0,11.05,of all cache refs,ok
4121.2727859999995,3838613.0,,stalled-cycles-frontend:u,stalled-cycles-frontend,4040929.0,18.0,48.1,frontend cycles idle,ok
4166.330150000001,35613.0,,instructions:u,instructions,9089035.0,45.0,0.0,insn per cycle,ok
4166.330150000001,nan,,,,nan,nan,89.15,stalled cycles per insn,unknown
4166.330150000001,7983854.0,,cycles:u,cycles,7171517.0,35.0,nan,,ok
4166.330150000001,3230.0,,branches:u,branches,8196241.0,40.0,nan,,ok
4166.330150000001,1255.0,,branch-misses:u,branch-misses,10156377.0,50.0,38.85,of all branches,ok
4166.330150000001,131819.0,,L1-dcache-loads:u,l1-dcache-loads,10087147.0,50.0,nan,,ok
4166.330150000001,39692.0,,cache-references:u,cache-references,11018657.0,54.0,nan,,ok
4166.330150000001,4011.0,,cache-misses:u,cache-misses,12936175.0,64.0,10.11,of all cache refs,ok
4166.330150000001,3175010.0,,stalled-cycles-frontend:u,stalled-cycles-frontend,7021810.0,34.0,39.77,frontend cycles idle,ok
4215.307322000001,64271.0,,instructions:u,instructions,10356997.0,33.0,0.01,insn per cycle,ok
4215.307322000001,nan,,,,nan,nan,78.08,stalled cycles per insn,unknown
4215.307322000001,12004547.0,,cycles:u,cycles,13900765.0,45.0,nan,,ok
4215.307322000001,5713.0,,branches:u,branches,19111556.0,62.0,nan,,ok
4215.307322000001,2210.0,,branch-misses:u,branch-misses,23200245.0,75.0,38.68,of all branches,ok
4215.307322000001,186016.0,,L1-dcache-loads:u,l1-dcache-loads,22232991.0,72.0,nan,,ok
4215.307322000001,54131.0,,cache-references:u,cache-references,20321498.0,66.0,nan,,ok
4215.307322000001,5425.0,,cache-misses:u,cache-misses,16777730.0,54.0,10.02,of all cache refs,ok
4215.307322000001,5018559.0,,stalled-cycles-frontend:u,stalled-cycles-frontend,5439801.0,17.0,41.81,frontend cycles idle,ok
4234.2718350000005,3835.0,,instructions:u,instructions,215091.0,9.0,nan,,ok
4234.2718350000005,nan,,,,nan,nan,109.08,stalled cycles per insn,unknown
4234.2718350000005,nan,,cycles:u,cycles,0.0,0.0,nan,,ok
4234.2718350000005,nan,,branches:u,branches,0.0,0.0,nan,,ok
4234.2718350000005,nan,,branch-misses:u,branch-misses,0.0,0.0,nan,,ok
4234.2718350000005,16280.0,,L1-dcache-loads:u,l1-dcache-loads,983130.0,42.0,nan,,ok
4234.2718350000005,5433.0,,cache-references:u,cache-references,1985102.0,85.0,nan,,ok
4234.2718350000005,591.0,,cache-misses:u,cache-misses,2339900.0,100.0,10.88,of all cache refs,ok
4234.2718350000005,418315.0,,stalled-cycles-frontend:u,stalled-cycles-frontend,376922.0,15.0,nan,,ok
4248.243785,26821.0,,instructions:u,instructions,8742640.0,63.0,0.01,insn per cycle,ok
4248.243785,nan,,,,nan,nan,67.29,stalled cycles per insn,unknown
4248.243785,3986666.0,,cycles:u,cycles,7077736.0,51.0,nan,,ok
4248.243785,2184.0,,branches:u,branches,7173853.0,52.0,nan,,ok
4248.243785,915.0,,branch-misses:u,branch-misses,8157580.0,59.0,41.9,of all branches,ok
4248.243785,84330.0,,L1-dcache-loads:u,l1-dcache-loads,6122276.0,44.0,nan,,ok
4248.243785,28656.0,,cache-references:u,cache-references,5084188.0,37.0,nan,,ok
4248.243785,3139.0,,cache-misses:u,cache-misses,6609385.0,48.0,10.95,of all cache refs,ok
4248.243785,1804840.0,,stalled-cycles-frontend:u,stalled-cycles-frontend,6542524.0,47.0,45.27,frontend cycles idle,ok
4283.2695699999995,17087.0,,instructions:u,instructions,3921237.0,17.0,0.0,insn per cycle,ok
4283.2695699999995,nan,,,,nan,nan,156.86,stalled cycles per insn,unknown
4283.2695699999995,7180571.0,,cycles:u,cycles,5590065.0,25.0,nan,,ok
4283.2695699999995,3682.0,,branches:u,branches,9999871.0,45.0,nan,,ok
4283.2695699999995,1295.0,,branch-misses:u,branch-misses,14974692.0,67.0,35.17,of all branches,ok
4283.2695699999995,113106.0,,L1-dcache-loads:u,l1-dcache-loads,17962642.0,81.0,nan,,ok
4283.2695699999995,38102.0,,cache-references:u,cache-references,18169887.0,82.0,nan,,ok
4283.2695699999995,3462.0,,cache-misses:u,cache-misses,16501059.0,74.0,9.09,of all cache refs,ok
4283.2695699999995,2680197.0,,stalled-cycles-frontend:u,stalled-cycles-frontend,2043468.0,9.0,37.33,frontend cycles idle,ok
4311.321772,24270.0,,instructions:u,instructions,8226719.0,62.0,0.0,insn per cycle,ok
4311.321772,nan,,,,nan,nan,90.92,stalled cycles per insn,unknown
4311.321772,5117857.0,,cycles:u,cycles,6332983.0,48.0,nan,,ok
4311.321772,1695.0,,branches:u,branches,7373810.0,55.0,nan,,ok
4311.321772,662.0,,branch-misses:u,branch-misses,7460371.0,56.0,39.06,of all branches,ok
4311.321772,58250.0,,L1-dcache-loads:u,l1-dcache-loads,5415523.0,40.0,nan,,ok
4311.321772,19789.0,,cache-references:u,cache-references,4856639.0,36.0,nan,,ok
4311.321772,2820.0,,cache-misses:u,cache-misses,6830277.0,51.0,14.25,of all cache refs,ok
4311.321772,2206514.0,,stalled-cycles-frontend:u,stalled-cycles-frontend,6010122.0,44.0,43.11,frontend cycles idle,ok
4342.261142,61580.0,,instructions:u,instructions,8759375.0,31.0,0.01,insn per cycle,ok
4342.261142,nan,,,,nan,nan,48.48,stalled cycles per insn,unknown
4342.261142,9344435.0,,cycles:u,cycles,10864812.0,38.0,nan,,ok
4342.261142,5445.0,,branches:u,branches,15864989.0,56.0,nan,,ok
4342.261142,2162.0,,branch-misses:u,branch-misses,19912463.0,71.0,39.71,of all branches,ok
4342.261142,190279.0,,L1-dcache-loads:u,l1-dcache-loads,20905064.0,74.0,nan,,ok
4342.261142,55769.0,,cache-references:u,cache-references,19636109.0,69.0,nan,,ok
4342.261142,5898.0,,cache-misses:u,cache-misses,17324838.0,61.0,10.58,of all cache refs,ok
4342.261142,2985457.0,,stalled-cycles-frontend:u,stalled-cycles-frontend,4985945.0,17.0,31.95,frontend cycles idle,ok
4365.270882,29331.0,,instructions:u,instructions,4325872.0,33.0,0.01,insn per cycle,ok
4365.270882,nan,,,,nan,nan,63.17,stalled cycles per insn,unknown
4365.270882,4515994.0,,cycles:u,cycles,2834374.0,21.0,nan,,ok
4365.270882,2674.0,,branches:u,branches,2859883.0,22.0,nan,,ok
4365.270882,913.0,,branch-misses:u,branch-misses,4740746.0,37.0,34.14,of all branches,ok
4365.270882,93334.0,,L1-dcache-loads:u,l1-dcache-loads,5638534.0,44.0,nan,,ok
4365.270882,22750.0,,cache-references:u,cache-references,8157538.0,64.0,nan,,ok
4365.270882,2432.0,,cache-misses:u,cache-misses,10042432.0,79.0,10.69,of all cache refs,ok
4365.270882,1852835.0,,stalled-cycles-frontend:u,stalled-cycles-frontend,3655622.0,28.0,41.03,frontend cycles idle,ok
4414.283289,67535.0,,instructions:u,instructions,14850628.0,36.0,0.0,insn per cycle,ok
4414.283289,nan,,,,nan,nan,87.59,stalled cycles per insn,unknown
4414.283289,13676293.0,,cycles:u,cycles,15009350.0,36.0,nan,,ok
4414.283289,6354.0,,branches:u,branches,21035612.0,51.0,nan,,ok
4414.283289,2760.0,,branch-misses:u,branch-misses,27027022.0,65.0,43.44,of all branches,ok
4414.283289,241611.0,,L1-dcache-loads:u,l1-dcache-loads,27301648.0,66.0,nan,,ok
4414.283289,73247.0,,cache-references:u,cache-references,26691684.0,64.0,nan,,ok
4414.283289,7714.0,,cache-misses:u,cache-misses,26332630.0,63.0,10.53,of all cache refs,ok
4414.283289,5915720.0,,stalled-cycles-frontend:u,stalled-cycles-frontend,9514429.0,23.0,43.26,frontend cycles idle,ok
4446.251915000001,61035.0,,instructions:u,instructions,10032034.0,46.0,0.01,insn per cycle,ok
4446.251915000001,nan,,,,nan,nan,71.24,stalled cycles per insn,unknown
4446.251915000001,10143470.0,,cycles:u,cycles,11007954.0,50.0,nan,,ok
4446.251915000001,4469.0,,branches:u,branches,14008009.0,64.0,nan,,ok
4446.251915000001,1715.0,,branch-misses:u,branch-misses,15094841.0,69.0,38.38,of all branches,ok
4446.251915000001,139740.0,,L1-dcache-loads:u,l1-dcache-loads,12781906.0,59.0,nan,,ok
4446.251915000001,38635.0,,cache-references:u,cache-references,11371732.0,53.0,nan,,ok
4446.251915000001,4057.0,,cache-misses:u,cache-misses,10328680.0,48.0,10.5,of all cache refs,ok
4446.251915000001,4348089.0,,stalled-cycles-frontend:u,stalled-cycles-frontend,6042442.0,28.0,42.87,frontend cycles idle,ok
4472.27002,47515.0,,instructions:u,instructions,8919525.0,44.0,0.01,insn per cycle,ok
4472.27002,nan,,,,nan,nan,79.35,stalled cycles per insn,unknown
4472.27002,8884079.0,,cycles:u,cycles,9995696.0,49.0,nan,,ok
4472.27002,3606.0,,branches:u,branches,12076278.0,60.0,nan,,ok
4472.27002,1341.0,,branch-misses:u,branch-misses,14074373.0,70.0,37.19,of all branches,ok
4472.27002,127921.0,,L1-dcache-loads:u,l1-dcache-loads,13072047.0,65.0,nan,,ok
4472.27002,36110.0,,cache-references:u,cache-references,11095219.0,55.0,nan,,ok
4472.27002,3903.0,,cache-misses:u,cache-misses,10019048.0,50.0,10.81,of all cache refs,ok
4472.27002,3770294.0,,stalled-cycles-frontend:u,stalled-cycles-frontend,5920940.0,29.0,42.44,frontend cycles idle,ok
4486.277335,26494.0,,instructions:u,instructions,4063836.0,50.0,0.01,insn per cycle,ok
4486.277335,nan,,,,nan,nan,50.36,stalled cycles per insn,unknown
4486.277335,3289748.0,,cycles:u,cycles,2093271.0,26.0,nan,,ok
4486.277335,2417.0,,branches:u,branches,2093271.0,26.0,nan,,ok
4486.277335,775.0,,branch-misses:u,branch-misses,3046186.0,37.0,32.06,of all branches,ok
4486.277335,54776.0,,L1-dcache-loads:u,l1-dcache-loads,2990053.0,37.0,nan,,ok
4486.277335,14734.0,,cache-references:u,cache-references,3969884.0,49.0,nan,,ok
4486.277335,1897.0,,cache-misses:u,cache-misses,5940449.0,73.0,12.87,of all cache refs,ok
4486.277335,1334122.0,,stalled-cycles-frontend:u,stalled-cycles-frontend,3059626.0,38.0,40.55,frontend cycles idle,ok
4539.241864,39907.0,,instructions:u,instructions,8048412.0,28.0,0.0,insn per cycle,ok
4539.241864,nan,,,,nan,nan,91.8,stalled cycles per insn,unknown
4539.241864,8091180.0,,cycles:u,cycles,9085168.0,32.0,nan,,ok
4539.241864,4271.0,,branches:u,branches,14058204.0,49.0,nan,,ok
4539.241864,2060.0,,branch-misses:u,branch-misses,18117720.0,64.0,48.23,of all branches,ok
4539.241864,203847.0,,L1-dcache-loads:u,l1-dcache-loads,19149002.0,67.0,nan,,ok
4539.241864,69395.0,,cache-references:u,cache-references,20145964.0,71.0,nan,,ok
4539.241864,7856.0,,cache-misses:u,cache-misses,19109208.0,67.0,11.32,of all cache refs,ok
4539.241864,3663627.0,,stalled-cycles-frontend:u,stalled-cycles-frontend,5045282.0,17.0,45.28,frontend cycles idle,ok
4555.273597,38776.0,,instructions:u,instructions,5975471.0,58.0,0.01,insn per cycle,ok
4555.273597,nan,,,,nan,nan,54.7,stalled cycles per insn,unknown
4555.273597,3130388.0,,cycles:u,cycles,5998589.0,58.0,nan,,ok
4555.273597,2891.0,,branches:u,branches,7023143.0,67.0,nan,,ok
4555.273597,1150.0,,branch-misses:u,branch-misses,8021062.0,77.0,39.78,of all branches,ok
4555.273597,86527.0,,L1-dcache-loads:u,l1-dcache-loads,6437448.0,61.0,nan,,ok
4555.273597,24254.0,,cache-references:u,cache-references,4524329.0,43.0,nan,,ok
4555.273597,3482.0,,cache-misses:u,cache-misses,4543163.0,43.0,14.36,of all cache refs,ok
4555.273597,2121159.0,,stalled-cycles-frontend:u,stalled-cycles-frontend,3984056.0,37.0,67.76,frontend cycles idle,ok
4606.300906,83674.0,,instructions:u,instructions,12164922.0,33.0,0.01,insn per cycle,ok
4606.300906,nan,,,,nan,nan,67.57,stalled cycles per insn,unknown
4606.300906,8672437.0,,cycles:u,cycles,12152870.0,33.0,nan,,ok
4606.300906,6949.0,,branches:u,branches,16418683.0,45.0,nan,,ok
4606.300906,2970.0,,branch-misses:u,branch-misses,21412202.0,58.0,42.74,of all branches,ok
4606.300906,273562.0,,L1-dcache-loads:u,l1-dcache-loads,22294646.0,61.0,nan,,ok
4606.300906,87711.0,,cache-references:u,cache-references,24309723.0,66.0,nan,,ok
4606.300906,10279.0,,cache-misses:u,cache-misses,24369537.0,66.0,11.72,of all cache refs,ok
4606.300906,5654064.0,,stalled-cycles-frontend:u,stalled-cycles-frontend,8171477.0,22.0,65.2,frontend cycles idle,ok
4621.273683,56632.0,,instructions:u,instructions,1387043.0,10.0,0.01,insn per cycle,ok
4621.273683,nan,,,,nan,nan,55.78,stalled cycles per insn,unknown
4621.273683,6342977.0,,cycles:u,cycles,1025458.0,7.0,nan,,ok
4621.273683,4878.0,,branches:u,branches,2733228.0,21.0,nan,,ok
4621.273683,1321.0,,branch-misses:u,branch-misses,5677428.0,43.0,27.08,of all branches,ok
4621.273683,117352.0,,L1-dcache-loads:u,l1-dcache-loads,9218917.0,71.0,nan,,ok
4621.273683,36202.0,,cache-references:u,cache-references,11213285.0,87.0,nan,,ok
4621.273683,4399.0,,cache-misses:u,cache-misses,11722849.0,91.0,12.15,of all cache refs,ok
4621.273683,3158989.0,,stalled-cycles-frontend:u,stalled-cycles-frontend,1681273.0,13.0,49.8,frontend cycles idle,ok
4677.285898,135266.0,,instructions:u,instructions,16931919.0,43.0,0.01,insn per cycle,ok
4677.285898,nan,,,,nan,nan,61.67,stalled cycles per insn,unknown
4677.285898,16290713.0,,cycles:u,cycles,16321987.0,41.0,nan,,ok
4677.285898,10455.0,,branches:u,branches,20368638.0,52.0,nan,,ok
4677.285898,3985.0,,branch-misses:u,branch-misses,24409946.0,62.0,38.12,of all branches,ok
4677.285898,345311.0,,L1-dcache-loads:u,l1-dcache-loads,22443157.0,57.0,nan,,ok
4677.285898,104618.0,,cache-references:u,cache-references,21947130.0,56.0,nan,,ok
4677.285898,12020.0,,cache-misses:u,cache-misses,22385928.0,57.0,11.49,of all cache refs,ok
4677.285898,8342523.0,,stalled-cycles-frontend:u,stalled-cycles-frontend,11394960.0,29.0,51.21,frontend cycles idle,ok
4707.2605650000005,42066.0,,instructions:u,instructions,6927892.0,38.0,0.01,insn per cycle,ok
4707.2605650000005,nan,,,,nan,nan,49.34,stalled cycles per insn,unknown
4707.2605650000005,4611650.0,,cycles:u,cycles,7729594.0,43.0,nan,,ok
4707.2605650000005,3221.0,,branches:u,branches,9751633.0,54.0,nan,,ok
4707.2605650000005,1292.0,,branch-misses:u,branch-misses,11716011.0,65.0,40.11,of all branches,ok
4707.2605650000005,113120.0,,L1-dcache-loads:u,l1-dcache-loads,11632116.0,65.0,nan,,ok
4707.2605650000005,35065.0,,cache-references:u,cache-references,11059587.0,62.0,nan,,ok
4707.2605650000005,4355.0,,cache-misses:u,cache-misses,10305181.0,57.0,12.42,of all cache refs,ok
4707.2605650000005,2075666.0,,stalled-cycles-frontend:u,stalled-cycles-frontend,4282145.0,24.0,45.01,frontend cycles idle,ok
4746.2666850000005,52958.0,,instructions:u,instructions,8863463.0,38.0,0.01,insn per cycle,ok
4746.2666850000005,nan,,,,nan,nan,65.47,stalled cycles per insn,unknown
4746.2666850000005,8909833.0,,cycles:u,cycles,9017727.0,39.0,nan,,ok
4746.2666850000005,3332.0,,branches:u,branches,12029336.0,52.0,nan,,ok
4746.2666850000005,1228.0,,branch-misses:u,branch-misses,15038260.0,65.0,36.85,of all branches,ok
4746.2666850000005,118181.0,,L1-dcache-loads:u,l1-dcache-loads,15028228.0,65.0,nan,,ok
4746.2666850000005,41115.0,,cache-references:u,cache-references,14093291.0,61.0,nan,,ok
4746.2666850000005,5259.0,,cache-misses:u,cache-misses,13825172.0,60.0,12.79,of all cache refs,ok
4746.2666850000005,3467214.0,,stalled-cycles-frontend:u,stalled-cycles-frontend,5734297.0,25.0,38.91,frontend cycles idle,ok
4760.255207,40110.0,,instructions:u,instructions,2010871.0,18.0,0.01,insn per cycle,ok
4760.255207,nan,,,,nan,nan,22.6,stalled cycles per insn,unknown
4760.255207,4053870.0,,cycles:u,cycles,2955805.0,26.0,nan,,ok
4760.255207,2357.0,,branches:u,branches,5176691.0,46.0,nan,,ok
4760.255207,778.0,,branch-misses:u,branch-misses,7222021.0,64.0,33.01,of all branches,ok
4760.255207,77829.0,,L1-dcache-loads:u,l1-dcache-loads,8288480.0,73.0,nan,,ok
4760.255207,21089.0,,cache-references:u,cache-references,9333763.0,82.0,nan,,ok
4760.255207,2618.0,,cache-misses:u,cache-misses,8432601.0,74.0,12.41,of all cache refs,ok
4760.255207,906575.0,,stalled-cycles-frontend:u,stalled-cycles-frontend,1014586.0,8.0,22.36,frontend cycles idle,ok
4807.265131,95492.0,,instructions:u,instructions,13206101.0,40.0,0.01,insn per cycle,ok
4807.265131,nan,,,,nan,nan,59.67,stalled cycles per insn,unknown
4807.265131,13317611.0,,cycles:u,cycles,12458837.0,38.0,nan,,ok
4807.265131,7104.0,,branches:u,branches,16349296.0,50.0,nan,,ok
4807.265131,2576.0,,branch-misses:u,branch-misses,20407977.0,62.0,36.26,of all branches,ok
4807.265131,217024.0,,L1-dcache-loads:u,l1-dcache-loads,20059879.0,61.0,nan,,ok
4807.265131,64368.0,,cache-references:u,cache-references,19122976.0,58.0,nan,,ok
4807.265131,7841.0,,cache-misses:u,cache-misses,19708063.0,60.0,12.18,of all cache refs,ok
4807.265131,5697781.0,,stalled-cycles-frontend:u,stalled-cycles-frontend,9523923.0,29.0,42.78,frontend cycles idle,ok
4845.28435,66517.0,,instructions:u,instructions,10764789.0,43.0,0.01,insn per cycle,ok
4845.28435,nan,,,,nan,nan,52.64,stalled cycles per insn,unknown
4845.28435,7255263.0,,cycles:u,cycles,10528759.0,42.0,nan,,ok
4845.28435,4932.0,,branches:u,branches,13466988.0,54.0,nan,,ok
4845.28435,1881.0,,branch-misses:u,branch-misses,15651306.0,63.0,38.14,of all branches,ok
4845.28435,159877.0,,L1-dcache-loads:u,l1-dcache-loads,14025070.0,57.0,nan,,ok
4845.28435,39507.0,,cache-references:u,cache-references,14011162.0,57.0,nan,,ok
4845.28435,5122.0,,cache-misses:u,cache-misses,14421224.0,58.0,12.96,of all cache refs,ok
4845.28435,3501351.0,,stalled-cycles-frontend:u,stalled-cycles-frontend,6453894.0,26.0,48.26,frontend cycles idle,ok
4868.26568,44913.0,,instructions:u,instructions,8995982.0,45.0,0.01,insn per cycle,ok
4868.26568,nan,,,,nan,nan,69.74,stalled cycles per insn,unknown
4868.26568,7593445.0,,cycles:u,cycles,8035811.0,40.0,nan,,ok
4868.26568,3561.0,,branches:u,branches,10052590.0,50.0,nan,,ok
4868.26568,1268.0,,branch-misses:u,branch-misses,11771088.0,59.0,35.61,of all branches,ok
4868.26568,124421.0,,L1-dcache-loads:u,l1-dcache-loads,10727270.0,54.0,nan,,ok
4868.26568,40046.0,,cache-references:u,cache-references,10637337.0,54.0,nan,,ok
4868.26568,4798.0,,cache-misses:u,cache-misses,11541881.0,58.0,11.98,of all cache refs,ok
4868.26568,3132260.0,,stalled-cycles-frontend:u,stalled-cycles-frontend,5994088.0,30.0,41.25,frontend cycles idle,ok
4892.263801,23915.0,,instructions:u,instructions,3153011.0,38.0,0.01,insn per cycle,ok
4892.263801,nan,,,,nan,nan,56.48,stalled cycles per insn,unknown
4892.263801,3265773.0,,cycles:u,cycles,2995638.0,36.0,nan,,ok
4892.263801,2439.0,,branches:u,branches,3985220.0,48.0,nan,,ok
4892.263801,990.0,,branch-misses:u,branch-misses,4983934.0,60.0,40.59,of all branches,ok
4892.263801,94805.0,,L1-dcache-loads:u,l1-dcache-loads,4988468.0,60.0,nan,,ok
4892.263801,27764.0,,cache-references:u,cache-references,4987601.0,60.0,nan,,ok
4892.263801,3055.0,,cache-misses:u,cache-misses,5338328.0,64.0,11.0,of all cache refs,ok
4892.263801,1350676.0,,stalled-cycles-frontend:u,stalled-cycles-frontend,2390022.0,28.0,41.36,frontend cycles idle,ok
4924.244113000001,44734.0,,instructions:u,instructions,5892259.0,21.0,0.01,insn per cycle,ok
4924.244113000001,nan,,,,nan,nan,76.84,stalled cycles per insn,unknown
4924.244113000001,6510675.0,,cycles:u,cycles,7941326.0,29.0,nan,,ok
4924.244113000001,4960.0,,branches:u,branches,12967933.0,48.0,nan,,ok
4924.244113000001,1908.0,,branch-misses:u,branch-misses,17953306.0,66.0,38.47,of all branches,ok
4924.244113000001,181588.0,,L1-dcache-loads:u,l1-dcache-loads,20130201.0,74.0,nan,,ok
4924.244113000001,59501.0,,cache-references:u,cache-references,21173583.0,78.0,nan,,ok
4924.244113000001,7010.0,,cache-misses:u,cache-misses,18962515.0,70.0,11.78,of all cache refs,ok
4924.244113000001,3437293.0,,stalled-cycles-frontend:u,stalled-cycles-frontend,3658906.0,13.0,52.79,frontend cycles idle,ok
4942.254443999999,33553.0,,instructions:u,instructions,4131322.0,67.0,0.01,insn per cycle,ok
4942.254443999999,nan,,,,nan,nan,39.26,stalled cycles per insn,unknown
4942.254443999999,2931066.0,,cycles:u,cycles,2251641.0,36.0,nan,,ok
4942.254443999999,2650.0,,branches:u,branches,2278438.0,37.0,nan,,ok
4942.254443999999,996.0,,branch-misses:u,branch-misses,2305799.0,37.0,37.58,of all branches,ok
4942.254443999999,57222.0,,L1-dcache-loads:u,l1-dcache-loads,1875236.0,30.0,nan,,ok
4942.254443999999,18283.0,,cache-references:u,cache-references,1843826.0,30.0,nan,,ok
4942.254443999999,2787.0,,cache-misses:u,cache-misses,3738356.0,61.0,15.24,of all cache refs,ok
4942.254443999999,1317295.0,,stalled-cycles-frontend:u,stalled-cycles-frontend,3326800.0,54.0,44.94,frontend cycles idle,ok
4963.295898,58343.0,,instructions:u,instructions,10229176.0,50.0,0.01,insn per cycle,ok
4963.295898,nan,,,,nan,nan,58.89,stalled cycles per insn,unknown
4963.295898,7679747.0,,cycles:u,cycles,10836237.0,53.0,nan,,ok
4963.295898,4209.0,,branches:u,branches,12879375.0,63.0,nan,,ok
4963.295898,1470.0,,branch-misses:u,branch-misses,14843934.0,73.0,34.93,of all branches,ok
4963.295898,123402.0,,L1-dcache-loads:u,l1-dcache-loads,12109614.0,59.0,nan,,ok
4963.295898,32763.0,,cache-references:u,cache-references,10103635.0,50.0,nan,,ok
4963.295898,3677.0,,cache-misses:u,cache-misses,9450372.0,46.0,11.22,of all cache refs,ok
4963.295898,3435531.0,,stalled-cycles-frontend:u,stalled-cycles-frontend,6035441.0,29.0,44.73,frontend cycles idle,ok
4991.232285,55994.0,,instructions:u,instructions,5038918.0,31.0,0.01,insn per cycle,ok
4991.232285,nan,,,,nan,nan,46.26,stalled cycles per insn,unknown
4991.232285,6242399.0,,cycles:u,cycles,4979976.0,31.0,nan,,ok
4991.232285,3124.0,,branches:u,branches,6975701.0,43.0,nan,,ok
4991.232285,1140.0,,branch-misses:u,branch-misses,8968845.0,56.0,36.49,of all branches,ok
4991.232285,108304.0,,L1-dcache-loads:u,l1-dcache-loads,9963131.0,62.0,nan,,ok
4991.232285,29876.0,,cache-references:u,cache-references,10949639.0,68.0,nan,,ok
4991.232285,4073.0,,cache-misses:u,cache-misses,11008581.0,68.0,13.63,of all cache refs,ok
4991.232285,2590351.0,,stalled-cycles-frontend:u,stalled-cycles-frontend,4001825.0,25.0,41.5,frontend cycles idle,ok
5032.307768,83946.0,,instructions:u,instructions,10031620.0,35.0,0.01,insn per cycle,ok
5032.307768,nan,,,,nan,nan,66.49,stalled cycles per insn,unknown
5032.307768,10994160.0,,cycles:u,cycles,10075392.0,35.0,nan,,ok
5032.307768,5837.0,,branches:u,branches,14070179.0,49.0,nan,,ok
5032.307768,2282.0,,branch-misses:u,branch-misses,18067620.0,64.0,39.1,of all branches,ok
5032.307768,217270.0,,L1-dcache-loads:u,l1-dcache-loads,18130438.0,64.0,nan,,ok
5032.307768,81741.0,,cache-references:u,cache-references,18123345.0,64.0,nan,,ok
5032.307768,10021.0,,cache-misses:u,cache-misses,18079573.0,64.0,12.26,of all cache refs,ok
5032.307768,5581372.0,,stalled-cycles-frontend:u,stalled-cycles-frontend,6033629.0,21.0,50.77,frontend cycles idle,ok
5066.272551,52014.0,,instructions:u,instructions,8083920.0,50.0,0.01,insn per cycle,ok
5066.272551,nan,,,,nan,nan,61.32,stalled cycles per insn,unknown
5066.272551,5070123.0,,cycles:u,cycles,7073262.0,43.0,nan,,ok
5066.272551,3499.0,,branches:u,branches,8109336.0,50.0,nan,,ok
5066.272551,1423.0,,branch-misses:u,branch-misses,9101116.0,56.0,40.67,of all branches,ok
5066.272551,121463.0,,L1-dcache-loads:u,l1-dcache-loads,8080983.0,50.0,nan,,ok
5066.272551,33139.0,,cache-references:u,cache-references,8012192.0,49.0,nan,,ok
5066.272551,4855.0,,cache-misses:u,cache-misses,9022850.0,56.0,14.65,of all cache refs,ok
5066.272551,3189541.0,,stalled-cycles-frontend:u,stalled-cycles-frontend,6016739.0,37.0,62.91,frontend cycles idle,ok
5095.245889,39499.0,,instructions:u,instructions,3027498.0,18.0,0.01,insn per cycle,ok
5095.245889,nan,,,,nan,nan,71.21,stalled cycles per insn,unknown
5095.245889,6620843.0,,cycles:u,cycles,4037544.0,25.0,nan,,ok
5095.245889,3878.0,,branches:u,branches,7018579.0,43.0,nan,,ok
5095.245889,1412.0,,branch-misses:u,branch-misses,10020805.0,62.0,36.41,of all branches,ok
5095.245889,135047.0,,L1-dcache-loads:u,l1-dcache-loads,12006177.0,74.0,nan,,ok
5095.245889,45760.0,,cache-references:u,cache-references,13024303.0,81.0,nan,,ok
5095.245889,5431.0,,cache-misses:u,cache-misses,12014257.0,74.0,11.87,of all cache refs,ok
5095.245889,2812787.0,,stalled-cycles-frontend:u,stalled-cycles-frontend,2033477.0,12.0,42.48,frontend cycles idle,ok
5120.258758,36984.0,,instructions:u,instructions,6774037.0,42.0,0.01,insn per cycle,ok
5120.258758,nan,,,,nan,nan,49.12,stalled cycles per insn,unknown
5120.258758,5525079.0,,cycles:u,cycles,6843200.0,43.0,nan,,ok
5120.258758,3568.0,,branches:u,branches,8847486.0,55.0,nan,,ok
5120.258758,1337.0,,branch-misses:u,branch-misses,10860811.0,68.0,37.47,of all branches,ok
5120.258758,141666.0,,L1-dcache-loads:u,l1-dcache-loads,9890731.0,62.0,nan,,ok
5120.258758,42245.0,,cache-references:u,cache-references,9099439.0,57.0,nan,,ok
5120.258758,4844.0,,cache-misses:u,cache-misses,9030276.0,56.0,11.47,of all cache refs,ok
5120.258758,1816767.0,,stalled-cycles-frontend:u,stalled-cycles-frontend,3999458.0,25.0,32.88,frontend cycles idle,ok
5133.31804,nan,,instructions:u,instructions,0.0,0.0,nan,,ok
5133.31804,3514637.0,,cycles:u,cycles,1957765.0,24.0,nan,,ok
5133.31804,1720.0,,branches:u,branches,3953215.0,49.0,nan,,ok
5133.31804,568.0,,branch-misses:u,branch-misses,5946430.0,74.0,33.02,of all branches,ok
5133.31804,51765.0,,L1-dcache-loads:u,l1-dcache-loads,7944062.0,98.0,nan,,ok
5133.31804,15820.0,,cache-references:u,cache-references,8029682.0,100.0,nan,,ok
5133.31804,1861.0,,cache-misses:u,cache-misses,6071917.0,75.0,11.76,of all cache refs,ok
5133.31804,nan,,stalled-cycles-frontend:u,stalled-cycles-frontend,0.0,0.0,nan,,ok
5174.256575,60728.0,,instructions:u,instructions,9346754.0,43.0,0.01,insn per cycle,ok
5174.256575,nan,,,,nan,nan,57.84,stalled cycles per insn,unknown
5174.256575,8019340.0,,cycles:u,cycles,8272755.0,38.0,nan,,ok
5174.256575,5232.0,,branches:u,branches,9355770.0,43.0,nan,,ok
5174.256575,1982.0,,branch-misses:u,branch-misses,11365043.0,52.0,37.88,of all branches,ok
5174.256575,172234.0,,L1-dcache-loads:u,l1-dcache-loads,11313574.0,52.0,nan,,ok
5174.256575,48706.0,,cache-references:u,cache-references,12030560.0,55.0,nan,,ok
5174.256575,5712.0,,cache-misses:u,cache-misses,13335538.0,61.0,11.73,of all cache refs,ok
5174.256575,3512448.0,,stalled-cycles-frontend:u,stalled-cycles-frontend,7388094.0,33.0,43.8,frontend cycles idle,ok
5187.241973,29685.0,,instructions:u,instructions,6726252.0,48.0,0.01,insn per cycle,ok
5187.241973,nan,,,,nan,nan,55.14,stalled cycles per insn,unknown
5187.241973,3701153.0,,cycles:u,cycles,5878177.0,42.0,nan,,ok
5187.241973,2758.0,,branches:u,branches,7851324.0,56.0,nan,,ok
5187.241973,1019.0,,branch-misses:u,branch-misses,9833768.0,70.0,36.95,of all branches,ok
5187.241973,89278.0,,L1-dcache-loads:u,l1-dcache-loads,8855165.0,63.0,nan,,ok
5187.241973,30379.0,,cache-references:u,cache-references,7413202.0,53.0,nan,,ok
5187.241973,3220.0,,cache-misses:u,cache-misses,8070588.0,58.0,10.6,of all cache refs,ok
5187.241973,1636742.0,,stalled-cycles-frontend:u,stalled-cycles-frontend,3657875.0,26.0,44.22,frontend cycles idle,ok
5212.287583,53603.0,,instructions:u,instructions,6033939.0,37.0,0.01,insn per cycle,ok
5212.287583,nan,,,,nan,nan,67.74,stalled cycles per insn,unknown
5212.287583,6972086.0,,cycles:u,cycles,4972587.0,31.0,nan,,ok
5212.287583,4001.0,,branches:u,branches,6952770.0,43.0,nan,,ok
5212.287583,1330.0,,branch-misses:u,branch-misses,8029160.0,50.0,33.24,of all branches,ok
5212.287583,100715.0,,L1-dcache-loads:u,l1-dcache-loads,7795404.0,49.0,nan,,ok
5212.287583,39235.0,,cache-references:u,cache-references,9706805.0,61.0,nan,,ok
5212.287583,5312.0,,cache-misses:u,cache-misses,10727867.0,68.0,13.54,of all cache refs,ok
5212.287583,3631057.0,,stalled-cycles-frontend:u,stalled-cycles-frontend,4272026.0,27.0,52.08,frontend cycles idle,ok
5273.254094,94517.0,,instructions:u,instructions,10919042.0,34.0,0.01,insn per cycle,ok
5273.254094,nan,,,,nan,nan,59.56,stalled cycles per insn,unknown
5273.254094,9932397.0,,cycles:u,cycles,13946905.0,44.0,nan,,ok
5273.254094,6842.0,,branches:u,branches,19033689.0,60.0,nan,,ok
5273.254094,2663.0,,branch-misses:u,branch-misses,24022779.0,76.0,38.92,of all branches,ok
5273.254094,250502.0,,L1-dcache-loads:u,l1-dcache-loads,24066119.0,76.0,nan,,ok
5273.254094,81115.0,,cache-references:u,cache-references,20393134.0,65.0,nan,,ok
5273.254094,10771.0,,cache-misses:u,cache-misses,17386609.0,55.0,13.28,of all cache refs,ok
5273.254094,5629162.0,,stalled-cycles-frontend:u,stalled-cycles-frontend,5963038.0,19.0,56.67,frontend cycles idle,ok
5329.240584,64129.0,,instructions:u,instructions,11187294.0,38.0,0.01,insn per cycle,ok
5329.240584,nan,,,,nan,nan,63.21,stalled cycles per insn,unknown
5329.240584,7701426.0,,cycles:u,cycles,8164566.0,28.0,nan,,ok
5329.240584,5724.0,,branches:u,branches,10183542.0,35.0,nan,,ok
5329.240584,2171.0,,branch-misses:u,branch-misses,13156535.0,45.0,37.93,of all branches,ok
5329.240584,203526.0,,L1-dcache-loads:u,l1-dcache-loads,14113693.0,48.0,nan,,ok
5329.240584,63664.0,,cache-references:u,cache-references,17792031.0,61.0,nan,,ok
5329.240584,7890.0,,cache-misses:u,cache-misses,20793421.0,71.0,12.39,of all cache refs,ok
5329.240584,4053740.0,,stalled-cycles-frontend:u,stalled-cycles-frontend,9083287.0,31.0,52.64,frontend cycles idle,ok
5347.267478,13170.0,,instructions:u,instructions,4010919.0,28.0,0.0,insn per cycle,ok
5347.267478,nan,,,,nan,nan,67.28,stalled cycles per insn,unknown
5347.267478,4196092.0,,cycles:u,cycles,5919757.0,41.0,nan,,ok
5347.267478,1536.0,,branches:u,branches,8151766.0,57.0,nan,,ok
5347.267478,690.0,,branch-misses:u,branch-misses,10183151.0,71.0,44.92,of all branches,ok
5347.267478,63127.0,,L1-dcache-loads:u,l1-dcache-loads,10263287.0,71.0,nan,,ok
5347.267478,22000.0,,cache-references:u,cache-references,10324526.0,72.0,nan,,ok
5347.267478,2998.0,,cache-misses:u,cache-misses,8455911.0,58.0,13.63,of all cache refs,ok
5347.267478,886038.0,,stalled-cycles-frontend:u,stalled-cycles-frontend,2038082.0,14.0,21.12,frontend cycles idle,ok
5386.404158,40147.0,,instructions:u,instructions,3004736.0,20.0,0.01,insn per cycle,ok
5386.404158,nan,,,,nan,nan,73.71,stalled cycles per insn,unknown
5386.404158,5603396.0,,cycles:u,cycles,4984316.0,33.0,nan,,ok
5386.404158,3486.0,,branches:u,branches,8632199.0,58.0,nan,,ok
5386.404158,1364.0,,branch-misses:u,branch-misses,11630844.0,79.0,39.13,of all branches,ok
5386.404158,130223.0,,L1-dcache-loads:u,l1-dcache-loads,12611910.0,86.0,nan,,ok
5386.404158,42943.0,,cache-references:u,cache-references,11595598.0,79.0,nan,,ok
5386.404158,5638.0,,cache-misses:u,cache-misses,9575795.0,65.0,13.13,of all cache refs,ok
5386.404158,2959392.0,,stalled-cycles-frontend:u,stalled-cycles-frontend,1013629.0,6.0,52.81,frontend cycles idle,ok
5431.244716,128718.0,,instructions:u,instructions,21072832.0,51.0,0.01,insn per cycle,ok
5431.244716,nan,,,,nan,nan,44.94,stalled cycles per insn,unknown
5431.244716,14700012.0,,cycles:u,cycles,17114988.0,41.0,nan,,ok
5431.244716,11598.0,,branches:u,branches,19207993.0,46.0,nan,,ok
5431.244716,4216.0,,branch-misses:u,branch-misses,22188327.0,53.0,36.35,of all branches,ok
5431.244716,385391.0,,L1-dcache-loads:u,l1-dcache-loads,19175048.0,46.0,nan,,ok
5431.244716,112115.0,,cache-references:u,cache-references,20047523.0,48.0,nan,,ok
5431.244716,12556.0,,cache-misses:u,cache-misses,24005367.0,58.0,11.2,of all cache refs,ok
5431.244716,5784217.0,,stalled-cycles-frontend:u,stalled-cycles-frontend,15974948.0,38.0,39.35,frontend cycles idle,ok
5464.270797,116658.0,,instructions:u,instructions,10637295.0,28.0,0.01,insn per cycle,ok
5464.270797,nan,,,,nan,nan,52.61,stalled cycles per insn,unknown
5464.270797,10997809.0,,cycles:u,cycles,13707813.0,36.0,nan,,ok
5464.270797,10510.0,,branches:u,branches,19745822.0,52.0,nan,,ok
5464.270797,3849.0,,branch-misses:u,branch-misses,25734179.0,68.0,36.62,of all branches,ok
5464.270797,361396.0,,L1-dcache-loads:u,l1-dcache-loads,27744693.0,73.0,nan,,ok
5464.270797,118306.0,,cache-references:u,cache-references,27041003.0,71.0,nan,,ok
5464.270797,15085.0,,cache-misses:u,cache-misses,23970485.0,63.0,12.75,of all cache refs,ok
5464.270797,6137616.0,,stalled-cycles-frontend:u,stalled-cycles-frontend,5925961.0,15.0,55.81,frontend cycles idle,ok
5499.333976,88332.0,,instructions:u,instructions,9828442.0,31.0,0.01,insn per cycle,ok
5499.333976,nan,,,,nan,nan,58.01,stalled cycles per insn,unknown
5499.333976,10979034.0,,cycles:u,cycles,10801437.0,34.0,nan,,ok
5499.333976,7500.0,,branches:u,branches,15837466.0,51.0,nan,,ok
5499.333976,2389.0,,branch-misses:u,branch-misses,20450570.0,66.0,31.85,of all branches,ok
5499.333976,199930.0,,L1-dcache-loads:u,l1-dcache-loads,22087086.0,71.0,nan,,ok
5499.333976,66651.0,,cache-references:u,cache-references,21236658.0,68.0,nan,,ok
5499.333976,7728.0,,cache-misses:u,cache-misses,20309906.0,65.0,11.59,of all cache refs,ok
5499.333976,5124236.0,,stalled-cycles-frontend:u,stalled-cycles-frontend,5844938.0,18.0,46.67,frontend cycles idle,ok
5531.2828500000005,130160.0,,instructions:u,instructions,16087011.0,48.0,0.01,insn per cycle,ok
5531.2828500000005,nan,,,,nan,nan,45.47,stalled cycles per insn,unknown
5531.2828500000005,12153466.0,,cycles:u,cycles,14087691.0,42.0,nan,,ok
5531.2828500000005,8531.0,,branches:u,branches,17118681.0,51.0,nan,,ok
5531.2828500000005,2755.0,,branch-misses:u,branch-misses,19162258.0,57.0,32.29,of all branches,ok
5531.2828500000005,239693.0,,L1-dcache-loads:u,l1-dcache-loads,16637943.0,50.0,nan,,ok
5531.2828500000005,90003.0,,cache-references:u,cache-references,17149081.0,51.0,nan,,ok
5531.2828500000005,12793.0,,cache-misses:u,cache-misses,19102158.0,57.0,14.21,of all cache refs,ok
5531.2828500000005,5918146.0,,stalled-cycles-frontend:u,stalled-cycles-frontend,12018136.0,36.0,48.7,frontend cycles idle,ok
5549.2506459999995,30861.0,,instructions:u,instructions,4058790.0,25.0,0.0,insn per cycle,ok
5549.2506459999995,nan,,,,nan,nan,88.91,stalled cycles per insn,unknown
5549.2506459999995,7207203.0,,cycles:u,cycles,3035530.0,18.0,nan,,ok
5549.2506459999995,2669.0,,branches:u,branches,5023859.0,31.0,nan,,ok
5549.2506459999995,994.0,,branch-misses:u,branch-misses,8006462.0,49.0,37.24,of all branches,ok
5549.2506459999995,125531.0,,L1-dcache-loads:u,l1-dcache-loads,9964776.0,62.0,nan,,ok
5549.2506459999995,45311.0,,cache-references:u,cache-references,11961458.0,74.0,nan,,ok
5549.2506459999995,6226.0,,cache-misses:u,cache-misses,12984718.0,81.0,13.74,of all cache refs,ok
5549.2506459999995,2743971.0,,stalled-cycles-frontend:u,stalled-cycles-frontend,3063461.0,19.0,38.07,frontend cycles idle,ok
5590.239793000001,190815.0,,instructions:u,instructions,14059628.0,31.0,0.01,insn per cycle,ok
5590.239793000001,nan,,,,nan,nan,42.17,stalled cycles per insn,unknown
5590.239793000001,15211184.0,,cycles:u,cycles,16048960.0,35.0,nan,,ok
5590.239793000001,12617.0,,branches:u,branches,23076987.0,51.0,nan,,ok
5590.239793000001,3891.0,,branch-misses:u,branch-misses,30492277.0,68.0,30.84,of all branches,ok
5590.239793000001,353544.0,,L1-dcache-loads:u,l1-dcache-loads,31371826.0,70.0,nan,,ok
5590.239793000001,128050.0,,cache-references:u,cache-references,30631255.0,68.0,nan,,ok
5590.239793000001,17893.0,,cache-misses:u,cache-misses,28672782.0,64.0,13.97,of all cache refs,ok
5590.239793000001,8045859.0,,stalled-cycles-frontend:u,stalled-cycles-frontend,8253802.0,18.0,52.89,frontend cycles idle,ok
5613.260105,49309.0,,instructions:u,instructions,21316221.0,51.0,0.01,insn per cycle,ok
5613.260105,nan,,,,nan,nan,59.38,stalled cycles per insn,unknown
5613.260105,5525607.0,,cycles:u,cycles,19434414.0,46.0,nan,,ok
5613.260105,3068.0,,branches:u,branches,22585238.0,54.0,nan,,ok
5613.260105,965.0,,branch-misses:u,branch-misses,25505999.0,61.0,31.45,of all branches,ok
5613.260105,70870.0,,L1-dcache-loads:u,l1-dcache-loads,21736324.0,51.0,nan,,ok
5613.260105,23472.0,,cache-references:u,cache-references,20322038.0,48.0,nan,,ok
5613.260105,3750.0,,cache-misses:u,cache-misses,22337783.0,52.0,15.98,of all cache refs,ok
5613.260105,2928213.0,,stalled-cycles-frontend:u,stalled-cycles-frontend,15326406.0,36.0,52.99,frontend cycles idle,ok
5661.257778,28372.0,,instructions:u,instructions,22039896.0,36.0,0.01,insn per cycle,ok
5661.257778,nan,,,,nan,nan,62.1,stalled cycles per insn,unknown
5661.257778,3930989.0,,cycles:u,cycles,20608516.0,34.0,nan,,ok
5661.257778,1941.0,,branches:u,branches,28509656.0,47.0,nan,,ok
5661.257778,766.0,,branch-misses:u,branch-misses,36493448.0,61.0,39.46,of all branches,ok
5661.257778,84871.0,,L1-dcache-loads:u,l1-dcache-loads,36896084.0,62.0,nan,,ok
5661.257778,32887.0,,cache-references:u,cache-references,37680276.0,63.0,nan,,ok
5661.257778,4943.0,,cache-misses:u,cache-misses,38829383.0,65.0,15.03,of all cache refs,ok
5661.257778,1761832.0,,stalled-cycles-frontend:u,stalled-cycles-frontend,14608582.0,24.0,44.82,frontend cycles idle,ok
5685.2569539999995,28872.0,,instructions:u,instructions,9785364.0,36.0,0.01,insn per cycle,ok
5685.2569539999995,nan,,,,nan,nan,64.98,stalled cycles per insn,unknown
5685.2569539999995,5025936.0,,cycles:u,cycles,11547908.0,43.0,nan,,ok
5685.2569539999995,3327.0,,branches:u,branches,14628802.0,55.0,nan,,ok
5685.2569539999995,1294.0,,branch-misses:u,branch-misses,17552817.0,66.0,38.89,of all branches,ok
5685.2569539999995,119978.0,,L1-dcache-loads:u,l1-dcache-loads,17527318.0,66.0,nan,,ok
5685.2569539999995,40461.0,,cache-references:u,cache-references,16756739.0,63.0,nan,,ok
5685.2569539999995,4442.0,,cache-misses:u,cache-misses,15111671.0,57.0,10.98,of all cache refs,ok
5685.2569539999995,1876098.0,,stalled-cycles-frontend:u,stalled-cycles-frontend,5915535.0,22.0,37.33,frontend cycles idle,ok
5729.252162,115114.0,,instructions:u,instructions,16696072.0,40.0,0.01,insn per cycle,ok
5729.252162,nan,,,,nan,nan,44.22,stalled cycles per insn,unknown
5729.252162,13312293.0,,cycles:u,cycles,16715530.0,40.0,nan,,ok
5729.252162,7226.0,,branches:u,branches,22252791.0,53.0,nan,,ok
5729.252162,2268.0,,branch-misses:u,branch-misses,26290789.0,63.0,31.39,of all branches,ok
5729.252162,193284.0,,L1-dcache-loads:u,l1-dcache-loads,25351114.0,61.0,nan,,ok
5729.252162,64913.0,,cache-references:u,cache-references,24728115.0,59.0,nan,,ok
5729.252162,9209.0,,cache-misses:u,cache-misses,24708657.0,59.0,14.19,of all cache refs,ok
5729.252162,5090717.0,,stalled-cycles-frontend:u,stalled-cycles-frontend,11070385.0,26.0,38.24,frontend cycles idle,ok
5753.329166,18430.0,,instructions:u,instructions,5992966.0,38.0,0.01,insn per cycle,ok
5753.329166,nan,,,,nan,nan,116.02,stalled cycles per insn,unknown
5753.329166,2930095.0,,cycles:u,cycles,6012247.0,38.0,nan,,ok
5753.329166,1668.0,,branches:u,branches,8078335.0,52.0,nan,,ok
5753.329166,563.0,,branch-misses:u,branch-misses,10080405.0,64.0,33.75,of all branches,ok
5753.329166,45160.0,,L1-dcache-loads:u,l1-dcache-loads,10059665.0,64.0,nan,,ok
5753.329166,15411.0,,cache-references:u,cache-references,9638234.0,61.0,nan,,ok
5753.329166,2453.0,,cache-misses:u,cache-misses,9657490.0,61.0,15.92,of all cache refs,ok
5753.329166,2138204.0,,stalled-cycles-frontend:u,stalled-cycles-frontend,3994494.0,25.0,72.97,frontend cycles idle,ok
5806.249042,85257.0,,instructions:u,instructions,11654048.0,30.0,0.01,insn per cycle,ok
5806.249042,nan,,,,nan,nan,44.08,stalled cycles per insn,unknown
5806.249042,10646447.0,,cycles:u,cycles,12917035.0,34.0,nan,,ok
5806.249042,9045.0,,branches:u,branches,18898866.0,49.0,nan,,ok
5806.249042,3070.0,,branch-misses:u,branch-misses,25044446.0,66.0,33.94,of all branches,ok
5806.249042,285625.0,,L1-dcache-loads:u,l1-dcache-loads,26601209.0,70.0,nan,,ok
5806.249042,89732.0,,cache-references:u,cache-references,26132407.0,69.0,nan,,ok
5806.249042,10908.0,,cache-misses:u,cache-misses,24853924.0,65.0,12.16,of all cache refs,ok
5806.249042,3758467.0,,stalled-cycles-frontend:u,stalled-cycles-frontend,6743604.0,17.0,35.3,frontend cycles idle,ok
5837.264532,62720.0,,instructions:u,instructions,12046995.0,40.0,0.01,insn per cycle,ok
5837.264532,nan,,,,nan,nan,46.75,stalled cycles per insn,unknown
5837.264532,5097288.0,,cycles:u,cycles,10086878.0,33.0,nan,,ok
5837.264532,3900.0,,branches:u,branches,12252281.0,40.0,nan,,ok
5837.264532,1544.0,,branch-misses:u,branch-misses,15081289.0,50.0,39.59,of all branches,ok
5837.264532,161199.0,,L1-dcache-loads:u,l1-dcache-loads,16010457.0,53.0,nan,,ok
5837.264532,59288.0,,cache-references:u,cache-references,17959214.0,59.0,nan,,ok
5837.264532,9022.0,,cache-misses:u,cache-misses,19913891.0,66.0,15.22,of all cache refs,ok
5837.264532,2932101.0,,stalled-cycles-frontend:u,stalled-cycles-frontend,9008479.0,30.0,57.52,frontend cycles idle,ok
5872.284434,74069.0,,instructions:u,instructions,11039277.0,36.0,0.01,insn per cycle,ok
5872.284434,nan,,,,nan,nan,46.76,stalled cycles per insn,unknown
5872.284434,9626795.0,,cycles:u,cycles,12049759.0,40.0,nan,,ok
5872.284434,5315.0,,branches:u,branches,16890033.0,56.0,nan,,ok
5872.284434,1653.0,,branch-misses:u,branch-misses,20939172.0,69.0,31.1,of all branches,ok
5872.284434,123055.0,,L1-dcache-loads:u,l1-dcache-loads,19930602.0,66.0,nan,,ok
5872.284434,38433.0,,cache-references:u,cache-references,18882126.0,63.0,nan,,ok
5872.284434,5289.0,,cache-misses:u,cache-misses,17854043.0,59.0,13.76,of all cache refs,ok
5872.284434,3463504.0,,stalled-cycles-frontend:u,stalled-cycles-frontend,7021174.0,23.0,35.98,frontend cycles idle,ok
5891.251902999999,nan,,instructions:u,instructions,0.0,0.0,nan,,ok
5891.251902999999,nan,,cycles:u,cycles,0.0,0.0,nan,,ok
5891.251902999999,545.0,,branches:u,branches,993633.0,82.0,nan,,ok
5891.251902999999,174.0,,branch-misses:u,branch-misses,1028053.0,84.0,31.93,of all branches,ok
5891.251902999999,14223.0,,L1-dcache-loads:u,l1-dcache-loads,1264607.0,100.0,nan,,ok
5891.251902999999,4594.0,,cache-references:u,cache-references,1297378.0,100.0,nan,,ok
5891.251902999999,749.0,,cache-misses:u,cache-misses,1325340.0,100.0,16.3,of all cache refs,ok
5891.251902999999,nan,,stalled-cycles-frontend:u,stalled-cycles-frontend,0.0,0.0,nan,,ok
5938.276489,79801.0,,instructions:u,instructions,13962887.0,38.0,0.01,insn per cycle,ok
5938.276489,nan,,,,nan,nan,55.98,stalled cycles per insn,unknown
5938.276489,10470947.0,,cycles:u,cycles,14177017.0,39.0,nan,,ok
5938.276489,7099.0,,branches:u,branches,18535068.0,51.0,nan,,ok
5938.276489,2361.0,,branch-misses:u,branch-misses,23518236.0,64.0,33.26,of all branches,ok
5938.276489,209963.0,,L1-dcache-loads:u,l1-dcache-loads,23220974.0,64.0,nan,,ok
5938.276489,63549.0,,cache-references:u,cache-references,22170478.0,61.0,nan,,ok
5938.276489,6816.0,,cache-misses:u,cache-misses,21928386.0,60.0,10.73,of all cache refs,ok
5938.276489,4467192.0,,stalled-cycles-frontend:u,stalled-cycles-frontend,8945881.0,24.0,42.66,frontend cycles idle,ok
5953.23319,0.0,,instructions:u,instructions,529693.0,11.0,nan,,ok
5953.23319,nan,,cycles:u,cycles,0.0,0.0,nan,,ok
5953.23319,0.0,,branches:u,branches,992607.0,22.0,nan,,ok
5953.23319,0.0,,branch-misses:u,branch-misses,1959085.0,43.0,nan,,ok
5953.23319,0.0,,L1-dcache-loads:u,l1-dcache-loads,2963048.0,65.0,nan,,ok
5953.23319,0.0,,cache-references:u,cache-references,3961590.0,88.0,nan,,ok
5953.23319,0.0,,cache-misses:u,cache-misses,4491283.0,100.0,nan,,ok
5953.23319,0.0,,stalled-cycles-frontend:u,stalled-cycles-frontend,529693.0,11.0,nan,,ok
5967.226827,19962.0,,instructions:u,instructions,6006410.0,49.0,0.01,insn per cycle,ok
5967.226827,nan,,,,nan,nan,73.71,stalled cycles per insn,unknown
5967.226827,3012318.0,,cycles:u,cycles,5029972.0,41.0,nan,,ok
5967.226827,1389.0,,branches:u,branches,6022597.0,49.0,nan,,ok
5967.226827,472.0,,branch-misses:u,branch-misses,7025820.0,57.0,33.98,of all branches,ok
5967.226827,42423.0,,L1-dcache-loads:u,l1-dcache-loads,6159580.0,50.0,nan,,ok
5967.226827,16058.0,,cache-references:u,cache-references,6152599.0,50.0,nan,,ok
5967.226827,2437.0,,cache-misses:u,cache-misses,7129037.0,58.0,15.18,of all cache refs,ok
5967.226827,1471498.0,,stalled-cycles-frontend:u,stalled-cycles-frontend,4005033.0,32.0,48.85,frontend cycles idle,ok
6000.2785300000005,27497.0,,instructions:u,instructions,6371473.0,40.0,0.01,insn per cycle,ok
6000.2785300000005,nan,,,,nan,nan,63.67,stalled cycles per insn,unknown
6000.2785300000005,3430706.0,,cycles:u,cycles,7025439.0,44.0,nan,,ok
6000.2785300000005,3238.0,,branches:u,branches,9297386.0,59.0,nan,,ok
6000.2785300000005,1038.0,,branch-misses:u,branch-misses,10327250.0,65.0,32.06,of all branches,ok
6000.2785300000005,95270.0,,L1-dcache-loads:u,l1-dcache-loads,9328507.0,59.0,nan,,ok
6000.2785300000005,32937.0,,cache-references:u,cache-references,9292358.0,59.0,nan,,ok
6000.2785300000005,4564.0,,cache-misses:u,cache-misses,8638392.0,55.0,13.86,of all cache refs,ok
6000.2785300000005,1750760.0,,stalled-cycles-frontend:u,stalled-cycles-frontend,4350577.0,27.0,51.03,frontend cycles idle,ok
6019.232765,37681.0,,instructions:u,instructions,6086166.0,33.0,0.01,insn per cycle,ok
6019.232765,nan,,,,nan,nan,49.03,stalled cycles per insn,unknown
6019.232765,2555552.0,,cycles:u,cycles,6204669.0,33.0,nan,,ok
6019.232765,2182.0,,branches:u,branches,9229128.0,50.0,nan,,ok
6019.232765,961.0,,branch-misses:u,branch-misses,12259236.0,66.0,44.04,of all branches,ok
6019.232765,88605.0,,L1-dcache-loads:u,l1-dcache-loads,12473653.0,67.0,nan,,ok
6019.232765,27414.0,,cache-references:u,cache-references,12305095.0,66.0,nan,,ok
6019.232765,4480.0,,cache-misses:u,cache-misses,12231829.0,65.0,16.34,of all cache refs,ok
6019.232765,1847604.0,,stalled-cycles-frontend:u,stalled-cycles-frontend,4004239.0,21.0,72.3,frontend cycles idle,ok
6058.238265,36039.0,,instructions:u,instructions,7923550.0,37.0,0.01,insn per cycle,ok
6058.238265,nan,,,,nan,nan,63.32,stalled cycles per insn,unknown
6058.238265,4977209.0,,cycles:u,cycles,8309613.0,39.0,nan,,ok
6058.238265,2555.0,,branches:u,branches,10294192.0,48.0,nan,,ok
6058.238265,957.0,,branch-misses:u,branch-misses,13285003.0,62.0,37.46,of all branches,ok
6058.238265,92896.0,,L1-dcache-loads:u,l1-dcache-loads,14043083.0,66.0,nan,,ok
6058.238265,33686.0,,cache-references:u,cache-references,13239242.0,62.0,nan,,ok
6058.238265,4638.0,,cache-misses:u,cache-misses,12807942.0,61.0,13.77,of all cache refs,ok
6058.238265,2281837.0,,stalled-cycles-frontend:u,stalled-cycles-frontend,5016817.0,23.0,45.85,frontend cycles idle,ok
6081.273241,87168.0,,instructions:u,instructions,13258282.0,42.0,0.01,insn per cycle,ok
6081.273241,nan,,,,nan,nan,47.68,stalled cycles per insn,unknown
6081.273241,8622281.0,,cycles:u,cycles,13410106.0,42.0,nan,,ok
6081.273241,6426.0,,branches:u,branches,17303921.0,55.0,nan,,ok
6081.273241,2069.0,,branch-misses:u,branch-misses,20405242.0,65.0,32.2,of all branches,ok
6081.273241,157882.0,,L1-dcache-loads:u,l1-dcache-loads,18421476.0,58.0,nan,,ok
6081.273241,48000.0,,cache-references:u,cache-references,17824954.0,56.0,nan,,ok
6081.273241,6805.0,,cache-misses:u,cache-misses,17777439.0,56.0,14.18,of all cache refs,ok
6081.273241,4156353.0,,stalled-cycles-frontend:u,stalled-cycles-frontend,9009938.0,28.0,48.2,frontend cycles idle,ok
6135.266511,95496.0,,instructions:u,instructions,9866245.0,27.0,0.01,insn per cycle,ok
6135.266511,nan,,,,nan,nan,49.97,stalled cycles per insn,unknown
6135.266511,7912398.0,,cycles:u,cycles,9722646.0,27.0,nan,,ok
6135.266511,5927.0,,branches:u,branches,14608333.0,41.0,nan,,ok
6135.266511,1985.0,,branch-misses:u,branch-misses,19579087.0,55.0,33.49,of all branches,ok
6135.266511,181968.0,,L1-dcache-loads:u,l1-dcache-loads,23043649.0,65.0,nan,,ok
6135.266511,63606.0,,cache-references:u,cache-references,25638686.0,72.0,nan,,ok
6135.266511,9590.0,,cache-misses:u,cache-misses,25677976.0,73.0,15.08,of all cache refs,ok
6135.266511,4771755.0,,stalled-cycles-frontend:u,stalled-cycles-frontend,7103271.0,20.0,60.31,frontend cycles idle,ok
6158.242197,59904.0,,instructions:u,instructions,9979735.0,52.0,0.01,insn per cycle,ok
6158.242197,nan,,,,nan,nan,37.33,stalled cycles per insn,unknown
6158.242197,5464748.0,,cycles:u,cycles,10737748.0,56.0,nan,,ok
6158.242197,4545.0,,branches:u,branches,11811187.0,62.0,nan,,ok
6158.242197,1215.0,,branch-misses:u,branch-misses,13802196.0,73.0,26.73,of all branches,ok
6158.242197,108857.0,,L1-dcache-loads:u,l1-dcache-loads,11891413.0,63.0,nan,,ok
6158.242197,29628.0,,cache-references:u,cache-references,8891812.0,47.0,nan,,ok
6158.242197,4222.0,,cache-misses:u,cache-misses,8133799.0,43.0,14.25,of all cache refs,ok
6158.242197,2236218.0,,stalled-cycles-frontend:u,stalled-cycles-frontend,5987847.0,31.0,40.92,frontend cycles idle,ok
6188.254234,52696.0,,instructions:u,instructions,5050539.0,31.0,0.01,insn per cycle,ok
6188.254234,nan,,,,nan,nan,43.95,stalled cycles per insn,unknown
6188.254234,5776681.0,,cycles:u,cycles,6005567.0,37.0,nan,,ok
6188.254234,4550.0,,branches:u,branches,8991791.0,55.0,nan,,ok
6188.254234,1392.0,,branch-misses:u,branch-misses,11017645.0,68.0,30.59,of all branches,ok
6188.254234,123237.0,,L1-dcache-loads:u,l1-dcache-loads,11043638.0,68.0,nan,,ok
6188.254234,41531.0,,cache-references:u,cache-references,11064022.0,68.0,nan,,ok
6188.254234,5166.0,,cache-misses:u,cache-misses,10108994.0,62.0,12.44,of all cache refs,ok
6188.254234,2315841.0,,stalled-cycles-frontend:u,stalled-cycles-frontend,3054872.0,18.0,40.09,frontend cycles idle,ok
6206.259091,64582.0,,instructions:u,instructions,6053735.0,43.0,0.01,insn per cycle,ok
6206.259091,nan,,,,nan,nan,33.35,stalled cycles per insn,unknown
6206.259091,4926767.0,,cycles:u,cycles,4104898.0,29.0,nan,,ok
6206.259091,3357.0,,branches:u,branches,5100450.0,36.0,nan,,ok
6206.259091,898.0,,branch-misses:u,branch-misses,6101075.0,43.0,26.75,of all branches,ok
6206.259091,61216.0,,L1-dcache-loads:u,l1-dcache-loads,6088770.0,43.0,nan,,ok
6206.259091,11216.0,,cache-references:u,cache-references,7972002.0,56.0,nan,,ok
6206.259091,3031.0,,cache-misses:u,cache-misses,9920839.0,70.0,27.02,of all cache refs,ok
6206.259091,2153837.0,,stalled-cycles-frontend:u,stalled-cycles-frontend,4976824.0,35.0,43.72,frontend cycles idle,ok
6233.283391999999,47980.0,,instructions:u,instructions,6087908.0,33.0,0.01,insn per cycle,ok
6233.283391999999,nan,,,,nan,nan,39.12,stalled cycles per insn,unknown
6233.283391999999,4714890.0,,cycles:u,cycles,5280791.0,29.0,nan,,ok
6233.283391999999,3679.0,,branches:u,branches,7326346.0,40.0,nan,,ok
6233.283391999999,1085.0,,branch-misses:u,branch-misses,10369117.0,56.0,29.49,of all branches,ok
6233.283391999999,109976.0,,L1-dcache-loads:u,l1-dcache-loads,11375078.0,62.0,nan,,ok
6233.283391999999,38939.0,,cache-references:u,cache-references,12019188.0,65.0,nan,,ok
6233.283391999999,6471.0,,cache-misses:u,cache-misses,12877801.0,70.0,16.62,of all cache refs,ok
6233.283391999999,1876792.0,,stalled-cycles-frontend:u,stalled-cycles-frontend,4860403.0,26.0,39.81,frontend cycles idle,ok
6273.248652,82567.0,,instructions:u,instructions,10797833.0,37.0,0.01,insn per cycle,ok
6273.248652,nan,,,,nan,nan,39.88,stalled cycles per insn,unknown
6273.248652,5652731.0,,cycles:u,cycles,10425418.0,36.0,nan,,ok
6273.248652,5018.0,,branches:u,branches,14385343.0,50.0,nan,,ok
6273.248652,1490.0,,branch-misses:u,branch-misses,18360519.0,64.0,29.69,of all branches,ok
6273.248652,118355.0,,L1-dcache-loads:u,l1-dcache-loads,18327362.0,64.0,nan,,ok
6273.248652,36735.0,,cache-references:u,cache-references,17730040.0,62.0,nan,,ok
6273.248652,5575.0,,cache-misses:u,cache-misses,18050959.0,63.0,15.18,of all cache refs,ok
6273.248652,3292853.0,,stalled-cycles-frontend:u,stalled-cycles-frontend,6033115.0,21.0,58.25,frontend cycles idle,ok
6304.328369,51341.0,,instructions:u,instructions,4019247.0,33.0,0.01,insn per cycle,ok
6304.328369,nan,,,,nan,nan,39.29,stalled cycles per insn,unknown
6304.328369,3751924.0,,cycles:u,cycles,5004272.0,41.0,nan,,ok
6304.328369,3197.0,,branches:u,branches,7005208.0,58.0,nan,,ok
6304.328369,996.0,,branch-misses:u,branch-misses,8030778.0,66.0,31.15,of all branches,ok
6304.328369,79715.0,,L1-dcache-loads:u,l1-dcache-loads,8024474.0,66.0,nan,,ok
6304.328369,26042.0,,cache-references:u,cache-references,8015169.0,66.0,nan,,ok
6304.328369,3887.0,,cache-misses:u,cache-misses,7030144.0,58.0,14.93,of all cache refs,ok
6304.328369,2017386.0,,stalled-cycles-frontend:u,stalled-cycles-frontend,2993305.0,24.0,53.77,frontend cycles idle,ok
6345.2751579999995,58924.0,,instructions:u,instructions,11022315.0,37.0,0.01,insn per cycle,ok
6345.2751579999995,nan,,,,nan,nan,66.55,stalled cycles per insn,unknown
6345.2751579999995,9502446.0,,cycles:u,cycles,10720035.0,36.0,nan,,ok
6345.2751579999995,5285.0,,branches:u,branches,13721437.0,46.0,nan,,ok
6345.2751579999995,1824.0,,branch-misses:u,branch-misses,17717586.0,59.0,34.51,of all branches,ok
6345.2751579999995,184209.0,,L1-dcache-loads:u,l1-dcache-loads,18683332.0,62.0,nan,,ok
6345.2751579999995,64053.0,,cache-references:u,cache-references,18714519.0,62.0,nan,,ok
6345.2751579999995,8877.0,,cache-misses:u,cache-misses,19016799.0,63.0,13.86,of all cache refs,ok
6345.2751579999995,3921534.0,,stalled-cycles-frontend:u,stalled-cycles-frontend,7037038.0,23.0,41.27,frontend cycles idle,ok
6384.256421,95183.0,,instructions:u,instructions,10984047.0,38.0,0.01,insn per cycle,ok
6384.256421,nan,,,,nan,nan,43.03,stalled cycles per insn,unknown
6384.256421,10250114.0,,cycles:u,cycles,13965408.0,49.0,nan,,ok
6384.256421,8568.0,,branches:u,branches,18069702.0,63.0,nan,,ok
6384.256421,2599.0,,branch-misses:u,branch-misses,21087448.0,74.0,30.33,of all branches,ok
6384.256421,228835.0,,L1-dcache-loads:u,l1-dcache-loads,19291560.0,68.0,nan,,ok
6384.256421,81309.0,,cache-references:u,cache-references,17305419.0,61.0,nan,,ok
6384.256421,10546.0,,cache-misses:u,cache-misses,14340596.0,50.0,12.97,of all cache refs,ok
6384.256421,4096160.0,,stalled-cycles-frontend:u,stalled-cycles-frontend,6974717.0,24.0,39.96,frontend cycles idle,ok
6411.280985,58295.0,,instructions:u,instructions,7037325.0,36.0,0.01,insn per cycle,ok
6411.280985,nan,,,,nan,nan,60.32,stalled cycles per insn,unknown
6411.280985,7753020.0,,cycles:u,cycles,6075854.0,31.0,nan,,ok
6411.280985,4346.0,,branches:u,branches,8083787.0,42.0,nan,,ok
6411.280985,1454.0,,branch-misses:u,branch-misses,10378910.0,54.0,33.46,of all branches,ok
6411.280985,154718.0,,L1-dcache-loads:u,l1-dcache-loads,11182234.0,58.0,nan,,ok
6411.280985,51676.0,,cache-references:u,cache-references,12207809.0,63.0,nan,,ok
6411.280985,7614.0,,cache-misses:u,cache-misses,13187004.0,68.0,14.73,of all cache refs,ok
6411.280985,3516599.0,,stalled-cycles-frontend:u,stalled-cycles-frontend,5038060.0,26.0,45.36,frontend cycles idle,ok
6426.259625000001,52637.0,,instructions:u,instructions,3198673.0,29.0,0.01,insn per cycle,ok
6426.259625000001,nan,,,,nan,nan,37.88,stalled cycles per insn,unknown
6426.259625000001,3588774.0,,cycles:u,cycles,2995538.0,27.0,nan,,ok
6426.259625000001,2597.0,,branches:u,branches,3992470.0,36.0,nan,,ok
6426.259625000001,782.0,,branch-misses:u,branch-misses,5691884.0,51.0,30.11,of all branches,ok
6426.259625000001,55526.0,,L1-dcache-loads:u,l1-dcache-loads,6657657.0,60.0,nan,,ok
6426.259625000001,13186.0,,cache-references:u,cache-references,7613100.0,69.0,nan,,ok
6426.259625000001,2123.0,,cache-misses:u,cache-misses,7986557.0,72.0,16.1,of all cache refs,ok
6426.259625000001,1993824.0,,stalled-cycles-frontend:u,stalled-cycles-frontend,2437232.0,22.0,55.56,frontend cycles idle,ok
6465.291629,97520.0,,instructions:u,instructions,8098902.0,33.0,0.01,insn per cycle,ok
6465.291629,nan,,,,nan,nan,41.37,stalled cycles per insn,unknown
6465.291629,10261753.0,,cycles:u,cycles,8054649.0,33.0,nan,,ok
6465.291629,6516.0,,branches:u,branches,12127646.0,50.0,nan,,ok
6465.291629,1911.0,,branch-misses:u,branch-misses,15196129.0,62.0,29.33,of all branches,ok
6465.291629,179411.0,,L1-dcache-loads:u,l1-dcache-loads,15065337.0,62.0,nan,,ok
6465.291629,57311.0,,cache-references:u,cache-references,16043961.0,66.0,nan,,ok
6465.291629,7852.0,,cache-misses:u,cache-misses,15941075.0,65.0,13.7,of all cache refs,ok
6465.291629,4034263.0,,stalled-cycles-frontend:u,stalled-cycles-frontend,6150189.0,25.0,39.31,frontend cycles idle,ok
6492.250817,21871.0,,instructions:u,instructions,9204427.0,59.0,0.01,insn per cycle,ok
6492.250817,nan,,,,nan,nan,63.37,stalled cycles per insn,unknown
6492.250817,3731157.0,,cycles:u,cycles,10839990.0,66.0,nan,,ok
6492.250817,1920.0,,branches:u,branches,12867416.0,74.0,nan,,ok
6492.250817,594.0,,branch-misses:u,branch-misses,14850544.0,81.0,30.94,of all branches,ok
6492.250817,61829.0,,L1-dcache-loads:u,l1-dcache-loads,12565863.0,67.0,nan,,ok
6492.250817,24490.0,,cache-references:u,cache-references,9575765.0,51.0,nan,,ok
6492.250817,3597.0,,cache-misses:u,cache-misses,7808595.0,42.0,14.69,of all cache refs,ok
6492.250817,1385860.0,,stalled-cycles-frontend:u,stalled-cycles-frontend,4892311.0,26.0,37.14,frontend cycles idle,ok
6535.288195,99009.0,,instructions:u,instructions,9051876.0,33.0,0.01,insn per cycle,ok
6535.288195,nan,,,,nan,nan,38.96,stalled cycles per insn,unknown
6535.288195,9637927.0,,cycles:u,cycles,7901282.0,29.0,nan,,ok
6535.288195,5753.0,,branches:u,branches,10917429.0,40.0,nan,,ok
6535.288195,1697.0,,branch-misses:u,branch-misses,14878471.0,55.0,29.5,of all branches,ok
6535.288195,153275.0,,L1-dcache-loads:u,l1-dcache-loads,15809077.0,58.0,nan,,ok
6535.288195,53801.0,,cache-references:u,cache-references,17789648.0,66.0,nan,,ok
6535.288195,8741.0,,cache-misses:u,cache-misses,19014404.0,70.0,16.25,of all cache refs,ok
6535.288195,3857623.0,,stalled-cycles-frontend:u,stalled-cycles-frontend,7053867.0,26.0,40.03,frontend cycles idle,ok
6563.278856,88396.0,,instructions:u,instructions,8006260.0,39.0,0.01,insn per cycle,ok
6563.278856,nan,,,,nan,nan,41.96,stalled cycles per insn,unknown
6563.278856,5932201.0,,cycles:u,cycles,9017604.0,44.0,nan,,ok
6563.278856,5913.0,,branches:u,branches,12276542.0,60.0,nan,,ok
6563.278856,1882.0,,branch-misses:u,branch-misses,14333424.0,70.0,31.83,of all branches,ok
6563.278856,171639.0,,L1-dcache-loads:u,l1-dcache-loads,13350365.0,65.0,nan,,ok
6563.278856,57896.0,,cache-references:u,cache-references,12397150.0,60.0,nan,,ok
6563.278856,8751.0,,cache-misses:u,cache-misses,11419893.0,55.0,15.12,of all cache refs,ok
6563.278856,3709039.0,,stalled-cycles-frontend:u,stalled-cycles-frontend,5013224.0,24.0,62.52,frontend cycles idle,ok
6599.276041,96130.0,,instructions:u,instructions,7031044.0,40.0,0.01,insn per cycle,ok
6599.276041,nan,,,,nan,nan,33.83,stalled cycles per insn,unknown
6599.276041,7416802.0,,cycles:u,cycles,5054667.0,29.0,nan,,ok
6599.276041,4920.0,,branches:u,branches,6793711.0,39.0,nan,,ok
6599.276041,1286.0,,branch-misses:u,branch-misses,9132167.0,53.0,26.14,of all branches,ok
6599.276041,115418.0,,L1-dcache-loads:u,l1-dcache-loads,9059153.0,53.0,nan,,ok
6599.276041,39145.0,,cache-references:u,cache-references,10003552.0,58.0,nan,,ok
6599.276041,7028.0,,cache-misses:u,cache-misses,11945842.0,70.0,17.95,of all cache refs,ok
6599.276041,3252440.0,,stalled-cycles-frontend:u,stalled-cycles-frontend,5027701.0,29.0,43.85,frontend cycles idle,ok
6622.227799,62132.0,,instructions:u,instructions,8026663.0,39.0,0.01,insn per cycle,ok
6622.227799,nan,,,,nan,nan,37.67,stalled cycles per insn,unknown
6622.227799,6966408.0,,cycles:u,cycles,9015457.0,44.0,nan,,ok
6622.227799,6050.0,,branches:u,branches,12020921.0,59.0,nan,,ok
6622.227799,1631.0,,branch-misses:u,branch-misses,14064208.0,70.0,26.96,of all branches,ok
6622.227799,141126.0,,L1-dcache-loads:u,l1-dcache-loads,13047297.0,65.0,nan,,ok
6622.227799,37983.0,,cache-references:u,cache-references,12044140.0,60.0,nan,,ok
6622.227799,3703.0,,cache-misses:u,cache-misses,11055346.0,55.0,9.75,of all cache refs,ok
6622.227799,2340449.0,,stalled-cycles-frontend:u,stalled-cycles-frontend,5021899.0,25.0,33.6,frontend cycles idle,ok
6661.323421,10516.0,,instructions:u,instructions,4024830.0,31.0,0.01,insn per cycle,ok
6661.323421,nan,,,,nan,nan,73.48,stalled cycles per insn,unknown
6661.323421,1636841.0,,cycles:u,cycles,4027653.0,31.0,nan,,ok
6661.323421,1807.0,,branches:u,branches,5191895.0,40.0,nan,,ok
6661.323421,619.0,,branch-misses:u,branch-misses,7560039.0,58.0,34.26,of all branches,ok
6661.323421,65362.0,,L1-dcache-loads:u,l1-dcache-loads,8513036.0,65.0,nan,,ok
6661.323421,24875.0,,cache-references:u,cache-references,8922732.0,68.0,nan,,ok
6661.323421,2859.0,,cache-misses:u,cache-misses,8953512.0,68.0,11.49,of all cache refs,ok
6661.323421,772674.0,,stalled-cycles-frontend:u,stalled-cycles-frontend,3022203.0,23.0,47.21,frontend cycles idle,ok
6729.265893,72361.0,,instructions:u,instructions,8783539.0,45.0,0.01,insn per cycle,ok
6729.265893,nan,,,,nan,nan,37.33,stalled cycles per insn,unknown
6729.265893,8100271.0,,cycles:u,cycles,7770532.0,40.0,nan,,ok
6729.265893,5650.0,,branches:u,branches,9520664.0,49.0,nan,,ok
6729.265893,1483.0,,branch-misses:u,branch-misses,11549126.0,60.0,26.25,of all branches,ok
6729.265893,115261.0,,L1-dcache-loads:u,l1-dcache-loads,9924154.0,51.0,nan,,ok
6729.265893,31345.0,,cache-references:u,cache-references,10339776.0,54.0,nan,,ok
6729.265893,4062.0,,cache-misses:u,cache-misses,11319180.0,59.0,12.96,of all cache refs,ok
6729.265893,2701387.0,,stalled-cycles-frontend:u,stalled-cycles-frontend,6620380.0,34.0,33.35,frontend cycles idle,ok
6744.275085,nan,,instructions:u,instructions,0.0,100.0,nan,,ok
6744.275085,nan,,cycles:u,cycles,0.0,100.0,nan,,ok
6744.275085,nan,,branches:u,branches,0.0,100.0,nan,,ok
6744.275085,nan,,branch-misses:u,branch-misses,0.0,100.0,nan,,ok
6744.275085,nan,,L1-dcache-loads:u,l1-dcache-loads,0.0,100.0,nan,,ok
6744.275085,nan,,cache-references:u,cache-references,0.0,100.0,nan,,ok
6744.275085,nan,,cache-misses:u,cache-misses,0.0,100.0,nan,,ok
6744.275085,nan,,stalled-cycles-frontend:u,stalled-cycles-frontend,0.0,100.0,nan,,ok
6807.36337,31527.0,,instructions:u,instructions,3971544.0,40.0,0.01,insn per cycle,ok
6807.36337,nan,,,,nan,nan,21.78,stalled cycles per insn,unknown
6807.36337,2264004.0,,cycles:u,cycles,5980287.0,60.0,nan,,ok
6807.36337,2340.0,,branches:u,branches,7981514.0,80.0,nan,,ok
6807.36337,621.0,,branch-misses:u,branch-misses,9066406.0,91.0,26.54,of all branches,ok
6807.36337,57177.0,,L1-dcache-loads:u,l1-dcache-loads,7873901.0,79.0,nan,,ok
6807.36337,16763.0,,cache-references:u,cache-references,5885493.0,59.0,nan,,ok
6807.36337,1505.0,,cache-misses:u,cache-misses,3876750.0,39.0,8.98,of all cache refs,ok
6807.36337,686779.0,,stalled-cycles-frontend:u,stalled-cycles-frontend,1983136.0,20.0,30.33,frontend cycles idle,ok
6833.247663,9153.0,,instructions:u,instructions,3364655.0,40.0,nan,,ok
6833.247663,nan,,,,nan,nan,56.75,stalled cycles per insn,unknown
6833.247663,0.0,,cycles:u,cycles,1370700.0,16.0,nan,,ok
6833.247663,0.0,,branches:u,branches,1370700.0,16.0,nan,,ok
6833.247663,271.0,,branch-misses:u,branch-misses,2363930.0,28.0,nan,,ok
6833.247663,31240.0,,L1-dcache-loads:u,l1-dcache-loads,3310904.0,39.0,nan,,ok
6833.247663,10004.0,,cache-references:u,cache-references,4974928.0,59.0,nan,,ok
6833.247663,1495.0,,cache-misses:u,cache-misses,6968883.0,83.0,14.94,of all cache refs,ok
6833.247663,519387.0,,stalled-cycles-frontend:u,stalled-cycles-frontend,3037919.0,36.0,nan,,ok
6883.292795,9354.0,,instructions:u,instructions,4632079.0,39.0,0.0,insn per cycle,ok
6883.292795,nan,,,,nan,nan,79.24,stalled cycles per insn,unknown
6883.292795,2294983.0,,cycles:u,cycles,5618474.0,48.0,nan,,ok
6883.292795,1105.0,,branches:u,branches,7612009.0,65.0,nan,,ok
6883.292795,285.0,,branch-misses:u,branch-misses,8683658.0,74.0,25.79,of all branches,ok
6883.292795,24519.0,,L1-dcache-loads:u,l1-dcache-loads,8014137.0,68.0,nan,,ok
6883.292795,7183.0,,cache-references:u,cache-references,7019631.0,60.0,nan,,ok
6883.292795,701.0,,cache-misses:u,cache-misses,6033236.0,51.0,9.76,of all cache refs,ok
6883.292795,741228.0,,stalled-cycles-frontend:u,stalled-cycles-frontend,2636861.0,22.0,32.3,frontend cycles idle,ok
6902.229069999999,nan,,instructions:u,instructions,0.0,100.0,nan,,ok
6902.229069999999,nan,,cycles:u,cycles,0.0,100.0,nan,,ok
6902.229069999999,nan,,branches:u,branches,0.0,100.0,nan,,ok
6902.229069999999,nan,,branch-misses:u,branch-misses,0.0,100.0,nan,,ok
6902.229069999999,nan,,L1-dcache-loads:u,l1-dcache-loads,0.0,100.0,nan,,ok
6902.229069999999,nan,,cache-references:u,cache-references,0.0,100.0,nan,,ok
6902.229069999999,nan,,cache-misses:u,cache-misses,0.0,100.0,nan,,ok
6902.229069999999,nan,,stalled-cycles-frontend:u,stalled-cycles-frontend,0.0,100.0,nan,,ok
6923.262046999999,9537.0,,instructions:u,instructions,1192584.0,28.0,nan,,ok
6923.262046999999,nan,,,,nan,nan,56.14,stalled cycles per insn,unknown
6923.262046999999,0.0,,cycles:u,cycles,249535.0,5.0,nan,,ok
6923.262046999999,0.0,,branches:u,branches,305453.0,7.0,nan,,ok
6923.262046999999,226.0,,branch-misses:u,branch-misses,1336527.0,30.0,nan,,ok
6923.262046999999,31560.0,,L1-dcache-loads:u,l1-dcache-loads,1990056.0,45.0,nan,,ok
6923.262046999999,10060.0,,cache-references:u,cache-references,2987807.0,68.0,nan,,ok
6923.262046999999,1422.0,,cache-misses:u,cache-misses,3984006.0,90.0,14.14,of all cache refs,ok
6923.262046999999,535407.0,,stalled-cycles-frontend:u,stalled-cycles-frontend,1462334.0,32.0,nan,,ok
6982.291185,30702.0,,instructions:u,instructions,3801054.0,46.0,0.02,insn per cycle,ok
6982.291185,nan,,,,nan,nan,32.53,stalled cycles per insn,unknown
6982.291185,1986497.0,,cycles:u,cycles,5746694.0,70.0,nan,,ok
6982.291185,1531.0,,branches:u,branches,7688025.0,94.0,nan,,ok
6982.291185,435.0,,branch-misses:u,branch-misses,8106436.0,100.0,28.41,of all branches,ok
6982.291185,31097.0,,L1-dcache-loads:u,l1-dcache-loads,6443265.0,79.0,nan,,ok
6982.291185,8089.0,,cache-references:u,cache-references,4453992.0,55.0,nan,,ok
6982.291185,826.0,,cache-misses:u,cache-misses,2455202.0,30.0,10.21,of all cache refs,ok
6982.291185,998747.0,,stalled-cycles-frontend:u,stalled-cycles-frontend,1542031.0,19.0,50.28,frontend cycles idle,ok
6996.230059,27229.0,,instructions:u,instructions,2082749.0,25.0,nan,,ok
6996.230059,nan,,,,nan,nan,26.51,stalled cycles per insn,unknown
6996.230059,0.0,,cycles:u,cycles,73834.0,0.0,nan,,ok
6996.230059,0.0,,branches:u,branches,73834.0,0.0,nan,,ok
6996.230059,488.0,,branch-misses:u,branch-misses,2059080.0,25.0,nan,,ok
6996.230059,50242.0,,L1-dcache-loads:u,l1-dcache-loads,3978235.0,49.0,nan,,ok
6996.230059,19063.0,,cache-references:u,cache-references,5971903.0,74.0,nan,,ok
6996.230059,2772.0,,cache-misses:u,cache-misses,7980818.0,99.0,14.54,of all cache refs,ok
6996.230059,721888.0,,stalled-cycles-frontend:u,stalled-cycles-frontend,2082749.0,25.0,nan,,ok
7054.263644,30331.0,,instructions:u,instructions,3982415.0,49.0,0.01,insn per cycle,ok
7054.263644,nan,,,,nan,nan,27.38,stalled cycles per insn,unknown
7054.263644,2368687.0,,cycles:u,cycles,5976529.0,74.0,nan,,ok
7054.263644,1942.0,,branches:u,branches,7973543.0,99.0,nan,,ok
7054.263644,554.0,,branch-misses:u,branch-misses,8028797.0,100.0,28.53,of all branches,ok
7054.263644,51489.0,,L1-dcache-loads:u,l1-dcache-loads,6046477.0,75.0,nan,,ok
7054.263644,16591.0,,cache-references:u,cache-references,4046382.0,50.0,nan,,ok
7054.263644,2386.0,,cache-misses:u,cache-misses,2052268.0,25.0,14.38,of all cache refs,ok
7054.263644,830336.0,,stalled-cycles-frontend:u,stalled-cycles-frontend,1982320.0,24.0,35.05,frontend cycles idle,ok
7069.274079000001,nan,,instructions:u,instructions,0.0,0.0,nan,,ok
7069.274079000001,nan,,cycles:u,cycles,0.0,0.0,nan,,ok
7069.274079000001,nan,,branches:u,branches,0.0,0.0,nan,,ok
7069.274079000001,72.0,,branch-misses:u,branch-misses,672463.0,100.0,nan,,ok
7069.274079000001,6127.0,,L1-dcache-loads:u,l1-dcache-loads,672463.0,100.0,nan,,ok
7069.274079000001,2231.0,,cache-references:u,cache-references,672463.0,100.0,nan,,ok
7069.274079000001,427.0,,cache-misses:u,cache-misses,672463.0,100.0,19.14,of all cache refs,ok
7069.274079000001,nan,,stalled-cycles-frontend:u,stalled-cycles-frontend,0.0,0.0,nan,,ok
7083.250905,0.0,,instructions:u,instructions,1807303.0,37.0,nan,,ok
7083.250905,0.0,,cycles:u,cycles,807102.0,16.0,nan,,ok
7083.250905,0.0,,branches:u,branches,807102.0,16.0,nan,,ok
7083.250905,0.0,,branch-misses:u,branch-misses,1811411.0,37.0,nan,,ok
7083.250905,0.0,,L1-dcache-loads:u,l1-dcache-loads,1998601.0,41.0,nan,,ok
7083.250905,0.0,,cache-references:u,cache-references,2992800.0,62.0,nan,,ok
7083.250905,0.0,,cache-misses:u,cache-misses,3993001.0,83.0,nan,,ok
7083.250905,0.0,,stalled-cycles-frontend:u,stalled-cycles-frontend,1807303.0,37.0,nan,,ok
7130.263298,nan,,instructions:u,instructions,0.0,100.0,nan,,ok
7130.263298,nan,,cycles:u,cycles,0.0,100.0,nan,,ok
7130.263298,nan,,branches:u,branches,0.0,100.0,nan,,ok
7130.263298,nan,,branch-misses:u,branch-misses,0.0,100.0,nan,,ok
7130.263298,nan,,L1-dcache-loads:u,l1-dcache-loads,0.0,100.0,nan,,ok
7130.263298,nan,,cache-references:u,cache-references,0.0,100.0,nan,,ok
7130.263298,nan,,cache-misses:u,cache-misses,0.0,100.0,nan,,ok
7130.263298,nan,,stalled-cycles-frontend:u,stalled-cycles-frontend,0.0,100.0,nan,,ok
7145.2395830000005,0.0,,instructions:u,instructions,1995175.0,47.0,nan,,ok
7145.2395830000005,0.0,,cycles:u,cycles,2997790.0,70.0,nan,,ok
7145.2395830000005,0.0,,branches:u,branches,3995381.0,94.0,nan,,ok
7145.2395830000005,0.0,,branch-misses:u,branch-misses,4240598.0,100.0,nan,,ok
7145.2395830000005,0.0,,L1-dcache-loads:u,l1-dcache-loads,3241302.0,76.0,nan,,ok
7145.2395830000005,0.0,,cache-references:u,cache-references,2245423.0,52.0,nan,,ok
7145.2395830000005,0.0,,cache-misses:u,cache-misses,1242808.0,29.0,nan,,ok
7145.2395830000005,0.0,,stalled-cycles-frontend:u,stalled-cycles-frontend,999296.0,23.0,nan,,ok
7205.237499,0.0,,instructions:u,instructions,2999267.0,48.0,nan,,ok
7205.237499,0.0,,cycles:u,cycles,2224672.0,35.0,nan,,ok
7205.237499,0.0,,branches:u,branches,2224672.0,35.0,nan,,ok
7205.237499,0.0,,branch-misses:u,branch-misses,3215556.0,51.0,nan,,ok
7205.237499,0.0,,L1-dcache-loads:u,l1-dcache-loads,3214859.0,51.0,nan,,ok
7205.237499,0.0,,cache-references:u,cache-references,3215309.0,51.0,nan,,ok
7205.237499,0.0,,cache-misses:u,cache-misses,3989904.0,64.0,nan,,ok
7205.237499,0.0,,stalled-cycles-frontend:u,stalled-cycles-frontend,2003418.0,32.0,nan,,ok
7220.305223,nan,,instructions:u,instructions,0.0,100.0,nan,,ok
7220.305223,nan,,cycles:u,cycles,0.0,100.0,nan,,ok
7220.305223,nan,,branches:u,branches,0.0,100.0,nan,,ok
7220.305223,nan,,branch-misses:u,branch-misses,0.0,100.0,nan,,ok
7220.305223,nan,,L1-dcache-loads:u,l1-dcache-loads,0.0,100.0,nan,,ok
7220.305223,nan,,cache-references:u,cache-references,0.0,100.0,nan,,ok
7220.305223,nan,,cache-misses:u,cache-misses,0.0,100.0,nan,,ok
7220.305223,nan,,stalled-cycles-frontend:u,stalled-cycles-frontend,0.0,100.0,nan,,ok
7268.286147999999,0.0,,instructions:u,instructions,240024.0,4.0,nan,,ok
7268.286147999999,0.0,,cycles:u,cycles,978896.0,18.0,nan,,ok
7268.286147999999,0.0,,branches:u,branches,1966260.0,37.0,nan,,ok
7268.286147999999,0.0,,branch-misses:u,branch-misses,2965784.0,56.0,nan,,ok
7268.286147999999,0.0,,L1-dcache-loads:u,l1-dcache-loads,3971033.0,76.0,nan,,ok
7268.286147999999,0.0,,cache-references:u,cache-references,4968775.0,95.0,nan,,ok
7268.286147999999,0.0,,cache-misses:u,cache-misses,4229903.0,81.0,nan,,ok
7268.286147999999,0.0,,stalled-cycles-frontend:u,stalled-cycles-frontend,240024.0,4.0,nan,,ok
7283.254507,nan,,instructions:u,instructions,0.0,100.0,nan,,ok
7283.254507,nan,,cycles:u,cycles,0.0,100.0,nan,,ok
7283.254507,nan,,branches:u,branches,0.0,100.0,nan,,ok
7283.254507,nan,,branch-misses:u,branch-misses,0.0,100.0,nan,,ok
7283.254507,nan,,L1-dcache-loads:u,l1-dcache-loads,0.0,100.0,nan,,ok
7283.254507,nan,,cache-references:u,cache-references,0.0,100.0,nan,,ok
7283.254507,nan,,cache-misses:u,cache-misses,0.0,100.0,nan,,ok
7283.254507,nan,,stalled-cycles-frontend:u,stalled-cycles-frontend,0.0,100.0,nan,,ok
7339.243384,0.0,,instructions:u,instructions,2973671.0,57.0,nan,,ok
7339.243384,0.0,,cycles:u,cycles,2998408.0,57.0,nan,,ok
7339.243384,0.0,,branches:u,branches,3997906.0,77.0,nan,,ok
7339.243384,0.0,,branch-misses:u,branch-misses,4208825.0,81.0,nan,,ok
7339.243384,0.0,,L1-dcache-loads:u,l1-dcache-loads,3209484.0,61.0,nan,,ok
7339.243384,0.0,,cache-references:u,cache-references,2205459.0,42.0,nan,,ok
7339.243384,0.0,,cache-misses:u,cache-misses,2180722.0,42.0,nan,,ok
7339.243384,0.0,,stalled-cycles-frontend:u,stalled-cycles-frontend,1969646.0,38.0,nan,,ok
7355.274646,nan,,instructions:u,instructions,0.0,100.0,nan,,ok
7355.274646,nan,,cycles:u,cycles,0.0,100.0,nan,,ok
7355.274646,nan,,branches:u,branches,0.0,100.0,nan,,ok
7355.274646,nan,,branch-misses:u,branch-misses,0.0,100.0,nan,,ok
7355.274646,nan,,L1-dcache-loads:u,l1-dcache-loads,0.0,100.0,nan,,ok
7355.274646,nan,,cache-references:u,cache-references,0.0,100.0,nan,,ok
7355.274646,nan,,cache-misses:u,cache-misses,0.0,100.0,nan,,ok
7355.274646,nan,,stalled-cycles-frontend:u,stalled-cycles-frontend,0.0,100.0,nan,,ok
7419.284737,0.0,,instructions:u,instructions,1079650.0,26.0,nan,,ok
7419.284737,0.0,,cycles:u,cycles,83437.0,2.0,nan,,ok
7419.284737,0.0,,branches:u,branches,83437.0,2.0,nan,,ok
7419.284737,0.0,,branch-misses:u,branch-misses,1074315.0,26.0,nan,,ok
7419.284737,0.0,,L1-dcache-loads:u,l1-dcache-loads,1986710.0,48.0,nan,,ok
7419.284737,0.0,,cache-references:u,cache-references,2990935.0,73.0,nan,,ok
7419.284737,0.0,,cache-misses:u,cache-misses,3987148.0,97.0,nan,,ok
7419.284737,0.0,,stalled-cycles-frontend:u,stalled-cycles-frontend,1079650.0,26.0,nan,,ok
7435.284657,0.0,,instructions:u,instructions,1993335.0,44.0,nan,,ok
7435.284657,0.0,,cycles:u,cycles,2989458.0,67.0,nan,,ok
7435.284657,0.0,,branches:u,branches,3987218.0,89.0,nan,,ok
7435.284657,0.0,,branch-misses:u,branch-misses,4441507.0,100.0,nan,,ok
7435.284657,0.0,,L1-dcache-loads:u,l1-dcache-loads,3451934.0,77.0,nan,,ok
7435.284657,0.0,,cache-references:u,cache-references,2448172.0,55.0,nan,,ok
7435.284657,0.0,,cache-misses:u,cache-misses,1452049.0,32.0,nan,,ok
7435.284657,0.0,,stalled-cycles-frontend:u,stalled-cycles-frontend,989573.0,22.0,nan,,ok
7477.416168999999,nan,,instructions:u,instructions,0.0,100.0,nan,,ok
7477.416168999999,nan,,cycles:u,cycles,0.0,100.0,nan,,ok
7477.416168999999,nan,,branches:u,branches,0.0,100.0,nan,,ok
7477.416168999999,nan,,branch-misses:u,branch-misses,0.0,100.0,nan,,ok
7477.416168999999,nan,,L1-dcache-loads:u,l1-dcache-loads,0.0,100.0,nan,,ok
7477.416168999999,nan,,cache-references:u,cache-references,0.0,100.0,nan,,ok
7477.416168999999,nan,,cache-misses:u,cache-misses,0.0,100.0,nan,,ok
7477.416168999999,nan,,stalled-cycles-frontend:u,stalled-cycles-frontend,0.0,100.0,nan,,ok
7505.259451999999,0.0,,instructions:u,instructions,2178158.0,42.0,nan,,ok
7505.259451999999,0.0,,cycles:u,cycles,1176957.0,22.0,nan,,ok
7505.259451999999,0.0,,branches:u,branches,1176957.0,22.0,nan,,ok
7505.259451999999,0.0,,branch-misses:u,branch-misses,2162850.0,41.0,nan,,ok
7505.259451999999,0.0,,L1-dcache-loads:u,l1-dcache-loads,2153976.0,41.0,nan,,ok
7505.259451999999,0.0,,cache-references:u,cache-references,2979640.0,57.0,nan,,ok
7505.259451999999,0.0,,cache-misses:u,cache-misses,3980841.0,77.0,nan,,ok
7505.259451999999,0.0,,stalled-cycles-frontend:u,stalled-cycles-frontend,2005077.0,38.0,nan,,ok
7519.286639,nan,,instructions:u,instructions,0.0,100.0,nan,,ok
7519.286639,nan,,cycles:u,cycles,0.0,100.0,nan,,ok
7519.286639,nan,,branches:u,branches,0.0,100.0,nan,,ok
7519.286639,nan,,branch-misses:u,branch-misses,0.0,100.0,nan,,ok
7519.286639,nan,,L1-dcache-loads:u,l1-dcache-loads,0.0,100.0,nan,,ok
7519.286639,nan,,cache-references:u,cache-references,0.0,100.0,nan,,ok
7519.286639,nan,,cache-misses:u,cache-misses,0.0,100.0,nan,,ok
7519.286639,nan,,stalled-cycles-frontend:u,stalled-cycles-frontend,0.0,100.0,nan,,ok
7562.277083999999,0.0,,instructions:u,instructions,980198.0,21.0,nan,,ok
7562.277083999999,0.0,,cycles:u,cycles,1969507.0,43.0,nan,,ok
7562.277083999999,0.0,,branches:u,branches,2971000.0,65.0,nan,,ok
7562.277083999999,0.0,,branch-misses:u,branch-misses,3969758.0,87.0,nan,,ok
7562.277083999999,0.0,,L1-dcache-loads:u,l1-dcache-loads,4531909.0,100.0,nan,,ok
7562.277083999999,0.0,,cache-references:u,cache-references,3551711.0,78.0,nan,,ok
7562.277083999999,0.0,,cache-misses:u,cache-misses,2562402.0,56.0,nan,,ok
7562.277083999999,nan,,stalled-cycles-frontend:u,stalled-cycles-frontend,0.0,0.0,nan,,ok
7581.272265,nan,,instructions:u,instructions,0.0,100.0,nan,,ok
7581.272265,nan,,cycles:u,cycles,0.0,100.0,nan,,ok
7581.272265,nan,,branches:u,branches,0.0,100.0,nan,,ok
7581.272265,nan,,branch-misses:u,branch-misses,0.0,100.0,nan,,ok
7581.272265,nan,,L1-dcache-loads:u,l1-dcache-loads,0.0,100.0,nan,,ok
7581.272265,nan,,cache-references:u,cache-references,0.0,100.0,nan,,ok
7581.272265,nan,,cache-misses:u,cache-misses,0.0,100.0,nan,,ok
7581.272265,nan,,stalled-cycles-frontend:u,stalled-cycles-frontend,0.0,100.0,nan,,ok
7632.308519,0.0,,instructions:u,instructions,3000092.0,38.0,nan,,ok
7632.308519,0.0,,cycles:u,cycles,3007096.0,38.0,nan,,ok
7632.308519,0.0,,branches:u,branches,4009619.0,51.0,nan,,ok
7632.308519,0.0,,branch-misses:u,branch-misses,4828774.0,61.0,nan,,ok
7632.308519,0.0,,L1-dcache-loads:u,l1-dcache-loads,4805997.0,61.0,nan,,ok
7632.308519,0.0,,cache-references:u,cache-references,4810831.0,61.0,nan,,ok
7632.308519,0.0,,cache-misses:u,cache-misses,4803827.0,61.0,nan,,ok
7632.308519,0.0,,stalled-cycles-frontend:u,stalled-cycles-frontend,2001798.0,25.0,nan,,ok
7647.229111,nan,,instructions:u,instructions,0.0,100.0,nan,,ok
7647.229111,nan,,cycles:u,cycles,0.0,100.0,nan,,ok
7647.229111,nan,,branches:u,branches,0.0,100.0,nan,,ok
7647.229111,nan,,branch-misses:u,branch-misses,0.0,100.0,nan,,ok
7647.229111,nan,,L1-dcache-loads:u,l1-dcache-loads,0.0,100.0,nan,,ok
7647.229111,nan,,cache-references:u,cache-references,0.0,100.0,nan,,ok
7647.229111,nan,,cache-misses:u,cache-misses,0.0,100.0,nan,,ok
7647.229111,nan,,stalled-cycles-frontend:u,stalled-cycles-frontend,0.0,100.0,nan,,ok
7661.249694,nan,,instructions:u,instructions,0.0,100.0,nan,,ok
7661.249694,nan,,cycles:u,cycles,0.0,100.0,nan,,ok
7661.249694,nan,,branches:u,branches,0.0,100.0,nan,,ok
7661.249694,nan,,branch-misses:u,branch-misses,0.0,100.0,nan,,ok
7661.249694,nan,,L1-dcache-loads:u,l1-dcache-loads,0.0,100.0,nan,,ok
7661.249694,nan,,cache-references:u,cache-references,0.0,100.0,nan,,ok
7661.249694,nan,,cache-misses:u,cache-misses,0.0,100.0,nan,,ok
7661.249694,nan,,stalled-cycles-frontend:u,stalled-cycles-frontend,0.0,100.0,nan,,ok
7707.268809,0.0,,instructions:u,instructions,1036942.0,25.0,nan,,ok
7707.268809,0.0,,cycles:u,cycles,32182.0,0.0,nan,,ok
7707.268809,0.0,,branches:u,branches,32182.0,0.0,nan,,ok
7707.268809,0.0,,branch-misses:u,branch-misses,1022752.0,25.0,nan,,ok
7707.268809,0.0,,L1-dcache-loads:u,l1-dcache-loads,1985043.0,49.0,nan,,ok
7707.268809,0.0,,cache-references:u,cache-references,2980318.0,74.0,nan,,ok
7707.268809,0.0,,cache-misses:u,cache-misses,3985078.0,99.0,nan,,ok
7707.268809,0.0,,stalled-cycles-frontend:u,stalled-cycles-frontend,1036942.0,25.0,nan,,ok
7722.263917,0.0,,instructions:u,instructions,1972075.0,49.0,nan,,ok
7722.263917,0.0,,cycles:u,cycles,2968563.0,74.0,nan,,ok
7722.263917,0.0,,branches:u,branches,3972491.0,99.0,nan,,ok
7722.263917,0.0,,branch-misses:u,branch-misses,4010916.0,100.0,nan,,ok
7722.263917,0.0,,L1-dcache-loads:u,l1-dcache-loads,3040678.0,75.0,nan,,ok
7722.263917,0.0,,cache-references:u,cache-references,2038841.0,50.0,nan,,ok
7722.263917,0.0,,cache-misses:u,cache-misses,1042353.0,25.0,nan,,ok
7722.263917,0.0,,stalled-cycles-frontend:u,stalled-cycles-frontend,970238.0,24.0,nan,,ok
7736.239466999999,nan,,instructions:u,instructions,0.0,100.0,nan,,ok
7736.239466999999,nan,,cycles:u,cycles,0.0,100.0,nan,,ok
7736.239466999999,nan,,branches:u,branches,0.0,100.0,nan,,ok
7736.239466999999,nan,,branch-misses:u,branch-misses,0.0,100.0,nan,,ok
7736.239466999999,nan,,L1-dcache-loads:u,l1-dcache-loads,0.0,100.0,nan,,ok
7736.239466999999,nan,,cache-references:u,cache-references,0.0,100.0,nan,,ok
7736.239466999999,nan,,cache-misses:u,cache-misses,0.0,100.0,nan,,ok
7736.239466999999,nan,,stalled-cycles-frontend:u,stalled-cycles-frontend,0.0,100.0,nan,,ok
7778.243197,0.0,,instructions:u,instructions,3000459.0,35.0,nan,,ok
7778.243197,0.0,,cycles:u,cycles,2998310.0,35.0,nan,,ok
7778.243197,0.0,,branches:u,branches,3996341.0,47.0,nan,,ok
7778.243197,0.0,,branch-misses:u,branch-misses,5467350.0,64.0,nan,,ok
7778.243197,0.0,,L1-dcache-loads:u,l1-dcache-loads,5456909.0,64.0,nan,,ok
7778.243197,0.0,,cache-references:u,cache-references,5459097.0,64.0,nan,,ok
7778.243197,0.0,,cache-misses:u,cache-misses,5461246.0,64.0,nan,,ok
7778.243197,0.0,,stalled-cycles-frontend:u,stalled-cycles-frontend,2004951.0,23.0,nan,,ok
7792.222864,nan,,instructions:u,instructions,0.0,100.0,nan,,ok
7792.222864,nan,,cycles:u,cycles,0.0,100.0,nan,,ok
7792.222864,nan,,branches:u,branches,0.0,100.0,nan,,ok
7792.222864,nan,,branch-misses:u,branch-misses,0.0,100.0,nan,,ok
7792.222864,nan,,L1-dcache-loads:u,l1-dcache-loads,0.0,100.0,nan,,ok
7792.222864,nan,,cache-references:u,cache-references,0.0,100.0,nan,,ok
7792.222864,nan,,cache-misses:u,cache-misses,0.0,100.0,nan,,ok
7792.222864,nan,,stalled-cycles-frontend:u,stalled-cycles-frontend,0.0,100.0,nan,,ok
7815.528059,nan,,instructions:u,instructions,0.0,100.0,nan,,ok
7815.528059,nan,,cycles:u,cycles,0.0,100.0,nan,,ok
7815.528059,nan,,branches:u,branches,0.0,100.0,nan,,ok
7815.528059,nan,,branch-misses:u,branch-misses,0.0,100.0,nan,,ok
7815.528059,nan,,L1-dcache-loads:u,l1-dcache-loads,0.0,100.0,nan,,ok
7815.528059,nan,,cache-references:u,cache-references,0.0,100.0,nan,,ok
7815.528059,nan,,cache-misses:u,cache-misses,0.0,100.0,nan,,ok
7815.528059,nan,,stalled-cycles-frontend:u,stalled-cycles-frontend,0.0,100.0,nan,,ok
7854.249946999999,0.0,,instructions:u,instructions,2416992.0,44.0,nan,,ok
7854.249946999999,0.0,,cycles:u,cycles,1415648.0,26.0,nan,,ok
7854.249946999999,0.0,,branches:u,branches,1415648.0,26.0,nan,,ok
7854.249946999999,0.0,,branch-misses:u,branch-misses,2429489.0,44.0,nan,,ok
7854.249946999999,0.0,,L1-dcache-loads:u,l1-dcache-loads,2403272.0,44.0,nan,,ok
7854.249946999999,0.0,,cache-references:u,cache-references,2989166.0,55.0,nan,,ok
7854.249946999999,0.0,,cache-misses:u,cache-misses,3990510.0,73.0,nan,,ok
7854.249946999999,0.0,,stalled-cycles-frontend:u,stalled-cycles-frontend,2006484.0,37.0,nan,,ok
7867.003996,nan,,instructions:u,instructions,0.0,100.0,nan,,ok
7867.003996,nan,,cycles:u,cycles,0.0,100.0,nan,,ok
7867.003996,nan,,branches:u,branches,0.0,100.0,nan,,ok
7867.003996,nan,,branch-misses:u,branch-misses,0.0,100.0,nan,,ok
7867.003996,nan,,L1-dcache-loads:u,l1-dcache-loads,0.0,100.0,nan,,ok
7867.003996,nan,,cache-references:u,cache-references,0.0,100.0,nan,,ok
7867.003996,nan,,cache-misses:u,cache-misses,0.0,100.0,nan,,ok
7867.003996,nan,,stalled-cycles-frontend:u,stalled-cycles-frontend,0.0,100.0,nan,,ok
7882.52098,nan,,instructions:u,instructions,0.0,100.0,nan,,ok
7882.52098,nan,,cycles:u,cycles,0.0,100.0,nan,,ok
7882.52098,nan,,branches:u,branches,0.0,100.0,nan,,ok
7882.52098,nan,,branch-misses:u,branch-misses,0.0,100.0,nan,,ok
7882.52098,nan,,L1-dcache-loads:u,l1-dcache-loads,0.0,100.0,nan,,ok
7882.52098,nan,,cache-references:u,cache-references,0.0,100.0,nan,,ok
7882.52098,nan,,cache-misses:u,cache-misses,0.0,100.0,nan,,ok
7882.52098,nan,,stalled-cycles-frontend:u,stalled-cycles-frontend,0.0,100.0,nan,,ok
7929.241819,0.0,,instructions:u,instructions,1352826.0,21.0,nan,,ok
7929.241819,0.0,,cycles:u,cycles,1987024.0,31.0,nan,,ok
7929.241819,0.0,,branches:u,branches,2993175.0,47.0,nan,,ok
7929.241819,0.0,,branch-misses:u,branch-misses,3991793.0,62.0,nan,,ok
7929.241819,0.0,,L1-dcache-loads:u,l1-dcache-loads,4990125.0,78.0,nan,,ok
7929.241819,0.0,,cache-references:u,cache-references,4990551.0,78.0,nan,,ok
7929.241819,0.0,,cache-misses:u,cache-misses,4356353.0,68.0,nan,,ok
7929.241819,0.0,,stalled-cycles-frontend:u,stalled-cycles-frontend,360062.0,5.0,nan,,ok
7944.2227680000005,nan,,instructions:u,instructions,0.0,100.0,nan,,ok
7944.2227680000005,nan,,cycles:u,cycles,0.0,100.0,nan,,ok
7944.2227680000005,nan,,branches:u,branches,0.0,100.0,nan,,ok
7944.2227680000005,nan,,branch-misses:u,branch-misses,0.0,100.0,nan,,ok
7944.2227680000005,nan,,L1-dcache-loads:u,l1-dcache-loads,0.0,100.0,nan,,ok
7944.2227680000005,nan,,cache-references:u,cache-references,0.0,100.0,nan,,ok
7944.2227680000005,nan,,cache-misses:u,cache-misses,0.0,100.0,nan,,ok
7944.2227680000005,nan,,stalled-cycles-frontend:u,stalled-cycles-frontend,0.0,100.0,nan,,ok
7958.23452,nan,,instructions:u,instructions,0.0,100.0,nan,,ok
7958.23452,nan,,cycles:u,cycles,0.0,100.0,nan,,ok
7958.23452,nan,,branches:u,branches,0.0,100.0,nan,,ok
7958.23452,nan,,branch-misses:u,branch-misses,0.0,100.0,nan,,ok
7958.23452,nan,,L1-dcache-loads:u,l1-dcache-loads,0.0,100.0,nan,,ok
7958.23452,nan,,cache-references:u,cache-references,0.0,100.0,nan,,ok
7958.23452,nan,,cache-misses:u,cache-misses,0.0,100.0,nan,,ok
7958.23452,nan,,stalled-cycles-frontend:u,stalled-cycles-frontend,0.0,100.0,nan,,ok
7988.24703,0.0,,instructions:u,instructions,2948426.0,62.0,nan,,ok
7988.24703,0.0,,cycles:u,cycles,2991959.0,63.0,nan,,ok
7988.24703,0.0,,branches:u,branches,3736505.0,79.0,nan,,ok
7988.24703,0.0,,branch-misses:u,branch-misses,3736505.0,79.0,nan,,ok
7988.24703,0.0,,L1-dcache-loads:u,l1-dcache-loads,2743232.0,58.0,nan,,ok
7988.24703,0.0,,cache-references:u,cache-references,1742227.0,37.0,nan,,ok
7988.24703,0.0,,cache-misses:u,cache-misses,1698694.0,36.0,nan,,ok
7988.24703,0.0,,stalled-cycles-frontend:u,stalled-cycles-frontend,1947421.0,41.0,nan,,ok
8007.225577,nan,,instructions:u,instructions,0.0,100.0,nan,,ok
8007.225577,nan,,cycles:u,cycles,0.0,100.0,nan,,ok
8007.225577,nan,,branches:u,branches,0.0,100.0,nan,,ok
8007.225577,nan,,branch-misses:u,branch-misses,0.0,100.0,nan,,ok
8007.225577,nan,,L1-dcache-loads:u,l1-dcache-loads,0.0,100.0,nan,,ok
8007.225577,nan,,cache-references:u,cache-references,0.0,100.0,nan,,ok
8007.225577,nan,,cache-misses:u,cache-misses,0.0,100.0,nan,,ok
8007.225577,nan,,stalled-cycles-frontend:u,stalled-cycles-frontend,0.0,100.0,nan,,ok
8021.261643000001,nan,,instructions:u,instructions,0.0,100.0,nan,,ok
8021.261643000001,nan,,cycles:u,cycles,0.0,100.0,nan,,ok
8021.261643000001,nan,,branches:u,branches,0.0,100.0,nan,,ok
8021.261643000001,nan,,branch-misses:u,branch-misses,0.0,100.0,nan,,ok
8021.261643000001,nan,,L1-dcache-loads:u,l1-dcache-loads,0.0,100.0,nan,,ok
8021.261643000001,nan,,cache-references:u,cache-references,0.0,100.0,nan,,ok
8021.261643000001,nan,,cache-misses:u,cache-misses,0.0,100.0,nan,,ok
8021.261643000001,nan,,stalled-cycles-frontend:u,stalled-cycles-frontend,0.0,100.0,nan,,ok
8056.280459,0.0,,instructions:u,instructions,1059852.0,20.0,nan,,ok
8056.280459,0.0,,cycles:u,cycles,67496.0,1.0,nan,,ok
8056.280459,0.0,,branches:u,branches,1054576.0,20.0,nan,,ok
8056.280459,0.0,,branch-misses:u,branch-misses,2049464.0,40.0,nan,,ok
8056.280459,0.0,,L1-dcache-loads:u,l1-dcache-loads,2987760.0,59.0,nan,,ok
8056.280459,0.0,,cache-references:u,cache-references,3989374.0,79.0,nan,,ok
8056.280459,0.0,,cache-misses:u,cache-misses,4981730.0,98.0,nan,,ok
8056.280459,0.0,,stalled-cycles-frontend:u,stalled-cycles-frontend,1059852.0,20.0,nan,,ok
8070.246886999999,nan,,instructions:u,instructions,0.0,100.0,nan,,ok
8070.246886999999,nan,,cycles:u,cycles,0.0,100.0,nan,,ok
8070.246886999999,nan,,branches:u,branches,0.0,100.0,nan,,ok
8070.246886999999,nan,,branch-misses:u,branch-misses,0.0,100.0,nan,,ok
8070.246886999999,nan,,L1-dcache-loads:u,l1-dcache-loads,0.0,100.0,nan,,ok
8070.246886999999,nan,,cache-references:u,cache-references,0.0,100.0,nan,,ok
8070.246886999999,nan,,cache-misses:u,cache-misses,0.0,100.0,nan,,ok
8070.246886999999,nan,,stalled-cycles-frontend:u,stalled-cycles-frontend,0.0,100.0,nan,,ok
8096.288044,0.0,,instructions:u,instructions,1986868.0,38.0,nan,,ok
8096.288044,0.0,,cycles:u,cycles,2991791.0,58.0,nan,,ok
8096.288044,0.0,,branches:u,branches,3983839.0,77.0,nan,,ok
8096.288044,0.0,,branch-misses:u,branch-misses,4984548.0,97.0,nan,,ok
8096.288044,0.0,,L1-dcache-loads:u,l1-dcache-loads,4136805.0,80.0,nan,,ok
8096.288044,0.0,,cache-references:u,cache-references,3144878.0,61.0,nan,,ok
8096.288044,0.0,,cache-misses:u,cache-misses,2139955.0,41.0,nan,,ok
8096.288044,0.0,,stalled-cycles-frontend:u,stalled-cycles-frontend,994941.0,19.0,nan,,ok
8123.257020000001,nan,,instructions:u,instructions,0.0,100.0,nan,,ok
8123.257020000001,nan,,cycles:u,cycles,0.0,100.0,nan,,ok
8123.257020000001,nan,,branches:u,branches,0.0,100.0,nan,,ok
8123.257020000001,nan,,branch-misses:u,branch-misses,0.0,100.0,nan,,ok
8123.257020000001,nan,,L1-dcache-loads:u,l1-dcache-loads,0.0,100.0,nan,,ok
8123.257020000001,nan,,cache-references:u,cache-references,0.0,100.0,nan,,ok
8123.257020000001,nan,,cache-misses:u,cache-misses,0.0,100.0,nan,,ok
8123.257020000001,nan,,stalled-cycles-frontend:u,stalled-cycles-frontend,0.0,100.0,nan,,ok
8175.304837000001,0.0,,instructions:u,instructions,2527369.0,56.0,nan,,ok
8175.304837000001,0.0,,cycles:u,cycles,1533098.0,34.0,nan,,ok
8175.304837000001,0.0,,branches:u,branches,1533098.0,34.0,nan,,ok
8175.304837000001,0.0,,branch-misses:u,branch-misses,1533098.0,34.0,nan,,ok
8175.304837000001,0.0,,L1-dcache-loads:u,l1-dcache-loads,1508405.0,33.0,nan,,ok
8175.304837000001,0.0,,cache-references:u,cache-references,1958741.0,43.0,nan,,ok
8175.304837000001,0.0,,cache-misses:u,cache-misses,2953012.0,65.0,nan,,ok
8175.304837000001,0.0,,stalled-cycles-frontend:u,stalled-cycles-frontend,1999010.0,44.0,nan,,ok
8190.265077999999,nan,,instructions:u,instructions,0.0,100.0,nan,,ok
8190.265077999999,nan,,cycles:u,cycles,0.0,100.0,nan,,ok
8190.265077999999,nan,,branches:u,branches,0.0,100.0,nan,,ok
8190.265077999999,nan,,branch-misses:u,branch-misses,0.0,100.0,nan,,ok
8190.265077999999,nan,,L1-dcache-loads:u,l1-dcache-loads,0.0,100.0,nan,,ok
8190.265077999999,nan,,cache-references:u,cache-references,0.0,100.0,nan,,ok
8190.265077999999,nan,,cache-misses:u,cache-misses,0.0,100.0,nan,,ok
8190.265077999999,nan,,stalled-cycles-frontend:u,stalled-cycles-frontend,0.0,100.0,nan,,ok
8204.290845,nan,,instructions:u,instructions,0.0,100.0,nan,,ok
8204.290845,nan,,cycles:u,cycles,0.0,100.0,nan,,ok
8204.290845,nan,,branches:u,branches,0.0,100.0,nan,,ok
8204.290845,nan,,branch-misses:u,branch-misses,0.0,100.0,nan,,ok
8204.290845,nan,,L1-dcache-loads:u,l1-dcache-loads,0.0,100.0,nan,,ok
8204.290845,nan,,cache-references:u,cache-references,0.0,100.0,nan,,ok
8204.290845,nan,,cache-misses:u,cache-misses,0.0,100.0,nan,,ok
8204.290845,nan,,stalled-cycles-frontend:u,stalled-cycles-frontend,0.0,100.0,nan,,ok
8243.257505000001,0.0,,instructions:u,instructions,996212.0,20.0,nan,,ok
8243.257505000001,0.0,,cycles:u,cycles,1987602.0,40.0,nan,,ok
8243.257505000001,0.0,,branches:u,branches,2990624.0,60.0,nan,,ok
8243.257505000001,0.0,,branch-misses:u,branch-misses,3990844.0,81.0,nan,,ok
8243.257505000001,0.0,,L1-dcache-loads:u,l1-dcache-loads,4919219.0,100.0,nan,,ok
8243.257505000001,0.0,,cache-references:u,cache-references,3923007.0,79.0,nan,,ok
8243.257505000001,0.0,,cache-misses:u,cache-misses,2931617.0,59.0,nan,,ok
8243.257505000001,nan,,stalled-cycles-frontend:u,stalled-cycles-frontend,0.0,0.0,nan,,ok
8257.276757,nan,,instructions:u,instructions,0.0,100.0,nan,,ok
8257.276757,nan,,cycles:u,cycles,0.0,100.0,nan,,ok
8257.276757,nan,,branches:u,branches,0.0,100.0,nan,,ok
8257.276757,nan,,branch-misses:u,branch-misses,0.0,100.0,nan,,ok
8257.276757,nan,,L1-dcache-loads:u,l1-dcache-loads,0.0,100.0,nan,,ok
8257.276757,nan,,cache-references:u,cache-references,0.0,100.0,nan,,ok
8257.276757,nan,,cache-misses:u,cache-misses,0.0,100.0,nan,,ok
8257.276757,nan,,stalled-cycles-frontend:u,stalled-cycles-frontend,0.0,100.0,nan,,ok
8304.264355000001,0.0,,instructions:u,instructions,2757597.0,58.0,nan,,ok
8304.264355000001,0.0,,cycles:u,cycles,1756667.0,37.0,nan,,ok
8304.264355000001,0.0,,branches:u,branches,1756667.0,37.0,nan,,ok
8304.264355000001,0.0,,branch-misses:u,branch-misses,1756667.0,37.0,nan,,ok
8304.264355000001,0.0,,L1-dcache-loads:u,l1-dcache-loads,1732543.0,36.0,nan,,ok
8304.264355000001,0.0,,cache-references:u,cache-references,1963894.0,41.0,nan,,ok
8304.264355000001,0.0,,cache-misses:u,cache-misses,2964824.0,62.0,nan,,ok
8304.264355000001,0.0,,stalled-cycles-frontend:u,stalled-cycles-frontend,2007901.0,42.0,nan,,ok
8319.243386,nan,,instructions:u,instructions,0.0,100.0,nan,,ok
8319.243386,nan,,cycles:u,cycles,0.0,100.0,nan,,ok
8319.243386,nan,,branches:u,branches,0.0,100.0,nan,,ok
8319.243386,nan,,branch-misses:u,branch-misses,0.0,100.0,nan,,ok
8319.243386,nan,,L1-dcache-loads:u,l1-dcache-loads,0.0,100.0,nan,,ok
8319.243386,nan,,cache-references:u,cache-references,0.0,100.0,nan,,ok
8319.243386,nan,,cache-misses:u,cache-misses,0.0,100.0,nan,,ok
8319.243386,nan,,stalled-cycles-frontend:u,stalled-cycles-frontend,0.0,100.0,nan,,ok
8358.235911,0.0,,instructions:u,instructions,3239887.0,39.0,nan,,ok
8358.235911,0.0,,cycles:u,cycles,3237784.0,39.0,nan,,ok
8358.235911,0.0,,branches:u,branches,4243650.0,51.0,nan,,ok
8358.235911,0.0,,branch-misses:u,branch-misses,5249049.0,63.0,nan,,ok
8358.235911,0.0,,L1-dcache-loads:u,l1-dcache-loads,5235518.0,63.0,nan,,ok
8358.235911,0.0,,cache-references:u,cache-references,4998885.0,60.0,nan,,ok
8358.235911,0.0,,cache-misses:u,cache-misses,5000988.0,60.0,nan,,ok
8358.235911,0.0,,stalled-cycles-frontend:u,stalled-cycles-frontend,1995982.0,24.0,nan,,ok
8372.230152,nan,,instructions:u,instructions,0.0,100.0,nan,,ok
8372.230152,nan,,cycles:u,cycles,0.0,100.0,nan,,ok
8372.230152,nan,,branches:u,branches,0.0,100.0,nan,,ok
8372.230152,nan,,branch-misses:u,branch-misses,0.0,100.0,nan,,ok
8372.230152,nan,,L1-dcache-loads:u,l1-dcache-loads,0.0,100.0,nan,,ok
8372.230152,nan,,cache-references:u,cache-references,0.0,100.0,nan,,ok
8372.230152,nan,,cache-misses:u,cache-misses,0.0,100.0,nan,,ok
8372.230152,nan,,stalled-cycles-frontend:u,stalled-cycles-frontend,0.0,100.0,nan,,ok
8387.236155,nan,,instructions:u,instructions,0.0,100.0,nan,,ok
8387.236155,nan,,cycles:u,cycles,0.0,100.0,nan,,ok
8387.236155,nan,,branches:u,branches,0.0,100.0,nan,,ok
8387.236155,nan,,branch-misses:u,branch-misses,0.0,100.0,nan,,ok
8387.236155,nan,,L1-dcache-loads:u,l1-dcache-loads,0.0,100.0,nan,,ok
8387.236155,nan,,cache-references:u,cache-references,0.0,100.0,nan,,ok
8387.236155,nan,,cache-misses:u,cache-misses,0.0,100.0,nan,,ok
8387.236155,nan,,stalled-cycles-frontend:u,stalled-cycles-frontend,0.0,100.0,nan,,ok
8412.2328,nan,,instructions:u,instructions,0.0,100.0,nan,,ok
8412.2328,nan,,cycles:u,cycles,0.0,100.0,nan,,ok
8412.2328,nan,,branches:u,branches,0.0,100.0,nan,,ok
8412.2328,nan,,branch-misses:u,branch-misses,0.0,100.0,nan,,ok
8412.2328,nan,,L1-dcache-loads:u,l1-dcache-loads,0.0,100.0,nan,,ok
8412.2328,nan,,cache-references:u,cache-references,0.0,100.0,nan,,ok
8412.2328,nan,,cache-misses:u,cache-misses,0.0,100.0,nan,,ok
8412.2328,nan,,stalled-cycles-frontend:u,stalled-cycles-frontend,0.0,100.0,nan,,ok
8433.252857,0.0,,instructions:u,instructions,136754.0,100.0,nan,,ok
8433.252857,0.0,,cycles:u,cycles,264872.0,100.0,nan,,ok
8433.252857,0.0,,branches:u,branches,326247.0,100.0,nan,,ok
8433.252857,0.0,,branch-misses:u,branch-misses,374455.0,100.0,nan,,ok
8433.252857,0.0,,L1-dcache-loads:u,l1-dcache-loads,415074.0,100.0,nan,,ok
8433.252857,nan,,cache-references:u,cache-references,0.0,0.0,nan,,ok
8433.252857,nan,,cache-misses:u,cache-misses,0.0,0.0,nan,,ok
8433.252857,nan,,stalled-cycles-frontend:u,stalled-cycles-frontend,0.0,0.0,nan,,ok
8452.239336999999,0.0,,instructions:u,instructions,883624.0,14.0,nan,,ok
8452.239336999999,0.0,,cycles:u,cycles,1722108.0,29.0,nan,,ok
8452.239336999999,0.0,,branches:u,branches,2664065.0,46.0,nan,,ok
8452.239336999999,0.0,,branch-misses:u,branch-misses,3616735.0,63.0,nan,,ok
8452.239336999999,0.0,,L1-dcache-loads:u,l1-dcache-loads,4576048.0,81.0,nan,,ok
8452.239336999999,0.0,,cache-references:u,cache-references,5011551.0,89.0,nan,,ok
8452.239336999999,0.0,,cache-misses:u,cache-misses,4044949.0,72.0,nan,,ok
8452.239336999999,0.0,,stalled-cycles-frontend:u,stalled-cycles-frontend,30560.0,0.0,nan,,ok
8487.312601,nan,,instructions:u,instructions,0.0,100.0,nan,,ok
8487.312601,nan,,cycles:u,cycles,0.0,100.0,nan,,ok
8487.312601,nan,,branches:u,branches,0.0,100.0,nan,,ok
8487.312601,nan,,branch-misses:u,branch-misses,0.0,100.0,nan,,ok
8487.312601,nan,,L1-dcache-loads:u,l1-dcache-loads,0.0,100.0,nan,,ok
8487.312601,nan,,cache-references:u,cache-references,0.0,100.0,nan,,ok
8487.312601,nan,,cache-misses:u,cache-misses,0.0,100.0,nan,,ok
8487.312601,nan,,stalled-cycles-frontend:u,stalled-cycles-frontend,0.0,100.0,nan,,ok
8502.260428,nan,,instructions:u,instructions,0.0,100.0,nan,,ok
8502.260428,nan,,cycles:u,cycles,0.0,100.0,nan,,ok
8502.260428,nan,,branches:u,branches,0.0,100.0,nan,,ok
8502.260428,nan,,branch-misses:u,branch-misses,0.0,100.0,nan,,ok
8502.260428,nan,,L1-dcache-loads:u,l1-dcache-loads,0.0,100.0,nan,,ok
8502.260428,nan,,cache-references:u,cache-references,0.0,100.0,nan,,ok
8502.260428,nan,,cache-misses:u,cache-misses,0.0,100.0,nan,,ok
8502.260428,nan,,stalled-cycles-frontend:u,stalled-cycles-frontend,0.0,100.0,nan,,ok
8529.334102,0.0,,instructions:u,instructions,2985566.0,74.0,nan,,ok
8529.334102,0.0,,cycles:u,cycles,3003278.0,74.0,nan,,ok
8529.334102,0.0,,branches:u,branches,3036173.0,75.0,nan,,ok
8529.334102,0.0,,branch-misses:u,branch-misses,3036173.0,75.0,nan,,ok
8529.334102,0.0,,L1-dcache-loads:u,l1-dcache-loads,2035144.0,50.0,nan,,ok
8529.334102,0.0,,cache-references:u,cache-references,1033505.0,25.0,nan,,ok
8529.334102,0.0,,cache-misses:u,cache-misses,1015793.0,25.0,nan,,ok
8529.334102,0.0,,stalled-cycles-frontend:u,stalled-cycles-frontend,1983927.0,49.0,nan,,ok
8578.27297,nan,,instructions:u,instructions,0.0,100.0,nan,,ok
8578.27297,nan,,cycles:u,cycles,0.0,100.0,nan,,ok
8578.27297,nan,,branches:u,branches,0.0,100.0,nan,,ok
8578.27297,nan,,branch-misses:u,branch-misses,0.0,100.0,nan,,ok
8578.27297,nan,,L1-dcache-loads:u,l1-dcache-loads,0.0,100.0,nan,,ok
8578.27297,nan,,cache-references:u,cache-references,0.0,100.0,nan,,ok
8578.27297,nan,,cache-misses:u,cache-misses,0.0,100.0,nan,,ok
8578.27297,nan,,stalled-cycles-frontend:u,stalled-cycles-frontend,0.0,100.0,nan,,ok
8617.237308,0.0,,instructions:u,instructions,26981.0,0.0,nan,,ok
8617.237308,nan,,cycles:u,cycles,0.0,0.0,nan,,ok
8617.237308,0.0,,branches:u,branches,992375.0,24.0,nan,,ok
8617.237308,0.0,,branch-misses:u,branch-misses,1988995.0,49.0,nan,,ok
8617.237308,0.0,,L1-dcache-loads:u,l1-dcache-loads,2983529.0,74.0,nan,,ok
8617.237308,0.0,,cache-references:u,cache-references,3983555.0,99.0,nan,,ok
8617.237308,0.0,,cache-misses:u,cache-misses,4010536.0,100.0,nan,,ok
8617.237308,0.0,,stalled-cycles-frontend:u,stalled-cycles-frontend,26981.0,0.0,nan,,ok
8631.239686,nan,,instructions:u,instructions,0.0,100.0,nan,,ok
8631.239686,nan,,cycles:u,cycles,0.0,100.0,nan,,ok
8631.239686,nan,,branches:u,branches,0.0,100.0,nan,,ok
8631.239686,nan,,branch-misses:u,branch-misses,0.0,100.0,nan,,ok
8631.239686,nan,,L1-dcache-loads:u,l1-dcache-loads,0.0,100.0,nan,,ok
8631.239686,nan,,cache-references:u,cache-references,0.0,100.0,nan,,ok
8631.239686,nan,,cache-misses:u,cache-misses,0.0,100.0,nan,,ok
8631.239686,nan,,stalled-cycles-frontend:u,stalled-cycles-frontend,0.0,100.0,nan,,ok
8644.321519,0.0,,instructions:u,instructions,2982791.0,74.0,nan,,ok
8644.321519,0.0,,cycles:u,cycles,2999502.0,74.0,nan,,ok
8644.321519,0.0,,branches:u,branches,3044093.0,75.0,nan,,ok
8644.321519,0.0,,branch-misses:u,branch-misses,3044093.0,75.0,nan,,ok
8644.321519,0.0,,L1-dcache-loads:u,l1-dcache-loads,2048637.0,50.0,nan,,ok
8644.321519,0.0,,cache-references:u,cache-references,1045290.0,25.0,nan,,ok
8644.321519,0.0,,cache-misses:u,cache-misses,1028579.0,25.0,nan,,ok
8644.321519,0.0,,stalled-cycles-frontend:u,stalled-cycles-frontend,1979444.0,49.0,nan,,ok
8671.306112,nan,,instructions:u,instructions,0.0,100.0,nan,,ok
8671.306112,nan,,cycles:u,cycles,0.0,100.0,nan,,ok
8671.306112,nan,,branches:u,branches,0.0,100.0,nan,,ok
8671.306112,nan,,branch-misses:u,branch-misses,0.0,100.0,nan,,ok
8671.306112,nan,,L1-dcache-loads:u,l1-dcache-loads,0.0,100.0,nan,,ok
8671.306112,nan,,cache-references:u,cache-references,0.0,100.0,nan,,ok
8671.306112,nan,,cache-misses:u,cache-misses,0.0,100.0,nan,,ok
8671.306112,nan,,stalled-cycles-frontend:u,stalled-cycles-frontend,0.0,100.0,nan,,ok
8690.241804,nan,,instructions:u,instructions,0.0,100.0,nan,,ok
8690.241804,nan,,cycles:u,cycles,0.0,100.0,nan,,ok
8690.241804,nan,,branches:u,branches,0.0,100.0,nan,,ok
8690.241804,nan,,branch-misses:u,branch-misses,0.0,100.0,nan,,ok
8690.241804,nan,,L1-dcache-loads:u,l1-dcache-loads,0.0,100.0,nan,,ok
8690.241804,nan,,cache-references:u,cache-references,0.0,100.0,nan,,ok
8690.241804,nan,,cache-misses:u,cache-misses,0.0,100.0,nan,,ok
8690.241804,nan,,stalled-cycles-frontend:u,stalled-cycles-frontend,0.0,100.0,nan,,ok
8707.436015000001,0.0,,instructions:u,instructions,2323359.0,36.0,nan,,ok
8707.436015000001,0.0,,cycles:u,cycles,1322804.0,21.0,nan,,ok
8707.436015000001,0.0,,branches:u,branches,2292597.0,36.0,nan,,ok
8707.436015000001,0.0,,branch-misses:u,branch-misses,3285465.0,52.0,nan,,ok
8707.436015000001,0.0,,L1-dcache-loads:u,l1-dcache-loads,3277586.0,52.0,nan,,ok
8707.436015000001,0.0,,cache-references:u,cache-references,3964338.0,63.0,nan,,ok
8707.436015000001,0.0,,cache-misses:u,cache-misses,4964893.0,78.0,nan,,ok
8707.436015000001,0.0,,stalled-cycles-frontend:u,stalled-cycles-frontend,2006431.0,31.0,nan,,ok
8752.220609,nan,,instructions:u,instructions,0.0,100.0,nan,,ok
8752.220609,nan,,cycles:u,cycles,0.0,100.0,nan,,ok
8752.220609,nan,,branches:u,branches,0.0,100.0,nan,,ok
8752.220609,nan,,branch-misses:u,branch-misses,0.0,100.0,nan,,ok
8752.220609,nan,,L1-dcache-loads:u,l1-dcache-loads,0.0,100.0,nan,,ok
8752.220609,nan,,cache-references:u,cache-references,0.0,100.0,nan,,ok
8752.220609,nan,,cache-misses:u,cache-misses,0.0,100.0,nan,,ok
8752.220609,nan,,stalled-cycles-frontend:u,stalled-cycles-frontend,0.0,100.0,nan,,ok
8766.341276000001,nan,,instructions:u,instructions,0.0,100.0,nan,,ok
8766.341276000001,nan,,cycles:u,cycles,0.0,100.0,nan,,ok
8766.341276000001,nan,,branches:u,branches,0.0,100.0,nan,,ok
8766.341276000001,nan,,branch-misses:u,branch-misses,0.0,100.0,nan,,ok
8766.341276000001,nan,,L1-dcache-loads:u,l1-dcache-loads,0.0,100.0,nan,,ok
8766.341276000001,nan,,cache-references:u,cache-references,0.0,100.0,nan,,ok
8766.341276000001,nan,,cache-misses:u,cache-misses,0.0,100.0,nan,,ok
8766.341276000001,nan,,stalled-cycles-frontend:u,stalled-cycles-frontend,0.0,100.0,nan,,ok
8809.300492,0.0,,instructions:u,instructions,960649.0,23.0,nan,,ok
8809.300492,0.0,,cycles:u,cycles,1959904.0,48.0,nan,,ok
8809.300492,0.0,,branches:u,branches,2960468.0,72.0,nan,,ok
8809.300492,0.0,,branch-misses:u,branch-misses,3959286.0,97.0,nan,,ok
8809.300492,0.0,,L1-dcache-loads:u,l1-dcache-loads,4076613.0,100.0,nan,,ok
8809.300492,0.0,,cache-references:u,cache-references,3115964.0,76.0,nan,,ok
8809.300492,0.0,,cache-misses:u,cache-misses,2116709.0,51.0,nan,,ok
8809.300492,nan,,stalled-cycles-frontend:u,stalled-cycles-frontend,0.0,0.0,nan,,ok
8832.291530999999,nan,,instructions:u,instructions,0.0,100.0,nan,,ok
8832.291530999999,nan,,cycles:u,cycles,0.0,100.0,nan,,ok
8832.291530999999,nan,,branches:u,branches,0.0,100.0,nan,,ok
8832.291530999999,nan,,branch-misses:u,branch-misses,0.0,100.0,nan,,ok
8832.291530999999,nan,,L1-dcache-loads:u,l1-dcache-loads,0.0,100.0,nan,,ok
8832.291530999999,nan,,cache-references:u,cache-references,0.0,100.0,nan,,ok
8832.291530999999,nan,,cache-misses:u,cache-misses,0.0,100.0,nan,,ok
8832.291530999999,nan,,stalled-cycles-frontend:u,stalled-cycles-frontend,0.0,100.0,nan,,ok
8871.246704000001,0.0,,instructions:u,instructions,3000513.0,48.0,nan,,ok
8871.246704000001,0.0,,cycles:u,cycles,3019221.0,49.0,nan,,ok
8871.246704000001,0.0,,branches:u,branches,3143433.0,51.0,nan,,ok
8871.246704000001,0.0,,branch-misses:u,branch-misses,3143433.0,51.0,nan,,ok
8871.246704000001,0.0,,L1-dcache-loads:u,l1-dcache-loads,3141509.0,51.0,nan,,ok
8871.246704000001,0.0,,cache-references:u,cache-references,3135139.0,51.0,nan,,ok
8871.246704000001,0.0,,cache-misses:u,cache-misses,3116431.0,50.0,nan,,ok
8871.246704000001,0.0,,stalled-cycles-frontend:u,stalled-cycles-frontend,1998159.0,32.0,nan,,ok
8885.236567,nan,,instructions:u,instructions,0.0,100.0,nan,,ok
8885.236567,nan,,cycles:u,cycles,0.0,100.0,nan,,ok
8885.236567,nan,,branches:u,branches,0.0,100.0,nan,,ok
8885.236567,nan,,branch-misses:u,branch-misses,0.0,100.0,nan,,ok
8885.236567,nan,,L1-dcache-loads:u,l1-dcache-loads,0.0,100.0,nan,,ok
8885.236567,nan,,cache-references:u,cache-references,0.0,100.0,nan,,ok
8885.236567,nan,,cache-misses:u,cache-misses,0.0,100.0,nan,,ok
8885.236567,nan,,stalled-cycles-frontend:u,stalled-cycles-frontend,0.0,100.0,nan,,ok
8898.268137000001,nan,,instructions:u,instructions,0.0,100.0,nan,,ok
8898.268137000001,nan,,cycles:u,cycles,0.0,100.0,nan,,ok
8898.268137000001,nan,,branches:u,branches,0.0,100.0,nan,,ok
8898.268137000001,nan,,branch-misses:u,branch-misses,0.0,100.0,nan,,ok
8898.268137000001,nan,,L1-dcache-loads:u,l1-dcache-loads,0.0,100.0,nan,,ok
8898.268137000001,nan,,cache-references:u,cache-references,0.0,100.0,nan,,ok
8898.268137000001,nan,,cache-misses:u,cache-misses,0.0,100.0,nan,,ok
8898.268137000001,nan,,stalled-cycles-frontend:u,stalled-cycles-frontend,0.0,100.0,nan,,ok
8917.246734,nan,,instructions:u,instructions,0.0,100.0,nan,,ok
8917.246734,nan,,cycles:u,cycles,0.0,100.0,nan,,ok
8917.246734,nan,,branches:u,branches,0.0,100.0,nan,,ok
8917.246734,nan,,branch-misses:u,branch-misses,0.0,100.0,nan,,ok
8917.246734,nan,,L1-dcache-loads:u,l1-dcache-loads,0.0,100.0,nan,,ok
8917.246734,nan,,cache-references:u,cache-references,0.0,100.0,nan,,ok
8917.246734,nan,,cache-misses:u,cache-misses,0.0,100.0,nan,,ok
8917.246734,nan,,stalled-cycles-frontend:u,stalled-cycles-frontend,0.0,100.0,nan,,ok
8939.307349,nan,,instructions:u,instructions,0.0,0.0,nan,,ok
8939.307349,nan,,cycles:u,cycles,0.0,0.0,nan,,ok
8939.307349,0.0,,branches:u,branches,476793.0,100.0,nan,,ok
8939.307349,0.0,,branch-misses:u,branch-misses,614611.0,100.0,nan,,ok
8939.307349,0.0,,L1-dcache-loads:u,l1-dcache-loads,737546.0,100.0,nan,,ok
8939.307349,0.0,,cache-references:u,cache-references,824774.0,100.0,nan,,ok
8939.307349,0.0,,cache-misses:u,cache-misses,904842.0,100.0,nan,,ok
8939.307349,nan,,stalled-cycles-frontend:u,stalled-cycles-frontend,0.0,0.0,nan,,ok
8983.232872,0.0,,instructions:u,instructions,407692.0,9.0,nan,,ok
8983.232872,nan,,cycles:u,cycles,0.0,0.0,nan,,ok
8983.232872,0.0,,branches:u,branches,509066.0,12.0,nan,,ok
8983.232872,0.0,,branch-misses:u,branch-misses,1363131.0,36.0,nan,,ok
8983.232872,0.0,,L1-dcache-loads:u,l1-dcache-loads,2241649.0,61.0,nan,,ok
8983.232872,0.0,,cache-references:u,cache-references,3168408.0,88.0,nan,,ok
8983.232872,0.0,,cache-misses:u,cache-misses,3496032.0,100.0,nan,,ok
8983.232872,0.0,,stalled-cycles-frontend:u,stalled-cycles-frontend,407692.0,11.0,nan,,ok
8996.224032,0.0,,instructions:u,instructions,2972728.0,58.0,nan,,ok
8996.224032,0.0,,cycles:u,cycles,2998353.0,58.0,nan,,ok
8996.224032,0.0,,branches:u,branches,3999199.0,78.0,nan,,ok
8996.224032,0.0,,branch-misses:u,branch-misses,4157929.0,81.0,nan,,ok
8996.224032,0.0,,L1-dcache-loads:u,l1-dcache-loads,3220100.0,61.0,nan,,ok
8996.224032,0.0,,cache-references:u,cache-references,2295999.0,43.0,nan,,ok
8996.224032,0.0,,cache-misses:u,cache-misses,2329669.0,43.0,nan,,ok
8996.224032,0.0,,stalled-cycles-frontend:u,stalled-cycles-frontend,1980831.0,37.0,nan,,ok
9014.265222,nan,,instructions:u,instructions,0.0,0.0,nan,,ok
9014.265222,nan,,cycles:u,cycles,0.0,0.0,nan,,ok
9014.265222,nan,,branches:u,branches,0.0,0.0,nan,,ok
9014.265222,0.0,,branch-misses:u,branch-misses,649415.0,100.0,nan,,ok
9014.265222,0.0,,L1-dcache-loads:u,l1-dcache-loads,580623.0,100.0,nan,,ok
9014.265222,0.0,,cache-references:u,cache-references,512827.0,100.0,nan,,ok
9014.265222,0.0,,cache-misses:u,cache-misses,453532.0,100.0,nan,,ok
9014.265222,nan,,stalled-cycles-frontend:u,stalled-cycles-frontend,0.0,0.0,nan,,ok
9036.322785,nan,,instructions:u,instructions,0.0,100.0,nan,,ok
9036.322785,nan,,cycles:u,cycles,0.0,100.0,nan,,ok
9036.322785,nan,,branches:u,branches,0.0,100.0,nan,,ok
9036.322785,nan,,branch-misses:u,branch-misses,0.0,100.0,nan,,ok
9036.322785,nan,,L1-dcache-loads:u,l1-dcache-loads,0.0,100.0,nan,,ok
9036.322785,nan,,cache-references:u,cache-references,0.0,100.0,nan,,ok
9036.322785,nan,,cache-misses:u,cache-misses,0.0,100.0,nan,,ok
9036.322785,nan,,stalled-cycles-frontend:u,stalled-cycles-frontend,0.0,100.0,nan,,ok
9063.268006999999,0.0,,instructions:u,instructions,2417918.0,44.0,nan,,ok
9063.268006999999,0.0,,cycles:u,cycles,1421319.0,26.0,nan,,ok
9063.268006999999,0.0,,branches:u,branches,1421319.0,26.0,nan,,ok
9063.268006999999,0.0,,branch-misses:u,branch-misses,2396696.0,44.0,nan,,ok
9063.268006999999,0.0,,L1-dcache-loads:u,l1-dcache-loads,2392745.0,44.0,nan,,ok
9063.268006999999,0.0,,cache-references:u,cache-references,2976799.0,55.0,nan,,ok
9063.268006999999,0.0,,cache-misses:u,cache-misses,3973398.0,73.0,nan,,ok
9063.268006999999,0.0,,stalled-cycles-frontend:u,stalled-cycles-frontend,1996582.0,37.0,nan,,ok
9107.261514,nan,,instructions:u,instructions,0.0,100.0,nan,,ok
9107.261514,nan,,cycles:u,cycles,0.0,100.0,nan,,ok
9107.261514,nan,,branches:u,branches,0.0,100.0,nan,,ok
9107.261514,nan,,branch-misses:u,branch-misses,0.0,100.0,nan,,ok
9107.261514,nan,,L1-dcache-loads:u,l1-dcache-loads,0.0,100.0,nan,,ok
9107.261514,nan,,cache-references:u,cache-references,0.0,100.0,nan,,ok
9107.261514,nan,,cache-misses:u,cache-misses,0.0,100.0,nan,,ok
9107.261514,nan,,stalled-cycles-frontend:u,stalled-cycles-frontend,0.0,100.0,nan,,ok
9126.270711,0.0,,instructions:u,instructions,4001098.0,41.0,nan,,ok
9126.270711,0.0,,cycles:u,cycles,4762139.0,48.0,nan,,ok
9126.270711,0.0,,branches:u,branches,5757099.0,58.0,nan,,ok
9126.270711,0.0,,branch-misses:u,branch-misses,6753927.0,69.0,nan,,ok
9126.270711,0.0,,L1-dcache-loads:u,l1-dcache-loads,6762592.0,69.0,nan,,ok
9126.270711,0.0,,cache-references:u,cache-references,5757121.0,58.0,nan,,ok
9126.270711,0.0,,cache-misses:u,cache-misses,4996080.0,51.0,nan,,ok
9126.270711,0.0,,stalled-cycles-frontend:u,stalled-cycles-frontend,2000127.0,20.0,nan,,ok
9149.241784999998,nan,,instructions:u,instructions,0.0,100.0,nan,,ok
9149.241784999998,nan,,cycles:u,cycles,0.0,100.0,nan,,ok
9149.241784999998,nan,,branches:u,branches,0.0,100.0,nan,,ok
9149.241784999998,nan,,branch-misses:u,branch-misses,0.0,100.0,nan,,ok
9149.241784999998,nan,,L1-dcache-loads:u,l1-dcache-loads,0.0,100.0,nan,,ok
9149.241784999998,nan,,cache-references:u,cache-references,0.0,100.0,nan,,ok
9149.241784999998,nan,,cache-misses:u,cache-misses,0.0,100.0,nan,,ok
9149.241784999998,nan,,stalled-cycles-frontend:u,stalled-cycles-frontend,0.0,100.0,nan,,ok
9170.325651000001,0.0,,instructions:u,instructions,298950.0,5.0,nan,,ok
9170.325651000001,0.0,,cycles:u,cycles,964770.0,18.0,nan,,ok
9170.325651000001,0.0,,branches:u,branches,1968412.0,37.0,nan,,ok
9170.325651000001,0.0,,branch-misses:u,branch-misses,2965398.0,56.0,nan,,ok
9170.325651000001,0.0,,L1-dcache-loads:u,l1-dcache-loads,3959996.0,75.0,nan,,ok
9170.325651000001,0.0,,cache-references:u,cache-references,4963710.0,94.0,nan,,ok
9170.325651000001,0.0,,cache-misses:u,cache-misses,4297890.0,81.0,nan,,ok
9170.325651000001,0.0,,stalled-cycles-frontend:u,stalled-cycles-frontend,298950.0,5.0,nan,,ok
9194.244518,0.0,,instructions:u,instructions,2977531.0,58.0,nan,,ok
9194.244518,0.0,,cycles:u,cycles,3002145.0,58.0,nan,,ok
9194.244518,0.0,,branches:u,branches,4010356.0,77.0,nan,,ok
9194.244518,0.0,,branch-misses:u,branch-misses,4252788.0,81.0,nan,,ok
9194.244518,0.0,,L1-dcache-loads:u,l1-dcache-loads,3335597.0,62.0,nan,,ok
9194.244518,0.0,,cache-references:u,cache-references,2417791.0,44.0,nan,,ok
9194.244518,0.0,,cache-misses:u,cache-misses,2482755.0,45.0,nan,,ok
9194.244518,0.0,,stalled-cycles-frontend:u,stalled-cycles-frontend,1976618.0,35.0,nan,,ok
9234.28066,0.0,,instructions:u,instructions,2350613.0,40.0,nan,,ok
9234.28066,0.0,,cycles:u,cycles,1349686.0,23.0,nan,,ok
9234.28066,0.0,,branches:u,branches,1349686.0,23.0,nan,,ok
9234.28066,0.0,,branch-misses:u,branch-misses,2654411.0,47.0,nan,,ok
9234.28066,0.0,,L1-dcache-loads:u,l1-dcache-loads,2549939.0,45.0,nan,,ok
9234.28066,0.0,,cache-references:u,cache-references,3119730.0,57.0,nan,,ok
9234.28066,0.0,,cache-misses:u,cache-misses,4031079.0,74.0,nan,,ok
9234.28066,0.0,,stalled-cycles-frontend:u,stalled-cycles-frontend,2008047.0,37.0,nan,,ok
9253.273686,nan,,instructions:u,instructions,0.0,100.0,nan,,ok
9253.273686,nan,,cycles:u,cycles,0.0,100.0,nan,,ok
9253.273686,nan,,branches:u,branches,0.0,100.0,nan,,ok
9253.273686,nan,,branch-misses:u,branch-misses,0.0,100.0,nan,,ok
9253.273686,nan,,L1-dcache-loads:u,l1-dcache-loads,0.0,100.0,nan,,ok
9253.273686,nan,,cache-references:u,cache-references,0.0,100.0,nan,,ok
9253.273686,nan,,cache-misses:u,cache-misses,0.0,100.0,nan,,ok
9253.273686,nan,,stalled-cycles-frontend:u,stalled-cycles-frontend,0.0,100.0,nan,,ok
9277.273071,nan,,instructions:u,instructions,0.0,100.0,nan,,ok
9277.273071,nan,,cycles:u,cycles,0.0,100.0,nan,,ok
9277.273071,nan,,branches:u,branches,0.0,100.0,nan,,ok
9277.273071,nan,,branch-misses:u,branch-misses,0.0,100.0,nan,,ok
9277.273071,nan,,L1-dcache-loads:u,l1-dcache-loads,0.0,100.0,nan,,ok
9277.273071,nan,,cache-references:u,cache-references,0.0,100.0,nan,,ok
9277.273071,nan,,cache-misses:u,cache-misses,0.0,100.0,nan,,ok
9277.273071,nan,,stalled-cycles-frontend:u,stalled-cycles-frontend,0.0,100.0,nan,,ok
9300.288558,nan,,instructions:u,instructions,0.0,100.0,nan,,ok
9300.288558,nan,,cycles:u,cycles,0.0,100.0,nan,,ok
9300.288558,nan,,branches:u,branches,0.0,100.0,nan,,ok
9300.288558,nan,,branch-misses:u,branch-misses,0.0,100.0,nan,,ok
9300.288558,nan,,L1-dcache-loads:u,l1-dcache-loads,0.0,100.0,nan,,ok
9300.288558,nan,,cache-references:u,cache-references,0.0,100.0,nan,,ok
9300.288558,nan,,cache-misses:u,cache-misses,0.0,100.0,nan,,ok
9300.288558,nan,,stalled-cycles-frontend:u,stalled-cycles-frontend,0.0,100.0,nan,,ok
9332.255092000001,0.0,,instructions:u,instructions,968947.0,17.0,nan,,ok
9332.255092000001,0.0,,cycles:u,cycles,1972296.0,34.0,nan,,ok
9332.255092000001,0.0,,branches:u,branches,2970300.0,52.0,nan,,ok
9332.255092000001,0.0,,branch-misses:u,branch-misses,3969617.0,70.0,nan,,ok
9332.255092000001,0.0,,L1-dcache-loads:u,l1-dcache-loads,4966172.0,87.0,nan,,ok
9332.255092000001,0.0,,cache-references:u,cache-references,4675400.0,82.0,nan,,ok
9332.255092000001,0.0,,cache-misses:u,cache-misses,3672051.0,65.0,nan,,ok
9332.255092000001,nan,,stalled-cycles-frontend:u,stalled-cycles-frontend,0.0,0.0,nan,,ok
9359.270297000001,nan,,instructions:u,instructions,0.0,100.0,nan,,ok
9359.270297000001,nan,,cycles:u,cycles,0.0,100.0,nan,,ok
9359.270297000001,nan,,branches:u,branches,0.0,100.0,nan,,ok
9359.270297000001,nan,,branch-misses:u,branch-misses,0.0,100.0,nan,,ok
9359.270297000001,nan,,L1-dcache-loads:u,l1-dcache-loads,0.0,100.0,nan,,ok
9359.270297000001,nan,,cache-references:u,cache-references,0.0,100.0,nan,,ok
9359.270297000001,nan,,cache-misses:u,cache-misses,0.0,100.0,nan,,ok
9359.270297000001,nan,,stalled-cycles-frontend:u,stalled-cycles-frontend,0.0,100.0,nan,,ok
9383.246057999999,0.0,,instructions:u,instructions,2999904.0,45.0,nan,,ok
9383.246057999999,0.0,,cycles:u,cycles,3002065.0,45.0,nan,,ok
9383.246057999999,0.0,,branches:u,branches,4002959.0,60.0,nan,,ok
9383.246057999999,0.0,,branch-misses:u,branch-misses,4655933.0,70.0,nan,,ok
9383.246057999999,0.0,,L1-dcache-loads:u,l1-dcache-loads,3652368.0,55.0,nan,,ok
9383.246057999999,0.0,,cache-references:u,cache-references,3616070.0,54.0,nan,,ok
9383.246057999999,0.0,,cache-misses:u,cache-misses,3613909.0,54.0,nan,,ok
9383.246057999999,0.0,,stalled-cycles-frontend:u,stalled-cycles-frontend,1996013.0,30.0,nan,,ok
9404.235187999999,nan,,instructions:u,instructions,0.0,100.0,nan,,ok
9404.235187999999,nan,,cycles:u,cycles,0.0,100.0,nan,,ok
9404.235187999999,nan,,branches:u,branches,0.0,100.0,nan,,ok
9404.235187999999,nan,,branch-misses:u,branch-misses,0.0,100.0,nan,,ok
9404.235187999999,nan,,L1-dcache-loads:u,l1-dcache-loads,0.0,100.0,nan,,ok
9404.235187999999,nan,,cache-references:u,cache-references,0.0,100.0,nan,,ok
9404.235187999999,nan,,cache-misses:u,cache-misses,0.0,100.0,nan,,ok
9404.235187999999,nan,,stalled-cycles-frontend:u,stalled-cycles-frontend,0.0,100.0,nan,,ok
9417.248753999998,nan,,instructions:u,instructions,0.0,100.0,nan,,ok
9417.248753999998,nan,,cycles:u,cycles,0.0,100.0,nan,,ok
9417.248753999998,nan,,branches:u,branches,0.0,100.0,nan,,ok
9417.248753999998,nan,,branch-misses:u,branch-misses,0.0,100.0,nan,,ok
9417.248753999998,nan,,L1-dcache-loads:u,l1-dcache-loads,0.0,100.0,nan,,ok
9417.248753999998,nan,,cache-references:u,cache-references,0.0,100.0,nan,,ok
9417.248753999998,nan,,cache-misses:u,cache-misses,0.0,100.0,nan,,ok
9417.248753999998,nan,,stalled-cycles-frontend:u,stalled-cycles-frontend,0.0,100.0,nan,,ok
9431.234584,nan,,instructions:u,instructions,0.0,100.0,nan,,ok
9431.234584,nan,,cycles:u,cycles,0.0,100.0,nan,,ok
9431.234584,nan,,branches:u,branches,0.0,100.0,nan,,ok
9431.234584,nan,,branch-misses:u,branch-misses,0.0,100.0,nan,,ok
9431.234584,nan,,L1-dcache-loads:u,l1-dcache-loads,0.0,100.0,nan,,ok
9431.234584,nan,,cache-references:u,cache-references,0.0,100.0,nan,,ok
9431.234584,nan,,cache-misses:u,cache-misses,0.0,100.0,nan,,ok
9431.234584,nan,,stalled-cycles-frontend:u,stalled-cycles-frontend,0.0,100.0,nan,,ok
9444.258740000001,nan,,instructions:u,instructions,0.0,100.0,nan,,ok
9444.258740000001,nan,,cycles:u,cycles,0.0,100.0,nan,,ok
9444.258740000001,nan,,branches:u,branches,0.0,100.0,nan,,ok
9444.258740000001,nan,,branch-misses:u,branch-misses,0.0,100.0,nan,,ok
9444.258740000001,nan,,L1-dcache-loads:u,l1-dcache-loads,0.0,100.0,nan,,ok
9444.258740000001,nan,,cache-references:u,cache-references,0.0,100.0,nan,,ok
9444.258740000001,nan,,cache-misses:u,cache-misses,0.0,100.0,nan,,ok
9444.258740000001,nan,,stalled-cycles-frontend:u,stalled-cycles-frontend,0.0,100.0,nan,,ok
9458.286887,0.0,,instructions:u,instructions,2997098.0,32.0,nan,,ok
9458.286887,0.0,,cycles:u,cycles,3004851.0,32.0,nan,,ok
9458.286887,0.0,,branches:u,branches,4000186.0,43.0,nan,,ok
9458.286887,0.0,,branch-misses:u,branch-misses,5989099.0,64.0,nan,,ok
9458.286887,0.0,,L1-dcache-loads:u,l1-dcache-loads,6373261.0,67.0,nan,,ok
9458.286887,0.0,,cache-references:u,cache-references,6427272.0,68.0,nan,,ok
9458.286887,0.0,,cache-misses:u,cache-misses,6480289.0,68.0,nan,,ok
9458.286887,0.0,,stalled-cycles-frontend:u,stalled-cycles-frontend,2000168.0,21.0,nan,,ok
9477.312981000001,0.0,,instructions:u,instructions,3000277.0,43.0,nan,,ok
9477.312981000001,0.0,,cycles:u,cycles,2999968.0,44.0,nan,,ok
9477.312981000001,0.0,,branches:u,branches,4004050.0,59.0,nan,,ok
9477.312981000001,0.0,,branch-misses:u,branch-misses,4059934.0,60.0,nan,,ok
9477.312981000001,0.0,,L1-dcache-loads:u,l1-dcache-loads,3674793.0,55.0,nan,,ok
9477.312981000001,484.0,,cache-references:u,cache-references,3624734.0,54.0,nan,,ok
9477.312981000001,338.0,,cache-misses:u,cache-misses,3564273.0,54.0,69.83,of all cache refs,ok
9477.312981000001,0.0,,stalled-cycles-frontend:u,stalled-cycles-frontend,1996955.0,30.0,nan,,ok
9514.251925,0.0,,instructions:u,instructions,2995873.0,35.0,nan,,ok
9514.251925,0.0,,cycles:u,cycles,3000825.0,35.0,nan,,ok
9514.251925,0.0,,branches:u,branches,4006497.0,47.0,nan,,ok
9514.251925,0.0,,branch-misses:u,branch-misses,5510510.0,64.0,nan,,ok
9514.251925,0.0,,L1-dcache-loads:u,l1-dcache-loads,5500735.0,64.0,nan,,ok
9514.251925,0.0,,cache-references:u,cache-references,5510766.0,64.0,nan,,ok
9514.251925,0.0,,cache-misses:u,cache-misses,5505814.0,64.0,nan,,ok
9514.251925,0.0,,stalled-cycles-frontend:u,stalled-cycles-frontend,2001122.0,23.0,nan,,ok
9552.281288,nan,,instructions:u,instructions,0.0,100.0,nan,,ok
9552.281288,nan,,cycles:u,cycles,0.0,100.0,nan,,ok
9552.281288,nan,,branches:u,branches,0.0,100.0,nan,,ok
9552.281288,nan,,branch-misses:u,branch-misses,0.0,100.0,nan,,ok
9552.281288,nan,,L1-dcache-loads:u,l1-dcache-loads,0.0,100.0,nan,,ok
9552.281288,nan,,cache-references:u,cache-references,0.0,100.0,nan,,ok
9552.281288,nan,,cache-misses:u,cache-misses,0.0,100.0,nan,,ok
9552.281288,nan,,stalled-cycles-frontend:u,stalled-cycles-frontend,0.0,100.0,nan,,ok
9569.277081999999,nan,,instructions:u,instructions,0.0,100.0,nan,,ok
9569.277081999999,nan,,cycles:u,cycles,0.0,100.0,nan,,ok
9569.277081999999,nan,,branches:u,branches,0.0,100.0,nan,,ok
9569.277081999999,nan,,branch-misses:u,branch-misses,0.0,100.0,nan,,ok
9569.277081999999,nan,,L1-dcache-loads:u,l1-dcache-loads,0.0,100.0,nan,,ok
9569.277081999999,nan,,cache-references:u,cache-references,0.0,100.0,nan,,ok
9569.277081999999,nan,,cache-misses:u,cache-misses,0.0,100.0,nan,,ok
9569.277081999999,nan,,stalled-cycles-frontend:u,stalled-cycles-frontend,0.0,100.0,nan,,ok
9598.271996,0.0,,instructions:u,instructions,1766763.0,37.0,nan,,ok
9598.271996,0.0,,cycles:u,cycles,767651.0,16.0,nan,,ok
9598.271996,0.0,,branches:u,branches,767651.0,16.0,nan,,ok
9598.271996,0.0,,branch-misses:u,branch-misses,1762102.0,37.0,nan,,ok
9598.271996,0.0,,L1-dcache-loads:u,l1-dcache-loads,1975230.0,41.0,nan,,ok
9598.271996,0.0,,cache-references:u,cache-references,2980654.0,62.0,nan,,ok
9598.271996,0.0,,cache-misses:u,cache-misses,3979766.0,83.0,nan,,ok
9598.271996,0.0,,stalled-cycles-frontend:u,stalled-cycles-frontend,1766763.0,37.0,nan,,ok
9622.240686,0.0,,instructions:u,instructions,1975610.0,38.0,nan,,ok
9622.240686,0.0,,cycles:u,cycles,2989456.0,58.0,nan,,ok
9622.240686,0.0,,branches:u,branches,3979231.0,77.0,nan,,ok
9622.240686,0.0,,branch-misses:u,branch-misses,4979490.0,96.0,nan,,ok
9622.240686,0.0,,L1-dcache-loads:u,l1-dcache-loads,4215342.0,81.0,nan,,ok
9622.240686,0.0,,cache-references:u,cache-references,3213565.0,61.0,nan,,ok
9622.240686,0.0,,cache-misses:u,cache-misses,2199719.0,42.0,nan,,ok
9622.240686,0.0,,stalled-cycles-frontend:u,stalled-cycles-frontend,973833.0,18.0,nan,,ok
9635.241200999999,nan,,instructions:u,instructions,0.0,0.0,nan,,ok
9635.241200999999,nan,,cycles:u,cycles,0.0,0.0,nan,,ok
9635.241200999999,nan,,branches:u,branches,0.0,0.0,nan,,ok
9635.241200999999,nan,,branch-misses:u,branch-misses,0.0,0.0,nan,,ok
9635.241200999999,nan,,L1-dcache-loads:u,l1-dcache-loads,0.0,100.0,nan,,ok
9635.241200999999,nan,,cache-references:u,cache-references,0.0,100.0,nan,,ok
9635.241200999999,nan,,cache-misses:u,cache-misses,0.0,100.0,nan,,ok
9635.241200999999,nan,,stalled-cycles-frontend:u,stalled-cycles-frontend,0.0,100.0,nan,,ok
9660.250360999999,0.0,,instructions:u,instructions,124952.0,5.0,nan,,ok
9660.250360999999,nan,,cycles:u,cycles,0.0,0.0,nan,,ok
9660.250360999999,nan,,branches:u,branches,0.0,0.0,nan,,ok
9660.250360999999,nan,,branch-misses:u,branch-misses,0.0,0.0,nan,,ok
9660.250360999999,0.0,,L1-dcache-loads:u,l1-dcache-loads,980254.0,45.0,nan,,ok
9660.250360999999,0.0,,cache-references:u,cache-references,1973441.0,90.0,nan,,ok
9660.250360999999,0.0,,cache-misses:u,cache-misses,2196515.0,100.0,nan,,ok
9660.250360999999,0.0,,stalled-cycles-frontend:u,stalled-cycles-frontend,237685.0,10.0,nan,,ok
9680.302549,0.0,,instructions:u,instructions,2881945.0,87.0,nan,,ok
9680.302549,0.0,,cycles:u,cycles,2421578.0,73.0,nan,,ok
9680.302549,0.0,,branches:u,branches,2421578.0,74.0,nan,,ok
9680.302549,0.0,,branch-misses:u,branch-misses,2421578.0,74.0,nan,,ok
9680.302549,0.0,,L1-dcache-loads:u,l1-dcache-loads,1423668.0,44.0,nan,,ok
9680.302549,0.0,,cache-references:u,cache-references,418477.0,12.0,nan,,ok
9680.302549,0.0,,cache-misses:u,cache-misses,780722.0,24.0,nan,,ok
9680.302549,0.0,,stalled-cycles-frontend:u,stalled-cycles-frontend,1764021.0,55.0,nan,,ok
9714.244302000001,nan,,instructions:u,instructions,0.0,0.0,nan,,ok
9714.244302000001,0.0,,cycles:u,cycles,989207.0,21.0,nan,,ok
9714.244302000001,0.0,,branches:u,branches,1984467.0,43.0,nan,,ok
9714.244302000001,0.0,,branch-misses:u,branch-misses,2985362.0,64.0,nan,,ok
9714.244302000001,0.0,,L1-dcache-loads:u,l1-dcache-loads,3984983.0,86.0,nan,,ok
9714.244302000001,0.0,,cache-references:u,cache-references,4595795.0,100.0,nan,,ok
9714.244302000001,0.0,,cache-misses:u,cache-misses,3606588.0,78.0,nan,,ok
9714.244302000001,nan,,stalled-cycles-frontend:u,stalled-cycles-frontend,0.0,0.0,nan,,ok
9731.237162,nan,,instructions:u,instructions,0.0,100.0,nan,,ok
9731.237162,nan,,cycles:u,cycles,0.0,100.0,nan,,ok
9731.237162,nan,,branches:u,branches,0.0,100.0,nan,,ok
9731.237162,nan,,branch-misses:u,branch-misses,0.0,100.0,nan,,ok
9731.237162,nan,,L1-dcache-loads:u,l1-dcache-loads,0.0,100.0,nan,,ok
9731.237162,nan,,cache-references:u,cache-references,0.0,100.0,nan,,ok
9731.237162,nan,,cache-misses:u,cache-misses,0.0,100.0,nan,,ok
9731.237162,nan,,stalled-cycles-frontend:u,stalled-cycles-frontend,0.0,100.0,nan,,ok
9772.254291,0.0,,instructions:u,instructions,4789680.0,41.0,nan,,ok
9772.254291,0.0,,cycles:u,cycles,4574244.0,39.0,nan,,ok
9772.254291,0.0,,branches:u,branches,5566420.0,48.0,nan,,ok
9772.254291,0.0,,branch-misses:u,branch-misses,6570028.0,56.0,nan,,ok
9772.254291,0.0,,L1-dcache-loads:u,l1-dcache-loads,5769420.0,50.0,nan,,ok
9772.254291,0.0,,cache-references:u,cache-references,6742903.0,58.0,nan,,ok
9772.254291,0.0,,cache-misses:u,cache-misses,6958339.0,60.0,nan,,ok
9772.254291,0.0,,stalled-cycles-frontend:u,stalled-cycles-frontend,3789269.0,32.0,nan,,ok
9793.250876,0.0,,instructions:u,instructions,1984248.0,35.0,nan,,ok
9793.250876,0.0,,cycles:u,cycles,2980501.0,52.0,nan,,ok
9793.250876,0.0,,branches:u,branches,3984315.0,70.0,nan,,ok
9793.250876,0.0,,branch-misses:u,branch-misses,4989436.0,88.0,nan,,ok
9793.250876,0.0,,L1-dcache-loads:u,l1-dcache-loads,4679625.0,82.0,nan,,ok
9793.250876,0.0,,cache-references:u,cache-references,3680488.0,64.0,nan,,ok
9793.250876,0.0,,cache-misses:u,cache-misses,2684235.0,47.0,nan,,ok
9793.250876,0.0,,stalled-cycles-frontend:u,stalled-cycles-frontend,985111.0,17.0,nan,,ok
9823.270287,0.0,,instructions:u,instructions,3004409.0,59.0,nan,,ok
9823.270287,0.0,,cycles:u,cycles,2035132.0,40.0,nan,,ok
9823.270287,0.0,,branches:u,branches,2035132.0,40.0,nan,,ok
9823.270287,0.0,,branch-misses:u,branch-misses,2035132.0,40.0,nan,,ok
9823.270287,0.0,,L1-dcache-loads:u,l1-dcache-loads,2044016.0,40.0,nan,,ok
9823.270287,0.0,,cache-references:u,cache-references,2031855.0,40.0,nan,,ok
9823.270287,0.0,,cache-misses:u,cache-misses,3001132.0,59.0,nan,,ok
9823.270287,0.0,,stalled-cycles-frontend:u,stalled-cycles-frontend,2004968.0,39.0,nan,,ok
9865.243307,0.0,,instructions:u,instructions,3030681.0,37.0,nan,,ok
9865.243307,0.0,,cycles:u,cycles,3124765.0,38.0,nan,,ok
9865.243307,0.0,,branches:u,branches,4177591.0,50.0,nan,,ok
9865.243307,0.0,,branch-misses:u,branch-misses,5214920.0,63.0,nan,,ok
9865.243307,0.0,,L1-dcache-loads:u,l1-dcache-loads,5270268.0,63.0,nan,,ok
9865.243307,0.0,,cache-references:u,cache-references,5302927.0,63.0,nan,,ok
9865.243307,0.0,,cache-misses:u,cache-misses,5033174.0,60.0,nan,,ok
9865.243307,0.0,,stalled-cycles-frontend:u,stalled-cycles-frontend,2029228.0,24.0,nan,,ok
9898.253045000001,nan,,instructions:u,instructions,0.0,0.0,nan,,ok
9898.253045000001,0.0,,cycles:u,cycles,851242.0,24.0,nan,,ok
9898.253045000001,0.0,,branches:u,branches,1797256.0,52.0,nan,,ok
9898.253045000001,0.0,,branch-misses:u,branch-misses,2760241.0,81.0,nan,,ok
9898.253045000001,0.0,,L1-dcache-loads:u,l1-dcache-loads,3358317.0,100.0,nan,,ok
9898.253045000001,0.0,,cache-references:u,cache-references,3316423.0,100.0,nan,,ok
9898.253045000001,0.0,,cache-misses:u,cache-misses,2640850.0,80.0,nan,,ok
9898.253045000001,nan,,stalled-cycles-frontend:u,stalled-cycles-frontend,0.0,0.0,nan,,ok
9917.248402000001,0.0,,instructions:u,instructions,3009096.0,33.0,nan,,ok
9917.248402000001,0.0,,cycles:u,cycles,2996924.0,33.0,nan,,ok
9917.248402000001,0.0,,branches:u,branches,4002781.0,45.0,nan,,ok
9917.248402000001,0.0,,branch-misses:u,branch-misses,4999107.0,56.0,nan,,ok
9917.248402000001,0.0,,L1-dcache-loads:u,l1-dcache-loads,5856976.0,66.0,nan,,ok
9917.248402000001,0.0,,cache-references:u,cache-references,5846742.0,66.0,nan,,ok
9917.248402000001,0.0,,cache-misses:u,cache-misses,5858914.0,66.0,nan,,ok
9917.248402000001,0.0,,stalled-cycles-frontend:u,stalled-cycles-frontend,1998923.0,22.0,nan,,ok
9937.257231,nan,,instructions:u,instructions,0.0,100.0,nan,,ok
9937.257231,nan,,cycles:u,cycles,0.0,100.0,nan,,ok
9937.257231,nan,,branches:u,branches,0.0,100.0,nan,,ok
9937.257231,nan,,branch-misses:u,branch-misses,0.0,100.0,nan,,ok
9937.257231,nan,,L1-dcache-loads:u,l1-dcache-loads,0.0,100.0,nan,,ok
9937.257231,nan,,cache-references:u,cache-references,0.0,100.0,nan,,ok
9937.257231,nan,,cache-misses:u,cache-misses,0.0,100.0,nan,,ok
9937.257231,nan,,stalled-cycles-frontend:u,stalled-cycles-frontend,0.0,100.0,nan,,ok
9954.256266,0.0,,instructions:u,instructions,3006403.0,32.0,nan,,ok
9954.256266,0.0,,cycles:u,cycles,3027545.0,32.0,nan,,ok
9954.256266,0.0,,branches:u,branches,4011878.0,42.0,nan,,ok
9954.256266,0.0,,branch-misses:u,branch-misses,5000165.0,53.0,nan,,ok
9954.256266,0.0,,L1-dcache-loads:u,l1-dcache-loads,5917254.0,63.0,nan,,ok
9954.256266,0.0,,cache-references:u,cache-references,6365555.0,67.0,nan,,ok
9954.256266,0.0,,cache-misses:u,cache-misses,6344413.0,67.0,nan,,ok
9954.256266,0.0,,stalled-cycles-frontend:u,stalled-cycles-frontend,1996941.0,21.0,nan,,ok
9991.260826,nan,,instructions:u,instructions,0.0,100.0,nan,,ok
9991.260826,nan,,cycles:u,cycles,0.0,100.0,nan,,ok
9991.260826,nan,,branches:u,branches,0.0,100.0,nan,,ok
9991.260826,nan,,branch-misses:u,branch-misses,0.0,100.0,nan,,ok
9991.260826,nan,,L1-dcache-loads:u,l1-dcache-loads,0.0,100.0,nan,,ok
9991.260826,nan,,cache-references:u,cache-references,0.0,100.0,nan,,ok
9991.260826,nan,,cache-misses:u,cache-misses,0.0,100.0,nan,,ok
9991.260826,nan,,stalled-cycles-frontend:u,stalled-cycles-frontend,0.0,100.0,nan,,ok
10012.262809,0.0,,instructions:u,instructions,205065.0,17.0,nan,,ok
10012.262809,nan,,cycles:u,cycles,0.0,0.0,nan,,ok
10012.262809,nan,,branches:u,branches,0.0,0.0,nan,,ok
10012.262809,nan,,branch-misses:u,branch-misses,0.0,0.0,nan,,ok
10012.262809,nan,,L1-dcache-loads:u,l1-dcache-loads,0.0,0.0,nan,,ok
10012.262809,0.0,,cache-references:u,cache-references,953379.0,74.0,nan,,ok
10012.262809,0.0,,cache-misses:u,cache-misses,1310163.0,100.0,nan,,ok
10012.262809,0.0,,stalled-cycles-frontend:u,stalled-cycles-frontend,384047.0,28.0,nan,,ok
10046.27073,0.0,,instructions:u,instructions,2799408.0,48.0,nan,,ok
10046.27073,0.0,,cycles:u,cycles,3794141.0,66.0,nan,,ok
10046.27073,0.0,,branches:u,branches,4773694.0,83.0,nan,,ok
10046.27073,0.0,,branch-misses:u,branch-misses,5019307.0,87.0,nan,,ok
10046.27073,0.0,,L1-dcache-loads:u,l1-dcache-loads,4046993.0,70.0,nan,,ok
10046.27073,0.0,,cache-references:u,cache-references,3081650.0,53.0,nan,,ok
10046.27073,0.0,,cache-misses:u,cache-misses,1972951.0,34.0,nan,,ok
10046.27073,0.0,,stalled-cycles-frontend:u,stalled-cycles-frontend,1621428.0,28.0,nan,,ok
10063.267925,0.0,,instructions:u,instructions,373639.0,11.0,nan,,ok
10063.267925,nan,,cycles:u,cycles,0.0,0.0,nan,,ok
10063.267925,nan,,branches:u,branches,0.0,0.0,nan,,ok
10063.267925,0.0,,branch-misses:u,branch-misses,761431.0,24.0,nan,,ok
10063.267925,0.0,,L1-dcache-loads:u,l1-dcache-loads,1725185.0,55.0,nan,,ok
10063.267925,0.0,,cache-references:u,cache-references,2694278.0,87.0,nan,,ok
10063.267925,0.0,,cache-misses:u,cache-misses,3030164.0,100.0,nan,,ok
10063.267925,0.0,,stalled-cycles-frontend:u,stalled-cycles-frontend,373639.0,12.0,nan,,ok
10088.235511,0.0,,instructions:u,instructions,2942959.0,68.0,nan,,ok
10088.235511,0.0,,cycles:u,cycles,2988298.0,69.0,nan,,ok
10088.235511,0.0,,branches:u,branches,3317202.0,77.0,nan,,ok
10088.235511,0.0,,branch-misses:u,branch-misses,3317202.0,77.0,nan,,ok
10088.235511,0.0,,L1-dcache-loads:u,l1-dcache-loads,2327667.0,54.0,nan,,ok
10088.235511,0.0,,cache-references:u,cache-references,1329620.0,31.0,nan,,ok
10088.235511,0.0,,cache-misses:u,cache-misses,1284281.0,30.0,nan,,ok
10088.235511,0.0,,stalled-cycles-frontend:u,stalled-cycles-frontend,1944912.0,45.0,nan,,ok
10108.253829000001,nan,,instructions:u,instructions,0.0,0.0,nan,,ok
10108.253829000001,nan,,cycles:u,cycles,0.0,0.0,nan,,ok
10108.253829000001,0.0,,branches:u,branches,983329.0,31.0,nan,,ok
10108.253829000001,0.0,,branch-misses:u,branch-misses,1982392.0,62.0,nan,,ok
10108.253829000001,0.0,,L1-dcache-loads:u,l1-dcache-loads,2977349.0,94.0,nan,,ok
10108.253829000001,0.0,,cache-references:u,cache-references,3257449.0,100.0,nan,,ok
10108.253829000001,0.0,,cache-misses:u,cache-misses,3343979.0,100.0,nan,,ok
10108.253829000001,nan,,stalled-cycles-frontend:u,stalled-cycles-frontend,0.0,0.0,nan,,ok
10132.280042,0.0,,instructions:u,instructions,2276673.0,71.0,nan,,ok
10132.280042,0.0,,cycles:u,cycles,1296981.0,41.0,nan,,ok
10132.280042,0.0,,branches:u,branches,1296981.0,41.0,nan,,ok
10132.280042,0.0,,branch-misses:u,branch-misses,1296981.0,41.0,nan,,ok
10132.280042,0.0,,L1-dcache-loads:u,l1-dcache-loads,293923.0,9.0,nan,,ok
10132.280042,0.0,,cache-references:u,cache-references,741205.0,24.0,nan,,ok
10132.280042,0.0,,cache-misses:u,cache-misses,1634367.0,55.0,nan,,ok
10132.280042,0.0,,stalled-cycles-frontend:u,stalled-cycles-frontend,1982750.0,68.0,nan,,ok
10145.246722,nan,,instructions:u,instructions,0.0,100.0,nan,,ok
10145.246722,nan,,cycles:u,cycles,0.0,100.0,nan,,ok
10145.246722,nan,,branches:u,branches,0.0,100.0,nan,,ok
10145.246722,nan,,branch-misses:u,branch-misses,0.0,100.0,nan,,ok
10145.246722,nan,,L1-dcache-loads:u,l1-dcache-loads,0.0,100.0,nan,,ok
10145.246722,nan,,cache-references:u,cache-references,0.0,100.0,nan,,ok
10145.246722,nan,,cache-misses:u,cache-misses,0.0,100.0,nan,,ok
10145.246722,nan,,stalled-cycles-frontend:u,stalled-cycles-frontend,0.0,100.0,nan,,ok
10161.239463,0.0,,instructions:u,instructions,985769.0,47.0,nan,,ok
10161.239463,0.0,,cycles:u,cycles,1980294.0,93.0,nan,,ok
10161.239463,0.0,,branches:u,branches,2131866.0,100.0,nan,,ok
10161.239463,0.0,,branch-misses:u,branch-misses,2156820.0,100.0,nan,,ok
10161.239463,0.0,,L1-dcache-loads:u,l1-dcache-loads,2178786.0,100.0,nan,,ok
10161.239463,0.0,,cache-references:u,cache-references,1216389.0,55.0,nan,,ok
10161.239463,0.0,,cache-misses:u,cache-misses,241485.0,10.0,nan,,ok
10161.239463,nan,,stalled-cycles-frontend:u,stalled-cycles-frontend,0.0,0.0,nan,,ok
10182.241614,nan,,instructions:u,instructions,0.0,0.0,nan,,ok
10182.241614,nan,,cycles:u,cycles,0.0,0.0,nan,,ok
10182.241614,0.0,,branches:u,branches,847481.0,42.0,nan,,ok
10182.241614,0.0,,branch-misses:u,branch-misses,1830778.0,92.0,nan,,ok
10182.241614,0.0,,L1-dcache-loads:u,l1-dcache-loads,1962934.0,100.0,nan,,ok
10182.241614,0.0,,cache-references:u,cache-references,1939562.0,100.0,nan,,ok
10182.241614,0.0,,cache-misses:u,cache-misses,1919941.0,100.0,nan,,ok
10182.241614,nan,,stalled-cycles-frontend:u,stalled-cycles-frontend,0.0,0.0,nan,,ok
10207.268544,0.0,,instructions:u,instructions,2962754.0,59.0,nan,,ok
10207.268544,0.0,,cycles:u,cycles,1955935.0,39.0,nan,,ok
10207.268544,0.0,,branches:u,branches,1955935.0,39.0,nan,,ok
10207.268544,0.0,,branch-misses:u,branch-misses,1955935.0,39.0,nan,,ok
10207.268544,0.0,,L1-dcache-loads:u,l1-dcache-loads,1945716.0,39.0,nan,,ok
10207.268544,0.0,,cache-references:u,cache-references,1980964.0,40.0,nan,,ok
10207.268544,0.0,,cache-misses:u,cache-misses,2987783.0,60.0,nan,,ok
10207.268544,0.0,,stalled-cycles-frontend:u,stalled-cycles-frontend,2003733.0,40.0,nan,,ok
10232.24135,nan,,instructions:u,instructions,0.0,100.0,nan,,ok
10232.24135,nan,,cycles:u,cycles,0.0,100.0,nan,,ok
10232.24135,nan,,branches:u,branches,0.0,100.0,nan,,ok
10232.24135,nan,,branch-misses:u,branch-misses,0.0,100.0,nan,,ok
10232.24135,nan,,L1-dcache-loads:u,l1-dcache-loads,0.0,100.0,nan,,ok
10232.24135,nan,,cache-references:u,cache-references,0.0,100.0,nan,,ok
10232.24135,nan,,cache-misses:u,cache-misses,0.0,100.0,nan,,ok
10232.24135,nan,,stalled-cycles-frontend:u,stalled-cycles-frontend,0.0,100.0,nan,,ok
10248.253739999998,nan,,instructions:u,instructions,0.0,100.0,nan,,ok
10248.253739999998,nan,,cycles:u,cycles,0.0,100.0,nan,,ok
10248.253739999998,nan,,branches:u,branches,0.0,100.0,nan,,ok
10248.253739999998,nan,,branch-misses:u,branch-misses,0.0,100.0,nan,,ok
10248.253739999998,nan,,L1-dcache-loads:u,l1-dcache-loads,0.0,100.0,nan,,ok
10248.253739999998,nan,,cache-references:u,cache-references,0.0,100.0,nan,,ok
10248.253739999998,nan,,cache-misses:u,cache-misses,0.0,100.0,nan,,ok
10248.253739999998,nan,,stalled-cycles-frontend:u,stalled-cycles-frontend,0.0,100.0,nan,,ok
10260.284995,0.0,,instructions:u,instructions,985219.0,20.0,nan,,ok
10260.284995,0.0,,cycles:u,cycles,1968355.0,41.0,nan,,ok
10260.284995,0.0,,branches:u,branches,2973457.0,63.0,nan,,ok
10260.284995,0.0,,branch-misses:u,branch-misses,3966784.0,84.0,nan,,ok
10260.284995,0.0,,L1-dcache-loads:u,l1-dcache-loads,4712826.0,100.0,nan,,ok
10260.284995,0.0,,cache-references:u,cache-references,3727607.0,79.0,nan,,ok
10260.284995,0.0,,cache-misses:u,cache-misses,2744471.0,58.0,nan,,ok
10260.284995,nan,,stalled-cycles-frontend:u,stalled-cycles-frontend,0.0,0.0,nan,,ok
10315.274942,0.0,,instructions:u,instructions,3322078.0,36.0,nan,,ok
10315.274942,0.0,,cycles:u,cycles,3336242.0,36.0,nan,,ok
10315.274942,0.0,,branches:u,branches,4333523.0,47.0,nan,,ok
10315.274942,0.0,,branch-misses:u,branch-misses,5335348.0,58.0,nan,,ok
10315.274942,0.0,,L1-dcache-loads:u,l1-dcache-loads,6070361.0,66.0,nan,,ok
10315.274942,0.0,,cache-references:u,cache-references,5742853.0,63.0,nan,,ok
10315.274942,0.0,,cache-misses:u,cache-misses,5728689.0,63.0,nan,,ok
10315.274942,0.0,,stalled-cycles-frontend:u,stalled-cycles-frontend,1983446.0,21.0,nan,,ok
10333.287616,nan,,instructions:u,instructions,0.0,100.0,nan,,ok
10333.287616,nan,,cycles:u,cycles,0.0,100.0,nan,,ok
10333.287616,nan,,branches:u,branches,0.0,100.0,nan,,ok
10333.287616,nan,,branch-misses:u,branch-misses,0.0,100.0,nan,,ok
10333.287616,nan,,L1-dcache-loads:u,l1-dcache-loads,0.0,100.0,nan,,ok
10333.287616,nan,,cache-references:u,cache-references,0.0,100.0,nan,,ok
10333.287616,nan,,cache-misses:u,cache-misses,0.0,100.0,nan,,ok
10333.287616,nan,,stalled-cycles-frontend:u,stalled-cycles-frontend,0.0,100.0,nan,,ok
10366.308586000001,0.0,,instructions:u,instructions,2052883.0,50.0,nan,,ok
10366.308586000001,0.0,,cycles:u,cycles,1050587.0,26.0,nan,,ok
10366.308586000001,0.0,,branches:u,branches,1050587.0,26.0,nan,,ok
10366.308586000001,0.0,,branch-misses:u,branch-misses,1050587.0,26.0,nan,,ok
10366.308586000001,0.0,,L1-dcache-loads:u,l1-dcache-loads,1036159.0,25.0,nan,,ok
10366.308586000001,0.0,,cache-references:u,cache-references,1985576.0,49.0,nan,,ok
10366.308586000001,0.0,,cache-misses:u,cache-misses,2987872.0,73.0,nan,,ok
10366.308586000001,0.0,,stalled-cycles-frontend:u,stalled-cycles-frontend,2004305.0,49.0,nan,,ok
10412.27388,0.0,,instructions:u,instructions,955528.0,18.0,nan,,ok
10412.27388,0.0,,cycles:u,cycles,1956892.0,37.0,nan,,ok
10412.27388,0.0,,branches:u,branches,2958018.0,57.0,nan,,ok
10412.27388,0.0,,branch-misses:u,branch-misses,3965826.0,76.0,nan,,ok
10412.27388,0.0,,L1-dcache-loads:u,l1-dcache-loads,4950968.0,95.0,nan,,ok
10412.27388,0.0,,cache-references:u,cache-references,4281614.0,81.0,nan,,ok
10412.27388,0.0,,cache-misses:u,cache-misses,3307345.0,62.0,nan,,ok
10412.27388,nan,,stalled-cycles-frontend:u,stalled-cycles-frontend,0.0,0.0,nan,,ok
10448.278424,0.0,,instructions:u,instructions,1653374.0,66.0,nan,,ok
10448.278424,0.0,,cycles:u,cycles,650923.0,26.0,nan,,ok
10448.278424,0.0,,branches:u,branches,650923.0,26.0,nan,,ok
10448.278424,0.0,,branch-misses:u,branch-misses,650923.0,26.0,nan,,ok
10448.278424,nan,,L1-dcache-loads:u,l1-dcache-loads,0.0,0.0,nan,,ok
10448.278424,0.0,,cache-references:u,cache-references,718272.0,30.0,nan,,ok
10448.278424,0.0,,cache-misses:u,cache-misses,1693628.0,72.0,nan,,ok
10448.278424,0.0,,stalled-cycles-frontend:u,stalled-cycles-frontend,1653374.0,71.0,nan,,ok
10478.252867,nan,,instructions:u,instructions,0.0,100.0,nan,,ok
10478.252867,nan,,cycles:u,cycles,0.0,100.0,nan,,ok
10478.252867,nan,,branches:u,branches,0.0,100.0,nan,,ok
10478.252867,nan,,branch-misses:u,branch-misses,0.0,100.0,nan,,ok
10478.252867,nan,,L1-dcache-loads:u,l1-dcache-loads,0.0,100.0,nan,,ok
10478.252867,nan,,cache-references:u,cache-references,0.0,100.0,nan,,ok
10478.252867,nan,,cache-misses:u,cache-misses,0.0,100.0,nan,,ok
10478.252867,nan,,stalled-cycles-frontend:u,stalled-cycles-frontend,0.0,100.0,nan,,ok
10522.241705,0.0,,instructions:u,instructions,1913611.0,34.0,nan,,ok
10522.241705,0.0,,cycles:u,cycles,2913469.0,52.0,nan,,ok
10522.241705,0.0,,branches:u,branches,3907369.0,69.0,nan,,ok
10522.241705,0.0,,branch-misses:u,branch-misses,4908793.0,87.0,nan,,ok
10522.241705,0.0,,L1-dcache-loads:u,l1-dcache-loads,4657494.0,83.0,nan,,ok
10522.241705,0.0,,cache-references:u,cache-references,3676555.0,65.0,nan,,ok
10522.241705,0.0,,cache-misses:u,cache-misses,2676697.0,47.0,nan,,ok
10522.241705,0.0,,stalled-cycles-frontend:u,stalled-cycles-frontend,932672.0,16.0,nan,,ok
10546.236809,0.0,,instructions:u,instructions,2983749.0,59.0,nan,,ok
10546.236809,0.0,,cycles:u,cycles,1994195.0,40.0,nan,,ok
10546.236809,0.0,,branches:u,branches,1994195.0,40.0,nan,,ok
10546.236809,0.0,,branch-misses:u,branch-misses,1994195.0,40.0,nan,,ok
10546.236809,0.0,,L1-dcache-loads:u,l1-dcache-loads,1985914.0,39.0,nan,,ok
10546.236809,0.0,,cache-references:u,cache-references,1993763.0,40.0,nan,,ok
10546.236809,0.0,,cache-misses:u,cache-misses,2983317.0,59.0,nan,,ok
10546.236809,0.0,,stalled-cycles-frontend:u,stalled-cycles-frontend,1989042.0,39.0,nan,,ok
10558.239292,nan,,instructions:u,instructions,0.0,100.0,nan,,ok
10558.239292,nan,,cycles:u,cycles,0.0,100.0,nan,,ok
10558.239292,nan,,branches:u,branches,0.0,100.0,nan,,ok
10558.239292,nan,,branch-misses:u,branch-misses,0.0,100.0,nan,,ok
10558.239292,nan,,L1-dcache-loads:u,l1-dcache-loads,0.0,100.0,nan,,ok
10558.239292,nan,,cache-references:u,cache-references,0.0,100.0,nan,,ok
10558.239292,nan,,cache-misses:u,cache-misses,0.0,100.0,nan,,ok
10558.239292,nan,,stalled-cycles-frontend:u,stalled-cycles-frontend,0.0,100.0,nan,,ok
10570.249546,nan,,instructions:u,instructions,0.0,100.0,nan,,ok
10570.249546,nan,,cycles:u,cycles,0.0,100.0,nan,,ok
10570.249546,nan,,branches:u,branches,0.0,100.0,nan,,ok
10570.249546,nan,,branch-misses:u,branch-misses,0.0,100.0,nan,,ok
10570.249546,nan,,L1-dcache-loads:u,l1-dcache-loads,0.0,100.0,nan,,ok
10570.249546,nan,,cache-references:u,cache-references,0.0,100.0,nan,,ok
10570.249546,nan,,cache-misses:u,cache-misses,0.0,100.0,nan,,ok
10570.249546,nan,,stalled-cycles-frontend:u,stalled-cycles-frontend,0.0,100.0,nan,,ok
10582.228090999999,0.0,,instructions:u,instructions,987185.0,32.0,nan,,ok
10582.228090999999,0.0,,cycles:u,cycles,1986157.0,64.0,nan,,ok
10582.228090999999,0.0,,branches:u,branches,2991966.0,97.0,nan,,ok
10582.228090999999,0.0,,branch-misses:u,branch-misses,3169059.0,100.0,nan,,ok
10582.228090999999,0.0,,L1-dcache-loads:u,l1-dcache-loads,3260974.0,100.0,nan,,ok
10582.228090999999,0.0,,cache-references:u,cache-references,2296196.0,69.0,nan,,ok
10582.228090999999,0.0,,cache-misses:u,cache-misses,1319846.0,39.0,nan,,ok
10582.228090999999,nan,,stalled-cycles-frontend:u,stalled-cycles-frontend,0.0,0.0,nan,,ok
10602.239841999999,nan,,instructions:u,instructions,0.0,0.0,nan,,ok
10602.239841999999,nan,,cycles:u,cycles,0.0,0.0,nan,,ok
10602.239841999999,nan,,branches:u,branches,0.0,0.0,nan,,ok
10602.239841999999,0.0,,branch-misses:u,branch-misses,815166.0,30.0,nan,,ok
10602.239841999999,0.0,,L1-dcache-loads:u,l1-dcache-loads,1722060.0,67.0,nan,,ok
10602.239841999999,0.0,,cache-references:u,cache-references,2517889.0,100.0,nan,,ok
10602.239841999999,0.0,,cache-misses:u,cache-misses,2495267.0,100.0,nan,,ok
10602.239841999999,nan,,stalled-cycles-frontend:u,stalled-cycles-frontend,0.0,0.0,nan,,ok
10614.251669,nan,,instructions:u,instructions,0.0,100.0,nan,,ok
10614.251669,nan,,cycles:u,cycles,0.0,100.0,nan,,ok
10614.251669,nan,,branches:u,branches,0.0,100.0,nan,,ok
10614.251669,nan,,branch-misses:u,branch-misses,0.0,100.0,nan,,ok
10614.251669,nan,,L1-dcache-loads:u,l1-dcache-loads,0.0,100.0,nan,,ok
10614.251669,nan,,cache-references:u,cache-references,0.0,100.0,nan,,ok
10614.251669,nan,,cache-misses:u,cache-misses,0.0,100.0,nan,,ok
10614.251669,nan,,stalled-cycles-frontend:u,stalled-cycles-frontend,0.0,100.0,nan,,ok
10626.240711999999,nan,,instructions:u,instructions,0.0,100.0,nan,,ok
10626.240711999999,nan,,cycles:u,cycles,0.0,100.0,nan,,ok
10626.240711999999,nan,,branches:u,branches,0.0,100.0,nan,,ok
10626.240711999999,nan,,branch-misses:u,branch-misses,0.0,100.0,nan,,ok
10626.240711999999,nan,,L1-dcache-loads:u,l1-dcache-loads,0.0,100.0,nan,,ok
10626.240711999999,nan,,cache-references:u,cache-references,0.0,100.0,nan,,ok
10626.240711999999,nan,,cache-misses:u,cache-misses,0.0,100.0,nan,,ok
10626.240711999999,nan,,stalled-cycles-frontend:u,stalled-cycles-frontend,0.0,100.0,nan,,ok
10639.233709,0.0,,instructions:u,instructions,2996726.0,71.0,nan,,ok
10639.233709,0.0,,cycles:u,cycles,2209569.0,52.0,nan,,ok
10639.233709,0.0,,branches:u,branches,2209569.0,52.0,nan,,ok
10639.233709,0.0,,branch-misses:u,branch-misses,2209569.0,52.0,nan,,ok
10639.233709,0.0,,L1-dcache-loads:u,l1-dcache-loads,1206301.0,28.0,nan,,ok
10639.233709,0.0,,cache-references:u,cache-references,1194904.0,28.0,nan,,ok
10639.233709,0.0,,cache-misses:u,cache-misses,1982061.0,47.0,nan,,ok
10639.233709,0.0,,stalled-cycles-frontend:u,stalled-cycles-frontend,2002315.0,47.0,nan,,ok
10651.249275,nan,,instructions:u,instructions,0.0,100.0,nan,,ok
10651.249275,nan,,cycles:u,cycles,0.0,100.0,nan,,ok
10651.249275,nan,,branches:u,branches,0.0,100.0,nan,,ok
10651.249275,nan,,branch-misses:u,branch-misses,0.0,100.0,nan,,ok
10651.249275,nan,,L1-dcache-loads:u,l1-dcache-loads,0.0,100.0,nan,,ok
10651.249275,nan,,cache-references:u,cache-references,0.0,100.0,nan,,ok
10651.249275,nan,,cache-misses:u,cache-misses,0.0,100.0,nan,,ok
10651.249275,nan,,stalled-cycles-frontend:u,stalled-cycles-frontend,0.0,100.0,nan,,ok
10671.242139,nan,,instructions:u,instructions,0.0,0.0,nan,,ok
10671.242139,0.0,,cycles:u,cycles,991353.0,24.0,nan,,ok
10671.242139,0.0,,branches:u,branches,1958484.0,47.0,nan,,ok
10671.242139,0.0,,branch-misses:u,branch-misses,2957956.0,72.0,nan,,ok
10671.242139,0.0,,L1-dcache-loads:u,l1-dcache-loads,3957798.0,96.0,nan,,ok
10671.242139,0.0,,cache-references:u,cache-references,4137363.0,100.0,nan,,ok
10671.242139,0.0,,cache-misses:u,cache-misses,3164824.0,76.0,nan,,ok
10671.242139,nan,,stalled-cycles-frontend:u,stalled-cycles-frontend,0.0,0.0,nan,,ok
10691.234252999999,nan,,instructions:u,instructions,0.0,0.0,nan,,ok
10691.234252999999,nan,,cycles:u,cycles,0.0,0.0,nan,,ok
10691.234252999999,nan,,branches:u,branches,0.0,0.0,nan,,ok
10691.234252999999,nan,,branch-misses:u,branch-misses,0.0,0.0,nan,,ok
10691.234252999999,nan,,L1-dcache-loads:u,l1-dcache-loads,0.0,0.0,nan,,ok
10691.234252999999,0.0,,cache-references:u,cache-references,820447.0,100.0,nan,,ok
10691.234252999999,0.0,,cache-misses:u,cache-misses,801633.0,100.0,nan,,ok
10691.234252999999,nan,,stalled-cycles-frontend:u,stalled-cycles-frontend,0.0,0.0,nan,,ok
10703.23093,nan,,instructions:u,instructions,0.0,100.0,nan,,ok
10703.23093,nan,,cycles:u,cycles,0.0,100.0,nan,,ok
10703.23093,nan,,branches:u,branches,0.0,100.0,nan,,ok
10703.23093,nan,,branch-misses:u,branch-misses,0.0,100.0,nan,,ok
10703.23093,nan,,L1-dcache-loads:u,l1-dcache-loads,0.0,100.0,nan,,ok
10703.23093,nan,,cache-references:u,cache-references,0.0,100.0,nan,,ok
10703.23093,nan,,cache-misses:u,cache-misses,0.0,100.0,nan,,ok
10703.23093,nan,,stalled-cycles-frontend:u,stalled-cycles-frontend,0.0,100.0,nan,,ok
10715.238193,0.0,,instructions:u,instructions,3004226.0,73.0,nan,,ok
10715.238193,0.0,,cycles:u,cycles,2147860.0,51.0,nan,,ok
10715.238193,0.0,,branches:u,branches,2233552.0,52.0,nan,,ok
10715.238193,0.0,,branch-misses:u,branch-misses,2309424.0,53.0,nan,,ok
10715.238193,0.0,,L1-dcache-loads:u,l1-dcache-loads,1415144.0,32.0,nan,,ok
10715.238193,0.0,,cache-references:u,cache-references,1490698.0,33.0,nan,,ok
10715.238193,0.0,,cache-misses:u,cache-misses,1991185.0,44.0,nan,,ok
10715.238193,0.0,,stalled-cycles-frontend:u,stalled-cycles-frontend,2006469.0,44.0,nan,,ok
10732.255673,0.0,,instructions:u,instructions,32772.0,0.0,nan,,ok
10732.255673,0.0,,cycles:u,cycles,855986.0,17.0,nan,,ok
10732.255673,0.0,,branches:u,branches,1767277.0,36.0,nan,,ok
10732.255673,0.0,,branch-misses:u,branch-misses,2687240.0,56.0,nan,,ok
10732.255673,0.0,,L1-dcache-loads:u,l1-dcache-loads,3577035.0,77.0,nan,,ok
10732.255673,0.0,,cache-references:u,cache-references,4495604.0,99.0,nan,,ok
10732.255673,0.0,,cache-misses:u,cache-misses,4028269.0,89.0,nan,,ok
10732.255673,0.0,,stalled-cycles-frontend:u,stalled-cycles-frontend,32772.0,0.0,nan,,ok
10744.231389999999,nan,,instructions:u,instructions,0.0,100.0,nan,,ok
10744.231389999999,nan,,cycles:u,cycles,0.0,100.0,nan,,ok
10744.231389999999,nan,,branches:u,branches,0.0,100.0,nan,,ok
10744.231389999999,nan,,branch-misses:u,branch-misses,0.0,100.0,nan,,ok
10744.231389999999,nan,,L1-dcache-loads:u,l1-dcache-loads,0.0,100.0,nan,,ok
10744.231389999999,nan,,cache-references:u,cache-references,0.0,100.0,nan,,ok
10744.231389999999,nan,,cache-misses:u,cache-misses,0.0,100.0,nan,,ok
10744.231389999999,nan,,stalled-cycles-frontend:u,stalled-cycles-frontend,0.0,100.0,nan,,ok
10756.229445,nan,,instructions:u,instructions,0.0,100.0,nan,,ok
10756.229445,nan,,cycles:u,cycles,0.0,100.0,nan,,ok
10756.229445,nan,,branches:u,branches,0.0,100.0,nan,,ok
10756.229445,nan,,branch-misses:u,branch-misses,0.0,100.0,nan,,ok
10756.229445,nan,,L1-dcache-loads:u,l1-dcache-loads,0.0,100.0,nan,,ok
10756.229445,nan,,cache-references:u,cache-references,0.0,100.0,nan,,ok
10756.229445,nan,,cache-misses:u,cache-misses,0.0,100.0,nan,,ok
10756.229445,nan,,stalled-cycles-frontend:u,stalled-cycles-frontend,0.0,100.0,nan,,ok
10768.227839,nan,,instructions:u,instructions,0.0,100.0,nan,,ok
10768.227839,nan,,cycles:u,cycles,0.0,100.0,nan,,ok
10768.227839,nan,,branches:u,branches,0.0,100.0,nan,,ok
10768.227839,nan,,branch-misses:u,branch-misses,0.0,100.0,nan,,ok
10768.227839,nan,,L1-dcache-loads:u,l1-dcache-loads,0.0,100.0,nan,,ok
10768.227839,nan,,cache-references:u,cache-references,0.0,100.0,nan,,ok
10768.227839,nan,,cache-misses:u,cache-misses,0.0,100.0,nan,,ok
10768.227839,nan,,stalled-cycles-frontend:u,stalled-cycles-frontend,0.0,100.0,nan,,ok
10780.232506,nan,,instructions:u,instructions,0.0,100.0,nan,,ok
10780.232506,nan,,cycles:u,cycles,0.0,100.0,nan,,ok
10780.232506,nan,,branches:u,branches,0.0,100.0,nan,,ok
10780.232506,nan,,branch-misses:u,branch-misses,0.0,100.0,nan,,ok
10780.232506,nan,,L1-dcache-loads:u,l1-dcache-loads,0.0,100.0,nan,,ok
10780.232506,nan,,cache-references:u,cache-references,0.0,100.0,nan,,ok
10780.232506,nan,,cache-misses:u,cache-misses,0.0,100.0,nan,,ok
10780.232506,nan,,stalled-cycles-frontend:u,stalled-cycles-frontend,0.0,100.0,nan,,ok
10792.231524,nan,,instructions:u,instructions,0.0,100.0,nan,,ok
10792.231524,nan,,cycles:u,cycles,0.0,100.0,nan,,ok
10792.231524,nan,,branches:u,branches,0.0,100.0,nan,,ok
10792.231524,nan,,branch-misses:u,branch-misses,0.0,100.0,nan,,ok
10792.231524,nan,,L1-dcache-loads:u,l1-dcache-loads,0.0,100.0,nan,,ok
10792.231524,nan,,cache-references:u,cache-references,0.0,100.0,nan,,ok
10792.231524,nan,,cache-misses:u,cache-misses,0.0,100.0,nan,,ok
10792.231524,nan,,stalled-cycles-frontend:u,stalled-cycles-frontend,0.0,100.0,nan,,ok
10804.228374999999,0.0,,instructions:u,instructions,2992109.0,41.0,nan,,ok
10804.228374999999,0.0,,cycles:u,cycles,2992502.0,41.0,nan,,ok
10804.228374999999,0.0,,branches:u,branches,3980439.0,54.0,nan,,ok
10804.228374999999,0.0,,branch-misses:u,branch-misses,4988450.0,68.0,nan,,ok
10804.228374999999,0.0,,L1-dcache-loads:u,l1-dcache-loads,4994009.0,68.0,nan,,ok
10804.228374999999,0.0,,cache-references:u,cache-references,4298152.0,58.0,nan,,ok
10804.228374999999,0.0,,cache-misses:u,cache-misses,4297759.0,58.0,nan,,ok
10804.228374999999,0.0,,stalled-cycles-frontend:u,stalled-cycles-frontend,1999516.0,27.0,nan,,ok
10814.939669,nan,,instructions:u,instructions,0.0,100.0,nan,,ok
10814.939669,nan,,cycles:u,cycles,0.0,100.0,nan,,ok
10814.939669,nan,,branches:u,branches,0.0,100.0,nan,,ok
10814.939669,nan,,branch-misses:u,branch-misses,0.0,100.0,nan,,ok
10814.939669,nan,,L1-dcache-loads:u,l1-dcache-loads,0.0,100.0,nan,,ok
10814.939669,nan,,cache-references:u,cache-references,0.0,100.0,nan,,ok
10814.939669,nan,,cache-misses:u,cache-misses,0.0,100.0,nan,,ok
10814.939669,nan,,stalled-cycles-frontend:u,stalled-cycles-frontend,0.0,100.0,nan,,ok
10827.233005,nan,,instructions:u,instructions,0.0,100.0,nan,,ok
10827.233005,nan,,cycles:u,cycles,0.0,100.0,nan,,ok
10827.233005,nan,,branches:u,branches,0.0,100.0,nan,,ok
10827.233005,nan,,branch-misses:u,branch-misses,0.0,100.0,nan,,ok
10827.233005,nan,,L1-dcache-loads:u,l1-dcache-loads,0.0,100.0,nan,,ok
10827.233005,nan,,cache-references:u,cache-references,0.0,100.0,nan,,ok
10827.233005,nan,,cache-misses:u,cache-misses,0.0,100.0,nan,,ok
10827.233005,nan,,stalled-cycles-frontend:u,stalled-cycles-frontend,0.0,100.0,nan,,ok
10839.237725,nan,,instructions:u,instructions,0.0,100.0,nan,,ok
10839.237725,nan,,cycles:u,cycles,0.0,100.0,nan,,ok
10839.237725,nan,,branches:u,branches,0.0,100.0,nan,,ok
10839.237725,nan,,branch-misses:u,branch-misses,0.0,100.0,nan,,ok
10839.237725,nan,,L1-dcache-loads:u,l1-dcache-loads,0.0,100.0,nan,,ok
10839.237725,nan,,cache-references:u,cache-references,0.0,100.0,nan,,ok
10839.237725,nan,,cache-misses:u,cache-misses,0.0,100.0,nan,,ok
10839.237725,nan,,stalled-cycles-frontend:u,stalled-cycles-frontend,0.0,100.0,nan,,ok
10851.237736,nan,,instructions:u,instructions,0.0,100.0,nan,,ok
10851.237736,nan,,cycles:u,cycles,0.0,100.0,nan,,ok
10851.237736,nan,,branches:u,branches,0.0,100.0,nan,,ok
10851.237736,nan,,branch-misses:u,branch-misses,0.0,100.0,nan,,ok
10851.237736,nan,,L1-dcache-loads:u,l1-dcache-loads,0.0,100.0,nan,,ok
10851.237736,nan,,cache-references:u,cache-references,0.0,100.0,nan,,ok
10851.237736,nan,,cache-misses:u,cache-misses,0.0,100.0,nan,,ok
10851.237736,nan,,stalled-cycles-frontend:u,stalled-cycles-frontend,0.0,100.0,nan,,ok
10863.241576,0.0,,instructions:u,instructions,2998800.0,43.0,nan,,ok
10863.241576,0.0,,cycles:u,cycles,2999321.0,43.0,nan,,ok
10863.241576,0.0,,branches:u,branches,4002923.0,58.0,nan,,ok
10863.241576,0.0,,branch-misses:u,branch-misses,4876359.0,71.0,nan,,ok
10863.241576,0.0,,L1-dcache-loads:u,l1-dcache-loads,3873107.0,56.0,nan,,ok
10863.241576,0.0,,cache-references:u,cache-references,3864031.0,56.0,nan,,ok
10863.241576,0.0,,cache-misses:u,cache-misses,3863510.0,56.0,nan,,ok
10863.241576,0.0,,stalled-cycles-frontend:u,stalled-cycles-frontend,2000513.0,29.0,nan,,ok
10873.957135999999,nan,,instructions:u,instructions,0.0,100.0,nan,,ok
10873.957135999999,nan,,cycles:u,cycles,0.0,100.0,nan,,ok
10873.957135999999,nan,,branches:u,branches,0.0,100.0,nan,,ok
10873.957135999999,nan,,branch-misses:u,branch-misses,0.0,100.0,nan,,ok
10873.957135999999,nan,,L1-dcache-loads:u,l1-dcache-loads,0.0,100.0,nan,,ok
10873.957135999999,nan,,cache-references:u,cache-references,0.0,100.0,nan,,ok
10873.957135999999,nan,,cache-misses:u,cache-misses,0.0,100.0,nan,,ok
10873.957135999999,nan,,stalled-cycles-frontend:u,stalled-cycles-frontend,0.0,100.0,nan,,ok
10884.540915000001,nan,,instructions:u,instructions,0.0,100.0,nan,,ok
10884.540915000001,nan,,cycles:u,cycles,0.0,100.0,nan,,ok
10884.540915000001,nan,,branches:u,branches,0.0,100.0,nan,,ok
10884.540915000001,nan,,branch-misses:u,branch-misses,0.0,100.0,nan,,ok
10884.540915000001,nan,,L1-dcache-loads:u,l1-dcache-loads,0.0,100.0,nan,,ok
10884.540915000001,nan,,cache-references:u,cache-references,0.0,100.0,nan,,ok
10884.540915000001,nan,,cache-misses:u,cache-misses,0.0,100.0,nan,,ok
10884.540915000001,nan,,stalled-cycles-frontend:u,stalled-cycles-frontend,0.0,100.0,nan,,ok
10895.204676000001,nan,,instructions:u,instructions,0.0,100.0,nan,,ok
10895.204676000001,nan,,cycles:u,cycles,0.0,100.0,nan,,ok
10895.204676000001,nan,,branches:u,branches,0.0,100.0,nan,,ok
10895.204676000001,nan,,branch-misses:u,branch-misses,0.0,100.0,nan,,ok
10895.204676000001,nan,,L1-dcache-loads:u,l1-dcache-loads,0.0,100.0,nan,,ok
10895.204676000001,nan,,cache-references:u,cache-references,0.0,100.0,nan,,ok
10895.204676000001,nan,,cache-misses:u,cache-misses,0.0,100.0,nan,,ok
10895.204676000001,nan,,stalled-cycles-frontend:u,stalled-cycles-frontend,0.0,100.0,nan,,ok
10905.885504,nan,,instructions:u,instructions,0.0,100.0,nan,,ok
10905.885504,nan,,cycles:u,cycles,0.0,100.0,nan,,ok
10905.885504,nan,,branches:u,branches,0.0,100.0,nan,,ok
10905.885504,nan,,branch-misses:u,branch-misses,0.0,100.0,nan,,ok
10905.885504,nan,,L1-dcache-loads:u,l1-dcache-loads,0.0,100.0,nan,,ok
10905.885504,nan,,cache-references:u,cache-references,0.0,100.0,nan,,ok
10905.885504,nan,,cache-misses:u,cache-misses,0.0,100.0,nan,,ok
10905.885504,nan,,stalled-cycles-frontend:u,stalled-cycles-frontend,0.0,100.0,nan,,ok
10918.232718000001,0.0,,instructions:u,instructions,2064252.0,40.0,nan,,ok
10918.232718000001,0.0,,cycles:u,cycles,1079765.0,21.0,nan,,ok
10918.232718000001,0.0,,branches:u,branches,1079765.0,21.0,nan,,ok
10918.232718000001,0.0,,branch-misses:u,branch-misses,2070704.0,40.0,nan,,ok
10918.232718000001,0.0,,L1-dcache-loads:u,l1-dcache-loads,2050806.0,40.0,nan,,ok
10918.232718000001,0.0,,cache-references:u,cache-references,2996865.0,59.0,nan,,ok
10918.232718000001,0.0,,cache-misses:u,cache-misses,3981352.0,78.0,nan,,ok
10918.232718000001,0.0,,stalled-cycles-frontend:u,stalled-cycles-frontend,1997875.0,39.0,nan,,ok
10930.239499000001,nan,,instructions:u,instructions,0.0,100.0,nan,,ok
10930.239499000001,nan,,cycles:u,cycles,0.0,100.0,nan,,ok
10930.239499000001,nan,,branches:u,branches,0.0,100.0,nan,,ok
10930.239499000001,nan,,branch-misses:u,branch-misses,0.0,100.0,nan,,ok
10930.239499000001,nan,,L1-dcache-loads:u,l1-dcache-loads,0.0,100.0,nan,,ok
10930.239499000001,nan,,cache-references:u,cache-references,0.0,100.0,nan,,ok
10930.239499000001,nan,,cache-misses:u,cache-misses,0.0,100.0,nan,,ok
10930.239499000001,nan,,stalled-cycles-frontend:u,stalled-cycles-frontend,0.0,100.0,nan,,ok
10942.239732999999,nan,,instructions:u,instructions,0.0,100.0,nan,,ok
10942.239732999999,nan,,cycles:u,cycles,0.0,100.0,nan,,ok
10942.239732999999,nan,,branches:u,branches,0.0,100.0,nan,,ok
10942.239732999999,nan,,branch-misses:u,branch-misses,0.0,100.0,nan,,ok
10942.239732999999,nan,,L1-dcache-loads:u,l1-dcache-loads,0.0,100.0,nan,,ok
10942.239732999999,nan,,cache-references:u,cache-references,0.0,100.0,nan,,ok
10942.239732999999,nan,,cache-misses:u,cache-misses,0.0,100.0,nan,,ok
10942.239732999999,nan,,stalled-cycles-frontend:u,stalled-cycles-frontend,0.0,100.0,nan,,ok
10952.942154,nan,,instructions:u,instructions,0.0,100.0,nan,,ok
10952.942154,nan,,cycles:u,cycles,0.0,100.0,nan,,ok
10952.942154,nan,,branches:u,branches,0.0,100.0,nan,,ok
10952.942154,nan,,branch-misses:u,branch-misses,0.0,100.0,nan,,ok
10952.942154,nan,,L1-dcache-loads:u,l1-dcache-loads,0.0,100.0,nan,,ok
10952.942154,nan,,cache-references:u,cache-references,0.0,100.0,nan,,ok
10952.942154,nan,,cache-misses:u,cache-misses,0.0,100.0,nan,,ok
10952.942154,nan,,stalled-cycles-frontend:u,stalled-cycles-frontend,0.0,100.0,nan,,ok
10963.650139,0.0,,instructions:u,instructions,1006638.0,67.0,nan,,ok
10963.650139,0.0,,cycles:u,cycles,1527678.0,100.0,nan,,ok
10963.650139,0.0,,branches:u,branches,1546047.0,100.0,nan,,ok
10963.650139,0.0,,branch-misses:u,branch-misses,1563782.0,100.0,nan,,ok
10963.650139,0.0,,L1-dcache-loads:u,l1-dcache-loads,1582876.0,100.0,nan,,ok
10963.650139,0.0,,cache-references:u,cache-references,599032.0,37.0,nan,,ok
10963.650139,nan,,cache-misses:u,cache-misses,0.0,0.0,nan,,ok
10963.650139,nan,,stalled-cycles-frontend:u,stalled-cycles-frontend,0.0,0.0,nan,,ok
10979.250551,nan,,instructions:u,instructions,0.0,0.0,nan,,ok
10979.250551,0.0,,cycles:u,cycles,466904.0,14.0,nan,,ok
10979.250551,0.0,,branches:u,branches,1443555.0,44.0,nan,,ok
10979.250551,0.0,,branch-misses:u,branch-misses,2426777.0,75.0,nan,,ok
10979.250551,0.0,,L1-dcache-loads:u,l1-dcache-loads,3177484.0,100.0,nan,,ok
10979.250551,0.0,,cache-references:u,cache-references,3154690.0,100.0,nan,,ok
10979.250551,0.0,,cache-misses:u,cache-misses,2765778.0,88.0,nan,,ok
10979.250551,nan,,stalled-cycles-frontend:u,stalled-cycles-frontend,0.0,0.0,nan,,ok
10994.230607000001,nan,,instructions:u,instructions,0.0,100.0,nan,,ok
10994.230607000001,nan,,cycles:u,cycles,0.0,100.0,nan,,ok
10994.230607000001,nan,,branches:u,branches,0.0,100.0,nan,,ok
10994.230607000001,nan,,branch-misses:u,branch-misses,0.0,100.0,nan,,ok
10994.230607000001,nan,,L1-dcache-loads:u,l1-dcache-loads,0.0,100.0,nan,,ok
10994.230607000001,nan,,cache-references:u,cache-references,0.0,100.0,nan,,ok
10994.230607000001,nan,,cache-misses:u,cache-misses,0.0,100.0,nan,,ok
10994.230607000001,nan,,stalled-cycles-frontend:u,stalled-cycles-frontend,0.0,100.0,nan,,ok
11009.227862,0.0,,instructions:u,instructions,2598560.0,56.0,nan,,ok
11009.227862,0.0,,cycles:u,cycles,1605380.0,35.0,nan,,ok
11009.227862,0.0,,branches:u,branches,1605380.0,35.0,nan,,ok
11009.227862,0.0,,branch-misses:u,branch-misses,1605380.0,35.0,nan,,ok
11009.227862,0.0,,L1-dcache-loads:u,l1-dcache-loads,1569036.0,34.0,nan,,ok
11009.227862,0.0,,cache-references:u,cache-references,1969870.0,43.0,nan,,ok
11009.227862,0.0,,cache-misses:u,cache-misses,2963050.0,64.0,nan,,ok
11009.227862,0.0,,stalled-cycles-frontend:u,stalled-cycles-frontend,1996108.0,43.0,nan,,ok
11023.26506,nan,,instructions:u,instructions,0.0,100.0,nan,,ok
11023.26506,nan,,cycles:u,cycles,0.0,100.0,nan,,ok
11023.26506,nan,,branches:u,branches,0.0,100.0,nan,,ok
11023.26506,nan,,branch-misses:u,branch-misses,0.0,100.0,nan,,ok
11023.26506,nan,,L1-dcache-loads:u,l1-dcache-loads,0.0,100.0,nan,,ok
11023.26506,nan,,cache-references:u,cache-references,0.0,100.0,nan,,ok
11023.26506,nan,,cache-misses:u,cache-misses,0.0,100.0,nan,,ok
11023.26506,nan,,stalled-cycles-frontend:u,stalled-cycles-frontend,0.0,100.0,nan,,ok
11059.232068,0.0,,instructions:u,instructions,969761.0,24.0,nan,,ok
11059.232068,0.0,,cycles:u,cycles,1965854.0,49.0,nan,,ok
11059.232068,0.0,,branches:u,branches,2962534.0,74.0,nan,,ok
11059.232068,0.0,,branch-misses:u,branch-misses,3961689.0,99.0,nan,,ok
11059.232068,0.0,,L1-dcache-loads:u,l1-dcache-loads,3990863.0,100.0,nan,,ok
11059.232068,0.0,,cache-references:u,cache-references,3021102.0,75.0,nan,,ok
11059.232068,0.0,,cache-misses:u,cache-misses,2025009.0,50.0,nan,,ok
11059.232068,nan,,stalled-cycles-frontend:u,stalled-cycles-frontend,0.0,0.0,nan,,ok
11071.230290000001,0.0,,instructions:u,instructions,2035688.0,50.0,nan,,ok
11071.230290000001,0.0,,cycles:u,cycles,1030703.0,25.0,nan,,ok
11071.230290000001,0.0,,branches:u,branches,1030703.0,25.0,nan,,ok
11071.230290000001,0.0,,branch-misses:u,branch-misses,1030703.0,25.0,nan,,ok
11071.230290000001,0.0,,L1-dcache-loads:u,l1-dcache-loads,1007900.0,25.0,nan,,ok
11071.230290000001,0.0,,cache-references:u,cache-references,1973486.0,49.0,nan,,ok
11071.230290000001,0.0,,cache-misses:u,cache-misses,2978471.0,74.0,nan,,ok
11071.230290000001,0.0,,stalled-cycles-frontend:u,stalled-cycles-frontend,2007063.0,50.0,nan,,ok
11083.234489,nan,,instructions:u,instructions,0.0,100.0,nan,,ok
11083.234489,nan,,cycles:u,cycles,0.0,100.0,nan,,ok
11083.234489,nan,,branches:u,branches,0.0,100.0,nan,,ok
11083.234489,nan,,branch-misses:u,branch-misses,0.0,100.0,nan,,ok
11083.234489,nan,,L1-dcache-loads:u,l1-dcache-loads,0.0,100.0,nan,,ok
11083.234489,nan,,cache-references:u,cache-references,0.0,100.0,nan,,ok
11083.234489,nan,,cache-misses:u,cache-misses,0.0,100.0,nan,,ok
11083.234489,nan,,stalled-cycles-frontend:u,stalled-cycles-frontend,0.0,100.0,nan,,ok
11095.226954,nan,,instructions:u,instructions,0.0,100.0,nan,,ok
11095.226954,nan,,cycles:u,cycles,0.0,100.0,nan,,ok
11095.226954,nan,,branches:u,branches,0.0,100.0,nan,,ok
11095.226954,nan,,branch-misses:u,branch-misses,0.0,100.0,nan,,ok
11095.226954,nan,,L1-dcache-loads:u,l1-dcache-loads,0.0,100.0,nan,,ok
11095.226954,nan,,cache-references:u,cache-references,0.0,100.0,nan,,ok
11095.226954,nan,,cache-misses:u,cache-misses,0.0,100.0,nan,,ok
11095.226954,nan,,stalled-cycles-frontend:u,stalled-cycles-frontend,0.0,100.0,nan,,ok
11107.239699000002,0.0,,instructions:u,instructions,975674.0,24.0,nan,,ok
11107.239699000002,0.0,,cycles:u,cycles,1967659.0,49.0,nan,,ok
11107.239699000002,0.0,,branches:u,branches,2964405.0,74.0,nan,,ok
11107.239699000002,0.0,,branch-misses:u,branch-misses,3966659.0,99.0,nan,,ok
11107.239699000002,0.0,,L1-dcache-loads:u,l1-dcache-loads,3987482.0,100.0,nan,,ok
11107.239699000002,0.0,,cache-references:u,cache-references,3011808.0,75.0,nan,,ok
11107.239699000002,0.0,,cache-misses:u,cache-misses,2019823.0,50.0,nan,,ok
11107.239699000002,nan,,stalled-cycles-frontend:u,stalled-cycles-frontend,0.0,0.0,nan,,ok
11119.231534,nan,,instructions:u,instructions,0.0,100.0,nan,,ok
11119.231534,nan,,cycles:u,cycles,0.0,100.0,nan,,ok
11119.231534,nan,,branches:u,branches,0.0,100.0,nan,,ok
11119.231534,nan,,branch-misses:u,branch-misses,0.0,100.0,nan,,ok
11119.231534,nan,,L1-dcache-loads:u,l1-dcache-loads,0.0,100.0,nan,,ok
11119.231534,nan,,cache-references:u,cache-references,0.0,100.0,nan,,ok
11119.231534,nan,,cache-misses:u,cache-misses,0.0,100.0,nan,,ok
11119.231534,nan,,stalled-cycles-frontend:u,stalled-cycles-frontend,0.0,100.0,nan,,ok
11131.237865,nan,,instructions:u,instructions,0.0,100.0,nan,,ok
11131.237865,nan,,cycles:u,cycles,0.0,100.0,nan,,ok
11131.237865,nan,,branches:u,branches,0.0,100.0,nan,,ok
11131.237865,nan,,branch-misses:u,branch-misses,0.0,100.0,nan,,ok
11131.237865,nan,,L1-dcache-loads:u,l1-dcache-loads,0.0,100.0,nan,,ok
11131.237865,nan,,cache-references:u,cache-references,0.0,100.0,nan,,ok
11131.237865,nan,,cache-misses:u,cache-misses,0.0,100.0,nan,,ok
11131.237865,nan,,stalled-cycles-frontend:u,stalled-cycles-frontend,0.0,100.0,nan,,ok
11144.234521,nan,,instructions:u,instructions,0.0,100.0,nan,,ok
11144.234521,nan,,cycles:u,cycles,0.0,100.0,nan,,ok
11144.234521,nan,,branches:u,branches,0.0,100.0,nan,,ok
11144.234521,nan,,branch-misses:u,branch-misses,0.0,100.0,nan,,ok
11144.234521,nan,,L1-dcache-loads:u,l1-dcache-loads,0.0,100.0,nan,,ok
11144.234521,nan,,cache-references:u,cache-references,0.0,100.0,nan,,ok
11144.234521,nan,,cache-misses:u,cache-misses,0.0,100.0,nan,,ok
11144.234521,nan,,stalled-cycles-frontend:u,stalled-cycles-frontend,0.0,100.0,nan,,ok
11156.233508,0.0,,instructions:u,instructions,1093378.0,35.0,nan,,ok
11156.233508,0.0,,cycles:u,cycles,108903.0,3.0,nan,,ok
11156.233508,0.0,,branches:u,branches,127481.0,4.0,nan,,ok
11156.233508,0.0,,branch-misses:u,branch-misses,141730.0,4.0,nan,,ok
11156.233508,0.0,,L1-dcache-loads:u,l1-dcache-loads,974472.0,31.0,nan,,ok
11156.233508,0.0,,cache-references:u,cache-references,1965940.0,62.0,nan,,ok
11156.233508,0.0,,cache-misses:u,cache-misses,2973642.0,94.0,nan,,ok
11156.233508,0.0,,stalled-cycles-frontend:u,stalled-cycles-frontend,1197995.0,37.0,nan,,ok
11168.232647,0.0,,instructions:u,instructions,1915903.0,75.0,nan,,ok
11168.232647,0.0,,cycles:u,cycles,2523776.0,100.0,nan,,ok
11168.232647,0.0,,branches:u,branches,2505198.0,100.0,nan,,ok
11168.232647,0.0,,branch-misses:u,branch-misses,2490949.0,100.0,nan,,ok
11168.232647,0.0,,L1-dcache-loads:u,l1-dcache-loads,1629123.0,65.0,nan,,ok
11168.232647,0.0,,cache-references:u,cache-references,631100.0,25.0,nan,,ok
11168.232647,nan,,cache-misses:u,cache-misses,0.0,0.0,nan,,ok
11168.232647,0.0,,stalled-cycles-frontend:u,stalled-cycles-frontend,813263.0,33.0,nan,,ok
11180.233239,nan,,instructions:u,instructions,0.0,100.0,nan,,ok
11180.233239,nan,,cycles:u,cycles,0.0,100.0,nan,,ok
11180.233239,nan,,branches:u,branches,0.0,100.0,nan,,ok
11180.233239,nan,,branch-misses:u,branch-misses,0.0,100.0,nan,,ok
11180.233239,nan,,L1-dcache-loads:u,l1-dcache-loads,0.0,100.0,nan,,ok
11180.233239,nan,,cache-references:u,cache-references,0.0,100.0,nan,,ok
11180.233239,nan,,cache-misses:u,cache-misses,0.0,100.0,nan,,ok
11180.233239,nan,,stalled-cycles-frontend:u,stalled-cycles-frontend,0.0,100.0,nan,,ok
11192.257470999999,nan,,instructions:u,instructions,0.0,100.0,nan,,ok
11192.257470999999,nan,,cycles:u,cycles,0.0,100.0,nan,,ok
11192.257470999999,nan,,branches:u,branches,0.0,100.0,nan,,ok
11192.257470999999,nan,,branch-misses:u,branch-misses,0.0,100.0,nan,,ok
11192.257470999999,nan,,L1-dcache-loads:u,l1-dcache-loads,0.0,100.0,nan,,ok
11192.257470999999,nan,,cache-references:u,cache-references,0.0,100.0,nan,,ok
11192.257470999999,nan,,cache-misses:u,cache-misses,0.0,100.0,nan,,ok
11192.257470999999,nan,,stalled-cycles-frontend:u,stalled-cycles-frontend,0.0,100.0,nan,,ok
11204.263022,nan,,instructions:u,instructions,0.0,100.0,nan,,ok
11204.263022,nan,,cycles:u,cycles,0.0,100.0,nan,,ok
11204.263022,nan,,branches:u,branches,0.0,100.0,nan,,ok
11204.263022,nan,,branch-misses:u,branch-misses,0.0,100.0,nan,,ok
11204.263022,nan,,L1-dcache-loads:u,l1-dcache-loads,0.0,100.0,nan,,ok
11204.263022,nan,,cache-references:u,cache-references,0.0,100.0,nan,,ok
11204.263022,nan,,cache-misses:u,cache-misses,0.0,100.0,nan,,ok
11204.263022,nan,,stalled-cycles-frontend:u,stalled-cycles-frontend,0.0,100.0,nan,,ok
11216.231142999999,nan,,instructions:u,instructions,0.0,100.0,nan,,ok
11216.231142999999,nan,,cycles:u,cycles,0.0,100.0,nan,,ok
11216.231142999999,nan,,branches:u,branches,0.0,100.0,nan,,ok
11216.231142999999,nan,,branch-misses:u,branch-misses,0.0,100.0,nan,,ok
11216.231142999999,nan,,L1-dcache-loads:u,l1-dcache-loads,0.0,100.0,nan,,ok
11216.231142999999,nan,,cache-references:u,cache-references,0.0,100.0,nan,,ok
11216.231142999999,nan,,cache-misses:u,cache-misses,0.0,100.0,nan,,ok
11216.231142999999,nan,,stalled-cycles-frontend:u,stalled-cycles-frontend,0.0,100.0,nan,,ok
11228.229096,nan,,instructions:u,instructions,0.0,0.0,nan,,ok
11228.229096,0.0,,cycles:u,cycles,974381.0,20.0,nan,,ok
11228.229096,0.0,,branches:u,branches,1954998.0,41.0,nan,,ok
11228.229096,0.0,,branch-misses:u,branch-misses,2951215.0,62.0,nan,,ok
11228.229096,0.0,,L1-dcache-loads:u,l1-dcache-loads,3949877.0,83.0,nan,,ok
11228.229096,0.0,,cache-references:u,cache-references,4751418.0,100.0,nan,,ok
11228.229096,0.0,,cache-misses:u,cache-misses,3777037.0,79.0,nan,,ok
11228.229096,nan,,stalled-cycles-frontend:u,stalled-cycles-frontend,0.0,0.0,nan,,ok
11240.223371,nan,,instructions:u,instructions,0.0,100.0,nan,,ok
11240.223371,nan,,cycles:u,cycles,0.0,100.0,nan,,ok
11240.223371,nan,,branches:u,branches,0.0,100.0,nan,,ok
11240.223371,nan,,branch-misses:u,branch-misses,0.0,100.0,nan,,ok
11240.223371,nan,,L1-dcache-loads:u,l1-dcache-loads,0.0,100.0,nan,,ok
11240.223371,nan,,cache-references:u,cache-references,0.0,100.0,nan,,ok
11240.223371,nan,,cache-misses:u,cache-misses,0.0,100.0,nan,,ok
11240.223371,nan,,stalled-cycles-frontend:u,stalled-cycles-frontend,0.0,100.0,nan,,ok
11252.266956,nan,,instructions:u,instructions,0.0,100.0,nan,,ok
11252.266956,nan,,cycles:u,cycles,0.0,100.0,nan,,ok
11252.266956,nan,,branches:u,branches,0.0,100.0,nan,,ok
11252.266956,nan,,branch-misses:u,branch-misses,0.0,100.0,nan,,ok
11252.266956,nan,,L1-dcache-loads:u,l1-dcache-loads,0.0,100.0,nan,,ok
11252.266956,nan,,cache-references:u,cache-references,0.0,100.0,nan,,ok
11252.266956,nan,,cache-misses:u,cache-misses,0.0,100.0,nan,,ok
11252.266956,nan,,stalled-cycles-frontend:u,stalled-cycles-frontend,0.0,100.0,nan,,ok
11264.229045,nan,,instructions:u,instructions,0.0,100.0,nan,,ok
11264.229045,nan,,cycles:u,cycles,0.0,100.0,nan,,ok
11264.229045,nan,,branches:u,branches,0.0,100.0,nan,,ok
11264.229045,nan,,branch-misses:u,branch-misses,0.0,100.0,nan,,ok
11264.229045,nan,,L1-dcache-loads:u,l1-dcache-loads,0.0,100.0,nan,,ok
11264.229045,nan,,cache-references:u,cache-references,0.0,100.0,nan,,ok
11264.229045,nan,,cache-misses:u,cache-misses,0.0,100.0,nan,,ok
11264.229045,nan,,stalled-cycles-frontend:u,stalled-cycles-frontend,0.0,100.0,nan,,ok
11276.22998,0.0,,instructions:u,instructions,3001787.0,59.0,nan,,ok
11276.22998,0.0,,cycles:u,cycles,3001552.0,59.0,nan,,ok
11276.22998,0.0,,branches:u,branches,3129095.0,61.0,nan,,ok
11276.22998,0.0,,branch-misses:u,branch-misses,3153982.0,61.0,nan,,ok
11276.22998,0.0,,L1-dcache-loads:u,l1-dcache-loads,2177327.0,42.0,nan,,ok
11276.22998,0.0,,cache-references:u,cache-references,2180007.0,42.0,nan,,ok
11276.22998,0.0,,cache-misses:u,cache-misses,2204623.0,42.0,nan,,ok
11276.22998,0.0,,stalled-cycles-frontend:u,stalled-cycles-frontend,1998134.0,38.0,nan,,ok
11287.03376,nan,,instructions:u,instructions,0.0,0.0,nan,,ok
11287.03376,nan,,cycles:u,cycles,0.0,0.0,nan,,ok
11287.03376,0.0,,branches:u,branches,277387.0,100.0,nan,,ok
11287.03376,0.0,,branch-misses:u,branch-misses,252500.0,100.0,nan,,ok
11287.03376,0.0,,L1-dcache-loads:u,l1-dcache-loads,231220.0,100.0,nan,,ok
11287.03376,0.0,,cache-references:u,cache-references,210079.0,100.0,nan,,ok
11287.03376,0.0,,cache-misses:u,cache-misses,185698.0,100.0,nan,,ok
11287.03376,nan,,stalled-cycles-frontend:u,stalled-cycles-frontend,0.0,0.0,nan,,ok
11299.241607,nan,,instructions:u,instructions,0.0,100.0,nan,,ok
11299.241607,nan,,cycles:u,cycles,0.0,100.0,nan,,ok
11299.241607,nan,,branches:u,branches,0.0,100.0,nan,,ok
11299.241607,nan,,branch-misses:u,branch-misses,0.0,100.0,nan,,ok
11299.241607,nan,,L1-dcache-loads:u,l1-dcache-loads,0.0,100.0,nan,,ok
11299.241607,nan,,cache-references:u,cache-references,0.0,100.0,nan,,ok
11299.241607,nan,,cache-misses:u,cache-misses,0.0,100.0,nan,,ok
11299.241607,nan,,stalled-cycles-frontend:u,stalled-cycles-frontend,0.0,100.0,nan,,ok
11311.234827,nan,,instructions:u,instructions,0.0,100.0,nan,,ok
11311.234827,nan,,cycles:u,cycles,0.0,100.0,nan,,ok
11311.234827,nan,,branches:u,branches,0.0,100.0,nan,,ok
11311.234827,nan,,branch-misses:u,branch-misses,0.0,100.0,nan,,ok
11311.234827,nan,,L1-dcache-loads:u,l1-dcache-loads,0.0,100.0,nan,,ok
11311.234827,nan,,cache-references:u,cache-references,0.0,100.0,nan,,ok
11311.234827,nan,,cache-misses:u,cache-misses,0.0,100.0,nan,,ok
11311.234827,nan,,stalled-cycles-frontend:u,stalled-cycles-frontend,0.0,100.0,nan,,ok
11323.233576,nan,,instructions:u,instructions,0.0,100.0,nan,,ok
11323.233576,nan,,cycles:u,cycles,0.0,100.0,nan,,ok
11323.233576,nan,,branches:u,branches,0.0,100.0,nan,,ok
11323.233576,nan,,branch-misses:u,branch-misses,0.0,100.0,nan,,ok
11323.233576,nan,,L1-dcache-loads:u,l1-dcache-loads,0.0,100.0,nan,,ok
11323.233576,nan,,cache-references:u,cache-references,0.0,100.0,nan,,ok
11323.233576,nan,,cache-misses:u,cache-misses,0.0,100.0,nan,,ok
11323.233576,nan,,stalled-cycles-frontend:u,stalled-cycles-frontend,0.0,100.0,nan,,ok
11335.234969,0.0,,instructions:u,instructions,1314091.0,24.0,nan,,ok
11335.234969,0.0,,cycles:u,cycles,314391.0,5.0,nan,,ok
11335.234969,0.0,,branches:u,branches,1291418.0,24.0,nan,,ok
11335.234969,0.0,,branch-misses:u,branch-misses,2286455.0,43.0,nan,,ok
11335.234969,0.0,,L1-dcache-loads:u,l1-dcache-loads,2972911.0,56.0,nan,,ok
11335.234969,0.0,,cache-references:u,cache-references,3976967.0,75.0,nan,,ok
11335.234969,0.0,,cache-misses:u,cache-misses,4976667.0,94.0,nan,,ok
11335.234969,0.0,,stalled-cycles-frontend:u,stalled-cycles-frontend,1314091.0,24.0,nan,,ok
11347.231943,nan,,instructions:u,instructions,0.0,100.0,nan,,ok
11347.231943,nan,,cycles:u,cycles,0.0,100.0,nan,,ok
11347.231943,nan,,branches:u,branches,0.0,100.0,nan,,ok
11347.231943,nan,,branch-misses:u,branch-misses,0.0,100.0,nan,,ok
11347.231943,nan,,L1-dcache-loads:u,l1-dcache-loads,0.0,100.0,nan,,ok
11347.231943,nan,,cache-references:u,cache-references,0.0,100.0,nan,,ok
11347.231943,nan,,cache-misses:u,cache-misses,0.0,100.0,nan,,ok
11347.231943,nan,,stalled-cycles-frontend:u,stalled-cycles-frontend,0.0,100.0,nan,,ok
11357.856885000001,nan,,instructions:u,instructions,0.0,100.0,nan,,ok
11357.856885000001,nan,,cycles:u,cycles,0.0,100.0,nan,,ok
11357.856885000001,nan,,branches:u,branches,0.0,100.0,nan,,ok
11357.856885000001,nan,,branch-misses:u,branch-misses,0.0,100.0,nan,,ok
11357.856885000001,nan,,L1-dcache-loads:u,l1-dcache-loads,0.0,100.0,nan,,ok
11357.856885000001,nan,,cache-references:u,cache-references,0.0,100.0,nan,,ok
11357.856885000001,nan,,cache-misses:u,cache-misses,0.0,100.0,nan,,ok
11357.856885000001,nan,,stalled-cycles-frontend:u,stalled-cycles-frontend,0.0,100.0,nan,,ok
11370.235580999999,nan,,instructions:u,instructions,0.0,100.0,nan,,ok
11370.235580999999,nan,,cycles:u,cycles,0.0,100.0,nan,,ok
11370.235580999999,nan,,branches:u,branches,0.0,100.0,nan,,ok
11370.235580999999,nan,,branch-misses:u,branch-misses,0.0,100.0,nan,,ok
11370.235580999999,nan,,L1-dcache-loads:u,l1-dcache-loads,0.0,100.0,nan,,ok
11370.235580999999,nan,,cache-references:u,cache-references,0.0,100.0,nan,,ok
11370.235580999999,nan,,cache-misses:u,cache-misses,0.0,100.0,nan,,ok
11370.235580999999,nan,,stalled-cycles-frontend:u,stalled-cycles-frontend,0.0,100.0,nan,,ok
11382.230577,nan,,instructions:u,instructions,0.0,100.0,nan,,ok
11382.230577,nan,,cycles:u,cycles,0.0,100.0,nan,,ok
11382.230577,nan,,branches:u,branches,0.0,100.0,nan,,ok
11382.230577,nan,,branch-misses:u,branch-misses,0.0,100.0,nan,,ok
11382.230577,nan,,L1-dcache-loads:u,l1-dcache-loads,0.0,100.0,nan,,ok
11382.230577,nan,,cache-references:u,cache-references,0.0,100.0,nan,,ok
11382.230577,nan,,cache-misses:u,cache-misses,0.0,100.0,nan,,ok
11382.230577,nan,,stalled-cycles-frontend:u,stalled-cycles-frontend,0.0,100.0,nan,,ok
11392.959673,0.0,,instructions:u,instructions,1988590.0,35.0,nan,,ok
11392.959673,0.0,,cycles:u,cycles,2985848.0,52.0,nan,,ok
11392.959673,0.0,,branches:u,branches,3982762.0,70.0,nan,,ok
11392.959673,0.0,,branch-misses:u,branch-misses,4987906.0,88.0,nan,,ok
11392.959673,0.0,,L1-dcache-loads:u,l1-dcache-loads,4653004.0,82.0,nan,,ok
11392.959673,0.0,,cache-references:u,cache-references,3652836.0,64.0,nan,,ok
11392.959673,0.0,,cache-misses:u,cache-misses,2655578.0,47.0,nan,,ok
11392.959673,0.0,,stalled-cycles-frontend:u,stalled-cycles-frontend,988422.0,17.0,nan,,ok
11405.234298,nan,,instructions:u,instructions,0.0,100.0,nan,,ok
11405.234298,nan,,cycles:u,cycles,0.0,100.0,nan,,ok
11405.234298,nan,,branches:u,branches,0.0,100.0,nan,,ok
11405.234298,nan,,branch-misses:u,branch-misses,0.0,100.0,nan,,ok
11405.234298,nan,,L1-dcache-loads:u,l1-dcache-loads,0.0,100.0,nan,,ok
11405.234298,nan,,cache-references:u,cache-references,0.0,100.0,nan,,ok
11405.234298,nan,,cache-misses:u,cache-misses,0.0,100.0,nan,,ok
11405.234298,nan,,stalled-cycles-frontend:u,stalled-cycles-frontend,0.0,100.0,nan,,ok
11417.242085,nan,,instructions:u,instructions,0.0,100.0,nan,,ok
11417.242085,nan,,cycles:u,cycles,0.0,100.0,nan,,ok
11417.242085,nan,,branches:u,branches,0.0,100.0,nan,,ok
11417.242085,nan,,branch-misses:u,branch-misses,0.0,100.0,nan,,ok
11417.242085,nan,,L1-dcache-loads:u,l1-dcache-loads,0.0,100.0,nan,,ok
11417.242085,nan,,cache-references:u,cache-references,0.0,100.0,nan,,ok
11417.242085,nan,,cache-misses:u,cache-misses,0.0,100.0,nan,,ok
11417.242085,nan,,stalled-cycles-frontend:u,stalled-cycles-frontend,0.0,100.0,nan,,ok
11427.974619,0.0,,instructions:u,instructions,2997170.0,54.0,nan,,ok
11427.974619,0.0,,cycles:u,cycles,2481835.0,45.0,nan,,ok
11427.974619,0.0,,branches:u,branches,2481835.0,45.0,nan,,ok
11427.974619,0.0,,branch-misses:u,branch-misses,2481835.0,45.0,nan,,ok
11427.974619,0.0,,L1-dcache-loads:u,l1-dcache-loads,2449837.0,44.0,nan,,ok
11427.974619,0.0,,cache-references:u,cache-references,2454838.0,45.0,nan,,ok
11427.974619,0.0,,cache-misses:u,cache-misses,2970173.0,54.0,nan,,ok
11427.974619,0.0,,stalled-cycles-frontend:u,stalled-cycles-frontend,1994894.0,36.0,nan,,ok
11440.240804000001,nan,,instructions:u,instructions,0.0,100.0,nan,,ok
11440.240804000001,nan,,cycles:u,cycles,0.0,100.0,nan,,ok
11440.240804000001,nan,,branches:u,branches,0.0,100.0,nan,,ok
11440.240804000001,nan,,branch-misses:u,branch-misses,0.0,100.0,nan,,ok
11440.240804000001,nan,,L1-dcache-loads:u,l1-dcache-loads,0.0,100.0,nan,,ok
11440.240804000001,nan,,cache-references:u,cache-references,0.0,100.0,nan,,ok
11440.240804000001,nan,,cache-misses:u,cache-misses,0.0,100.0,nan,,ok
11440.240804000001,nan,,stalled-cycles-frontend:u,stalled-cycles-frontend,0.0,100.0,nan,,ok
11452.229000000001,nan,,instructions:u,instructions,0.0,100.0,nan,,ok
11452.229000000001,nan,,cycles:u,cycles,0.0,100.0,nan,,ok
11452.229000000001,nan,,branches:u,branches,0.0,100.0,nan,,ok
11452.229000000001,nan,,branch-misses:u,branch-misses,0.0,100.0,nan,,ok
11452.229000000001,nan,,L1-dcache-loads:u,l1-dcache-loads,0.0,100.0,nan,,ok
11452.229000000001,nan,,cache-references:u,cache-references,0.0,100.0,nan,,ok
11452.229000000001,nan,,cache-misses:u,cache-misses,0.0,100.0,nan,,ok
11452.229000000001,nan,,stalled-cycles-frontend:u,stalled-cycles-frontend,0.0,100.0,nan,,ok
11464.231499,nan,,instructions:u,instructions,0.0,0.0,nan,,ok
11464.231499,0.0,,cycles:u,cycles,90782.0,100.0,nan,,ok
11464.231499,0.0,,branches:u,branches,109167.0,100.0,nan,,ok
11464.231499,0.0,,branch-misses:u,branch-misses,126139.0,100.0,nan,,ok
11464.231499,0.0,,L1-dcache-loads:u,l1-dcache-loads,141157.0,100.0,nan,,ok
11464.231499,0.0,,cache-references:u,cache-references,157556.0,100.0,nan,,ok
11464.231499,nan,,cache-misses:u,cache-misses,0.0,0.0,nan,,ok
11464.231499,nan,,stalled-cycles-frontend:u,stalled-cycles-frontend,0.0,0.0,nan,,ok
11476.227719,0.0,,instructions:u,instructions,1528350.0,23.0,nan,,ok
11476.227719,0.0,,cycles:u,cycles,1432261.0,22.0,nan,,ok
11476.227719,0.0,,branches:u,branches,2417766.0,37.0,nan,,ok
11476.227719,0.0,,branch-misses:u,branch-misses,3401380.0,53.0,nan,,ok
11476.227719,0.0,,L1-dcache-loads:u,l1-dcache-loads,3853189.0,60.0,nan,,ok
11476.227719,0.0,,cache-references:u,cache-references,4839677.0,75.0,nan,,ok
11476.227719,0.0,,cache-misses:u,cache-misses,5002540.0,78.0,nan,,ok
11476.227719,0.0,,stalled-cycles-frontend:u,stalled-cycles-frontend,1528350.0,24.0,nan,,ok
11488.235792,nan,,instructions:u,instructions,0.0,100.0,nan,,ok
11488.235792,nan,,cycles:u,cycles,0.0,100.0,nan,,ok
11488.235792,nan,,branches:u,branches,0.0,100.0,nan,,ok
11488.235792,nan,,branch-misses:u,branch-misses,0.0,100.0,nan,,ok
11488.235792,nan,,L1-dcache-loads:u,l1-dcache-loads,0.0,100.0,nan,,ok
11488.235792,nan,,cache-references:u,cache-references,0.0,100.0,nan,,ok
11488.235792,nan,,cache-misses:u,cache-misses,0.0,100.0,nan,,ok
11488.235792,nan,,stalled-cycles-frontend:u,stalled-cycles-frontend,0.0,100.0,nan,,ok
11498.950116,nan,,instructions:u,instructions,0.0,100.0,nan,,ok
11498.950116,nan,,cycles:u,cycles,0.0,100.0,nan,,ok
11498.950116,nan,,branches:u,branches,0.0,100.0,nan,,ok
11498.950116,nan,,branch-misses:u,branch-misses,0.0,100.0,nan,,ok
11498.950116,nan,,L1-dcache-loads:u,l1-dcache-loads,0.0,100.0,nan,,ok
11498.950116,nan,,cache-references:u,cache-references,0.0,100.0,nan,,ok
11498.950116,nan,,cache-misses:u,cache-misses,0.0,100.0,nan,,ok
11498.950116,nan,,stalled-cycles-frontend:u,stalled-cycles-frontend,0.0,100.0,nan,,ok
11509.651295,0.0,,instructions:u,instructions,1393202.0,100.0,nan,,ok
11509.651295,0.0,,cycles:u,cycles,1419954.0,100.0,nan,,ok
11509.651295,0.0,,branches:u,branches,1444897.0,100.0,nan,,ok
11509.651295,0.0,,branch-misses:u,branch-misses,1466095.0,100.0,nan,,ok
11509.651295,0.0,,L1-dcache-loads:u,l1-dcache-loads,582147.0,39.0,nan,,ok
11509.651295,nan,,cache-references:u,cache-references,0.0,0.0,nan,,ok
11509.651295,nan,,cache-misses:u,cache-misses,0.0,0.0,nan,,ok
11509.651295,0.0,,stalled-cycles-frontend:u,stalled-cycles-frontend,903442.0,59.0,nan,,ok
11522.238383,0.0,,instructions:u,instructions,498963.0,12.0,nan,,ok
11522.238383,0.0,,cycles:u,cycles,1470560.0,38.0,nan,,ok
11522.238383,0.0,,branches:u,branches,2448151.0,63.0,nan,,ok
11522.238383,0.0,,branch-misses:u,branch-misses,3424927.0,89.0,nan,,ok
11522.238383,0.0,,L1-dcache-loads:u,l1-dcache-loads,3800092.0,100.0,nan,,ok
11522.238383,0.0,,cache-references:u,cache-references,3393516.0,89.0,nan,,ok
11522.238383,0.0,,cache-misses:u,cache-misses,2395167.0,63.0,nan,,ok
11522.238383,nan,,stalled-cycles-frontend:u,stalled-cycles-frontend,0.0,0.0,nan,,ok
11532.973179,nan,,instructions:u,instructions,0.0,100.0,nan,,ok
11532.973179,nan,,cycles:u,cycles,0.0,100.0,nan,,ok
11532.973179,nan,,branches:u,branches,0.0,100.0,nan,,ok
11532.973179,nan,,branch-misses:u,branch-misses,0.0,100.0,nan,,ok
11532.973179,nan,,L1-dcache-loads:u,l1-dcache-loads,0.0,100.0,nan,,ok
11532.973179,nan,,cache-references:u,cache-references,0.0,100.0,nan,,ok
11532.973179,nan,,cache-misses:u,cache-misses,0.0,100.0,nan,,ok
11532.973179,nan,,stalled-cycles-frontend:u,stalled-cycles-frontend,0.0,100.0,nan,,ok
11545.240759,nan,,instructions:u,instructions,0.0,100.0,nan,,ok
11545.240759,nan,,cycles:u,cycles,0.0,100.0,nan,,ok
11545.240759,nan,,branches:u,branches,0.0,100.0,nan,,ok
11545.240759,nan,,branch-misses:u,branch-misses,0.0,100.0,nan,,ok
11545.240759,nan,,L1-dcache-loads:u,l1-dcache-loads,0.0,100.0,nan,,ok
11545.240759,nan,,cache-references:u,cache-references,0.0,100.0,nan,,ok
11545.240759,nan,,cache-misses:u,cache-misses,0.0,100.0,nan,,ok
11545.240759,nan,,stalled-cycles-frontend:u,stalled-cycles-frontend,0.0,100.0,nan,,ok
11557.232623999998,0.0,,instructions:u,instructions,2085817.0,51.0,nan,,ok
11557.232623999998,0.0,,cycles:u,cycles,1122339.0,27.0,nan,,ok
11557.232623999998,0.0,,branches:u,branches,1144989.0,27.0,nan,,ok
11557.232623999998,0.0,,branch-misses:u,branch-misses,1164577.0,28.0,nan,,ok
11557.232623999998,0.0,,L1-dcache-loads:u,l1-dcache-loads,1135158.0,27.0,nan,,ok
11557.232623999998,0.0,,cache-references:u,cache-references,1948975.0,47.0,nan,,ok
11557.232623999998,0.0,,cache-misses:u,cache-misses,2944514.0,70.0,nan,,ok
11557.232623999998,0.0,,stalled-cycles-frontend:u,stalled-cycles-frontend,1996351.0,47.0,nan,,ok
11569.232396,0.0,,instructions:u,instructions,440281.0,100.0,nan,,ok
11569.232396,0.0,,cycles:u,cycles,408220.0,100.0,nan,,ok
11569.232396,0.0,,branches:u,branches,385570.0,100.0,nan,,ok
11569.232396,0.0,,branch-misses:u,branch-misses,365982.0,100.0,nan,,ok
11569.232396,0.0,,L1-dcache-loads:u,l1-dcache-loads,343510.0,100.0,nan,,ok
11569.232396,nan,,cache-references:u,cache-references,0.0,0.0,nan,,ok
11569.232396,nan,,cache-misses:u,cache-misses,0.0,0.0,nan,,ok
11569.232396,nan,,stalled-cycles-frontend:u,stalled-cycles-frontend,0.0,0.0,nan,,ok
11579.869089,nan,,instructions:u,instructions,0.0,100.0,nan,,ok
11579.869089,nan,,cycles:u,cycles,0.0,100.0,nan,,ok
11579.869089,nan,,branches:u,branches,0.0,100.0,nan,,ok
11579.869089,nan,,branch-misses:u,branch-misses,0.0,100.0,nan,,ok
11579.869089,nan,,L1-dcache-loads:u,l1-dcache-loads,0.0,100.0,nan,,ok
11579.869089,nan,,cache-references:u,cache-references,0.0,100.0,nan,,ok
11579.869089,nan,,cache-misses:u,cache-misses,0.0,100.0,nan,,ok
11579.869089,nan,,stalled-cycles-frontend:u,stalled-cycles-frontend,0.0,100.0,nan,,ok
11592.240042,0.0,,instructions:u,instructions,90065.0,100.0,nan,,ok
11592.240042,0.0,,cycles:u,cycles,116859.0,100.0,nan,,ok
11592.240042,0.0,,branches:u,branches,154326.0,100.0,nan,,ok
11592.240042,0.0,,branch-misses:u,branch-misses,173906.0,100.0,nan,,ok
11592.240042,0.0,,L1-dcache-loads:u,l1-dcache-loads,208960.0,100.0,nan,,ok
11592.240042,nan,,cache-references:u,cache-references,0.0,0.0,nan,,ok
11592.240042,nan,,cache-misses:u,cache-misses,0.0,0.0,nan,,ok
11592.240042,nan,,stalled-cycles-frontend:u,stalled-cycles-frontend,0.0,0.0,nan,,ok
11603.028667,0.0,,instructions:u,instructions,909163.0,15.0,nan,,ok
11603.028667,0.0,,cycles:u,cycles,1843601.0,32.0,nan,,ok
11603.028667,0.0,,branches:u,branches,2809969.0,49.0,nan,,ok
11603.028667,0.0,,branch-misses:u,branch-misses,3787008.0,67.0,nan,,ok
11603.028667,0.0,,L1-dcache-loads:u,l1-dcache-loads,4756962.0,84.0,nan,,ok
11603.028667,0.0,,cache-references:u,cache-references,4820945.0,86.0,nan,,ok
11603.028667,0.0,,cache-misses:u,cache-misses,3859713.0,69.0,nan,,ok
11603.028667,nan,,stalled-cycles-frontend:u,stalled-cycles-frontend,0.0,0.0,nan,,ok
11615.237954,nan,,instructions:u,instructions,0.0,100.0,nan,,ok
11615.237954,nan,,cycles:u,cycles,0.0,100.0,nan,,ok
11615.237954,nan,,branches:u,branches,0.0,100.0,nan,,ok
11615.237954,nan,,branch-misses:u,branch-misses,0.0,100.0,nan,,ok
11615.237954,nan,,L1-dcache-loads:u,l1-dcache-loads,0.0,100.0,nan,,ok
11615.237954,nan,,cache-references:u,cache-references,0.0,100.0,nan,,ok
11615.237954,nan,,cache-misses:u,cache-misses,0.0,100.0,nan,,ok
11615.237954,nan,,stalled-cycles-frontend:u,stalled-cycles-frontend,0.0,100.0,nan,,ok
11627.241567000001,nan,,instructions:u,instructions,0.0,100.0,nan,,ok
11627.241567000001,nan,,cycles:u,cycles,0.0,100.0,nan,,ok
11627.241567000001,nan,,branches:u,branches,0.0,100.0,nan,,ok
11627.241567000001,nan,,branch-misses:u,branch-misses,0.0,100.0,nan,,ok
11627.241567000001,nan,,L1-dcache-loads:u,l1-dcache-loads,0.0,100.0,nan,,ok
11627.241567000001,nan,,cache-references:u,cache-references,0.0,100.0,nan,,ok
11627.241567000001,nan,,cache-misses:u,cache-misses,0.0,100.0,nan,,ok
11627.241567000001,nan,,stalled-cycles-frontend:u,stalled-cycles-frontend,0.0,100.0,nan,,ok
11637.957059,nan,,instructions:u,instructions,0.0,100.0,nan,,ok
11637.957059,nan,,cycles:u,cycles,0.0,100.0,nan,,ok
11637.957059,nan,,branches:u,branches,0.0,100.0,nan,,ok
11637.957059,nan,,branch-misses:u,branch-misses,0.0,100.0,nan,,ok
11637.957059,nan,,L1-dcache-loads:u,l1-dcache-loads,0.0,100.0,nan,,ok
11637.957059,nan,,cache-references:u,cache-references,0.0,100.0,nan,,ok
11637.957059,nan,,cache-misses:u,cache-misses,0.0,100.0,nan,,ok
11637.957059,nan,,stalled-cycles-frontend:u,stalled-cycles-frontend,0.0,100.0,nan,,ok
11650.240568,0.0,,instructions:u,instructions,2998286.0,53.0,nan,,ok
11650.240568,0.0,,cycles:u,cycles,2997822.0,53.0,nan,,ok
11650.240568,0.0,,branches:u,branches,3642997.0,64.0,nan,,ok
11650.240568,0.0,,branch-misses:u,branch-misses,3642997.0,64.0,nan,,ok
11650.240568,0.0,,L1-dcache-loads:u,l1-dcache-loads,2643002.0,47.0,nan,,ok
11650.240568,0.0,,cache-references:u,cache-references,2608696.0,46.0,nan,,ok
11650.240568,0.0,,cache-misses:u,cache-misses,2609160.0,46.0,nan,,ok
11650.240568,0.0,,stalled-cycles-frontend:u,stalled-cycles-frontend,2001106.0,35.0,nan,,ok
11665.234479,nan,,instructions:u,instructions,0.0,100.0,nan,,ok
11665.234479,nan,,cycles:u,cycles,0.0,100.0,nan,,ok
11665.234479,nan,,branches:u,branches,0.0,100.0,nan,,ok
11665.234479,nan,,branch-misses:u,branch-misses,0.0,100.0,nan,,ok
11665.234479,nan,,L1-dcache-loads:u,l1-dcache-loads,0.0,100.0,nan,,ok
11665.234479,nan,,cache-references:u,cache-references,0.0,100.0,nan,,ok
11665.234479,nan,,cache-misses:u,cache-misses,0.0,100.0,nan,,ok
11665.234479,nan,,stalled-cycles-frontend:u,stalled-cycles-frontend,0.0,100.0,nan,,ok
11680.236594,nan,,instructions:u,instructions,0.0,100.0,nan,,ok
11680.236594,nan,,cycles:u,cycles,0.0,100.0,nan,,ok
11680.236594,nan,,branches:u,branches,0.0,100.0,nan,,ok
11680.236594,nan,,branch-misses:u,branch-misses,0.0,100.0,nan,,ok
11680.236594,nan,,L1-dcache-loads:u,l1-dcache-loads,0.0,100.0,nan,,ok
11680.236594,nan,,cache-references:u,cache-references,0.0,100.0,nan,,ok
11680.236594,nan,,cache-misses:u,cache-misses,0.0,100.0,nan,,ok
11680.236594,nan,,stalled-cycles-frontend:u,stalled-cycles-frontend,0.0,100.0,nan,,ok
11693.231401000001,nan,,instructions:u,instructions,0.0,100.0,nan,,ok
11693.231401000001,nan,,cycles:u,cycles,0.0,100.0,nan,,ok
11693.231401000001,nan,,branches:u,branches,0.0,100.0,nan,,ok
11693.231401000001,nan,,branch-misses:u,branch-misses,0.0,100.0,nan,,ok
11693.231401000001,nan,,L1-dcache-loads:u,l1-dcache-loads,0.0,100.0,nan,,ok
11693.231401000001,nan,,cache-references:u,cache-references,0.0,100.0,nan,,ok
11693.231401000001,nan,,cache-misses:u,cache-misses,0.0,100.0,nan,,ok
11693.231401000001,nan,,stalled-cycles-frontend:u,stalled-cycles-frontend,0.0,100.0,nan,,ok
11705.23236,nan,,instructions:u,instructions,0.0,100.0,nan,,ok
11705.23236,nan,,cycles:u,cycles,0.0,100.0,nan,,ok
11705.23236,nan,,branches:u,branches,0.0,100.0,nan,,ok
11705.23236,nan,,branch-misses:u,branch-misses,0.0,100.0,nan,,ok
11705.23236,nan,,L1-dcache-loads:u,l1-dcache-loads,0.0,100.0,nan,,ok
11705.23236,nan,,cache-references:u,cache-references,0.0,100.0,nan,,ok
11705.23236,nan,,cache-misses:u,cache-misses,0.0,100.0,nan,,ok
11705.23236,nan,,stalled-cycles-frontend:u,stalled-cycles-frontend,0.0,100.0,nan,,ok
11717.240833,nan,,instructions:u,instructions,0.0,100.0,nan,,ok
11717.240833,nan,,cycles:u,cycles,0.0,100.0,nan,,ok
11717.240833,nan,,branches:u,branches,0.0,100.0,nan,,ok
11717.240833,nan,,branch-misses:u,branch-misses,0.0,100.0,nan,,ok
11717.240833,nan,,L1-dcache-loads:u,l1-dcache-loads,0.0,100.0,nan,,ok
11717.240833,nan,,cache-references:u,cache-references,0.0,100.0,nan,,ok
11717.240833,nan,,cache-misses:u,cache-misses,0.0,100.0,nan,,ok
11717.240833,nan,,stalled-cycles-frontend:u,stalled-cycles-frontend,0.0,100.0,nan,,ok
11727.936519,0.0,,instructions:u,instructions,797299.0,16.0,nan,,ok
11727.936519,nan,,cycles:u,cycles,0.0,0.0,nan,,ok
11727.936519,0.0,,branches:u,branches,994012.0,20.0,nan,,ok
11727.936519,0.0,,branch-misses:u,branch-misses,1992606.0,41.0,nan,,ok
11727.936519,0.0,,L1-dcache-loads:u,l1-dcache-loads,2987724.0,61.0,nan,,ok
11727.936519,0.0,,cache-references:u,cache-references,3990766.0,82.0,nan,,ok
11727.936519,0.0,,cache-misses:u,cache-misses,4901926.0,100.0,nan,,ok
11727.936519,0.0,,stalled-cycles-frontend:u,stalled-cycles-frontend,911160.0,18.0,nan,,ok
11740.226187999999,0.0,,instructions:u,instructions,113861.0,100.0,nan,,ok
11740.226187999999,nan,,cycles:u,cycles,0.0,0.0,nan,,ok
11740.226187999999,nan,,branches:u,branches,0.0,0.0,nan,,ok
11740.226187999999,nan,,branch-misses:u,branch-misses,0.0,0.0,nan,,ok
11740.226187999999,nan,,L1-dcache-loads:u,l1-dcache-loads,0.0,0.0,nan,,ok
11740.226187999999,nan,,cache-references:u,cache-references,0.0,0.0,nan,,ok
11740.226187999999,nan,,cache-misses:u,cache-misses,0.0,100.0,nan,,ok
11740.226187999999,nan,,stalled-cycles-frontend:u,stalled-cycles-frontend,0.0,100.0,nan,,ok
11752.240181,nan,,instructions:u,instructions,0.0,100.0,nan,,ok
11752.240181,nan,,cycles:u,cycles,0.0,100.0,nan,,ok
11752.240181,nan,,branches:u,branches,0.0,100.0,nan,,ok
11752.240181,nan,,branch-misses:u,branch-misses,0.0,100.0,nan,,ok
11752.240181,nan,,L1-dcache-loads:u,l1-dcache-loads,0.0,100.0,nan,,ok
11752.240181,nan,,cache-references:u,cache-references,0.0,100.0,nan,,ok
11752.240181,nan,,cache-misses:u,cache-misses,0.0,100.0,nan,,ok
11752.240181,nan,,stalled-cycles-frontend:u,stalled-cycles-frontend,0.0,100.0,nan,,ok
11764.240717,nan,,instructions:u,instructions,0.0,100.0,nan,,ok
11764.240717,nan,,cycles:u,cycles,0.0,100.0,nan,,ok
11764.240717,nan,,branches:u,branches,0.0,100.0,nan,,ok
11764.240717,nan,,branch-misses:u,branch-misses,0.0,100.0,nan,,ok
11764.240717,nan,,L1-dcache-loads:u,l1-dcache-loads,0.0,100.0,nan,,ok
11764.240717,nan,,cache-references:u,cache-references,0.0,100.0,nan,,ok
11764.240717,nan,,cache-misses:u,cache-misses,0.0,100.0,nan,,ok
11764.240717,nan,,stalled-cycles-frontend:u,stalled-cycles-frontend,0.0,100.0,nan,,ok
11776.225599,nan,,instructions:u,instructions,0.0,100.0,nan,,ok
11776.225599,nan,,cycles:u,cycles,0.0,100.0,nan,,ok
11776.225599,nan,,branches:u,branches,0.0,100.0,nan,,ok
11776.225599,nan,,branch-misses:u,branch-misses,0.0,100.0,nan,,ok
11776.225599,nan,,L1-dcache-loads:u,l1-dcache-loads,0.0,100.0,nan,,ok
11776.225599,nan,,cache-references:u,cache-references,0.0,100.0,nan,,ok
11776.225599,nan,,cache-misses:u,cache-misses,0.0,100.0,nan,,ok
11776.225599,nan,,stalled-cycles-frontend:u,stalled-cycles-frontend,0.0,100.0,nan,,ok
11788.241649,nan,,instructions:u,instructions,0.0,100.0,nan,,ok
11788.241649,nan,,cycles:u,cycles,0.0,100.0,nan,,ok
11788.241649,nan,,branches:u,branches,0.0,100.0,nan,,ok
11788.241649,nan,,branch-misses:u,branch-misses,0.0,100.0,nan,,ok
11788.241649,nan,,L1-dcache-loads:u,l1-dcache-loads,0.0,100.0,nan,,ok
11788.241649,nan,,cache-references:u,cache-references,0.0,100.0,nan,,ok
11788.241649,nan,,cache-misses:u,cache-misses,0.0,100.0,nan,,ok
11788.241649,nan,,stalled-cycles-frontend:u,stalled-cycles-frontend,0.0,100.0,nan,,ok
11798.884814000001,nan,,instructions:u,instructions,0.0,100.0,nan,,ok
11798.884814000001,nan,,cycles:u,cycles,0.0,100.0,nan,,ok
11798.884814000001,nan,,branches:u,branches,0.0,100.0,nan,,ok
11798.884814000001,nan,,branch-misses:u,branch-misses,0.0,100.0,nan,,ok
11798.884814000001,nan,,L1-dcache-loads:u,l1-dcache-loads,0.0,100.0,nan,,ok
11798.884814000001,nan,,cache-references:u,cache-references,0.0,100.0,nan,,ok
11798.884814000001,nan,,cache-misses:u,cache-misses,0.0,100.0,nan,,ok
11798.884814000001,nan,,stalled-cycles-frontend:u,stalled-cycles-frontend,0.0,100.0,nan,,ok
11809.601167,0.0,,instructions:u,instructions,2977526.0,70.0,nan,,ok
11809.601167,0.0,,cycles:u,cycles,3002848.0,70.0,nan,,ok
11809.601167,0.0,,branches:u,branches,3252461.0,76.0,nan,,ok
11809.601167,0.0,,branch-misses:u,branch-misses,3252461.0,76.0,nan,,ok
11809.601167,0.0,,L1-dcache-loads:u,l1-dcache-loads,2251284.0,53.0,nan,,ok
11809.601167,0.0,,cache-references:u,cache-references,1253353.0,29.0,nan,,ok
11809.601167,0.0,,cache-misses:u,cache-misses,1228031.0,29.0,nan,,ok
11809.601167,0.0,,stalled-cycles-frontend:u,stalled-cycles-frontend,1979595.0,46.0,nan,,ok
11824.233784,nan,,instructions:u,instructions,0.0,100.0,nan,,ok
11824.233784,nan,,cycles:u,cycles,0.0,100.0,nan,,ok
11824.233784,nan,,branches:u,branches,0.0,100.0,nan,,ok
11824.233784,nan,,branch-misses:u,branch-misses,0.0,100.0,nan,,ok
11824.233784,nan,,L1-dcache-loads:u,l1-dcache-loads,0.0,100.0,nan,,ok
11824.233784,nan,,cache-references:u,cache-references,0.0,100.0,nan,,ok
11824.233784,nan,,cache-misses:u,cache-misses,0.0,100.0,nan,,ok
11824.233784,nan,,stalled-cycles-frontend:u,stalled-cycles-frontend,0.0,100.0,nan,,ok
11839.238184,nan,,instructions:u,instructions,0.0,100.0,nan,,ok
11839.238184,nan,,cycles:u,cycles,0.0,100.0,nan,,ok
11839.238184,nan,,branches:u,branches,0.0,100.0,nan,,ok
11839.238184,nan,,branch-misses:u,branch-misses,0.0,100.0,nan,,ok
11839.238184,nan,,L1-dcache-loads:u,l1-dcache-loads,0.0,100.0,nan,,ok
11839.238184,nan,,cache-references:u,cache-references,0.0,100.0,nan,,ok
11839.238184,nan,,cache-misses:u,cache-misses,0.0,100.0,nan,,ok
11839.238184,nan,,stalled-cycles-frontend:u,stalled-cycles-frontend,0.0,100.0,nan,,ok
11851.230124000002,nan,,instructions:u,instructions,0.0,100.0,nan,,ok
11851.230124000002,nan,,cycles:u,cycles,0.0,100.0,nan,,ok
11851.230124000002,nan,,branches:u,branches,0.0,100.0,nan,,ok
11851.230124000002,nan,,branch-misses:u,branch-misses,0.0,100.0,nan,,ok
11851.230124000002,nan,,L1-dcache-loads:u,l1-dcache-loads,0.0,100.0,nan,,ok
11851.230124000002,nan,,cache-references:u,cache-references,0.0,100.0,nan,,ok
11851.230124000002,nan,,cache-misses:u,cache-misses,0.0,100.0,nan,,ok
11851.230124000002,nan,,stalled-cycles-frontend:u,stalled-cycles-frontend,0.0,100.0,nan,,ok
11863.236887,nan,,instructions:u,instructions,0.0,100.0,nan,,ok
11863.236887,nan,,cycles:u,cycles,0.0,100.0,nan,,ok
11863.236887,nan,,branches:u,branches,0.0,100.0,nan,,ok
11863.236887,nan,,branch-misses:u,branch-misses,0.0,100.0,nan,,ok
11863.236887,nan,,L1-dcache-loads:u,l1-dcache-loads,0.0,100.0,nan,,ok
11863.236887,nan,,cache-references:u,cache-references,0.0,100.0,nan,,ok
11863.236887,nan,,cache-misses:u,cache-misses,0.0,100.0,nan,,ok
11863.236887,nan,,stalled-cycles-frontend:u,stalled-cycles-frontend,0.0,100.0,nan,,ok
11873.869377,0.0,,instructions:u,instructions,731349.0,15.0,nan,,ok
11873.869377,nan,,cycles:u,cycles,0.0,0.0,nan,,ok
11873.869377,0.0,,branches:u,branches,986723.0,20.0,nan,,ok
11873.869377,0.0,,branch-misses:u,branch-misses,1980130.0,41.0,nan,,ok
11873.869377,0.0,,L1-dcache-loads:u,l1-dcache-loads,2985127.0,62.0,nan,,ok
11873.869377,0.0,,cache-references:u,cache-references,3983802.0,83.0,nan,,ok
11873.869377,0.0,,cache-misses:u,cache-misses,4809923.0,100.0,nan,,ok
11873.869377,0.0,,stalled-cycles-frontend:u,stalled-cycles-frontend,848246.0,17.0,nan,,ok
11884.644665,0.0,,instructions:u,instructions,236385.0,100.0,nan,,ok
11884.644665,nan,,cycles:u,cycles,0.0,0.0,nan,,ok
11884.644665,nan,,branches:u,branches,0.0,0.0,nan,,ok
11884.644665,nan,,branch-misses:u,branch-misses,0.0,0.0,nan,,ok
11884.644665,nan,,L1-dcache-loads:u,l1-dcache-loads,0.0,0.0,nan,,ok
11884.644665,nan,,cache-references:u,cache-references,0.0,0.0,nan,,ok
11884.644665,0.0,,cache-misses:u,cache-misses,141613.0,100.0,nan,,ok
11884.644665,0.0,,stalled-cycles-frontend:u,stalled-cycles-frontend,119488.0,100.0,nan,,ok
11897.228315,nan,,instructions:u,instructions,0.0,100.0,nan,,ok
11897.228315,nan,,cycles:u,cycles,0.0,100.0,nan,,ok
11897.228315,nan,,branches:u,branches,0.0,100.0,nan,,ok
11897.228315,nan,,branch-misses:u,branch-misses,0.0,100.0,nan,,ok
11897.228315,nan,,L1-dcache-loads:u,l1-dcache-loads,0.0,100.0,nan,,ok
11897.228315,nan,,cache-references:u,cache-references,0.0,100.0,nan,,ok
11897.228315,nan,,cache-misses:u,cache-misses,0.0,100.0,nan,,ok
11897.228315,nan,,stalled-cycles-frontend:u,stalled-cycles-frontend,0.0,100.0,nan,,ok
11907.849504,nan,,instructions:u,instructions,0.0,100.0,nan,,ok
11907.849504,nan,,cycles:u,cycles,0.0,100.0,nan,,ok
11907.849504,nan,,branches:u,branches,0.0,100.0,nan,,ok
11907.849504,nan,,branch-misses:u,branch-misses,0.0,100.0,nan,,ok
11907.849504,nan,,L1-dcache-loads:u,l1-dcache-loads,0.0,100.0,nan,,ok
11907.849504,nan,,cache-references:u,cache-references,0.0,100.0,nan,,ok
11907.849504,nan,,cache-misses:u,cache-misses,0.0,100.0,nan,,ok
11907.849504,nan,,stalled-cycles-frontend:u,stalled-cycles-frontend,0.0,100.0,nan,,ok
11918.511333999999,nan,,instructions:u,instructions,0.0,100.0,nan,,ok
11918.511333999999,nan,,cycles:u,cycles,0.0,100.0,nan,,ok
11918.511333999999,nan,,branches:u,branches,0.0,100.0,nan,,ok
11918.511333999999,nan,,branch-misses:u,branch-misses,0.0,100.0,nan,,ok
11918.511333999999,nan,,L1-dcache-loads:u,l1-dcache-loads,0.0,100.0,nan,,ok
11918.511333999999,nan,,cache-references:u,cache-references,0.0,100.0,nan,,ok
11918.511333999999,nan,,cache-misses:u,cache-misses,0.0,100.0,nan,,ok
11918.511333999999,nan,,stalled-cycles-frontend:u,stalled-cycles-frontend,0.0,100.0,nan,,ok
11929.173502,nan,,instructions:u,instructions,0.0,100.0,nan,,ok
11929.173502,nan,,cycles:u,cycles,0.0,100.0,nan,,ok
11929.173502,nan,,branches:u,branches,0.0,100.0,nan,,ok
11929.173502,nan,,branch-misses:u,branch-misses,0.0,100.0,nan,,ok
11929.173502,nan,,L1-dcache-loads:u,l1-dcache-loads,0.0,100.0,nan,,ok
11929.173502,nan,,cache-references:u,cache-references,0.0,100.0,nan,,ok
11929.173502,nan,,cache-misses:u,cache-misses,0.0,100.0,nan,,ok
11929.173502,nan,,stalled-cycles-frontend:u,stalled-cycles-frontend,0.0,100.0,nan,,ok
11939.903998,nan,,instructions:u,instructions,0.0,100.0,nan,,ok
11939.903998,nan,,cycles:u,cycles,0.0,100.0,nan,,ok
11939.903998,nan,,branches:u,branches,0.0,100.0,nan,,ok
11939.903998,nan,,branch-misses:u,branch-misses,0.0,100.0,nan,,ok
11939.903998,nan,,L1-dcache-loads:u,l1-dcache-loads,0.0,100.0,nan,,ok
11939.903998,nan,,cache-references:u,cache-references,0.0,100.0,nan,,ok
11939.903998,nan,,cache-misses:u,cache-misses,0.0,100.0,nan,,ok
11939.903998,nan,,stalled-cycles-frontend:u,stalled-cycles-frontend,0.0,100.0,nan,,ok
11950.55363,0.0,,instructions:u,instructions,1403264.0,100.0,nan,,ok
11950.55363,0.0,,cycles:u,cycles,441735.0,30.0,nan,,ok
11950.55363,0.0,,branches:u,branches,464548.0,31.0,nan,,ok
11950.55363,0.0,,branch-misses:u,branch-misses,484951.0,32.0,nan,,ok
11950.55363,nan,,L1-dcache-loads:u,l1-dcache-loads,0.0,0.0,nan,,ok
11950.55363,nan,,cache-references:u,cache-references,0.0,0.0,nan,,ok
11950.55363,0.0,,cache-misses:u,cache-misses,988805.0,65.0,nan,,ok
11950.55363,0.0,,stalled-cycles-frontend:u,stalled-cycles-frontend,1535641.0,100.0,nan,,ok
11961.391849,1785.0,,instructions:u,instructions,4578156.0,42.0,0.01,insn per cycle,ok
11961.391849,224764.0,,cycles:u,cycles,5561048.0,51.0,nan,,ok
11961.391849,353.0,,branches:u,branches,6814142.0,63.0,nan,,ok
11961.391849,40.0,,branch-misses:u,branch-misses,7813388.0,72.0,11.33,of all branches,ok
11961.391849,563.0,,L1-dcache-loads:u,l1-dcache-loads,7317673.0,67.0,nan,,ok
11961.391849,0.0,,cache-references:u,cache-references,6359346.0,58.0,nan,,ok
11961.391849,0.0,,cache-misses:u,cache-misses,5383863.0,49.0,nan,,ok
11961.391849,0.0,,stalled-cycles-frontend:u,stalled-cycles-frontend,2452219.0,22.0,nan,,ok
11972.277654000001,0.0,,instructions:u,instructions,3006246.0,43.0,nan,,ok
11972.277654000001,0.0,,cycles:u,cycles,2102464.0,30.0,nan,,ok
11972.277654000001,0.0,,branches:u,branches,2828881.0,41.0,nan,,ok
11972.277654000001,0.0,,branch-misses:u,branch-misses,3807428.0,55.0,nan,,ok
11972.277654000001,0.0,,L1-dcache-loads:u,l1-dcache-loads,3796888.0,55.0,nan,,ok
11972.277654000001,0.0,,cache-references:u,cache-references,3764058.0,55.0,nan,,ok
11972.277654000001,0.0,,cache-misses:u,cache-misses,4633155.0,68.0,nan,,ok
11972.277654000001,0.0,,stalled-cycles-frontend:u,stalled-cycles-frontend,2006074.0,29.0,nan,,ok
11982.933657,nan,,instructions:u,instructions,0.0,100.0,nan,,ok
11982.933657,nan,,cycles:u,cycles,0.0,100.0,nan,,ok
11982.933657,nan,,branches:u,branches,0.0,100.0,nan,,ok
11982.933657,nan,,branch-misses:u,branch-misses,0.0,100.0,nan,,ok
11982.933657,nan,,L1-dcache-loads:u,l1-dcache-loads,0.0,100.0,nan,,ok
11982.933657,nan,,cache-references:u,cache-references,0.0,100.0,nan,,ok
11982.933657,nan,,cache-misses:u,cache-misses,0.0,100.0,nan,,ok
11982.933657,nan,,stalled-cycles-frontend:u,stalled-cycles-frontend,0.0,100.0,nan,,ok
11993.561367,nan,,instructions:u,instructions,0.0,100.0,nan,,ok
11993.561367,nan,,cycles:u,cycles,0.0,100.0,nan,,ok
11993.561367,nan,,branches:u,branches,0.0,100.0,nan,,ok
11993.561367,nan,,branch-misses:u,branch-misses,0.0,100.0,nan,,ok
11993.561367,nan,,L1-dcache-loads:u,l1-dcache-loads,0.0,100.0,nan,,ok
11993.561367,nan,,cache-references:u,cache-references,0.0,100.0,nan,,ok
11993.561367,nan,,cache-misses:u,cache-misses,0.0,100.0,nan,,ok
11993.561367,nan,,stalled-cycles-frontend:u,stalled-cycles-frontend,0.0,100.0,nan,,ok
12004.215724,nan,,instructions:u,instructions,0.0,100.0,nan,,ok
12004.215724,nan,,cycles:u,cycles,0.0,100.0,nan,,ok
12004.215724,nan,,branches:u,branches,0.0,100.0,nan,,ok
12004.215724,nan,,branch-misses:u,branch-misses,0.0,100.0,nan,,ok
12004.215724,nan,,L1-dcache-loads:u,l1-dcache-loads,0.0,100.0,nan,,ok
12004.215724,nan,,cache-references:u,cache-references,0.0,100.0,nan,,ok
12004.215724,nan,,cache-misses:u,cache-misses,0.0,100.0,nan,,ok
12004.215724,nan,,stalled-cycles-frontend:u,stalled-cycles-frontend,0.0,100.0,nan,,ok
12014.831723000001,0.0,,instructions:u,instructions,1706276.0,25.0,nan,,ok
12014.831723000001,0.0,,cycles:u,cycles,1706587.0,25.0,nan,,ok
12014.831723000001,0.0,,branches:u,branches,2721492.0,40.0,nan,,ok
12014.831723000001,0.0,,branch-misses:u,branch-misses,3746304.0,55.0,nan,,ok
12014.831723000001,0.0,,L1-dcache-loads:u,l1-dcache-loads,3986938.0,58.0,nan,,ok
12014.831723000001,0.0,,cache-references:u,cache-references,4977571.0,73.0,nan,,ok
12014.831723000001,0.0,,cache-misses:u,cache-misses,5001559.0,73.0,nan,,ok
12014.831723000001,0.0,,stalled-cycles-frontend:u,stalled-cycles-frontend,1825184.0,26.0,nan,,ok
12025.572015,0.0,,instructions:u,instructions,353313.0,100.0,nan,,ok
12025.572015,0.0,,cycles:u,cycles,329014.0,100.0,nan,,ok
12025.572015,0.0,,branches:u,branches,312534.0,100.0,nan,,ok
12025.572015,0.0,,branch-misses:u,branch-misses,285838.0,100.0,nan,,ok
12025.572015,0.0,,L1-dcache-loads:u,l1-dcache-loads,57145.0,21.0,nan,,ok
12025.572015,nan,,cache-references:u,cache-references,0.0,0.0,nan,,ok
12025.572015,nan,,cache-misses:u,cache-misses,0.0,0.0,nan,,ok
12025.572015,0.0,,stalled-cycles-frontend:u,stalled-cycles-frontend,177260.0,75.0,nan,,ok
12036.224469,nan,,instructions:u,instructions,0.0,100.0,nan,,ok
12036.224469,nan,,cycles:u,cycles,0.0,100.0,nan,,ok
12036.224469,nan,,branches:u,branches,0.0,100.0,nan,,ok
12036.224469,nan,,branch-misses:u,branch-misses,0.0,100.0,nan,,ok
12036.224469,nan,,L1-dcache-loads:u,l1-dcache-loads,0.0,100.0,nan,,ok
12036.224469,nan,,cache-references:u,cache-references,0.0,100.0,nan,,ok
12036.224469,nan,,cache-misses:u,cache-misses,0.0,100.0,nan,,ok
12036.224469,nan,,stalled-cycles-frontend:u,stalled-cycles-frontend,0.0,100.0,nan,,ok
12046.929371999999,nan,,instructions:u,instructions,0.0,100.0,nan,,ok
12046.929371999999,nan,,cycles:u,cycles,0.0,100.0,nan,,ok
12046.929371999999,nan,,branches:u,branches,0.0,100.0,nan,,ok
12046.929371999999,nan,,branch-misses:u,branch-misses,0.0,100.0,nan,,ok
12046.929371999999,nan,,L1-dcache-loads:u,l1-dcache-loads,0.0,100.0,nan,,ok
12046.929371999999,nan,,cache-references:u,cache-references,0.0,100.0,nan,,ok
12046.929371999999,nan,,cache-misses:u,cache-misses,0.0,100.0,nan,,ok
12046.929371999999,nan,,stalled-cycles-frontend:u,stalled-cycles-frontend,0.0,100.0,nan,,ok
12057.594608000001,nan,,instructions:u,instructions,0.0,100.0,nan,,ok
12057.594608000001,nan,,cycles:u,cycles,0.0,100.0,nan,,ok
12057.594608000001,nan,,branches:u,branches,0.0,100.0,nan,,ok
12057.594608000001,nan,,branch-misses:u,branch-misses,0.0,100.0,nan,,ok
12057.594608000001,nan,,L1-dcache-loads:u,l1-dcache-loads,0.0,100.0,nan,,ok
12057.594608000001,nan,,cache-references:u,cache-references,0.0,100.0,nan,,ok
12057.594608000001,nan,,cache-misses:u,cache-misses,0.0,100.0,nan,,ok
12057.594608000001,nan,,stalled-cycles-frontend:u,stalled-cycles-frontend,0.0,100.0,nan,,ok
12068.277592999999,nan,,instructions:u,instructions,0.0,100.0,nan,,ok
12068.277592999999,nan,,cycles:u,cycles,0.0,100.0,nan,,ok
12068.277592999999,nan,,branches:u,branches,0.0,100.0,nan,,ok
12068.277592999999,nan,,branch-misses:u,branch-misses,0.0,100.0,nan,,ok
12068.277592999999,nan,,L1-dcache-loads:u,l1-dcache-loads,0.0,100.0,nan,,ok
12068.277592999999,nan,,cache-references:u,cache-references,0.0,100.0,nan,,ok
12068.277592999999,nan,,cache-misses:u,cache-misses,0.0,100.0,nan,,ok
12068.277592999999,nan,,stalled-cycles-frontend:u,stalled-cycles-frontend,0.0,100.0,nan,,ok
12079.268528,nan,,instructions:u,instructions,0.0,100.0,nan,,ok
12079.268528,nan,,cycles:u,cycles,0.0,100.0,nan,,ok
12079.268528,nan,,branches:u,branches,0.0,100.0,nan,,ok
12079.268528,nan,,branch-misses:u,branch-misses,0.0,100.0,nan,,ok
12079.268528,nan,,L1-dcache-loads:u,l1-dcache-loads,0.0,100.0,nan,,ok
12079.268528,nan,,cache-references:u,cache-references,0.0,100.0,nan,,ok
12079.268528,nan,,cache-misses:u,cache-misses,0.0,100.0,nan,,ok
12079.268528,nan,,stalled-cycles-frontend:u,stalled-cycles-frontend,0.0,100.0,nan,,ok
12089.916134,0.0,,instructions:u,instructions,1744441.0,25.0,nan,,ok
12089.916134,0.0,,cycles:u,cycles,1975410.0,29.0,nan,,ok
12089.916134,0.0,,branches:u,branches,2972115.0,43.0,nan,,ok
12089.916134,0.0,,branch-misses:u,branch-misses,3971861.0,58.0,nan,,ok
12089.916134,0.0,,L1-dcache-loads:u,l1-dcache-loads,4974896.0,73.0,nan,,ok
12089.916134,0.0,,cache-references:u,cache-references,4998403.0,73.0,nan,,ok
12089.916134,0.0,,cache-misses:u,cache-misses,4849284.0,71.0,nan,,ok
12089.916134,0.0,,stalled-cycles-frontend:u,stalled-cycles-frontend,871402.0,12.0,nan,,ok
12100.56597,0.0,,instructions:u,instructions,421130.0,100.0,nan,,ok
12100.56597,0.0,,cycles:u,cycles,193194.0,48.0,nan,,ok
12100.56597,0.0,,branches:u,branches,193194.0,50.0,nan,,ok
12100.56597,0.0,,branch-misses:u,branch-misses,193194.0,51.0,nan,,ok
12100.56597,nan,,L1-dcache-loads:u,l1-dcache-loads,0.0,0.0,nan,,ok
12100.56597,nan,,cache-references:u,cache-references,0.0,0.0,nan,,ok
12100.56597,0.0,,cache-misses:u,cache-misses,146086.0,43.0,nan,,ok
12100.56597,0.0,,stalled-cycles-frontend:u,stalled-cycles-frontend,318906.0,100.0,nan,,ok
12111.248933,nan,,instructions:u,instructions,0.0,100.0,nan,,ok
12111.248933,nan,,cycles:u,cycles,0.0,100.0,nan,,ok
12111.248933,nan,,branches:u,branches,0.0,100.0,nan,,ok
12111.248933,nan,,branch-misses:u,branch-misses,0.0,100.0,nan,,ok
12111.248933,nan,,L1-dcache-loads:u,l1-dcache-loads,0.0,100.0,nan,,ok
12111.248933,nan,,cache-references:u,cache-references,0.0,100.0,nan,,ok
12111.248933,nan,,cache-misses:u,cache-misses,0.0,100.0,nan,,ok
12111.248933,nan,,stalled-cycles-frontend:u,stalled-cycles-frontend,0.0,100.0,nan,,ok
12121.919820000001,nan,,instructions:u,instructions,0.0,100.0,nan,,ok
12121.919820000001,nan,,cycles:u,cycles,0.0,100.0,nan,,ok
12121.919820000001,nan,,branches:u,branches,0.0,100.0,nan,,ok
12121.919820000001,nan,,branch-misses:u,branch-misses,0.0,100.0,nan,,ok
12121.919820000001,nan,,L1-dcache-loads:u,l1-dcache-loads,0.0,100.0,nan,,ok
12121.919820000001,nan,,cache-references:u,cache-references,0.0,100.0,nan,,ok
12121.919820000001,nan,,cache-misses:u,cache-misses,0.0,100.0,nan,,ok
12121.919820000001,nan,,stalled-cycles-frontend:u,stalled-cycles-frontend,0.0,100.0,nan,,ok
12132.686131,nan,,instructions:u,instructions,0.0,100.0,nan,,ok
12132.686131,nan,,cycles:u,cycles,0.0,100.0,nan,,ok
12132.686131,nan,,branches:u,branches,0.0,100.0,nan,,ok
12132.686131,nan,,branch-misses:u,branch-misses,0.0,100.0,nan,,ok
12132.686131,nan,,L1-dcache-loads:u,l1-dcache-loads,0.0,100.0,nan,,ok
12132.686131,nan,,cache-references:u,cache-references,0.0,100.0,nan,,ok
12132.686131,nan,,cache-misses:u,cache-misses,0.0,100.0,nan,,ok
12132.686131,nan,,stalled-cycles-frontend:u,stalled-cycles-frontend,0.0,100.0,nan,,ok
12143.388688,0.0,,instructions:u,instructions,1227480.0,100.0,nan,,ok
12143.388688,0.0,,cycles:u,cycles,1254470.0,100.0,nan,,ok
12143.388688,0.0,,branches:u,branches,1272778.0,100.0,nan,,ok
12143.388688,0.0,,branch-misses:u,branch-misses,1291224.0,100.0,nan,,ok
12143.388688,0.0,,L1-dcache-loads:u,l1-dcache-loads,330734.0,25.0,nan,,ok
12143.388688,nan,,cache-references:u,cache-references,0.0,0.0,nan,,ok
12143.388688,nan,,cache-misses:u,cache-misses,0.0,0.0,nan,,ok
12143.388688,0.0,,stalled-cycles-frontend:u,stalled-cycles-frontend,980736.0,72.0,nan,,ok
12154.120913,0.0,,instructions:u,instructions,753863.0,19.0,nan,,ok
12154.120913,0.0,,cycles:u,cycles,1732736.0,44.0,nan,,ok
12154.120913,0.0,,branches:u,branches,2705720.0,69.0,nan,,ok
12154.120913,0.0,,branch-misses:u,branch-misses,3691825.0,94.0,nan,,ok
12154.120913,0.0,,L1-dcache-loads:u,l1-dcache-loads,3875762.0,100.0,nan,,ok
12154.120913,0.0,,cache-references:u,cache-references,3205889.0,83.0,nan,,ok
12154.120913,0.0,,cache-misses:u,cache-misses,2200026.0,57.0,nan,,ok
12154.120913,nan,,stalled-cycles-frontend:u,stalled-cycles-frontend,0.0,0.0,nan,,ok
12164.756364,nan,,instructions:u,instructions,0.0,100.0,nan,,ok
12164.756364,nan,,cycles:u,cycles,0.0,100.0,nan,,ok
12164.756364,nan,,branches:u,branches,0.0,100.0,nan,,ok
12164.756364,nan,,branch-misses:u,branch-misses,0.0,100.0,nan,,ok
12164.756364,nan,,L1-dcache-loads:u,l1-dcache-loads,0.0,100.0,nan,,ok
12164.756364,nan,,cache-references:u,cache-references,0.0,100.0,nan,,ok
12164.756364,nan,,cache-misses:u,cache-misses,0.0,100.0,nan,,ok
12164.756364,nan,,stalled-cycles-frontend:u,stalled-cycles-frontend,0.0,100.0,nan,,ok
12175.434787,nan,,instructions:u,instructions,0.0,100.0,nan,,ok
12175.434787,nan,,cycles:u,cycles,0.0,100.0,nan,,ok
12175.434787,nan,,branches:u,branches,0.0,100.0,nan,,ok
12175.434787,nan,,branch-misses:u,branch-misses,0.0,100.0,nan,,ok
12175.434787,nan,,L1-dcache-loads:u,l1-dcache-loads,0.0,100.0,nan,,ok
12175.434787,nan,,cache-references:u,cache-references,0.0,100.0,nan,,ok
12175.434787,nan,,cache-misses:u,cache-misses,0.0,100.0,nan,,ok
12175.434787,nan,,stalled-cycles-frontend:u,stalled-cycles-frontend,0.0,100.0,nan,,ok
12186.137644,nan,,instructions:u,instructions,0.0,100.0,nan,,ok
12186.137644,nan,,cycles:u,cycles,0.0,100.0,nan,,ok
12186.137644,nan,,branches:u,branches,0.0,100.0,nan,,ok
12186.137644,nan,,branch-misses:u,branch-misses,0.0,100.0,nan,,ok
12186.137644,nan,,L1-dcache-loads:u,l1-dcache-loads,0.0,100.0,nan,,ok
12186.137644,nan,,cache-references:u,cache-references,0.0,100.0,nan,,ok
12186.137644,nan,,cache-misses:u,cache-misses,0.0,100.0,nan,,ok
12186.137644,nan,,stalled-cycles-frontend:u,stalled-cycles-frontend,0.0,100.0,nan,,ok
12196.846954,nan,,instructions:u,instructions,0.0,100.0,nan,,ok
12196.846954,nan,,cycles:u,cycles,0.0,100.0,nan,,ok
12196.846954,nan,,branches:u,branches,0.0,100.0,nan,,ok
12196.846954,nan,,branch-misses:u,branch-misses,0.0,100.0,nan,,ok
12196.846954,nan,,L1-dcache-loads:u,l1-dcache-loads,0.0,100.0,nan,,ok
12196.846954,nan,,cache-references:u,cache-references,0.0,100.0,nan,,ok
12196.846954,nan,,cache-misses:u,cache-misses,0.0,100.0,nan,,ok
12196.846954,nan,,stalled-cycles-frontend:u,stalled-cycles-frontend,0.0,100.0,nan,,ok
12207.643899,nan,,instructions:u,instructions,0.0,100.0,nan,,ok
12207.643899,nan,,cycles:u,cycles,0.0,100.0,nan,,ok
12207.643899,nan,,branches:u,branches,0.0,100.0,nan,,ok
12207.643899,nan,,branch-misses:u,branch-misses,0.0,100.0,nan,,ok
12207.643899,nan,,L1-dcache-loads:u,l1-dcache-loads,0.0,100.0,nan,,ok
12207.643899,nan,,cache-references:u,cache-references,0.0,100.0,nan,,ok
12207.643899,nan,,cache-misses:u,cache-misses,0.0,100.0,nan,,ok
12207.643899,nan,,stalled-cycles-frontend:u,stalled-cycles-frontend,0.0,100.0,nan,,ok
12218.507368999999,0.0,,instructions:u,instructions,2114490.0,52.0,nan,,ok
12218.507368999999,0.0,,cycles:u,cycles,1119441.0,27.0,nan,,ok
12218.507368999999,0.0,,branches:u,branches,1119441.0,27.0,nan,,ok
12218.507368999999,0.0,,branch-misses:u,branch-misses,1119441.0,27.0,nan,,ok
12218.507368999999,0.0,,L1-dcache-loads:u,l1-dcache-loads,1040208.0,25.0,nan,,ok
12218.507368999999,0.0,,cache-references:u,cache-references,1920650.0,47.0,nan,,ok
12218.507368999999,0.0,,cache-misses:u,cache-misses,2915699.0,72.0,nan,,ok
12218.507368999999,0.0,,stalled-cycles-frontend:u,stalled-cycles-frontend,1993891.0,49.0,nan,,ok
12230.003592,nan,,instructions:u,instructions,0.0,100.0,nan,,ok
12230.003592,nan,,cycles:u,cycles,0.0,100.0,nan,,ok
12230.003592,nan,,branches:u,branches,0.0,100.0,nan,,ok
12230.003592,nan,,branch-misses:u,branch-misses,0.0,100.0,nan,,ok
12230.003592,nan,,L1-dcache-loads:u,l1-dcache-loads,0.0,100.0,nan,,ok
12230.003592,nan,,cache-references:u,cache-references,0.0,100.0,nan,,ok
12230.003592,nan,,cache-misses:u,cache-misses,0.0,100.0,nan,,ok
12230.003592,nan,,stalled-cycles-frontend:u,stalled-cycles-frontend,0.0,100.0,nan,,ok
12240.655833,0.0,,instructions:u,instructions,3973993.0,42.0,nan,,ok
12240.655833,0.0,,cycles:u,cycles,4485023.0,47.0,nan,,ok
12240.655833,0.0,,branches:u,branches,5513365.0,57.0,nan,,ok
12240.655833,0.0,,branch-misses:u,branch-misses,6533037.0,68.0,nan,,ok
12240.655833,0.0,,L1-dcache-loads:u,l1-dcache-loads,6551091.0,68.0,nan,,ok
12240.655833,0.0,,cache-references:u,cache-references,5602184.0,58.0,nan,,ok
12240.655833,0.0,,cache-misses:u,cache-misses,5000779.0,52.0,nan,,ok
12240.655833,0.0,,stalled-cycles-frontend:u,stalled-cycles-frontend,2006375.0,20.0,nan,,ok
12251.439021999999,nan,,instructions:u,instructions,0.0,0.0,nan,,ok
12251.439021999999,0.0,,cycles:u,cycles,476009.0,78.0,nan,,ok
12251.439021999999,0.0,,branches:u,branches,589319.0,100.0,nan,,ok
12251.439021999999,0.0,,branch-misses:u,branch-misses,565297.0,100.0,nan,,ok
12251.439021999999,0.0,,L1-dcache-loads:u,l1-dcache-loads,543666.0,100.0,nan,,ok
12251.439021999999,0.0,,cache-references:u,cache-references,519849.0,100.0,nan,,ok
12251.439021999999,0.0,,cache-misses:u,cache-misses,134215.0,27.0,nan,,ok
12251.439021999999,nan,,stalled-cycles-frontend:u,stalled-cycles-frontend,0.0,0.0,nan,,ok
12263.980915999999,nan,,instructions:u,instructions,0.0,100.0,nan,,ok
12263.980915999999,nan,,cycles:u,cycles,0.0,100.0,nan,,ok
12263.980915999999,nan,,branches:u,branches,0.0,100.0,nan,,ok
12263.980915999999,nan,,branch-misses:u,branch-misses,0.0,100.0,nan,,ok
12263.980915999999,nan,,L1-dcache-loads:u,l1-dcache-loads,0.0,100.0,nan,,ok
12263.980915999999,nan,,cache-references:u,cache-references,0.0,100.0,nan,,ok
12263.980915999999,nan,,cache-misses:u,cache-misses,0.0,100.0,nan,,ok
12263.980915999999,nan,,stalled-cycles-frontend:u,stalled-cycles-frontend,0.0,100.0,nan,,ok
12275.135934,nan,,instructions:u,instructions,0.0,0.0,nan,,ok
12275.135934,nan,,cycles:u,cycles,0.0,0.0,nan,,ok
12275.135934,0.0,,branches:u,branches,985223.0,96.0,nan,,ok
12275.135934,0.0,,branch-misses:u,branch-misses,1066520.0,100.0,nan,,ok
12275.135934,0.0,,L1-dcache-loads:u,l1-dcache-loads,1094738.0,100.0,nan,,ok
12275.135934,0.0,,cache-references:u,cache-references,1117834.0,100.0,nan,,ok
12275.135934,0.0,,cache-misses:u,cache-misses,1141236.0,100.0,nan,,ok
12275.135934,nan,,stalled-cycles-frontend:u,stalled-cycles-frontend,0.0,0.0,nan,,ok
12286.783168,0.0,,instructions:u,instructions,1536255.0,33.0,nan,,ok
12286.783168,0.0,,cycles:u,cycles,533059.0,11.0,nan,,ok
12286.783168,0.0,,branches:u,branches,533059.0,11.0,nan,,ok
12286.783168,0.0,,branch-misses:u,branch-misses,1469545.0,33.0,nan,,ok
12286.783168,0.0,,L1-dcache-loads:u,l1-dcache-loads,1889868.0,42.0,nan,,ok
12286.783168,0.0,,cache-references:u,cache-references,2864546.0,65.0,nan,,ok
12286.783168,0.0,,cache-misses:u,cache-misses,3844340.0,87.0,nan,,ok
12286.783168,0.0,,stalled-cycles-frontend:u,stalled-cycles-frontend,1536255.0,35.0,nan,,ok
12297.662748,nan,,instructions:u,instructions,0.0,100.0,nan,,ok
12297.662748,nan,,cycles:u,cycles,0.0,100.0,nan,,ok
12297.662748,nan,,branches:u,branches,0.0,100.0,nan,,ok
12297.662748,nan,,branch-misses:u,branch-misses,0.0,100.0,nan,,ok
12297.662748,nan,,L1-dcache-loads:u,l1-dcache-loads,0.0,100.0,nan,,ok
12297.662748,nan,,cache-references:u,cache-references,0.0,100.0,nan,,ok
12297.662748,nan,,cache-misses:u,cache-misses,0.0,100.0,nan,,ok
12297.662748,nan,,stalled-cycles-frontend:u,stalled-cycles-frontend,0.0,100.0,nan,,ok
12308.340086,nan,,instructions:u,instructions,0.0,100.0,nan,,ok
12308.340086,nan,,cycles:u,cycles,0.0,100.0,nan,,ok
12308.340086,nan,,branches:u,branches,0.0,100.0,nan,,ok
12308.340086,nan,,branch-misses:u,branch-misses,0.0,100.0,nan,,ok
12308.340086,nan,,L1-dcache-loads:u,l1-dcache-loads,0.0,100.0,nan,,ok
12308.340086,nan,,cache-references:u,cache-references,0.0,100.0,nan,,ok
12308.340086,nan,,cache-misses:u,cache-misses,0.0,100.0,nan,,ok
12308.340086,nan,,stalled-cycles-frontend:u,stalled-cycles-frontend,0.0,100.0,nan,,ok
12319.255154,0.0,,instructions:u,instructions,2246665.0,31.0,nan,,ok
12319.255154,0.0,,cycles:u,cycles,2996254.0,41.0,nan,,ok
12319.255154,0.0,,branches:u,branches,3994803.0,55.0,nan,,ok
12319.255154,0.0,,branch-misses:u,branch-misses,4997470.0,68.0,nan,,ok
12319.255154,0.0,,L1-dcache-loads:u,l1-dcache-loads,4994755.0,68.0,nan,,ok
12319.255154,0.0,,cache-references:u,cache-references,4999906.0,68.0,nan,,ok
12319.255154,0.0,,cache-misses:u,cache-misses,4250317.0,58.0,nan,,ok
12319.255154,0.0,,stalled-cycles-frontend:u,stalled-cycles-frontend,1253463.0,17.0,nan,,ok
12331.034999,nan,,instructions:u,instructions,0.0,100.0,nan,,ok
12331.034999,nan,,cycles:u,cycles,0.0,100.0,nan,,ok
12331.034999,nan,,branches:u,branches,0.0,100.0,nan,,ok
12331.034999,nan,,branch-misses:u,branch-misses,0.0,100.0,nan,,ok
12331.034999,nan,,L1-dcache-loads:u,l1-dcache-loads,0.0,100.0,nan,,ok
12331.034999,nan,,cache-references:u,cache-references,0.0,100.0,nan,,ok
12331.034999,nan,,cache-misses:u,cache-misses,0.0,100.0,nan,,ok
12331.034999,nan,,stalled-cycles-frontend:u,stalled-cycles-frontend,0.0,100.0,nan,,ok
12342.474889,nan,,instructions:u,instructions,0.0,100.0,nan,,ok
12342.474889,nan,,cycles:u,cycles,0.0,100.0,nan,,ok
12342.474889,nan,,branches:u,branches,0.0,100.0,nan,,ok
12342.474889,nan,,branch-misses:u,branch-misses,0.0,100.0,nan,,ok
12342.474889,nan,,L1-dcache-loads:u,l1-dcache-loads,0.0,100.0,nan,,ok
12342.474889,nan,,cache-references:u,cache-references,0.0,100.0,nan,,ok
12342.474889,nan,,cache-misses:u,cache-misses,0.0,100.0,nan,,ok
12342.474889,nan,,stalled-cycles-frontend:u,stalled-cycles-frontend,0.0,100.0,nan,,ok
12353.4909,nan,,instructions:u,instructions,0.0,100.0,nan,,ok
12353.4909,nan,,cycles:u,cycles,0.0,100.0,nan,,ok
12353.4909,nan,,branches:u,branches,0.0,100.0,nan,,ok
12353.4909,nan,,branch-misses:u,branch-misses,0.0,100.0,nan,,ok
12353.4909,nan,,L1-dcache-loads:u,l1-dcache-loads,0.0,100.0,nan,,ok
12353.4909,nan,,cache-references:u,cache-references,0.0,100.0,nan,,ok
12353.4909,nan,,cache-misses:u,cache-misses,0.0,100.0,nan,,ok
12353.4909,nan,,stalled-cycles-frontend:u,stalled-cycles-frontend,0.0,100.0,nan,,ok
12364.119346000001,0.0,,instructions:u,instructions,1258901.0,100.0,nan,,ok
12364.119346000001,0.0,,cycles:u,cycles,976643.0,76.0,nan,,ok
12364.119346000001,0.0,,branches:u,branches,1024363.0,76.0,nan,,ok
12364.119346000001,0.0,,branch-misses:u,branch-misses,1039855.0,77.0,nan,,ok
12364.119346000001,0.0,,L1-dcache-loads:u,l1-dcache-loads,63146.0,4.0,nan,,ok
12364.119346000001,nan,,cache-references:u,cache-references,0.0,0.0,nan,,ok
12364.119346000001,0.0,,cache-misses:u,cache-misses,306297.0,22.0,nan,,ok
12364.119346000001,0.0,,stalled-cycles-frontend:u,stalled-cycles-frontend,1300383.0,93.0,nan,,ok
12374.785809,0.0,,instructions:u,instructions,1042179.0,22.0,nan,,ok
12374.785809,0.0,,cycles:u,cycles,2014284.0,43.0,nan,,ok
12374.785809,0.0,,branches:u,branches,2968626.0,64.0,nan,,ok
12374.785809,0.0,,branch-misses:u,branch-misses,3950563.0,86.0,nan,,ok
12374.785809,0.0,,L1-dcache-loads:u,l1-dcache-loads,4572284.0,100.0,nan,,ok
12374.785809,0.0,,cache-references:u,cache-references,3634733.0,79.0,nan,,ok
12374.785809,0.0,,cache-misses:u,cache-misses,2638589.0,58.0,nan,,ok
12374.785809,nan,,stalled-cycles-frontend:u,stalled-cycles-frontend,0.0,0.0,nan,,ok
12385.516438,nan,,instructions:u,instructions,0.0,100.0,nan,,ok
12385.516438,nan,,cycles:u,cycles,0.0,100.0,nan,,ok
12385.516438,nan,,branches:u,branches,0.0,100.0,nan,,ok
12385.516438,nan,,branch-misses:u,branch-misses,0.0,100.0,nan,,ok
12385.516438,nan,,L1-dcache-loads:u,l1-dcache-loads,0.0,100.0,nan,,ok
12385.516438,nan,,cache-references:u,cache-references,0.0,100.0,nan,,ok
12385.516438,nan,,cache-misses:u,cache-misses,0.0,100.0,nan,,ok
12385.516438,nan,,stalled-cycles-frontend:u,stalled-cycles-frontend,0.0,100.0,nan,,ok
12396.225244,nan,,instructions:u,instructions,0.0,100.0,nan,,ok
12396.225244,nan,,cycles:u,cycles,0.0,100.0,nan,,ok
12396.225244,nan,,branches:u,branches,0.0,100.0,nan,,ok
12396.225244,nan,,branch-misses:u,branch-misses,0.0,100.0,nan,,ok
12396.225244,nan,,L1-dcache-loads:u,l1-dcache-loads,0.0,100.0,nan,,ok
12396.225244,nan,,cache-references:u,cache-references,0.0,100.0,nan,,ok
12396.225244,nan,,cache-misses:u,cache-misses,0.0,100.0,nan,,ok
12396.225244,nan,,stalled-cycles-frontend:u,stalled-cycles-frontend,0.0,100.0,nan,,ok
12406.893105,nan,,instructions:u,instructions,0.0,100.0,nan,,ok
12406.893105,nan,,cycles:u,cycles,0.0,100.0,nan,,ok
12406.893105,nan,,branches:u,branches,0.0,100.0,nan,,ok
12406.893105,nan,,branch-misses:u,branch-misses,0.0,100.0,nan,,ok
12406.893105,nan,,L1-dcache-loads:u,l1-dcache-loads,0.0,100.0,nan,,ok
12406.893105,nan,,cache-references:u,cache-references,0.0,100.0,nan,,ok
12406.893105,nan,,cache-misses:u,cache-misses,0.0,100.0,nan,,ok
12406.893105,nan,,stalled-cycles-frontend:u,stalled-cycles-frontend,0.0,100.0,nan,,ok
12417.542073,nan,,instructions:u,instructions,0.0,0.0,nan,,ok
12417.542073,nan,,cycles:u,cycles,0.0,0.0,nan,,ok
12417.542073,nan,,branches:u,branches,0.0,0.0,nan,,ok
12417.542073,nan,,branch-misses:u,branch-misses,0.0,0.0,nan,,ok
12417.542073,0.0,,L1-dcache-loads:u,l1-dcache-loads,989204.0,70.0,nan,,ok
12417.542073,0.0,,cache-references:u,cache-references,1436629.0,100.0,nan,,ok
12417.542073,0.0,,cache-misses:u,cache-misses,1454396.0,100.0,nan,,ok
12417.542073,nan,,stalled-cycles-frontend:u,stalled-cycles-frontend,0.0,0.0,nan,,ok
12428.268845999999,0.0,,instructions:u,instructions,2532898.0,80.0,nan,,ok
12428.268845999999,0.0,,cycles:u,cycles,1524322.0,48.0,nan,,ok
12428.268845999999,0.0,,branches:u,branches,1524322.0,48.0,nan,,ok
12428.268845999999,0.0,,branch-misses:u,branch-misses,1524322.0,48.0,nan,,ok
12428.268845999999,0.0,,L1-dcache-loads:u,l1-dcache-loads,531091.0,17.0,nan,,ok
12428.268845999999,0.0,,cache-references:u,cache-references,545861.0,17.0,nan,,ok
12428.268845999999,0.0,,cache-misses:u,cache-misses,1536670.0,50.0,nan,,ok
12428.268845999999,0.0,,stalled-cycles-frontend:u,stalled-cycles-frontend,2001807.0,65.0,nan,,ok
12438.980178,nan,,instructions:u,instructions,0.0,100.0,nan,,ok
12438.980178,nan,,cycles:u,cycles,0.0,100.0,nan,,ok
12438.980178,nan,,branches:u,branches,0.0,100.0,nan,,ok
12438.980178,nan,,branch-misses:u,branch-misses,0.0,100.0,nan,,ok
12438.980178,nan,,L1-dcache-loads:u,l1-dcache-loads,0.0,100.0,nan,,ok
12438.980178,nan,,cache-references:u,cache-references,0.0,100.0,nan,,ok
12438.980178,nan,,cache-misses:u,cache-misses,0.0,100.0,nan,,ok
12438.980178,nan,,stalled-cycles-frontend:u,stalled-cycles-frontend,0.0,100.0,nan,,ok
12449.648339,nan,,instructions:u,instructions,0.0,100.0,nan,,ok
12449.648339,nan,,cycles:u,cycles,0.0,100.0,nan,,ok
12449.648339,nan,,branches:u,branches,0.0,100.0,nan,,ok
12449.648339,nan,,branch-misses:u,branch-misses,0.0,100.0,nan,,ok
12449.648339,nan,,L1-dcache-loads:u,l1-dcache-loads,0.0,100.0,nan,,ok
12449.648339,nan,,cache-references:u,cache-references,0.0,100.0,nan,,ok
12449.648339,nan,,cache-misses:u,cache-misses,0.0,100.0,nan,,ok
12449.648339,nan,,stalled-cycles-frontend:u,stalled-cycles-frontend,0.0,100.0,nan,,ok
12460.344528,0.0,,instructions:u,instructions,2656356.0,34.0,nan,,ok
12460.344528,0.0,,cycles:u,cycles,2646710.0,34.0,nan,,ok
12460.344528,0.0,,branches:u,branches,3641548.0,47.0,nan,,ok
12460.344528,0.0,,branch-misses:u,branch-misses,4640650.0,60.0,nan,,ok
12460.344528,0.0,,L1-dcache-loads:u,l1-dcache-loads,4986229.0,65.0,nan,,ok
12460.344528,0.0,,cache-references:u,cache-references,4984545.0,65.0,nan,,ok
12460.344528,0.0,,cache-misses:u,cache-misses,4994191.0,65.0,nan,,ok
12460.344528,0.0,,stalled-cycles-frontend:u,stalled-cycles-frontend,1655429.0,21.0,nan,,ok
12471.016646,nan,,instructions:u,instructions,0.0,100.0,nan,,ok
12471.016646,nan,,cycles:u,cycles,0.0,100.0,nan,,ok
12471.016646,nan,,branches:u,branches,0.0,100.0,nan,,ok
12471.016646,nan,,branch-misses:u,branch-misses,0.0,100.0,nan,,ok
12471.016646,nan,,L1-dcache-loads:u,l1-dcache-loads,0.0,100.0,nan,,ok
12471.016646,nan,,cache-references:u,cache-references,0.0,100.0,nan,,ok
12471.016646,nan,,cache-misses:u,cache-misses,0.0,100.0,nan,,ok
12471.016646,nan,,stalled-cycles-frontend:u,stalled-cycles-frontend,0.0,100.0,nan,,ok
12481.809829,nan,,instructions:u,instructions,0.0,100.0,nan,,ok
12481.809829,nan,,cycles:u,cycles,0.0,100.0,nan,,ok
12481.809829,nan,,branches:u,branches,0.0,100.0,nan,,ok
12481.809829,nan,,branch-misses:u,branch-misses,0.0,100.0,nan,,ok
12481.809829,nan,,L1-dcache-loads:u,l1-dcache-loads,0.0,100.0,nan,,ok
12481.809829,nan,,cache-references:u,cache-references,0.0,100.0,nan,,ok
12481.809829,nan,,cache-misses:u,cache-misses,0.0,100.0,nan,,ok
12481.809829,nan,,stalled-cycles-frontend:u,stalled-cycles-frontend,0.0,100.0,nan,,ok
12492.545701,nan,,instructions:u,instructions,0.0,100.0,nan,,ok
12492.545701,nan,,cycles:u,cycles,0.0,100.0,nan,,ok
12492.545701,nan,,branches:u,branches,0.0,100.0,nan,,ok
12492.545701,nan,,branch-misses:u,branch-misses,0.0,100.0,nan,,ok
12492.545701,nan,,L1-dcache-loads:u,l1-dcache-loads,0.0,100.0,nan,,ok
12492.545701,nan,,cache-references:u,cache-references,0.0,100.0,nan,,ok
12492.545701,nan,,cache-misses:u,cache-misses,0.0,100.0,nan,,ok
12492.545701,nan,,stalled-cycles-frontend:u,stalled-cycles-frontend,0.0,100.0,nan,,ok
12503.20334,nan,,instructions:u,instructions,0.0,100.0,nan,,ok
12503.20334,nan,,cycles:u,cycles,0.0,100.0,nan,,ok
12503.20334,nan,,branches:u,branches,0.0,100.0,nan,,ok
12503.20334,nan,,branch-misses:u,branch-misses,0.0,100.0,nan,,ok
12503.20334,nan,,L1-dcache-loads:u,l1-dcache-loads,0.0,100.0,nan,,ok
12503.20334,nan,,cache-references:u,cache-references,0.0,100.0,nan,,ok
12503.20334,nan,,cache-misses:u,cache-misses,0.0,100.0,nan,,ok
12503.20334,nan,,stalled-cycles-frontend:u,stalled-cycles-frontend,0.0,100.0,nan,,ok
12513.839215999998,nan,,instructions:u,instructions,0.0,100.0,nan,,ok
12513.839215999998,nan,,cycles:u,cycles,0.0,100.0,nan,,ok
12513.839215999998,nan,,branches:u,branches,0.0,100.0,nan,,ok
12513.839215999998,nan,,branch-misses:u,branch-misses,0.0,100.0,nan,,ok
12513.839215999998,nan,,L1-dcache-loads:u,l1-dcache-loads,0.0,100.0,nan,,ok
12513.839215999998,nan,,cache-references:u,cache-references,0.0,100.0,nan,,ok
12513.839215999998,nan,,cache-misses:u,cache-misses,0.0,100.0,nan,,ok
12513.839215999998,nan,,stalled-cycles-frontend:u,stalled-cycles-frontend,0.0,100.0,nan,,ok
12524.533583,0.0,,instructions:u,instructions,373094.0,100.0,nan,,ok
12524.533583,0.0,,cycles:u,cycles,444896.0,100.0,nan,,ok
12524.533583,0.0,,branches:u,branches,549923.0,100.0,nan,,ok
12524.533583,0.0,,branch-misses:u,branch-misses,636392.0,100.0,nan,,ok
12524.533583,nan,,L1-dcache-loads:u,l1-dcache-loads,0.0,0.0,nan,,ok
12524.533583,nan,,cache-references:u,cache-references,0.0,0.0,nan,,ok
12524.533583,nan,,cache-misses:u,cache-misses,0.0,0.0,nan,,ok
12524.533583,0.0,,stalled-cycles-frontend:u,stalled-cycles-frontend,737504.0,100.0,nan,,ok
12535.610895,0.0,,instructions:u,instructions,1590828.0,38.0,nan,,ok
12535.610895,0.0,,cycles:u,cycles,2525447.0,62.0,nan,,ok
12535.610895,0.0,,branches:u,branches,3437051.0,87.0,nan,,ok
12535.610895,0.0,,branch-misses:u,branch-misses,3853730.0,100.0,nan,,ok
12535.610895,0.0,,L1-dcache-loads:u,l1-dcache-loads,3520638.0,91.0,nan,,ok
12535.610895,0.0,,cache-references:u,cache-references,2526200.0,66.0,nan,,ok
12535.610895,0.0,,cache-misses:u,cache-misses,1519779.0,39.0,nan,,ok
12535.610895,0.0,,stalled-cycles-frontend:u,stalled-cycles-frontend,231980.0,6.0,nan,,ok
12548.640774000001,nan,,instructions:u,instructions,0.0,100.0,nan,,ok
12548.640774000001,nan,,cycles:u,cycles,0.0,100.0,nan,,ok
12548.640774000001,nan,,branches:u,branches,0.0,100.0,nan,,ok
12548.640774000001,nan,,branch-misses:u,branch-misses,0.0,100.0,nan,,ok
12548.640774000001,nan,,L1-dcache-loads:u,l1-dcache-loads,0.0,100.0,nan,,ok
12548.640774000001,nan,,cache-references:u,cache-references,0.0,100.0,nan,,ok
12548.640774000001,nan,,cache-misses:u,cache-misses,0.0,100.0,nan,,ok
12548.640774000001,nan,,stalled-cycles-frontend:u,stalled-cycles-frontend,0.0,100.0,nan,,ok
12559.330842,nan,,instructions:u,instructions,0.0,100.0,nan,,ok
12559.330842,nan,,cycles:u,cycles,0.0,100.0,nan,,ok
12559.330842,nan,,branches:u,branches,0.0,100.0,nan,,ok
12559.330842,nan,,branch-misses:u,branch-misses,0.0,100.0,nan,,ok
12559.330842,nan,,L1-dcache-loads:u,l1-dcache-loads,0.0,100.0,nan,,ok
12559.330842,nan,,cache-references:u,cache-references,0.0,100.0,nan,,ok
12559.330842,nan,,cache-misses:u,cache-misses,0.0,100.0,nan,,ok
12559.330842,nan,,stalled-cycles-frontend:u,stalled-cycles-frontend,0.0,100.0,nan,,ok
12569.969203999999,nan,,instructions:u,instructions,0.0,100.0,nan,,ok
12569.969203999999,nan,,cycles:u,cycles,0.0,100.0,nan,,ok
12569.969203999999,nan,,branches:u,branches,0.0,100.0,nan,,ok
12569.969203999999,nan,,branch-misses:u,branch-misses,0.0,100.0,nan,,ok
12569.969203999999,nan,,L1-dcache-loads:u,l1-dcache-loads,0.0,100.0,nan,,ok
12569.969203999999,nan,,cache-references:u,cache-references,0.0,100.0,nan,,ok
12569.969203999999,nan,,cache-misses:u,cache-misses,0.0,100.0,nan,,ok
12569.969203999999,nan,,stalled-cycles-frontend:u,stalled-cycles-frontend,0.0,100.0,nan,,ok
12580.949220999999,0.0,,instructions:u,instructions,1020083.0,25.0,nan,,ok
12580.949220999999,0.0,,cycles:u,cycles,25174.0,0.0,nan,,ok
12580.949220999999,0.0,,branches:u,branches,25174.0,0.0,nan,,ok
12580.949220999999,0.0,,branch-misses:u,branch-misses,1004035.0,25.0,nan,,ok
12580.949220999999,0.0,,L1-dcache-loads:u,l1-dcache-loads,1983030.0,49.0,nan,,ok
12580.949220999999,0.0,,cache-references:u,cache-references,2983043.0,74.0,nan,,ok
12580.949220999999,0.0,,cache-misses:u,cache-misses,3977952.0,99.0,nan,,ok
12580.949220999999,0.0,,stalled-cycles-frontend:u,stalled-cycles-frontend,1020083.0,25.0,nan,,ok
12592.139662,nan,,instructions:u,instructions,0.0,100.0,nan,,ok
12592.139662,nan,,cycles:u,cycles,0.0,100.0,nan,,ok
12592.139662,nan,,branches:u,branches,0.0,100.0,nan,,ok
12592.139662,nan,,branch-misses:u,branch-misses,0.0,100.0,nan,,ok
12592.139662,nan,,L1-dcache-loads:u,l1-dcache-loads,0.0,100.0,nan,,ok
12592.139662,nan,,cache-references:u,cache-references,0.0,100.0,nan,,ok
12592.139662,nan,,cache-misses:u,cache-misses,0.0,100.0,nan,,ok
12592.139662,nan,,stalled-cycles-frontend:u,stalled-cycles-frontend,0.0,100.0,nan,,ok
12602.805852,nan,,instructions:u,instructions,0.0,100.0,nan,,ok
12602.805852,nan,,cycles:u,cycles,0.0,100.0,nan,,ok
12602.805852,nan,,branches:u,branches,0.0,100.0,nan,,ok
12602.805852,nan,,branch-misses:u,branch-misses,0.0,100.0,nan,,ok
12602.805852,nan,,L1-dcache-loads:u,l1-dcache-loads,0.0,100.0,nan,,ok
12602.805852,nan,,cache-references:u,cache-references,0.0,100.0,nan,,ok
12602.805852,nan,,cache-misses:u,cache-misses,0.0,100.0,nan,,ok
12602.805852,nan,,stalled-cycles-frontend:u,stalled-cycles-frontend,0.0,100.0,nan,,ok
12613.407798,0.0,,instructions:u,instructions,593029.0,100.0,nan,,ok
12613.407798,0.0,,cycles:u,cycles,593029.0,100.0,nan,,ok
12613.407798,0.0,,branches:u,branches,593029.0,100.0,nan,,ok
12613.407798,0.0,,branch-misses:u,branch-misses,593029.0,100.0,nan,,ok
12613.407798,nan,,L1-dcache-loads:u,l1-dcache-loads,0.0,0.0,nan,,ok
12613.407798,nan,,cache-references:u,cache-references,0.0,0.0,nan,,ok
12613.407798,nan,,cache-misses:u,cache-misses,0.0,0.0,nan,,ok
12613.407798,0.0,,stalled-cycles-frontend:u,stalled-cycles-frontend,593029.0,100.0,nan,,ok
12624.130529,0.0,,instructions:u,instructions,1983306.0,37.0,nan,,ok
12624.130529,0.0,,cycles:u,cycles,2989434.0,55.0,nan,,ok
12624.130529,0.0,,branches:u,branches,3986370.0,74.0,nan,,ok
12624.130529,0.0,,branch-misses:u,branch-misses,4982149.0,93.0,nan,,ok
12624.130529,0.0,,L1-dcache-loads:u,l1-dcache-loads,4362251.0,81.0,nan,,ok
12624.130529,0.0,,cache-references:u,cache-references,3366704.0,62.0,nan,,ok
12624.130529,0.0,,cache-misses:u,cache-misses,2360576.0,44.0,nan,,ok
12624.130529,0.0,,stalled-cycles-frontend:u,stalled-cycles-frontend,987759.0,18.0,nan,,ok
12634.890437,nan,,instructions:u,instructions,0.0,100.0,nan,,ok
12634.890437,nan,,cycles:u,cycles,0.0,100.0,nan,,ok
12634.890437,nan,,branches:u,branches,0.0,100.0,nan,,ok
12634.890437,nan,,branch-misses:u,branch-misses,0.0,100.0,nan,,ok
12634.890437,nan,,L1-dcache-loads:u,l1-dcache-loads,0.0,100.0,nan,,ok
12634.890437,nan,,cache-references:u,cache-references,0.0,100.0,nan,,ok
12634.890437,nan,,cache-misses:u,cache-misses,0.0,100.0,nan,,ok
12634.890437,nan,,stalled-cycles-frontend:u,stalled-cycles-frontend,0.0,100.0,nan,,ok
12645.534669,nan,,instructions:u,instructions,0.0,0.0,nan,,ok
12645.534669,nan,,cycles:u,cycles,0.0,0.0,nan,,ok
12645.534669,nan,,branches:u,branches,0.0,0.0,nan,,ok
12645.534669,nan,,branch-misses:u,branch-misses,0.0,0.0,nan,,ok
12645.534669,0.0,,L1-dcache-loads:u,l1-dcache-loads,445794.0,100.0,nan,,ok
12645.534669,0.0,,cache-references:u,cache-references,525960.0,100.0,nan,,ok
12645.534669,0.0,,cache-misses:u,cache-misses,588777.0,100.0,nan,,ok
12645.534669,nan,,stalled-cycles-frontend:u,stalled-cycles-frontend,0.0,0.0,nan,,ok
12656.415964,0.0,,instructions:u,instructions,2999553.0,52.0,nan,,ok
12656.415964,0.0,,cycles:u,cycles,3004670.0,52.0,nan,,ok
12656.415964,0.0,,branches:u,branches,3133081.0,54.0,nan,,ok
12656.415964,0.0,,branch-misses:u,branch-misses,3133081.0,54.0,nan,,ok
12656.415964,0.0,,L1-dcache-loads:u,l1-dcache-loads,2655585.0,46.0,nan,,ok
12656.415964,0.0,,cache-references:u,cache-references,2583177.0,46.0,nan,,ok
12656.415964,0.0,,cache-misses:u,cache-misses,2515243.0,45.0,nan,,ok
12656.415964,0.0,,stalled-cycles-frontend:u,stalled-cycles-frontend,2006645.0,36.0,nan,,ok
12667.196683,nan,,instructions:u,instructions,0.0,100.0,nan,,ok
12667.196683,nan,,cycles:u,cycles,0.0,100.0,nan,,ok
12667.196683,nan,,branches:u,branches,0.0,100.0,nan,,ok
12667.196683,nan,,branch-misses:u,branch-misses,0.0,100.0,nan,,ok
12667.196683,nan,,L1-dcache-loads:u,l1-dcache-loads,0.0,100.0,nan,,ok
12667.196683,nan,,cache-references:u,cache-references,0.0,100.0,nan,,ok
12667.196683,nan,,cache-misses:u,cache-misses,0.0,100.0,nan,,ok
12667.196683,nan,,stalled-cycles-frontend:u,stalled-cycles-frontend,0.0,100.0,nan,,ok
12677.857442,nan,,instructions:u,instructions,0.0,100.0,nan,,ok
12677.857442,nan,,cycles:u,cycles,0.0,100.0,nan,,ok
12677.857442,nan,,branches:u,branches,0.0,100.0,nan,,ok
12677.857442,nan,,branch-misses:u,branch-misses,0.0,100.0,nan,,ok
12677.857442,nan,,L1-dcache-loads:u,l1-dcache-loads,0.0,100.0,nan,,ok
12677.857442,nan,,cache-references:u,cache-references,0.0,100.0,nan,,ok
12677.857442,nan,,cache-misses:u,cache-misses,0.0,100.0,nan,,ok
12677.857442,nan,,stalled-cycles-frontend:u,stalled-cycles-frontend,0.0,100.0,nan,,ok
12688.581609,nan,,instructions:u,instructions,0.0,100.0,nan,,ok
12688.581609,nan,,cycles:u,cycles,0.0,100.0,nan,,ok
12688.581609,nan,,branches:u,branches,0.0,100.0,nan,,ok
12688.581609,nan,,branch-misses:u,branch-misses,0.0,100.0,nan,,ok
12688.581609,nan,,L1-dcache-loads:u,l1-dcache-loads,0.0,100.0,nan,,ok
12688.581609,nan,,cache-references:u,cache-references,0.0,100.0,nan,,ok
12688.581609,nan,,cache-misses:u,cache-misses,0.0,100.0,nan,,ok
12688.581609,nan,,stalled-cycles-frontend:u,stalled-cycles-frontend,0.0,100.0,nan,,ok
12699.290928,nan,,instructions:u,instructions,0.0,0.0,nan,,ok
12699.290928,nan,,cycles:u,cycles,0.0,0.0,nan,,ok
12699.290928,0.0,,branches:u,branches,813342.0,41.0,nan,,ok
12699.290928,0.0,,branch-misses:u,branch-misses,1807100.0,91.0,nan,,ok
12699.290928,0.0,,L1-dcache-loads:u,l1-dcache-loads,2003649.0,100.0,nan,,ok
12699.290928,0.0,,cache-references:u,cache-references,2025597.0,100.0,nan,,ok
12699.290928,0.0,,cache-misses:u,cache-misses,2042609.0,100.0,nan,,ok
12699.290928,nan,,stalled-cycles-frontend:u,stalled-cycles-frontend,0.0,0.0,nan,,ok
12710.023646,0.0,,instructions:u,instructions,2996803.0,57.0,nan,,ok
12710.023646,0.0,,cycles:u,cycles,2359107.0,45.0,nan,,ok
12710.023646,0.0,,branches:u,branches,2359107.0,45.0,nan,,ok
12710.023646,0.0,,branch-misses:u,branch-misses,2359107.0,45.0,nan,,ok
12710.023646,0.0,,L1-dcache-loads:u,l1-dcache-loads,2161108.0,41.0,nan,,ok
12710.023646,0.0,,cache-references:u,cache-references,2140791.0,41.0,nan,,ok
12710.023646,0.0,,cache-misses:u,cache-misses,2761475.0,53.0,nan,,ok
12710.023646,0.0,,stalled-cycles-frontend:u,stalled-cycles-frontend,2000501.0,39.0,nan,,ok
12720.689081999999,nan,,instructions:u,instructions,0.0,100.0,nan,,ok
12720.689081999999,nan,,cycles:u,cycles,0.0,100.0,nan,,ok
12720.689081999999,nan,,branches:u,branches,0.0,100.0,nan,,ok
12720.689081999999,nan,,branch-misses:u,branch-misses,0.0,100.0,nan,,ok
12720.689081999999,nan,,L1-dcache-loads:u,l1-dcache-loads,0.0,100.0,nan,,ok
12720.689081999999,nan,,cache-references:u,cache-references,0.0,100.0,nan,,ok
12720.689081999999,nan,,cache-misses:u,cache-misses,0.0,100.0,nan,,ok
12720.689081999999,nan,,stalled-cycles-frontend:u,stalled-cycles-frontend,0.0,100.0,nan,,ok
12731.308663,nan,,instructions:u,instructions,0.0,100.0,nan,,ok
12731.308663,nan,,cycles:u,cycles,0.0,100.0,nan,,ok
12731.308663,nan,,branches:u,branches,0.0,100.0,nan,,ok
12731.308663,nan,,branch-misses:u,branch-misses,0.0,100.0,nan,,ok
12731.308663,nan,,L1-dcache-loads:u,l1-dcache-loads,0.0,100.0,nan,,ok
12731.308663,nan,,cache-references:u,cache-references,0.0,100.0,nan,,ok
12731.308663,nan,,cache-misses:u,cache-misses,0.0,100.0,nan,,ok
12731.308663,nan,,stalled-cycles-frontend:u,stalled-cycles-frontend,0.0,100.0,nan,,ok
12741.942233,nan,,instructions:u,instructions,0.0,100.0,nan,,ok
12741.942233,nan,,cycles:u,cycles,0.0,100.0,nan,,ok
12741.942233,nan,,branches:u,branches,0.0,100.0,nan,,ok
12741.942233,nan,,branch-misses:u,branch-misses,0.0,100.0,nan,,ok
12741.942233,nan,,L1-dcache-loads:u,l1-dcache-loads,0.0,100.0,nan,,ok
12741.942233,nan,,cache-references:u,cache-references,0.0,100.0,nan,,ok
12741.942233,nan,,cache-misses:u,cache-misses,0.0,100.0,nan,,ok
12741.942233,nan,,stalled-cycles-frontend:u,stalled-cycles-frontend,0.0,100.0,nan,,ok
12752.620674,nan,,instructions:u,instructions,0.0,100.0,nan,,ok
12752.620674,nan,,cycles:u,cycles,0.0,100.0,nan,,ok
12752.620674,nan,,branches:u,branches,0.0,100.0,nan,,ok
12752.620674,nan,,branch-misses:u,branch-misses,0.0,100.0,nan,,ok
12752.620674,nan,,L1-dcache-loads:u,l1-dcache-loads,0.0,100.0,nan,,ok
12752.620674,nan,,cache-references:u,cache-references,0.0,100.0,nan,,ok
12752.620674,nan,,cache-misses:u,cache-misses,0.0,100.0,nan,,ok
12752.620674,nan,,stalled-cycles-frontend:u,stalled-cycles-frontend,0.0,100.0,nan,,ok
12763.325659,0.0,,instructions:u,instructions,1109452.0,18.0,nan,,ok
12763.325659,0.0,,cycles:u,cycles,1050104.0,17.0,nan,,ok
12763.325659,0.0,,branches:u,branches,2043157.0,33.0,nan,,ok
12763.325659,0.0,,branch-misses:u,branch-misses,3045327.0,50.0,nan,,ok
12763.325659,0.0,,L1-dcache-loads:u,l1-dcache-loads,3930218.0,65.0,nan,,ok
12763.325659,0.0,,cache-references:u,cache-references,4931477.0,81.0,nan,,ok
12763.325659,0.0,,cache-misses:u,cache-misses,4990825.0,82.0,nan,,ok
12763.325659,0.0,,stalled-cycles-frontend:u,stalled-cycles-frontend,1109452.0,18.0,nan,,ok
12773.987986,nan,,instructions:u,instructions,0.0,100.0,nan,,ok
12773.987986,nan,,cycles:u,cycles,0.0,100.0,nan,,ok
12773.987986,nan,,branches:u,branches,0.0,100.0,nan,,ok
12773.987986,nan,,branch-misses:u,branch-misses,0.0,100.0,nan,,ok
12773.987986,nan,,L1-dcache-loads:u,l1-dcache-loads,0.0,100.0,nan,,ok
12773.987986,nan,,cache-references:u,cache-references,0.0,100.0,nan,,ok
12773.987986,nan,,cache-misses:u,cache-misses,0.0,100.0,nan,,ok
12773.987986,nan,,stalled-cycles-frontend:u,stalled-cycles-frontend,0.0,100.0,nan,,ok
12784.686914,nan,,instructions:u,instructions,0.0,100.0,nan,,ok
12784.686914,nan,,cycles:u,cycles,0.0,100.0,nan,,ok
12784.686914,nan,,branches:u,branches,0.0,100.0,nan,,ok
12784.686914,nan,,branch-misses:u,branch-misses,0.0,100.0,nan,,ok
12784.686914,nan,,L1-dcache-loads:u,l1-dcache-loads,0.0,100.0,nan,,ok
12784.686914,nan,,cache-references:u,cache-references,0.0,100.0,nan,,ok
12784.686914,nan,,cache-misses:u,cache-misses,0.0,100.0,nan,,ok
12784.686914,nan,,stalled-cycles-frontend:u,stalled-cycles-frontend,0.0,100.0,nan,,ok
12795.340722,nan,,instructions:u,instructions,0.0,100.0,nan,,ok
12795.340722,nan,,cycles:u,cycles,0.0,100.0,nan,,ok
12795.340722,nan,,branches:u,branches,0.0,100.0,nan,,ok
12795.340722,nan,,branch-misses:u,branch-misses,0.0,100.0,nan,,ok
12795.340722,nan,,L1-dcache-loads:u,l1-dcache-loads,0.0,100.0,nan,,ok
12795.340722,nan,,cache-references:u,cache-references,0.0,100.0,nan,,ok
12795.340722,nan,,cache-misses:u,cache-misses,0.0,100.0,nan,,ok
12795.340722,nan,,stalled-cycles-frontend:u,stalled-cycles-frontend,0.0,100.0,nan,,ok
12805.991589,0.0,,instructions:u,instructions,1969673.0,30.0,nan,,ok
12805.991589,0.0,,cycles:u,cycles,2970558.0,45.0,nan,,ok
12805.991589,0.0,,branches:u,branches,3967951.0,61.0,nan,,ok
12805.991589,0.0,,branch-misses:u,branch-misses,4968746.0,76.0,nan,,ok
12805.991589,0.0,,L1-dcache-loads:u,l1-dcache-loads,5003674.0,77.0,nan,,ok
12805.991589,0.0,,cache-references:u,cache-references,4494204.0,69.0,nan,,ok
12805.991589,0.0,,cache-misses:u,cache-misses,3493319.0,54.0,nan,,ok
12805.991589,0.0,,stalled-cycles-frontend:u,stalled-cycles-frontend,966578.0,14.0,nan,,ok
12816.665557,nan,,instructions:u,instructions,0.0,100.0,nan,,ok
12816.665557,nan,,cycles:u,cycles,0.0,100.0,nan,,ok
12816.665557,nan,,branches:u,branches,0.0,100.0,nan,,ok
12816.665557,nan,,branch-misses:u,branch-misses,0.0,100.0,nan,,ok
12816.665557,nan,,L1-dcache-loads:u,l1-dcache-loads,0.0,100.0,nan,,ok
12816.665557,nan,,cache-references:u,cache-references,0.0,100.0,nan,,ok
12816.665557,nan,,cache-misses:u,cache-misses,0.0,100.0,nan,,ok
12816.665557,nan,,stalled-cycles-frontend:u,stalled-cycles-frontend,0.0,100.0,nan,,ok
12827.321113,nan,,instructions:u,instructions,0.0,100.0,nan,,ok
12827.321113,nan,,cycles:u,cycles,0.0,100.0,nan,,ok
12827.321113,nan,,branches:u,branches,0.0,100.0,nan,,ok
12827.321113,nan,,branch-misses:u,branch-misses,0.0,100.0,nan,,ok
12827.321113,nan,,L1-dcache-loads:u,l1-dcache-loads,0.0,100.0,nan,,ok
12827.321113,nan,,cache-references:u,cache-references,0.0,100.0,nan,,ok
12827.321113,nan,,cache-misses:u,cache-misses,0.0,100.0,nan,,ok
12827.321113,nan,,stalled-cycles-frontend:u,stalled-cycles-frontend,0.0,100.0,nan,,ok
12837.999678999999,nan,,instructions:u,instructions,0.0,100.0,nan,,ok
12837.999678999999,nan,,cycles:u,cycles,0.0,100.0,nan,,ok
12837.999678999999,nan,,branches:u,branches,0.0,100.0,nan,,ok
12837.999678999999,nan,,branch-misses:u,branch-misses,0.0,100.0,nan,,ok
12837.999678999999,nan,,L1-dcache-loads:u,l1-dcache-loads,0.0,100.0,nan,,ok
12837.999678999999,nan,,cache-references:u,cache-references,0.0,100.0,nan,,ok
12837.999678999999,nan,,cache-misses:u,cache-misses,0.0,100.0,nan,,ok
12837.999678999999,nan,,stalled-cycles-frontend:u,stalled-cycles-frontend,0.0,100.0,nan,,ok
12848.750583,nan,,instructions:u,instructions,0.0,100.0,nan,,ok
12848.750583,nan,,cycles:u,cycles,0.0,100.0,nan,,ok
12848.750583,nan,,branches:u,branches,0.0,100.0,nan,,ok
12848.750583,nan,,branch-misses:u,branch-misses,0.0,100.0,nan,,ok
12848.750583,nan,,L1-dcache-loads:u,l1-dcache-loads,0.0,100.0,nan,,ok
12848.750583,nan,,cache-references:u,cache-references,0.0,100.0,nan,,ok
12848.750583,nan,,cache-misses:u,cache-misses,0.0,100.0,nan,,ok
12848.750583,nan,,stalled-cycles-frontend:u,stalled-cycles-frontend,0.0,100.0,nan,,ok
12859.430352000001,nan,,instructions:u,instructions,0.0,100.0,nan,,ok
12859.430352000001,nan,,cycles:u,cycles,0.0,100.0,nan,,ok
12859.430352000001,nan,,branches:u,branches,0.0,100.0,nan,,ok
12859.430352000001,nan,,branch-misses:u,branch-misses,0.0,100.0,nan,,ok
12859.430352000001,nan,,L1-dcache-loads:u,l1-dcache-loads,0.0,100.0,nan,,ok
12859.430352000001,nan,,cache-references:u,cache-references,0.0,100.0,nan,,ok
12859.430352000001,nan,,cache-misses:u,cache-misses,0.0,100.0,nan,,ok
12859.430352000001,nan,,stalled-cycles-frontend:u,stalled-cycles-frontend,0.0,100.0,nan,,ok
12870.132952,nan,,instructions:u,instructions,0.0,0.0,nan,,ok
12870.132952,nan,,cycles:u,cycles,0.0,0.0,nan,,ok
12870.132952,nan,,branches:u,branches,0.0,0.0,nan,,ok
12870.132952,nan,,branch-misses:u,branch-misses,0.0,0.0,nan,,ok
12870.132952,nan,,L1-dcache-loads:u,l1-dcache-loads,0.0,0.0,nan,,ok
12870.132952,0.0,,cache-references:u,cache-references,981571.0,93.0,nan,,ok
12870.132952,0.0,,cache-misses:u,cache-misses,1076236.0,100.0,nan,,ok
12870.132952,0.0,,stalled-cycles-frontend:u,stalled-cycles-frontend,111166.0,10.0,nan,,ok
12880.967719999999,0.0,,instructions:u,instructions,3006802.0,63.0,nan,,ok
12880.967719999999,0.0,,cycles:u,cycles,2986219.0,63.0,nan,,ok
12880.967719999999,0.0,,branches:u,branches,3711054.0,79.0,nan,,ok
12880.967719999999,0.0,,branch-misses:u,branch-misses,3711054.0,79.0,nan,,ok
12880.967719999999,0.0,,L1-dcache-loads:u,l1-dcache-loads,2725870.0,58.0,nan,,ok
12880.967719999999,0.0,,cache-references:u,cache-references,1719109.0,36.0,nan,,ok
12880.967719999999,0.0,,cache-misses:u,cache-misses,1645027.0,35.0,nan,,ok
12880.967719999999,0.0,,stalled-cycles-frontend:u,stalled-cycles-frontend,1888875.0,40.0,nan,,ok
12891.662609,nan,,instructions:u,instructions,0.0,100.0,nan,,ok
12891.662609,nan,,cycles:u,cycles,0.0,100.0,nan,,ok
12891.662609,nan,,branches:u,branches,0.0,100.0,nan,,ok
12891.662609,nan,,branch-misses:u,branch-misses,0.0,100.0,nan,,ok
12891.662609,nan,,L1-dcache-loads:u,l1-dcache-loads,0.0,100.0,nan,,ok
12891.662609,nan,,cache-references:u,cache-references,0.0,100.0,nan,,ok
12891.662609,nan,,cache-misses:u,cache-misses,0.0,100.0,nan,,ok
12891.662609,nan,,stalled-cycles-frontend:u,stalled-cycles-frontend,0.0,100.0,nan,,ok
12902.333690000001,nan,,instructions:u,instructions,0.0,100.0,nan,,ok
12902.333690000001,nan,,cycles:u,cycles,0.0,100.0,nan,,ok
12902.333690000001,nan,,branches:u,branches,0.0,100.0,nan,,ok
12902.333690000001,nan,,branch-misses:u,branch-misses,0.0,100.0,nan,,ok
12902.333690000001,nan,,L1-dcache-loads:u,l1-dcache-loads,0.0,100.0,nan,,ok
12902.333690000001,nan,,cache-references:u,cache-references,0.0,100.0,nan,,ok
12902.333690000001,nan,,cache-misses:u,cache-misses,0.0,100.0,nan,,ok
12902.333690000001,nan,,stalled-cycles-frontend:u,stalled-cycles-frontend,0.0,100.0,nan,,ok
12912.968700000001,nan,,instructions:u,instructions,0.0,0.0,nan,,ok
12912.968700000001,nan,,cycles:u,cycles,0.0,0.0,nan,,ok
12912.968700000001,0.0,,branches:u,branches,989493.0,35.0,nan,,ok
12912.968700000001,0.0,,branch-misses:u,branch-misses,1989051.0,70.0,nan,,ok
12912.968700000001,0.0,,L1-dcache-loads:u,l1-dcache-loads,2852813.0,100.0,nan,,ok
12912.968700000001,0.0,,cache-references:u,cache-references,2867146.0,100.0,nan,,ok
12912.968700000001,0.0,,cache-misses:u,cache-misses,2883843.0,100.0,nan,,ok
12912.968700000001,nan,,stalled-cycles-frontend:u,stalled-cycles-frontend,0.0,0.0,nan,,ok
12923.656300999999,0.0,,instructions:u,instructions,2191070.0,64.0,nan,,ok
12923.656300999999,0.0,,cycles:u,cycles,1196856.0,35.0,nan,,ok
12923.656300999999,0.0,,branches:u,branches,1196856.0,35.0,nan,,ok
12923.656300999999,0.0,,branch-misses:u,branch-misses,1196856.0,35.0,nan,,ok
12923.656300999999,0.0,,L1-dcache-loads:u,l1-dcache-loads,320476.0,9.0,nan,,ok
12923.656300999999,0.0,,cache-references:u,cache-references,1122952.0,33.0,nan,,ok
12923.656300999999,0.0,,cache-misses:u,cache-misses,2100469.0,63.0,nan,,ok
12923.656300999999,0.0,,stalled-cycles-frontend:u,stalled-cycles-frontend,2003968.0,61.0,nan,,ok
12934.348855,nan,,instructions:u,instructions,0.0,100.0,nan,,ok
12934.348855,nan,,cycles:u,cycles,0.0,100.0,nan,,ok
12934.348855,nan,,branches:u,branches,0.0,100.0,nan,,ok
12934.348855,nan,,branch-misses:u,branch-misses,0.0,100.0,nan,,ok
12934.348855,nan,,L1-dcache-loads:u,l1-dcache-loads,0.0,100.0,nan,,ok
12934.348855,nan,,cache-references:u,cache-references,0.0,100.0,nan,,ok
12934.348855,nan,,cache-misses:u,cache-misses,0.0,100.0,nan,,ok
12934.348855,nan,,stalled-cycles-frontend:u,stalled-cycles-frontend,0.0,100.0,nan,,ok
12945.040015,nan,,instructions:u,instructions,0.0,100.0,nan,,ok
12945.040015,nan,,cycles:u,cycles,0.0,100.0,nan,,ok
12945.040015,nan,,branches:u,branches,0.0,100.0,nan,,ok
12945.040015,nan,,branch-misses:u,branch-misses,0.0,100.0,nan,,ok
12945.040015,nan,,L1-dcache-loads:u,l1-dcache-loads,0.0,100.0,nan,,ok
12945.040015,nan,,cache-references:u,cache-references,0.0,100.0,nan,,ok
12945.040015,nan,,cache-misses:u,cache-misses,0.0,100.0,nan,,ok
12945.040015,nan,,stalled-cycles-frontend:u,stalled-cycles-frontend,0.0,100.0,nan,,ok
12955.687722,nan,,instructions:u,instructions,0.0,100.0,nan,,ok
12955.687722,nan,,cycles:u,cycles,0.0,100.0,nan,,ok
12955.687722,nan,,branches:u,branches,0.0,100.0,nan,,ok
12955.687722,nan,,branch-misses:u,branch-misses,0.0,100.0,nan,,ok
12955.687722,nan,,L1-dcache-loads:u,l1-dcache-loads,0.0,100.0,nan,,ok
12955.687722,nan,,cache-references:u,cache-references,0.0,100.0,nan,,ok
12955.687722,nan,,cache-misses:u,cache-misses,0.0,100.0,nan,,ok
12955.687722,nan,,stalled-cycles-frontend:u,stalled-cycles-frontend,0.0,100.0,nan,,ok
12966.350690000001,0.0,,instructions:u,instructions,996031.0,19.0,nan,,ok
12966.350690000001,0.0,,cycles:u,cycles,1998080.0,40.0,nan,,ok
12966.350690000001,0.0,,branches:u,branches,2999535.0,60.0,nan,,ok
12966.350690000001,0.0,,branch-misses:u,branch-misses,3993161.0,80.0,nan,,ok
12966.350690000001,0.0,,L1-dcache-loads:u,l1-dcache-loads,4986101.0,100.0,nan,,ok
12966.350690000001,0.0,,cache-references:u,cache-references,3990070.0,80.0,nan,,ok
12966.350690000001,0.0,,cache-misses:u,cache-misses,2988021.0,59.0,nan,,ok
12966.350690000001,nan,,stalled-cycles-frontend:u,stalled-cycles-frontend,0.0,0.0,nan,,ok
12977.005379,nan,,instructions:u,instructions,0.0,100.0,nan,,ok
12977.005379,nan,,cycles:u,cycles,0.0,100.0,nan,,ok
12977.005379,nan,,branches:u,branches,0.0,100.0,nan,,ok
12977.005379,nan,,branch-misses:u,branch-misses,0.0,100.0,nan,,ok
12977.005379,nan,,L1-dcache-loads:u,l1-dcache-loads,0.0,100.0,nan,,ok
12977.005379,nan,,cache-references:u,cache-references,0.0,100.0,nan,,ok
12977.005379,nan,,cache-misses:u,cache-misses,0.0,100.0,nan,,ok
12977.005379,nan,,stalled-cycles-frontend:u,stalled-cycles-frontend,0.0,100.0,nan,,ok
12987.647396,nan,,instructions:u,instructions,0.0,100.0,nan,,ok
12987.647396,nan,,cycles:u,cycles,0.0,100.0,nan,,ok
12987.647396,nan,,branches:u,branches,0.0,100.0,nan,,ok
12987.647396,nan,,branch-misses:u,branch-misses,0.0,100.0,nan,,ok
12987.647396,nan,,L1-dcache-loads:u,l1-dcache-loads,0.0,100.0,nan,,ok
12987.647396,nan,,cache-references:u,cache-references,0.0,100.0,nan,,ok
12987.647396,nan,,cache-misses:u,cache-misses,0.0,100.0,nan,,ok
12987.647396,nan,,stalled-cycles-frontend:u,stalled-cycles-frontend,0.0,100.0,nan,,ok
12998.229164,nan,,instructions:u,instructions,0.0,100.0,nan,,ok
12998.229164,nan,,cycles:u,cycles,0.0,100.0,nan,,ok
12998.229164,nan,,branches:u,branches,0.0,100.0,nan,,ok
12998.229164,nan,,branch-misses:u,branch-misses,0.0,100.0,nan,,ok
12998.229164,nan,,L1-dcache-loads:u,l1-dcache-loads,0.0,100.0,nan,,ok
12998.229164,nan,,cache-references:u,cache-references,0.0,100.0,nan,,ok
12998.229164,nan,,cache-misses:u,cache-misses,0.0,100.0,nan,,ok
12998.229164,nan,,stalled-cycles-frontend:u,stalled-cycles-frontend,0.0,100.0,nan,,ok
13008.855908,nan,,instructions:u,instructions,0.0,100.0,nan,,ok
13008.855908,nan,,cycles:u,cycles,0.0,100.0,nan,,ok
13008.855908,nan,,branches:u,branches,0.0,100.0,nan,,ok
13008.855908,nan,,branch-misses:u,branch-misses,0.0,100.0,nan,,ok
13008.855908,nan,,L1-dcache-loads:u,l1-dcache-loads,0.0,100.0,nan,,ok
13008.855908,nan,,cache-references:u,cache-references,0.0,100.0,nan,,ok
13008.855908,nan,,cache-misses:u,cache-misses,0.0,100.0,nan,,ok
13008.855908,nan,,stalled-cycles-frontend:u,stalled-cycles-frontend,0.0,100.0,nan,,ok
13019.481607,0.0,,instructions:u,instructions,2113912.0,51.0,nan,,ok
13019.481607,0.0,,cycles:u,cycles,1106418.0,27.0,nan,,ok
13019.481607,0.0,,branches:u,branches,1106418.0,27.0,nan,,ok
13019.481607,0.0,,branch-misses:u,branch-misses,1106418.0,27.0,nan,,ok
13019.481607,0.0,,L1-dcache-loads:u,l1-dcache-loads,1094061.0,26.0,nan,,ok
13019.481607,0.0,,cache-references:u,cache-references,1970958.0,48.0,nan,,ok
13019.481607,0.0,,cache-misses:u,cache-misses,2978452.0,72.0,nan,,ok
13019.481607,0.0,,stalled-cycles-frontend:u,stalled-cycles-frontend,2022093.0,49.0,nan,,ok
13030.347298,nan,,instructions:u,instructions,0.0,100.0,nan,,ok
13030.347298,nan,,cycles:u,cycles,0.0,100.0,nan,,ok
13030.347298,nan,,branches:u,branches,0.0,100.0,nan,,ok
13030.347298,nan,,branch-misses:u,branch-misses,0.0,100.0,nan,,ok
13030.347298,nan,,L1-dcache-loads:u,l1-dcache-loads,0.0,100.0,nan,,ok
13030.347298,nan,,cache-references:u,cache-references,0.0,100.0,nan,,ok
13030.347298,nan,,cache-misses:u,cache-misses,0.0,100.0,nan,,ok
13030.347298,nan,,stalled-cycles-frontend:u,stalled-cycles-frontend,0.0,100.0,nan,,ok
13041.024614,nan,,instructions:u,instructions,0.0,100.0,nan,,ok
13041.024614,nan,,cycles:u,cycles,0.0,100.0,nan,,ok
13041.024614,nan,,branches:u,branches,0.0,100.0,nan,,ok
13041.024614,nan,,branch-misses:u,branch-misses,0.0,100.0,nan,,ok
13041.024614,nan,,L1-dcache-loads:u,l1-dcache-loads,0.0,100.0,nan,,ok
13041.024614,nan,,cache-references:u,cache-references,0.0,100.0,nan,,ok
13041.024614,nan,,cache-misses:u,cache-misses,0.0,100.0,nan,,ok
13041.024614,nan,,stalled-cycles-frontend:u,stalled-cycles-frontend,0.0,100.0,nan,,ok
13051.740029999999,0.0,,instructions:u,instructions,975424.0,24.0,nan,,ok
13051.740029999999,0.0,,cycles:u,cycles,1972100.0,49.0,nan,,ok
13051.740029999999,0.0,,branches:u,branches,2971859.0,74.0,nan,,ok
13051.740029999999,0.0,,branch-misses:u,branch-misses,3965763.0,98.0,nan,,ok
13051.740029999999,0.0,,L1-dcache-loads:u,l1-dcache-loads,4015889.0,100.0,nan,,ok
13051.740029999999,0.0,,cache-references:u,cache-references,3040465.0,75.0,nan,,ok
13051.740029999999,0.0,,cache-misses:u,cache-misses,2043789.0,50.0,nan,,ok
13051.740029999999,nan,,stalled-cycles-frontend:u,stalled-cycles-frontend,0.0,0.0,nan,,ok
13062.467441,nan,,instructions:u,instructions,0.0,100.0,nan,,ok
13062.467441,nan,,cycles:u,cycles,0.0,100.0,nan,,ok
13062.467441,nan,,branches:u,branches,0.0,100.0,nan,,ok
13062.467441,nan,,branch-misses:u,branch-misses,0.0,100.0,nan,,ok
13062.467441,nan,,L1-dcache-loads:u,l1-dcache-loads,0.0,100.0,nan,,ok
13062.467441,nan,,cache-references:u,cache-references,0.0,100.0,nan,,ok
13062.467441,nan,,cache-misses:u,cache-misses,0.0,100.0,nan,,ok
13062.467441,nan,,stalled-cycles-frontend:u,stalled-cycles-frontend,0.0,100.0,nan,,ok
13073.113243,nan,,instructions:u,instructions,0.0,100.0,nan,,ok
13073.113243,nan,,cycles:u,cycles,0.0,100.0,nan,,ok
13073.113243,nan,,branches:u,branches,0.0,100.0,nan,,ok
13073.113243,nan,,branch-misses:u,branch-misses,0.0,100.0,nan,,ok
13073.113243,nan,,L1-dcache-loads:u,l1-dcache-loads,0.0,100.0,nan,,ok
13073.113243,nan,,cache-references:u,cache-references,0.0,100.0,nan,,ok
13073.113243,nan,,cache-misses:u,cache-misses,0.0,100.0,nan,,ok
13073.113243,nan,,stalled-cycles-frontend:u,stalled-cycles-frontend,0.0,100.0,nan,,ok
13083.7404,nan,,instructions:u,instructions,0.0,0.0,nan,,ok
13083.7404,nan,,cycles:u,cycles,0.0,0.0,nan,,ok
13083.7404,nan,,branches:u,branches,0.0,0.0,nan,,ok
13083.7404,nan,,branch-misses:u,branch-misses,0.0,0.0,nan,,ok
13083.7404,0.0,,L1-dcache-loads:u,l1-dcache-loads,622818.0,100.0,nan,,ok
13083.7404,0.0,,cache-references:u,cache-references,638322.0,100.0,nan,,ok
13083.7404,0.0,,cache-misses:u,cache-misses,654406.0,100.0,nan,,ok
13083.7404,nan,,stalled-cycles-frontend:u,stalled-cycles-frontend,0.0,0.0,nan,,ok
13094.424674,0.0,,instructions:u,instructions,2024040.0,58.0,nan,,ok
13094.424674,0.0,,cycles:u,cycles,1028745.0,29.0,nan,,ok
13094.424674,0.0,,branches:u,branches,1028745.0,30.0,nan,,ok
13094.424674,0.0,,branch-misses:u,branch-misses,1028745.0,30.0,nan,,ok
13094.424674,0.0,,L1-dcache-loads:u,l1-dcache-loads,387052.0,11.0,nan,,ok
13094.424674,0.0,,cache-references:u,cache-references,1348141.0,39.0,nan,,ok
13094.424674,0.0,,cache-misses:u,cache-misses,2327352.0,69.0,nan,,ok
13094.424674,0.0,,stalled-cycles-frontend:u,stalled-cycles-frontend,1993337.0,59.0,nan,,ok
13105.145733000001,nan,,instructions:u,instructions,0.0,100.0,nan,,ok
13105.145733000001,nan,,cycles:u,cycles,0.0,100.0,nan,,ok
13105.145733000001,nan,,branches:u,branches,0.0,100.0,nan,,ok
13105.145733000001,nan,,branch-misses:u,branch-misses,0.0,100.0,nan,,ok
13105.145733000001,nan,,L1-dcache-loads:u,l1-dcache-loads,0.0,100.0,nan,,ok
13105.145733000001,nan,,cache-references:u,cache-references,0.0,100.0,nan,,ok
13105.145733000001,nan,,cache-misses:u,cache-misses,0.0,100.0,nan,,ok
13105.145733000001,nan,,stalled-cycles-frontend:u,stalled-cycles-frontend,0.0,100.0,nan,,ok
13115.847681,nan,,instructions:u,instructions,0.0,100.0,nan,,ok
13115.847681,nan,,cycles:u,cycles,0.0,100.0,nan,,ok
13115.847681,nan,,branches:u,branches,0.0,100.0,nan,,ok
13115.847681,nan,,branch-misses:u,branch-misses,0.0,100.0,nan,,ok
13115.847681,nan,,L1-dcache-loads:u,l1-dcache-loads,0.0,100.0,nan,,ok
13115.847681,nan,,cache-references:u,cache-references,0.0,100.0,nan,,ok
13115.847681,nan,,cache-misses:u,cache-misses,0.0,100.0,nan,,ok
13115.847681,nan,,stalled-cycles-frontend:u,stalled-cycles-frontend,0.0,100.0,nan,,ok
13126.501132,nan,,instructions:u,instructions,0.0,100.0,nan,,ok
13126.501132,nan,,cycles:u,cycles,0.0,100.0,nan,,ok
13126.501132,nan,,branches:u,branches,0.0,100.0,nan,,ok
13126.501132,nan,,branch-misses:u,branch-misses,0.0,100.0,nan,,ok
13126.501132,nan,,L1-dcache-loads:u,l1-dcache-loads,0.0,100.0,nan,,ok
13126.501132,nan,,cache-references:u,cache-references,0.0,100.0,nan,,ok
13126.501132,nan,,cache-misses:u,cache-misses,0.0,100.0,nan,,ok
13126.501132,nan,,stalled-cycles-frontend:u,stalled-cycles-frontend,0.0,100.0,nan,,ok
13137.165747,0.0,,instructions:u,instructions,934507.0,23.0,nan,,ok
13137.165747,0.0,,cycles:u,cycles,1928012.0,48.0,nan,,ok
13137.165747,0.0,,branches:u,branches,2927119.0,73.0,nan,,ok
13137.165747,0.0,,branch-misses:u,branch-misses,3935224.0,99.0,nan,,ok
13137.165747,0.0,,L1-dcache-loads:u,l1-dcache-loads,3961522.0,100.0,nan,,ok
13137.165747,0.0,,cache-references:u,cache-references,3027015.0,76.0,nan,,ok
13137.165747,0.0,,cache-misses:u,cache-misses,2033510.0,51.0,nan,,ok
13137.165747,nan,,stalled-cycles-frontend:u,stalled-cycles-frontend,0.0,0.0,nan,,ok
13147.929568,nan,,instructions:u,instructions,0.0,100.0,nan,,ok
13147.929568,nan,,cycles:u,cycles,0.0,100.0,nan,,ok
13147.929568,nan,,branches:u,branches,0.0,100.0,nan,,ok
13147.929568,nan,,branch-misses:u,branch-misses,0.0,100.0,nan,,ok
13147.929568,nan,,L1-dcache-loads:u,l1-dcache-loads,0.0,100.0,nan,,ok
13147.929568,nan,,cache-references:u,cache-references,0.0,100.0,nan,,ok
13147.929568,nan,,cache-misses:u,cache-misses,0.0,100.0,nan,,ok
13147.929568,nan,,stalled-cycles-frontend:u,stalled-cycles-frontend,0.0,100.0,nan,,ok
13158.670766,nan,,instructions:u,instructions,0.0,100.0,nan,,ok
13158.670766,nan,,cycles:u,cycles,0.0,100.0,nan,,ok
13158.670766,nan,,branches:u,branches,0.0,100.0,nan,,ok
13158.670766,nan,,branch-misses:u,branch-misses,0.0,100.0,nan,,ok
13158.670766,nan,,L1-dcache-loads:u,l1-dcache-loads,0.0,100.0,nan,,ok
13158.670766,nan,,cache-references:u,cache-references,0.0,100.0,nan,,ok
13158.670766,nan,,cache-misses:u,cache-misses,0.0,100.0,nan,,ok
13158.670766,nan,,stalled-cycles-frontend:u,stalled-cycles-frontend,0.0,100.0,nan,,ok
13169.362063999999,nan,,instructions:u,instructions,0.0,100.0,nan,,ok
13169.362063999999,nan,,cycles:u,cycles,0.0,100.0,nan,,ok
13169.362063999999,nan,,branches:u,branches,0.0,100.0,nan,,ok
13169.362063999999,nan,,branch-misses:u,branch-misses,0.0,100.0,nan,,ok
13169.362063999999,nan,,L1-dcache-loads:u,l1-dcache-loads,0.0,100.0,nan,,ok
13169.362063999999,nan,,cache-references:u,cache-references,0.0,100.0,nan,,ok
13169.362063999999,nan,,cache-misses:u,cache-misses,0.0,100.0,nan,,ok
13169.362063999999,nan,,stalled-cycles-frontend:u,stalled-cycles-frontend,0.0,100.0,nan,,ok
13179.983909,0.0,,instructions:u,instructions,3007959.0,62.0,nan,,ok
13179.983909,0.0,,cycles:u,cycles,2241494.0,46.0,nan,,ok
13179.983909,0.0,,branches:u,branches,2241494.0,46.0,nan,,ok
13179.983909,0.0,,branch-misses:u,branch-misses,2241494.0,46.0,nan,,ok
13179.983909,0.0,,L1-dcache-loads:u,l1-dcache-loads,1789327.0,37.0,nan,,ok
13179.983909,0.0,,cache-references:u,cache-references,1781305.0,37.0,nan,,ok
13179.983909,0.0,,cache-misses:u,cache-misses,2547770.0,53.0,nan,,ok
13179.983909,0.0,,stalled-cycles-frontend:u,stalled-cycles-frontend,1999645.0,41.0,nan,,ok
13190.710121,nan,,instructions:u,instructions,0.0,100.0,nan,,ok
13190.710121,nan,,cycles:u,cycles,0.0,100.0,nan,,ok
13190.710121,nan,,branches:u,branches,0.0,100.0,nan,,ok
13190.710121,nan,,branch-misses:u,branch-misses,0.0,100.0,nan,,ok
13190.710121,nan,,L1-dcache-loads:u,l1-dcache-loads,0.0,100.0,nan,,ok
13190.710121,nan,,cache-references:u,cache-references,0.0,100.0,nan,,ok
13190.710121,nan,,cache-misses:u,cache-misses,0.0,100.0,nan,,ok
13190.710121,nan,,stalled-cycles-frontend:u,stalled-cycles-frontend,0.0,100.0,nan,,ok
13201.349687,nan,,instructions:u,instructions,0.0,100.0,nan,,ok
13201.349687,nan,,cycles:u,cycles,0.0,100.0,nan,,ok
13201.349687,nan,,branches:u,branches,0.0,100.0,nan,,ok
13201.349687,nan,,branch-misses:u,branch-misses,0.0,100.0,nan,,ok
13201.349687,nan,,L1-dcache-loads:u,l1-dcache-loads,0.0,100.0,nan,,ok
13201.349687,nan,,cache-references:u,cache-references,0.0,100.0,nan,,ok
13201.349687,nan,,cache-misses:u,cache-misses,0.0,100.0,nan,,ok
13201.349687,nan,,stalled-cycles-frontend:u,stalled-cycles-frontend,0.0,100.0,nan,,ok
13211.99397,nan,,instructions:u,instructions,0.0,100.0,nan,,ok
13211.99397,nan,,cycles:u,cycles,0.0,100.0,nan,,ok
13211.99397,nan,,branches:u,branches,0.0,100.0,nan,,ok
13211.99397,nan,,branch-misses:u,branch-misses,0.0,100.0,nan,,ok
13211.99397,nan,,L1-dcache-loads:u,l1-dcache-loads,0.0,100.0,nan,,ok
13211.99397,nan,,cache-references:u,cache-references,0.0,100.0,nan,,ok
13211.99397,nan,,cache-misses:u,cache-misses,0.0,100.0,nan,,ok
13211.99397,nan,,stalled-cycles-frontend:u,stalled-cycles-frontend,0.0,100.0,nan,,ok
13222.731955000001,nan,,instructions:u,instructions,0.0,100.0,nan,,ok
13222.731955000001,nan,,cycles:u,cycles,0.0,100.0,nan,,ok
13222.731955000001,nan,,branches:u,branches,0.0,100.0,nan,,ok
13222.731955000001,nan,,branch-misses:u,branch-misses,0.0,100.0,nan,,ok
13222.731955000001,nan,,L1-dcache-loads:u,l1-dcache-loads,0.0,100.0,nan,,ok
13222.731955000001,nan,,cache-references:u,cache-references,0.0,100.0,nan,,ok
13222.731955000001,nan,,cache-misses:u,cache-misses,0.0,100.0,nan,,ok
13222.731955000001,nan,,stalled-cycles-frontend:u,stalled-cycles-frontend,0.0,100.0,nan,,ok
13233.400714,nan,,instructions:u,instructions,0.0,100.0,nan,,ok
13233.400714,nan,,cycles:u,cycles,0.0,100.0,nan,,ok
13233.400714,nan,,branches:u,branches,0.0,100.0,nan,,ok
13233.400714,nan,,branch-misses:u,branch-misses,0.0,100.0,nan,,ok
13233.400714,nan,,L1-dcache-loads:u,l1-dcache-loads,0.0,100.0,nan,,ok
13233.400714,nan,,cache-references:u,cache-references,0.0,100.0,nan,,ok
13233.400714,nan,,cache-misses:u,cache-misses,0.0,100.0,nan,,ok
13233.400714,nan,,stalled-cycles-frontend:u,stalled-cycles-frontend,0.0,100.0,nan,,ok
13244.032705,nan,,instructions:u,instructions,0.0,0.0,nan,,ok
13244.032705,0.0,,cycles:u,cycles,880007.0,100.0,nan,,ok
13244.032705,0.0,,branches:u,branches,900030.0,100.0,nan,,ok
13244.032705,0.0,,branch-misses:u,branch-misses,918329.0,100.0,nan,,ok
13244.032705,0.0,,L1-dcache-loads:u,l1-dcache-loads,936400.0,100.0,nan,,ok
13244.032705,0.0,,cache-references:u,cache-references,961321.0,100.0,nan,,ok
13244.032705,0.0,,cache-misses:u,cache-misses,28936.0,2.0,nan,,ok
13244.032705,nan,,stalled-cycles-frontend:u,stalled-cycles-frontend,0.0,0.0,nan,,ok
13254.781775,0.0,,instructions:u,instructions,349000.0,7.0,nan,,ok
13254.781775,0.0,,cycles:u,cycles,95999.0,2.0,nan,,ok
13254.781775,0.0,,branches:u,branches,1070507.0,24.0,nan,,ok
13254.781775,0.0,,branch-misses:u,branch-misses,2064421.0,46.0,nan,,ok
13254.781775,0.0,,L1-dcache-loads:u,l1-dcache-loads,3035364.0,69.0,nan,,ok
13254.781775,0.0,,cache-references:u,cache-references,4010108.0,91.0,nan,,ok
13254.781775,0.0,,cache-misses:u,cache-misses,4315487.0,100.0,nan,,ok
13254.781775,0.0,,stalled-cycles-frontend:u,stalled-cycles-frontend,349000.0,8.0,nan,,ok
13265.432119,nan,,instructions:u,instructions,0.0,100.0,nan,,ok
13265.432119,nan,,cycles:u,cycles,0.0,100.0,nan,,ok
13265.432119,nan,,branches:u,branches,0.0,100.0,nan,,ok
13265.432119,nan,,branch-misses:u,branch-misses,0.0,100.0,nan,,ok
13265.432119,nan,,L1-dcache-loads:u,l1-dcache-loads,0.0,100.0,nan,,ok
13265.432119,nan,,cache-references:u,cache-references,0.0,100.0,nan,,ok
13265.432119,nan,,cache-misses:u,cache-misses,0.0,100.0,nan,,ok
13265.432119,nan,,stalled-cycles-frontend:u,stalled-cycles-frontend,0.0,100.0,nan,,ok
13276.15857,nan,,instructions:u,instructions,0.0,100.0,nan,,ok
13276.15857,nan,,cycles:u,cycles,0.0,100.0,nan,,ok
13276.15857,nan,,branches:u,branches,0.0,100.0,nan,,ok
13276.15857,nan,,branch-misses:u,branch-misses,0.0,100.0,nan,,ok
13276.15857,nan,,L1-dcache-loads:u,l1-dcache-loads,0.0,100.0,nan,,ok
13276.15857,nan,,cache-references:u,cache-references,0.0,100.0,nan,,ok
13276.15857,nan,,cache-misses:u,cache-misses,0.0,100.0,nan,,ok
13276.15857,nan,,stalled-cycles-frontend:u,stalled-cycles-frontend,0.0,100.0,nan,,ok
13286.857872,nan,,instructions:u,instructions,0.0,100.0,nan,,ok
13286.857872,nan,,cycles:u,cycles,0.0,100.0,nan,,ok
13286.857872,nan,,branches:u,branches,0.0,100.0,nan,,ok
13286.857872,nan,,branch-misses:u,branch-misses,0.0,100.0,nan,,ok
13286.857872,nan,,L1-dcache-loads:u,l1-dcache-loads,0.0,100.0,nan,,ok
13286.857872,nan,,cache-references:u,cache-references,0.0,100.0,nan,,ok
13286.857872,nan,,cache-misses:u,cache-misses,0.0,100.0,nan,,ok
13286.857872,nan,,stalled-cycles-frontend:u,stalled-cycles-frontend,0.0,100.0,nan,,ok
13297.553632,nan,,instructions:u,instructions,0.0,100.0,nan,,ok
13297.553632,nan,,cycles:u,cycles,0.0,100.0,nan,,ok
13297.553632,nan,,branches:u,branches,0.0,100.0,nan,,ok
13297.553632,nan,,branch-misses:u,branch-misses,0.0,100.0,nan,,ok
13297.553632,nan,,L1-dcache-loads:u,l1-dcache-loads,0.0,100.0,nan,,ok
13297.553632,nan,,cache-references:u,cache-references,0.0,100.0,nan,,ok
13297.553632,nan,,cache-misses:u,cache-misses,0.0,100.0,nan,,ok
13297.553632,nan,,stalled-cycles-frontend:u,stalled-cycles-frontend,0.0,100.0,nan,,ok
13308.279852,0.0,,instructions:u,instructions,2980064.0,61.0,nan,,ok
13308.279852,0.0,,cycles:u,cycles,2997586.0,61.0,nan,,ok
13308.279852,0.0,,branches:u,branches,3886676.0,79.0,nan,,ok
13308.279852,0.0,,branch-misses:u,branch-misses,3886676.0,79.0,nan,,ok
13308.279852,0.0,,L1-dcache-loads:u,l1-dcache-loads,2882246.0,59.0,nan,,ok
13308.279852,0.0,,cache-references:u,cache-references,1888260.0,38.0,nan,,ok
13308.279852,0.0,,cache-misses:u,cache-misses,1870738.0,38.0,nan,,ok
13308.279852,0.0,,stalled-cycles-frontend:u,stalled-cycles-frontend,1986078.0,40.0,nan,,ok
13319.042175,nan,,instructions:u,instructions,0.0,100.0,nan,,ok
13319.042175,nan,,cycles:u,cycles,0.0,100.0,nan,,ok
13319.042175,nan,,branches:u,branches,0.0,100.0,nan,,ok
13319.042175,nan,,branch-misses:u,branch-misses,0.0,100.0,nan,,ok
13319.042175,nan,,L1-dcache-loads:u,l1-dcache-loads,0.0,100.0,nan,,ok
13319.042175,nan,,cache-references:u,cache-references,0.0,100.0,nan,,ok
13319.042175,nan,,cache-misses:u,cache-misses,0.0,100.0,nan,,ok
13319.042175,nan,,stalled-cycles-frontend:u,stalled-cycles-frontend,0.0,100.0,nan,,ok
13329.659591,nan,,instructions:u,instructions,0.0,100.0,nan,,ok
13329.659591,nan,,cycles:u,cycles,0.0,100.0,nan,,ok
13329.659591,nan,,branches:u,branches,0.0,100.0,nan,,ok
13329.659591,nan,,branch-misses:u,branch-misses,0.0,100.0,nan,,ok
13329.659591,nan,,L1-dcache-loads:u,l1-dcache-loads,0.0,100.0,nan,,ok
13329.659591,nan,,cache-references:u,cache-references,0.0,100.0,nan,,ok
13329.659591,nan,,cache-misses:u,cache-misses,0.0,100.0,nan,,ok
13329.659591,nan,,stalled-cycles-frontend:u,stalled-cycles-frontend,0.0,100.0,nan,,ok
13340.476571,nan,,instructions:u,instructions,0.0,100.0,nan,,ok
13340.476571,nan,,cycles:u,cycles,0.0,100.0,nan,,ok
13340.476571,nan,,branches:u,branches,0.0,100.0,nan,,ok
13340.476571,nan,,branch-misses:u,branch-misses,0.0,100.0,nan,,ok
13340.476571,nan,,L1-dcache-loads:u,l1-dcache-loads,0.0,100.0,nan,,ok
13340.476571,nan,,cache-references:u,cache-references,0.0,100.0,nan,,ok
13340.476571,nan,,cache-misses:u,cache-misses,0.0,100.0,nan,,ok
13340.476571,nan,,stalled-cycles-frontend:u,stalled-cycles-frontend,0.0,100.0,nan,,ok
13351.204751,nan,,instructions:u,instructions,0.0,0.0,nan,,ok
13351.204751,nan,,cycles:u,cycles,0.0,0.0,nan,,ok
13351.204751,0.0,,branches:u,branches,1003344.0,32.0,nan,,ok
13351.204751,0.0,,branch-misses:u,branch-misses,2003061.0,64.0,nan,,ok
13351.204751,0.0,,L1-dcache-loads:u,l1-dcache-loads,2994567.0,96.0,nan,,ok
13351.204751,0.0,,cache-references:u,cache-references,3114659.0,100.0,nan,,ok
13351.204751,0.0,,cache-misses:u,cache-misses,3133337.0,100.0,nan,,ok
13351.204751,nan,,stalled-cycles-frontend:u,stalled-cycles-frontend,0.0,0.0,nan,,ok
13362.001661,0.0,,instructions:u,instructions,551202.0,36.0,nan,,ok
13362.001661,nan,,cycles:u,cycles,0.0,0.0,nan,,ok
13362.001661,nan,,branches:u,branches,0.0,0.0,nan,,ok
13362.001661,nan,,branch-misses:u,branch-misses,0.0,0.0,nan,,ok
13362.001661,nan,,L1-dcache-loads:u,l1-dcache-loads,0.0,0.0,nan,,ok
13362.001661,0.0,,cache-references:u,cache-references,886735.0,61.0,nan,,ok
13362.001661,0.0,,cache-misses:u,cache-misses,1419259.0,100.0,nan,,ok
13362.001661,0.0,,stalled-cycles-frontend:u,stalled-cycles-frontend,551202.0,39.0,nan,,ok
13372.723887,nan,,instructions:u,instructions,0.0,100.0,nan,,ok
13372.723887,nan,,cycles:u,cycles,0.0,100.0,nan,,ok
13372.723887,nan,,branches:u,branches,0.0,100.0,nan,,ok
13372.723887,nan,,branch-misses:u,branch-misses,0.0,100.0,nan,,ok
13372.723887,nan,,L1-dcache-loads:u,l1-dcache-loads,0.0,100.0,nan,,ok
13372.723887,nan,,cache-references:u,cache-references,0.0,100.0,nan,,ok
13372.723887,nan,,cache-misses:u,cache-misses,0.0,100.0,nan,,ok
13372.723887,nan,,stalled-cycles-frontend:u,stalled-cycles-frontend,0.0,100.0,nan,,ok
13383.371148,nan,,instructions:u,instructions,0.0,100.0,nan,,ok
13383.371148,nan,,cycles:u,cycles,0.0,100.0,nan,,ok
13383.371148,nan,,branches:u,branches,0.0,100.0,nan,,ok
13383.371148,nan,,branch-misses:u,branch-misses,0.0,100.0,nan,,ok
13383.371148,nan,,L1-dcache-loads:u,l1-dcache-loads,0.0,100.0,nan,,ok
13383.371148,nan,,cache-references:u,cache-references,0.0,100.0,nan,,ok
13383.371148,nan,,cache-misses:u,cache-misses,0.0,100.0,nan,,ok
13383.371148,nan,,stalled-cycles-frontend:u,stalled-cycles-frontend,0.0,100.0,nan,,ok
13393.961970999999,0.0,,instructions:u,instructions,1798449.0,100.0,nan,,ok
13393.961970999999,0.0,,cycles:u,cycles,841234.0,46.0,nan,,ok
13393.961970999999,0.0,,branches:u,branches,862431.0,46.0,nan,,ok
13393.961970999999,0.0,,branch-misses:u,branch-misses,881604.0,47.0,nan,,ok
13393.961970999999,nan,,L1-dcache-loads:u,l1-dcache-loads,0.0,0.0,nan,,ok
13393.961970999999,nan,,cache-references:u,cache-references,0.0,0.0,nan,,ok
13393.961970999999,0.0,,cache-misses:u,cache-misses,981737.0,51.0,nan,,ok
13393.961970999999,0.0,,stalled-cycles-frontend:u,stalled-cycles-frontend,1911417.0,100.0,nan,,ok
13404.689687,0.0,,instructions:u,instructions,1181021.0,29.0,nan,,ok
13404.689687,0.0,,cycles:u,cycles,2155433.0,54.0,nan,,ok
13404.689687,0.0,,branches:u,branches,3140881.0,79.0,nan,,ok
13404.689687,0.0,,branch-misses:u,branch-misses,3919206.0,100.0,nan,,ok
13404.689687,0.0,,L1-dcache-loads:u,l1-dcache-loads,3798602.0,97.0,nan,,ok
13404.689687,0.0,,cache-references:u,cache-references,2803077.0,71.0,nan,,ok
13404.689687,0.0,,cache-misses:u,cache-misses,1804143.0,46.0,nan,,ok
13404.689687,0.0,,stalled-cycles-frontend:u,stalled-cycles-frontend,72528.0,1.0,nan,,ok
13415.358858,nan,,instructions:u,instructions,0.0,100.0,nan,,ok
13415.358858,nan,,cycles:u,cycles,0.0,100.0,nan,,ok
13415.358858,nan,,branches:u,branches,0.0,100.0,nan,,ok
13415.358858,nan,,branch-misses:u,branch-misses,0.0,100.0,nan,,ok
13415.358858,nan,,L1-dcache-loads:u,l1-dcache-loads,0.0,100.0,nan,,ok
13415.358858,nan,,cache-references:u,cache-references,0.0,100.0,nan,,ok
13415.358858,nan,,cache-misses:u,cache-misses,0.0,100.0,nan,,ok
13415.358858,nan,,stalled-cycles-frontend:u,stalled-cycles-frontend,0.0,100.0,nan,,ok
13426.060502,nan,,instructions:u,instructions,0.0,100.0,nan,,ok
13426.060502,nan,,cycles:u,cycles,0.0,100.0,nan,,ok
13426.060502,nan,,branches:u,branches,0.0,100.0,nan,,ok
13426.060502,nan,,branch-misses:u,branch-misses,0.0,100.0,nan,,ok
13426.060502,nan,,L1-dcache-loads:u,l1-dcache-loads,0.0,100.0,nan,,ok
13426.060502,nan,,cache-references:u,cache-references,0.0,100.0,nan,,ok
13426.060502,nan,,cache-misses:u,cache-misses,0.0,100.0,nan,,ok
13426.060502,nan,,stalled-cycles-frontend:u,stalled-cycles-frontend,0.0,100.0,nan,,ok
13436.736179,nan,,instructions:u,instructions,0.0,100.0,nan,,ok
13436.736179,nan,,cycles:u,cycles,0.0,100.0,nan,,ok
13436.736179,nan,,branches:u,branches,0.0,100.0,nan,,ok
13436.736179,nan,,branch-misses:u,branch-misses,0.0,100.0,nan,,ok
13436.736179,nan,,L1-dcache-loads:u,l1-dcache-loads,0.0,100.0,nan,,ok
13436.736179,nan,,cache-references:u,cache-references,0.0,100.0,nan,,ok
13436.736179,nan,,cache-misses:u,cache-misses,0.0,100.0,nan,,ok
13436.736179,nan,,stalled-cycles-frontend:u,stalled-cycles-frontend,0.0,100.0,nan,,ok
13447.390007,nan,,instructions:u,instructions,0.0,100.0,nan,,ok
13447.390007,nan,,cycles:u,cycles,0.0,100.0,nan,,ok
13447.390007,nan,,branches:u,branches,0.0,100.0,nan,,ok
13447.390007,nan,,branch-misses:u,branch-misses,0.0,100.0,nan,,ok
13447.390007,nan,,L1-dcache-loads:u,l1-dcache-loads,0.0,100.0,nan,,ok
13447.390007,nan,,cache-references:u,cache-references,0.0,100.0,nan,,ok
13447.390007,nan,,cache-misses:u,cache-misses,0.0,100.0,nan,,ok
13447.390007,nan,,stalled-cycles-frontend:u,stalled-cycles-frontend,0.0,100.0,nan,,ok
13457.990133,nan,,instructions:u,instructions,0.0,100.0,nan,,ok
13457.990133,nan,,cycles:u,cycles,0.0,100.0,nan,,ok
13457.990133,nan,,branches:u,branches,0.0,100.0,nan,,ok
13457.990133,nan,,branch-misses:u,branch-misses,0.0,100.0,nan,,ok
13457.990133,nan,,L1-dcache-loads:u,l1-dcache-loads,0.0,100.0,nan,,ok
13457.990133,nan,,cache-references:u,cache-references,0.0,100.0,nan,,ok
13457.990133,nan,,cache-misses:u,cache-misses,0.0,100.0,nan,,ok
13457.990133,nan,,stalled-cycles-frontend:u,stalled-cycles-frontend,0.0,100.0,nan,,ok
13468.791199,0.0,,instructions:u,instructions,664953.0,18.0,nan,,ok
13468.791199,nan,,cycles:u,cycles,0.0,0.0,nan,,ok
13468.791199,nan,,branches:u,branches,0.0,0.0,nan,,ok
13468.791199,0.0,,branch-misses:u,branch-misses,968118.0,26.0,nan,,ok
13468.791199,0.0,,L1-dcache-loads:u,l1-dcache-loads,1964577.0,53.0,nan,,ok
13468.791199,0.0,,cache-references:u,cache-references,2964445.0,80.0,nan,,ok
13468.791199,0.0,,cache-misses:u,cache-misses,3725656.0,100.0,nan,,ok
13468.791199,0.0,,stalled-cycles-frontend:u,stalled-cycles-frontend,816993.0,21.0,nan,,ok
13479.601798,0.0,,instructions:u,instructions,2347763.0,49.0,nan,,ok
13479.601798,0.0,,cycles:u,cycles,2990478.0,63.0,nan,,ok
13479.601798,0.0,,branches:u,branches,4025142.0,86.0,nan,,ok
13479.601798,0.0,,branch-misses:u,branch-misses,4343964.0,93.0,nan,,ok
13479.601798,0.0,,L1-dcache-loads:u,l1-dcache-loads,3353417.0,72.0,nan,,ok
13479.601798,0.0,,cache-references:u,cache-references,2351615.0,50.0,nan,,ok
13479.601798,0.0,,cache-misses:u,cache-misses,1612642.0,35.0,nan,,ok
13479.601798,0.0,,stalled-cycles-frontend:u,stalled-cycles-frontend,1193921.0,26.0,nan,,ok
13490.242116,nan,,instructions:u,instructions,0.0,100.0,nan,,ok
13490.242116,nan,,cycles:u,cycles,0.0,100.0,nan,,ok
13490.242116,nan,,branches:u,branches,0.0,100.0,nan,,ok
13490.242116,nan,,branch-misses:u,branch-misses,0.0,100.0,nan,,ok
13490.242116,nan,,L1-dcache-loads:u,l1-dcache-loads,0.0,100.0,nan,,ok
13490.242116,nan,,cache-references:u,cache-references,0.0,100.0,nan,,ok
13490.242116,nan,,cache-misses:u,cache-misses,0.0,100.0,nan,,ok
13490.242116,nan,,stalled-cycles-frontend:u,stalled-cycles-frontend,0.0,100.0,nan,,ok
13500.965923000002,nan,,instructions:u,instructions,0.0,100.0,nan,,ok
13500.965923000002,nan,,cycles:u,cycles,0.0,100.0,nan,,ok
13500.965923000002,nan,,branches:u,branches,0.0,100.0,nan,,ok
13500.965923000002,nan,,branch-misses:u,branch-misses,0.0,100.0,nan,,ok
13500.965923000002,nan,,L1-dcache-loads:u,l1-dcache-loads,0.0,100.0,nan,,ok
13500.965923000002,nan,,cache-references:u,cache-references,0.0,100.0,nan,,ok
13500.965923000002,nan,,cache-misses:u,cache-misses,0.0,100.0,nan,,ok
13500.965923000002,nan,,stalled-cycles-frontend:u,stalled-cycles-frontend,0.0,100.0,nan,,ok
13511.626163,nan,,instructions:u,instructions,0.0,100.0,nan,,ok
13511.626163,nan,,cycles:u,cycles,0.0,100.0,nan,,ok
13511.626163,nan,,branches:u,branches,0.0,100.0,nan,,ok
13511.626163,nan,,branch-misses:u,branch-misses,0.0,100.0,nan,,ok
13511.626163,nan,,L1-dcache-loads:u,l1-dcache-loads,0.0,100.0,nan,,ok
13511.626163,nan,,cache-references:u,cache-references,0.0,100.0,nan,,ok
13511.626163,nan,,cache-misses:u,cache-misses,0.0,100.0,nan,,ok
13511.626163,nan,,stalled-cycles-frontend:u,stalled-cycles-frontend,0.0,100.0,nan,,ok
13522.230767,nan,,instructions:u,instructions,0.0,100.0,nan,,ok
13522.230767,nan,,cycles:u,cycles,0.0,100.0,nan,,ok
13522.230767,nan,,branches:u,branches,0.0,100.0,nan,,ok
13522.230767,nan,,branch-misses:u,branch-misses,0.0,100.0,nan,,ok
13522.230767,nan,,L1-dcache-loads:u,l1-dcache-loads,0.0,100.0,nan,,ok
13522.230767,nan,,cache-references:u,cache-references,0.0,100.0,nan,,ok
13522.230767,nan,,cache-misses:u,cache-misses,0.0,100.0,nan,,ok
13522.230767,nan,,stalled-cycles-frontend:u,stalled-cycles-frontend,0.0,100.0,nan,,ok
13532.895548999999,nan,,instructions:u,instructions,0.0,100.0,nan,,ok
13532.895548999999,nan,,cycles:u,cycles,0.0,100.0,nan,,ok
13532.895548999999,nan,,branches:u,branches,0.0,100.0,nan,,ok
13532.895548999999,nan,,branch-misses:u,branch-misses,0.0,100.0,nan,,ok
13532.895548999999,nan,,L1-dcache-loads:u,l1-dcache-loads,0.0,100.0,nan,,ok
13532.895548999999,nan,,cache-references:u,cache-references,0.0,100.0,nan,,ok
13532.895548999999,nan,,cache-misses:u,cache-misses,0.0,100.0,nan,,ok
13532.895548999999,nan,,stalled-cycles-frontend:u,stalled-cycles-frontend,0.0,100.0,nan,,ok
13543.563685000001,nan,,instructions:u,instructions,0.0,100.0,nan,,ok
13543.563685000001,nan,,cycles:u,cycles,0.0,100.0,nan,,ok
13543.563685000001,nan,,branches:u,branches,0.0,100.0,nan,,ok
13543.563685000001,nan,,branch-misses:u,branch-misses,0.0,100.0,nan,,ok
13543.563685000001,nan,,L1-dcache-loads:u,l1-dcache-loads,0.0,100.0,nan,,ok
13543.563685000001,nan,,cache-references:u,cache-references,0.0,100.0,nan,,ok
13543.563685000001,nan,,cache-misses:u,cache-misses,0.0,100.0,nan,,ok
13543.563685000001,nan,,stalled-cycles-frontend:u,stalled-cycles-frontend,0.0,100.0,nan,,ok
13554.192811,nan,,instructions:u,instructions,0.0,100.0,nan,,ok
13554.192811,nan,,cycles:u,cycles,0.0,100.0,nan,,ok
13554.192811,nan,,branches:u,branches,0.0,100.0,nan,,ok
13554.192811,nan,,branch-misses:u,branch-misses,0.0,100.0,nan,,ok
13554.192811,nan,,L1-dcache-loads:u,l1-dcache-loads,0.0,100.0,nan,,ok
13554.192811,nan,,cache-references:u,cache-references,0.0,100.0,nan,,ok
13554.192811,nan,,cache-misses:u,cache-misses,0.0,100.0,nan,,ok
13554.192811,nan,,stalled-cycles-frontend:u,stalled-cycles-frontend,0.0,100.0,nan,,ok
13564.773974,0.0,,instructions:u,instructions,1169244.0,28.0,nan,,ok
13564.773974,0.0,,cycles:u,cycles,159374.0,3.0,nan,,ok
13564.773974,0.0,,branches:u,branches,159374.0,3.0,nan,,ok
13564.773974,0.0,,branch-misses:u,branch-misses,1114635.0,27.0,nan,,ok
13564.773974,0.0,,L1-dcache-loads:u,l1-dcache-loads,1946138.0,47.0,nan,,ok
13564.773974,0.0,,cache-references:u,cache-references,2948343.0,71.0,nan,,ok
13564.773974,0.0,,cache-misses:u,cache-misses,3958213.0,96.0,nan,,ok
13564.773974,0.0,,stalled-cycles-frontend:u,stalled-cycles-frontend,1169244.0,28.0,nan,,ok
13575.459802,nan,,instructions:u,instructions,0.0,100.0,nan,,ok
13575.459802,nan,,cycles:u,cycles,0.0,100.0,nan,,ok
13575.459802,nan,,branches:u,branches,0.0,100.0,nan,,ok
13575.459802,nan,,branch-misses:u,branch-misses,0.0,100.0,nan,,ok
13575.459802,nan,,L1-dcache-loads:u,l1-dcache-loads,0.0,100.0,nan,,ok
13575.459802,nan,,cache-references:u,cache-references,0.0,100.0,nan,,ok
13575.459802,nan,,cache-misses:u,cache-misses,0.0,100.0,nan,,ok
13575.459802,nan,,stalled-cycles-frontend:u,stalled-cycles-frontend,0.0,100.0,nan,,ok
13586.196438,nan,,instructions:u,instructions,0.0,100.0,nan,,ok
13586.196438,nan,,cycles:u,cycles,0.0,100.0,nan,,ok
13586.196438,nan,,branches:u,branches,0.0,100.0,nan,,ok
13586.196438,nan,,branch-misses:u,branch-misses,0.0,100.0,nan,,ok
13586.196438,nan,,L1-dcache-loads:u,l1-dcache-loads,0.0,100.0,nan,,ok
13586.196438,nan,,cache-references:u,cache-references,0.0,100.0,nan,,ok
13586.196438,nan,,cache-misses:u,cache-misses,0.0,100.0,nan,,ok
13586.196438,nan,,stalled-cycles-frontend:u,stalled-cycles-frontend,0.0,100.0,nan,,ok
13597.013157,nan,,instructions:u,instructions,0.0,100.0,nan,,ok
13597.013157,nan,,cycles:u,cycles,0.0,100.0,nan,,ok
13597.013157,nan,,branches:u,branches,0.0,100.0,nan,,ok
13597.013157,nan,,branch-misses:u,branch-misses,0.0,100.0,nan,,ok
13597.013157,nan,,L1-dcache-loads:u,l1-dcache-loads,0.0,100.0,nan,,ok
13597.013157,nan,,cache-references:u,cache-references,0.0,100.0,nan,,ok
13597.013157,nan,,cache-misses:u,cache-misses,0.0,100.0,nan,,ok
13597.013157,nan,,stalled-cycles-frontend:u,stalled-cycles-frontend,0.0,100.0,nan,,ok
13607.669705999999,0.0,,instructions:u,instructions,1956439.0,79.0,nan,,ok
13607.669705999999,0.0,,cycles:u,cycles,2491526.0,100.0,nan,,ok
13607.669705999999,0.0,,branches:u,branches,2515096.0,100.0,nan,,ok
13607.669705999999,0.0,,branch-misses:u,branch-misses,2534427.0,100.0,nan,,ok
13607.669705999999,0.0,,L1-dcache-loads:u,l1-dcache-loads,1600355.0,62.0,nan,,ok
13607.669705999999,0.0,,cache-references:u,cache-references,623086.0,24.0,nan,,ok
13607.669705999999,nan,,cache-misses:u,cache-misses,0.0,0.0,nan,,ok
13607.669705999999,0.0,,stalled-cycles-frontend:u,stalled-cycles-frontend,957100.0,36.0,nan,,ok
13618.494328,nan,,instructions:u,instructions,0.0,0.0,nan,,ok
13618.494328,0.0,,cycles:u,cycles,463689.0,25.0,nan,,ok
13618.494328,0.0,,branches:u,branches,1439663.0,80.0,nan,,ok
13618.494328,0.0,,branch-misses:u,branch-misses,1768963.0,100.0,nan,,ok
13618.494328,0.0,,L1-dcache-loads:u,l1-dcache-loads,1745935.0,100.0,nan,,ok
13618.494328,0.0,,cache-references:u,cache-references,1723865.0,100.0,nan,,ok
13618.494328,0.0,,cache-misses:u,cache-misses,1348175.0,78.0,nan,,ok
13618.494328,nan,,stalled-cycles-frontend:u,stalled-cycles-frontend,0.0,0.0,nan,,ok
13629.228329,nan,,instructions:u,instructions,0.0,100.0,nan,,ok
13629.228329,nan,,cycles:u,cycles,0.0,100.0,nan,,ok
13629.228329,nan,,branches:u,branches,0.0,100.0,nan,,ok
13629.228329,nan,,branch-misses:u,branch-misses,0.0,100.0,nan,,ok
13629.228329,nan,,L1-dcache-loads:u,l1-dcache-loads,0.0,100.0,nan,,ok
13629.228329,nan,,cache-references:u,cache-references,0.0,100.0,nan,,ok
13629.228329,nan,,cache-misses:u,cache-misses,0.0,100.0,nan,,ok
13629.228329,nan,,stalled-cycles-frontend:u,stalled-cycles-frontend,0.0,100.0,nan,,ok
13639.836631,nan,,instructions:u,instructions,0.0,100.0,nan,,ok
13639.836631,nan,,cycles:u,cycles,0.0,100.0,nan,,ok
13639.836631,nan,,branches:u,branches,0.0,100.0,nan,,ok
13639.836631,nan,,branch-misses:u,branch-misses,0.0,100.0,nan,,ok
13639.836631,nan,,L1-dcache-loads:u,l1-dcache-loads,0.0,100.0,nan,,ok
13639.836631,nan,,cache-references:u,cache-references,0.0,100.0,nan,,ok
13639.836631,nan,,cache-misses:u,cache-misses,0.0,100.0,nan,,ok
13639.836631,nan,,stalled-cycles-frontend:u,stalled-cycles-frontend,0.0,100.0,nan,,ok
13650.612747000001,nan,,instructions:u,instructions,0.0,100.0,nan,,ok
13650.612747000001,nan,,cycles:u,cycles,0.0,100.0,nan,,ok
13650.612747000001,nan,,branches:u,branches,0.0,100.0,nan,,ok
13650.612747000001,nan,,branch-misses:u,branch-misses,0.0,100.0,nan,,ok
13650.612747000001,nan,,L1-dcache-loads:u,l1-dcache-loads,0.0,100.0,nan,,ok
13650.612747000001,nan,,cache-references:u,cache-references,0.0,100.0,nan,,ok
13650.612747000001,nan,,cache-misses:u,cache-misses,0.0,100.0,nan,,ok
13650.612747000001,nan,,stalled-cycles-frontend:u,stalled-cycles-frontend,0.0,100.0,nan,,ok
13661.519083,nan,,instructions:u,instructions,0.0,100.0,nan,,ok
13661.519083,nan,,cycles:u,cycles,0.0,100.0,nan,,ok
13661.519083,nan,,branches:u,branches,0.0,100.0,nan,,ok
13661.519083,nan,,branch-misses:u,branch-misses,0.0,100.0,nan,,ok
13661.519083,nan,,L1-dcache-loads:u,l1-dcache-loads,0.0,100.0,nan,,ok
13661.519083,nan,,cache-references:u,cache-references,0.0,100.0,nan,,ok
13661.519083,nan,,cache-misses:u,cache-misses,0.0,100.0,nan,,ok
13661.519083,nan,,stalled-cycles-frontend:u,stalled-cycles-frontend,0.0,100.0,nan,,ok
13672.109843,0.0,,instructions:u,instructions,2355941.0,44.0,nan,,ok
13672.109843,0.0,,cycles:u,cycles,1365069.0,25.0,nan,,ok
13672.109843,0.0,,branches:u,branches,1365069.0,25.0,nan,,ok
13672.109843,0.0,,branch-misses:u,branch-misses,2348880.0,44.0,nan,,ok
13672.109843,0.0,,L1-dcache-loads:u,l1-dcache-loads,2340279.0,43.0,nan,,ok
13672.109843,0.0,,cache-references:u,cache-references,2981336.0,55.0,nan,,ok
13672.109843,0.0,,cache-misses:u,cache-misses,3972208.0,74.0,nan,,ok
13672.109843,0.0,,stalled-cycles-frontend:u,stalled-cycles-frontend,1995621.0,37.0,nan,,ok
13682.82938,nan,,instructions:u,instructions,0.0,100.0,nan,,ok
13682.82938,nan,,cycles:u,cycles,0.0,100.0,nan,,ok
13682.82938,nan,,branches:u,branches,0.0,100.0,nan,,ok
13682.82938,nan,,branch-misses:u,branch-misses,0.0,100.0,nan,,ok
13682.82938,nan,,L1-dcache-loads:u,l1-dcache-loads,0.0,100.0,nan,,ok
13682.82938,nan,,cache-references:u,cache-references,0.0,100.0,nan,,ok
13682.82938,nan,,cache-misses:u,cache-misses,0.0,100.0,nan,,ok
13682.82938,nan,,stalled-cycles-frontend:u,stalled-cycles-frontend,0.0,100.0,nan,,ok
13693.486856,nan,,instructions:u,instructions,0.0,100.0,nan,,ok
13693.486856,nan,,cycles:u,cycles,0.0,100.0,nan,,ok
13693.486856,nan,,branches:u,branches,0.0,100.0,nan,,ok
13693.486856,nan,,branch-misses:u,branch-misses,0.0,100.0,nan,,ok
13693.486856,nan,,L1-dcache-loads:u,l1-dcache-loads,0.0,100.0,nan,,ok
13693.486856,nan,,cache-references:u,cache-references,0.0,100.0,nan,,ok
13693.486856,nan,,cache-misses:u,cache-misses,0.0,100.0,nan,,ok
13693.486856,nan,,stalled-cycles-frontend:u,stalled-cycles-frontend,0.0,100.0,nan,,ok
13704.174038,nan,,instructions:u,instructions,0.0,100.0,nan,,ok
13704.174038,nan,,cycles:u,cycles,0.0,100.0,nan,,ok
13704.174038,nan,,branches:u,branches,0.0,100.0,nan,,ok
13704.174038,nan,,branch-misses:u,branch-misses,0.0,100.0,nan,,ok
13704.174038,nan,,L1-dcache-loads:u,l1-dcache-loads,0.0,100.0,nan,,ok
13704.174038,nan,,cache-references:u,cache-references,0.0,100.0,nan,,ok
13704.174038,nan,,cache-misses:u,cache-misses,0.0,100.0,nan,,ok
13704.174038,nan,,stalled-cycles-frontend:u,stalled-cycles-frontend,0.0,100.0,nan,,ok
13714.877805,nan,,instructions:u,instructions,0.0,100.0,nan,,ok
13714.877805,nan,,cycles:u,cycles,0.0,100.0,nan,,ok
13714.877805,nan,,branches:u,branches,0.0,100.0,nan,,ok
13714.877805,nan,,branch-misses:u,branch-misses,0.0,100.0,nan,,ok
13714.877805,nan,,L1-dcache-loads:u,l1-dcache-loads,0.0,100.0,nan,,ok
13714.877805,nan,,cache-references:u,cache-references,0.0,100.0,nan,,ok
13714.877805,nan,,cache-misses:u,cache-misses,0.0,100.0,nan,,ok
13714.877805,nan,,stalled-cycles-frontend:u,stalled-cycles-frontend,0.0,100.0,nan,,ok
13725.510908,0.0,,instructions:u,instructions,1025887.0,20.0,nan,,ok
13725.510908,0.0,,cycles:u,cycles,1983473.0,38.0,nan,,ok
13725.510908,0.0,,branches:u,branches,2983160.0,58.0,nan,,ok
13725.510908,0.0,,branch-misses:u,branch-misses,3986887.0,78.0,nan,,ok
13725.510908,0.0,,L1-dcache-loads:u,l1-dcache-loads,4989105.0,97.0,nan,,ok
13725.510908,0.0,,cache-references:u,cache-references,4075431.0,79.0,nan,,ok
13725.510908,0.0,,cache-misses:u,cache-misses,3117845.0,61.0,nan,,ok
13725.510908,nan,,stalled-cycles-frontend:u,stalled-cycles-frontend,0.0,0.0,nan,,ok
13736.112079999999,nan,,instructions:u,instructions,0.0,100.0,nan,,ok
13736.112079999999,nan,,cycles:u,cycles,0.0,100.0,nan,,ok
13736.112079999999,nan,,branches:u,branches,0.0,100.0,nan,,ok
13736.112079999999,nan,,branch-misses:u,branch-misses,0.0,100.0,nan,,ok
13736.112079999999,nan,,L1-dcache-loads:u,l1-dcache-loads,0.0,100.0,nan,,ok
13736.112079999999,nan,,cache-references:u,cache-references,0.0,100.0,nan,,ok
13736.112079999999,nan,,cache-misses:u,cache-misses,0.0,100.0,nan,,ok
13736.112079999999,nan,,stalled-cycles-frontend:u,stalled-cycles-frontend,0.0,100.0,nan,,ok
13746.719488,nan,,instructions:u,instructions,0.0,100.0,nan,,ok
13746.719488,nan,,cycles:u,cycles,0.0,100.0,nan,,ok
13746.719488,nan,,branches:u,branches,0.0,100.0,nan,,ok
13746.719488,nan,,branch-misses:u,branch-misses,0.0,100.0,nan,,ok
13746.719488,nan,,L1-dcache-loads:u,l1-dcache-loads,0.0,100.0,nan,,ok
13746.719488,nan,,cache-references:u,cache-references,0.0,100.0,nan,,ok
13746.719488,nan,,cache-misses:u,cache-misses,0.0,100.0,nan,,ok
13746.719488,nan,,stalled-cycles-frontend:u,stalled-cycles-frontend,0.0,100.0,nan,,ok
13757.396424999999,nan,,instructions:u,instructions,0.0,100.0,nan,,ok
13757.396424999999,nan,,cycles:u,cycles,0.0,100.0,nan,,ok
13757.396424999999,nan,,branches:u,branches,0.0,100.0,nan,,ok
13757.396424999999,nan,,branch-misses:u,branch-misses,0.0,100.0,nan,,ok
13757.396424999999,nan,,L1-dcache-loads:u,l1-dcache-loads,0.0,100.0,nan,,ok
13757.396424999999,nan,,cache-references:u,cache-references,0.0,100.0,nan,,ok
13757.396424999999,nan,,cache-misses:u,cache-misses,0.0,100.0,nan,,ok
13757.396424999999,nan,,stalled-cycles-frontend:u,stalled-cycles-frontend,0.0,100.0,nan,,ok
13768.029647000001,nan,,instructions:u,instructions,0.0,100.0,nan,,ok
13768.029647000001,nan,,cycles:u,cycles,0.0,100.0,nan,,ok
13768.029647000001,nan,,branches:u,branches,0.0,100.0,nan,,ok
13768.029647000001,nan,,branch-misses:u,branch-misses,0.0,100.0,nan,,ok
13768.029647000001,nan,,L1-dcache-loads:u,l1-dcache-loads,0.0,100.0,nan,,ok
13768.029647000001,nan,,cache-references:u,cache-references,0.0,100.0,nan,,ok
13768.029647000001,nan,,cache-misses:u,cache-misses,0.0,100.0,nan,,ok
13768.029647000001,nan,,stalled-cycles-frontend:u,stalled-cycles-frontend,0.0,100.0,nan,,ok
13778.651175,0.0,,instructions:u,instructions,3003436.0,37.0,nan,,ok
13778.651175,0.0,,cycles:u,cycles,2998593.0,37.0,nan,,ok
13778.651175,0.0,,branches:u,branches,3999573.0,50.0,nan,,ok
13778.651175,0.0,,branch-misses:u,branch-misses,4998799.0,63.0,nan,,ok
13778.651175,0.0,,L1-dcache-loads:u,l1-dcache-loads,4945314.0,62.0,nan,,ok
13778.651175,0.0,,cache-references:u,cache-references,4906599.0,62.0,nan,,ok
13778.651175,0.0,,cache-misses:u,cache-misses,4911442.0,62.0,nan,,ok
13778.651175,0.0,,stalled-cycles-frontend:u,stalled-cycles-frontend,2005568.0,25.0,nan,,ok
13789.379662,nan,,instructions:u,instructions,0.0,100.0,nan,,ok
13789.379662,nan,,cycles:u,cycles,0.0,100.0,nan,,ok
13789.379662,nan,,branches:u,branches,0.0,100.0,nan,,ok
13789.379662,nan,,branch-misses:u,branch-misses,0.0,100.0,nan,,ok
13789.379662,nan,,L1-dcache-loads:u,l1-dcache-loads,0.0,100.0,nan,,ok
13789.379662,nan,,cache-references:u,cache-references,0.0,100.0,nan,,ok
13789.379662,nan,,cache-misses:u,cache-misses,0.0,100.0,nan,,ok
13789.379662,nan,,stalled-cycles-frontend:u,stalled-cycles-frontend,0.0,100.0,nan,,ok
13800.054505,nan,,instructions:u,instructions,0.0,100.0,nan,,ok
13800.054505,nan,,cycles:u,cycles,0.0,100.0,nan,,ok
13800.054505,nan,,branches:u,branches,0.0,100.0,nan,,ok
13800.054505,nan,,branch-misses:u,branch-misses,0.0,100.0,nan,,ok
13800.054505,nan,,L1-dcache-loads:u,l1-dcache-loads,0.0,100.0,nan,,ok
13800.054505,nan,,cache-references:u,cache-references,0.0,100.0,nan,,ok
13800.054505,nan,,cache-misses:u,cache-misses,0.0,100.0,nan,,ok
13800.054505,nan,,stalled-cycles-frontend:u,stalled-cycles-frontend,0.0,100.0,nan,,ok
13810.729103,nan,,instructions:u,instructions,0.0,100.0,nan,,ok
13810.729103,nan,,cycles:u,cycles,0.0,100.0,nan,,ok
13810.729103,nan,,branches:u,branches,0.0,100.0,nan,,ok
13810.729103,nan,,branch-misses:u,branch-misses,0.0,100.0,nan,,ok
13810.729103,nan,,L1-dcache-loads:u,l1-dcache-loads,0.0,100.0,nan,,ok
13810.729103,nan,,cache-references:u,cache-references,0.0,100.0,nan,,ok
13810.729103,nan,,cache-misses:u,cache-misses,0.0,100.0,nan,,ok
13810.729103,nan,,stalled-cycles-frontend:u,stalled-cycles-frontend,0.0,100.0,nan,,ok
13821.37594,nan,,instructions:u,instructions,0.0,100.0,nan,,ok
13821.37594,nan,,cycles:u,cycles,0.0,100.0,nan,,ok
13821.37594,nan,,branches:u,branches,0.0,100.0,nan,,ok
13821.37594,nan,,branch-misses:u,branch-misses,0.0,100.0,nan,,ok
13821.37594,nan,,L1-dcache-loads:u,l1-dcache-loads,0.0,100.0,nan,,ok
13821.37594,nan,,cache-references:u,cache-references,0.0,100.0,nan,,ok
13821.37594,nan,,cache-misses:u,cache-misses,0.0,100.0,nan,,ok
13821.37594,nan,,stalled-cycles-frontend:u,stalled-cycles-frontend,0.0,100.0,nan,,ok
13831.996352999999,nan,,instructions:u,instructions,0.0,100.0,nan,,ok
13831.996352999999,nan,,cycles:u,cycles,0.0,100.0,nan,,ok
13831.996352999999,nan,,branches:u,branches,0.0,100.0,nan,,ok
13831.996352999999,nan,,branch-misses:u,branch-misses,0.0,100.0,nan,,ok
13831.996352999999,nan,,L1-dcache-loads:u,l1-dcache-loads,0.0,100.0,nan,,ok
13831.996352999999,nan,,cache-references:u,cache-references,0.0,100.0,nan,,ok
13831.996352999999,nan,,cache-misses:u,cache-misses,0.0,100.0,nan,,ok
13831.996352999999,nan,,stalled-cycles-frontend:u,stalled-cycles-frontend,0.0,100.0,nan,,ok
13842.645292000001,nan,,instructions:u,instructions,0.0,100.0,nan,,ok
13842.645292000001,nan,,cycles:u,cycles,0.0,100.0,nan,,ok
13842.645292000001,nan,,branches:u,branches,0.0,100.0,nan,,ok
13842.645292000001,nan,,branch-misses:u,branch-misses,0.0,100.0,nan,,ok
13842.645292000001,nan,,L1-dcache-loads:u,l1-dcache-loads,0.0,100.0,nan,,ok
13842.645292000001,nan,,cache-references:u,cache-references,0.0,100.0,nan,,ok
13842.645292000001,nan,,cache-misses:u,cache-misses,0.0,100.0,nan,,ok
13842.645292000001,nan,,stalled-cycles-frontend:u,stalled-cycles-frontend,0.0,100.0,nan,,ok
13853.396784999999,nan,,instructions:u,instructions,0.0,100.0,nan,,ok
13853.396784999999,nan,,cycles:u,cycles,0.0,100.0,nan,,ok
13853.396784999999,nan,,branches:u,branches,0.0,100.0,nan,,ok
13853.396784999999,nan,,branch-misses:u,branch-misses,0.0,100.0,nan,,ok
13853.396784999999,nan,,L1-dcache-loads:u,l1-dcache-loads,0.0,100.0,nan,,ok
13853.396784999999,nan,,cache-references:u,cache-references,0.0,100.0,nan,,ok
13853.396784999999,nan,,cache-misses:u,cache-misses,0.0,100.0,nan,,ok
13853.396784999999,nan,,stalled-cycles-frontend:u,stalled-cycles-frontend,0.0,100.0,nan,,ok
13864.099508000001,nan,,instructions:u,instructions,0.0,100.0,nan,,ok
13864.099508000001,nan,,cycles:u,cycles,0.0,100.0,nan,,ok
13864.099508000001,nan,,branches:u,branches,0.0,100.0,nan,,ok
13864.099508000001,nan,,branch-misses:u,branch-misses,0.0,100.0,nan,,ok
13864.099508000001,nan,,L1-dcache-loads:u,l1-dcache-loads,0.0,100.0,nan,,ok
13864.099508000001,0.0,,cache-references:u,cache-references,79719.0,100.0,nan,,ok
13864.099508000001,0.0,,cache-misses:u,cache-misses,101962.0,100.0,nan,,ok
13864.099508000001,nan,,stalled-cycles-frontend:u,stalled-cycles-frontend,0.0,0.0,nan,,ok
13874.88448,0.0,,instructions:u,instructions,3002668.0,48.0,nan,,ok
13874.88448,0.0,,cycles:u,cycles,3011339.0,48.0,nan,,ok
13874.88448,0.0,,branches:u,branches,3227519.0,52.0,nan,,ok
13874.88448,0.0,,branch-misses:u,branch-misses,3227519.0,52.0,nan,,ok
13874.88448,0.0,,L1-dcache-loads:u,l1-dcache-loads,3198165.0,51.0,nan,,ok
13874.88448,0.0,,cache-references:u,cache-references,3112663.0,50.0,nan,,ok
13874.88448,0.0,,cache-misses:u,cache-misses,3081749.0,50.0,nan,,ok
13874.88448,0.0,,stalled-cycles-frontend:u,stalled-cycles-frontend,1995767.0,32.0,nan,,ok
13885.612336,nan,,instructions:u,instructions,0.0,100.0,nan,,ok
13885.612336,nan,,cycles:u,cycles,0.0,100.0,nan,,ok
13885.612336,nan,,branches:u,branches,0.0,100.0,nan,,ok
13885.612336,nan,,branch-misses:u,branch-misses,0.0,100.0,nan,,ok
13885.612336,nan,,L1-dcache-loads:u,l1-dcache-loads,0.0,100.0,nan,,ok
13885.612336,nan,,cache-references:u,cache-references,0.0,100.0,nan,,ok
13885.612336,nan,,cache-misses:u,cache-misses,0.0,100.0,nan,,ok
13885.612336,nan,,stalled-cycles-frontend:u,stalled-cycles-frontend,0.0,100.0,nan,,ok
13896.25006,nan,,instructions:u,instructions,0.0,100.0,nan,,ok
13896.25006,nan,,cycles:u,cycles,0.0,100.0,nan,,ok
13896.25006,nan,,branches:u,branches,0.0,100.0,nan,,ok
13896.25006,nan,,branch-misses:u,branch-misses,0.0,100.0,nan,,ok
13896.25006,nan,,L1-dcache-loads:u,l1-dcache-loads,0.0,100.0,nan,,ok
13896.25006,nan,,cache-references:u,cache-references,0.0,100.0,nan,,ok
13896.25006,nan,,cache-misses:u,cache-misses,0.0,100.0,nan,,ok
13896.25006,nan,,stalled-cycles-frontend:u,stalled-cycles-frontend,0.0,100.0,nan,,ok
13906.902506,nan,,instructions:u,instructions,0.0,100.0,nan,,ok
13906.902506,nan,,cycles:u,cycles,0.0,100.0,nan,,ok
13906.902506,nan,,branches:u,branches,0.0,100.0,nan,,ok
13906.902506,nan,,branch-misses:u,branch-misses,0.0,100.0,nan,,ok
13906.902506,nan,,L1-dcache-loads:u,l1-dcache-loads,0.0,100.0,nan,,ok
13906.902506,nan,,cache-references:u,cache-references,0.0,100.0,nan,,ok
13906.902506,nan,,cache-misses:u,cache-misses,0.0,100.0,nan,,ok
13906.902506,nan,,stalled-cycles-frontend:u,stalled-cycles-frontend,0.0,100.0,nan,,ok
13917.579534999999,nan,,instructions:u,instructions,0.0,100.0,nan,,ok
13917.579534999999,nan,,cycles:u,cycles,0.0,100.0,nan,,ok
13917.579534999999,nan,,branches:u,branches,0.0,100.0,nan,,ok
13917.579534999999,nan,,branch-misses:u,branch-misses,0.0,100.0,nan,,ok
13917.579534999999,nan,,L1-dcache-loads:u,l1-dcache-loads,0.0,100.0,nan,,ok
13917.579534999999,nan,,cache-references:u,cache-references,0.0,100.0,nan,,ok
13917.579534999999,nan,,cache-misses:u,cache-misses,0.0,100.0,nan,,ok
13917.579534999999,nan,,stalled-cycles-frontend:u,stalled-cycles-frontend,0.0,100.0,nan,,ok
13928.172051000001,nan,,instructions:u,instructions,0.0,100.0,nan,,ok
13928.172051000001,nan,,cycles:u,cycles,0.0,100.0,nan,,ok
13928.172051000001,nan,,branches:u,branches,0.0,100.0,nan,,ok
13928.172051000001,nan,,branch-misses:u,branch-misses,0.0,100.0,nan,,ok
13928.172051000001,nan,,L1-dcache-loads:u,l1-dcache-loads,0.0,100.0,nan,,ok
13928.172051000001,nan,,cache-references:u,cache-references,0.0,100.0,nan,,ok
13928.172051000001,nan,,cache-misses:u,cache-misses,0.0,100.0,nan,,ok
13928.172051000001,nan,,stalled-cycles-frontend:u,stalled-cycles-frontend,0.0,100.0,nan,,ok
13939.004447000001,nan,,instructions:u,instructions,0.0,100.0,nan,,ok
13939.004447000001,nan,,cycles:u,cycles,0.0,100.0,nan,,ok
13939.004447000001,nan,,branches:u,branches,0.0,100.0,nan,,ok
13939.004447000001,nan,,branch-misses:u,branch-misses,0.0,100.0,nan,,ok
13939.004447000001,nan,,L1-dcache-loads:u,l1-dcache-loads,0.0,100.0,nan,,ok
13939.004447000001,nan,,cache-references:u,cache-references,0.0,100.0,nan,,ok
13939.004447000001,nan,,cache-misses:u,cache-misses,0.0,100.0,nan,,ok
13939.004447000001,nan,,stalled-cycles-frontend:u,stalled-cycles-frontend,0.0,100.0,nan,,ok
13949.69168,nan,,instructions:u,instructions,0.0,100.0,nan,,ok
13949.69168,nan,,cycles:u,cycles,0.0,100.0,nan,,ok
13949.69168,nan,,branches:u,branches,0.0,100.0,nan,,ok
13949.69168,nan,,branch-misses:u,branch-misses,0.0,100.0,nan,,ok
13949.69168,nan,,L1-dcache-loads:u,l1-dcache-loads,0.0,100.0,nan,,ok
13949.69168,nan,,cache-references:u,cache-references,0.0,100.0,nan,,ok
13949.69168,nan,,cache-misses:u,cache-misses,0.0,100.0,nan,,ok
13949.69168,nan,,stalled-cycles-frontend:u,stalled-cycles-frontend,0.0,100.0,nan,,ok
13960.400633000001,nan,,instructions:u,instructions,0.0,100.0,nan,,ok
13960.400633000001,nan,,cycles:u,cycles,0.0,100.0,nan,,ok
13960.400633000001,nan,,branches:u,branches,0.0,100.0,nan,,ok
13960.400633000001,nan,,branch-misses:u,branch-misses,0.0,100.0,nan,,ok
13960.400633000001,nan,,L1-dcache-loads:u,l1-dcache-loads,0.0,100.0,nan,,ok
13960.400633000001,nan,,cache-references:u,cache-references,0.0,100.0,nan,,ok
13960.400633000001,nan,,cache-misses:u,cache-misses,0.0,100.0,nan,,ok
13960.400633000001,nan,,stalled-cycles-frontend:u,stalled-cycles-frontend,0.0,100.0,nan,,ok
13971.044748,0.0,,instructions:u,instructions,38903.0,0.0,nan,,ok
13971.044748,nan,,cycles:u,cycles,0.0,0.0,nan,,ok
13971.044748,0.0,,branches:u,branches,980836.0,24.0,nan,,ok
13971.044748,0.0,,branch-misses:u,branch-misses,1974486.0,49.0,nan,,ok
13971.044748,0.0,,L1-dcache-loads:u,l1-dcache-loads,2968995.0,74.0,nan,,ok
13971.044748,0.0,,cache-references:u,cache-references,3972563.0,99.0,nan,,ok
13971.044748,0.0,,cache-misses:u,cache-misses,4011466.0,100.0,nan,,ok
13971.044748,0.0,,stalled-cycles-frontend:u,stalled-cycles-frontend,38903.0,0.0,nan,,ok
13981.79587,nan,,instructions:u,instructions,0.0,100.0,nan,,ok
13981.79587,nan,,cycles:u,cycles,0.0,100.0,nan,,ok
13981.79587,nan,,branches:u,branches,0.0,100.0,nan,,ok
13981.79587,nan,,branch-misses:u,branch-misses,0.0,100.0,nan,,ok
13981.79587,nan,,L1-dcache-loads:u,l1-dcache-loads,0.0,100.0,nan,,ok
13981.79587,nan,,cache-references:u,cache-references,0.0,100.0,nan,,ok
13981.79587,nan,,cache-misses:u,cache-misses,0.0,100.0,nan,,ok
13981.79587,nan,,stalled-cycles-frontend:u,stalled-cycles-frontend,0.0,100.0,nan,,ok
13992.438343,nan,,instructions:u,instructions,0.0,100.0,nan,,ok
13992.438343,nan,,cycles:u,cycles,0.0,100.0,nan,,ok
13992.438343,nan,,branches:u,branches,0.0,100.0,nan,,ok
13992.438343,nan,,branch-misses:u,branch-misses,0.0,100.0,nan,,ok
13992.438343,nan,,L1-dcache-loads:u,l1-dcache-loads,0.0,100.0,nan,,ok
13992.438343,nan,,cache-references:u,cache-references,0.0,100.0,nan,,ok
13992.438343,nan,,cache-misses:u,cache-misses,0.0,100.0,nan,,ok
13992.438343,nan,,stalled-cycles-frontend:u,stalled-cycles-frontend,0.0,100.0,nan,,ok
14003.162335,0.0,,instructions:u,instructions,2978275.0,74.0,nan,,ok
14003.162335,0.0,,cycles:u,cycles,2997057.0,74.0,nan,,ok
14003.162335,0.0,,branches:u,branches,3034731.0,75.0,nan,,ok
14003.162335,0.0,,branch-misses:u,branch-misses,3034731.0,75.0,nan,,ok
14003.162335,0.0,,L1-dcache-loads:u,l1-dcache-loads,2027506.0,50.0,nan,,ok
14003.162335,0.0,,cache-references:u,cache-references,1033736.0,25.0,nan,,ok
14003.162335,0.0,,cache-misses:u,cache-misses,1014954.0,25.0,nan,,ok
14003.162335,0.0,,stalled-cycles-frontend:u,stalled-cycles-frontend,1984505.0,49.0,nan,,ok
14013.93294,nan,,instructions:u,instructions,0.0,100.0,nan,,ok
14013.93294,nan,,cycles:u,cycles,0.0,100.0,nan,,ok
14013.93294,nan,,branches:u,branches,0.0,100.0,nan,,ok
14013.93294,nan,,branch-misses:u,branch-misses,0.0,100.0,nan,,ok
14013.93294,nan,,L1-dcache-loads:u,l1-dcache-loads,0.0,100.0,nan,,ok
14013.93294,nan,,cache-references:u,cache-references,0.0,100.0,nan,,ok
14013.93294,nan,,cache-misses:u,cache-misses,0.0,100.0,nan,,ok
14013.93294,nan,,stalled-cycles-frontend:u,stalled-cycles-frontend,0.0,100.0,nan,,ok
14024.643953,nan,,instructions:u,instructions,0.0,100.0,nan,,ok
14024.643953,nan,,cycles:u,cycles,0.0,100.0,nan,,ok
14024.643953,nan,,branches:u,branches,0.0,100.0,nan,,ok
14024.643953,nan,,branch-misses:u,branch-misses,0.0,100.0,nan,,ok
14024.643953,nan,,L1-dcache-loads:u,l1-dcache-loads,0.0,100.0,nan,,ok
14024.643953,nan,,cache-references:u,cache-references,0.0,100.0,nan,,ok
14024.643953,nan,,cache-misses:u,cache-misses,0.0,100.0,nan,,ok
14024.643953,nan,,stalled-cycles-frontend:u,stalled-cycles-frontend,0.0,100.0,nan,,ok
14035.309889,0.0,,instructions:u,instructions,3001807.0,32.0,nan,,ok
14035.309889,0.0,,cycles:u,cycles,3006282.0,32.0,nan,,ok
14035.309889,0.0,,branches:u,branches,4995280.0,54.0,nan,,ok
14035.309889,0.0,,branch-misses:u,branch-misses,6268287.0,67.0,nan,,ok
14035.309889,0.0,,L1-dcache-loads:u,l1-dcache-loads,6289337.0,67.0,nan,,ok
14035.309889,0.0,,cache-references:u,cache-references,6377368.0,67.0,nan,,ok
14035.309889,0.0,,cache-misses:u,cache-misses,6395942.0,68.0,nan,,ok
14035.309889,0.0,,stalled-cycles-frontend:u,stalled-cycles-frontend,2003464.0,21.0,nan,,ok
14046.217368000001,nan,,instructions:u,instructions,0.0,0.0,nan,,ok
14046.217368000001,nan,,cycles:u,cycles,0.0,0.0,nan,,ok
14046.217368000001,nan,,branches:u,branches,0.0,0.0,nan,,ok
14046.217368000001,0.0,,branch-misses:u,branch-misses,521866.0,100.0,nan,,ok
14046.217368000001,0.0,,L1-dcache-loads:u,l1-dcache-loads,494920.0,100.0,nan,,ok
14046.217368000001,0.0,,cache-references:u,cache-references,405403.0,100.0,nan,,ok
14046.217368000001,0.0,,cache-misses:u,cache-misses,382354.0,100.0,nan,,ok
14046.217368000001,nan,,stalled-cycles-frontend:u,stalled-cycles-frontend,0.0,0.0,nan,,ok
14057.247314,nan,,instructions:u,instructions,0.0,100.0,nan,,ok
14057.247314,nan,,cycles:u,cycles,0.0,100.0,nan,,ok
14057.247314,nan,,branches:u,branches,0.0,100.0,nan,,ok
14057.247314,nan,,branch-misses:u,branch-misses,0.0,100.0,nan,,ok
14057.247314,nan,,L1-dcache-loads:u,l1-dcache-loads,0.0,100.0,nan,,ok
14057.247314,nan,,cache-references:u,cache-references,0.0,100.0,nan,,ok
14057.247314,nan,,cache-misses:u,cache-misses,0.0,100.0,nan,,ok
14057.247314,nan,,stalled-cycles-frontend:u,stalled-cycles-frontend,0.0,100.0,nan,,ok
14067.96987,nan,,instructions:u,instructions,0.0,100.0,nan,,ok
14067.96987,nan,,cycles:u,cycles,0.0,100.0,nan,,ok
14067.96987,nan,,branches:u,branches,0.0,100.0,nan,,ok
14067.96987,nan,,branch-misses:u,branch-misses,0.0,100.0,nan,,ok
14067.96987,nan,,L1-dcache-loads:u,l1-dcache-loads,0.0,100.0,nan,,ok
14067.96987,nan,,cache-references:u,cache-references,0.0,100.0,nan,,ok
14067.96987,nan,,cache-misses:u,cache-misses,0.0,100.0,nan,,ok
14067.96987,nan,,stalled-cycles-frontend:u,stalled-cycles-frontend,0.0,100.0,nan,,ok
14078.599326000001,nan,,instructions:u,instructions,0.0,100.0,nan,,ok
14078.599326000001,nan,,cycles:u,cycles,0.0,100.0,nan,,ok
14078.599326000001,nan,,branches:u,branches,0.0,100.0,nan,,ok
14078.599326000001,nan,,branch-misses:u,branch-misses,0.0,100.0,nan,,ok
14078.599326000001,nan,,L1-dcache-loads:u,l1-dcache-loads,0.0,100.0,nan,,ok
14078.599326000001,nan,,cache-references:u,cache-references,0.0,100.0,nan,,ok
14078.599326000001,nan,,cache-misses:u,cache-misses,0.0,100.0,nan,,ok
14078.599326000001,nan,,stalled-cycles-frontend:u,stalled-cycles-frontend,0.0,100.0,nan,,ok
14089.234365,nan,,instructions:u,instructions,0.0,100.0,nan,,ok
14089.234365,nan,,cycles:u,cycles,0.0,100.0,nan,,ok
14089.234365,nan,,branches:u,branches,0.0,100.0,nan,,ok
14089.234365,nan,,branch-misses:u,branch-misses,0.0,100.0,nan,,ok
14089.234365,nan,,L1-dcache-loads:u,l1-dcache-loads,0.0,100.0,nan,,ok
14089.234365,nan,,cache-references:u,cache-references,0.0,100.0,nan,,ok
14089.234365,nan,,cache-misses:u,cache-misses,0.0,100.0,nan,,ok
14089.234365,nan,,stalled-cycles-frontend:u,stalled-cycles-frontend,0.0,100.0,nan,,ok
14099.852089,nan,,instructions:u,instructions,0.0,100.0,nan,,ok
14099.852089,nan,,cycles:u,cycles,0.0,100.0,nan,,ok
14099.852089,nan,,branches:u,branches,0.0,100.0,nan,,ok
14099.852089,nan,,branch-misses:u,branch-misses,0.0,100.0,nan,,ok
14099.852089,nan,,L1-dcache-loads:u,l1-dcache-loads,0.0,100.0,nan,,ok
14099.852089,nan,,cache-references:u,cache-references,0.0,100.0,nan,,ok
14099.852089,nan,,cache-misses:u,cache-misses,0.0,100.0,nan,,ok
14099.852089,nan,,stalled-cycles-frontend:u,stalled-cycles-frontend,0.0,100.0,nan,,ok
14110.557003,0.0,,instructions:u,instructions,2414137.0,44.0,nan,,ok
14110.557003,0.0,,cycles:u,cycles,1441577.0,26.0,nan,,ok
14110.557003,0.0,,branches:u,branches,1474589.0,26.0,nan,,ok
14110.557003,0.0,,branch-misses:u,branch-misses,2494414.0,45.0,nan,,ok
14110.557003,0.0,,L1-dcache-loads:u,l1-dcache-loads,2530105.0,45.0,nan,,ok
14110.557003,0.0,,cache-references:u,cache-references,2996960.0,54.0,nan,,ok
14110.557003,0.0,,cache-misses:u,cache-misses,3999323.0,72.0,nan,,ok
14110.557003,0.0,,stalled-cycles-frontend:u,stalled-cycles-frontend,1996201.0,35.0,nan,,ok
14121.351365,0.0,,instructions:u,instructions,587984.0,15.0,nan,,ok
14121.351365,0.0,,cycles:u,cycles,1555834.0,40.0,nan,,ok
14121.351365,0.0,,branches:u,branches,2517322.0,66.0,nan,,ok
14121.351365,0.0,,branch-misses:u,branch-misses,3505108.0,93.0,nan,,ok
14121.351365,0.0,,L1-dcache-loads:u,l1-dcache-loads,3715655.0,100.0,nan,,ok
14121.351365,0.0,,cache-references:u,cache-references,3244771.0,87.0,nan,,ok
14121.351365,0.0,,cache-misses:u,cache-misses,2247118.0,60.0,nan,,ok
14121.351365,nan,,stalled-cycles-frontend:u,stalled-cycles-frontend,0.0,0.0,nan,,ok
14132.00879,0.0,,instructions:u,instructions,2920824.0,59.0,nan,,ok
14132.00879,0.0,,cycles:u,cycles,1938721.0,39.0,nan,,ok
14132.00879,0.0,,branches:u,branches,1997873.0,40.0,nan,,ok
14132.00879,0.0,,branch-misses:u,branch-misses,2047428.0,40.0,nan,,ok
14132.00879,0.0,,L1-dcache-loads:u,l1-dcache-loads,2049680.0,40.0,nan,,ok
14132.00879,0.0,,cache-references:u,cache-references,2068297.0,40.0,nan,,ok
14132.00879,0.0,,cache-misses:u,cache-misses,2977608.0,58.0,nan,,ok
14132.00879,0.0,,stalled-cycles-frontend:u,stalled-cycles-frontend,2008080.0,39.0,nan,,ok
14143.048666,0.0,,instructions:u,instructions,3109782.0,28.0,nan,,ok
14143.048666,0.0,,cycles:u,cycles,4058295.0,37.0,nan,,ok
14143.048666,0.0,,branches:u,branches,6003922.0,54.0,nan,,ok
14143.048666,0.0,,branch-misses:u,branch-misses,7898490.0,72.0,nan,,ok
14143.048666,0.0,,L1-dcache-loads:u,l1-dcache-loads,7880974.0,72.0,nan,,ok
14143.048666,0.0,,cache-references:u,cache-references,7819400.0,72.0,nan,,ok
14143.048666,0.0,,cache-misses:u,cache-misses,6943679.0,64.0,nan,,ok
14143.048666,0.0,,stalled-cycles-frontend:u,stalled-cycles-frontend,2007686.0,18.0,nan,,ok
14153.855237,nan,,instructions:u,instructions,0.0,0.0,nan,,ok
14153.855237,nan,,cycles:u,cycles,0.0,0.0,nan,,ok
14153.855237,nan,,branches:u,branches,0.0,0.0,nan,,ok
14153.855237,nan,,branch-misses:u,branch-misses,0.0,100.0,nan,,ok
14153.855237,nan,,L1-dcache-loads:u,l1-dcache-loads,0.0,100.0,nan,,ok
14153.855237,nan,,cache-references:u,cache-references,0.0,100.0,nan,,ok
14153.855237,nan,,cache-misses:u,cache-misses,0.0,100.0,nan,,ok
14153.855237,nan,,stalled-cycles-frontend:u,stalled-cycles-frontend,0.0,100.0,nan,,ok
14164.609520999998,0.0,,instructions:u,instructions,3000269.0,46.0,nan,,ok
14164.609520999998,0.0,,cycles:u,cycles,2523186.0,38.0,nan,,ok
14164.609520999998,0.0,,branches:u,branches,2523186.0,38.0,nan,,ok
14164.609520999998,0.0,,branch-misses:u,branch-misses,3502649.0,53.0,nan,,ok
14164.609520999998,0.0,,L1-dcache-loads:u,l1-dcache-loads,3498969.0,53.0,nan,,ok
14164.609520999998,0.0,,cache-references:u,cache-references,3501880.0,53.0,nan,,ok
14164.609520999998,0.0,,cache-misses:u,cache-misses,3978963.0,61.0,nan,,ok
14164.609520999998,0.0,,stalled-cycles-frontend:u,stalled-cycles-frontend,2004829.0,30.0,nan,,ok
14175.314964,nan,,instructions:u,instructions,0.0,100.0,nan,,ok
14175.314964,nan,,cycles:u,cycles,0.0,100.0,nan,,ok
14175.314964,nan,,branches:u,branches,0.0,100.0,nan,,ok
14175.314964,nan,,branch-misses:u,branch-misses,0.0,100.0,nan,,ok
14175.314964,nan,,L1-dcache-loads:u,l1-dcache-loads,0.0,100.0,nan,,ok
14175.314964,nan,,cache-references:u,cache-references,0.0,100.0,nan,,ok
14175.314964,nan,,cache-misses:u,cache-misses,0.0,100.0,nan,,ok
14175.314964,nan,,stalled-cycles-frontend:u,stalled-cycles-frontend,0.0,100.0,nan,,ok
14185.996545,nan,,instructions:u,instructions,0.0,100.0,nan,,ok
14185.996545,nan,,cycles:u,cycles,0.0,100.0,nan,,ok
14185.996545,nan,,branches:u,branches,0.0,100.0,nan,,ok
14185.996545,nan,,branch-misses:u,branch-misses,0.0,100.0,nan,,ok
14185.996545,nan,,L1-dcache-loads:u,l1-dcache-loads,0.0,100.0,nan,,ok
14185.996545,nan,,cache-references:u,cache-references,0.0,100.0,nan,,ok
14185.996545,nan,,cache-misses:u,cache-misses,0.0,100.0,nan,,ok
14185.996545,nan,,stalled-cycles-frontend:u,stalled-cycles-frontend,0.0,100.0,nan,,ok
14196.69955,nan,,instructions:u,instructions,0.0,100.0,nan,,ok
14196.69955,nan,,cycles:u,cycles,0.0,100.0,nan,,ok
14196.69955,nan,,branches:u,branches,0.0,100.0,nan,,ok
14196.69955,nan,,branch-misses:u,branch-misses,0.0,100.0,nan,,ok
14196.69955,nan,,L1-dcache-loads:u,l1-dcache-loads,0.0,100.0,nan,,ok
14196.69955,nan,,cache-references:u,cache-references,0.0,100.0,nan,,ok
14196.69955,nan,,cache-misses:u,cache-misses,0.0,100.0,nan,,ok
14196.69955,nan,,stalled-cycles-frontend:u,stalled-cycles-frontend,0.0,100.0,nan,,ok
14207.388082,0.0,,instructions:u,instructions,3003742.0,36.0,nan,,ok
14207.388082,0.0,,cycles:u,cycles,3312190.0,39.0,nan,,ok
14207.388082,0.0,,branches:u,branches,4335938.0,52.0,nan,,ok
14207.388082,0.0,,branch-misses:u,branch-misses,5437894.0,64.0,nan,,ok
14207.388082,0.0,,L1-dcache-loads:u,l1-dcache-loads,5461360.0,64.0,nan,,ok
14207.388082,0.0,,cache-references:u,cache-references,5534790.0,64.0,nan,,ok
14207.388082,0.0,,cache-misses:u,cache-misses,5000440.0,58.0,nan,,ok
14207.388082,0.0,,stalled-cycles-frontend:u,stalled-cycles-frontend,1999101.0,23.0,nan,,ok
14218.335738,nan,,instructions:u,instructions,0.0,0.0,nan,,ok
14218.335738,0.0,,cycles:u,cycles,485632.0,100.0,nan,,ok
14218.335738,0.0,,branches:u,branches,465001.0,100.0,nan,,ok
14218.335738,0.0,,branch-misses:u,branch-misses,360286.0,100.0,nan,,ok
14218.335738,0.0,,L1-dcache-loads:u,l1-dcache-loads,342878.0,100.0,nan,,ok
14218.335738,0.0,,cache-references:u,cache-references,259730.0,100.0,nan,,ok
14218.335738,nan,,cache-misses:u,cache-misses,0.0,0.0,nan,,ok
14218.335738,nan,,stalled-cycles-frontend:u,stalled-cycles-frontend,0.0,0.0,nan,,ok
14229.022124000001,nan,,instructions:u,instructions,0.0,100.0,nan,,ok
14229.022124000001,nan,,cycles:u,cycles,0.0,100.0,nan,,ok
14229.022124000001,nan,,branches:u,branches,0.0,100.0,nan,,ok
14229.022124000001,nan,,branch-misses:u,branch-misses,0.0,100.0,nan,,ok
14229.022124000001,nan,,L1-dcache-loads:u,l1-dcache-loads,0.0,100.0,nan,,ok
14229.022124000001,nan,,cache-references:u,cache-references,0.0,100.0,nan,,ok
14229.022124000001,nan,,cache-misses:u,cache-misses,0.0,100.0,nan,,ok
14229.022124000001,nan,,stalled-cycles-frontend:u,stalled-cycles-frontend,0.0,100.0,nan,,ok
14239.694098,nan,,instructions:u,instructions,0.0,100.0,nan,,ok
14239.694098,nan,,cycles:u,cycles,0.0,100.0,nan,,ok
14239.694098,nan,,branches:u,branches,0.0,100.0,nan,,ok
14239.694098,nan,,branch-misses:u,branch-misses,0.0,100.0,nan,,ok
14239.694098,nan,,L1-dcache-loads:u,l1-dcache-loads,0.0,100.0,nan,,ok
14239.694098,nan,,cache-references:u,cache-references,0.0,100.0,nan,,ok
14239.694098,nan,,cache-misses:u,cache-misses,0.0,100.0,nan,,ok
14239.694098,nan,,stalled-cycles-frontend:u,stalled-cycles-frontend,0.0,100.0,nan,,ok
14250.377198,nan,,instructions:u,instructions,0.0,100.0,nan,,ok
14250.377198,nan,,cycles:u,cycles,0.0,100.0,nan,,ok
14250.377198,nan,,branches:u,branches,0.0,100.0,nan,,ok
14250.377198,nan,,branch-misses:u,branch-misses,0.0,100.0,nan,,ok
14250.377198,nan,,L1-dcache-loads:u,l1-dcache-loads,0.0,100.0,nan,,ok
14250.377198,nan,,cache-references:u,cache-references,0.0,100.0,nan,,ok
14250.377198,nan,,cache-misses:u,cache-misses,0.0,100.0,nan,,ok
14250.377198,nan,,stalled-cycles-frontend:u,stalled-cycles-frontend,0.0,100.0,nan,,ok
14261.047913,nan,,instructions:u,instructions,0.0,100.0,nan,,ok
14261.047913,nan,,cycles:u,cycles,0.0,100.0,nan,,ok
14261.047913,nan,,branches:u,branches,0.0,100.0,nan,,ok
14261.047913,nan,,branch-misses:u,branch-misses,0.0,100.0,nan,,ok
14261.047913,nan,,L1-dcache-loads:u,l1-dcache-loads,0.0,100.0,nan,,ok
14261.047913,nan,,cache-references:u,cache-references,0.0,100.0,nan,,ok
14261.047913,nan,,cache-misses:u,cache-misses,0.0,100.0,nan,,ok
14261.047913,nan,,stalled-cycles-frontend:u,stalled-cycles-frontend,0.0,100.0,nan,,ok
14271.721636,0.0,,instructions:u,instructions,2589166.0,34.0,nan,,ok
14271.721636,0.0,,cycles:u,cycles,2593814.0,34.0,nan,,ok
14271.721636,0.0,,branches:u,branches,3615865.0,47.0,nan,,ok
14271.721636,0.0,,branch-misses:u,branch-misses,4661108.0,60.0,nan,,ok
14271.721636,0.0,,L1-dcache-loads:u,l1-dcache-loads,4696014.0,61.0,nan,,ok
14271.721636,0.0,,cache-references:u,cache-references,4970448.0,64.0,nan,,ok
14271.721636,0.0,,cache-misses:u,cache-misses,5004238.0,64.0,nan,,ok
14271.721636,0.0,,stalled-cycles-frontend:u,stalled-cycles-frontend,1995669.0,25.0,nan,,ok
14282.569785,0.0,,instructions:u,instructions,415242.0,12.0,nan,,ok
14282.569785,0.0,,cycles:u,cycles,1368994.0,42.0,nan,,ok
14282.569785,0.0,,branches:u,branches,2340789.0,74.0,nan,,ok
14282.569785,0.0,,branch-misses:u,branch-misses,3118030.0,100.0,nan,,ok
14282.569785,0.0,,L1-dcache-loads:u,l1-dcache-loads,3089646.0,100.0,nan,,ok
14282.569785,0.0,,cache-references:u,cache-references,2807055.0,91.0,nan,,ok
14282.569785,0.0,,cache-misses:u,cache-misses,1814865.0,59.0,nan,,ok
14282.569785,nan,,stalled-cycles-frontend:u,stalled-cycles-frontend,0.0,0.0,nan,,ok
14293.230633000001,nan,,instructions:u,instructions,0.0,100.0,nan,,ok
14293.230633000001,nan,,cycles:u,cycles,0.0,100.0,nan,,ok
14293.230633000001,nan,,branches:u,branches,0.0,100.0,nan,,ok
14293.230633000001,nan,,branch-misses:u,branch-misses,0.0,100.0,nan,,ok
14293.230633000001,nan,,L1-dcache-loads:u,l1-dcache-loads,0.0,100.0,nan,,ok
14293.230633000001,nan,,cache-references:u,cache-references,0.0,100.0,nan,,ok
14293.230633000001,nan,,cache-misses:u,cache-misses,0.0,100.0,nan,,ok
14293.230633000001,nan,,stalled-cycles-frontend:u,stalled-cycles-frontend,0.0,100.0,nan,,ok
14303.83437,nan,,instructions:u,instructions,0.0,100.0,nan,,ok
14303.83437,nan,,cycles:u,cycles,0.0,100.0,nan,,ok
14303.83437,nan,,branches:u,branches,0.0,100.0,nan,,ok
14303.83437,nan,,branch-misses:u,branch-misses,0.0,100.0,nan,,ok
14303.83437,nan,,L1-dcache-loads:u,l1-dcache-loads,0.0,100.0,nan,,ok
14303.83437,nan,,cache-references:u,cache-references,0.0,100.0,nan,,ok
14303.83437,nan,,cache-misses:u,cache-misses,0.0,100.0,nan,,ok
14303.83437,nan,,stalled-cycles-frontend:u,stalled-cycles-frontend,0.0,100.0,nan,,ok
14314.439642,nan,,instructions:u,instructions,0.0,100.0,nan,,ok
14314.439642,nan,,cycles:u,cycles,0.0,100.0,nan,,ok
14314.439642,nan,,branches:u,branches,0.0,100.0,nan,,ok
14314.439642,nan,,branch-misses:u,branch-misses,0.0,100.0,nan,,ok
14314.439642,nan,,L1-dcache-loads:u,l1-dcache-loads,0.0,100.0,nan,,ok
14314.439642,nan,,cache-references:u,cache-references,0.0,100.0,nan,,ok
14314.439642,nan,,cache-misses:u,cache-misses,0.0,100.0,nan,,ok
14314.439642,nan,,stalled-cycles-frontend:u,stalled-cycles-frontend,0.0,100.0,nan,,ok
14325.12484,0.0,,instructions:u,instructions,2994876.0,38.0,nan,,ok
14325.12484,0.0,,cycles:u,cycles,2999959.0,38.0,nan,,ok
14325.12484,0.0,,branches:u,branches,3750681.0,48.0,nan,,ok
14325.12484,0.0,,branch-misses:u,branch-misses,4741940.0,61.0,nan,,ok
14325.12484,0.0,,L1-dcache-loads:u,l1-dcache-loads,4728774.0,61.0,nan,,ok
14325.12484,0.0,,cache-references:u,cache-references,4748966.0,61.0,nan,,ok
14325.12484,0.0,,cache-misses:u,cache-misses,4743883.0,61.0,nan,,ok
14325.12484,0.0,,stalled-cycles-frontend:u,stalled-cycles-frontend,2003955.0,25.0,nan,,ok
14335.86275,nan,,instructions:u,instructions,0.0,100.0,nan,,ok
14335.86275,nan,,cycles:u,cycles,0.0,100.0,nan,,ok
14335.86275,nan,,branches:u,branches,0.0,100.0,nan,,ok
14335.86275,nan,,branch-misses:u,branch-misses,0.0,100.0,nan,,ok
14335.86275,nan,,L1-dcache-loads:u,l1-dcache-loads,0.0,100.0,nan,,ok
14335.86275,nan,,cache-references:u,cache-references,0.0,100.0,nan,,ok
14335.86275,nan,,cache-misses:u,cache-misses,0.0,100.0,nan,,ok
14335.86275,nan,,stalled-cycles-frontend:u,stalled-cycles-frontend,0.0,100.0,nan,,ok
14346.477972,nan,,instructions:u,instructions,0.0,100.0,nan,,ok
14346.477972,nan,,cycles:u,cycles,0.0,100.0,nan,,ok
14346.477972,nan,,branches:u,branches,0.0,100.0,nan,,ok
14346.477972,nan,,branch-misses:u,branch-misses,0.0,100.0,nan,,ok
14346.477972,nan,,L1-dcache-loads:u,l1-dcache-loads,0.0,100.0,nan,,ok
14346.477972,nan,,cache-references:u,cache-references,0.0,100.0,nan,,ok
14346.477972,nan,,cache-misses:u,cache-misses,0.0,100.0,nan,,ok
14346.477972,nan,,stalled-cycles-frontend:u,stalled-cycles-frontend,0.0,100.0,nan,,ok
14357.135773,nan,,instructions:u,instructions,0.0,100.0,nan,,ok
14357.135773,nan,,cycles:u,cycles,0.0,100.0,nan,,ok
14357.135773,0.0,,branches:u,branches,63197.0,100.0,nan,,ok
14357.135773,0.0,,branch-misses:u,branch-misses,83547.0,100.0,nan,,ok
14357.135773,0.0,,L1-dcache-loads:u,l1-dcache-loads,102350.0,100.0,nan,,ok
14357.135773,0.0,,cache-references:u,cache-references,117583.0,100.0,nan,,ok
14357.135773,0.0,,cache-misses:u,cache-misses,137411.0,100.0,nan,,ok
14357.135773,nan,,stalled-cycles-frontend:u,stalled-cycles-frontend,0.0,0.0,nan,,ok
14367.854813,0.0,,instructions:u,instructions,1035217.0,20.0,nan,,ok
14367.854813,0.0,,cycles:u,cycles,45367.0,0.0,nan,,ok
14367.854813,0.0,,branches:u,branches,963699.0,19.0,nan,,ok
14367.854813,0.0,,branch-misses:u,branch-misses,1934478.0,39.0,nan,,ok
14367.854813,0.0,,L1-dcache-loads:u,l1-dcache-loads,2871831.0,58.0,nan,,ok
14367.854813,0.0,,cache-references:u,cache-references,3864318.0,78.0,nan,,ok
14367.854813,0.0,,cache-misses:u,cache-misses,4834340.0,99.0,nan,,ok
14367.854813,0.0,,stalled-cycles-frontend:u,stalled-cycles-frontend,1035217.0,21.0,nan,,ok
14378.575098000001,nan,,instructions:u,instructions,0.0,100.0,nan,,ok
14378.575098000001,nan,,cycles:u,cycles,0.0,100.0,nan,,ok
14378.575098000001,nan,,branches:u,branches,0.0,100.0,nan,,ok
14378.575098000001,nan,,branch-misses:u,branch-misses,0.0,100.0,nan,,ok
14378.575098000001,nan,,L1-dcache-loads:u,l1-dcache-loads,0.0,100.0,nan,,ok
14378.575098000001,nan,,cache-references:u,cache-references,0.0,100.0,nan,,ok
14378.575098000001,nan,,cache-misses:u,cache-misses,0.0,100.0,nan,,ok
14378.575098000001,nan,,stalled-cycles-frontend:u,stalled-cycles-frontend,0.0,100.0,nan,,ok
14389.254481,0.0,,instructions:u,instructions,1983709.0,32.0,nan,,ok
14389.254481,0.0,,cycles:u,cycles,2985148.0,48.0,nan,,ok
14389.254481,0.0,,branches:u,branches,3990173.0,65.0,nan,,ok
14389.254481,0.0,,branch-misses:u,branch-misses,5006753.0,81.0,nan,,ok
14389.254481,0.0,,L1-dcache-loads:u,l1-dcache-loads,4971992.0,81.0,nan,,ok
14389.254481,0.0,,cache-references:u,cache-references,4225951.0,68.0,nan,,ok
14389.254481,0.0,,cache-misses:u,cache-misses,3295470.0,52.0,nan,,ok
14389.254481,0.0,,stalled-cycles-frontend:u,stalled-cycles-frontend,1016544.0,16.0,nan,,ok
14400.033586,nan,,instructions:u,instructions,0.0,0.0,nan,,ok
14400.033586,nan,,cycles:u,cycles,0.0,0.0,nan,,ok
14400.033586,nan,,branches:u,branches,0.0,0.0,nan,,ok
14400.033586,nan,,branch-misses:u,branch-misses,0.0,0.0,nan,,ok
14400.033586,nan,,L1-dcache-loads:u,l1-dcache-loads,0.0,0.0,nan,,ok
14400.033586,0.0,,cache-references:u,cache-references,343294.0,100.0,nan,,ok
14400.033586,0.0,,cache-misses:u,cache-misses,272336.0,100.0,nan,,ok
14400.033586,nan,,stalled-cycles-frontend:u,stalled-cycles-frontend,0.0,0.0,nan,,ok
14410.719654999999,nan,,instructions:u,instructions,0.0,100.0,nan,,ok
14410.719654999999,nan,,cycles:u,cycles,0.0,100.0,nan,,ok
14410.719654999999,nan,,branches:u,branches,0.0,100.0,nan,,ok
14410.719654999999,nan,,branch-misses:u,branch-misses,0.0,100.0,nan,,ok
14410.719654999999,nan,,L1-dcache-loads:u,l1-dcache-loads,0.0,100.0,nan,,ok
14410.719654999999,nan,,cache-references:u,cache-references,0.0,100.0,nan,,ok
14410.719654999999,nan,,cache-misses:u,cache-misses,0.0,100.0,nan,,ok
14410.719654999999,nan,,stalled-cycles-frontend:u,stalled-cycles-frontend,0.0,100.0,nan,,ok
14421.396441,nan,,instructions:u,instructions,0.0,100.0,nan,,ok
14421.396441,nan,,cycles:u,cycles,0.0,100.0,nan,,ok
14421.396441,nan,,branches:u,branches,0.0,100.0,nan,,ok
14421.396441,nan,,branch-misses:u,branch-misses,0.0,100.0,nan,,ok
14421.396441,nan,,L1-dcache-loads:u,l1-dcache-loads,0.0,100.0,nan,,ok
14421.396441,nan,,cache-references:u,cache-references,0.0,100.0,nan,,ok
14421.396441,nan,,cache-misses:u,cache-misses,0.0,100.0,nan,,ok
14421.396441,nan,,stalled-cycles-frontend:u,stalled-cycles-frontend,0.0,100.0,nan,,ok
14432.046891,nan,,instructions:u,instructions,0.0,100.0,nan,,ok
14432.046891,nan,,cycles:u,cycles,0.0,100.0,nan,,ok
14432.046891,nan,,branches:u,branches,0.0,100.0,nan,,ok
14432.046891,nan,,branch-misses:u,branch-misses,0.0,100.0,nan,,ok
14432.046891,nan,,L1-dcache-loads:u,l1-dcache-loads,0.0,100.0,nan,,ok
14432.046891,nan,,cache-references:u,cache-references,0.0,100.0,nan,,ok
14432.046891,nan,,cache-misses:u,cache-misses,0.0,100.0,nan,,ok
14432.046891,nan,,stalled-cycles-frontend:u,stalled-cycles-frontend,0.0,100.0,nan,,ok
14442.690313,nan,,instructions:u,instructions,0.0,100.0,nan,,ok
14442.690313,nan,,cycles:u,cycles,0.0,100.0,nan,,ok
14442.690313,nan,,branches:u,branches,0.0,100.0,nan,,ok
14442.690313,nan,,branch-misses:u,branch-misses,0.0,100.0,nan,,ok
14442.690313,nan,,L1-dcache-loads:u,l1-dcache-loads,0.0,100.0,nan,,ok
14442.690313,nan,,cache-references:u,cache-references,0.0,100.0,nan,,ok
14442.690313,nan,,cache-misses:u,cache-misses,0.0,100.0,nan,,ok
14442.690313,nan,,stalled-cycles-frontend:u,stalled-cycles-frontend,0.0,100.0,nan,,ok
14453.336825999999,2113.0,,instructions:u,instructions,3310405.0,35.0,nan,,ok
14453.336825999999,nan,,,,nan,nan,79.18,stalled cycles per insn,unknown
14453.336825999999,0.0,,cycles:u,cycles,3112747.0,33.0,nan,,ok
14453.336825999999,0.0,,branches:u,branches,4136843.0,44.0,nan,,ok
14453.336825999999,0.0,,branch-misses:u,branch-misses,5166754.0,55.0,nan,,ok
14453.336825999999,0.0,,L1-dcache-loads:u,l1-dcache-loads,5185306.0,55.0,nan,,ok
14453.336825999999,0.0,,cache-references:u,cache-references,5946256.0,63.0,nan,,ok
14453.336825999999,278.0,,cache-misses:u,cache-misses,6171390.0,65.0,nan,,ok
14453.336825999999,167303.0,,stalled-cycles-frontend:u,stalled-cycles-frontend,2224369.0,23.0,nan,,ok
14464.170530000001,0.0,,instructions:u,instructions,2144270.0,29.0,nan,,ok
14464.170530000001,0.0,,cycles:u,cycles,2120347.0,29.0,nan,,ok
14464.170530000001,0.0,,branches:u,branches,3140676.0,44.0,nan,,ok
14464.170530000001,0.0,,branch-misses:u,branch-misses,4109323.0,57.0,nan,,ok
14464.170530000001,0.0,,L1-dcache-loads:u,l1-dcache-loads,4747542.0,66.0,nan,,ok
14464.170530000001,0.0,,cache-references:u,cache-references,5043802.0,71.0,nan,,ok
14464.170530000001,0.0,,cache-misses:u,cache-misses,5040249.0,71.0,nan,,ok
14464.170530000001,0.0,,stalled-cycles-frontend:u,stalled-cycles-frontend,1339531.0,19.0,nan,,ok
14475.762999,nan,,instructions:u,instructions,0.0,100.0,nan,,ok
14475.762999,nan,,cycles:u,cycles,0.0,100.0,nan,,ok
14475.762999,nan,,branches:u,branches,0.0,100.0,nan,,ok
14475.762999,nan,,branch-misses:u,branch-misses,0.0,100.0,nan,,ok
14475.762999,nan,,L1-dcache-loads:u,l1-dcache-loads,0.0,100.0,nan,,ok
14475.762999,nan,,cache-references:u,cache-references,0.0,100.0,nan,,ok
14475.762999,nan,,cache-misses:u,cache-misses,0.0,100.0,nan,,ok
14475.762999,nan,,stalled-cycles-frontend:u,stalled-cycles-frontend,0.0,100.0,nan,,ok
14486.476322,nan,,instructions:u,instructions,0.0,100.0,nan,,ok
14486.476322,nan,,cycles:u,cycles,0.0,100.0,nan,,ok
14486.476322,nan,,branches:u,branches,0.0,100.0,nan,,ok
14486.476322,nan,,branch-misses:u,branch-misses,0.0,100.0,nan,,ok
14486.476322,nan,,L1-dcache-loads:u,l1-dcache-loads,0.0,100.0,nan,,ok
14486.476322,nan,,cache-references:u,cache-references,0.0,100.0,nan,,ok
14486.476322,nan,,cache-misses:u,cache-misses,0.0,100.0,nan,,ok
14486.476322,nan,,stalled-cycles-frontend:u,stalled-cycles-frontend,0.0,100.0,nan,,ok
14497.173961999999,nan,,instructions:u,instructions,0.0,100.0,nan,,ok
14497.173961999999,nan,,cycles:u,cycles,0.0,100.0,nan,,ok
14497.173961999999,nan,,branches:u,branches,0.0,100.0,nan,,ok
14497.173961999999,nan,,branch-misses:u,branch-misses,0.0,100.0,nan,,ok
14497.173961999999,nan,,L1-dcache-loads:u,l1-dcache-loads,0.0,100.0,nan,,ok
14497.173961999999,nan,,cache-references:u,cache-references,0.0,100.0,nan,,ok
14497.173961999999,nan,,cache-misses:u,cache-misses,0.0,100.0,nan,,ok
14497.173961999999,nan,,stalled-cycles-frontend:u,stalled-cycles-frontend,0.0,100.0,nan,,ok
14508.094814,0.0,,instructions:u,instructions,1982317.0,50.0,nan,,ok
14508.094814,0.0,,cycles:u,cycles,2979284.0,75.0,nan,,ok
14508.094814,0.0,,branches:u,branches,3945176.0,100.0,nan,,ok
14508.094814,0.0,,branch-misses:u,branch-misses,3959164.0,100.0,nan,,ok
14508.094814,0.0,,L1-dcache-loads:u,l1-dcache-loads,3029340.0,75.0,nan,,ok
14508.094814,0.0,,cache-references:u,cache-references,2059718.0,50.0,nan,,ok
14508.094814,0.0,,cache-misses:u,cache-misses,1079810.0,26.0,nan,,ok
14508.094814,0.0,,stalled-cycles-frontend:u,stalled-cycles-frontend,982411.0,24.0,nan,,ok
14518.876342,nan,,instructions:u,instructions,0.0,0.0,nan,,ok
14518.876342,nan,,cycles:u,cycles,0.0,0.0,nan,,ok
14518.876342,0.0,,branches:u,branches,39317.0,2.0,nan,,ok
14518.876342,0.0,,branch-misses:u,branch-misses,1023886.0,58.0,nan,,ok
14518.876342,0.0,,L1-dcache-loads:u,l1-dcache-loads,1705931.0,100.0,nan,,ok
14518.876342,0.0,,cache-references:u,cache-references,1675647.0,100.0,nan,,ok
14518.876342,0.0,,cache-misses:u,cache-misses,1658588.0,100.0,nan,,ok
14518.876342,nan,,stalled-cycles-frontend:u,stalled-cycles-frontend,0.0,0.0,nan,,ok
14529.63877,nan,,instructions:u,instructions,0.0,100.0,nan,,ok
14529.63877,nan,,cycles:u,cycles,0.0,100.0,nan,,ok
14529.63877,nan,,branches:u,branches,0.0,100.0,nan,,ok
14529.63877,nan,,branch-misses:u,branch-misses,0.0,100.0,nan,,ok
14529.63877,nan,,L1-dcache-loads:u,l1-dcache-loads,0.0,100.0,nan,,ok
14529.63877,nan,,cache-references:u,cache-references,0.0,100.0,nan,,ok
14529.63877,nan,,cache-misses:u,cache-misses,0.0,100.0,nan,,ok
14529.63877,nan,,stalled-cycles-frontend:u,stalled-cycles-frontend,0.0,100.0,nan,,ok
14540.453791,nan,,instructions:u,instructions,0.0,100.0,nan,,ok
14540.453791,nan,,cycles:u,cycles,0.0,100.0,nan,,ok
14540.453791,nan,,branches:u,branches,0.0,100.0,nan,,ok
14540.453791,nan,,branch-misses:u,branch-misses,0.0,100.0,nan,,ok
14540.453791,nan,,L1-dcache-loads:u,l1-dcache-loads,0.0,100.0,nan,,ok
14540.453791,nan,,cache-references:u,cache-references,0.0,100.0,nan,,ok
14540.453791,nan,,cache-misses:u,cache-misses,0.0,100.0,nan,,ok
14540.453791,nan,,stalled-cycles-frontend:u,stalled-cycles-frontend,0.0,100.0,nan,,ok
14551.235051000001,nan,,instructions:u,instructions,0.0,100.0,nan,,ok
14551.235051000001,nan,,cycles:u,cycles,0.0,100.0,nan,,ok
14551.235051000001,nan,,branches:u,branches,0.0,100.0,nan,,ok
14551.235051000001,nan,,branch-misses:u,branch-misses,0.0,100.0,nan,,ok
14551.235051000001,nan,,L1-dcache-loads:u,l1-dcache-loads,0.0,100.0,nan,,ok
14551.235051000001,nan,,cache-references:u,cache-references,0.0,100.0,nan,,ok
14551.235051000001,nan,,cache-misses:u,cache-misses,0.0,100.0,nan,,ok
14551.235051000001,nan,,stalled-cycles-frontend:u,stalled-cycles-frontend,0.0,100.0,nan,,ok
14562.084206,nan,,instructions:u,instructions,0.0,100.0,nan,,ok
14562.084206,nan,,cycles:u,cycles,0.0,100.0,nan,,ok
14562.084206,nan,,branches:u,branches,0.0,100.0,nan,,ok
14562.084206,nan,,branch-misses:u,branch-misses,0.0,100.0,nan,,ok
14562.084206,nan,,L1-dcache-loads:u,l1-dcache-loads,0.0,100.0,nan,,ok
14562.084206,nan,,cache-references:u,cache-references,0.0,100.0,nan,,ok
14562.084206,nan,,cache-misses:u,cache-misses,0.0,100.0,nan,,ok
14562.084206,nan,,stalled-cycles-frontend:u,stalled-cycles-frontend,0.0,100.0,nan,,ok
14572.935392,nan,,instructions:u,instructions,0.0,100.0,nan,,ok
14572.935392,nan,,cycles:u,cycles,0.0,100.0,nan,,ok
14572.935392,nan,,branches:u,branches,0.0,100.0,nan,,ok
14572.935392,nan,,branch-misses:u,branch-misses,0.0,100.0,nan,,ok
14572.935392,nan,,L1-dcache-loads:u,l1-dcache-loads,0.0,100.0,nan,,ok
14572.935392,nan,,cache-references:u,cache-references,0.0,100.0,nan,,ok
14572.935392,nan,,cache-misses:u,cache-misses,0.0,100.0,nan,,ok
14572.935392,nan,,stalled-cycles-frontend:u,stalled-cycles-frontend,0.0,100.0,nan,,ok
14583.595569,nan,,instructions:u,instructions,0.0,100.0,nan,,ok
14583.595569,nan,,cycles:u,cycles,0.0,100.0,nan,,ok
14583.595569,nan,,branches:u,branches,0.0,100.0,nan,,ok
14583.595569,nan,,branch-misses:u,branch-misses,0.0,100.0,nan,,ok
14583.595569,nan,,L1-dcache-loads:u,l1-dcache-loads,0.0,100.0,nan,,ok
14583.595569,nan,,cache-references:u,cache-references,0.0,100.0,nan,,ok
14583.595569,nan,,cache-misses:u,cache-misses,0.0,100.0,nan,,ok
14583.595569,nan,,stalled-cycles-frontend:u,stalled-cycles-frontend,0.0,100.0,nan,,ok
14594.266315,nan,,instructions:u,instructions,0.0,100.0,nan,,ok
14594.266315,nan,,cycles:u,cycles,0.0,100.0,nan,,ok
14594.266315,nan,,branches:u,branches,0.0,100.0,nan,,ok
14594.266315,nan,,branch-misses:u,branch-misses,0.0,100.0,nan,,ok
14594.266315,nan,,L1-dcache-loads:u,l1-dcache-loads,0.0,100.0,nan,,ok
14594.266315,nan,,cache-references:u,cache-references,0.0,100.0,nan,,ok
14594.266315,nan,,cache-misses:u,cache-misses,0.0,100.0,nan,,ok
14594.266315,nan,,stalled-cycles-frontend:u,stalled-cycles-frontend,0.0,100.0,nan,,ok
14604.928846,0.0,,instructions:u,instructions,2554205.0,56.0,nan,,ok
14604.928846,0.0,,cycles:u,cycles,1557812.0,34.0,nan,,ok
14604.928846,0.0,,branches:u,branches,1557812.0,34.0,nan,,ok
14604.928846,0.0,,branch-misses:u,branch-misses,1557812.0,34.0,nan,,ok
14604.928846,0.0,,L1-dcache-loads:u,l1-dcache-loads,1538672.0,33.0,nan,,ok
14604.928846,0.0,,cache-references:u,cache-references,1988673.0,43.0,nan,,ok
14604.928846,0.0,,cache-misses:u,cache-misses,2985066.0,65.0,nan,,ok
14604.928846,0.0,,stalled-cycles-frontend:u,stalled-cycles-frontend,2002938.0,44.0,nan,,ok
14615.642598999999,nan,,instructions:u,instructions,0.0,100.0,nan,,ok
14615.642598999999,nan,,cycles:u,cycles,0.0,100.0,nan,,ok
14615.642598999999,nan,,branches:u,branches,0.0,100.0,nan,,ok
14615.642598999999,nan,,branch-misses:u,branch-misses,0.0,100.0,nan,,ok
14615.642598999999,nan,,L1-dcache-loads:u,l1-dcache-loads,0.0,100.0,nan,,ok
14615.642598999999,nan,,cache-references:u,cache-references,0.0,100.0,nan,,ok
14615.642598999999,nan,,cache-misses:u,cache-misses,0.0,100.0,nan,,ok
14615.642598999999,nan,,stalled-cycles-frontend:u,stalled-cycles-frontend,0.0,100.0,nan,,ok
14626.241927000001,nan,,instructions:u,instructions,0.0,100.0,nan,,ok
14626.241927000001,nan,,cycles:u,cycles,0.0,100.0,nan,,ok
14626.241927000001,nan,,branches:u,branches,0.0,100.0,nan,,ok
14626.241927000001,nan,,branch-misses:u,branch-misses,0.0,100.0,nan,,ok
14626.241927000001,nan,,L1-dcache-loads:u,l1-dcache-loads,0.0,100.0,nan,,ok
14626.241927000001,nan,,cache-references:u,cache-references,0.0,100.0,nan,,ok
14626.241927000001,nan,,cache-misses:u,cache-misses,0.0,100.0,nan,,ok
14626.241927000001,nan,,stalled-cycles-frontend:u,stalled-cycles-frontend,0.0,100.0,nan,,ok
14636.887553999999,nan,,instructions:u,instructions,0.0,100.0,nan,,ok
14636.887553999999,nan,,cycles:u,cycles,0.0,100.0,nan,,ok
14636.887553999999,nan,,branches:u,branches,0.0,100.0,nan,,ok
14636.887553999999,nan,,branch-misses:u,branch-misses,0.0,100.0,nan,,ok
14636.887553999999,nan,,L1-dcache-loads:u,l1-dcache-loads,0.0,100.0,nan,,ok
14636.887553999999,nan,,cache-references:u,cache-references,0.0,100.0,nan,,ok
14636.887553999999,nan,,cache-misses:u,cache-misses,0.0,100.0,nan,,ok
14636.887553999999,nan,,stalled-cycles-frontend:u,stalled-cycles-frontend,0.0,100.0,nan,,ok
14647.539009999999,nan,,instructions:u,instructions,0.0,100.0,nan,,ok
14647.539009999999,nan,,cycles:u,cycles,0.0,100.0,nan,,ok
14647.539009999999,nan,,branches:u,branches,0.0,100.0,nan,,ok
14647.539009999999,nan,,branch-misses:u,branch-misses,0.0,100.0,nan,,ok
14647.539009999999,nan,,L1-dcache-loads:u,l1-dcache-loads,0.0,100.0,nan,,ok
14647.539009999999,nan,,cache-references:u,cache-references,0.0,100.0,nan,,ok
14647.539009999999,nan,,cache-misses:u,cache-misses,0.0,100.0,nan,,ok
14647.539009999999,nan,,stalled-cycles-frontend:u,stalled-cycles-frontend,0.0,100.0,nan,,ok
14658.15018,nan,,instructions:u,instructions,0.0,100.0,nan,,ok
14658.15018,nan,,cycles:u,cycles,0.0,100.0,nan,,ok
14658.15018,nan,,branches:u,branches,0.0,100.0,nan,,ok
14658.15018,nan,,branch-misses:u,branch-misses,0.0,100.0,nan,,ok
14658.15018,nan,,L1-dcache-loads:u,l1-dcache-loads,0.0,100.0,nan,,ok
14658.15018,nan,,cache-references:u,cache-references,0.0,100.0,nan,,ok
14658.15018,nan,,cache-misses:u,cache-misses,0.0,100.0,nan,,ok
14658.15018,nan,,stalled-cycles-frontend:u,stalled-cycles-frontend,0.0,100.0,nan,,ok
14668.926036,0.0,,instructions:u,instructions,751811.0,17.0,nan,,ok
14668.926036,0.0,,cycles:u,cycles,1749267.0,41.0,nan,,ok
14668.926036,0.0,,branches:u,branches,2743424.0,64.0,nan,,ok
14668.926036,0.0,,branch-misses:u,branch-misses,3750889.0,88.0,nan,,ok
14668.926036,0.0,,L1-dcache-loads:u,l1-dcache-loads,4256949.0,100.0,nan,,ok
14668.926036,0.0,,cache-references:u,cache-references,3505138.0,82.0,nan,,ok
14668.926036,0.0,,cache-misses:u,cache-misses,2507682.0,58.0,nan,,ok
14668.926036,nan,,stalled-cycles-frontend:u,stalled-cycles-frontend,0.0,0.0,nan,,ok
14679.596019,nan,,instructions:u,instructions,0.0,100.0,nan,,ok
14679.596019,nan,,cycles:u,cycles,0.0,100.0,nan,,ok
14679.596019,nan,,branches:u,branches,0.0,100.0,nan,,ok
14679.596019,nan,,branch-misses:u,branch-misses,0.0,100.0,nan,,ok
14679.596019,nan,,L1-dcache-loads:u,l1-dcache-loads,0.0,100.0,nan,,ok
14679.596019,nan,,cache-references:u,cache-references,0.0,100.0,nan,,ok
14679.596019,nan,,cache-misses:u,cache-misses,0.0,100.0,nan,,ok
14679.596019,nan,,stalled-cycles-frontend:u,stalled-cycles-frontend,0.0,100.0,nan,,ok
14690.242607,nan,,instructions:u,instructions,0.0,100.0,nan,,ok
14690.242607,nan,,cycles:u,cycles,0.0,100.0,nan,,ok
14690.242607,nan,,branches:u,branches,0.0,100.0,nan,,ok
14690.242607,nan,,branch-misses:u,branch-misses,0.0,100.0,nan,,ok
14690.242607,nan,,L1-dcache-loads:u,l1-dcache-loads,0.0,100.0,nan,,ok
14690.242607,nan,,cache-references:u,cache-references,0.0,100.0,nan,,ok
14690.242607,nan,,cache-misses:u,cache-misses,0.0,100.0,nan,,ok
14690.242607,nan,,stalled-cycles-frontend:u,stalled-cycles-frontend,0.0,100.0,nan,,ok
14700.910231,nan,,instructions:u,instructions,0.0,100.0,nan,,ok
14700.910231,nan,,cycles:u,cycles,0.0,100.0,nan,,ok
14700.910231,nan,,branches:u,branches,0.0,100.0,nan,,ok
14700.910231,nan,,branch-misses:u,branch-misses,0.0,100.0,nan,,ok
14700.910231,nan,,L1-dcache-loads:u,l1-dcache-loads,0.0,100.0,nan,,ok
14700.910231,nan,,cache-references:u,cache-references,0.0,100.0,nan,,ok
14700.910231,nan,,cache-misses:u,cache-misses,0.0,100.0,nan,,ok
14700.910231,nan,,stalled-cycles-frontend:u,stalled-cycles-frontend,0.0,100.0,nan,,ok
14711.557533000001,nan,,instructions:u,instructions,0.0,100.0,nan,,ok
14711.557533000001,nan,,cycles:u,cycles,0.0,100.0,nan,,ok
14711.557533000001,nan,,branches:u,branches,0.0,100.0,nan,,ok
14711.557533000001,nan,,branch-misses:u,branch-misses,0.0,100.0,nan,,ok
14711.557533000001,nan,,L1-dcache-loads:u,l1-dcache-loads,0.0,100.0,nan,,ok
14711.557533000001,nan,,cache-references:u,cache-references,0.0,100.0,nan,,ok
14711.557533000001,nan,,cache-misses:u,cache-misses,0.0,100.0,nan,,ok
14711.557533000001,nan,,stalled-cycles-frontend:u,stalled-cycles-frontend,0.0,100.0,nan,,ok
14722.243853,0.0,,instructions:u,instructions,3109330.0,32.0,nan,,ok
14722.243853,0.0,,cycles:u,cycles,2999589.0,31.0,nan,,ok
14722.243853,0.0,,branches:u,branches,4003429.0,41.0,nan,,ok
14722.243853,0.0,,branch-misses:u,branch-misses,5003846.0,51.0,nan,,ok
14722.243853,0.0,,L1-dcache-loads:u,l1-dcache-loads,5527772.0,56.0,nan,,ok
14722.243853,0.0,,cache-references:u,cache-references,6537517.0,67.0,nan,,ok
14722.243853,0.0,,cache-misses:u,cache-misses,6730600.0,69.0,nan,,ok
14722.243853,0.0,,stalled-cycles-frontend:u,stalled-cycles-frontend,2224289.0,22.0,nan,,ok
14733.020002,0.0,,instructions:u,instructions,4805242.0,49.0,nan,,ok
14733.020002,0.0,,cycles:u,cycles,3945179.0,40.0,nan,,ok
14733.020002,0.0,,branches:u,branches,4965749.0,50.0,nan,,ok
14733.020002,0.0,,branch-misses:u,branch-misses,5979656.0,60.0,nan,,ok
14733.020002,0.0,,L1-dcache-loads:u,l1-dcache-loads,5054071.0,51.0,nan,,ok
14733.020002,0.0,,cache-references:u,cache-references,4993735.0,50.0,nan,,ok
14733.020002,0.0,,cache-misses:u,cache-misses,5794910.0,59.0,nan,,ok
14733.020002,0.0,,stalled-cycles-frontend:u,stalled-cycles-frontend,3758380.0,38.0,nan,,ok
14743.762678,0.0,,instructions:u,instructions,4064868.0,43.0,nan,,ok
14743.762678,0.0,,cycles:u,cycles,4060759.0,43.0,nan,,ok
14743.762678,0.0,,branches:u,branches,5072975.0,54.0,nan,,ok
14743.762678,0.0,,branch-misses:u,branch-misses,6072447.0,65.0,nan,,ok
14743.762678,0.0,,L1-dcache-loads:u,l1-dcache-loads,6246290.0,67.0,nan,,ok
14743.762678,0.0,,cache-references:u,cache-references,5233222.0,56.0,nan,,ok
14743.762678,0.0,,cache-misses:u,cache-misses,5241086.0,56.0,nan,,ok
14743.762678,0.0,,stalled-cycles-frontend:u,stalled-cycles-frontend,2024681.0,21.0,nan,,ok
14754.4559,0.0,,instructions:u,instructions,3379438.0,31.0,nan,,ok
14754.4559,0.0,,cycles:u,cycles,4361024.0,40.0,nan,,ok
14754.4559,0.0,,branches:u,branches,6340290.0,59.0,nan,,ok
14754.4559,0.0,,branch-misses:u,branch-misses,7683877.0,71.0,nan,,ok
14754.4559,0.0,,L1-dcache-loads:u,l1-dcache-loads,7685106.0,71.0,nan,,ok
14754.4559,0.0,,cache-references:u,cache-references,7420632.0,69.0,nan,,ok
14754.4559,0.0,,cache-misses:u,cache-misses,6428043.0,60.0,nan,,ok
14754.4559,0.0,,stalled-cycles-frontend:u,stalled-cycles-frontend,1990602.0,18.0,nan,,ok
14765.179389,0.0,,instructions:u,instructions,3042051.0,28.0,nan,,ok
14765.179389,0.0,,cycles:u,cycles,3009997.0,27.0,nan,,ok
14765.179389,0.0,,branches:u,branches,4003959.0,37.0,nan,,ok
14765.179389,0.0,,branch-misses:u,branch-misses,5638092.0,52.0,nan,,ok
14765.179389,0.0,,L1-dcache-loads:u,l1-dcache-loads,6606299.0,61.0,nan,,ok
14765.179389,0.0,,cache-references:u,cache-references,7581050.0,70.0,nan,,ok
14765.179389,0.0,,cache-misses:u,cache-misses,7697525.0,71.0,nan,,ok
14765.179389,0.0,,stalled-cycles-frontend:u,stalled-cycles-frontend,2178520.0,20.0,nan,,ok
14776.051116,0.0,,instructions:u,instructions,5853998.0,53.0,nan,,ok
14776.051116,0.0,,cycles:u,cycles,4918581.0,45.0,nan,,ok
14776.051116,0.0,,branches:u,branches,5930587.0,54.0,nan,,ok
14776.051116,0.0,,branch-misses:u,branch-misses,6938491.0,63.0,nan,,ok
14776.051116,0.0,,L1-dcache-loads:u,l1-dcache-loads,5951474.0,54.0,nan,,ok
14776.051116,0.0,,cache-references:u,cache-references,4999301.0,46.0,nan,,ok
14776.051116,0.0,,cache-misses:u,cache-misses,5855561.0,54.0,nan,,ok
14776.051116,0.0,,stalled-cycles-frontend:u,stalled-cycles-frontend,3845866.0,35.0,nan,,ok
14786.754234,0.0,,instructions:u,instructions,3098268.0,28.0,nan,,ok
14786.754234,0.0,,cycles:u,cycles,4098555.0,38.0,nan,,ok
14786.754234,0.0,,branches:u,branches,6079295.0,56.0,nan,,ok
14786.754234,0.0,,branch-misses:u,branch-misses,7779967.0,72.0,nan,,ok
14786.754234,0.0,,L1-dcache-loads:u,l1-dcache-loads,7772559.0,72.0,nan,,ok
14786.754234,0.0,,cache-references:u,cache-references,7812582.0,72.0,nan,,ok
14786.754234,0.0,,cache-misses:u,cache-misses,6871246.0,63.0,nan,,ok
14786.754234,0.0,,stalled-cycles-frontend:u,stalled-cycles-frontend,1993506.0,18.0,nan,,ok
14797.669427,0.0,,instructions:u,instructions,3550940.0,32.0,nan,,ok
14797.669427,0.0,,cycles:u,cycles,3005491.0,27.0,nan,,ok
14797.669427,0.0,,branches:u,branches,4002674.0,36.0,nan,,ok
14797.669427,0.0,,branch-misses:u,branch-misses,5286623.0,48.0,nan,,ok
14797.669427,0.0,,L1-dcache-loads:u,l1-dcache-loads,6275646.0,57.0,nan,,ok
14797.669427,0.0,,cache-references:u,cache-references,7194938.0,66.0,nan,,ok
14797.669427,0.0,,cache-misses:u,cache-misses,7747325.0,72.0,nan,,ok
14797.669427,0.0,,stalled-cycles-frontend:u,stalled-cycles-frontend,2654795.0,24.0,nan,,ok
14808.407885999999,0.0,,instructions:u,instructions,5463581.0,51.0,nan,,ok
14808.407885999999,0.0,,cycles:u,cycles,5269734.0,49.0,nan,,ok
14808.407885999999,0.0,,branches:u,branches,6291985.0,58.0,nan,,ok
14808.407885999999,0.0,,branch-misses:u,branch-misses,7308711.0,68.0,nan,,ok
14808.407885999999,0.0,,L1-dcache-loads:u,l1-dcache-loads,6307069.0,58.0,nan,,ok
14808.407885999999,0.0,,cache-references:u,cache-references,5316580.0,49.0,nan,,ok
14808.407885999999,0.0,,cache-misses:u,cache-misses,5357565.0,50.0,nan,,ok
14808.407885999999,0.0,,stalled-cycles-frontend:u,stalled-cycles-frontend,3350792.0,31.0,nan,,ok
14819.074155999999,0.0,,instructions:u,instructions,2999150.0,28.0,nan,,ok
14819.074155999999,0.0,,cycles:u,cycles,3783643.0,35.0,nan,,ok
14819.074155999999,0.0,,branches:u,branches,5721938.0,53.0,nan,,ok
14819.074155999999,0.0,,branch-misses:u,branch-misses,7669368.0,71.0,nan,,ok
14819.074155999999,0.0,,L1-dcache-loads:u,l1-dcache-loads,7665465.0,71.0,nan,,ok
14819.074155999999,0.0,,cache-references:u,cache-references,7697630.0,71.0,nan,,ok
14819.074155999999,0.0,,cache-misses:u,cache-misses,6993060.0,65.0,nan,,ok
14819.074155999999,0.0,,stalled-cycles-frontend:u,stalled-cycles-frontend,2010762.0,18.0,nan,,ok
14829.78816,0.0,,instructions:u,instructions,3656826.0,34.0,nan,,ok
14829.78816,0.0,,cycles:u,cycles,3004798.0,27.0,nan,,ok
14829.78816,0.0,,branches:u,branches,4009552.0,37.0,nan,,ok
14829.78816,0.0,,branch-misses:u,branch-misses,5027214.0,46.0,nan,,ok
14829.78816,0.0,,L1-dcache-loads:u,l1-dcache-loads,6036414.0,56.0,nan,,ok
14829.78816,0.0,,cache-references:u,cache-references,6967627.0,65.0,nan,,ok
14829.78816,0.0,,cache-misses:u,cache-misses,7680071.0,71.0,nan,,ok
14829.78816,0.0,,stalled-cycles-frontend:u,stalled-cycles-frontend,2739929.0,25.0,nan,,ok
14840.525073,0.0,,instructions:u,instructions,5355662.0,49.0,nan,,ok
14840.525073,0.0,,cycles:u,cycles,5417099.0,50.0,nan,,ok
14840.525073,0.0,,branches:u,branches,6424446.0,59.0,nan,,ok
14840.525073,0.0,,branch-misses:u,branch-misses,7454623.0,69.0,nan,,ok
14840.525073,0.0,,L1-dcache-loads:u,l1-dcache-loads,6454230.0,59.0,nan,,ok
14840.525073,0.0,,cache-references:u,cache-references,5489883.0,50.0,nan,,ok
14840.525073,0.0,,cache-misses:u,cache-misses,5265522.0,48.0,nan,,ok
14840.525073,0.0,,stalled-cycles-frontend:u,stalled-cycles-frontend,3274337.0,30.0,nan,,ok
14851.32509,0.0,,instructions:u,instructions,2999678.0,29.0,nan,,ok
14851.32509,0.0,,cycles:u,cycles,3577191.0,35.0,nan,,ok
14851.32509,0.0,,branches:u,branches,5567156.0,55.0,nan,,ok
14851.32509,0.0,,branch-misses:u,branch-misses,6979046.0,69.0,nan,,ok
14851.32509,0.0,,L1-dcache-loads:u,l1-dcache-loads,6993391.0,69.0,nan,,ok
14851.32509,0.0,,cache-references:u,cache-references,6985092.0,69.0,nan,,ok
14851.32509,0.0,,cache-misses:u,cache-misses,6512102.0,65.0,nan,,ok
14851.32509,0.0,,stalled-cycles-frontend:u,stalled-cycles-frontend,2008496.0,20.0,nan,,ok
14862.016833,0.0,,instructions:u,instructions,3003640.0,28.0,nan,,ok
14862.016833,0.0,,cycles:u,cycles,3004510.0,28.0,nan,,ok
14862.016833,0.0,,branches:u,branches,3998611.0,37.0,nan,,ok
14862.016833,0.0,,branch-misses:u,branch-misses,5796846.0,54.0,nan,,ok
14862.016833,0.0,,L1-dcache-loads:u,l1-dcache-loads,6739870.0,63.0,nan,,ok
14862.016833,0.0,,cache-references:u,cache-references,7652246.0,71.0,nan,,ok
14862.016833,0.0,,cache-misses:u,cache-misses,7649068.0,71.0,nan,,ok
14862.016833,0.0,,stalled-cycles-frontend:u,stalled-cycles-frontend,2020173.0,18.0,nan,,ok
14872.711038,0.0,,instructions:u,instructions,5552825.0,51.0,nan,,ok
14872.711038,0.0,,cycles:u,cycles,4579491.0,42.0,nan,,ok
14872.711038,0.0,,branches:u,branches,5595432.0,52.0,nan,,ok
14872.711038,0.0,,branch-misses:u,branch-misses,6609839.0,61.0,nan,,ok
14872.711038,0.0,,L1-dcache-loads:u,l1-dcache-loads,5639069.0,52.0,nan,,ok
14872.711038,0.0,,cache-references:u,cache-references,5088523.0,47.0,nan,,ok
14872.711038,0.0,,cache-misses:u,cache-misses,6070804.0,56.0,nan,,ok
14872.711038,0.0,,stalled-cycles-frontend:u,stalled-cycles-frontend,3982740.0,37.0,nan,,ok
14883.435103,0.0,,instructions:u,instructions,3444660.0,32.0,nan,,ok
14883.435103,0.0,,cycles:u,cycles,4422303.0,41.0,nan,,ok
14883.435103,0.0,,branches:u,branches,6404916.0,59.0,nan,,ok
14883.435103,0.0,,branch-misses:u,branch-misses,7723372.0,72.0,nan,,ok
14883.435103,0.0,,L1-dcache-loads:u,l1-dcache-loads,7716853.0,71.0,nan,,ok
14883.435103,0.0,,cache-references:u,cache-references,7367803.0,68.0,nan,,ok
14883.435103,0.0,,cache-misses:u,cache-misses,6390376.0,59.0,nan,,ok
14883.435103,0.0,,stalled-cycles-frontend:u,stalled-cycles-frontend,2002601.0,18.0,nan,,ok
14894.338321,0.0,,instructions:u,instructions,3196020.0,29.0,nan,,ok
14894.338321,0.0,,cycles:u,cycles,3016234.0,27.0,nan,,ok
14894.338321,0.0,,branches:u,branches,4000430.0,36.0,nan,,ok
14894.338321,0.0,,branch-misses:u,branch-misses,5681585.0,52.0,nan,,ok
14894.338321,0.0,,L1-dcache-loads:u,l1-dcache-loads,6642934.0,61.0,nan,,ok
14894.338321,0.0,,cache-references:u,cache-references,7618761.0,70.0,nan,,ok
14894.338321,0.0,,cache-misses:u,cache-misses,7843279.0,72.0,nan,,ok
14894.338321,0.0,,stalled-cycles-frontend:u,stalled-cycles-frontend,2281221.0,21.0,nan,,ok
14905.032427,0.0,,instructions:u,instructions,5721714.0,53.0,nan,,ok
14905.032427,0.0,,cycles:u,cycles,4935626.0,45.0,nan,,ok
14905.032427,0.0,,branches:u,branches,5956182.0,55.0,nan,,ok
14905.032427,0.0,,branch-misses:u,branch-misses,6971260.0,64.0,nan,,ok
14905.032427,0.0,,L1-dcache-loads:u,l1-dcache-loads,6050337.0,55.0,nan,,ok
14905.032427,0.0,,cache-references:u,cache-references,5060215.0,46.0,nan,,ok
14905.032427,0.0,,cache-misses:u,cache-misses,5744346.0,53.0,nan,,ok
14905.032427,0.0,,stalled-cycles-frontend:u,stalled-cycles-frontend,3736007.0,34.0,nan,,ok
14916.043515,0.0,,instructions:u,instructions,3730778.0,35.0,nan,,ok
14916.043515,0.0,,cycles:u,cycles,4068194.0,38.0,nan,,ok
14916.043515,0.0,,branches:u,branches,5968066.0,56.0,nan,,ok
14916.043515,0.0,,branch-misses:u,branch-misses,6959109.0,65.0,nan,,ok
14916.043515,0.0,,L1-dcache-loads:u,l1-dcache-loads,6902554.0,65.0,nan,,ok
14916.043515,0.0,,cache-references:u,cache-references,6904642.0,65.0,nan,,ok
14916.043515,0.0,,cache-misses:u,cache-misses,6656370.0,62.0,nan,,ok
14916.043515,0.0,,stalled-cycles-frontend:u,stalled-cycles-frontend,2637323.0,24.0,nan,,ok
14926.764697999999,0.0,,instructions:u,instructions,3002577.0,27.0,nan,,ok
14926.764697999999,0.0,,cycles:u,cycles,2993430.0,27.0,nan,,ok
14926.764697999999,0.0,,branches:u,branches,4405630.0,40.0,nan,,ok
14926.764697999999,0.0,,branch-misses:u,branch-misses,7029987.0,64.0,nan,,ok
14926.764697999999,479.0,,L1-dcache-loads:u,l1-dcache-loads,7861475.0,72.0,nan,,ok
14926.764697999999,353.0,,cache-references:u,cache-references,7877971.0,72.0,nan,,ok
14926.764697999999,245.0,,cache-misses:u,cache-misses,7847654.0,72.0,69.41,of all cache refs,ok
14926.764697999999,0.0,,stalled-cycles-frontend:u,stalled-cycles-frontend,2010332.0,18.0,nan,,ok
14937.572993,0.0,,instructions:u,instructions,3430983.0,31.0,nan,,ok
14937.572993,0.0,,cycles:u,cycles,3002476.0,27.0,nan,,ok
14937.572993,0.0,,branches:u,branches,3994764.0,36.0,nan,,ok
14937.572993,0.0,,branch-misses:u,branch-misses,5336300.0,49.0,nan,,ok
14937.572993,0.0,,L1-dcache-loads:u,l1-dcache-loads,6321870.0,58.0,nan,,ok
14937.572993,0.0,,cache-references:u,cache-references,7286400.0,67.0,nan,,ok
14937.572993,0.0,,cache-misses:u,cache-misses,7780624.0,72.0,nan,,ok
14937.572993,0.0,,stalled-cycles-frontend:u,stalled-cycles-frontend,2528574.0,23.0,nan,,ok
14948.240736000002,0.0,,instructions:u,instructions,2584040.0,51.0,nan,,ok
14948.240736000002,0.0,,cycles:u,cycles,3019931.0,60.0,nan,,ok
14948.240736000002,0.0,,branches:u,branches,4026987.0,80.0,nan,,ok
14948.240736000002,0.0,,branch-misses:u,branch-misses,4471241.0,89.0,nan,,ok
14948.240736000002,0.0,,L1-dcache-loads:u,l1-dcache-loads,3452528.0,69.0,nan,,ok
14948.240736000002,0.0,,cache-references:u,cache-references,2457885.0,49.0,nan,,ok
14948.240736000002,0.0,,cache-misses:u,cache-misses,1939532.0,39.0,nan,,ok
14948.240736000002,0.0,,stalled-cycles-frontend:u,stalled-cycles-frontend,1490939.0,30.0,nan,,ok
14959.076373,nan,,instructions:u,instructions,0.0,100.0,nan,,ok
14959.076373,nan,,cycles:u,cycles,0.0,100.0,nan,,ok
14959.076373,nan,,branches:u,branches,0.0,100.0,nan,,ok
14959.076373,nan,,branch-misses:u,branch-misses,0.0,100.0,nan,,ok
14959.076373,nan,,L1-dcache-loads:u,l1-dcache-loads,0.0,100.0,nan,,ok
14959.076373,nan,,cache-references:u,cache-references,0.0,100.0,nan,,ok
14959.076373,nan,,cache-misses:u,cache-misses,0.0,100.0,nan,,ok
14959.076373,nan,,stalled-cycles-frontend:u,stalled-cycles-frontend,0.0,100.0,nan,,ok
14969.714879,nan,,instructions:u,instructions,0.0,100.0,nan,,ok
14969.714879,nan,,cycles:u,cycles,0.0,100.0,nan,,ok
14969.714879,nan,,branches:u,branches,0.0,100.0,nan,,ok
14969.714879,nan,,branch-misses:u,branch-misses,0.0,100.0,nan,,ok
14969.714879,nan,,L1-dcache-loads:u,l1-dcache-loads,0.0,100.0,nan,,ok
14969.714879,nan,,cache-references:u,cache-references,0.0,100.0,nan,,ok
14969.714879,nan,,cache-misses:u,cache-misses,0.0,100.0,nan,,ok
14969.714879,nan,,stalled-cycles-frontend:u,stalled-cycles-frontend,0.0,100.0,nan,,ok
14980.377604,nan,,instructions:u,instructions,0.0,100.0,nan,,ok
14980.377604,nan,,cycles:u,cycles,0.0,100.0,nan,,ok
14980.377604,nan,,branches:u,branches,0.0,100.0,nan,,ok
14980.377604,nan,,branch-misses:u,branch-misses,0.0,100.0,nan,,ok
14980.377604,nan,,L1-dcache-loads:u,l1-dcache-loads,0.0,100.0,nan,,ok
14980.377604,nan,,cache-references:u,cache-references,0.0,100.0,nan,,ok
14980.377604,nan,,cache-misses:u,cache-misses,0.0,100.0,nan,,ok
14980.377604,nan,,stalled-cycles-frontend:u,stalled-cycles-frontend,0.0,100.0,nan,,ok
14990.98478,nan,,instructions:u,instructions,0.0,100.0,nan,,ok
14990.98478,nan,,cycles:u,cycles,0.0,100.0,nan,,ok
14990.98478,nan,,branches:u,branches,0.0,100.0,nan,,ok
14990.98478,nan,,branch-misses:u,branch-misses,0.0,100.0,nan,,ok
14990.98478,nan,,L1-dcache-loads:u,l1-dcache-loads,0.0,100.0,nan,,ok
14990.98478,nan,,cache-references:u,cache-references,0.0,100.0,nan,,ok
14990.98478,nan,,cache-misses:u,cache-misses,0.0,100.0,nan,,ok
14990.98478,nan,,stalled-cycles-frontend:u,stalled-cycles-frontend,0.0,100.0,nan,,ok
15001.636559999999,0.0,,instructions:u,instructions,1723928.0,36.0,nan,,ok
15001.636559999999,0.0,,cycles:u,cycles,728743.0,15.0,nan,,ok
15001.636559999999,0.0,,branches:u,branches,728743.0,15.0,nan,,ok
15001.636559999999,0.0,,branch-misses:u,branch-misses,1727778.0,36.0,nan,,ok
15001.636559999999,0.0,,L1-dcache-loads:u,l1-dcache-loads,1986338.0,42.0,nan,,ok
15001.636559999999,0.0,,cache-references:u,cache-references,2986640.0,63.0,nan,,ok
15001.636559999999,0.0,,cache-misses:u,cache-misses,3981825.0,84.0,nan,,ok
15001.636559999999,0.0,,stalled-cycles-frontend:u,stalled-cycles-frontend,1723928.0,36.0,nan,,ok
15012.348168999999,nan,,instructions:u,instructions,0.0,100.0,nan,,ok
15012.348168999999,nan,,cycles:u,cycles,0.0,100.0,nan,,ok
15012.348168999999,nan,,branches:u,branches,0.0,100.0,nan,,ok
15012.348168999999,nan,,branch-misses:u,branch-misses,0.0,100.0,nan,,ok
15012.348168999999,nan,,L1-dcache-loads:u,l1-dcache-loads,0.0,100.0,nan,,ok
15012.348168999999,nan,,cache-references:u,cache-references,0.0,100.0,nan,,ok
15012.348168999999,nan,,cache-misses:u,cache-misses,0.0,100.0,nan,,ok
15012.348168999999,nan,,stalled-cycles-frontend:u,stalled-cycles-frontend,0.0,100.0,nan,,ok
15023.116945,nan,,instructions:u,instructions,0.0,100.0,nan,,ok
15023.116945,nan,,cycles:u,cycles,0.0,100.0,nan,,ok
15023.116945,nan,,branches:u,branches,0.0,100.0,nan,,ok
15023.116945,nan,,branch-misses:u,branch-misses,0.0,100.0,nan,,ok
15023.116945,nan,,L1-dcache-loads:u,l1-dcache-loads,0.0,100.0,nan,,ok
15023.116945,nan,,cache-references:u,cache-references,0.0,100.0,nan,,ok
15023.116945,nan,,cache-misses:u,cache-misses,0.0,100.0,nan,,ok
15023.116945,nan,,stalled-cycles-frontend:u,stalled-cycles-frontend,0.0,100.0,nan,,ok
15033.722747,nan,,instructions:u,instructions,0.0,100.0,nan,,ok
15033.722747,nan,,cycles:u,cycles,0.0,100.0,nan,,ok
15033.722747,nan,,branches:u,branches,0.0,100.0,nan,,ok
15033.722747,nan,,branch-misses:u,branch-misses,0.0,100.0,nan,,ok
15033.722747,nan,,L1-dcache-loads:u,l1-dcache-loads,0.0,100.0,nan,,ok
15033.722747,nan,,cache-references:u,cache-references,0.0,100.0,nan,,ok
15033.722747,nan,,cache-misses:u,cache-misses,0.0,100.0,nan,,ok
15033.722747,nan,,stalled-cycles-frontend:u,stalled-cycles-frontend,0.0,100.0,nan,,ok
15044.377991,nan,,instructions:u,instructions,0.0,100.0,nan,,ok
15044.377991,nan,,cycles:u,cycles,0.0,100.0,nan,,ok
15044.377991,nan,,branches:u,branches,0.0,100.0,nan,,ok
15044.377991,nan,,branch-misses:u,branch-misses,0.0,100.0,nan,,ok
15044.377991,nan,,L1-dcache-loads:u,l1-dcache-loads,0.0,100.0,nan,,ok
15044.377991,nan,,cache-references:u,cache-references,0.0,100.0,nan,,ok
15044.377991,nan,,cache-misses:u,cache-misses,0.0,100.0,nan,,ok
15044.377991,nan,,stalled-cycles-frontend:u,stalled-cycles-frontend,0.0,100.0,nan,,ok
15055.029571000001,0.0,,instructions:u,instructions,1970908.0,47.0,nan,,ok
15055.029571000001,0.0,,cycles:u,cycles,2965771.0,71.0,nan,,ok
15055.029571000001,0.0,,branches:u,branches,3973190.0,95.0,nan,,ok
15055.029571000001,0.0,,branch-misses:u,branch-misses,4164762.0,100.0,nan,,ok
15055.029571000001,0.0,,L1-dcache-loads:u,l1-dcache-loads,3134868.0,75.0,nan,,ok
15055.029571000001,0.0,,cache-references:u,cache-references,2193854.0,52.0,nan,,ok
15055.029571000001,0.0,,cache-misses:u,cache-misses,1198991.0,28.0,nan,,ok
15055.029571000001,0.0,,stalled-cycles-frontend:u,stalled-cycles-frontend,1029894.0,24.0,nan,,ok
15065.766844,nan,,instructions:u,instructions,0.0,100.0,nan,,ok
15065.766844,nan,,cycles:u,cycles,0.0,100.0,nan,,ok
15065.766844,nan,,branches:u,branches,0.0,100.0,nan,,ok
15065.766844,nan,,branch-misses:u,branch-misses,0.0,100.0,nan,,ok
15065.766844,nan,,L1-dcache-loads:u,l1-dcache-loads,0.0,100.0,nan,,ok
15065.766844,nan,,cache-references:u,cache-references,0.0,100.0,nan,,ok
15065.766844,nan,,cache-misses:u,cache-misses,0.0,100.0,nan,,ok
15065.766844,nan,,stalled-cycles-frontend:u,stalled-cycles-frontend,0.0,100.0,nan,,ok
15076.370755999998,nan,,instructions:u,instructions,0.0,100.0,nan,,ok
15076.370755999998,nan,,cycles:u,cycles,0.0,100.0,nan,,ok
15076.370755999998,nan,,branches:u,branches,0.0,100.0,nan,,ok
15076.370755999998,nan,,branch-misses:u,branch-misses,0.0,100.0,nan,,ok
15076.370755999998,nan,,L1-dcache-loads:u,l1-dcache-loads,0.0,100.0,nan,,ok
15076.370755999998,nan,,cache-references:u,cache-references,0.0,100.0,nan,,ok
15076.370755999998,nan,,cache-misses:u,cache-misses,0.0,100.0,nan,,ok
15076.370755999998,nan,,stalled-cycles-frontend:u,stalled-cycles-frontend,0.0,100.0,nan,,ok
15087.011303000001,nan,,instructions:u,instructions,0.0,100.0,nan,,ok
15087.011303000001,nan,,cycles:u,cycles,0.0,100.0,nan,,ok
15087.011303000001,nan,,branches:u,branches,0.0,100.0,nan,,ok
15087.011303000001,nan,,branch-misses:u,branch-misses,0.0,100.0,nan,,ok
15087.011303000001,nan,,L1-dcache-loads:u,l1-dcache-loads,0.0,100.0,nan,,ok
15087.011303000001,nan,,cache-references:u,cache-references,0.0,100.0,nan,,ok
15087.011303000001,nan,,cache-misses:u,cache-misses,0.0,100.0,nan,,ok
15087.011303000001,nan,,stalled-cycles-frontend:u,stalled-cycles-frontend,0.0,100.0,nan,,ok
15097.657858999999,0.0,,instructions:u,instructions,3001367.0,41.0,nan,,ok
15097.657858999999,0.0,,cycles:u,cycles,3031169.0,41.0,nan,,ok
15097.657858999999,0.0,,branches:u,branches,3333838.0,45.0,nan,,ok
15097.657858999999,0.0,,branch-misses:u,branch-misses,4330135.0,59.0,nan,,ok
15097.657858999999,0.0,,L1-dcache-loads:u,l1-dcache-loads,4318065.0,59.0,nan,,ok
15097.657858999999,0.0,,cache-references:u,cache-references,4315200.0,58.0,nan,,ok
15097.657858999999,0.0,,cache-misses:u,cache-misses,4285398.0,58.0,nan,,ok
15097.657858999999,0.0,,stalled-cycles-frontend:u,stalled-cycles-frontend,2001177.0,27.0,nan,,ok
15108.316593,nan,,instructions:u,instructions,0.0,100.0,nan,,ok
15108.316593,nan,,cycles:u,cycles,0.0,100.0,nan,,ok
15108.316593,nan,,branches:u,branches,0.0,100.0,nan,,ok
15108.316593,nan,,branch-misses:u,branch-misses,0.0,100.0,nan,,ok
15108.316593,nan,,L1-dcache-loads:u,l1-dcache-loads,0.0,100.0,nan,,ok
15108.316593,nan,,cache-references:u,cache-references,0.0,100.0,nan,,ok
15108.316593,nan,,cache-misses:u,cache-misses,0.0,100.0,nan,,ok
15108.316593,nan,,stalled-cycles-frontend:u,stalled-cycles-frontend,0.0,100.0,nan,,ok
15119.02002,nan,,instructions:u,instructions,0.0,100.0,nan,,ok
15119.02002,nan,,cycles:u,cycles,0.0,100.0,nan,,ok
15119.02002,nan,,branches:u,branches,0.0,100.0,nan,,ok
15119.02002,nan,,branch-misses:u,branch-misses,0.0,100.0,nan,,ok
15119.02002,nan,,L1-dcache-loads:u,l1-dcache-loads,0.0,100.0,nan,,ok
15119.02002,nan,,cache-references:u,cache-references,0.0,100.0,nan,,ok
15119.02002,nan,,cache-misses:u,cache-misses,0.0,100.0,nan,,ok
15119.02002,nan,,stalled-cycles-frontend:u,stalled-cycles-frontend,0.0,100.0,nan,,ok
15129.647294,nan,,instructions:u,instructions,0.0,100.0,nan,,ok
15129.647294,nan,,cycles:u,cycles,0.0,100.0,nan,,ok
15129.647294,nan,,branches:u,branches,0.0,100.0,nan,,ok
15129.647294,nan,,branch-misses:u,branch-misses,0.0,100.0,nan,,ok
15129.647294,nan,,L1-dcache-loads:u,l1-dcache-loads,0.0,100.0,nan,,ok
15129.647294,nan,,cache-references:u,cache-references,0.0,100.0,nan,,ok
15129.647294,nan,,cache-misses:u,cache-misses,0.0,100.0,nan,,ok
15129.647294,nan,,stalled-cycles-frontend:u,stalled-cycles-frontend,0.0,100.0,nan,,ok
15140.240757000001,nan,,instructions:u,instructions,0.0,100.0,nan,,ok
15140.240757000001,nan,,cycles:u,cycles,0.0,100.0,nan,,ok
15140.240757000001,nan,,branches:u,branches,0.0,100.0,nan,,ok
15140.240757000001,nan,,branch-misses:u,branch-misses,0.0,100.0,nan,,ok
15140.240757000001,nan,,L1-dcache-loads:u,l1-dcache-loads,0.0,100.0,nan,,ok
15140.240757000001,nan,,cache-references:u,cache-references,0.0,100.0,nan,,ok
15140.240757000001,nan,,cache-misses:u,cache-misses,0.0,100.0,nan,,ok
15140.240757000001,nan,,stalled-cycles-frontend:u,stalled-cycles-frontend,0.0,100.0,nan,,ok
15150.843202,nan,,instructions:u,instructions,0.0,100.0,nan,,ok
15150.843202,nan,,cycles:u,cycles,0.0,100.0,nan,,ok
15150.843202,nan,,branches:u,branches,0.0,100.0,nan,,ok
15150.843202,nan,,branch-misses:u,branch-misses,0.0,100.0,nan,,ok
15150.843202,nan,,L1-dcache-loads:u,l1-dcache-loads,0.0,100.0,nan,,ok
15150.843202,nan,,cache-references:u,cache-references,0.0,100.0,nan,,ok
15150.843202,nan,,cache-misses:u,cache-misses,0.0,100.0,nan,,ok
15150.843202,nan,,stalled-cycles-frontend:u,stalled-cycles-frontend,0.0,100.0,nan,,ok
15161.523681,nan,,instructions:u,instructions,0.0,0.0,nan,,ok
15161.523681,nan,,cycles:u,cycles,0.0,0.0,nan,,ok
15161.523681,0.0,,branches:u,branches,417262.0,100.0,nan,,ok
15161.523681,0.0,,branch-misses:u,branch-misses,444569.0,100.0,nan,,ok
15161.523681,0.0,,L1-dcache-loads:u,l1-dcache-loads,470660.0,100.0,nan,,ok
15161.523681,0.0,,cache-references:u,cache-references,494686.0,100.0,nan,,ok
15161.523681,0.0,,cache-misses:u,cache-misses,509612.0,100.0,nan,,ok
15161.523681,nan,,stalled-cycles-frontend:u,stalled-cycles-frontend,0.0,0.0,nan,,ok
15172.316078,0.0,,instructions:u,instructions,357155.0,8.0,nan,,ok
15172.316078,nan,,cycles:u,cycles,0.0,0.0,nan,,ok
15172.316078,0.0,,branches:u,branches,573343.0,14.0,nan,,ok
15172.316078,0.0,,branch-misses:u,branch-misses,1542605.0,39.0,nan,,ok
15172.316078,0.0,,L1-dcache-loads:u,l1-dcache-loads,2515875.0,64.0,nan,,ok
15172.316078,0.0,,cache-references:u,cache-references,3500227.0,90.0,nan,,ok
15172.316078,0.0,,cache-misses:u,cache-misses,3842456.0,100.0,nan,,ok
15172.316078,0.0,,stalled-cycles-frontend:u,stalled-cycles-frontend,357155.0,9.0,nan,,ok
15183.07237,nan,,instructions:u,instructions,0.0,100.0,nan,,ok
15183.07237,nan,,cycles:u,cycles,0.0,100.0,nan,,ok
15183.07237,nan,,branches:u,branches,0.0,100.0,nan,,ok
15183.07237,nan,,branch-misses:u,branch-misses,0.0,100.0,nan,,ok
15183.07237,nan,,L1-dcache-loads:u,l1-dcache-loads,0.0,100.0,nan,,ok
15183.07237,nan,,cache-references:u,cache-references,0.0,100.0,nan,,ok
15183.07237,nan,,cache-misses:u,cache-misses,0.0,100.0,nan,,ok
15183.07237,nan,,stalled-cycles-frontend:u,stalled-cycles-frontend,0.0,100.0,nan,,ok
15193.727138,nan,,instructions:u,instructions,0.0,100.0,nan,,ok
15193.727138,nan,,cycles:u,cycles,0.0,100.0,nan,,ok
15193.727138,nan,,branches:u,branches,0.0,100.0,nan,,ok
15193.727138,nan,,branch-misses:u,branch-misses,0.0,100.0,nan,,ok
15193.727138,nan,,L1-dcache-loads:u,l1-dcache-loads,0.0,100.0,nan,,ok
15193.727138,nan,,cache-references:u,cache-references,0.0,100.0,nan,,ok
15193.727138,nan,,cache-misses:u,cache-misses,0.0,100.0,nan,,ok
15193.727138,nan,,stalled-cycles-frontend:u,stalled-cycles-frontend,0.0,100.0,nan,,ok
15204.449715,nan,,instructions:u,instructions,0.0,100.0,nan,,ok
15204.449715,nan,,cycles:u,cycles,0.0,100.0,nan,,ok
15204.449715,nan,,branches:u,branches,0.0,100.0,nan,,ok
15204.449715,nan,,branch-misses:u,branch-misses,0.0,100.0,nan,,ok
15204.449715,nan,,L1-dcache-loads:u,l1-dcache-loads,0.0,100.0,nan,,ok
15204.449715,nan,,cache-references:u,cache-references,0.0,100.0,nan,,ok
15204.449715,nan,,cache-misses:u,cache-misses,0.0,100.0,nan,,ok
15204.449715,nan,,stalled-cycles-frontend:u,stalled-cycles-frontend,0.0,100.0,nan,,ok
15215.046208,nan,,instructions:u,instructions,0.0,100.0,nan,,ok
15215.046208,nan,,cycles:u,cycles,0.0,100.0,nan,,ok
15215.046208,nan,,branches:u,branches,0.0,100.0,nan,,ok
15215.046208,nan,,branch-misses:u,branch-misses,0.0,100.0,nan,,ok
15215.046208,nan,,L1-dcache-loads:u,l1-dcache-loads,0.0,100.0,nan,,ok
15215.046208,nan,,cache-references:u,cache-references,0.0,100.0,nan,,ok
15215.046208,nan,,cache-misses:u,cache-misses,0.0,100.0,nan,,ok
15215.046208,nan,,stalled-cycles-frontend:u,stalled-cycles-frontend,0.0,100.0,nan,,ok
15225.769288,0.0,,instructions:u,instructions,602487.0,100.0,nan,,ok
15225.769288,nan,,cycles:u,cycles,0.0,0.0,nan,,ok
15225.769288,nan,,branches:u,branches,0.0,0.0,nan,,ok
15225.769288,nan,,branch-misses:u,branch-misses,0.0,0.0,nan,,ok
15225.769288,nan,,L1-dcache-loads:u,l1-dcache-loads,0.0,0.0,nan,,ok
15225.769288,nan,,cache-references:u,cache-references,0.0,0.0,nan,,ok
15225.769288,0.0,,cache-misses:u,cache-misses,683135.0,100.0,nan,,ok
15225.769288,0.0,,stalled-cycles-frontend:u,stalled-cycles-frontend,717197.0,100.0,nan,,ok
15236.514907,0.0,,instructions:u,instructions,2364088.0,58.0,nan,,ok
15236.514907,0.0,,cycles:u,cycles,3025590.0,75.0,nan,,ok
15236.514907,0.0,,branches:u,branches,3653447.0,91.0,nan,,ok
15236.514907,0.0,,branch-misses:u,branch-misses,3653447.0,91.0,nan,,ok
15236.514907,0.0,,L1-dcache-loads:u,l1-dcache-loads,2648604.0,66.0,nan,,ok
15236.514907,0.0,,cache-references:u,cache-references,1652131.0,41.0,nan,,ok
15236.514907,0.0,,cache-misses:u,cache-misses,909981.0,23.0,nan,,ok
15236.514907,0.0,,stalled-cycles-frontend:u,stalled-cycles-frontend,1252905.0,32.0,nan,,ok
15247.253820999998,nan,,instructions:u,instructions,0.0,100.0,nan,,ok
15247.253820999998,nan,,cycles:u,cycles,0.0,100.0,nan,,ok
15247.253820999998,nan,,branches:u,branches,0.0,100.0,nan,,ok
15247.253820999998,nan,,branch-misses:u,branch-misses,0.0,100.0,nan,,ok
15247.253820999998,nan,,L1-dcache-loads:u,l1-dcache-loads,0.0,100.0,nan,,ok
15247.253820999998,nan,,cache-references:u,cache-references,0.0,100.0,nan,,ok
15247.253820999998,nan,,cache-misses:u,cache-misses,0.0,100.0,nan,,ok
15247.253820999998,nan,,stalled-cycles-frontend:u,stalled-cycles-frontend,0.0,100.0,nan,,ok
15257.967118,nan,,instructions:u,instructions,0.0,100.0,nan,,ok
15257.967118,nan,,cycles:u,cycles,0.0,100.0,nan,,ok
15257.967118,nan,,branches:u,branches,0.0,100.0,nan,,ok
15257.967118,nan,,branch-misses:u,branch-misses,0.0,100.0,nan,,ok
15257.967118,nan,,L1-dcache-loads:u,l1-dcache-loads,0.0,100.0,nan,,ok
15257.967118,nan,,cache-references:u,cache-references,0.0,100.0,nan,,ok
15257.967118,nan,,cache-misses:u,cache-misses,0.0,100.0,nan,,ok
15257.967118,nan,,stalled-cycles-frontend:u,stalled-cycles-frontend,0.0,100.0,nan,,ok
15268.587168,nan,,instructions:u,instructions,0.0,100.0,nan,,ok
15268.587168,nan,,cycles:u,cycles,0.0,100.0,nan,,ok
15268.587168,nan,,branches:u,branches,0.0,100.0,nan,,ok
15268.587168,nan,,branch-misses:u,branch-misses,0.0,100.0,nan,,ok
15268.587168,nan,,L1-dcache-loads:u,l1-dcache-loads,0.0,100.0,nan,,ok
15268.587168,nan,,cache-references:u,cache-references,0.0,100.0,nan,,ok
15268.587168,nan,,cache-misses:u,cache-misses,0.0,100.0,nan,,ok
15268.587168,nan,,stalled-cycles-frontend:u,stalled-cycles-frontend,0.0,100.0,nan,,ok
15279.158208,nan,,instructions:u,instructions,0.0,100.0,nan,,ok
15279.158208,nan,,cycles:u,cycles,0.0,100.0,nan,,ok
15279.158208,nan,,branches:u,branches,0.0,100.0,nan,,ok
15279.158208,nan,,branch-misses:u,branch-misses,0.0,100.0,nan,,ok
15279.158208,nan,,L1-dcache-loads:u,l1-dcache-loads,0.0,100.0,nan,,ok
15279.158208,nan,,cache-references:u,cache-references,0.0,100.0,nan,,ok
15279.158208,nan,,cache-misses:u,cache-misses,0.0,100.0,nan,,ok
15279.158208,nan,,stalled-cycles-frontend:u,stalled-cycles-frontend,0.0,100.0,nan,,ok
15289.811097,0.0,,instructions:u,instructions,1459178.0,26.0,nan,,ok
15289.811097,0.0,,cycles:u,cycles,453697.0,8.0,nan,,ok
15289.811097,0.0,,branches:u,branches,1441959.0,26.0,nan,,ok
15289.811097,0.0,,branch-misses:u,branch-misses,2439047.0,44.0,nan,,ok
15289.811097,0.0,,L1-dcache-loads:u,l1-dcache-loads,2985008.0,54.0,nan,,ok
15289.811097,0.0,,cache-references:u,cache-references,3980700.0,73.0,nan,,ok
15289.811097,0.0,,cache-misses:u,cache-misses,4986181.0,91.0,nan,,ok
15289.811097,0.0,,stalled-cycles-frontend:u,stalled-cycles-frontend,1459178.0,26.0,nan,,ok
15300.525219000001,nan,,instructions:u,instructions,0.0,100.0,nan,,ok
15300.525219000001,nan,,cycles:u,cycles,0.0,100.0,nan,,ok
15300.525219000001,nan,,branches:u,branches,0.0,100.0,nan,,ok
15300.525219000001,nan,,branch-misses:u,branch-misses,0.0,100.0,nan,,ok
15300.525219000001,nan,,L1-dcache-loads:u,l1-dcache-loads,0.0,100.0,nan,,ok
15300.525219000001,nan,,cache-references:u,cache-references,0.0,100.0,nan,,ok
15300.525219000001,nan,,cache-misses:u,cache-misses,0.0,100.0,nan,,ok
15300.525219000001,nan,,stalled-cycles-frontend:u,stalled-cycles-frontend,0.0,100.0,nan,,ok
15311.205941,nan,,instructions:u,instructions,0.0,100.0,nan,,ok
15311.205941,nan,,cycles:u,cycles,0.0,100.0,nan,,ok
15311.205941,nan,,branches:u,branches,0.0,100.0,nan,,ok
15311.205941,nan,,branch-misses:u,branch-misses,0.0,100.0,nan,,ok
15311.205941,nan,,L1-dcache-loads:u,l1-dcache-loads,0.0,100.0,nan,,ok
15311.205941,nan,,cache-references:u,cache-references,0.0,100.0,nan,,ok
15311.205941,nan,,cache-misses:u,cache-misses,0.0,100.0,nan,,ok
15311.205941,nan,,stalled-cycles-frontend:u,stalled-cycles-frontend,0.0,100.0,nan,,ok
15321.874952,nan,,instructions:u,instructions,0.0,100.0,nan,,ok
15321.874952,nan,,cycles:u,cycles,0.0,100.0,nan,,ok
15321.874952,nan,,branches:u,branches,0.0,100.0,nan,,ok
15321.874952,nan,,branch-misses:u,branch-misses,0.0,100.0,nan,,ok
15321.874952,nan,,L1-dcache-loads:u,l1-dcache-loads,0.0,100.0,nan,,ok
15321.874952,nan,,cache-references:u,cache-references,0.0,100.0,nan,,ok
15321.874952,nan,,cache-misses:u,cache-misses,0.0,100.0,nan,,ok
15321.874952,nan,,stalled-cycles-frontend:u,stalled-cycles-frontend,0.0,100.0,nan,,ok
15332.5888,nan,,instructions:u,instructions,0.0,100.0,nan,,ok
15332.5888,nan,,cycles:u,cycles,0.0,100.0,nan,,ok
15332.5888,nan,,branches:u,branches,0.0,100.0,nan,,ok
15332.5888,nan,,branch-misses:u,branch-misses,0.0,100.0,nan,,ok
15332.5888,nan,,L1-dcache-loads:u,l1-dcache-loads,0.0,100.0,nan,,ok
15332.5888,nan,,cache-references:u,cache-references,0.0,100.0,nan,,ok
15332.5888,nan,,cache-misses:u,cache-misses,0.0,100.0,nan,,ok
15332.5888,nan,,stalled-cycles-frontend:u,stalled-cycles-frontend,0.0,100.0,nan,,ok
15343.223942,0.0,,instructions:u,instructions,1991678.0,39.0,nan,,ok
15343.223942,0.0,,cycles:u,cycles,2982715.0,58.0,nan,,ok
15343.223942,0.0,,branches:u,branches,3987360.0,78.0,nan,,ok
15343.223942,0.0,,branch-misses:u,branch-misses,5011452.0,99.0,nan,,ok
15343.223942,0.0,,L1-dcache-loads:u,l1-dcache-loads,4070315.0,80.0,nan,,ok
15343.223942,0.0,,cache-references:u,cache-references,3066959.0,60.0,nan,,ok
15343.223942,0.0,,cache-misses:u,cache-misses,2075922.0,41.0,nan,,ok
15343.223942,0.0,,stalled-cycles-frontend:u,stalled-cycles-frontend,988322.0,19.0,nan,,ok
15353.93364,nan,,instructions:u,instructions,0.0,100.0,nan,,ok
15353.93364,nan,,cycles:u,cycles,0.0,100.0,nan,,ok
15353.93364,nan,,branches:u,branches,0.0,100.0,nan,,ok
15353.93364,nan,,branch-misses:u,branch-misses,0.0,100.0,nan,,ok
15353.93364,nan,,L1-dcache-loads:u,l1-dcache-loads,0.0,100.0,nan,,ok
15353.93364,nan,,cache-references:u,cache-references,0.0,100.0,nan,,ok
15353.93364,nan,,cache-misses:u,cache-misses,0.0,100.0,nan,,ok
15353.93364,nan,,stalled-cycles-frontend:u,stalled-cycles-frontend,0.0,100.0,nan,,ok
15364.555006,nan,,instructions:u,instructions,0.0,100.0,nan,,ok
15364.555006,nan,,cycles:u,cycles,0.0,100.0,nan,,ok
15364.555006,nan,,branches:u,branches,0.0,100.0,nan,,ok
15364.555006,nan,,branch-misses:u,branch-misses,0.0,100.0,nan,,ok
15364.555006,nan,,L1-dcache-loads:u,l1-dcache-loads,0.0,100.0,nan,,ok
15364.555006,nan,,cache-references:u,cache-references,0.0,100.0,nan,,ok
15364.555006,nan,,cache-misses:u,cache-misses,0.0,100.0,nan,,ok
15364.555006,nan,,stalled-cycles-frontend:u,stalled-cycles-frontend,0.0,100.0,nan,,ok
15375.202915,nan,,instructions:u,instructions,0.0,100.0,nan,,ok
15375.202915,nan,,cycles:u,cycles,0.0,100.0,nan,,ok
15375.202915,nan,,branches:u,branches,0.0,100.0,nan,,ok
15375.202915,nan,,branch-misses:u,branch-misses,0.0,100.0,nan,,ok
15375.202915,nan,,L1-dcache-loads:u,l1-dcache-loads,0.0,100.0,nan,,ok
15375.202915,nan,,cache-references:u,cache-references,0.0,100.0,nan,,ok
15375.202915,nan,,cache-misses:u,cache-misses,0.0,100.0,nan,,ok
15375.202915,nan,,stalled-cycles-frontend:u,stalled-cycles-frontend,0.0,100.0,nan,,ok
15385.880098,0.0,,instructions:u,instructions,2335547.0,54.0,nan,,ok
15385.880098,0.0,,cycles:u,cycles,1339499.0,31.0,nan,,ok
15385.880098,0.0,,branches:u,branches,1339499.0,31.0,nan,,ok
15385.880098,0.0,,branch-misses:u,branch-misses,1339499.0,31.0,nan,,ok
15385.880098,0.0,,L1-dcache-loads:u,l1-dcache-loads,1324582.0,30.0,nan,,ok
15385.880098,0.0,,cache-references:u,cache-references,1971604.0,45.0,nan,,ok
15385.880098,0.0,,cache-misses:u,cache-misses,2967652.0,68.0,nan,,ok
15385.880098,0.0,,stalled-cycles-frontend:u,stalled-cycles-frontend,2007763.0,46.0,nan,,ok
15396.647072,nan,,instructions:u,instructions,0.0,100.0,nan,,ok
15396.647072,nan,,cycles:u,cycles,0.0,100.0,nan,,ok
15396.647072,nan,,branches:u,branches,0.0,100.0,nan,,ok
15396.647072,nan,,branch-misses:u,branch-misses,0.0,100.0,nan,,ok
15396.647072,nan,,L1-dcache-loads:u,l1-dcache-loads,0.0,100.0,nan,,ok
15396.647072,nan,,cache-references:u,cache-references,0.0,100.0,nan,,ok
15396.647072,nan,,cache-misses:u,cache-misses,0.0,100.0,nan,,ok
15396.647072,nan,,stalled-cycles-frontend:u,stalled-cycles-frontend,0.0,100.0,nan,,ok
15407.259608,nan,,instructions:u,instructions,0.0,100.0,nan,,ok
15407.259608,nan,,cycles:u,cycles,0.0,100.0,nan,,ok
15407.259608,nan,,branches:u,branches,0.0,100.0,nan,,ok
15407.259608,nan,,branch-misses:u,branch-misses,0.0,100.0,nan,,ok
15407.259608,nan,,L1-dcache-loads:u,l1-dcache-loads,0.0,100.0,nan,,ok
15407.259608,nan,,cache-references:u,cache-references,0.0,100.0,nan,,ok
15407.259608,nan,,cache-misses:u,cache-misses,0.0,100.0,nan,,ok
15407.259608,nan,,stalled-cycles-frontend:u,stalled-cycles-frontend,0.0,100.0,nan,,ok
15417.929802999999,nan,,instructions:u,instructions,0.0,100.0,nan,,ok
15417.929802999999,nan,,cycles:u,cycles,0.0,100.0,nan,,ok
15417.929802999999,nan,,branches:u,branches,0.0,100.0,nan,,ok
15417.929802999999,nan,,branch-misses:u,branch-misses,0.0,100.0,nan,,ok
15417.929802999999,nan,,L1-dcache-loads:u,l1-dcache-loads,0.0,100.0,nan,,ok
15417.929802999999,nan,,cache-references:u,cache-references,0.0,100.0,nan,,ok
15417.929802999999,nan,,cache-misses:u,cache-misses,0.0,100.0,nan,,ok
15417.929802999999,nan,,stalled-cycles-frontend:u,stalled-cycles-frontend,0.0,100.0,nan,,ok
15428.537056,0.0,,instructions:u,instructions,987938.0,20.0,nan,,ok
15428.537056,0.0,,cycles:u,cycles,1982383.0,41.0,nan,,ok
15428.537056,0.0,,branches:u,branches,2983923.0,61.0,nan,,ok
15428.537056,0.0,,branch-misses:u,branch-misses,3987285.0,82.0,nan,,ok
15428.537056,0.0,,L1-dcache-loads:u,l1-dcache-loads,4818832.0,100.0,nan,,ok
15428.537056,0.0,,cache-references:u,cache-references,3830894.0,79.0,nan,,ok
15428.537056,0.0,,cache-misses:u,cache-misses,2836449.0,58.0,nan,,ok
15428.537056,nan,,stalled-cycles-frontend:u,stalled-cycles-frontend,0.0,0.0,nan,,ok
15439.164795,nan,,instructions:u,instructions,0.0,100.0,nan,,ok
15439.164795,nan,,cycles:u,cycles,0.0,100.0,nan,,ok
15439.164795,nan,,branches:u,branches,0.0,100.0,nan,,ok
15439.164795,nan,,branch-misses:u,branch-misses,0.0,100.0,nan,,ok
15439.164795,nan,,L1-dcache-loads:u,l1-dcache-loads,0.0,100.0,nan,,ok
15439.164795,nan,,cache-references:u,cache-references,0.0,100.0,nan,,ok
15439.164795,nan,,cache-misses:u,cache-misses,0.0,100.0,nan,,ok
15439.164795,nan,,stalled-cycles-frontend:u,stalled-cycles-frontend,0.0,100.0,nan,,ok
15449.840599,nan,,instructions:u,instructions,0.0,100.0,nan,,ok
15449.840599,nan,,cycles:u,cycles,0.0,100.0,nan,,ok
15449.840599,nan,,branches:u,branches,0.0,100.0,nan,,ok
15449.840599,nan,,branch-misses:u,branch-misses,0.0,100.0,nan,,ok
15449.840599,nan,,L1-dcache-loads:u,l1-dcache-loads,0.0,100.0,nan,,ok
15449.840599,nan,,cache-references:u,cache-references,0.0,100.0,nan,,ok
15449.840599,nan,,cache-misses:u,cache-misses,0.0,100.0,nan,,ok
15449.840599,nan,,stalled-cycles-frontend:u,stalled-cycles-frontend,0.0,100.0,nan,,ok
15460.546555,nan,,instructions:u,instructions,0.0,100.0,nan,,ok
15460.546555,nan,,cycles:u,cycles,0.0,100.0,nan,,ok
15460.546555,nan,,branches:u,branches,0.0,100.0,nan,,ok
15460.546555,nan,,branch-misses:u,branch-misses,0.0,100.0,nan,,ok
15460.546555,nan,,L1-dcache-loads:u,l1-dcache-loads,0.0,100.0,nan,,ok
15460.546555,nan,,cache-references:u,cache-references,0.0,100.0,nan,,ok
15460.546555,nan,,cache-misses:u,cache-misses,0.0,100.0,nan,,ok
15460.546555,nan,,stalled-cycles-frontend:u,stalled-cycles-frontend,0.0,100.0,nan,,ok
15471.215999,nan,,instructions:u,instructions,0.0,100.0,nan,,ok
15471.215999,nan,,cycles:u,cycles,0.0,100.0,nan,,ok
15471.215999,nan,,branches:u,branches,0.0,100.0,nan,,ok
15471.215999,nan,,branch-misses:u,branch-misses,0.0,100.0,nan,,ok
15471.215999,nan,,L1-dcache-loads:u,l1-dcache-loads,0.0,100.0,nan,,ok
15471.215999,nan,,cache-references:u,cache-references,0.0,100.0,nan,,ok
15471.215999,nan,,cache-misses:u,cache-misses,0.0,100.0,nan,,ok
15471.215999,nan,,stalled-cycles-frontend:u,stalled-cycles-frontend,0.0,100.0,nan,,ok
15481.873966000001,0.0,,instructions:u,instructions,1739812.0,47.0,nan,,ok
15481.873966000001,0.0,,cycles:u,cycles,764417.0,20.0,nan,,ok
15481.873966000001,0.0,,branches:u,branches,784898.0,20.0,nan,,ok
15481.873966000001,0.0,,branch-misses:u,branch-misses,805436.0,21.0,nan,,ok
15481.873966000001,0.0,,L1-dcache-loads:u,l1-dcache-loads,964838.0,25.0,nan,,ok
15481.873966000001,0.0,,cache-references:u,cache-references,1954984.0,51.0,nan,,ok
15481.873966000001,0.0,,cache-misses:u,cache-misses,2956596.0,77.0,nan,,ok
15481.873966000001,0.0,,stalled-cycles-frontend:u,stalled-cycles-frontend,1864229.0,48.0,nan,,ok
15492.579496999999,0.0,,instructions:u,instructions,1263323.0,45.0,nan,,ok
15492.579496999999,0.0,,cycles:u,cycles,2244958.0,82.0,nan,,ok
15492.579496999999,0.0,,branches:u,branches,2711201.0,100.0,nan,,ok
15492.579496999999,0.0,,branch-misses:u,branch-misses,2690663.0,100.0,nan,,ok
15492.579496999999,0.0,,L1-dcache-loads:u,l1-dcache-loads,2489688.0,93.0,nan,,ok
15492.579496999999,0.0,,cache-references:u,cache-references,1494576.0,56.0,nan,,ok
15492.579496999999,0.0,,cache-misses:u,cache-misses,486724.0,18.0,nan,,ok
15492.579496999999,0.0,,stalled-cycles-frontend:u,stalled-cycles-frontend,143794.0,5.0,nan,,ok
15503.237009999999,nan,,instructions:u,instructions,0.0,100.0,nan,,ok
15503.237009999999,nan,,cycles:u,cycles,0.0,100.0,nan,,ok
15503.237009999999,nan,,branches:u,branches,0.0,100.0,nan,,ok
15503.237009999999,nan,,branch-misses:u,branch-misses,0.0,100.0,nan,,ok
15503.237009999999,nan,,L1-dcache-loads:u,l1-dcache-loads,0.0,100.0,nan,,ok
15503.237009999999,nan,,cache-references:u,cache-references,0.0,100.0,nan,,ok
15503.237009999999,nan,,cache-misses:u,cache-misses,0.0,100.0,nan,,ok
15503.237009999999,nan,,stalled-cycles-frontend:u,stalled-cycles-frontend,0.0,100.0,nan,,ok
15513.856090000001,nan,,instructions:u,instructions,0.0,100.0,nan,,ok
15513.856090000001,nan,,cycles:u,cycles,0.0,100.0,nan,,ok
15513.856090000001,nan,,branches:u,branches,0.0,100.0,nan,,ok
15513.856090000001,nan,,branch-misses:u,branch-misses,0.0,100.0,nan,,ok
15513.856090000001,nan,,L1-dcache-loads:u,l1-dcache-loads,0.0,100.0,nan,,ok
15513.856090000001,nan,,cache-references:u,cache-references,0.0,100.0,nan,,ok
15513.856090000001,nan,,cache-misses:u,cache-misses,0.0,100.0,nan,,ok
15513.856090000001,nan,,stalled-cycles-frontend:u,stalled-cycles-frontend,0.0,100.0,nan,,ok
15524.535559,nan,,instructions:u,instructions,0.0,100.0,nan,,ok
15524.535559,nan,,cycles:u,cycles,0.0,100.0,nan,,ok
15524.535559,nan,,branches:u,branches,0.0,100.0,nan,,ok
15524.535559,nan,,branch-misses:u,branch-misses,0.0,100.0,nan,,ok
15524.535559,nan,,L1-dcache-loads:u,l1-dcache-loads,0.0,100.0,nan,,ok
15524.535559,nan,,cache-references:u,cache-references,0.0,100.0,nan,,ok
15524.535559,nan,,cache-misses:u,cache-misses,0.0,100.0,nan,,ok
15524.535559,nan,,stalled-cycles-frontend:u,stalled-cycles-frontend,0.0,100.0,nan,,ok
15535.238769,nan,,instructions:u,instructions,0.0,100.0,nan,,ok
15535.238769,nan,,cycles:u,cycles,0.0,100.0,nan,,ok
15535.238769,nan,,branches:u,branches,0.0,100.0,nan,,ok
15535.238769,nan,,branch-misses:u,branch-misses,0.0,100.0,nan,,ok
15535.238769,nan,,L1-dcache-loads:u,l1-dcache-loads,0.0,100.0,nan,,ok
15535.238769,nan,,cache-references:u,cache-references,0.0,100.0,nan,,ok
15535.238769,nan,,cache-misses:u,cache-misses,0.0,100.0,nan,,ok
15535.238769,nan,,stalled-cycles-frontend:u,stalled-cycles-frontend,0.0,100.0,nan,,ok
15545.895099000001,nan,,instructions:u,instructions,0.0,100.0,nan,,ok
15545.895099000001,nan,,cycles:u,cycles,0.0,100.0,nan,,ok
15545.895099000001,nan,,branches:u,branches,0.0,100.0,nan,,ok
15545.895099000001,nan,,branch-misses:u,branch-misses,0.0,100.0,nan,,ok
15545.895099000001,nan,,L1-dcache-loads:u,l1-dcache-loads,0.0,100.0,nan,,ok
15545.895099000001,nan,,cache-references:u,cache-references,0.0,100.0,nan,,ok
15545.895099000001,nan,,cache-misses:u,cache-misses,0.0,100.0,nan,,ok
15545.895099000001,nan,,stalled-cycles-frontend:u,stalled-cycles-frontend,0.0,100.0,nan,,ok
15556.55672,0.0,,instructions:u,instructions,419027.0,9.0,nan,,ok
15556.55672,nan,,cycles:u,cycles,0.0,0.0,nan,,ok
15556.55672,0.0,,branches:u,branches,981337.0,22.0,nan,,ok
15556.55672,0.0,,branch-misses:u,branch-misses,1976136.0,44.0,nan,,ok
15556.55672,0.0,,L1-dcache-loads:u,l1-dcache-loads,2971230.0,66.0,nan,,ok
15556.55672,0.0,,cache-references:u,cache-references,3975951.0,89.0,nan,,ok
15556.55672,0.0,,cache-misses:u,cache-misses,4500465.0,100.0,nan,,ok
15556.55672,0.0,,stalled-cycles-frontend:u,stalled-cycles-frontend,605069.0,13.0,nan,,ok
15567.355231000001,0.0,,instructions:u,instructions,480420.0,100.0,nan,,ok
15567.355231000001,nan,,cycles:u,cycles,0.0,0.0,nan,,ok
15567.355231000001,nan,,branches:u,branches,0.0,0.0,nan,,ok
15567.355231000001,nan,,branch-misses:u,branch-misses,0.0,0.0,nan,,ok
15567.355231000001,nan,,L1-dcache-loads:u,l1-dcache-loads,0.0,0.0,nan,,ok
15567.355231000001,nan,,cache-references:u,cache-references,0.0,0.0,nan,,ok
15567.355231000001,0.0,,cache-misses:u,cache-misses,374933.0,100.0,nan,,ok
15567.355231000001,0.0,,stalled-cycles-frontend:u,stalled-cycles-frontend,294378.0,100.0,nan,,ok
15578.010043,nan,,instructions:u,instructions,0.0,100.0,nan,,ok
15578.010043,nan,,cycles:u,cycles,0.0,100.0,nan,,ok
15578.010043,nan,,branches:u,branches,0.0,100.0,nan,,ok
15578.010043,nan,,branch-misses:u,branch-misses,0.0,100.0,nan,,ok
15578.010043,nan,,L1-dcache-loads:u,l1-dcache-loads,0.0,100.0,nan,,ok
15578.010043,nan,,cache-references:u,cache-references,0.0,100.0,nan,,ok
15578.010043,nan,,cache-misses:u,cache-misses,0.0,100.0,nan,,ok
15578.010043,nan,,stalled-cycles-frontend:u,stalled-cycles-frontend,0.0,100.0,nan,,ok
15588.729672,nan,,instructions:u,instructions,0.0,100.0,nan,,ok
15588.729672,nan,,cycles:u,cycles,0.0,100.0,nan,,ok
15588.729672,nan,,branches:u,branches,0.0,100.0,nan,,ok
15588.729672,nan,,branch-misses:u,branch-misses,0.0,100.0,nan,,ok
15588.729672,nan,,L1-dcache-loads:u,l1-dcache-loads,0.0,100.0,nan,,ok
15588.729672,nan,,cache-references:u,cache-references,0.0,100.0,nan,,ok
15588.729672,nan,,cache-misses:u,cache-misses,0.0,100.0,nan,,ok
15588.729672,nan,,stalled-cycles-frontend:u,stalled-cycles-frontend,0.0,100.0,nan,,ok
15599.456294,nan,,instructions:u,instructions,0.0,100.0,nan,,ok
15599.456294,nan,,cycles:u,cycles,0.0,100.0,nan,,ok
15599.456294,nan,,branches:u,branches,0.0,100.0,nan,,ok
15599.456294,nan,,branch-misses:u,branch-misses,0.0,100.0,nan,,ok
15599.456294,nan,,L1-dcache-loads:u,l1-dcache-loads,0.0,100.0,nan,,ok
15599.456294,nan,,cache-references:u,cache-references,0.0,100.0,nan,,ok
15599.456294,nan,,cache-misses:u,cache-misses,0.0,100.0,nan,,ok
15599.456294,nan,,stalled-cycles-frontend:u,stalled-cycles-frontend,0.0,100.0,nan,,ok
15610.096085000001,0.0,,instructions:u,instructions,2985579.0,66.0,nan,,ok
15610.096085000001,0.0,,cycles:u,cycles,3002024.0,66.0,nan,,ok
15610.096085000001,0.0,,branches:u,branches,3498444.0,78.0,nan,,ok
15610.096085000001,0.0,,branch-misses:u,branch-misses,3498444.0,78.0,nan,,ok
15610.096085000001,0.0,,L1-dcache-loads:u,l1-dcache-loads,2500528.0,55.0,nan,,ok
15610.096085000001,0.0,,cache-references:u,cache-references,1497921.0,33.0,nan,,ok
15610.096085000001,0.0,,cache-misses:u,cache-misses,1481476.0,33.0,nan,,ok
15610.096085000001,0.0,,stalled-cycles-frontend:u,stalled-cycles-frontend,1982972.0,44.0,nan,,ok
15620.724580999999,nan,,instructions:u,instructions,0.0,100.0,nan,,ok
15620.724580999999,nan,,cycles:u,cycles,0.0,100.0,nan,,ok
15620.724580999999,nan,,branches:u,branches,0.0,100.0,nan,,ok
15620.724580999999,nan,,branch-misses:u,branch-misses,0.0,100.0,nan,,ok
15620.724580999999,nan,,L1-dcache-loads:u,l1-dcache-loads,0.0,100.0,nan,,ok
15620.724580999999,nan,,cache-references:u,cache-references,0.0,100.0,nan,,ok
15620.724580999999,nan,,cache-misses:u,cache-misses,0.0,100.0,nan,,ok
15620.724580999999,nan,,stalled-cycles-frontend:u,stalled-cycles-frontend,0.0,100.0,nan,,ok
15631.370657,nan,,instructions:u,instructions,0.0,100.0,nan,,ok
15631.370657,nan,,cycles:u,cycles,0.0,100.0,nan,,ok
15631.370657,nan,,branches:u,branches,0.0,100.0,nan,,ok
15631.370657,nan,,branch-misses:u,branch-misses,0.0,100.0,nan,,ok
15631.370657,nan,,L1-dcache-loads:u,l1-dcache-loads,0.0,100.0,nan,,ok
15631.370657,nan,,cache-references:u,cache-references,0.0,100.0,nan,,ok
15631.370657,nan,,cache-misses:u,cache-misses,0.0,100.0,nan,,ok
15631.370657,nan,,stalled-cycles-frontend:u,stalled-cycles-frontend,0.0,100.0,nan,,ok
15642.071060999999,nan,,instructions:u,instructions,0.0,100.0,nan,,ok
15642.071060999999,nan,,cycles:u,cycles,0.0,100.0,nan,,ok
15642.071060999999,nan,,branches:u,branches,0.0,100.0,nan,,ok
15642.071060999999,nan,,branch-misses:u,branch-misses,0.0,100.0,nan,,ok
15642.071060999999,nan,,L1-dcache-loads:u,l1-dcache-loads,0.0,100.0,nan,,ok
15642.071060999999,nan,,cache-references:u,cache-references,0.0,100.0,nan,,ok
15642.071060999999,nan,,cache-misses:u,cache-misses,0.0,100.0,nan,,ok
15642.071060999999,nan,,stalled-cycles-frontend:u,stalled-cycles-frontend,0.0,100.0,nan,,ok
15652.719729999999,0.0,,instructions:u,instructions,28221.0,0.0,nan,,ok
15652.719729999999,nan,,cycles:u,cycles,0.0,0.0,nan,,ok
15652.719729999999,0.0,,branches:u,branches,989837.0,24.0,nan,,ok
15652.719729999999,0.0,,branch-misses:u,branch-misses,1980972.0,49.0,nan,,ok
15652.719729999999,0.0,,L1-dcache-loads:u,l1-dcache-loads,2986490.0,74.0,nan,,ok
15652.719729999999,0.0,,cache-references:u,cache-references,3994638.0,99.0,nan,,ok
15652.719729999999,0.0,,cache-misses:u,cache-misses,4022859.0,100.0,nan,,ok
15652.719729999999,0.0,,stalled-cycles-frontend:u,stalled-cycles-frontend,28221.0,0.0,nan,,ok
15663.358506999999,nan,,instructions:u,instructions,0.0,100.0,nan,,ok
15663.358506999999,nan,,cycles:u,cycles,0.0,100.0,nan,,ok
15663.358506999999,nan,,branches:u,branches,0.0,100.0,nan,,ok
15663.358506999999,nan,,branch-misses:u,branch-misses,0.0,100.0,nan,,ok
15663.358506999999,nan,,L1-dcache-loads:u,l1-dcache-loads,0.0,100.0,nan,,ok
15663.358506999999,nan,,cache-references:u,cache-references,0.0,100.0,nan,,ok
15663.358506999999,nan,,cache-misses:u,cache-misses,0.0,100.0,nan,,ok
15663.358506999999,nan,,stalled-cycles-frontend:u,stalled-cycles-frontend,0.0,100.0,nan,,ok
15673.983028,nan,,instructions:u,instructions,0.0,100.0,nan,,ok
15673.983028,nan,,cycles:u,cycles,0.0,100.0,nan,,ok
15673.983028,nan,,branches:u,branches,0.0,100.0,nan,,ok
15673.983028,nan,,branch-misses:u,branch-misses,0.0,100.0,nan,,ok
15673.983028,nan,,L1-dcache-loads:u,l1-dcache-loads,0.0,100.0,nan,,ok
15673.983028,nan,,cache-references:u,cache-references,0.0,100.0,nan,,ok
15673.983028,nan,,cache-misses:u,cache-misses,0.0,100.0,nan,,ok
15673.983028,nan,,stalled-cycles-frontend:u,stalled-cycles-frontend,0.0,100.0,nan,,ok
15684.593593000001,nan,,instructions:u,instructions,0.0,100.0,nan,,ok
15684.593593000001,nan,,cycles:u,cycles,0.0,100.0,nan,,ok
15684.593593000001,nan,,branches:u,branches,0.0,100.0,nan,,ok
15684.593593000001,nan,,branch-misses:u,branch-misses,0.0,100.0,nan,,ok
15684.593593000001,nan,,L1-dcache-loads:u,l1-dcache-loads,0.0,100.0,nan,,ok
15684.593593000001,nan,,cache-references:u,cache-references,0.0,100.0,nan,,ok
15684.593593000001,nan,,cache-misses:u,cache-misses,0.0,100.0,nan,,ok
15684.593593000001,nan,,stalled-cycles-frontend:u,stalled-cycles-frontend,0.0,100.0,nan,,ok
15695.237921,0.0,,instructions:u,instructions,2994666.0,58.0,nan,,ok
15695.237921,0.0,,cycles:u,cycles,2996873.0,58.0,nan,,ok
15695.237921,0.0,,branches:u,branches,4003018.0,78.0,nan,,ok
15695.237921,0.0,,branch-misses:u,branch-misses,4160225.0,80.0,nan,,ok
15695.237921,0.0,,L1-dcache-loads:u,l1-dcache-loads,3237158.0,61.0,nan,,ok
15695.237921,0.0,,cache-references:u,cache-references,2249649.0,42.0,nan,,ok
15695.237921,0.0,,cache-misses:u,cache-misses,2247442.0,42.0,nan,,ok
15695.237921,0.0,,stalled-cycles-frontend:u,stalled-cycles-frontend,1986683.0,37.0,nan,,ok
15706.066603,nan,,instructions:u,instructions,0.0,0.0,nan,,ok
15706.066603,nan,,cycles:u,cycles,0.0,0.0,nan,,ok
15706.066603,nan,,branches:u,branches,0.0,0.0,nan,,ok
15706.066603,0.0,,branch-misses:u,branch-misses,91627.0,100.0,nan,,ok
15706.066603,0.0,,L1-dcache-loads:u,l1-dcache-loads,20474.0,100.0,nan,,ok
15706.066603,nan,,cache-references:u,cache-references,0.0,100.0,nan,,ok
15706.066603,nan,,cache-misses:u,cache-misses,0.0,100.0,nan,,ok
15706.066603,nan,,stalled-cycles-frontend:u,stalled-cycles-frontend,0.0,100.0,nan,,ok
15716.794471,nan,,instructions:u,instructions,0.0,100.0,nan,,ok
15716.794471,nan,,cycles:u,cycles,0.0,100.0,nan,,ok
15716.794471,nan,,branches:u,branches,0.0,100.0,nan,,ok
15716.794471,nan,,branch-misses:u,branch-misses,0.0,100.0,nan,,ok
15716.794471,nan,,L1-dcache-loads:u,l1-dcache-loads,0.0,100.0,nan,,ok
15716.794471,nan,,cache-references:u,cache-references,0.0,100.0,nan,,ok
15716.794471,nan,,cache-misses:u,cache-misses,0.0,100.0,nan,,ok
15716.794471,nan,,stalled-cycles-frontend:u,stalled-cycles-frontend,0.0,100.0,nan,,ok
15727.42875,nan,,instructions:u,instructions,0.0,100.0,nan,,ok
15727.42875,nan,,cycles:u,cycles,0.0,100.0,nan,,ok
15727.42875,nan,,branches:u,branches,0.0,100.0,nan,,ok
15727.42875,nan,,branch-misses:u,branch-misses,0.0,100.0,nan,,ok
15727.42875,nan,,L1-dcache-loads:u,l1-dcache-loads,0.0,100.0,nan,,ok
15727.42875,nan,,cache-references:u,cache-references,0.0,100.0,nan,,ok
15727.42875,nan,,cache-misses:u,cache-misses,0.0,100.0,nan,,ok
15727.42875,nan,,stalled-cycles-frontend:u,stalled-cycles-frontend,0.0,100.0,nan,,ok
15738.098451000002,nan,,instructions:u,instructions,0.0,100.0,nan,,ok
15738.098451000002,nan,,cycles:u,cycles,0.0,100.0,nan,,ok
15738.098451000002,nan,,branches:u,branches,0.0,100.0,nan,,ok
15738.098451000002,nan,,branch-misses:u,branch-misses,0.0,100.0,nan,,ok
15738.098451000002,nan,,L1-dcache-loads:u,l1-dcache-loads,0.0,100.0,nan,,ok
15738.098451000002,nan,,cache-references:u,cache-references,0.0,100.0,nan,,ok
15738.098451000002,nan,,cache-misses:u,cache-misses,0.0,100.0,nan,,ok
15738.098451000002,nan,,stalled-cycles-frontend:u,stalled-cycles-frontend,0.0,100.0,nan,,ok
15748.876185000001,nan,,instructions:u,instructions,0.0,100.0,nan,,ok
15748.876185000001,nan,,cycles:u,cycles,0.0,100.0,nan,,ok
15748.876185000001,nan,,branches:u,branches,0.0,100.0,nan,,ok
15748.876185000001,nan,,branch-misses:u,branch-misses,0.0,100.0,nan,,ok
15748.876185000001,nan,,L1-dcache-loads:u,l1-dcache-loads,0.0,100.0,nan,,ok
15748.876185000001,nan,,cache-references:u,cache-references,0.0,100.0,nan,,ok
15748.876185000001,nan,,cache-misses:u,cache-misses,0.0,100.0,nan,,ok
15748.876185000001,nan,,stalled-cycles-frontend:u,stalled-cycles-frontend,0.0,100.0,nan,,ok
15759.552781,0.0,,instructions:u,instructions,2490903.0,45.0,nan,,ok
15759.552781,0.0,,cycles:u,cycles,1513450.0,27.0,nan,,ok
15759.552781,0.0,,branches:u,branches,1513450.0,27.0,nan,,ok
15759.552781,0.0,,branch-misses:u,branch-misses,2491800.0,45.0,nan,,ok
15759.552781,0.0,,L1-dcache-loads:u,l1-dcache-loads,2480307.0,45.0,nan,,ok
15759.552781,0.0,,cache-references:u,cache-references,2994651.0,54.0,nan,,ok
15759.552781,0.0,,cache-misses:u,cache-misses,3972104.0,72.0,nan,,ok
15759.552781,0.0,,stalled-cycles-frontend:u,stalled-cycles-frontend,1985071.0,36.0,nan,,ok
15770.175632999999,nan,,instructions:u,instructions,0.0,100.0,nan,,ok
15770.175632999999,nan,,cycles:u,cycles,0.0,100.0,nan,,ok
15770.175632999999,nan,,branches:u,branches,0.0,100.0,nan,,ok
15770.175632999999,nan,,branch-misses:u,branch-misses,0.0,100.0,nan,,ok
15770.175632999999,nan,,L1-dcache-loads:u,l1-dcache-loads,0.0,100.0,nan,,ok
15770.175632999999,nan,,cache-references:u,cache-references,0.0,100.0,nan,,ok
15770.175632999999,nan,,cache-misses:u,cache-misses,0.0,100.0,nan,,ok
15770.175632999999,nan,,stalled-cycles-frontend:u,stalled-cycles-frontend,0.0,100.0,nan,,ok
15780.811317,nan,,instructions:u,instructions,0.0,100.0,nan,,ok
15780.811317,nan,,cycles:u,cycles,0.0,100.0,nan,,ok
15780.811317,nan,,branches:u,branches,0.0,100.0,nan,,ok
15780.811317,nan,,branch-misses:u,branch-misses,0.0,100.0,nan,,ok
15780.811317,nan,,L1-dcache-loads:u,l1-dcache-loads,0.0,100.0,nan,,ok
15780.811317,nan,,cache-references:u,cache-references,0.0,100.0,nan,,ok
15780.811317,nan,,cache-misses:u,cache-misses,0.0,100.0,nan,,ok
15780.811317,nan,,stalled-cycles-frontend:u,stalled-cycles-frontend,0.0,100.0,nan,,ok
15791.480145,nan,,instructions:u,instructions,0.0,100.0,nan,,ok
15791.480145,nan,,cycles:u,cycles,0.0,100.0,nan,,ok
15791.480145,nan,,branches:u,branches,0.0,100.0,nan,,ok
15791.480145,nan,,branch-misses:u,branch-misses,0.0,100.0,nan,,ok
15791.480145,nan,,L1-dcache-loads:u,l1-dcache-loads,0.0,100.0,nan,,ok
15791.480145,nan,,cache-references:u,cache-references,0.0,100.0,nan,,ok
15791.480145,nan,,cache-misses:u,cache-misses,0.0,100.0,nan,,ok
15791.480145,nan,,stalled-cycles-frontend:u,stalled-cycles-frontend,0.0,100.0,nan,,ok
15802.146410000001,0.0,,instructions:u,instructions,986176.0,24.0,nan,,ok
15802.146410000001,0.0,,cycles:u,cycles,1983511.0,49.0,nan,,ok
15802.146410000001,0.0,,branches:u,branches,2985922.0,74.0,nan,,ok
15802.146410000001,0.0,,branch-misses:u,branch-misses,3985691.0,99.0,nan,,ok
15802.146410000001,0.0,,L1-dcache-loads:u,l1-dcache-loads,4043602.0,100.0,nan,,ok
15802.146410000001,0.0,,cache-references:u,cache-references,3057426.0,75.0,nan,,ok
15802.146410000001,0.0,,cache-misses:u,cache-misses,2060091.0,50.0,nan,,ok
15802.146410000001,nan,,stalled-cycles-frontend:u,stalled-cycles-frontend,0.0,0.0,nan,,ok
15812.899829999998,nan,,instructions:u,instructions,0.0,0.0,nan,,ok
15812.899829999998,nan,,cycles:u,cycles,0.0,0.0,nan,,ok
15812.899829999998,nan,,branches:u,branches,0.0,0.0,nan,,ok
15812.899829999998,nan,,branch-misses:u,branch-misses,0.0,0.0,nan,,ok
15812.899829999998,nan,,L1-dcache-loads:u,l1-dcache-loads,0.0,100.0,nan,,ok
15812.899829999998,nan,,cache-references:u,cache-references,0.0,100.0,nan,,ok
15812.899829999998,nan,,cache-misses:u,cache-misses,0.0,100.0,nan,,ok
15812.899829999998,nan,,stalled-cycles-frontend:u,stalled-cycles-frontend,0.0,100.0,nan,,ok
15823.585822000001,nan,,instructions:u,instructions,0.0,100.0,nan,,ok
15823.585822000001,nan,,cycles:u,cycles,0.0,100.0,nan,,ok
15823.585822000001,nan,,branches:u,branches,0.0,100.0,nan,,ok
15823.585822000001,nan,,branch-misses:u,branch-misses,0.0,100.0,nan,,ok
15823.585822000001,nan,,L1-dcache-loads:u,l1-dcache-loads,0.0,100.0,nan,,ok
15823.585822000001,nan,,cache-references:u,cache-references,0.0,100.0,nan,,ok
15823.585822000001,nan,,cache-misses:u,cache-misses,0.0,100.0,nan,,ok
15823.585822000001,nan,,stalled-cycles-frontend:u,stalled-cycles-frontend,0.0,100.0,nan,,ok
15834.249199,0.0,,instructions:u,instructions,2034920.0,50.0,nan,,ok
15834.249199,0.0,,cycles:u,cycles,1032745.0,25.0,nan,,ok
15834.249199,0.0,,branches:u,branches,1032745.0,25.0,nan,,ok
15834.249199,0.0,,branch-misses:u,branch-misses,1032745.0,25.0,nan,,ok
15834.249199,0.0,,L1-dcache-loads:u,l1-dcache-loads,1000328.0,24.0,nan,,ok
15834.249199,0.0,,cache-references:u,cache-references,1966701.0,49.0,nan,,ok
15834.249199,0.0,,cache-misses:u,cache-misses,2968876.0,74.0,nan,,ok
15834.249199,0.0,,stalled-cycles-frontend:u,stalled-cycles-frontend,2005034.0,50.0,nan,,ok
15844.987202,nan,,instructions:u,instructions,0.0,100.0,nan,,ok
15844.987202,nan,,cycles:u,cycles,0.0,100.0,nan,,ok
15844.987202,nan,,branches:u,branches,0.0,100.0,nan,,ok
15844.987202,nan,,branch-misses:u,branch-misses,0.0,100.0,nan,,ok
15844.987202,nan,,L1-dcache-loads:u,l1-dcache-loads,0.0,100.0,nan,,ok
15844.987202,nan,,cache-references:u,cache-references,0.0,100.0,nan,,ok
15844.987202,nan,,cache-misses:u,cache-misses,0.0,100.0,nan,,ok
15844.987202,nan,,stalled-cycles-frontend:u,stalled-cycles-frontend,0.0,100.0,nan,,ok
15855.655053999999,nan,,instructions:u,instructions,0.0,100.0,nan,,ok
15855.655053999999,nan,,cycles:u,cycles,0.0,100.0,nan,,ok
15855.655053999999,nan,,branches:u,branches,0.0,100.0,nan,,ok
15855.655053999999,nan,,branch-misses:u,branch-misses,0.0,100.0,nan,,ok
15855.655053999999,nan,,L1-dcache-loads:u,l1-dcache-loads,0.0,100.0,nan,,ok
15855.655053999999,nan,,cache-references:u,cache-references,0.0,100.0,nan,,ok
15855.655053999999,nan,,cache-misses:u,cache-misses,0.0,100.0,nan,,ok
15855.655053999999,nan,,stalled-cycles-frontend:u,stalled-cycles-frontend,0.0,100.0,nan,,ok
15866.341707,0.0,,instructions:u,instructions,971646.0,24.0,nan,,ok
15866.341707,0.0,,cycles:u,cycles,1969879.0,49.0,nan,,ok
15866.341707,0.0,,branches:u,branches,2959799.0,74.0,nan,,ok
15866.341707,0.0,,branch-misses:u,branch-misses,3959416.0,99.0,nan,,ok
15866.341707,0.0,,L1-dcache-loads:u,l1-dcache-loads,3985023.0,100.0,nan,,ok
15866.341707,0.0,,cache-references:u,cache-references,3013377.0,75.0,nan,,ok
15866.341707,0.0,,cache-misses:u,cache-misses,2015144.0,50.0,nan,,ok
15866.341707,nan,,stalled-cycles-frontend:u,stalled-cycles-frontend,0.0,0.0,nan,,ok
15876.999236,nan,,instructions:u,instructions,0.0,100.0,nan,,ok
15876.999236,nan,,cycles:u,cycles,0.0,100.0,nan,,ok
15876.999236,nan,,branches:u,branches,0.0,100.0,nan,,ok
15876.999236,nan,,branch-misses:u,branch-misses,0.0,100.0,nan,,ok
15876.999236,nan,,L1-dcache-loads:u,l1-dcache-loads,0.0,100.0,nan,,ok
15876.999236,nan,,cache-references:u,cache-references,0.0,100.0,nan,,ok
15876.999236,nan,,cache-misses:u,cache-misses,0.0,100.0,nan,,ok
15876.999236,nan,,stalled-cycles-frontend:u,stalled-cycles-frontend,0.0,100.0,nan,,ok
15887.589446,nan,,instructions:u,instructions,0.0,100.0,nan,,ok
15887.589446,nan,,cycles:u,cycles,0.0,100.0,nan,,ok
15887.589446,nan,,branches:u,branches,0.0,100.0,nan,,ok
15887.589446,nan,,branch-misses:u,branch-misses,0.0,100.0,nan,,ok
15887.589446,nan,,L1-dcache-loads:u,l1-dcache-loads,0.0,100.0,nan,,ok
15887.589446,nan,,cache-references:u,cache-references,0.0,100.0,nan,,ok
15887.589446,nan,,cache-misses:u,cache-misses,0.0,100.0,nan,,ok
15887.589446,nan,,stalled-cycles-frontend:u,stalled-cycles-frontend,0.0,100.0,nan,,ok
15898.222041,nan,,instructions:u,instructions,0.0,100.0,nan,,ok
15898.222041,nan,,cycles:u,cycles,0.0,100.0,nan,,ok
15898.222041,nan,,branches:u,branches,0.0,100.0,nan,,ok
15898.222041,nan,,branch-misses:u,branch-misses,0.0,100.0,nan,,ok
15898.222041,nan,,L1-dcache-loads:u,l1-dcache-loads,0.0,100.0,nan,,ok
15898.222041,nan,,cache-references:u,cache-references,0.0,100.0,nan,,ok
15898.222041,nan,,cache-misses:u,cache-misses,0.0,100.0,nan,,ok
15898.222041,nan,,stalled-cycles-frontend:u,stalled-cycles-frontend,0.0,100.0,nan,,ok
15908.915599,0.0,,instructions:u,instructions,2996903.0,52.0,nan,,ok
15908.915599,0.0,,cycles:u,cycles,2706206.0,47.0,nan,,ok
15908.915599,0.0,,branches:u,branches,2706206.0,47.0,nan,,ok
15908.915599,0.0,,branch-misses:u,branch-misses,2706206.0,47.0,nan,,ok
15908.915599,0.0,,L1-dcache-loads:u,l1-dcache-loads,2682552.0,47.0,nan,,ok
15908.915599,0.0,,cache-references:u,cache-references,2682027.0,47.0,nan,,ok
15908.915599,0.0,,cache-misses:u,cache-misses,2972724.0,52.0,nan,,ok
15908.915599,0.0,,stalled-cycles-frontend:u,stalled-cycles-frontend,1997793.0,35.0,nan,,ok
15919.694916999999,nan,,instructions:u,instructions,0.0,100.0,nan,,ok
15919.694916999999,nan,,cycles:u,cycles,0.0,100.0,nan,,ok
15919.694916999999,nan,,branches:u,branches,0.0,100.0,nan,,ok
15919.694916999999,nan,,branch-misses:u,branch-misses,0.0,100.0,nan,,ok
15919.694916999999,nan,,L1-dcache-loads:u,l1-dcache-loads,0.0,100.0,nan,,ok
15919.694916999999,nan,,cache-references:u,cache-references,0.0,100.0,nan,,ok
15919.694916999999,nan,,cache-misses:u,cache-misses,0.0,100.0,nan,,ok
15919.694916999999,nan,,stalled-cycles-frontend:u,stalled-cycles-frontend,0.0,100.0,nan,,ok
15930.335020999999,nan,,instructions:u,instructions,0.0,100.0,nan,,ok
15930.335020999999,nan,,cycles:u,cycles,0.0,100.0,nan,,ok
15930.335020999999,nan,,branches:u,branches,0.0,100.0,nan,,ok
15930.335020999999,nan,,branch-misses:u,branch-misses,0.0,100.0,nan,,ok
15930.335020999999,nan,,L1-dcache-loads:u,l1-dcache-loads,0.0,100.0,nan,,ok
15930.335020999999,nan,,cache-references:u,cache-references,0.0,100.0,nan,,ok
15930.335020999999,nan,,cache-misses:u,cache-misses,0.0,100.0,nan,,ok
15930.335020999999,nan,,stalled-cycles-frontend:u,stalled-cycles-frontend,0.0,100.0,nan,,ok
15941.002154,nan,,instructions:u,instructions,0.0,0.0,nan,,ok
15941.002154,0.0,,cycles:u,cycles,997140.0,21.0,nan,,ok
15941.002154,0.0,,branches:u,branches,1995169.0,43.0,nan,,ok
15941.002154,0.0,,branch-misses:u,branch-misses,2991907.0,65.0,nan,,ok
15941.002154,0.0,,L1-dcache-loads:u,l1-dcache-loads,3993467.0,86.0,nan,,ok
15941.002154,0.0,,cache-references:u,cache-references,4593370.0,100.0,nan,,ok
15941.002154,0.0,,cache-misses:u,cache-misses,3596230.0,78.0,nan,,ok
15941.002154,nan,,stalled-cycles-frontend:u,stalled-cycles-frontend,0.0,0.0,nan,,ok
15951.685873,nan,,instructions:u,instructions,0.0,100.0,nan,,ok
15951.685873,nan,,cycles:u,cycles,0.0,100.0,nan,,ok
15951.685873,nan,,branches:u,branches,0.0,100.0,nan,,ok
15951.685873,nan,,branch-misses:u,branch-misses,0.0,100.0,nan,,ok
15951.685873,nan,,L1-dcache-loads:u,l1-dcache-loads,0.0,100.0,nan,,ok
15951.685873,nan,,cache-references:u,cache-references,0.0,100.0,nan,,ok
15951.685873,nan,,cache-misses:u,cache-misses,0.0,100.0,nan,,ok
15951.685873,nan,,stalled-cycles-frontend:u,stalled-cycles-frontend,0.0,100.0,nan,,ok
15962.323997,nan,,instructions:u,instructions,0.0,100.0,nan,,ok
15962.323997,nan,,cycles:u,cycles,0.0,100.0,nan,,ok
15962.323997,nan,,branches:u,branches,0.0,100.0,nan,,ok
15962.323997,nan,,branch-misses:u,branch-misses,0.0,100.0,nan,,ok
15962.323997,nan,,L1-dcache-loads:u,l1-dcache-loads,0.0,100.0,nan,,ok
15962.323997,nan,,cache-references:u,cache-references,0.0,100.0,nan,,ok
15962.323997,nan,,cache-misses:u,cache-misses,0.0,100.0,nan,,ok
15962.323997,nan,,stalled-cycles-frontend:u,stalled-cycles-frontend,0.0,100.0,nan,,ok
15972.924206,0.0,,instructions:u,instructions,2995680.0,47.0,nan,,ok
15972.924206,0.0,,cycles:u,cycles,3003652.0,47.0,nan,,ok
15972.924206,0.0,,branches:u,branches,3999001.0,63.0,nan,,ok
15972.924206,0.0,,branch-misses:u,branch-misses,4288273.0,68.0,nan,,ok
15972.924206,0.0,,L1-dcache-loads:u,l1-dcache-loads,3286517.0,52.0,nan,,ok
15972.924206,0.0,,cache-references:u,cache-references,3270949.0,52.0,nan,,ok
15972.924206,0.0,,cache-misses:u,cache-misses,3262977.0,52.0,nan,,ok
15972.924206,0.0,,stalled-cycles-frontend:u,stalled-cycles-frontend,1999698.0,31.0,nan,,ok
15983.530615,nan,,instructions:u,instructions,0.0,100.0,nan,,ok
15983.530615,nan,,cycles:u,cycles,0.0,100.0,nan,,ok
15983.530615,nan,,branches:u,branches,0.0,100.0,nan,,ok
15983.530615,nan,,branch-misses:u,branch-misses,0.0,100.0,nan,,ok
15983.530615,nan,,L1-dcache-loads:u,l1-dcache-loads,0.0,100.0,nan,,ok
15983.530615,nan,,cache-references:u,cache-references,0.0,100.0,nan,,ok
15983.530615,nan,,cache-misses:u,cache-misses,0.0,100.0,nan,,ok
15983.530615,nan,,stalled-cycles-frontend:u,stalled-cycles-frontend,0.0,100.0,nan,,ok
15994.259788000001,nan,,instructions:u,instructions,0.0,100.0,nan,,ok
15994.259788000001,nan,,cycles:u,cycles,0.0,100.0,nan,,ok
15994.259788000001,nan,,branches:u,branches,0.0,100.0,nan,,ok
15994.259788000001,nan,,branch-misses:u,branch-misses,0.0,100.0,nan,,ok
15994.259788000001,nan,,L1-dcache-loads:u,l1-dcache-loads,0.0,100.0,nan,,ok
15994.259788000001,nan,,cache-references:u,cache-references,0.0,100.0,nan,,ok
15994.259788000001,nan,,cache-misses:u,cache-misses,0.0,100.0,nan,,ok
15994.259788000001,nan,,stalled-cycles-frontend:u,stalled-cycles-frontend,0.0,100.0,nan,,ok
16004.918206999999,nan,,instructions:u,instructions,0.0,100.0,nan,,ok
16004.918206999999,nan,,cycles:u,cycles,0.0,100.0,nan,,ok
16004.918206999999,nan,,branches:u,branches,0.0,100.0,nan,,ok
16004.918206999999,nan,,branch-misses:u,branch-misses,0.0,100.0,nan,,ok
16004.918206999999,nan,,L1-dcache-loads:u,l1-dcache-loads,0.0,100.0,nan,,ok
16004.918206999999,nan,,cache-references:u,cache-references,0.0,100.0,nan,,ok
16004.918206999999,nan,,cache-misses:u,cache-misses,0.0,100.0,nan,,ok
16004.918206999999,nan,,stalled-cycles-frontend:u,stalled-cycles-frontend,0.0,100.0,nan,,ok
16015.57905,nan,,instructions:u,instructions,0.0,100.0,nan,,ok
16015.57905,nan,,cycles:u,cycles,0.0,100.0,nan,,ok
16015.57905,nan,,branches:u,branches,0.0,100.0,nan,,ok
16015.57905,nan,,branch-misses:u,branch-misses,0.0,100.0,nan,,ok
16015.57905,nan,,L1-dcache-loads:u,l1-dcache-loads,0.0,100.0,nan,,ok
16015.57905,nan,,cache-references:u,cache-references,0.0,100.0,nan,,ok
16015.57905,nan,,cache-misses:u,cache-misses,0.0,100.0,nan,,ok
16015.57905,nan,,stalled-cycles-frontend:u,stalled-cycles-frontend,0.0,100.0,nan,,ok
16026.203500000001,nan,,instructions:u,instructions,0.0,100.0,nan,,ok
16026.203500000001,nan,,cycles:u,cycles,0.0,100.0,nan,,ok
16026.203500000001,nan,,branches:u,branches,0.0,100.0,nan,,ok
16026.203500000001,nan,,branch-misses:u,branch-misses,0.0,100.0,nan,,ok
16026.203500000001,nan,,L1-dcache-loads:u,l1-dcache-loads,0.0,100.0,nan,,ok
16026.203500000001,nan,,cache-references:u,cache-references,0.0,100.0,nan,,ok
16026.203500000001,nan,,cache-misses:u,cache-misses,0.0,100.0,nan,,ok
16026.203500000001,nan,,stalled-cycles-frontend:u,stalled-cycles-frontend,0.0,100.0,nan,,ok
16036.801854,nan,,instructions:u,instructions,0.0,100.0,nan,,ok
16036.801854,nan,,cycles:u,cycles,0.0,100.0,nan,,ok
16036.801854,nan,,branches:u,branches,0.0,100.0,nan,,ok
16036.801854,nan,,branch-misses:u,branch-misses,0.0,100.0,nan,,ok
16036.801854,nan,,L1-dcache-loads:u,l1-dcache-loads,0.0,100.0,nan,,ok
16036.801854,nan,,cache-references:u,cache-references,0.0,100.0,nan,,ok
16036.801854,nan,,cache-misses:u,cache-misses,0.0,100.0,nan,,ok
16036.801854,nan,,stalled-cycles-frontend:u,stalled-cycles-frontend,0.0,100.0,nan,,ok
16047.432986,0.0,,instructions:u,instructions,2551257.0,46.0,nan,,ok
16047.432986,0.0,,cycles:u,cycles,1558903.0,28.0,nan,,ok
16047.432986,0.0,,branches:u,branches,1558903.0,28.0,nan,,ok
16047.432986,0.0,,branch-misses:u,branch-misses,2528698.0,45.0,nan,,ok
16047.432986,0.0,,L1-dcache-loads:u,l1-dcache-loads,2504236.0,45.0,nan,,ok
16047.432986,0.0,,cache-references:u,cache-references,2951218.0,53.0,nan,,ok
16047.432986,0.0,,cache-misses:u,cache-misses,3943572.0,71.0,nan,,ok
16047.432986,0.0,,stalled-cycles-frontend:u,stalled-cycles-frontend,1997933.0,36.0,nan,,ok
16058.055750000001,nan,,instructions:u,instructions,0.0,100.0,nan,,ok
16058.055750000001,nan,,cycles:u,cycles,0.0,100.0,nan,,ok
16058.055750000001,nan,,branches:u,branches,0.0,100.0,nan,,ok
16058.055750000001,nan,,branch-misses:u,branch-misses,0.0,100.0,nan,,ok
16058.055750000001,nan,,L1-dcache-loads:u,l1-dcache-loads,0.0,100.0,nan,,ok
16058.055750000001,nan,,cache-references:u,cache-references,0.0,100.0,nan,,ok
16058.055750000001,nan,,cache-misses:u,cache-misses,0.0,100.0,nan,,ok
16058.055750000001,nan,,stalled-cycles-frontend:u,stalled-cycles-frontend,0.0,100.0,nan,,ok
16068.725009000002,nan,,instructions:u,instructions,0.0,100.0,nan,,ok
16068.725009000002,nan,,cycles:u,cycles,0.0,100.0,nan,,ok
16068.725009000002,nan,,branches:u,branches,0.0,100.0,nan,,ok
16068.725009000002,nan,,branch-misses:u,branch-misses,0.0,100.0,nan,,ok
16068.725009000002,nan,,L1-dcache-loads:u,l1-dcache-loads,0.0,100.0,nan,,ok
16068.725009000002,nan,,cache-references:u,cache-references,0.0,100.0,nan,,ok
16068.725009000002,nan,,cache-misses:u,cache-misses,0.0,100.0,nan,,ok
16068.725009000002,nan,,stalled-cycles-frontend:u,stalled-cycles-frontend,0.0,100.0,nan,,ok
16079.424355000001,nan,,instructions:u,instructions,0.0,100.0,nan,,ok
16079.424355000001,nan,,cycles:u,cycles,0.0,100.0,nan,,ok
16079.424355000001,nan,,branches:u,branches,0.0,100.0,nan,,ok
16079.424355000001,nan,,branch-misses:u,branch-misses,0.0,100.0,nan,,ok
16079.424355000001,nan,,L1-dcache-loads:u,l1-dcache-loads,0.0,100.0,nan,,ok
16079.424355000001,nan,,cache-references:u,cache-references,0.0,100.0,nan,,ok
16079.424355000001,nan,,cache-misses:u,cache-misses,0.0,100.0,nan,,ok
16079.424355000001,nan,,stalled-cycles-frontend:u,stalled-cycles-frontend,0.0,100.0,nan,,ok
16090.166313000002,nan,,instructions:u,instructions,0.0,100.0,nan,,ok
16090.166313000002,nan,,cycles:u,cycles,0.0,100.0,nan,,ok
16090.166313000002,nan,,branches:u,branches,0.0,100.0,nan,,ok
16090.166313000002,nan,,branch-misses:u,branch-misses,0.0,100.0,nan,,ok
16090.166313000002,nan,,L1-dcache-loads:u,l1-dcache-loads,0.0,100.0,nan,,ok
16090.166313000002,nan,,cache-references:u,cache-references,0.0,100.0,nan,,ok
16090.166313000002,nan,,cache-misses:u,cache-misses,0.0,100.0,nan,,ok
16090.166313000002,nan,,stalled-cycles-frontend:u,stalled-cycles-frontend,0.0,100.0,nan,,ok
16100.811028999999,0.0,,instructions:u,instructions,1000358.0,22.0,nan,,ok
16100.811028999999,0.0,,cycles:u,cycles,1990224.0,44.0,nan,,ok
16100.811028999999,0.0,,branches:u,branches,2984390.0,67.0,nan,,ok
16100.811028999999,0.0,,branch-misses:u,branch-misses,3988930.0,89.0,nan,,ok
16100.811028999999,0.0,,L1-dcache-loads:u,l1-dcache-loads,4447192.0,100.0,nan,,ok
16100.811028999999,0.0,,cache-references:u,cache-references,3446834.0,77.0,nan,,ok
16100.811028999999,0.0,,cache-misses:u,cache-misses,2456968.0,55.0,nan,,ok
16100.811028999999,nan,,stalled-cycles-frontend:u,stalled-cycles-frontend,0.0,0.0,nan,,ok
16111.478016,nan,,instructions:u,instructions,0.0,100.0,nan,,ok
16111.478016,nan,,cycles:u,cycles,0.0,100.0,nan,,ok
16111.478016,nan,,branches:u,branches,0.0,100.0,nan,,ok
16111.478016,nan,,branch-misses:u,branch-misses,0.0,100.0,nan,,ok
16111.478016,nan,,L1-dcache-loads:u,l1-dcache-loads,0.0,100.0,nan,,ok
16111.478016,nan,,cache-references:u,cache-references,0.0,100.0,nan,,ok
16111.478016,nan,,cache-misses:u,cache-misses,0.0,100.0,nan,,ok
16111.478016,nan,,stalled-cycles-frontend:u,stalled-cycles-frontend,0.0,100.0,nan,,ok
16122.153323999999,nan,,instructions:u,instructions,0.0,100.0,nan,,ok
16122.153323999999,nan,,cycles:u,cycles,0.0,100.0,nan,,ok
16122.153323999999,nan,,branches:u,branches,0.0,100.0,nan,,ok
16122.153323999999,nan,,branch-misses:u,branch-misses,0.0,100.0,nan,,ok
16122.153323999999,nan,,L1-dcache-loads:u,l1-dcache-loads,0.0,100.0,nan,,ok
16122.153323999999,nan,,cache-references:u,cache-references,0.0,100.0,nan,,ok
16122.153323999999,nan,,cache-misses:u,cache-misses,0.0,100.0,nan,,ok
16122.153323999999,nan,,stalled-cycles-frontend:u,stalled-cycles-frontend,0.0,100.0,nan,,ok
16132.816419,nan,,instructions:u,instructions,0.0,100.0,nan,,ok
16132.816419,nan,,cycles:u,cycles,0.0,100.0,nan,,ok
16132.816419,nan,,branches:u,branches,0.0,100.0,nan,,ok
16132.816419,nan,,branch-misses:u,branch-misses,0.0,100.0,nan,,ok
16132.816419,nan,,L1-dcache-loads:u,l1-dcache-loads,0.0,100.0,nan,,ok
16132.816419,nan,,cache-references:u,cache-references,0.0,100.0,nan,,ok
16132.816419,nan,,cache-misses:u,cache-misses,0.0,100.0,nan,,ok
16132.816419,nan,,stalled-cycles-frontend:u,stalled-cycles-frontend,0.0,100.0,nan,,ok
16143.56437,nan,,instructions:u,instructions,0.0,100.0,nan,,ok
16143.56437,nan,,cycles:u,cycles,0.0,100.0,nan,,ok
16143.56437,nan,,branches:u,branches,0.0,100.0,nan,,ok
16143.56437,nan,,branch-misses:u,branch-misses,0.0,100.0,nan,,ok
16143.56437,nan,,L1-dcache-loads:u,l1-dcache-loads,0.0,100.0,nan,,ok
16143.56437,nan,,cache-references:u,cache-references,0.0,100.0,nan,,ok
16143.56437,nan,,cache-misses:u,cache-misses,0.0,100.0,nan,,ok
16143.56437,nan,,stalled-cycles-frontend:u,stalled-cycles-frontend,0.0,100.0,nan,,ok
16154.114311000001,nan,,instructions:u,instructions,0.0,100.0,nan,,ok
16154.114311000001,nan,,cycles:u,cycles,0.0,100.0,nan,,ok
16154.114311000001,nan,,branches:u,branches,0.0,100.0,nan,,ok
16154.114311000001,nan,,branch-misses:u,branch-misses,0.0,100.0,nan,,ok
16154.114311000001,nan,,L1-dcache-loads:u,l1-dcache-loads,0.0,100.0,nan,,ok
16154.114311000001,nan,,cache-references:u,cache-references,0.0,100.0,nan,,ok
16154.114311000001,nan,,cache-misses:u,cache-misses,0.0,100.0,nan,,ok
16154.114311000001,nan,,stalled-cycles-frontend:u,stalled-cycles-frontend,0.0,100.0,nan,,ok
16164.790971999999,0.0,,instructions:u,instructions,2995238.0,60.0,nan,,ok
16164.790971999999,0.0,,cycles:u,cycles,1991710.0,40.0,nan,,ok
16164.790971999999,0.0,,branches:u,branches,1991710.0,40.0,nan,,ok
16164.790971999999,0.0,,branch-misses:u,branch-misses,1991710.0,40.0,nan,,ok
16164.790971999999,0.0,,L1-dcache-loads:u,l1-dcache-loads,1977534.0,39.0,nan,,ok
16164.790971999999,0.0,,cache-references:u,cache-references,1983210.0,39.0,nan,,ok
16164.790971999999,0.0,,cache-misses:u,cache-misses,2986738.0,59.0,nan,,ok
16164.790971999999,0.0,,stalled-cycles-frontend:u,stalled-cycles-frontend,1999748.0,40.0,nan,,ok
16175.582165000002,0.0,,instructions:u,instructions,993004.0,22.0,nan,,ok
16175.582165000002,0.0,,cycles:u,cycles,1998287.0,45.0,nan,,ok
16175.582165000002,0.0,,branches:u,branches,2991714.0,67.0,nan,,ok
16175.582165000002,0.0,,branch-misses:u,branch-misses,3994335.0,89.0,nan,,ok
16175.582165000002,0.0,,L1-dcache-loads:u,l1-dcache-loads,4476765.0,100.0,nan,,ok
16175.582165000002,0.0,,cache-references:u,cache-references,3499545.0,77.0,nan,,ok
16175.582165000002,0.0,,cache-misses:u,cache-misses,2513759.0,55.0,nan,,ok
16175.582165000002,nan,,stalled-cycles-frontend:u,stalled-cycles-frontend,0.0,0.0,nan,,ok
16186.2413,nan,,instructions:u,instructions,0.0,0.0,nan,,ok
16186.2413,nan,,cycles:u,cycles,0.0,0.0,nan,,ok
16186.2413,nan,,branches:u,branches,0.0,0.0,nan,,ok
16186.2413,nan,,branch-misses:u,branch-misses,0.0,0.0,nan,,ok
16186.2413,0.0,,L1-dcache-loads:u,l1-dcache-loads,513465.0,93.0,nan,,ok
16186.2413,0.0,,cache-references:u,cache-references,534525.0,100.0,nan,,ok
16186.2413,0.0,,cache-misses:u,cache-misses,515028.0,100.0,nan,,ok
16186.2413,nan,,stalled-cycles-frontend:u,stalled-cycles-frontend,0.0,0.0,nan,,ok
16196.889752000001,nan,,instructions:u,instructions,0.0,100.0,nan,,ok
16196.889752000001,nan,,cycles:u,cycles,0.0,100.0,nan,,ok
16196.889752000001,nan,,branches:u,branches,0.0,100.0,nan,,ok
16196.889752000001,nan,,branch-misses:u,branch-misses,0.0,100.0,nan,,ok
16196.889752000001,nan,,L1-dcache-loads:u,l1-dcache-loads,0.0,100.0,nan,,ok
16196.889752000001,nan,,cache-references:u,cache-references,0.0,100.0,nan,,ok
16196.889752000001,nan,,cache-misses:u,cache-misses,0.0,100.0,nan,,ok
16196.889752000001,nan,,stalled-cycles-frontend:u,stalled-cycles-frontend,0.0,100.0,nan,,ok
16207.522923999999,nan,,instructions:u,instructions,0.0,100.0,nan,,ok
16207.522923999999,nan,,cycles:u,cycles,0.0,100.0,nan,,ok
16207.522923999999,nan,,branches:u,branches,0.0,100.0,nan,,ok
16207.522923999999,nan,,branch-misses:u,branch-misses,0.0,100.0,nan,,ok
16207.522923999999,nan,,L1-dcache-loads:u,l1-dcache-loads,0.0,100.0,nan,,ok
16207.522923999999,nan,,cache-references:u,cache-references,0.0,100.0,nan,,ok
16207.522923999999,nan,,cache-misses:u,cache-misses,0.0,100.0,nan,,ok
16207.522923999999,nan,,stalled-cycles-frontend:u,stalled-cycles-frontend,0.0,100.0,nan,,ok
16218.123278000001,0.0,,instructions:u,instructions,2844853.0,37.0,nan,,ok
16218.123278000001,0.0,,cycles:u,cycles,2697965.0,35.0,nan,,ok
16218.123278000001,0.0,,branches:u,branches,3701004.0,48.0,nan,,ok
16218.123278000001,0.0,,branch-misses:u,branch-misses,4695696.0,61.0,nan,,ok
16218.123278000001,0.0,,L1-dcache-loads:u,l1-dcache-loads,4831068.0,62.0,nan,,ok
16218.123278000001,0.0,,cache-references:u,cache-references,4875531.0,63.0,nan,,ok
16218.123278000001,0.0,,cache-misses:u,cache-misses,5042505.0,65.0,nan,,ok
16218.123278000001,0.0,,stalled-cycles-frontend:u,stalled-cycles-frontend,1845036.0,23.0,nan,,ok
16228.815105999998,0.0,,instructions:u,instructions,1226483.0,54.0,nan,,ok
16228.815105999998,0.0,,cycles:u,cycles,218462.0,9.0,nan,,ok
16228.815105999998,0.0,,branches:u,branches,218462.0,9.0,nan,,ok
16228.815105999998,0.0,,branch-misses:u,branch-misses,218462.0,9.0,nan,,ok
16228.815105999998,nan,,L1-dcache-loads:u,l1-dcache-loads,0.0,0.0,nan,,ok
16228.815105999998,0.0,,cache-references:u,cache-references,931119.0,43.0,nan,,ok
16228.815105999998,0.0,,cache-misses:u,cache-misses,1919054.0,89.0,nan,,ok
16228.815105999998,0.0,,stalled-cycles-frontend:u,stalled-cycles-frontend,1226483.0,57.0,nan,,ok
16239.471565999998,nan,,instructions:u,instructions,0.0,100.0,nan,,ok
16239.471565999998,nan,,cycles:u,cycles,0.0,100.0,nan,,ok
16239.471565999998,nan,,branches:u,branches,0.0,100.0,nan,,ok
16239.471565999998,nan,,branch-misses:u,branch-misses,0.0,100.0,nan,,ok
16239.471565999998,nan,,L1-dcache-loads:u,l1-dcache-loads,0.0,100.0,nan,,ok
16239.471565999998,nan,,cache-references:u,cache-references,0.0,100.0,nan,,ok
16239.471565999998,nan,,cache-misses:u,cache-misses,0.0,100.0,nan,,ok
16239.471565999998,nan,,stalled-cycles-frontend:u,stalled-cycles-frontend,0.0,100.0,nan,,ok
16250.141492,nan,,instructions:u,instructions,0.0,100.0,nan,,ok
16250.141492,nan,,cycles:u,cycles,0.0,100.0,nan,,ok
16250.141492,nan,,branches:u,branches,0.0,100.0,nan,,ok
16250.141492,nan,,branch-misses:u,branch-misses,0.0,100.0,nan,,ok
16250.141492,nan,,L1-dcache-loads:u,l1-dcache-loads,0.0,100.0,nan,,ok
16250.141492,nan,,cache-references:u,cache-references,0.0,100.0,nan,,ok
16250.141492,nan,,cache-misses:u,cache-misses,0.0,100.0,nan,,ok
16250.141492,nan,,stalled-cycles-frontend:u,stalled-cycles-frontend,0.0,100.0,nan,,ok
16260.819515000001,nan,,instructions:u,instructions,0.0,100.0,nan,,ok
16260.819515000001,nan,,cycles:u,cycles,0.0,100.0,nan,,ok
16260.819515000001,nan,,branches:u,branches,0.0,100.0,nan,,ok
16260.819515000001,nan,,branch-misses:u,branch-misses,0.0,100.0,nan,,ok
16260.819515000001,nan,,L1-dcache-loads:u,l1-dcache-loads,0.0,100.0,nan,,ok
16260.819515000001,nan,,cache-references:u,cache-references,0.0,100.0,nan,,ok
16260.819515000001,nan,,cache-misses:u,cache-misses,0.0,100.0,nan,,ok
16260.819515000001,nan,,stalled-cycles-frontend:u,stalled-cycles-frontend,0.0,100.0,nan,,ok
16271.534133,nan,,instructions:u,instructions,0.0,100.0,nan,,ok
16271.534133,nan,,cycles:u,cycles,0.0,100.0,nan,,ok
16271.534133,nan,,branches:u,branches,0.0,100.0,nan,,ok
16271.534133,nan,,branch-misses:u,branch-misses,0.0,100.0,nan,,ok
16271.534133,nan,,L1-dcache-loads:u,l1-dcache-loads,0.0,100.0,nan,,ok
16271.534133,nan,,cache-references:u,cache-references,0.0,100.0,nan,,ok
16271.534133,nan,,cache-misses:u,cache-misses,0.0,100.0,nan,,ok
16271.534133,nan,,stalled-cycles-frontend:u,stalled-cycles-frontend,0.0,100.0,nan,,ok
16282.201083,nan,,instructions:u,instructions,0.0,100.0,nan,,ok
16282.201083,nan,,cycles:u,cycles,0.0,100.0,nan,,ok
16282.201083,nan,,branches:u,branches,0.0,100.0,nan,,ok
16282.201083,nan,,branch-misses:u,branch-misses,0.0,100.0,nan,,ok
16282.201083,nan,,L1-dcache-loads:u,l1-dcache-loads,0.0,100.0,nan,,ok
16282.201083,nan,,cache-references:u,cache-references,0.0,100.0,nan,,ok
16282.201083,nan,,cache-misses:u,cache-misses,0.0,100.0,nan,,ok
16282.201083,nan,,stalled-cycles-frontend:u,stalled-cycles-frontend,0.0,100.0,nan,,ok
16292.853792999998,0.0,,instructions:u,instructions,1949363.0,28.0,nan,,ok
16292.853792999998,0.0,,cycles:u,cycles,2950255.0,43.0,nan,,ok
16292.853792999998,0.0,,branches:u,branches,3943446.0,57.0,nan,,ok
16292.853792999998,0.0,,branch-misses:u,branch-misses,4955862.0,72.0,nan,,ok
16292.853792999998,0.0,,L1-dcache-loads:u,l1-dcache-loads,4988864.0,73.0,nan,,ok
16292.853792999998,0.0,,cache-references:u,cache-references,4865453.0,71.0,nan,,ok
16292.853792999998,0.0,,cache-misses:u,cache-misses,3864561.0,56.0,nan,,ok
16292.853792999998,0.0,,stalled-cycles-frontend:u,stalled-cycles-frontend,953582.0,13.0,nan,,ok
16303.502247,nan,,instructions:u,instructions,0.0,100.0,nan,,ok
16303.502247,nan,,cycles:u,cycles,0.0,100.0,nan,,ok
16303.502247,nan,,branches:u,branches,0.0,100.0,nan,,ok
16303.502247,nan,,branch-misses:u,branch-misses,0.0,100.0,nan,,ok
16303.502247,nan,,L1-dcache-loads:u,l1-dcache-loads,0.0,100.0,nan,,ok
16303.502247,nan,,cache-references:u,cache-references,0.0,100.0,nan,,ok
16303.502247,nan,,cache-misses:u,cache-misses,0.0,100.0,nan,,ok
16303.502247,nan,,stalled-cycles-frontend:u,stalled-cycles-frontend,0.0,100.0,nan,,ok
16314.108574999998,nan,,instructions:u,instructions,0.0,100.0,nan,,ok
16314.108574999998,nan,,cycles:u,cycles,0.0,100.0,nan,,ok
16314.108574999998,nan,,branches:u,branches,0.0,100.0,nan,,ok
16314.108574999998,nan,,branch-misses:u,branch-misses,0.0,100.0,nan,,ok
16314.108574999998,nan,,L1-dcache-loads:u,l1-dcache-loads,0.0,100.0,nan,,ok
16314.108574999998,nan,,cache-references:u,cache-references,0.0,100.0,nan,,ok
16314.108574999998,nan,,cache-misses:u,cache-misses,0.0,100.0,nan,,ok
16314.108574999998,nan,,stalled-cycles-frontend:u,stalled-cycles-frontend,0.0,100.0,nan,,ok
16324.753608,nan,,instructions:u,instructions,0.0,100.0,nan,,ok
16324.753608,nan,,cycles:u,cycles,0.0,100.0,nan,,ok
16324.753608,nan,,branches:u,branches,0.0,100.0,nan,,ok
16324.753608,nan,,branch-misses:u,branch-misses,0.0,100.0,nan,,ok
16324.753608,nan,,L1-dcache-loads:u,l1-dcache-loads,0.0,100.0,nan,,ok
16324.753608,nan,,cache-references:u,cache-references,0.0,100.0,nan,,ok
16324.753608,nan,,cache-misses:u,cache-misses,0.0,100.0,nan,,ok
16324.753608,nan,,stalled-cycles-frontend:u,stalled-cycles-frontend,0.0,100.0,nan,,ok
16335.380264000001,0.0,,instructions:u,instructions,2999161.0,68.0,nan,,ok
16335.380264000001,0.0,,cycles:u,cycles,2355322.0,54.0,nan,,ok
16335.380264000001,0.0,,branches:u,branches,2355322.0,54.0,nan,,ok
16335.380264000001,0.0,,branch-misses:u,branch-misses,2355322.0,54.0,nan,,ok
16335.380264000001,0.0,,L1-dcache-loads:u,l1-dcache-loads,1351883.0,31.0,nan,,ok
16335.380264000001,0.0,,cache-references:u,cache-references,1351356.0,31.0,nan,,ok
16335.380264000001,0.0,,cache-misses:u,cache-misses,1995195.0,45.0,nan,,ok
16335.380264000001,0.0,,stalled-cycles-frontend:u,stalled-cycles-frontend,2004561.0,46.0,nan,,ok
16346.021358000002,nan,,instructions:u,instructions,0.0,100.0,nan,,ok
16346.021358000002,nan,,cycles:u,cycles,0.0,100.0,nan,,ok
16346.021358000002,nan,,branches:u,branches,0.0,100.0,nan,,ok
16346.021358000002,nan,,branch-misses:u,branch-misses,0.0,100.0,nan,,ok
16346.021358000002,nan,,L1-dcache-loads:u,l1-dcache-loads,0.0,100.0,nan,,ok
16346.021358000002,nan,,cache-references:u,cache-references,0.0,100.0,nan,,ok
16346.021358000002,nan,,cache-misses:u,cache-misses,0.0,100.0,nan,,ok
16346.021358000002,nan,,stalled-cycles-frontend:u,stalled-cycles-frontend,0.0,100.0,nan,,ok
16356.678057,nan,,instructions:u,instructions,0.0,100.0,nan,,ok
16356.678057,nan,,cycles:u,cycles,0.0,100.0,nan,,ok
16356.678057,nan,,branches:u,branches,0.0,100.0,nan,,ok
16356.678057,nan,,branch-misses:u,branch-misses,0.0,100.0,nan,,ok
16356.678057,nan,,L1-dcache-loads:u,l1-dcache-loads,0.0,100.0,nan,,ok
16356.678057,nan,,cache-references:u,cache-references,0.0,100.0,nan,,ok
16356.678057,nan,,cache-misses:u,cache-misses,0.0,100.0,nan,,ok
16356.678057,nan,,stalled-cycles-frontend:u,stalled-cycles-frontend,0.0,100.0,nan,,ok
16367.316652,nan,,instructions:u,instructions,0.0,100.0,nan,,ok
16367.316652,nan,,cycles:u,cycles,0.0,100.0,nan,,ok
16367.316652,nan,,branches:u,branches,0.0,100.0,nan,,ok
16367.316652,nan,,branch-misses:u,branch-misses,0.0,100.0,nan,,ok
16367.316652,nan,,L1-dcache-loads:u,l1-dcache-loads,0.0,100.0,nan,,ok
16367.316652,nan,,cache-references:u,cache-references,0.0,100.0,nan,,ok
16367.316652,nan,,cache-misses:u,cache-misses,0.0,100.0,nan,,ok
16367.316652,nan,,stalled-cycles-frontend:u,stalled-cycles-frontend,0.0,100.0,nan,,ok
16377.954993,nan,,instructions:u,instructions,0.0,0.0,nan,,ok
16377.954993,0.0,,cycles:u,cycles,995703.0,26.0,nan,,ok
16377.954993,0.0,,branches:u,branches,1972992.0,51.0,nan,,ok
16377.954993,0.0,,branch-misses:u,branch-misses,2976048.0,77.0,nan,,ok
16377.954993,0.0,,L1-dcache-loads:u,l1-dcache-loads,3859588.0,100.0,nan,,ok
16377.954993,0.0,,cache-references:u,cache-references,3889153.0,100.0,nan,,ok
16377.954993,0.0,,cache-misses:u,cache-misses,2923926.0,74.0,nan,,ok
16377.954993,nan,,stalled-cycles-frontend:u,stalled-cycles-frontend,0.0,0.0,nan,,ok
16388.807542,0.0,,instructions:u,instructions,1630548.0,57.0,nan,,ok
16388.807542,0.0,,cycles:u,cycles,589109.0,21.0,nan,,ok
16388.807542,0.0,,branches:u,branches,589109.0,21.0,nan,,ok
16388.807542,0.0,,branch-misses:u,branch-misses,589109.0,21.0,nan,,ok
16388.807542,0.0,,L1-dcache-loads:u,l1-dcache-loads,111970.0,4.0,nan,,ok
16388.807542,0.0,,cache-references:u,cache-references,1084191.0,39.0,nan,,ok
16388.807542,0.0,,cache-misses:u,cache-misses,2095154.0,78.0,nan,,ok
16388.807542,0.0,,stalled-cycles-frontend:u,stalled-cycles-frontend,1630548.0,61.0,nan,,ok
16399.47122,nan,,instructions:u,instructions,0.0,100.0,nan,,ok
16399.47122,nan,,cycles:u,cycles,0.0,100.0,nan,,ok
16399.47122,nan,,branches:u,branches,0.0,100.0,nan,,ok
16399.47122,nan,,branch-misses:u,branch-misses,0.0,100.0,nan,,ok
16399.47122,nan,,L1-dcache-loads:u,l1-dcache-loads,0.0,100.0,nan,,ok
16399.47122,nan,,cache-references:u,cache-references,0.0,100.0,nan,,ok
16399.47122,nan,,cache-misses:u,cache-misses,0.0,100.0,nan,,ok
16399.47122,nan,,stalled-cycles-frontend:u,stalled-cycles-frontend,0.0,100.0,nan,,ok
16410.086561,nan,,instructions:u,instructions,0.0,100.0,nan,,ok
16410.086561,nan,,cycles:u,cycles,0.0,100.0,nan,,ok
16410.086561,nan,,branches:u,branches,0.0,100.0,nan,,ok
16410.086561,nan,,branch-misses:u,branch-misses,0.0,100.0,nan,,ok
16410.086561,nan,,L1-dcache-loads:u,l1-dcache-loads,0.0,100.0,nan,,ok
16410.086561,nan,,cache-references:u,cache-references,0.0,100.0,nan,,ok
16410.086561,nan,,cache-misses:u,cache-misses,0.0,100.0,nan,,ok
16410.086561,nan,,stalled-cycles-frontend:u,stalled-cycles-frontend,0.0,100.0,nan,,ok
16420.804425,nan,,instructions:u,instructions,0.0,100.0,nan,,ok
16420.804425,nan,,cycles:u,cycles,0.0,100.0,nan,,ok
16420.804425,nan,,branches:u,branches,0.0,100.0,nan,,ok
16420.804425,nan,,branch-misses:u,branch-misses,0.0,100.0,nan,,ok
16420.804425,nan,,L1-dcache-loads:u,l1-dcache-loads,0.0,100.0,nan,,ok
16420.804425,nan,,cache-references:u,cache-references,0.0,100.0,nan,,ok
16420.804425,nan,,cache-misses:u,cache-misses,0.0,100.0,nan,,ok
16420.804425,nan,,stalled-cycles-frontend:u,stalled-cycles-frontend,0.0,100.0,nan,,ok
16431.433305,nan,,instructions:u,instructions,0.0,100.0,nan,,ok
16431.433305,nan,,cycles:u,cycles,0.0,100.0,nan,,ok
16431.433305,nan,,branches:u,branches,0.0,100.0,nan,,ok
16431.433305,nan,,branch-misses:u,branch-misses,0.0,100.0,nan,,ok
16431.433305,nan,,L1-dcache-loads:u,l1-dcache-loads,0.0,100.0,nan,,ok
16431.433305,nan,,cache-references:u,cache-references,0.0,100.0,nan,,ok
16431.433305,nan,,cache-misses:u,cache-misses,0.0,100.0,nan,,ok
16431.433305,nan,,stalled-cycles-frontend:u,stalled-cycles-frontend,0.0,100.0,nan,,ok
16442.050097,nan,,instructions:u,instructions,0.0,100.0,nan,,ok
16442.050097,nan,,cycles:u,cycles,0.0,100.0,nan,,ok
16442.050097,nan,,branches:u,branches,0.0,100.0,nan,,ok
16442.050097,nan,,branch-misses:u,branch-misses,0.0,100.0,nan,,ok
16442.050097,nan,,L1-dcache-loads:u,l1-dcache-loads,0.0,100.0,nan,,ok
16442.050097,nan,,cache-references:u,cache-references,0.0,100.0,nan,,ok
16442.050097,nan,,cache-misses:u,cache-misses,0.0,100.0,nan,,ok
16442.050097,nan,,stalled-cycles-frontend:u,stalled-cycles-frontend,0.0,100.0,nan,,ok
16452.730427,0.0,,instructions:u,instructions,1977996.0,55.0,nan,,ok
16452.730427,0.0,,cycles:u,cycles,2974101.0,83.0,nan,,ok
16452.730427,0.0,,branches:u,branches,3599326.0,100.0,nan,,ok
16452.730427,0.0,,branch-misses:u,branch-misses,3639723.0,100.0,nan,,ok
16452.730427,0.0,,L1-dcache-loads:u,l1-dcache-loads,2697270.0,73.0,nan,,ok
16452.730427,0.0,,cache-references:u,cache-references,1733218.0,46.0,nan,,ok
16452.730427,0.0,,cache-misses:u,cache-misses,774805.0,20.0,nan,,ok
16452.730427,0.0,,stalled-cycles-frontend:u,stalled-cycles-frontend,975545.0,25.0,nan,,ok
16463.647148,0.0,,instructions:u,instructions,35831.0,1.0,nan,,ok
16463.647148,nan,,cycles:u,cycles,0.0,0.0,nan,,ok
16463.647148,0.0,,branches:u,branches,373730.0,10.0,nan,,ok
16463.647148,0.0,,branch-misses:u,branch-misses,1338165.0,39.0,nan,,ok
16463.647148,0.0,,L1-dcache-loads:u,l1-dcache-loads,2299481.0,68.0,nan,,ok
16463.647148,0.0,,cache-references:u,cache-references,3262902.0,98.0,nan,,ok
16463.647148,0.0,,cache-misses:u,cache-misses,3261041.0,100.0,nan,,ok
16463.647148,0.0,,stalled-cycles-frontend:u,stalled-cycles-frontend,35831.0,1.0,nan,,ok
16474.385229,nan,,instructions:u,instructions,0.0,100.0,nan,,ok
16474.385229,nan,,cycles:u,cycles,0.0,100.0,nan,,ok
16474.385229,nan,,branches:u,branches,0.0,100.0,nan,,ok
16474.385229,nan,,branch-misses:u,branch-misses,0.0,100.0,nan,,ok
16474.385229,nan,,L1-dcache-loads:u,l1-dcache-loads,0.0,100.0,nan,,ok
16474.385229,nan,,cache-references:u,cache-references,0.0,100.0,nan,,ok
16474.385229,nan,,cache-misses:u,cache-misses,0.0,100.0,nan,,ok
16474.385229,nan,,stalled-cycles-frontend:u,stalled-cycles-frontend,0.0,100.0,nan,,ok
16485.073753,nan,,instructions:u,instructions,0.0,100.0,nan,,ok
16485.073753,nan,,cycles:u,cycles,0.0,100.0,nan,,ok
16485.073753,nan,,branches:u,branches,0.0,100.0,nan,,ok
16485.073753,nan,,branch-misses:u,branch-misses,0.0,100.0,nan,,ok
16485.073753,nan,,L1-dcache-loads:u,l1-dcache-loads,0.0,100.0,nan,,ok
16485.073753,nan,,cache-references:u,cache-references,0.0,100.0,nan,,ok
16485.073753,nan,,cache-misses:u,cache-misses,0.0,100.0,nan,,ok
16485.073753,nan,,stalled-cycles-frontend:u,stalled-cycles-frontend,0.0,100.0,nan,,ok
16495.784685,nan,,instructions:u,instructions,0.0,100.0,nan,,ok
16495.784685,nan,,cycles:u,cycles,0.0,100.0,nan,,ok
16495.784685,nan,,branches:u,branches,0.0,100.0,nan,,ok
16495.784685,nan,,branch-misses:u,branch-misses,0.0,100.0,nan,,ok
16495.784685,nan,,L1-dcache-loads:u,l1-dcache-loads,0.0,100.0,nan,,ok
16495.784685,nan,,cache-references:u,cache-references,0.0,100.0,nan,,ok
16495.784685,nan,,cache-misses:u,cache-misses,0.0,100.0,nan,,ok
16495.784685,nan,,stalled-cycles-frontend:u,stalled-cycles-frontend,0.0,100.0,nan,,ok
16506.454673,nan,,instructions:u,instructions,0.0,100.0,nan,,ok
16506.454673,nan,,cycles:u,cycles,0.0,100.0,nan,,ok
16506.454673,nan,,branches:u,branches,0.0,100.0,nan,,ok
16506.454673,nan,,branch-misses:u,branch-misses,0.0,100.0,nan,,ok
16506.454673,nan,,L1-dcache-loads:u,l1-dcache-loads,0.0,100.0,nan,,ok
16506.454673,nan,,cache-references:u,cache-references,0.0,100.0,nan,,ok
16506.454673,nan,,cache-misses:u,cache-misses,0.0,100.0,nan,,ok
16506.454673,nan,,stalled-cycles-frontend:u,stalled-cycles-frontend,0.0,100.0,nan,,ok
16517.154689000003,0.0,,instructions:u,instructions,2962421.0,41.0,nan,,ok
16517.154689000003,0.0,,cycles:u,cycles,2958104.0,41.0,nan,,ok
16517.154689000003,0.0,,branches:u,branches,3959621.0,54.0,nan,,ok
16517.154689000003,0.0,,branch-misses:u,branch-misses,4957961.0,68.0,nan,,ok
16517.154689000003,0.0,,L1-dcache-loads:u,l1-dcache-loads,5002344.0,69.0,nan,,ok
16517.154689000003,0.0,,cache-references:u,cache-references,4247082.0,58.0,nan,,ok
16517.154689000003,0.0,,cache-misses:u,cache-misses,4251399.0,58.0,nan,,ok
16517.154689000003,0.0,,stalled-cycles-frontend:u,stalled-cycles-frontend,1956494.0,27.0,nan,,ok
16527.914119999998,nan,,instructions:u,instructions,0.0,100.0,nan,,ok
16527.914119999998,nan,,cycles:u,cycles,0.0,100.0,nan,,ok
16527.914119999998,nan,,branches:u,branches,0.0,100.0,nan,,ok
16527.914119999998,nan,,branch-misses:u,branch-misses,0.0,100.0,nan,,ok
16527.914119999998,nan,,L1-dcache-loads:u,l1-dcache-loads,0.0,100.0,nan,,ok
16527.914119999998,nan,,cache-references:u,cache-references,0.0,100.0,nan,,ok
16527.914119999998,nan,,cache-misses:u,cache-misses,0.0,100.0,nan,,ok
16527.914119999998,nan,,stalled-cycles-frontend:u,stalled-cycles-frontend,0.0,100.0,nan,,ok
16538.546262,nan,,instructions:u,instructions,0.0,100.0,nan,,ok
16538.546262,nan,,cycles:u,cycles,0.0,100.0,nan,,ok
16538.546262,nan,,branches:u,branches,0.0,100.0,nan,,ok
16538.546262,nan,,branch-misses:u,branch-misses,0.0,100.0,nan,,ok
16538.546262,nan,,L1-dcache-loads:u,l1-dcache-loads,0.0,100.0,nan,,ok
16538.546262,nan,,cache-references:u,cache-references,0.0,100.0,nan,,ok
16538.546262,nan,,cache-misses:u,cache-misses,0.0,100.0,nan,,ok
16538.546262,nan,,stalled-cycles-frontend:u,stalled-cycles-frontend,0.0,100.0,nan,,ok
16549.26368,nan,,instructions:u,instructions,0.0,100.0,nan,,ok
16549.26368,nan,,cycles:u,cycles,0.0,100.0,nan,,ok
16549.26368,nan,,branches:u,branches,0.0,100.0,nan,,ok
16549.26368,nan,,branch-misses:u,branch-misses,0.0,100.0,nan,,ok
16549.26368,nan,,L1-dcache-loads:u,l1-dcache-loads,0.0,100.0,nan,,ok
16549.26368,nan,,cache-references:u,cache-references,0.0,100.0,nan,,ok
16549.26368,nan,,cache-misses:u,cache-misses,0.0,100.0,nan,,ok
16549.26368,nan,,stalled-cycles-frontend:u,stalled-cycles-frontend,0.0,100.0,nan,,ok
16559.910991,0.0,,instructions:u,instructions,3757942.0,40.0,nan,,ok
16559.910991,0.0,,cycles:u,cycles,3000701.0,32.0,nan,,ok
16559.910991,0.0,,branches:u,branches,3991692.0,42.0,nan,,ok
16559.910991,0.0,,branch-misses:u,branch-misses,4998838.0,53.0,nan,,ok
16559.910991,0.0,,L1-dcache-loads:u,l1-dcache-loads,5000878.0,53.0,nan,,ok
16559.910991,0.0,,cache-references:u,cache-references,5533734.0,59.0,nan,,ok
16559.910991,0.0,,cache-misses:u,cache-misses,6358451.0,67.0,nan,,ok
16559.910991,0.0,,stalled-cycles-frontend:u,stalled-cycles-frontend,2842448.0,30.0,nan,,ok
16570.60492,0.0,,instructions:u,instructions,5115677.0,50.0,nan,,ok
16570.60492,0.0,,cycles:u,cycles,4500823.0,44.0,nan,,ok
16570.60492,0.0,,branches:u,branches,5528722.0,54.0,nan,,ok
16570.60492,0.0,,branch-misses:u,branch-misses,6558705.0,64.0,nan,,ok
16570.60492,0.0,,L1-dcache-loads:u,l1-dcache-loads,5578179.0,54.0,nan,,ok
16570.60492,0.0,,cache-references:u,cache-references,5005034.0,49.0,nan,,ok
16570.60492,0.0,,cache-misses:u,cache-misses,5585643.0,54.0,nan,,ok
16570.60492,0.0,,stalled-cycles-frontend:u,stalled-cycles-frontend,3579034.0,35.0,nan,,ok
16581.358693,0.0,,instructions:u,instructions,3213721.0,37.0,nan,,ok
16581.358693,0.0,,cycles:u,cycles,3567071.0,41.0,nan,,ok
16581.358693,0.0,,branches:u,branches,4563837.0,53.0,nan,,ok
16581.358693,0.0,,branch-misses:u,branch-misses,5539323.0,64.0,nan,,ok
16581.358693,0.0,,L1-dcache-loads:u,l1-dcache-loads,5539240.0,64.0,nan,,ok
16581.358693,0.0,,cache-references:u,cache-references,5363530.0,62.0,nan,,ok
16581.358693,0.0,,cache-misses:u,cache-misses,5000939.0,58.0,nan,,ok
16581.358693,0.0,,stalled-cycles-frontend:u,stalled-cycles-frontend,2000775.0,23.0,nan,,ok
16592.029069,0.0,,instructions:u,instructions,3801299.0,37.0,nan,,ok
16592.029069,0.0,,cycles:u,cycles,4673595.0,46.0,nan,,ok
16592.029069,0.0,,branches:u,branches,5687471.0,56.0,nan,,ok
16592.029069,0.0,,branch-misses:u,branch-misses,6686533.0,66.0,nan,,ok
16592.029069,0.0,,L1-dcache-loads:u,l1-dcache-loads,6675120.0,65.0,nan,,ok
16592.029069,0.0,,cache-references:u,cache-references,6491709.0,63.0,nan,,ok
16592.029069,0.0,,cache-misses:u,cache-misses,5526806.0,54.0,nan,,ok
16592.029069,0.0,,stalled-cycles-frontend:u,stalled-cycles-frontend,2020757.0,19.0,nan,,ok
16602.893509,0.0,,instructions:u,instructions,3003390.0,28.0,nan,,ok
16602.893509,0.0,,cycles:u,cycles,3091995.0,29.0,nan,,ok
16602.893509,0.0,,branches:u,branches,5093915.0,48.0,nan,,ok
16602.893509,0.0,,branch-misses:u,branch-misses,6639514.0,63.0,nan,,ok
16602.893509,0.0,,L1-dcache-loads:u,l1-dcache-loads,7393944.0,71.0,nan,,ok
16602.893509,0.0,,cache-references:u,cache-references,7340362.0,70.0,nan,,ok
16602.893509,0.0,,cache-misses:u,cache-misses,7344386.0,71.0,nan,,ok
16602.893509,0.0,,stalled-cycles-frontend:u,stalled-cycles-frontend,2006307.0,19.0,nan,,ok
16613.651918,0.0,,instructions:u,instructions,4513598.0,41.0,nan,,ok
16613.651918,0.0,,cycles:u,cycles,3529154.0,32.0,nan,,ok
16613.651918,0.0,,branches:u,branches,4546247.0,42.0,nan,,ok
16613.651918,0.0,,branch-misses:u,branch-misses,5569013.0,51.0,nan,,ok
16613.651918,0.0,,L1-dcache-loads:u,l1-dcache-loads,5181749.0,48.0,nan,,ok
16613.651918,0.0,,cache-references:u,cache-references,6173866.0,57.0,nan,,ok
16613.651918,0.0,,cache-misses:u,cache-misses,7156755.0,66.0,nan,,ok
16613.651918,0.0,,stalled-cycles-frontend:u,stalled-cycles-frontend,3656101.0,33.0,nan,,ok
16624.495022000003,0.0,,instructions:u,instructions,4501051.0,41.0,nan,,ok
16624.495022000003,0.0,,cycles:u,cycles,5468937.0,50.0,nan,,ok
16624.495022000003,0.0,,branches:u,branches,6839856.0,63.0,nan,,ok
16624.495022000003,0.0,,branch-misses:u,branch-misses,7850812.0,72.0,nan,,ok
16624.495022000003,0.0,,L1-dcache-loads:u,l1-dcache-loads,7435567.0,68.0,nan,,ok
16624.495022000003,0.0,,cache-references:u,cache-references,6440439.0,59.0,nan,,ok
16624.495022000003,0.0,,cache-misses:u,cache-misses,5469298.0,50.0,nan,,ok
16624.495022000003,0.0,,stalled-cycles-frontend:u,stalled-cycles-frontend,2377478.0,21.0,nan,,ok
16635.317802999998,0.0,,instructions:u,instructions,3004710.0,32.0,nan,,ok
16635.317802999998,0.0,,cycles:u,cycles,3024387.0,33.0,nan,,ok
16635.317802999998,0.0,,branches:u,branches,4617603.0,50.0,nan,,ok
16635.317802999998,0.0,,branch-misses:u,branch-misses,6051224.0,66.0,nan,,ok
16635.317802999998,0.0,,L1-dcache-loads:u,l1-dcache-loads,6023280.0,66.0,nan,,ok
16635.317802999998,0.0,,cache-references:u,cache-references,6003257.0,66.0,nan,,ok
16635.317802999998,0.0,,cache-misses:u,cache-misses,5964378.0,66.0,nan,,ok
16635.317802999998,0.0,,stalled-cycles-frontend:u,stalled-cycles-frontend,2004801.0,22.0,nan,,ok
16646.037821,0.0,,instructions:u,instructions,3013570.0,37.0,nan,,ok
16646.037821,0.0,,cycles:u,cycles,3015411.0,37.0,nan,,ok
16646.037821,0.0,,branches:u,branches,4694761.0,57.0,nan,,ok
16646.037821,0.0,,branch-misses:u,branch-misses,5219635.0,63.0,nan,,ok
16646.037821,0.0,,L1-dcache-loads:u,l1-dcache-loads,5289245.0,63.0,nan,,ok
16646.037821,0.0,,cache-references:u,cache-references,5357759.0,64.0,nan,,ok
16646.037821,0.0,,cache-misses:u,cache-misses,5424051.0,64.0,nan,,ok
16646.037821,0.0,,stalled-cycles-frontend:u,stalled-cycles-frontend,2004279.0,23.0,nan,,ok
16657.031962,0.0,,instructions:u,instructions,2998865.0,27.0,nan,,ok
16657.031962,0.0,,cycles:u,cycles,2993154.0,27.0,nan,,ok
16657.031962,0.0,,branches:u,branches,4016836.0,36.0,nan,,ok
16657.031962,0.0,,branch-misses:u,branch-misses,5936903.0,54.0,nan,,ok
16657.031962,0.0,,L1-dcache-loads:u,l1-dcache-loads,6865247.0,63.0,nan,,ok
16657.031962,0.0,,cache-references:u,cache-references,7737936.0,72.0,nan,,ok
16657.031962,0.0,,cache-misses:u,cache-misses,7694091.0,71.0,nan,,ok
16657.031962,0.0,,stalled-cycles-frontend:u,stalled-cycles-frontend,2015082.0,18.0,nan,,ok
16667.767264,0.0,,instructions:u,instructions,5630404.0,52.0,nan,,ok
16667.767264,0.0,,cycles:u,cycles,4660108.0,43.0,nan,,ok
16667.767264,0.0,,branches:u,branches,5661700.0,52.0,nan,,ok
16667.767264,0.0,,branch-misses:u,branch-misses,6678752.0,62.0,nan,,ok
16667.767264,0.0,,L1-dcache-loads:u,l1-dcache-loads,5702625.0,52.0,nan,,ok
16667.767264,0.0,,cache-references:u,cache-references,5042046.0,46.0,nan,,ok
16667.767264,0.0,,cache-misses:u,cache-misses,6014767.0,55.0,nan,,ok
16667.767264,0.0,,stalled-cycles-frontend:u,stalled-cycles-frontend,3981964.0,37.0,nan,,ok
16678.571406,0.0,,instructions:u,instructions,3374661.0,31.0,nan,,ok
16678.571406,0.0,,cycles:u,cycles,4359661.0,40.0,nan,,ok
16678.571406,0.0,,branches:u,branches,6345047.0,58.0,nan,,ok
16678.571406,0.0,,branch-misses:u,branch-misses,7788526.0,72.0,nan,,ok
16678.571406,0.0,,L1-dcache-loads:u,l1-dcache-loads,7795775.0,72.0,nan,,ok
16678.571406,0.0,,cache-references:u,cache-references,7518077.0,69.0,nan,,ok
16678.571406,0.0,,cache-misses:u,cache-misses,6539457.0,60.0,nan,,ok
16678.571406,0.0,,stalled-cycles-frontend:u,stalled-cycles-frontend,1999992.0,18.0,nan,,ok
16689.246452,0.0,,instructions:u,instructions,3005093.0,31.0,nan,,ok
16689.246452,0.0,,cycles:u,cycles,3000255.0,31.0,nan,,ok
16689.246452,0.0,,branches:u,branches,3997376.0,42.0,nan,,ok
16689.246452,0.0,,branch-misses:u,branch-misses,5262693.0,56.0,nan,,ok
16689.246452,0.0,,L1-dcache-loads:u,l1-dcache-loads,6237437.0,66.0,nan,,ok
16689.246452,0.0,,cache-references:u,cache-references,6400753.0,68.0,nan,,ok
16689.246452,0.0,,cache-misses:u,cache-misses,6398948.0,68.0,nan,,ok
16689.246452,0.0,,stalled-cycles-frontend:u,stalled-cycles-frontend,2001876.0,21.0,nan,,ok
16699.933382000003,0.0,,instructions:u,instructions,4783594.0,44.0,nan,,ok
16699.933382000003,0.0,,cycles:u,cycles,3813526.0,35.0,nan,,ok
16699.933382000003,0.0,,branches:u,branches,4840238.0,45.0,nan,,ok
16699.933382000003,0.0,,branch-misses:u,branch-misses,5860038.0,54.0,nan,,ok
16699.933382000003,0.0,,L1-dcache-loads:u,l1-dcache-loads,4993260.0,46.0,nan,,ok
16699.933382000003,0.0,,cache-references:u,cache-references,5815909.0,54.0,nan,,ok
16699.933382000003,0.0,,cache-misses:u,cache-misses,6790603.0,63.0,nan,,ok
16699.933382000003,0.0,,stalled-cycles-frontend:u,stalled-cycles-frontend,3915095.0,36.0,nan,,ok
16710.709628,0.0,,instructions:u,instructions,4076559.0,42.0,nan,,ok
16710.709628,0.0,,cycles:u,cycles,4651899.0,48.0,nan,,ok
16710.709628,0.0,,branches:u,branches,5640425.0,58.0,nan,,ok
16710.709628,0.0,,branch-misses:u,branch-misses,6638480.0,68.0,nan,,ok
16710.709628,0.0,,L1-dcache-loads:u,l1-dcache-loads,6503169.0,67.0,nan,,ok
16710.709628,0.0,,cache-references:u,cache-references,5669193.0,58.0,nan,,ok
16710.709628,0.0,,cache-misses:u,cache-misses,4991024.0,51.0,nan,,ok
16710.709628,0.0,,stalled-cycles-frontend:u,stalled-cycles-frontend,2101815.0,21.0,nan,,ok
16721.501666999997,0.0,,instructions:u,instructions,3003685.0,27.0,nan,,ok
16721.501666999997,0.0,,cycles:u,cycles,3427584.0,31.0,nan,,ok
16721.501666999997,0.0,,branches:u,branches,5398944.0,50.0,nan,,ok
16721.501666999997,0.0,,branch-misses:u,branch-misses,7378699.0,68.0,nan,,ok
16721.501666999997,0.0,,L1-dcache-loads:u,l1-dcache-loads,7754255.0,72.0,nan,,ok
16721.501666999997,0.0,,cache-references:u,cache-references,7741220.0,72.0,nan,,ok
16721.501666999997,0.0,,cache-misses:u,cache-misses,7412227.0,68.0,nan,,ok
16721.501666999997,0.0,,stalled-cycles-frontend:u,stalled-cycles-frontend,2001088.0,18.0,nan,,ok
16732.141262999998,0.0,,instructions:u,instructions,4003122.0,37.0,nan,,ok
16732.141262999998,0.0,,cycles:u,cycles,3059054.0,28.0,nan,,ok
16732.141262999998,0.0,,branches:u,branches,4079661.0,38.0,nan,,ok
16732.141262999998,0.0,,branch-misses:u,branch-misses,5090476.0,47.0,nan,,ok
16732.141262999998,0.0,,L1-dcache-loads:u,l1-dcache-loads,5616396.0,52.0,nan,,ok
16732.141262999998,0.0,,cache-references:u,cache-references,6581215.0,61.0,nan,,ok
16732.141262999998,0.0,,cache-misses:u,cache-misses,7559311.0,70.0,nan,,ok
16732.141262999998,0.0,,stalled-cycles-frontend:u,stalled-cycles-frontend,3136951.0,29.0,nan,,ok
16742.861406,0.0,,instructions:u,instructions,3550985.0,42.0,nan,,ok
16742.861406,0.0,,cycles:u,cycles,3258070.0,39.0,nan,,ok
16742.861406,0.0,,branches:u,branches,4231919.0,51.0,nan,,ok
16742.861406,0.0,,branch-misses:u,branch-misses,5211260.0,63.0,nan,,ok
16742.861406,0.0,,L1-dcache-loads:u,l1-dcache-loads,4776814.0,58.0,nan,,ok
16742.861406,0.0,,cache-references:u,cache-references,4758561.0,58.0,nan,,ok
16742.861406,0.0,,cache-misses:u,cache-misses,5000006.0,61.0,nan,,ok
16742.861406,0.0,,stalled-cycles-frontend:u,stalled-cycles-frontend,2398691.0,29.0,nan,,ok
16753.567974999998,0.0,,instructions:u,instructions,4702461.0,46.0,nan,,ok
16753.567974999998,0.0,,cycles:u,cycles,5183101.0,50.0,nan,,ok
16753.567974999998,0.0,,branches:u,branches,6204830.0,60.0,nan,,ok
16753.567974999998,0.0,,branch-misses:u,branch-misses,7224574.0,70.0,nan,,ok
16753.567974999998,0.0,,L1-dcache-loads:u,l1-dcache-loads,6543455.0,63.0,nan,,ok
16753.567974999998,0.0,,cache-references:u,cache-references,5560012.0,54.0,nan,,ok
16753.567974999998,0.0,,cache-misses:u,cache-misses,4992561.0,48.0,nan,,ok
16753.567974999998,0.0,,stalled-cycles-frontend:u,stalled-cycles-frontend,2700694.0,26.0,nan,,ok
16764.367689,0.0,,instructions:u,instructions,2995791.0,29.0,nan,,ok
16764.367689,0.0,,cycles:u,cycles,3529148.0,35.0,nan,,ok
16764.367689,429.0,,branches:u,branches,5681550.0,54.0,nan,,ok
16764.367689,48.0,,branch-misses:u,branch-misses,7291691.0,70.0,11.19,of all branches,ok
16764.367689,535.0,,L1-dcache-loads:u,l1-dcache-loads,7352724.0,70.0,nan,,ok
16764.367689,450.0,,cache-references:u,cache-references,7345138.0,71.0,nan,,ok
16764.367689,326.0,,cache-misses:u,cache-misses,6898592.0,66.0,72.44,of all cache refs,ok
16764.367689,0.0,,stalled-cycles-frontend:u,stalled-cycles-frontend,1993994.0,20.0,nan,,ok
16775.144033,47.0,,instructions:u,instructions,3055788.0,31.0,nan,,ok
16775.144033,nan,,,,nan,nan,711.85,stalled cycles per insn,unknown
16775.144033,0.0,,cycles:u,cycles,2957288.0,31.0,nan,,ok
16775.144033,0.0,,branches:u,branches,3971500.0,41.0,nan,,ok
16775.144033,22.0,,branch-misses:u,branch-misses,5506904.0,57.0,nan,,ok
16775.144033,249.0,,L1-dcache-loads:u,l1-dcache-loads,6552122.0,68.0,nan,,ok
16775.144033,229.0,,cache-references:u,cache-references,6867161.0,70.0,nan,,ok
16775.144033,125.0,,cache-misses:u,cache-misses,6998307.0,70.0,54.59,of all cache refs,ok
16775.144033,33457.0,,stalled-cycles-frontend:u,stalled-cycles-frontend,2101706.0,21.0,nan,,ok
16785.932209,0.0,,instructions:u,instructions,3043770.0,67.0,nan,,ok
16785.932209,0.0,,cycles:u,cycles,2509918.0,55.0,nan,,ok
16785.932209,10.0,,branches:u,branches,2666053.0,57.0,nan,,ok
16785.932209,5.0,,branch-misses:u,branch-misses,2666053.0,57.0,50.0,of all branches,ok
16785.932209,49.0,,L1-dcache-loads:u,l1-dcache-loads,1665037.0,36.0,nan,,ok
16785.932209,72.0,,cache-references:u,cache-references,1511372.0,33.0,nan,,ok
16785.932209,42.0,,cache-misses:u,cache-misses,2012578.0,44.0,58.33,of all cache refs,ok
16785.932209,0.0,,stalled-cycles-frontend:u,stalled-cycles-frontend,2001959.0,45.0,nan,,ok
16796.598182,nan,,instructions:u,instructions,0.0,0.0,nan,,ok
16796.598182,0.0,,cycles:u,cycles,984316.0,23.0,nan,,ok
16796.598182,0.0,,branches:u,branches,1979289.0,48.0,nan,,ok
16796.598182,0.0,,branch-misses:u,branch-misses,2981296.0,72.0,nan,,ok
16796.598182,0.0,,L1-dcache-loads:u,l1-dcache-loads,3986900.0,96.0,nan,,ok
16796.598182,0.0,,cache-references:u,cache-references,4121684.0,100.0,nan,,ok
16796.598182,0.0,,cache-misses:u,cache-misses,3137368.0,76.0,nan,,ok
16796.598182,nan,,stalled-cycles-frontend:u,stalled-cycles-frontend,0.0,0.0,nan,,ok
16807.247115,nan,,instructions:u,instructions,0.0,100.0,nan,,ok
16807.247115,nan,,cycles:u,cycles,0.0,100.0,nan,,ok
16807.247115,nan,,branches:u,branches,0.0,100.0,nan,,ok
16807.247115,nan,,branch-misses:u,branch-misses,0.0,100.0,nan,,ok
16807.247115,nan,,L1-dcache-loads:u,l1-dcache-loads,0.0,100.0,nan,,ok
16807.247115,nan,,cache-references:u,cache-references,0.0,100.0,nan,,ok
16807.247115,nan,,cache-misses:u,cache-misses,0.0,100.0,nan,,ok
16807.247115,nan,,stalled-cycles-frontend:u,stalled-cycles-frontend,0.0,100.0,nan,,ok
16817.864937,nan,,instructions:u,instructions,0.0,100.0,nan,,ok
16817.864937,nan,,cycles:u,cycles,0.0,100.0,nan,,ok
16817.864937,nan,,branches:u,branches,0.0,100.0,nan,,ok
16817.864937,nan,,branch-misses:u,branch-misses,0.0,100.0,nan,,ok
16817.864937,nan,,L1-dcache-loads:u,l1-dcache-loads,0.0,100.0,nan,,ok
16817.864937,nan,,cache-references:u,cache-references,0.0,100.0,nan,,ok
16817.864937,nan,,cache-misses:u,cache-misses,0.0,100.0,nan,,ok
16817.864937,nan,,stalled-cycles-frontend:u,stalled-cycles-frontend,0.0,100.0,nan,,ok
16828.449967,0.0,,instructions:u,instructions,306849.0,23.0,nan,,ok
16828.449967,nan,,cycles:u,cycles,0.0,0.0,nan,,ok
16828.449967,nan,,branches:u,branches,0.0,0.0,nan,,ok
16828.449967,nan,,branch-misses:u,branch-misses,0.0,0.0,nan,,ok
16828.449967,nan,,L1-dcache-loads:u,l1-dcache-loads,0.0,0.0,nan,,ok
16828.449967,0.0,,cache-references:u,cache-references,978009.0,73.0,nan,,ok
16828.449967,0.0,,cache-misses:u,cache-misses,1382804.0,100.0,nan,,ok
16828.449967,0.0,,stalled-cycles-frontend:u,stalled-cycles-frontend,497660.0,33.0,nan,,ok
16839.216,0.0,,instructions:u,instructions,2692443.0,57.0,nan,,ok
16839.216,0.0,,cycles:u,cycles,3009071.0,64.0,nan,,ok
16839.216,0.0,,branches:u,branches,3963179.0,85.0,nan,,ok
16839.216,0.0,,branch-misses:u,branch-misses,3963179.0,85.0,nan,,ok
16839.216,0.0,,L1-dcache-loads:u,l1-dcache-loads,2962959.0,64.0,nan,,ok
16839.216,0.0,,cache-references:u,cache-references,1961033.0,42.0,nan,,ok
16839.216,0.0,,cache-misses:u,cache-misses,1546459.0,33.0,nan,,ok
16839.216,0.0,,stalled-cycles-frontend:u,stalled-cycles-frontend,1499706.0,33.0,nan,,ok
16849.809059,nan,,instructions:u,instructions,0.0,100.0,nan,,ok
16849.809059,nan,,cycles:u,cycles,0.0,100.0,nan,,ok
16849.809059,nan,,branches:u,branches,0.0,100.0,nan,,ok
16849.809059,nan,,branch-misses:u,branch-misses,0.0,100.0,nan,,ok
16849.809059,nan,,L1-dcache-loads:u,l1-dcache-loads,0.0,100.0,nan,,ok
16849.809059,nan,,cache-references:u,cache-references,0.0,100.0,nan,,ok
16849.809059,nan,,cache-misses:u,cache-misses,0.0,100.0,nan,,ok
16849.809059,nan,,stalled-cycles-frontend:u,stalled-cycles-frontend,0.0,100.0,nan,,ok
16860.440028999998,nan,,instructions:u,instructions,0.0,100.0,nan,,ok
16860.440028999998,nan,,cycles:u,cycles,0.0,100.0,nan,,ok
16860.440028999998,nan,,branches:u,branches,0.0,100.0,nan,,ok
16860.440028999998,nan,,branch-misses:u,branch-misses,0.0,100.0,nan,,ok
16860.440028999998,nan,,L1-dcache-loads:u,l1-dcache-loads,0.0,100.0,nan,,ok
16860.440028999998,nan,,cache-references:u,cache-references,0.0,100.0,nan,,ok
16860.440028999998,nan,,cache-misses:u,cache-misses,0.0,100.0,nan,,ok
16860.440028999998,nan,,stalled-cycles-frontend:u,stalled-cycles-frontend,0.0,100.0,nan,,ok
16871.131115,nan,,instructions:u,instructions,0.0,100.0,nan,,ok
16871.131115,nan,,cycles:u,cycles,0.0,100.0,nan,,ok
16871.131115,nan,,branches:u,branches,0.0,100.0,nan,,ok
16871.131115,nan,,branch-misses:u,branch-misses,0.0,100.0,nan,,ok
16871.131115,nan,,L1-dcache-loads:u,l1-dcache-loads,0.0,100.0,nan,,ok
16871.131115,nan,,cache-references:u,cache-references,0.0,100.0,nan,,ok
16871.131115,nan,,cache-misses:u,cache-misses,0.0,100.0,nan,,ok
16871.131115,nan,,stalled-cycles-frontend:u,stalled-cycles-frontend,0.0,100.0,nan,,ok
16881.75516,nan,,instructions:u,instructions,0.0,0.0,nan,,ok
16881.75516,nan,,cycles:u,cycles,0.0,0.0,nan,,ok
16881.75516,0.0,,branches:u,branches,992380.0,62.0,nan,,ok
16881.75516,0.0,,branch-misses:u,branch-misses,1611066.0,100.0,nan,,ok
16881.75516,0.0,,L1-dcache-loads:u,l1-dcache-loads,1729792.0,100.0,nan,,ok
16881.75516,0.0,,cache-references:u,cache-references,1868240.0,100.0,nan,,ok
16881.75516,0.0,,cache-misses:u,cache-misses,1958266.0,100.0,nan,,ok
16881.75516,nan,,stalled-cycles-frontend:u,stalled-cycles-frontend,0.0,0.0,nan,,ok
16892.794246,0.0,,instructions:u,instructions,3001458.0,42.0,nan,,ok
16892.794246,0.0,,cycles:u,cycles,3050813.0,42.0,nan,,ok
16892.794246,0.0,,branches:u,branches,3735345.0,52.0,nan,,ok
16892.794246,0.0,,branch-misses:u,branch-misses,4096799.0,57.0,nan,,ok
16892.794246,0.0,,L1-dcache-loads:u,l1-dcache-loads,3963601.0,56.0,nan,,ok
16892.794246,0.0,,cache-references:u,cache-references,3829142.0,56.0,nan,,ok
16892.794246,0.0,,cache-misses:u,cache-misses,3689761.0,54.0,nan,,ok
16892.794246,0.0,,stalled-cycles-frontend:u,stalled-cycles-frontend,2005895.0,30.0,nan,,ok
16903.465651000002,nan,,instructions:u,instructions,0.0,100.0,nan,,ok
16903.465651000002,nan,,cycles:u,cycles,0.0,100.0,nan,,ok
16903.465651000002,nan,,branches:u,branches,0.0,100.0,nan,,ok
16903.465651000002,nan,,branch-misses:u,branch-misses,0.0,100.0,nan,,ok
16903.465651000002,nan,,L1-dcache-loads:u,l1-dcache-loads,0.0,100.0,nan,,ok
16903.465651000002,nan,,cache-references:u,cache-references,0.0,100.0,nan,,ok
16903.465651000002,nan,,cache-misses:u,cache-misses,0.0,100.0,nan,,ok
16903.465651000002,nan,,stalled-cycles-frontend:u,stalled-cycles-frontend,0.0,100.0,nan,,ok
16914.062416,nan,,instructions:u,instructions,0.0,100.0,nan,,ok
16914.062416,nan,,cycles:u,cycles,0.0,100.0,nan,,ok
16914.062416,nan,,branches:u,branches,0.0,100.0,nan,,ok
16914.062416,nan,,branch-misses:u,branch-misses,0.0,100.0,nan,,ok
16914.062416,nan,,L1-dcache-loads:u,l1-dcache-loads,0.0,100.0,nan,,ok
16914.062416,nan,,cache-references:u,cache-references,0.0,100.0,nan,,ok
16914.062416,nan,,cache-misses:u,cache-misses,0.0,100.0,nan,,ok
16914.062416,nan,,stalled-cycles-frontend:u,stalled-cycles-frontend,0.0,100.0,nan,,ok
16924.688255,nan,,instructions:u,instructions,0.0,100.0,nan,,ok
16924.688255,nan,,cycles:u,cycles,0.0,100.0,nan,,ok
16924.688255,nan,,branches:u,branches,0.0,100.0,nan,,ok
16924.688255,nan,,branch-misses:u,branch-misses,0.0,100.0,nan,,ok
16924.688255,nan,,L1-dcache-loads:u,l1-dcache-loads,0.0,100.0,nan,,ok
16924.688255,nan,,cache-references:u,cache-references,0.0,100.0,nan,,ok
16924.688255,nan,,cache-misses:u,cache-misses,0.0,100.0,nan,,ok
16924.688255,nan,,stalled-cycles-frontend:u,stalled-cycles-frontend,0.0,100.0,nan,,ok
16935.240669,nan,,instructions:u,instructions,0.0,100.0,nan,,ok
16935.240669,nan,,cycles:u,cycles,0.0,100.0,nan,,ok
16935.240669,nan,,branches:u,branches,0.0,100.0,nan,,ok
16935.240669,nan,,branch-misses:u,branch-misses,0.0,100.0,nan,,ok
16935.240669,nan,,L1-dcache-loads:u,l1-dcache-loads,0.0,100.0,nan,,ok
16935.240669,nan,,cache-references:u,cache-references,0.0,100.0,nan,,ok
16935.240669,nan,,cache-misses:u,cache-misses,0.0,100.0,nan,,ok
16935.240669,nan,,stalled-cycles-frontend:u,stalled-cycles-frontend,0.0,100.0,nan,,ok
16945.845078000002,nan,,instructions:u,instructions,0.0,100.0,nan,,ok
16945.845078000002,nan,,cycles:u,cycles,0.0,100.0,nan,,ok
16945.845078000002,nan,,branches:u,branches,0.0,100.0,nan,,ok
16945.845078000002,nan,,branch-misses:u,branch-misses,0.0,100.0,nan,,ok
16945.845078000002,nan,,L1-dcache-loads:u,l1-dcache-loads,0.0,100.0,nan,,ok
16945.845078000002,nan,,cache-references:u,cache-references,0.0,100.0,nan,,ok
16945.845078000002,nan,,cache-misses:u,cache-misses,0.0,100.0,nan,,ok
16945.845078000002,nan,,stalled-cycles-frontend:u,stalled-cycles-frontend,0.0,100.0,nan,,ok
16956.525319,nan,,instructions:u,instructions,0.0,100.0,nan,,ok
16956.525319,nan,,cycles:u,cycles,0.0,100.0,nan,,ok
16956.525319,nan,,branches:u,branches,0.0,100.0,nan,,ok
16956.525319,nan,,branch-misses:u,branch-misses,0.0,100.0,nan,,ok
16956.525319,nan,,L1-dcache-loads:u,l1-dcache-loads,0.0,100.0,nan,,ok
16956.525319,nan,,cache-references:u,cache-references,0.0,100.0,nan,,ok
16956.525319,nan,,cache-misses:u,cache-misses,0.0,100.0,nan,,ok
16956.525319,nan,,stalled-cycles-frontend:u,stalled-cycles-frontend,0.0,100.0,nan,,ok
16967.181679,nan,,instructions:u,instructions,0.0,100.0,nan,,ok
16967.181679,nan,,cycles:u,cycles,0.0,100.0,nan,,ok
16967.181679,nan,,branches:u,branches,0.0,100.0,nan,,ok
16967.181679,nan,,branch-misses:u,branch-misses,0.0,100.0,nan,,ok
16967.181679,nan,,L1-dcache-loads:u,l1-dcache-loads,0.0,100.0,nan,,ok
16967.181679,nan,,cache-references:u,cache-references,0.0,100.0,nan,,ok
16967.181679,nan,,cache-misses:u,cache-misses,0.0,100.0,nan,,ok
16967.181679,nan,,stalled-cycles-frontend:u,stalled-cycles-frontend,0.0,100.0,nan,,ok
16977.756125,nan,,instructions:u,instructions,0.0,100.0,nan,,ok
16977.756125,nan,,cycles:u,cycles,0.0,100.0,nan,,ok
16977.756125,nan,,branches:u,branches,0.0,100.0,nan,,ok
16977.756125,nan,,branch-misses:u,branch-misses,0.0,100.0,nan,,ok
16977.756125,nan,,L1-dcache-loads:u,l1-dcache-loads,0.0,100.0,nan,,ok
16977.756125,nan,,cache-references:u,cache-references,0.0,100.0,nan,,ok
16977.756125,nan,,cache-misses:u,cache-misses,0.0,100.0,nan,,ok
16977.756125,nan,,stalled-cycles-frontend:u,stalled-cycles-frontend,0.0,100.0,nan,,ok
16988.370789,0.0,,instructions:u,instructions,291181.0,6.0,nan,,ok
16988.370789,nan,,cycles:u,cycles,0.0,0.0,nan,,ok
16988.370789,0.0,,branches:u,branches,954209.0,22.0,nan,,ok
16988.370789,0.0,,branch-misses:u,branch-misses,1945991.0,45.0,nan,,ok
16988.370789,0.0,,L1-dcache-loads:u,l1-dcache-loads,2950338.0,69.0,nan,,ok
16988.370789,0.0,,cache-references:u,cache-references,3947885.0,93.0,nan,,ok
16988.370789,0.0,,cache-misses:u,cache-misses,4239066.0,100.0,nan,,ok
16988.370789,0.0,,stalled-cycles-frontend:u,stalled-cycles-frontend,291181.0,6.0,nan,,ok
16999.041593,nan,,instructions:u,instructions,0.0,100.0,nan,,ok
16999.041593,nan,,cycles:u,cycles,0.0,100.0,nan,,ok
16999.041593,nan,,branches:u,branches,0.0,100.0,nan,,ok
16999.041593,nan,,branch-misses:u,branch-misses,0.0,100.0,nan,,ok
16999.041593,nan,,L1-dcache-loads:u,l1-dcache-loads,0.0,100.0,nan,,ok
16999.041593,nan,,cache-references:u,cache-references,0.0,100.0,nan,,ok
16999.041593,nan,,cache-misses:u,cache-misses,0.0,100.0,nan,,ok
16999.041593,nan,,stalled-cycles-frontend:u,stalled-cycles-frontend,0.0,100.0,nan,,ok
17009.696688999997,nan,,instructions:u,instructions,0.0,100.0,nan,,ok
17009.696688999997,nan,,cycles:u,cycles,0.0,100.0,nan,,ok
17009.696688999997,nan,,branches:u,branches,0.0,100.0,nan,,ok
17009.696688999997,nan,,branch-misses:u,branch-misses,0.0,100.0,nan,,ok
17009.696688999997,nan,,L1-dcache-loads:u,l1-dcache-loads,0.0,100.0,nan,,ok
17009.696688999997,nan,,cache-references:u,cache-references,0.0,100.0,nan,,ok
17009.696688999997,nan,,cache-misses:u,cache-misses,0.0,100.0,nan,,ok
17009.696688999997,nan,,stalled-cycles-frontend:u,stalled-cycles-frontend,0.0,100.0,nan,,ok
17020.313683,nan,,instructions:u,instructions,0.0,100.0,nan,,ok
17020.313683,nan,,cycles:u,cycles,0.0,100.0,nan,,ok
17020.313683,nan,,branches:u,branches,0.0,100.0,nan,,ok
17020.313683,nan,,branch-misses:u,branch-misses,0.0,100.0,nan,,ok
17020.313683,nan,,L1-dcache-loads:u,l1-dcache-loads,0.0,100.0,nan,,ok
17020.313683,nan,,cache-references:u,cache-references,0.0,100.0,nan,,ok
17020.313683,nan,,cache-misses:u,cache-misses,0.0,100.0,nan,,ok
17020.313683,nan,,stalled-cycles-frontend:u,stalled-cycles-frontend,0.0,100.0,nan,,ok
17030.852666000003,0.0,,instructions:u,instructions,2970846.0,52.0,nan,,ok
17030.852666000003,0.0,,cycles:u,cycles,2990275.0,52.0,nan,,ok
17030.852666000003,0.0,,branches:u,branches,3993771.0,70.0,nan,,ok
17030.852666000003,0.0,,branch-misses:u,branch-misses,4716544.0,82.0,nan,,ok
17030.852666000003,0.0,,L1-dcache-loads:u,l1-dcache-loads,3726252.0,65.0,nan,,ok
17030.852666000003,0.0,,cache-references:u,cache-references,2721567.0,47.0,nan,,ok
17030.852666000003,0.0,,cache-misses:u,cache-misses,2702138.0,47.0,nan,,ok
17030.852666000003,0.0,,stalled-cycles-frontend:u,stalled-cycles-frontend,1966161.0,34.0,nan,,ok
17041.527420000002,nan,,instructions:u,instructions,0.0,0.0,nan,,ok
17041.527420000002,nan,,cycles:u,cycles,0.0,0.0,nan,,ok
17041.527420000002,nan,,branches:u,branches,0.0,0.0,nan,,ok
17041.527420000002,nan,,branch-misses:u,branch-misses,0.0,100.0,nan,,ok
17041.527420000002,nan,,L1-dcache-loads:u,l1-dcache-loads,0.0,100.0,nan,,ok
17041.527420000002,nan,,cache-references:u,cache-references,0.0,100.0,nan,,ok
17041.527420000002,nan,,cache-misses:u,cache-misses,0.0,100.0,nan,,ok
17041.527420000002,nan,,stalled-cycles-frontend:u,stalled-cycles-frontend,0.0,100.0,nan,,ok
17052.14767,nan,,instructions:u,instructions,0.0,100.0,nan,,ok
17052.14767,nan,,cycles:u,cycles,0.0,100.0,nan,,ok
17052.14767,nan,,branches:u,branches,0.0,100.0,nan,,ok
17052.14767,nan,,branch-misses:u,branch-misses,0.0,100.0,nan,,ok
17052.14767,nan,,L1-dcache-loads:u,l1-dcache-loads,0.0,100.0,nan,,ok
17052.14767,nan,,cache-references:u,cache-references,0.0,100.0,nan,,ok
17052.14767,nan,,cache-misses:u,cache-misses,0.0,100.0,nan,,ok
17052.14767,nan,,stalled-cycles-frontend:u,stalled-cycles-frontend,0.0,100.0,nan,,ok
17062.765194,nan,,instructions:u,instructions,0.0,0.0,nan,,ok
17062.765194,nan,,cycles:u,cycles,0.0,0.0,nan,,ok
17062.765194,nan,,branches:u,branches,0.0,0.0,nan,,ok
17062.765194,0.0,,branch-misses:u,branch-misses,1001399.0,38.0,nan,,ok
17062.765194,0.0,,L1-dcache-loads:u,l1-dcache-loads,1983246.0,75.0,nan,,ok
17062.765194,0.0,,cache-references:u,cache-references,2635256.0,100.0,nan,,ok
17062.765194,0.0,,cache-misses:u,cache-misses,2650840.0,100.0,nan,,ok
17062.765194,nan,,stalled-cycles-frontend:u,stalled-cycles-frontend,0.0,0.0,nan,,ok
17073.417454000002,0.0,,instructions:u,instructions,1514987.0,79.0,nan,,ok
17073.417454000002,0.0,,cycles:u,cycles,508888.0,26.0,nan,,ok
17073.417454000002,0.0,,branches:u,branches,508888.0,26.0,nan,,ok
17073.417454000002,0.0,,branch-misses:u,branch-misses,508888.0,26.0,nan,,ok
17073.417454000002,nan,,L1-dcache-loads:u,l1-dcache-loads,0.0,0.0,nan,,ok
17073.417454000002,0.0,,cache-references:u,cache-references,343202.0,18.0,nan,,ok
17073.417454000002,0.0,,cache-misses:u,cache-misses,1333717.0,72.0,nan,,ok
17073.417454000002,0.0,,stalled-cycles-frontend:u,stalled-cycles-frontend,1514987.0,82.0,nan,,ok
17084.008384,nan,,instructions:u,instructions,0.0,100.0,nan,,ok
17084.008384,nan,,cycles:u,cycles,0.0,100.0,nan,,ok
17084.008384,nan,,branches:u,branches,0.0,100.0,nan,,ok
17084.008384,nan,,branch-misses:u,branch-misses,0.0,100.0,nan,,ok
17084.008384,nan,,L1-dcache-loads:u,l1-dcache-loads,0.0,100.0,nan,,ok
17084.008384,nan,,cache-references:u,cache-references,0.0,100.0,nan,,ok
17084.008384,nan,,cache-misses:u,cache-misses,0.0,100.0,nan,,ok
17084.008384,nan,,stalled-cycles-frontend:u,stalled-cycles-frontend,0.0,100.0,nan,,ok
17094.631628,0.0,,instructions:u,instructions,1988404.0,43.0,nan,,ok
17094.631628,0.0,,cycles:u,cycles,2989251.0,64.0,nan,,ok
17094.631628,0.0,,branches:u,branches,3985237.0,86.0,nan,,ok
17094.631628,0.0,,branch-misses:u,branch-misses,4614228.0,100.0,nan,,ok
17094.631628,0.0,,L1-dcache-loads:u,l1-dcache-loads,3626341.0,78.0,nan,,ok
17094.631628,0.0,,cache-references:u,cache-references,2625824.0,56.0,nan,,ok
17094.631628,0.0,,cache-misses:u,cache-misses,1624977.0,35.0,nan,,ok
17094.631628,0.0,,stalled-cycles-frontend:u,stalled-cycles-frontend,987887.0,21.0,nan,,ok
17105.220483,nan,,instructions:u,instructions,0.0,100.0,nan,,ok
17105.220483,nan,,cycles:u,cycles,0.0,100.0,nan,,ok
17105.220483,nan,,branches:u,branches,0.0,100.0,nan,,ok
17105.220483,nan,,branch-misses:u,branch-misses,0.0,100.0,nan,,ok
17105.220483,nan,,L1-dcache-loads:u,l1-dcache-loads,0.0,100.0,nan,,ok
17105.220483,nan,,cache-references:u,cache-references,0.0,100.0,nan,,ok
17105.220483,nan,,cache-misses:u,cache-misses,0.0,100.0,nan,,ok
17105.220483,nan,,stalled-cycles-frontend:u,stalled-cycles-frontend,0.0,100.0,nan,,ok
17115.913332,nan,,instructions:u,instructions,0.0,100.0,nan,,ok
17115.913332,nan,,cycles:u,cycles,0.0,100.0,nan,,ok
17115.913332,nan,,branches:u,branches,0.0,100.0,nan,,ok
17115.913332,nan,,branch-misses:u,branch-misses,0.0,100.0,nan,,ok
17115.913332,nan,,L1-dcache-loads:u,l1-dcache-loads,0.0,100.0,nan,,ok
17115.913332,nan,,cache-references:u,cache-references,0.0,100.0,nan,,ok
17115.913332,nan,,cache-misses:u,cache-misses,0.0,100.0,nan,,ok
17115.913332,nan,,stalled-cycles-frontend:u,stalled-cycles-frontend,0.0,100.0,nan,,ok
17126.593524,0.0,,instructions:u,instructions,441659.0,12.0,nan,,ok
17126.593524,nan,,cycles:u,cycles,0.0,0.0,nan,,ok
17126.593524,nan,,branches:u,branches,0.0,0.0,nan,,ok
17126.593524,0.0,,branch-misses:u,branch-misses,982791.0,28.0,nan,,ok
17126.593524,0.0,,L1-dcache-loads:u,l1-dcache-loads,1966509.0,57.0,nan,,ok
17126.593524,0.0,,cache-references:u,cache-references,2965774.0,85.0,nan,,ok
17126.593524,0.0,,cache-misses:u,cache-misses,3473863.0,100.0,nan,,ok
17126.593524,0.0,,stalled-cycles-frontend:u,stalled-cycles-frontend,525043.0,15.0,nan,,ok
17137.236886,0.0,,instructions:u,instructions,1671727.0,100.0,nan,,ok
17137.236886,0.0,,cycles:u,cycles,1117097.0,67.0,nan,,ok
17137.236886,0.0,,branches:u,branches,1117097.0,67.0,nan,,ok
17137.236886,0.0,,branch-misses:u,branch-misses,1117097.0,68.0,nan,,ok
17137.236886,0.0,,L1-dcache-loads:u,l1-dcache-loads,116086.0,7.0,nan,,ok
17137.236886,nan,,cache-references:u,cache-references,0.0,0.0,nan,,ok
17137.236886,0.0,,cache-misses:u,cache-misses,488200.0,30.0,nan,,ok
17137.236886,0.0,,stalled-cycles-frontend:u,stalled-cycles-frontend,1472257.0,92.0,nan,,ok
17147.901887,nan,,instructions:u,instructions,0.0,100.0,nan,,ok
17147.901887,nan,,cycles:u,cycles,0.0,100.0,nan,,ok
17147.901887,nan,,branches:u,branches,0.0,100.0,nan,,ok
17147.901887,nan,,branch-misses:u,branch-misses,0.0,100.0,nan,,ok
17147.901887,nan,,L1-dcache-loads:u,l1-dcache-loads,0.0,100.0,nan,,ok
17147.901887,nan,,cache-references:u,cache-references,0.0,100.0,nan,,ok
17147.901887,nan,,cache-misses:u,cache-misses,0.0,100.0,nan,,ok
17147.901887,nan,,stalled-cycles-frontend:u,stalled-cycles-frontend,0.0,100.0,nan,,ok
17158.61484,nan,,instructions:u,instructions,0.0,100.0,nan,,ok
17158.61484,nan,,cycles:u,cycles,0.0,100.0,nan,,ok
17158.61484,nan,,branches:u,branches,0.0,100.0,nan,,ok
17158.61484,nan,,branch-misses:u,branch-misses,0.0,100.0,nan,,ok
17158.61484,nan,,L1-dcache-loads:u,l1-dcache-loads,0.0,100.0,nan,,ok
17158.61484,nan,,cache-references:u,cache-references,0.0,100.0,nan,,ok
17158.61484,nan,,cache-misses:u,cache-misses,0.0,100.0,nan,,ok
17158.61484,nan,,stalled-cycles-frontend:u,stalled-cycles-frontend,0.0,100.0,nan,,ok
17169.194272999997,0.0,,instructions:u,instructions,970579.0,19.0,nan,,ok
17169.194272999997,0.0,,cycles:u,cycles,1971715.0,39.0,nan,,ok
17169.194272999997,0.0,,branches:u,branches,2971133.0,59.0,nan,,ok
17169.194272999997,0.0,,branch-misses:u,branch-misses,3968174.0,78.0,nan,,ok
17169.194272999997,0.0,,L1-dcache-loads:u,l1-dcache-loads,4965706.0,98.0,nan,,ok
17169.194272999997,0.0,,cache-references:u,cache-references,4094452.0,80.0,nan,,ok
17169.194272999997,0.0,,cache-misses:u,cache-misses,3116251.0,61.0,nan,,ok
17169.194272999997,nan,,stalled-cycles-frontend:u,stalled-cycles-frontend,0.0,0.0,nan,,ok
17179.861553,0.0,,instructions:u,instructions,726959.0,42.0,nan,,ok
17179.861553,nan,,cycles:u,cycles,0.0,0.0,nan,,ok
17179.861553,nan,,branches:u,branches,0.0,0.0,nan,,ok
17179.861553,nan,,branch-misses:u,branch-misses,0.0,0.0,nan,,ok
17179.861553,nan,,L1-dcache-loads:u,l1-dcache-loads,0.0,0.0,nan,,ok
17179.861553,0.0,,cache-references:u,cache-references,909093.0,55.0,nan,,ok
17179.861553,0.0,,cache-misses:u,cache-misses,1613117.0,100.0,nan,,ok
17179.861553,0.0,,stalled-cycles-frontend:u,stalled-cycles-frontend,726959.0,45.0,nan,,ok
17190.532129,nan,,instructions:u,instructions,0.0,100.0,nan,,ok
17190.532129,nan,,cycles:u,cycles,0.0,100.0,nan,,ok
17190.532129,nan,,branches:u,branches,0.0,100.0,nan,,ok
17190.532129,nan,,branch-misses:u,branch-misses,0.0,100.0,nan,,ok
17190.532129,nan,,L1-dcache-loads:u,l1-dcache-loads,0.0,100.0,nan,,ok
17190.532129,nan,,cache-references:u,cache-references,0.0,100.0,nan,,ok
17190.532129,nan,,cache-misses:u,cache-misses,0.0,100.0,nan,,ok
17190.532129,nan,,stalled-cycles-frontend:u,stalled-cycles-frontend,0.0,100.0,nan,,ok
17201.156515000002,nan,,instructions:u,instructions,0.0,100.0,nan,,ok
17201.156515000002,nan,,cycles:u,cycles,0.0,100.0,nan,,ok
17201.156515000002,nan,,branches:u,branches,0.0,100.0,nan,,ok
17201.156515000002,nan,,branch-misses:u,branch-misses,0.0,100.0,nan,,ok
17201.156515000002,nan,,L1-dcache-loads:u,l1-dcache-loads,0.0,100.0,nan,,ok
17201.156515000002,nan,,cache-references:u,cache-references,0.0,100.0,nan,,ok
17201.156515000002,nan,,cache-misses:u,cache-misses,0.0,100.0,nan,,ok
17201.156515000002,nan,,stalled-cycles-frontend:u,stalled-cycles-frontend,0.0,100.0,nan,,ok
17211.748067999997,nan,,instructions:u,instructions,0.0,100.0,nan,,ok
17211.748067999997,nan,,cycles:u,cycles,0.0,100.0,nan,,ok
17211.748067999997,nan,,branches:u,branches,0.0,100.0,nan,,ok
17211.748067999997,nan,,branch-misses:u,branch-misses,0.0,100.0,nan,,ok
17211.748067999997,nan,,L1-dcache-loads:u,l1-dcache-loads,0.0,100.0,nan,,ok
17211.748067999997,nan,,cache-references:u,cache-references,0.0,100.0,nan,,ok
17211.748067999997,nan,,cache-misses:u,cache-misses,0.0,100.0,nan,,ok
17211.748067999997,nan,,stalled-cycles-frontend:u,stalled-cycles-frontend,0.0,100.0,nan,,ok
17222.394049,0.0,,instructions:u,instructions,2949635.0,92.0,nan,,ok
17222.394049,0.0,,cycles:u,cycles,2195719.0,68.0,nan,,ok
17222.394049,0.0,,branches:u,branches,2228152.0,68.0,nan,,ok
17222.394049,0.0,,branch-misses:u,branch-misses,2266494.0,69.0,nan,,ok
17222.394049,0.0,,L1-dcache-loads:u,l1-dcache-loads,1331056.0,40.0,nan,,ok
17222.394049,0.0,,cache-references:u,cache-references,385826.0,11.0,nan,,ok
17222.394049,0.0,,cache-misses:u,cache-misses,1011618.0,30.0,nan,,ok
17222.394049,0.0,,stalled-cycles-frontend:u,stalled-cycles-frontend,1966133.0,58.0,nan,,ok
17233.211316999998,nan,,instructions:u,instructions,0.0,0.0,nan,,ok
17233.211316999998,0.0,,cycles:u,cycles,742427.0,15.0,nan,,ok
17233.211316999998,0.0,,branches:u,branches,1707270.0,36.0,nan,,ok
17233.211316999998,0.0,,branch-misses:u,branch-misses,2673310.0,57.0,nan,,ok
17233.211316999998,0.0,,L1-dcache-loads:u,l1-dcache-loads,3644850.0,79.0,nan,,ok
17233.211316999998,0.0,,cache-references:u,cache-references,4569486.0,100.0,nan,,ok
17233.211316999998,0.0,,cache-misses:u,cache-misses,3955183.0,86.0,nan,,ok
17233.211316999998,nan,,stalled-cycles-frontend:u,stalled-cycles-frontend,0.0,0.0,nan,,ok
17243.957962,nan,,instructions:u,instructions,0.0,100.0,nan,,ok
17243.957962,nan,,cycles:u,cycles,0.0,100.0,nan,,ok
17243.957962,nan,,branches:u,branches,0.0,100.0,nan,,ok
17243.957962,nan,,branch-misses:u,branch-misses,0.0,100.0,nan,,ok
17243.957962,nan,,L1-dcache-loads:u,l1-dcache-loads,0.0,100.0,nan,,ok
17243.957962,nan,,cache-references:u,cache-references,0.0,100.0,nan,,ok
17243.957962,nan,,cache-misses:u,cache-misses,0.0,100.0,nan,,ok
17243.957962,nan,,stalled-cycles-frontend:u,stalled-cycles-frontend,0.0,100.0,nan,,ok
17254.620026,nan,,instructions:u,instructions,0.0,100.0,nan,,ok
17254.620026,nan,,cycles:u,cycles,0.0,100.0,nan,,ok
17254.620026,nan,,branches:u,branches,0.0,100.0,nan,,ok
17254.620026,nan,,branch-misses:u,branch-misses,0.0,100.0,nan,,ok
17254.620026,nan,,L1-dcache-loads:u,l1-dcache-loads,0.0,100.0,nan,,ok
17254.620026,nan,,cache-references:u,cache-references,0.0,100.0,nan,,ok
17254.620026,nan,,cache-misses:u,cache-misses,0.0,100.0,nan,,ok
17254.620026,nan,,stalled-cycles-frontend:u,stalled-cycles-frontend,0.0,100.0,nan,,ok
17265.253375,nan,,instructions:u,instructions,0.0,100.0,nan,,ok
17265.253375,nan,,cycles:u,cycles,0.0,100.0,nan,,ok
17265.253375,nan,,branches:u,branches,0.0,100.0,nan,,ok
17265.253375,nan,,branch-misses:u,branch-misses,0.0,100.0,nan,,ok
17265.253375,nan,,L1-dcache-loads:u,l1-dcache-loads,0.0,100.0,nan,,ok
17265.253375,nan,,cache-references:u,cache-references,0.0,100.0,nan,,ok
17265.253375,nan,,cache-misses:u,cache-misses,0.0,100.0,nan,,ok
17265.253375,nan,,stalled-cycles-frontend:u,stalled-cycles-frontend,0.0,100.0,nan,,ok
17275.841108,nan,,instructions:u,instructions,0.0,100.0,nan,,ok
17275.841108,nan,,cycles:u,cycles,0.0,100.0,nan,,ok
17275.841108,nan,,branches:u,branches,0.0,100.0,nan,,ok
17275.841108,nan,,branch-misses:u,branch-misses,0.0,100.0,nan,,ok
17275.841108,nan,,L1-dcache-loads:u,l1-dcache-loads,0.0,100.0,nan,,ok
17275.841108,nan,,cache-references:u,cache-references,0.0,100.0,nan,,ok
17275.841108,nan,,cache-misses:u,cache-misses,0.0,100.0,nan,,ok
17275.841108,nan,,stalled-cycles-frontend:u,stalled-cycles-frontend,0.0,100.0,nan,,ok
17286.458058,0.0,,instructions:u,instructions,2989082.0,70.0,nan,,ok
17286.458058,0.0,,cycles:u,cycles,2344691.0,54.0,nan,,ok
17286.458058,0.0,,branches:u,branches,2369191.0,54.0,nan,,ok
17286.458058,0.0,,branch-misses:u,branch-misses,2391375.0,55.0,nan,,ok
17286.458058,0.0,,L1-dcache-loads:u,l1-dcache-loads,1412183.0,32.0,nan,,ok
17286.458058,0.0,,cache-references:u,cache-references,1409125.0,32.0,nan,,ok
17286.458058,0.0,,cache-misses:u,cache-misses,1942612.0,44.0,nan,,ok
17286.458058,0.0,,stalled-cycles-frontend:u,stalled-cycles-frontend,1984880.0,44.0,nan,,ok
17297.224467,nan,,instructions:u,instructions,0.0,0.0,nan,,ok
17297.224467,0.0,,cycles:u,cycles,661628.0,42.0,nan,,ok
17297.224467,0.0,,branches:u,branches,1529274.0,100.0,nan,,ok
17297.224467,0.0,,branch-misses:u,branch-misses,1507090.0,100.0,nan,,ok
17297.224467,0.0,,L1-dcache-loads:u,l1-dcache-loads,1481706.0,100.0,nan,,ok
17297.224467,0.0,,cache-references:u,cache-references,1442870.0,100.0,nan,,ok
17297.224467,0.0,,cache-misses:u,cache-misses,892146.0,62.0,nan,,ok
17297.224467,nan,,stalled-cycles-frontend:u,stalled-cycles-frontend,0.0,0.0,nan,,ok
17307.878639,nan,,instructions:u,instructions,0.0,100.0,nan,,ok
17307.878639,nan,,cycles:u,cycles,0.0,100.0,nan,,ok
17307.878639,nan,,branches:u,branches,0.0,100.0,nan,,ok
17307.878639,nan,,branch-misses:u,branch-misses,0.0,100.0,nan,,ok
17307.878639,nan,,L1-dcache-loads:u,l1-dcache-loads,0.0,100.0,nan,,ok
17307.878639,nan,,cache-references:u,cache-references,0.0,100.0,nan,,ok
17307.878639,nan,,cache-misses:u,cache-misses,0.0,100.0,nan,,ok
17307.878639,nan,,stalled-cycles-frontend:u,stalled-cycles-frontend,0.0,100.0,nan,,ok
17318.509995,nan,,instructions:u,instructions,0.0,0.0,nan,,ok
17318.509995,nan,,cycles:u,cycles,0.0,0.0,nan,,ok
17318.509995,0.0,,branches:u,branches,1001174.0,73.0,nan,,ok
17318.509995,0.0,,branch-misses:u,branch-misses,1382655.0,100.0,nan,,ok
17318.509995,0.0,,L1-dcache-loads:u,l1-dcache-loads,1404618.0,100.0,nan,,ok
17318.509995,0.0,,cache-references:u,cache-references,1427478.0,100.0,nan,,ok
17318.509995,0.0,,cache-misses:u,cache-misses,1454339.0,100.0,nan,,ok
17318.509995,nan,,stalled-cycles-frontend:u,stalled-cycles-frontend,0.0,0.0,nan,,ok
17329.196275000002,0.0,,instructions:u,instructions,2443868.0,47.0,nan,,ok
17329.196275000002,0.0,,cycles:u,cycles,1446116.0,28.0,nan,,ok
17329.196275000002,0.0,,branches:u,branches,1446116.0,28.0,nan,,ok
17329.196275000002,0.0,,branch-misses:u,branch-misses,2057636.0,40.0,nan,,ok
17329.196275000002,0.0,,L1-dcache-loads:u,l1-dcache-loads,2037240.0,40.0,nan,,ok
17329.196275000002,0.0,,cache-references:u,cache-references,2570084.0,51.0,nan,,ok
17329.196275000002,0.0,,cache-misses:u,cache-misses,3540975.0,71.0,nan,,ok
17329.196275000002,0.0,,stalled-cycles-frontend:u,stalled-cycles-frontend,2004138.0,40.0,nan,,ok
17339.875868,nan,,instructions:u,instructions,0.0,100.0,nan,,ok
17339.875868,nan,,cycles:u,cycles,0.0,100.0,nan,,ok
17339.875868,nan,,branches:u,branches,0.0,100.0,nan,,ok
17339.875868,nan,,branch-misses:u,branch-misses,0.0,100.0,nan,,ok
17339.875868,nan,,L1-dcache-loads:u,l1-dcache-loads,0.0,100.0,nan,,ok
17339.875868,nan,,cache-references:u,cache-references,0.0,100.0,nan,,ok
17339.875868,nan,,cache-misses:u,cache-misses,0.0,100.0,nan,,ok
17339.875868,nan,,stalled-cycles-frontend:u,stalled-cycles-frontend,0.0,100.0,nan,,ok
17350.644078999998,nan,,instructions:u,instructions,0.0,100.0,nan,,ok
17350.644078999998,nan,,cycles:u,cycles,0.0,100.0,nan,,ok
17350.644078999998,nan,,branches:u,branches,0.0,100.0,nan,,ok
17350.644078999998,nan,,branch-misses:u,branch-misses,0.0,100.0,nan,,ok
17350.644078999998,nan,,L1-dcache-loads:u,l1-dcache-loads,0.0,100.0,nan,,ok
17350.644078999998,nan,,cache-references:u,cache-references,0.0,100.0,nan,,ok
17350.644078999998,nan,,cache-misses:u,cache-misses,0.0,100.0,nan,,ok
17350.644078999998,nan,,stalled-cycles-frontend:u,stalled-cycles-frontend,0.0,100.0,nan,,ok
17361.234776,0.0,,instructions:u,instructions,974574.0,19.0,nan,,ok
17361.234776,0.0,,cycles:u,cycles,1971660.0,39.0,nan,,ok
17361.234776,0.0,,branches:u,branches,2968551.0,58.0,nan,,ok
17361.234776,0.0,,branch-misses:u,branch-misses,3970214.0,78.0,nan,,ok
17361.234776,0.0,,L1-dcache-loads:u,l1-dcache-loads,4976446.0,97.0,nan,,ok
17361.234776,0.0,,cache-references:u,cache-references,4138379.0,80.0,nan,,ok
17361.234776,0.0,,cache-misses:u,cache-misses,3200919.0,61.0,nan,,ok
17361.234776,nan,,stalled-cycles-frontend:u,stalled-cycles-frontend,0.0,0.0,nan,,ok
17371.977876999998,nan,,instructions:u,instructions,0.0,0.0,nan,,ok
17371.977876999998,nan,,cycles:u,cycles,0.0,0.0,nan,,ok
17371.977876999998,nan,,branches:u,branches,0.0,0.0,nan,,ok
17371.977876999998,nan,,branch-misses:u,branch-misses,0.0,0.0,nan,,ok
17371.977876999998,nan,,L1-dcache-loads:u,l1-dcache-loads,0.0,0.0,nan,,ok
17371.977876999998,0.0,,cache-references:u,cache-references,220709.0,100.0,nan,,ok
17371.977876999998,0.0,,cache-misses:u,cache-misses,161083.0,100.0,nan,,ok
17371.977876999998,nan,,stalled-cycles-frontend:u,stalled-cycles-frontend,0.0,0.0,nan,,ok
17382.658418,nan,,instructions:u,instructions,0.0,100.0,nan,,ok
17382.658418,nan,,cycles:u,cycles,0.0,100.0,nan,,ok
17382.658418,nan,,branches:u,branches,0.0,100.0,nan,,ok
17382.658418,nan,,branch-misses:u,branch-misses,0.0,100.0,nan,,ok
17382.658418,nan,,L1-dcache-loads:u,l1-dcache-loads,0.0,100.0,nan,,ok
17382.658418,nan,,cache-references:u,cache-references,0.0,100.0,nan,,ok
17382.658418,nan,,cache-misses:u,cache-misses,0.0,100.0,nan,,ok
17382.658418,nan,,stalled-cycles-frontend:u,stalled-cycles-frontend,0.0,100.0,nan,,ok
17393.244077,0.0,,instructions:u,instructions,3039232.0,74.0,nan,,ok
17393.244077,0.0,,cycles:u,cycles,2261642.0,53.0,nan,,ok
17393.244077,0.0,,branches:u,branches,2285448.0,53.0,nan,,ok
17393.244077,0.0,,branch-misses:u,branch-misses,2469660.0,55.0,nan,,ok
17393.244077,0.0,,L1-dcache-loads:u,l1-dcache-loads,1491047.0,33.0,nan,,ok
17393.244077,0.0,,cache-references:u,cache-references,1468768.0,32.0,nan,,ok
17393.244077,0.0,,cache-misses:u,cache-misses,1987002.0,43.0,nan,,ok
17393.244077,0.0,,stalled-cycles-frontend:u,stalled-cycles-frontend,2000757.0,44.0,nan,,ok
17404.2368,nan,,instructions:u,instructions,0.0,0.0,nan,,ok
17404.2368,0.0,,cycles:u,cycles,738023.0,69.0,nan,,ok
17404.2368,0.0,,branches:u,branches,1042485.0,100.0,nan,,ok
17404.2368,0.0,,branch-misses:u,branch-misses,858273.0,100.0,nan,,ok
17404.2368,0.0,,L1-dcache-loads:u,l1-dcache-loads,835183.0,100.0,nan,,ok
17404.2368,0.0,,cache-references:u,cache-references,806935.0,100.0,nan,,ok
17404.2368,0.0,,cache-misses:u,cache-misses,328268.0,41.0,nan,,ok
17404.2368,nan,,stalled-cycles-frontend:u,stalled-cycles-frontend,0.0,0.0,nan,,ok
17414.901248,nan,,instructions:u,instructions,0.0,100.0,nan,,ok
17414.901248,nan,,cycles:u,cycles,0.0,100.0,nan,,ok
17414.901248,nan,,branches:u,branches,0.0,100.0,nan,,ok
17414.901248,nan,,branch-misses:u,branch-misses,0.0,100.0,nan,,ok
17414.901248,nan,,L1-dcache-loads:u,l1-dcache-loads,0.0,100.0,nan,,ok
17414.901248,nan,,cache-references:u,cache-references,0.0,100.0,nan,,ok
17414.901248,nan,,cache-misses:u,cache-misses,0.0,100.0,nan,,ok
17414.901248,nan,,stalled-cycles-frontend:u,stalled-cycles-frontend,0.0,100.0,nan,,ok
17425.554257000003,nan,,instructions:u,instructions,0.0,100.0,nan,,ok
17425.554257000003,nan,,cycles:u,cycles,0.0,100.0,nan,,ok
17425.554257000003,nan,,branches:u,branches,0.0,100.0,nan,,ok
17425.554257000003,nan,,branch-misses:u,branch-misses,0.0,100.0,nan,,ok
17425.554257000003,nan,,L1-dcache-loads:u,l1-dcache-loads,0.0,100.0,nan,,ok
17425.554257000003,nan,,cache-references:u,cache-references,0.0,100.0,nan,,ok
17425.554257000003,nan,,cache-misses:u,cache-misses,0.0,100.0,nan,,ok
17425.554257000003,nan,,stalled-cycles-frontend:u,stalled-cycles-frontend,0.0,100.0,nan,,ok
17436.240028,0.0,,instructions:u,instructions,3005180.0,33.0,nan,,ok
17436.240028,0.0,,cycles:u,cycles,3008903.0,33.0,nan,,ok
17436.240028,0.0,,branches:u,branches,4996265.0,55.0,nan,,ok
17436.240028,0.0,,branch-misses:u,branch-misses,6108709.0,67.0,nan,,ok
17436.240028,0.0,,L1-dcache-loads:u,l1-dcache-loads,6136465.0,67.0,nan,,ok
17436.240028,0.0,,cache-references:u,cache-references,6151460.0,67.0,nan,,ok
17436.240028,0.0,,cache-misses:u,cache-misses,6179369.0,67.0,nan,,ok
17436.240028,0.0,,stalled-cycles-frontend:u,stalled-cycles-frontend,1998480.0,21.0,nan,,ok
17446.993543,nan,,instructions:u,instructions,0.0,0.0,nan,,ok
17446.993543,nan,,cycles:u,cycles,0.0,0.0,nan,,ok
17446.993543,nan,,branches:u,branches,0.0,0.0,nan,,ok
17446.993543,0.0,,branch-misses:u,branch-misses,875743.0,31.0,nan,,ok
17446.993543,0.0,,L1-dcache-loads:u,l1-dcache-loads,1854921.0,67.0,nan,,ok
17446.993543,0.0,,cache-references:u,cache-references,2708237.0,100.0,nan,,ok
17446.993543,0.0,,cache-misses:u,cache-misses,2676605.0,100.0,nan,,ok
17446.993543,nan,,stalled-cycles-frontend:u,stalled-cycles-frontend,0.0,0.0,nan,,ok
17457.671102,nan,,instructions:u,instructions,0.0,100.0,nan,,ok
17457.671102,nan,,cycles:u,cycles,0.0,100.0,nan,,ok
17457.671102,nan,,branches:u,branches,0.0,100.0,nan,,ok
17457.671102,nan,,branch-misses:u,branch-misses,0.0,100.0,nan,,ok
17457.671102,nan,,L1-dcache-loads:u,l1-dcache-loads,0.0,100.0,nan,,ok
17457.671102,nan,,cache-references:u,cache-references,0.0,100.0,nan,,ok
17457.671102,nan,,cache-misses:u,cache-misses,0.0,100.0,nan,,ok
17457.671102,nan,,stalled-cycles-frontend:u,stalled-cycles-frontend,0.0,100.0,nan,,ok
17468.424395,nan,,instructions:u,instructions,0.0,100.0,nan,,ok
17468.424395,nan,,cycles:u,cycles,0.0,100.0,nan,,ok
17468.424395,nan,,branches:u,branches,0.0,100.0,nan,,ok
17468.424395,nan,,branch-misses:u,branch-misses,0.0,100.0,nan,,ok
17468.424395,nan,,L1-dcache-loads:u,l1-dcache-loads,0.0,100.0,nan,,ok
17468.424395,nan,,cache-references:u,cache-references,0.0,100.0,nan,,ok
17468.424395,nan,,cache-misses:u,cache-misses,0.0,100.0,nan,,ok
17468.424395,nan,,stalled-cycles-frontend:u,stalled-cycles-frontend,0.0,100.0,nan,,ok
17479.057059,nan,,instructions:u,instructions,0.0,100.0,nan,,ok
17479.057059,nan,,cycles:u,cycles,0.0,100.0,nan,,ok
17479.057059,nan,,branches:u,branches,0.0,100.0,nan,,ok
17479.057059,nan,,branch-misses:u,branch-misses,0.0,100.0,nan,,ok
17479.057059,nan,,L1-dcache-loads:u,l1-dcache-loads,0.0,100.0,nan,,ok
17479.057059,nan,,cache-references:u,cache-references,0.0,100.0,nan,,ok
17479.057059,nan,,cache-misses:u,cache-misses,0.0,100.0,nan,,ok
17479.057059,nan,,stalled-cycles-frontend:u,stalled-cycles-frontend,0.0,100.0,nan,,ok
17489.676906,nan,,instructions:u,instructions,0.0,100.0,nan,,ok
17489.676906,nan,,cycles:u,cycles,0.0,100.0,nan,,ok
17489.676906,nan,,branches:u,branches,0.0,100.0,nan,,ok
17489.676906,nan,,branch-misses:u,branch-misses,0.0,100.0,nan,,ok
17489.676906,nan,,L1-dcache-loads:u,l1-dcache-loads,0.0,100.0,nan,,ok
17489.676906,nan,,cache-references:u,cache-references,0.0,100.0,nan,,ok
17489.676906,nan,,cache-misses:u,cache-misses,0.0,100.0,nan,,ok
17489.676906,nan,,stalled-cycles-frontend:u,stalled-cycles-frontend,0.0,100.0,nan,,ok
17500.238982,nan,,instructions:u,instructions,0.0,100.0,nan,,ok
17500.238982,nan,,cycles:u,cycles,0.0,100.0,nan,,ok
17500.238982,nan,,branches:u,branches,0.0,100.0,nan,,ok
17500.238982,nan,,branch-misses:u,branch-misses,0.0,100.0,nan,,ok
17500.238982,nan,,L1-dcache-loads:u,l1-dcache-loads,0.0,100.0,nan,,ok
17500.238982,nan,,cache-references:u,cache-references,0.0,100.0,nan,,ok
17500.238982,nan,,cache-misses:u,cache-misses,0.0,100.0,nan,,ok
17500.238982,nan,,stalled-cycles-frontend:u,stalled-cycles-frontend,0.0,100.0,nan,,ok
17510.880482,0.0,,instructions:u,instructions,2999037.0,39.0,nan,,ok
17510.880482,0.0,,cycles:u,cycles,3024571.0,39.0,nan,,ok
17510.880482,0.0,,branches:u,branches,4005968.0,52.0,nan,,ok
17510.880482,0.0,,branch-misses:u,branch-misses,4999951.0,65.0,nan,,ok
17510.880482,0.0,,L1-dcache-loads:u,l1-dcache-loads,4780917.0,62.0,nan,,ok
17510.880482,0.0,,cache-references:u,cache-references,4716891.0,61.0,nan,,ok
17510.880482,0.0,,cache-misses:u,cache-misses,4715280.0,60.0,nan,,ok
17510.880482,0.0,,stalled-cycles-frontend:u,stalled-cycles-frontend,1996595.0,25.0,nan,,ok
17521.615591,0.0,,instructions:u,instructions,1643525.0,56.0,nan,,ok
17521.615591,0.0,,cycles:u,cycles,644705.0,22.0,nan,,ok
17521.615591,0.0,,branches:u,branches,644705.0,22.0,nan,,ok
17521.615591,0.0,,branch-misses:u,branch-misses,644705.0,22.0,nan,,ok
17521.615591,0.0,,L1-dcache-loads:u,l1-dcache-loads,219196.0,7.0,nan,,ok
17521.615591,0.0,,cache-references:u,cache-references,1186378.0,41.0,nan,,ok
17521.615591,0.0,,cache-misses:u,cache-misses,2161275.0,77.0,nan,,ok
17521.615591,0.0,,stalled-cycles-frontend:u,stalled-cycles-frontend,1643525.0,58.0,nan,,ok
17532.252273000002,nan,,instructions:u,instructions,0.0,100.0,nan,,ok
17532.252273000002,nan,,cycles:u,cycles,0.0,100.0,nan,,ok
17532.252273000002,nan,,branches:u,branches,0.0,100.0,nan,,ok
17532.252273000002,nan,,branch-misses:u,branch-misses,0.0,100.0,nan,,ok
17532.252273000002,nan,,L1-dcache-loads:u,l1-dcache-loads,0.0,100.0,nan,,ok
17532.252273000002,nan,,cache-references:u,cache-references,0.0,100.0,nan,,ok
17532.252273000002,nan,,cache-misses:u,cache-misses,0.0,100.0,nan,,ok
17532.252273000002,nan,,stalled-cycles-frontend:u,stalled-cycles-frontend,0.0,100.0,nan,,ok
17542.974704,nan,,instructions:u,instructions,0.0,100.0,nan,,ok
17542.974704,nan,,cycles:u,cycles,0.0,100.0,nan,,ok
17542.974704,nan,,branches:u,branches,0.0,100.0,nan,,ok
17542.974704,nan,,branch-misses:u,branch-misses,0.0,100.0,nan,,ok
17542.974704,nan,,L1-dcache-loads:u,l1-dcache-loads,0.0,100.0,nan,,ok
17542.974704,nan,,cache-references:u,cache-references,0.0,100.0,nan,,ok
17542.974704,nan,,cache-misses:u,cache-misses,0.0,100.0,nan,,ok
17542.974704,nan,,stalled-cycles-frontend:u,stalled-cycles-frontend,0.0,100.0,nan,,ok
17553.598014,0.0,,instructions:u,instructions,1989117.0,95.0,nan,,ok
17553.598014,0.0,,cycles:u,cycles,2089478.0,100.0,nan,,ok
17553.598014,0.0,,branches:u,branches,2089478.0,100.0,nan,,ok
17553.598014,0.0,,branch-misses:u,branch-misses,2089478.0,100.0,nan,,ok
17553.598014,0.0,,L1-dcache-loads:u,l1-dcache-loads,1091846.0,52.0,nan,,ok
17553.598014,0.0,,cache-references:u,cache-references,100361.0,4.0,nan,,ok
17553.598014,nan,,cache-misses:u,cache-misses,0.0,0.0,nan,,ok
17553.598014,0.0,,stalled-cycles-frontend:u,stalled-cycles-frontend,997632.0,47.0,nan,,ok
17564.230174,0.0,,instructions:u,instructions,2042874.0,29.0,nan,,ok
17564.230174,0.0,,cycles:u,cycles,2030284.0,28.0,nan,,ok
17564.230174,0.0,,branches:u,branches,3030227.0,43.0,nan,,ok
17564.230174,0.0,,branch-misses:u,branch-misses,4031733.0,57.0,nan,,ok
17564.230174,0.0,,L1-dcache-loads:u,l1-dcache-loads,4026808.0,57.0,nan,,ok
17564.230174,0.0,,cache-references:u,cache-references,4982348.0,70.0,nan,,ok
17564.230174,0.0,,cache-misses:u,cache-misses,4994938.0,71.0,nan,,ok
17564.230174,0.0,,stalled-cycles-frontend:u,stalled-cycles-frontend,2008186.0,28.0,nan,,ok
17574.875415000002,nan,,instructions:u,instructions,0.0,100.0,nan,,ok
17574.875415000002,nan,,cycles:u,cycles,0.0,100.0,nan,,ok
17574.875415000002,nan,,branches:u,branches,0.0,100.0,nan,,ok
17574.875415000002,nan,,branch-misses:u,branch-misses,0.0,100.0,nan,,ok
17574.875415000002,nan,,L1-dcache-loads:u,l1-dcache-loads,0.0,100.0,nan,,ok
17574.875415000002,nan,,cache-references:u,cache-references,0.0,100.0,nan,,ok
17574.875415000002,nan,,cache-misses:u,cache-misses,0.0,100.0,nan,,ok
17574.875415000002,nan,,stalled-cycles-frontend:u,stalled-cycles-frontend,0.0,100.0,nan,,ok
17585.511508,0.0,,instructions:u,instructions,335005.0,100.0,nan,,ok
17585.511508,0.0,,cycles:u,cycles,353169.0,100.0,nan,,ok
17585.511508,0.0,,branches:u,branches,374375.0,100.0,nan,,ok
17585.511508,0.0,,branch-misses:u,branch-misses,387818.0,100.0,nan,,ok
17585.511508,0.0,,L1-dcache-loads:u,l1-dcache-loads,402816.0,100.0,nan,,ok
17585.511508,nan,,cache-references:u,cache-references,0.0,0.0,nan,,ok
17585.511508,nan,,cache-misses:u,cache-misses,0.0,0.0,nan,,ok
17585.511508,nan,,stalled-cycles-frontend:u,stalled-cycles-frontend,0.0,0.0,nan,,ok
17596.301251,0.0,,instructions:u,instructions,3645334.0,33.0,nan,,ok
17596.301251,0.0,,cycles:u,cycles,4625170.0,42.0,nan,,ok
17596.301251,0.0,,branches:u,branches,6599281.0,61.0,nan,,ok
17596.301251,0.0,,branch-misses:u,branch-misses,7798856.0,72.0,nan,,ok
17596.301251,0.0,,L1-dcache-loads:u,l1-dcache-loads,7853084.0,72.0,nan,,ok
17596.301251,0.0,,cache-references:u,cache-references,7291795.0,67.0,nan,,ok
17596.301251,0.0,,cache-misses:u,cache-misses,6358498.0,58.0,nan,,ok
17596.301251,0.0,,stalled-cycles-frontend:u,stalled-cycles-frontend,2003798.0,18.0,nan,,ok
17607.145432999998,nan,,instructions:u,instructions,0.0,0.0,nan,,ok
17607.145432999998,nan,,cycles:u,cycles,0.0,0.0,nan,,ok
17607.145432999998,nan,,branches:u,branches,0.0,0.0,nan,,ok
17607.145432999998,0.0,,branch-misses:u,branch-misses,511534.0,100.0,nan,,ok
17607.145432999998,0.0,,L1-dcache-loads:u,l1-dcache-loads,444069.0,100.0,nan,,ok
17607.145432999998,0.0,,cache-references:u,cache-references,430252.0,100.0,nan,,ok
17607.145432999998,0.0,,cache-misses:u,cache-misses,365549.0,100.0,nan,,ok
17607.145432999998,nan,,stalled-cycles-frontend:u,stalled-cycles-frontend,0.0,0.0,nan,,ok
17617.802627,nan,,instructions:u,instructions,0.0,100.0,nan,,ok
17617.802627,nan,,cycles:u,cycles,0.0,100.0,nan,,ok
17617.802627,nan,,branches:u,branches,0.0,100.0,nan,,ok
17617.802627,nan,,branch-misses:u,branch-misses,0.0,100.0,nan,,ok
17617.802627,nan,,L1-dcache-loads:u,l1-dcache-loads,0.0,100.0,nan,,ok
17617.802627,nan,,cache-references:u,cache-references,0.0,100.0,nan,,ok
17617.802627,nan,,cache-misses:u,cache-misses,0.0,100.0,nan,,ok
17617.802627,nan,,stalled-cycles-frontend:u,stalled-cycles-frontend,0.0,100.0,nan,,ok
17628.515498999997,nan,,instructions:u,instructions,0.0,100.0,nan,,ok
17628.515498999997,nan,,cycles:u,cycles,0.0,100.0,nan,,ok
17628.515498999997,nan,,branches:u,branches,0.0,100.0,nan,,ok
17628.515498999997,nan,,branch-misses:u,branch-misses,0.0,100.0,nan,,ok
17628.515498999997,nan,,L1-dcache-loads:u,l1-dcache-loads,0.0,100.0,nan,,ok
17628.515498999997,nan,,cache-references:u,cache-references,0.0,100.0,nan,,ok
17628.515498999997,nan,,cache-misses:u,cache-misses,0.0,100.0,nan,,ok
17628.515498999997,nan,,stalled-cycles-frontend:u,stalled-cycles-frontend,0.0,100.0,nan,,ok
17639.161562999998,nan,,instructions:u,instructions,0.0,100.0,nan,,ok
17639.161562999998,nan,,cycles:u,cycles,0.0,100.0,nan,,ok
17639.161562999998,nan,,branches:u,branches,0.0,100.0,nan,,ok
17639.161562999998,nan,,branch-misses:u,branch-misses,0.0,100.0,nan,,ok
17639.161562999998,nan,,L1-dcache-loads:u,l1-dcache-loads,0.0,100.0,nan,,ok
17639.161562999998,nan,,cache-references:u,cache-references,0.0,100.0,nan,,ok
17639.161562999998,nan,,cache-misses:u,cache-misses,0.0,100.0,nan,,ok
17639.161562999998,nan,,stalled-cycles-frontend:u,stalled-cycles-frontend,0.0,100.0,nan,,ok
17649.790983,0.0,,instructions:u,instructions,1637357.0,43.0,nan,,ok
17649.790983,0.0,,cycles:u,cycles,651279.0,17.0,nan,,ok
17649.790983,0.0,,branches:u,branches,666404.0,17.0,nan,,ok
17649.790983,0.0,,branch-misses:u,branch-misses,860556.0,22.0,nan,,ok
17649.790983,0.0,,L1-dcache-loads:u,l1-dcache-loads,1162849.0,30.0,nan,,ok
17649.790983,0.0,,cache-references:u,cache-references,2165632.0,55.0,nan,,ok
17649.790983,0.0,,cache-misses:u,cache-misses,3172033.0,81.0,nan,,ok
17649.790983,0.0,,stalled-cycles-frontend:u,stalled-cycles-frontend,1727028.0,44.0,nan,,ok
17660.521203999997,0.0,,instructions:u,instructions,1369206.0,70.0,nan,,ok
17660.521203999997,0.0,,cycles:u,cycles,1930860.0,100.0,nan,,ok
17660.521203999997,0.0,,branches:u,branches,1915735.0,100.0,nan,,ok
17660.521203999997,0.0,,branch-misses:u,branch-misses,1899770.0,100.0,nan,,ok
17660.521203999997,0.0,,L1-dcache-loads:u,l1-dcache-loads,1589561.0,84.0,nan,,ok
17660.521203999997,0.0,,cache-references:u,cache-references,581977.0,30.0,nan,,ok
17660.521203999997,nan,,cache-misses:u,cache-misses,0.0,0.0,nan,,ok
17660.521203999997,0.0,,stalled-cycles-frontend:u,stalled-cycles-frontend,271951.0,14.0,nan,,ok
17671.229699,nan,,instructions:u,instructions,0.0,100.0,nan,,ok
17671.229699,nan,,cycles:u,cycles,0.0,100.0,nan,,ok
17671.229699,nan,,branches:u,branches,0.0,100.0,nan,,ok
17671.229699,nan,,branch-misses:u,branch-misses,0.0,100.0,nan,,ok
17671.229699,nan,,L1-dcache-loads:u,l1-dcache-loads,0.0,100.0,nan,,ok
17671.229699,nan,,cache-references:u,cache-references,0.0,100.0,nan,,ok
17671.229699,nan,,cache-misses:u,cache-misses,0.0,100.0,nan,,ok
17671.229699,nan,,stalled-cycles-frontend:u,stalled-cycles-frontend,0.0,100.0,nan,,ok
17681.896810000002,nan,,instructions:u,instructions,0.0,0.0,nan,,ok
17681.896810000002,0.0,,cycles:u,cycles,744051.0,100.0,nan,,ok
17681.896810000002,0.0,,branches:u,branches,757980.0,100.0,nan,,ok
17681.896810000002,0.0,,branch-misses:u,branch-misses,772379.0,100.0,nan,,ok
17681.896810000002,0.0,,L1-dcache-loads:u,l1-dcache-loads,787804.0,100.0,nan,,ok
17681.896810000002,0.0,,cache-references:u,cache-references,800477.0,100.0,nan,,ok
17681.896810000002,nan,,cache-misses:u,cache-misses,0.0,0.0,nan,,ok
17681.896810000002,nan,,stalled-cycles-frontend:u,stalled-cycles-frontend,0.0,0.0,nan,,ok
17692.669585,0.0,,instructions:u,instructions,1675836.0,28.0,nan,,ok
17692.669585,0.0,,cycles:u,cycles,913490.0,15.0,nan,,ok
17692.669585,0.0,,branches:u,branches,1896907.0,32.0,nan,,ok
17692.669585,0.0,,branch-misses:u,branch-misses,2876904.0,48.0,nan,,ok
17692.669585,0.0,,L1-dcache-loads:u,l1-dcache-loads,3197856.0,54.0,nan,,ok
17692.669585,0.0,,cache-references:u,cache-references,4177976.0,71.0,nan,,ok
17692.669585,0.0,,cache-misses:u,cache-misses,4996748.0,85.0,nan,,ok
17692.669585,0.0,,stalled-cycles-frontend:u,stalled-cycles-frontend,1675836.0,28.0,nan,,ok
17703.354253,nan,,instructions:u,instructions,0.0,100.0,nan,,ok
17703.354253,nan,,cycles:u,cycles,0.0,100.0,nan,,ok
17703.354253,nan,,branches:u,branches,0.0,100.0,nan,,ok
17703.354253,nan,,branch-misses:u,branch-misses,0.0,100.0,nan,,ok
17703.354253,nan,,L1-dcache-loads:u,l1-dcache-loads,0.0,100.0,nan,,ok
17703.354253,nan,,cache-references:u,cache-references,0.0,100.0,nan,,ok
17703.354253,nan,,cache-misses:u,cache-misses,0.0,100.0,nan,,ok
17703.354253,nan,,stalled-cycles-frontend:u,stalled-cycles-frontend,0.0,100.0,nan,,ok
17714.001942,nan,,instructions:u,instructions,0.0,100.0,nan,,ok
17714.001942,nan,,cycles:u,cycles,0.0,100.0,nan,,ok
17714.001942,nan,,branches:u,branches,0.0,100.0,nan,,ok
17714.001942,nan,,branch-misses:u,branch-misses,0.0,100.0,nan,,ok
17714.001942,nan,,L1-dcache-loads:u,l1-dcache-loads,0.0,100.0,nan,,ok
17714.001942,nan,,cache-references:u,cache-references,0.0,100.0,nan,,ok
17714.001942,nan,,cache-misses:u,cache-misses,0.0,100.0,nan,,ok
17714.001942,nan,,stalled-cycles-frontend:u,stalled-cycles-frontend,0.0,100.0,nan,,ok
17724.658648999997,nan,,instructions:u,instructions,0.0,100.0,nan,,ok
17724.658648999997,nan,,cycles:u,cycles,0.0,100.0,nan,,ok
17724.658648999997,nan,,branches:u,branches,0.0,100.0,nan,,ok
17724.658648999997,nan,,branch-misses:u,branch-misses,0.0,100.0,nan,,ok
17724.658648999997,nan,,L1-dcache-loads:u,l1-dcache-loads,0.0,100.0,nan,,ok
17724.658648999997,nan,,cache-references:u,cache-references,0.0,100.0,nan,,ok
17724.658648999997,nan,,cache-misses:u,cache-misses,0.0,100.0,nan,,ok
17724.658648999997,nan,,stalled-cycles-frontend:u,stalled-cycles-frontend,0.0,100.0,nan,,ok
17735.24154,nan,,instructions:u,instructions,0.0,100.0,nan,,ok
17735.24154,nan,,cycles:u,cycles,0.0,100.0,nan,,ok
17735.24154,nan,,branches:u,branches,0.0,100.0,nan,,ok
17735.24154,nan,,branch-misses:u,branch-misses,0.0,100.0,nan,,ok
17735.24154,nan,,L1-dcache-loads:u,l1-dcache-loads,0.0,100.0,nan,,ok
17735.24154,nan,,cache-references:u,cache-references,0.0,100.0,nan,,ok
17735.24154,nan,,cache-misses:u,cache-misses,0.0,100.0,nan,,ok
17735.24154,nan,,stalled-cycles-frontend:u,stalled-cycles-frontend,0.0,100.0,nan,,ok
17745.776513999997,0.0,,instructions:u,instructions,2002524.0,55.0,nan,,ok
17745.776513999997,0.0,,cycles:u,cycles,2988021.0,82.0,nan,,ok
17745.776513999997,0.0,,branches:u,branches,3634432.0,100.0,nan,,ok
17745.776513999997,0.0,,branch-misses:u,branch-misses,3649207.0,100.0,nan,,ok
17745.776513999997,0.0,,L1-dcache-loads:u,l1-dcache-loads,2669086.0,72.0,nan,,ok
17745.776513999997,0.0,,cache-references:u,cache-references,1675820.0,45.0,nan,,ok
17745.776513999997,0.0,,cache-misses:u,cache-misses,704599.0,19.0,nan,,ok
17745.776513999997,0.0,,stalled-cycles-frontend:u,stalled-cycles-frontend,994233.0,26.0,nan,,ok
17756.449807999998,nan,,instructions:u,instructions,0.0,0.0,nan,,ok
17756.449807999998,nan,,cycles:u,cycles,0.0,0.0,nan,,ok
17756.449807999998,0.0,,branches:u,branches,354854.0,11.0,nan,,ok
17756.449807999998,0.0,,branch-misses:u,branch-misses,1341468.0,44.0,nan,,ok
17756.449807999998,0.0,,L1-dcache-loads:u,l1-dcache-loads,2334078.0,77.0,nan,,ok
17756.449807999998,0.0,,cache-references:u,cache-references,2978911.0,100.0,nan,,ok
17756.449807999998,0.0,,cache-misses:u,cache-misses,2964635.0,100.0,nan,,ok
17756.449807999998,nan,,stalled-cycles-frontend:u,stalled-cycles-frontend,0.0,0.0,nan,,ok
17767.100806,nan,,instructions:u,instructions,0.0,100.0,nan,,ok
17767.100806,nan,,cycles:u,cycles,0.0,100.0,nan,,ok
17767.100806,nan,,branches:u,branches,0.0,100.0,nan,,ok
17767.100806,nan,,branch-misses:u,branch-misses,0.0,100.0,nan,,ok
17767.100806,nan,,L1-dcache-loads:u,l1-dcache-loads,0.0,100.0,nan,,ok
17767.100806,nan,,cache-references:u,cache-references,0.0,100.0,nan,,ok
17767.100806,nan,,cache-misses:u,cache-misses,0.0,100.0,nan,,ok
17767.100806,nan,,stalled-cycles-frontend:u,stalled-cycles-frontend,0.0,100.0,nan,,ok
17777.760162,nan,,instructions:u,instructions,0.0,100.0,nan,,ok
17777.760162,nan,,cycles:u,cycles,0.0,100.0,nan,,ok
17777.760162,nan,,branches:u,branches,0.0,100.0,nan,,ok
17777.760162,nan,,branch-misses:u,branch-misses,0.0,100.0,nan,,ok
17777.760162,nan,,L1-dcache-loads:u,l1-dcache-loads,0.0,100.0,nan,,ok
17777.760162,nan,,cache-references:u,cache-references,0.0,100.0,nan,,ok
17777.760162,nan,,cache-misses:u,cache-misses,0.0,100.0,nan,,ok
17777.760162,nan,,stalled-cycles-frontend:u,stalled-cycles-frontend,0.0,100.0,nan,,ok
17788.417607,0.0,,instructions:u,instructions,3005392.0,66.0,nan,,ok
17788.417607,0.0,,cycles:u,cycles,2581408.0,56.0,nan,,ok
17788.417607,0.0,,branches:u,branches,2581408.0,56.0,nan,,ok
17788.417607,0.0,,branch-misses:u,branch-misses,2581408.0,56.0,nan,,ok
17788.417607,0.0,,L1-dcache-loads:u,l1-dcache-loads,1574707.0,34.0,nan,,ok
17788.417607,0.0,,cache-references:u,cache-references,1548164.0,33.0,nan,,ok
17788.417607,0.0,,cache-misses:u,cache-misses,1972148.0,43.0,nan,,ok
17788.417607,0.0,,stalled-cycles-frontend:u,stalled-cycles-frontend,2003278.0,43.0,nan,,ok
17799.06851,nan,,instructions:u,instructions,0.0,100.0,nan,,ok
17799.06851,nan,,cycles:u,cycles,0.0,100.0,nan,,ok
17799.06851,nan,,branches:u,branches,0.0,100.0,nan,,ok
17799.06851,nan,,branch-misses:u,branch-misses,0.0,100.0,nan,,ok
17799.06851,nan,,L1-dcache-loads:u,l1-dcache-loads,0.0,100.0,nan,,ok
17799.06851,nan,,cache-references:u,cache-references,0.0,100.0,nan,,ok
17799.06851,nan,,cache-misses:u,cache-misses,0.0,100.0,nan,,ok
17799.06851,nan,,stalled-cycles-frontend:u,stalled-cycles-frontend,0.0,100.0,nan,,ok
17809.692432,nan,,instructions:u,instructions,0.0,100.0,nan,,ok
17809.692432,nan,,cycles:u,cycles,0.0,100.0,nan,,ok
17809.692432,nan,,branches:u,branches,0.0,100.0,nan,,ok
17809.692432,nan,,branch-misses:u,branch-misses,0.0,100.0,nan,,ok
17809.692432,nan,,L1-dcache-loads:u,l1-dcache-loads,0.0,100.0,nan,,ok
17809.692432,nan,,cache-references:u,cache-references,0.0,100.0,nan,,ok
17809.692432,nan,,cache-misses:u,cache-misses,0.0,100.0,nan,,ok
17809.692432,nan,,stalled-cycles-frontend:u,stalled-cycles-frontend,0.0,100.0,nan,,ok
17820.240266,nan,,instructions:u,instructions,0.0,100.0,nan,,ok
17820.240266,nan,,cycles:u,cycles,0.0,100.0,nan,,ok
17820.240266,nan,,branches:u,branches,0.0,100.0,nan,,ok
17820.240266,nan,,branch-misses:u,branch-misses,0.0,100.0,nan,,ok
17820.240266,nan,,L1-dcache-loads:u,l1-dcache-loads,0.0,100.0,nan,,ok
17820.240266,nan,,cache-references:u,cache-references,0.0,100.0,nan,,ok
17820.240266,nan,,cache-misses:u,cache-misses,0.0,100.0,nan,,ok
17820.240266,nan,,stalled-cycles-frontend:u,stalled-cycles-frontend,0.0,100.0,nan,,ok
17830.889003,0.0,,instructions:u,instructions,104443.0,2.0,nan,,ok
17830.889003,0.0,,cycles:u,cycles,902271.0,18.0,nan,,ok
17830.889003,0.0,,branches:u,branches,1893840.0,37.0,nan,,ok
17830.889003,0.0,,branch-misses:u,branch-misses,2889825.0,57.0,nan,,ok
17830.889003,0.0,,L1-dcache-loads:u,l1-dcache-loads,3892958.0,77.0,nan,,ok
17830.889003,0.0,,cache-references:u,cache-references,4899674.0,97.0,nan,,ok
17830.889003,0.0,,cache-misses:u,cache-misses,4101846.0,81.0,nan,,ok
17830.889003,0.0,,stalled-cycles-frontend:u,stalled-cycles-frontend,104443.0,2.0,nan,,ok
17841.525826,nan,,instructions:u,instructions,0.0,100.0,nan,,ok
17841.525826,nan,,cycles:u,cycles,0.0,100.0,nan,,ok
17841.525826,nan,,branches:u,branches,0.0,100.0,nan,,ok
17841.525826,nan,,branch-misses:u,branch-misses,0.0,100.0,nan,,ok
17841.525826,nan,,L1-dcache-loads:u,l1-dcache-loads,0.0,100.0,nan,,ok
17841.525826,nan,,cache-references:u,cache-references,0.0,100.0,nan,,ok
17841.525826,nan,,cache-misses:u,cache-misses,0.0,100.0,nan,,ok
17841.525826,nan,,stalled-cycles-frontend:u,stalled-cycles-frontend,0.0,100.0,nan,,ok
17852.115908,nan,,instructions:u,instructions,0.0,100.0,nan,,ok
17852.115908,nan,,cycles:u,cycles,0.0,100.0,nan,,ok
17852.115908,nan,,branches:u,branches,0.0,100.0,nan,,ok
17852.115908,nan,,branch-misses:u,branch-misses,0.0,100.0,nan,,ok
17852.115908,nan,,L1-dcache-loads:u,l1-dcache-loads,0.0,100.0,nan,,ok
17852.115908,nan,,cache-references:u,cache-references,0.0,100.0,nan,,ok
17852.115908,nan,,cache-misses:u,cache-misses,0.0,100.0,nan,,ok
17852.115908,nan,,stalled-cycles-frontend:u,stalled-cycles-frontend,0.0,100.0,nan,,ok
17862.722553,nan,,instructions:u,instructions,0.0,100.0,nan,,ok
17862.722553,nan,,cycles:u,cycles,0.0,100.0,nan,,ok
17862.722553,nan,,branches:u,branches,0.0,100.0,nan,,ok
17862.722553,nan,,branch-misses:u,branch-misses,0.0,100.0,nan,,ok
17862.722553,nan,,L1-dcache-loads:u,l1-dcache-loads,0.0,100.0,nan,,ok
17862.722553,nan,,cache-references:u,cache-references,0.0,100.0,nan,,ok
17862.722553,nan,,cache-misses:u,cache-misses,0.0,100.0,nan,,ok
17862.722553,nan,,stalled-cycles-frontend:u,stalled-cycles-frontend,0.0,100.0,nan,,ok
17873.388841,0.0,,instructions:u,instructions,2994055.0,71.0,nan,,ok
17873.388841,0.0,,cycles:u,cycles,2995982.0,70.0,nan,,ok
17873.388841,0.0,,branches:u,branches,3251509.0,76.0,nan,,ok
17873.388841,0.0,,branch-misses:u,branch-misses,3265566.0,76.0,nan,,ok
17873.388841,0.0,,L1-dcache-loads:u,l1-dcache-loads,2284910.0,53.0,nan,,ok
17873.388841,0.0,,cache-references:u,cache-references,1298016.0,30.0,nan,,ok
17873.388841,0.0,,cache-misses:u,cache-misses,1310487.0,30.0,nan,,ok
17873.388841,0.0,,stalled-cycles-frontend:u,stalled-cycles-frontend,1991859.0,46.0,nan,,ok
17884.128742,nan,,instructions:u,instructions,0.0,0.0,nan,,ok
17884.128742,nan,,cycles:u,cycles,0.0,0.0,nan,,ok
17884.128742,0.0,,branches:u,branches,481915.0,100.0,nan,,ok
17884.128742,0.0,,branch-misses:u,branch-misses,467858.0,100.0,nan,,ok
17884.128742,0.0,,L1-dcache-loads:u,l1-dcache-loads,454409.0,100.0,nan,,ok
17884.128742,0.0,,cache-references:u,cache-references,439107.0,100.0,nan,,ok
17884.128742,0.0,,cache-misses:u,cache-misses,424709.0,100.0,nan,,ok
17884.128742,nan,,stalled-cycles-frontend:u,stalled-cycles-frontend,0.0,0.0,nan,,ok
17894.771456000002,nan,,instructions:u,instructions,0.0,100.0,nan,,ok
17894.771456000002,nan,,cycles:u,cycles,0.0,100.0,nan,,ok
17894.771456000002,nan,,branches:u,branches,0.0,100.0,nan,,ok
17894.771456000002,nan,,branch-misses:u,branch-misses,0.0,100.0,nan,,ok
17894.771456000002,nan,,L1-dcache-loads:u,l1-dcache-loads,0.0,100.0,nan,,ok
17894.771456000002,nan,,cache-references:u,cache-references,0.0,100.0,nan,,ok
17894.771456000002,nan,,cache-misses:u,cache-misses,0.0,100.0,nan,,ok
17894.771456000002,nan,,stalled-cycles-frontend:u,stalled-cycles-frontend,0.0,100.0,nan,,ok
17907.235589,nan,,instructions:u,instructions,0.0,0.0,nan,,ok
17907.235589,nan,,cycles:u,cycles,0.0,0.0,nan,,ok
17907.235589,0.0,,branches:u,branches,985788.0,47.0,nan,,ok
17907.235589,0.0,,branch-misses:u,branch-misses,1979852.0,95.0,nan,,ok
17907.235589,0.0,,L1-dcache-loads:u,l1-dcache-loads,2107970.0,100.0,nan,,ok
17907.235589,0.0,,cache-references:u,cache-references,2123546.0,100.0,nan,,ok
17907.235589,0.0,,cache-misses:u,cache-misses,2141965.0,100.0,nan,,ok
17907.235589,nan,,stalled-cycles-frontend:u,stalled-cycles-frontend,0.0,0.0,nan,,ok
17917.909928,0.0,,instructions:u,instructions,1074142.0,35.0,nan,,ok
17917.909928,0.0,,cycles:u,cycles,71954.0,2.0,nan,,ok
17917.909928,0.0,,branches:u,branches,71954.0,2.0,nan,,ok
17917.909928,0.0,,branch-misses:u,branch-misses,71954.0,2.0,nan,,ok
17917.909928,0.0,,L1-dcache-loads:u,l1-dcache-loads,869814.0,29.0,nan,,ok
17917.909928,0.0,,cache-references:u,cache-references,1855335.0,63.0,nan,,ok
17917.909928,0.0,,cache-misses:u,cache-misses,2839104.0,97.0,nan,,ok
17917.909928,0.0,,stalled-cycles-frontend:u,stalled-cycles-frontend,1074142.0,37.0,nan,,ok
17928.618329999998,nan,,instructions:u,instructions,0.0,100.0,nan,,ok
17928.618329999998,nan,,cycles:u,cycles,0.0,100.0,nan,,ok
17928.618329999998,nan,,branches:u,branches,0.0,100.0,nan,,ok
17928.618329999998,nan,,branch-misses:u,branch-misses,0.0,100.0,nan,,ok
17928.618329999998,nan,,L1-dcache-loads:u,l1-dcache-loads,0.0,100.0,nan,,ok
17928.618329999998,nan,,cache-references:u,cache-references,0.0,100.0,nan,,ok
17928.618329999998,nan,,cache-misses:u,cache-misses,0.0,100.0,nan,,ok
17928.618329999998,nan,,stalled-cycles-frontend:u,stalled-cycles-frontend,0.0,100.0,nan,,ok
17939.210088,nan,,instructions:u,instructions,0.0,100.0,nan,,ok
17939.210088,nan,,cycles:u,cycles,0.0,100.0,nan,,ok
17939.210088,nan,,branches:u,branches,0.0,100.0,nan,,ok
17939.210088,nan,,branch-misses:u,branch-misses,0.0,100.0,nan,,ok
17939.210088,nan,,L1-dcache-loads:u,l1-dcache-loads,0.0,100.0,nan,,ok
17939.210088,nan,,cache-references:u,cache-references,0.0,100.0,nan,,ok
17939.210088,nan,,cache-misses:u,cache-misses,0.0,100.0,nan,,ok
17939.210088,nan,,stalled-cycles-frontend:u,stalled-cycles-frontend,0.0,100.0,nan,,ok
17949.869326,0.0,,instructions:u,instructions,1983744.0,31.0,nan,,ok
17949.869326,0.0,,cycles:u,cycles,2990126.0,48.0,nan,,ok
17949.869326,0.0,,branches:u,branches,3986928.0,64.0,nan,,ok
17949.869326,0.0,,branch-misses:u,branch-misses,4987406.0,80.0,nan,,ok
17949.869326,0.0,,L1-dcache-loads:u,l1-dcache-loads,5056218.0,81.0,nan,,ok
17949.869326,0.0,,cache-references:u,cache-references,4219001.0,68.0,nan,,ok
17949.869326,0.0,,cache-misses:u,cache-misses,3212619.0,51.0,nan,,ok
17949.869326,0.0,,stalled-cycles-frontend:u,stalled-cycles-frontend,998837.0,16.0,nan,,ok
17960.599645,nan,,instructions:u,instructions,0.0,100.0,nan,,ok
17960.599645,nan,,cycles:u,cycles,0.0,100.0,nan,,ok
17960.599645,nan,,branches:u,branches,0.0,100.0,nan,,ok
17960.599645,nan,,branch-misses:u,branch-misses,0.0,100.0,nan,,ok
17960.599645,nan,,L1-dcache-loads:u,l1-dcache-loads,0.0,100.0,nan,,ok
17960.599645,nan,,cache-references:u,cache-references,0.0,100.0,nan,,ok
17960.599645,nan,,cache-misses:u,cache-misses,0.0,100.0,nan,,ok
17960.599645,nan,,stalled-cycles-frontend:u,stalled-cycles-frontend,0.0,100.0,nan,,ok
17971.216795,nan,,instructions:u,instructions,0.0,100.0,nan,,ok
17971.216795,nan,,cycles:u,cycles,0.0,100.0,nan,,ok
17971.216795,nan,,branches:u,branches,0.0,100.0,nan,,ok
17971.216795,nan,,branch-misses:u,branch-misses,0.0,100.0,nan,,ok
17971.216795,nan,,L1-dcache-loads:u,l1-dcache-loads,0.0,100.0,nan,,ok
17971.216795,nan,,cache-references:u,cache-references,0.0,100.0,nan,,ok
17971.216795,nan,,cache-misses:u,cache-misses,0.0,100.0,nan,,ok
17971.216795,nan,,stalled-cycles-frontend:u,stalled-cycles-frontend,0.0,100.0,nan,,ok
17981.819036,nan,,instructions:u,instructions,0.0,100.0,nan,,ok
17981.819036,nan,,cycles:u,cycles,0.0,100.0,nan,,ok
17981.819036,nan,,branches:u,branches,0.0,100.0,nan,,ok
17981.819036,nan,,branch-misses:u,branch-misses,0.0,100.0,nan,,ok
17981.819036,nan,,L1-dcache-loads:u,l1-dcache-loads,0.0,100.0,nan,,ok
17981.819036,nan,,cache-references:u,cache-references,0.0,100.0,nan,,ok
17981.819036,nan,,cache-misses:u,cache-misses,0.0,100.0,nan,,ok
17981.819036,nan,,stalled-cycles-frontend:u,stalled-cycles-frontend,0.0,100.0,nan,,ok
17992.559848999997,0.0,,instructions:u,instructions,2981435.0,68.0,nan,,ok
17992.559848999997,0.0,,cycles:u,cycles,2432839.0,55.0,nan,,ok
17992.559848999997,0.0,,branches:u,branches,2452998.0,55.0,nan,,ok
17992.559848999997,0.0,,branch-misses:u,branch-misses,2478823.0,55.0,nan,,ok
17992.559848999997,0.0,,L1-dcache-loads:u,l1-dcache-loads,1501194.0,33.0,nan,,ok
17992.559848999997,0.0,,cache-references:u,cache-references,1508232.0,33.0,nan,,ok
17992.559848999997,0.0,,cache-misses:u,cache-misses,1960949.0,43.0,nan,,ok
17992.559848999997,0.0,,stalled-cycles-frontend:u,stalled-cycles-frontend,1979218.0,43.0,nan,,ok
18003.331001,nan,,instructions:u,instructions,0.0,0.0,nan,,ok
18003.331001,0.0,,cycles:u,cycles,587557.0,26.0,nan,,ok
18003.331001,0.0,,branches:u,branches,1549362.0,70.0,nan,,ok
18003.331001,0.0,,branch-misses:u,branch-misses,2180367.0,100.0,nan,,ok
18003.331001,0.0,,L1-dcache-loads:u,l1-dcache-loads,2159237.0,100.0,nan,,ok
18003.331001,0.0,,cache-references:u,cache-references,2130472.0,100.0,nan,,ok
18003.331001,0.0,,cache-misses:u,cache-misses,1638794.0,77.0,nan,,ok
18003.331001,nan,,stalled-cycles-frontend:u,stalled-cycles-frontend,0.0,0.0,nan,,ok
18014.034494,nan,,instructions:u,instructions,0.0,100.0,nan,,ok
18014.034494,nan,,cycles:u,cycles,0.0,100.0,nan,,ok
18014.034494,nan,,branches:u,branches,0.0,100.0,nan,,ok
18014.034494,nan,,branch-misses:u,branch-misses,0.0,100.0,nan,,ok
18014.034494,nan,,L1-dcache-loads:u,l1-dcache-loads,0.0,100.0,nan,,ok
18014.034494,nan,,cache-references:u,cache-references,0.0,100.0,nan,,ok
18014.034494,nan,,cache-misses:u,cache-misses,0.0,100.0,nan,,ok
18014.034494,nan,,stalled-cycles-frontend:u,stalled-cycles-frontend,0.0,100.0,nan,,ok
18024.676011,nan,,instructions:u,instructions,0.0,100.0,nan,,ok
18024.676011,nan,,cycles:u,cycles,0.0,100.0,nan,,ok
18024.676011,nan,,branches:u,branches,0.0,100.0,nan,,ok
18024.676011,nan,,branch-misses:u,branch-misses,0.0,100.0,nan,,ok
18024.676011,nan,,L1-dcache-loads:u,l1-dcache-loads,0.0,100.0,nan,,ok
18024.676011,nan,,cache-references:u,cache-references,0.0,100.0,nan,,ok
18024.676011,nan,,cache-misses:u,cache-misses,0.0,100.0,nan,,ok
18024.676011,nan,,stalled-cycles-frontend:u,stalled-cycles-frontend,0.0,100.0,nan,,ok
18035.293232,nan,,instructions:u,instructions,0.0,100.0,nan,,ok
18035.293232,nan,,cycles:u,cycles,0.0,100.0,nan,,ok
18035.293232,nan,,branches:u,branches,0.0,100.0,nan,,ok
18035.293232,nan,,branch-misses:u,branch-misses,0.0,100.0,nan,,ok
18035.293232,nan,,L1-dcache-loads:u,l1-dcache-loads,0.0,100.0,nan,,ok
18035.293232,nan,,cache-references:u,cache-references,0.0,100.0,nan,,ok
18035.293232,nan,,cache-misses:u,cache-misses,0.0,100.0,nan,,ok
18035.293232,nan,,stalled-cycles-frontend:u,stalled-cycles-frontend,0.0,100.0,nan,,ok
18045.921876,0.0,,instructions:u,instructions,3003997.0,39.0,nan,,ok
18045.921876,0.0,,cycles:u,cycles,3017786.0,39.0,nan,,ok
18045.921876,0.0,,branches:u,branches,3643765.0,47.0,nan,,ok
18045.921876,0.0,,branch-misses:u,branch-misses,4624234.0,60.0,nan,,ok
18045.921876,0.0,,L1-dcache-loads:u,l1-dcache-loads,4619915.0,60.0,nan,,ok
18045.921876,0.0,,cache-references:u,cache-references,4616587.0,60.0,nan,,ok
18045.921876,0.0,,cache-misses:u,cache-misses,4602798.0,60.0,nan,,ok
18045.921876,0.0,,stalled-cycles-frontend:u,stalled-cycles-frontend,2004895.0,26.0,nan,,ok
18056.570198999998,nan,,instructions:u,instructions,0.0,100.0,nan,,ok
18056.570198999998,nan,,cycles:u,cycles,0.0,100.0,nan,,ok
18056.570198999998,nan,,branches:u,branches,0.0,100.0,nan,,ok
18056.570198999998,nan,,branch-misses:u,branch-misses,0.0,100.0,nan,,ok
18056.570198999998,nan,,L1-dcache-loads:u,l1-dcache-loads,0.0,100.0,nan,,ok
18056.570198999998,nan,,cache-references:u,cache-references,0.0,100.0,nan,,ok
18056.570198999998,nan,,cache-misses:u,cache-misses,0.0,100.0,nan,,ok
18056.570198999998,nan,,stalled-cycles-frontend:u,stalled-cycles-frontend,0.0,100.0,nan,,ok
18067.19515,nan,,instructions:u,instructions,0.0,100.0,nan,,ok
18067.19515,nan,,cycles:u,cycles,0.0,100.0,nan,,ok
18067.19515,nan,,branches:u,branches,0.0,100.0,nan,,ok
18067.19515,nan,,branch-misses:u,branch-misses,0.0,100.0,nan,,ok
18067.19515,nan,,L1-dcache-loads:u,l1-dcache-loads,0.0,100.0,nan,,ok
18067.19515,nan,,cache-references:u,cache-references,0.0,100.0,nan,,ok
18067.19515,nan,,cache-misses:u,cache-misses,0.0,100.0,nan,,ok
18067.19515,nan,,stalled-cycles-frontend:u,stalled-cycles-frontend,0.0,100.0,nan,,ok
18077.831496000003,nan,,instructions:u,instructions,0.0,100.0,nan,,ok
18077.831496000003,nan,,cycles:u,cycles,0.0,100.0,nan,,ok
18077.831496000003,nan,,branches:u,branches,0.0,100.0,nan,,ok
18077.831496000003,nan,,branch-misses:u,branch-misses,0.0,100.0,nan,,ok
18077.831496000003,nan,,L1-dcache-loads:u,l1-dcache-loads,0.0,100.0,nan,,ok
18077.831496000003,nan,,cache-references:u,cache-references,0.0,100.0,nan,,ok
18077.831496000003,nan,,cache-misses:u,cache-misses,0.0,100.0,nan,,ok
18077.831496000003,nan,,stalled-cycles-frontend:u,stalled-cycles-frontend,0.0,100.0,nan,,ok
18088.496285,nan,,instructions:u,instructions,0.0,100.0,nan,,ok
18088.496285,nan,,cycles:u,cycles,0.0,100.0,nan,,ok
18088.496285,nan,,branches:u,branches,0.0,100.0,nan,,ok
18088.496285,nan,,branch-misses:u,branch-misses,0.0,100.0,nan,,ok
18088.496285,nan,,L1-dcache-loads:u,l1-dcache-loads,0.0,100.0,nan,,ok
18088.496285,nan,,cache-references:u,cache-references,0.0,100.0,nan,,ok
18088.496285,nan,,cache-misses:u,cache-misses,0.0,100.0,nan,,ok
18088.496285,nan,,stalled-cycles-frontend:u,stalled-cycles-frontend,0.0,100.0,nan,,ok
18099.141594999997,nan,,instructions:u,instructions,0.0,0.0,nan,,ok
18099.141594999997,nan,,cycles:u,cycles,0.0,0.0,nan,,ok
18099.141594999997,0.0,,branches:u,branches,1001471.0,33.0,nan,,ok
18099.141594999997,0.0,,branch-misses:u,branch-misses,1987688.0,65.0,nan,,ok
18099.141594999997,0.0,,L1-dcache-loads:u,l1-dcache-loads,2993732.0,98.0,nan,,ok
18099.141594999997,0.0,,cache-references:u,cache-references,3075692.0,100.0,nan,,ok
18099.141594999997,0.0,,cache-misses:u,cache-misses,3123970.0,100.0,nan,,ok
18099.141594999997,nan,,stalled-cycles-frontend:u,stalled-cycles-frontend,0.0,0.0,nan,,ok
18109.855976,0.0,,instructions:u,instructions,704284.0,40.0,nan,,ok
18109.855976,nan,,cycles:u,cycles,0.0,0.0,nan,,ok
18109.855976,nan,,branches:u,branches,0.0,0.0,nan,,ok
18109.855976,nan,,branch-misses:u,branch-misses,0.0,0.0,nan,,ok
18109.855976,nan,,L1-dcache-loads:u,l1-dcache-loads,0.0,0.0,nan,,ok
18109.855976,0.0,,cache-references:u,cache-references,909698.0,56.0,nan,,ok
18109.855976,0.0,,cache-misses:u,cache-misses,1565704.0,100.0,nan,,ok
18109.855976,0.0,,stalled-cycles-frontend:u,stalled-cycles-frontend,704284.0,45.0,nan,,ok
18120.519874999998,nan,,instructions:u,instructions,0.0,100.0,nan,,ok
18120.519874999998,nan,,cycles:u,cycles,0.0,100.0,nan,,ok
18120.519874999998,nan,,branches:u,branches,0.0,100.0,nan,,ok
18120.519874999998,nan,,branch-misses:u,branch-misses,0.0,100.0,nan,,ok
18120.519874999998,nan,,L1-dcache-loads:u,l1-dcache-loads,0.0,100.0,nan,,ok
18120.519874999998,nan,,cache-references:u,cache-references,0.0,100.0,nan,,ok
18120.519874999998,nan,,cache-misses:u,cache-misses,0.0,100.0,nan,,ok
18120.519874999998,nan,,stalled-cycles-frontend:u,stalled-cycles-frontend,0.0,100.0,nan,,ok
18131.146278,nan,,instructions:u,instructions,0.0,100.0,nan,,ok
18131.146278,nan,,cycles:u,cycles,0.0,100.0,nan,,ok
18131.146278,nan,,branches:u,branches,0.0,100.0,nan,,ok
18131.146278,nan,,branch-misses:u,branch-misses,0.0,100.0,nan,,ok
18131.146278,nan,,L1-dcache-loads:u,l1-dcache-loads,0.0,100.0,nan,,ok
18131.146278,nan,,cache-references:u,cache-references,0.0,100.0,nan,,ok
18131.146278,nan,,cache-misses:u,cache-misses,0.0,100.0,nan,,ok
18131.146278,nan,,stalled-cycles-frontend:u,stalled-cycles-frontend,0.0,100.0,nan,,ok
18141.790156,0.0,,instructions:u,instructions,2923856.0,73.0,nan,,ok
18141.790156,0.0,,cycles:u,cycles,2992008.0,75.0,nan,,ok
18141.790156,0.0,,branches:u,branches,3054664.0,76.0,nan,,ok
18141.790156,0.0,,branch-misses:u,branch-misses,3054664.0,76.0,nan,,ok
18141.790156,0.0,,L1-dcache-loads:u,l1-dcache-loads,2062933.0,51.0,nan,,ok
18141.790156,0.0,,cache-references:u,cache-references,1061016.0,26.0,nan,,ok
18141.790156,0.0,,cache-misses:u,cache-misses,992864.0,24.0,nan,,ok
18141.790156,0.0,,stalled-cycles-frontend:u,stalled-cycles-frontend,1921939.0,48.0,nan,,ok
18152.450223,nan,,instructions:u,instructions,0.0,100.0,nan,,ok
18152.450223,nan,,cycles:u,cycles,0.0,100.0,nan,,ok
18152.450223,nan,,branches:u,branches,0.0,100.0,nan,,ok
18152.450223,nan,,branch-misses:u,branch-misses,0.0,100.0,nan,,ok
18152.450223,nan,,L1-dcache-loads:u,l1-dcache-loads,0.0,100.0,nan,,ok
18152.450223,nan,,cache-references:u,cache-references,0.0,100.0,nan,,ok
18152.450223,nan,,cache-misses:u,cache-misses,0.0,100.0,nan,,ok
18152.450223,nan,,stalled-cycles-frontend:u,stalled-cycles-frontend,0.0,100.0,nan,,ok
18163.10541,nan,,instructions:u,instructions,0.0,0.0,nan,,ok
18163.10541,nan,,cycles:u,cycles,0.0,0.0,nan,,ok
18163.10541,0.0,,branches:u,branches,977217.0,33.0,nan,,ok
18163.10541,0.0,,branch-misses:u,branch-misses,1971721.0,66.0,nan,,ok
18163.10541,0.0,,L1-dcache-loads:u,l1-dcache-loads,2961619.0,100.0,nan,,ok
18163.10541,0.0,,cache-references:u,cache-references,3009228.0,100.0,nan,,ok
18163.10541,0.0,,cache-misses:u,cache-misses,3023843.0,100.0,nan,,ok
18163.10541,nan,,stalled-cycles-frontend:u,stalled-cycles-frontend,0.0,0.0,nan,,ok
18173.793341,0.0,,instructions:u,instructions,32403.0,2.0,nan,,ok
18173.793341,nan,,cycles:u,cycles,0.0,0.0,nan,,ok
18173.793341,nan,,branches:u,branches,0.0,0.0,nan,,ok
18173.793341,nan,,branch-misses:u,branch-misses,0.0,0.0,nan,,ok
18173.793341,0.0,,L1-dcache-loads:u,l1-dcache-loads,14703.0,1.0,nan,,ok
18173.793341,0.0,,cache-references:u,cache-references,960077.0,96.0,nan,,ok
18173.793341,0.0,,cache-misses:u,cache-misses,977865.0,100.0,nan,,ok
18173.793341,0.0,,stalled-cycles-frontend:u,stalled-cycles-frontend,32403.0,3.0,nan,,ok
18184.463845,nan,,instructions:u,instructions,0.0,100.0,nan,,ok
18184.463845,nan,,cycles:u,cycles,0.0,100.0,nan,,ok
18184.463845,nan,,branches:u,branches,0.0,100.0,nan,,ok
18184.463845,nan,,branch-misses:u,branch-misses,0.0,100.0,nan,,ok
18184.463845,nan,,L1-dcache-loads:u,l1-dcache-loads,0.0,100.0,nan,,ok
18184.463845,nan,,cache-references:u,cache-references,0.0,100.0,nan,,ok
18184.463845,nan,,cache-misses:u,cache-misses,0.0,100.0,nan,,ok
18184.463845,nan,,stalled-cycles-frontend:u,stalled-cycles-frontend,0.0,100.0,nan,,ok
18195.143731999997,0.0,,instructions:u,instructions,2961644.0,74.0,nan,,ok
18195.143731999997,0.0,,cycles:u,cycles,2993661.0,74.0,nan,,ok
18195.143731999997,0.0,,branches:u,branches,3031486.0,75.0,nan,,ok
18195.143731999997,0.0,,branch-misses:u,branch-misses,3031486.0,75.0,nan,,ok
18195.143731999997,0.0,,L1-dcache-loads:u,l1-dcache-loads,2038482.0,50.0,nan,,ok
18195.143731999997,0.0,,cache-references:u,cache-references,1038662.0,25.0,nan,,ok
18195.143731999997,0.0,,cache-misses:u,cache-misses,1006645.0,25.0,nan,,ok
18195.143731999997,0.0,,stalled-cycles-frontend:u,stalled-cycles-frontend,1961824.0,49.0,nan,,ok
18205.903501,nan,,instructions:u,instructions,0.0,100.0,nan,,ok
18205.903501,nan,,cycles:u,cycles,0.0,100.0,nan,,ok
18205.903501,nan,,branches:u,branches,0.0,100.0,nan,,ok
18205.903501,nan,,branch-misses:u,branch-misses,0.0,100.0,nan,,ok
18205.903501,nan,,L1-dcache-loads:u,l1-dcache-loads,0.0,100.0,nan,,ok
18205.903501,nan,,cache-references:u,cache-references,0.0,100.0,nan,,ok
18205.903501,nan,,cache-misses:u,cache-misses,0.0,100.0,nan,,ok
18205.903501,nan,,stalled-cycles-frontend:u,stalled-cycles-frontend,0.0,100.0,nan,,ok
18219.236129999998,nan,,instructions:u,instructions,0.0,0.0,nan,,ok
18219.236129999998,nan,,cycles:u,cycles,0.0,0.0,nan,,ok
18219.236129999998,0.0,,branches:u,branches,966097.0,31.0,nan,,ok
18219.236129999998,0.0,,branch-misses:u,branch-misses,1967514.0,63.0,nan,,ok
18219.236129999998,0.0,,L1-dcache-loads:u,l1-dcache-loads,2958284.0,95.0,nan,,ok
18219.236129999998,0.0,,cache-references:u,cache-references,3101804.0,100.0,nan,,ok
18219.236129999998,0.0,,cache-misses:u,cache-misses,3114750.0,100.0,nan,,ok
18219.236129999998,nan,,stalled-cycles-frontend:u,stalled-cycles-frontend,0.0,0.0,nan,,ok
18229.97496,0.0,,instructions:u,instructions,33392.0,3.0,nan,,ok
18229.97496,nan,,cycles:u,cycles,0.0,0.0,nan,,ok
18229.97496,nan,,branches:u,branches,0.0,0.0,nan,,ok
18229.97496,nan,,branch-misses:u,branch-misses,0.0,0.0,nan,,ok
18229.97496,nan,,L1-dcache-loads:u,l1-dcache-loads,0.0,0.0,nan,,ok
18229.97496,0.0,,cache-references:u,cache-references,859303.0,96.0,nan,,ok
18229.97496,0.0,,cache-misses:u,cache-misses,879749.0,100.0,nan,,ok
18229.97496,0.0,,stalled-cycles-frontend:u,stalled-cycles-frontend,33392.0,3.0,nan,,ok
18240.647366,nan,,instructions:u,instructions,0.0,100.0,nan,,ok
18240.647366,nan,,cycles:u,cycles,0.0,100.0,nan,,ok
18240.647366,nan,,branches:u,branches,0.0,100.0,nan,,ok
18240.647366,nan,,branch-misses:u,branch-misses,0.0,100.0,nan,,ok
18240.647366,nan,,L1-dcache-loads:u,l1-dcache-loads,0.0,100.0,nan,,ok
18240.647366,nan,,cache-references:u,cache-references,0.0,100.0,nan,,ok
18240.647366,nan,,cache-misses:u,cache-misses,0.0,100.0,nan,,ok
18240.647366,nan,,stalled-cycles-frontend:u,stalled-cycles-frontend,0.0,100.0,nan,,ok
18251.340598,0.0,,instructions:u,instructions,2981797.0,41.0,nan,,ok
18251.340598,0.0,,cycles:u,cycles,2997988.0,41.0,nan,,ok
18251.340598,0.0,,branches:u,branches,3999821.0,55.0,nan,,ok
18251.340598,0.0,,branch-misses:u,branch-misses,5000937.0,69.0,nan,,ok
18251.340598,0.0,,L1-dcache-loads:u,l1-dcache-loads,5006876.0,69.0,nan,,ok
18251.340598,0.0,,cache-references:u,cache-references,4327371.0,59.0,nan,,ok
18251.340598,0.0,,cache-misses:u,cache-misses,4339527.0,59.0,nan,,ok
18251.340598,0.0,,stalled-cycles-frontend:u,stalled-cycles-frontend,1988948.0,27.0,nan,,ok
18262.151722,nan,,instructions:u,instructions,0.0,0.0,nan,,ok
18262.151722,nan,,cycles:u,cycles,0.0,0.0,nan,,ok
18262.151722,nan,,branches:u,branches,0.0,0.0,nan,,ok
18262.151722,nan,,branch-misses:u,branch-misses,0.0,0.0,nan,,ok
18262.151722,nan,,L1-dcache-loads:u,l1-dcache-loads,0.0,0.0,nan,,ok
18262.151722,0.0,,cache-references:u,cache-references,422919.0,100.0,nan,,ok
18262.151722,0.0,,cache-misses:u,cache-misses,394572.0,100.0,nan,,ok
18262.151722,nan,,stalled-cycles-frontend:u,stalled-cycles-frontend,0.0,0.0,nan,,ok
18272.816408000002,nan,,instructions:u,instructions,0.0,100.0,nan,,ok
18272.816408000002,nan,,cycles:u,cycles,0.0,100.0,nan,,ok
18272.816408000002,nan,,branches:u,branches,0.0,100.0,nan,,ok
18272.816408000002,nan,,branch-misses:u,branch-misses,0.0,100.0,nan,,ok
18272.816408000002,nan,,L1-dcache-loads:u,l1-dcache-loads,0.0,100.0,nan,,ok
18272.816408000002,nan,,cache-references:u,cache-references,0.0,100.0,nan,,ok
18272.816408000002,nan,,cache-misses:u,cache-misses,0.0,100.0,nan,,ok
18272.816408000002,nan,,stalled-cycles-frontend:u,stalled-cycles-frontend,0.0,100.0,nan,,ok
18283.482251999998,nan,,instructions:u,instructions,0.0,100.0,nan,,ok
18283.482251999998,nan,,cycles:u,cycles,0.0,100.0,nan,,ok
18283.482251999998,nan,,branches:u,branches,0.0,100.0,nan,,ok
18283.482251999998,nan,,branch-misses:u,branch-misses,0.0,100.0,nan,,ok
18283.482251999998,nan,,L1-dcache-loads:u,l1-dcache-loads,0.0,100.0,nan,,ok
18283.482251999998,nan,,cache-references:u,cache-references,0.0,100.0,nan,,ok
18283.482251999998,nan,,cache-misses:u,cache-misses,0.0,100.0,nan,,ok
18283.482251999998,nan,,stalled-cycles-frontend:u,stalled-cycles-frontend,0.0,100.0,nan,,ok
18294.151923,nan,,instructions:u,instructions,0.0,100.0,nan,,ok
18294.151923,nan,,cycles:u,cycles,0.0,100.0,nan,,ok
18294.151923,nan,,branches:u,branches,0.0,100.0,nan,,ok
18294.151923,nan,,branch-misses:u,branch-misses,0.0,100.0,nan,,ok
18294.151923,nan,,L1-dcache-loads:u,l1-dcache-loads,0.0,100.0,nan,,ok
18294.151923,nan,,cache-references:u,cache-references,0.0,100.0,nan,,ok
18294.151923,nan,,cache-misses:u,cache-misses,0.0,100.0,nan,,ok
18294.151923,nan,,stalled-cycles-frontend:u,stalled-cycles-frontend,0.0,100.0,nan,,ok
18304.807733,0.0,,instructions:u,instructions,3000424.0,64.0,nan,,ok
18304.807733,0.0,,cycles:u,cycles,2821304.0,58.0,nan,,ok
18304.807733,0.0,,branches:u,branches,2856647.0,59.0,nan,,ok
18304.807733,0.0,,branch-misses:u,branch-misses,2991778.0,60.0,nan,,ok
18304.807733,0.0,,L1-dcache-loads:u,l1-dcache-loads,2097425.0,41.0,nan,,ok
18304.807733,0.0,,cache-references:u,cache-references,2113296.0,41.0,nan,,ok
18304.807733,0.0,,cache-misses:u,cache-misses,2240139.0,42.0,nan,,ok
18304.807733,0.0,,stalled-cycles-frontend:u,stalled-cycles-frontend,1996136.0,37.0,nan,,ok
18316.071197,nan,,instructions:u,instructions,0.0,0.0,nan,,ok
18316.071197,0.0,,cycles:u,cycles,188469.0,23.0,nan,,ok
18316.071197,0.0,,branches:u,branches,776701.0,100.0,nan,,ok
18316.071197,0.0,,branch-misses:u,branch-misses,641570.0,100.0,nan,,ok
18316.071197,0.0,,L1-dcache-loads:u,l1-dcache-loads,534527.0,100.0,nan,,ok
18316.071197,0.0,,cache-references:u,cache-references,503455.0,100.0,nan,,ok
18316.071197,0.0,,cache-misses:u,cache-misses,367263.0,100.0,nan,,ok
18316.071197,nan,,stalled-cycles-frontend:u,stalled-cycles-frontend,0.0,0.0,nan,,ok
18326.767132,nan,,instructions:u,instructions,0.0,100.0,nan,,ok
18326.767132,nan,,cycles:u,cycles,0.0,100.0,nan,,ok
18326.767132,nan,,branches:u,branches,0.0,100.0,nan,,ok
18326.767132,nan,,branch-misses:u,branch-misses,0.0,100.0,nan,,ok
18326.767132,nan,,L1-dcache-loads:u,l1-dcache-loads,0.0,100.0,nan,,ok
18326.767132,nan,,cache-references:u,cache-references,0.0,100.0,nan,,ok
18326.767132,nan,,cache-misses:u,cache-misses,0.0,100.0,nan,,ok
18326.767132,nan,,stalled-cycles-frontend:u,stalled-cycles-frontend,0.0,100.0,nan,,ok
18337.41337,0.0,,instructions:u,instructions,42133.0,1.0,nan,,ok
18337.41337,nan,,cycles:u,cycles,0.0,0.0,nan,,ok
18337.41337,0.0,,branches:u,branches,984497.0,24.0,nan,,ok
18337.41337,0.0,,branch-misses:u,branch-misses,1985863.0,49.0,nan,,ok
18337.41337,0.0,,L1-dcache-loads:u,l1-dcache-loads,2985689.0,74.0,nan,,ok
18337.41337,0.0,,cache-references:u,cache-references,3988621.0,98.0,nan,,ok
18337.41337,0.0,,cache-misses:u,cache-misses,4030754.0,100.0,nan,,ok
18337.41337,0.0,,stalled-cycles-frontend:u,stalled-cycles-frontend,42133.0,1.0,nan,,ok
18348.085904,nan,,instructions:u,instructions,0.0,100.0,nan,,ok
18348.085904,nan,,cycles:u,cycles,0.0,100.0,nan,,ok
18348.085904,nan,,branches:u,branches,0.0,100.0,nan,,ok
18348.085904,nan,,branch-misses:u,branch-misses,0.0,100.0,nan,,ok
18348.085904,nan,,L1-dcache-loads:u,l1-dcache-loads,0.0,100.0,nan,,ok
18348.085904,nan,,cache-references:u,cache-references,0.0,100.0,nan,,ok
18348.085904,nan,,cache-misses:u,cache-misses,0.0,100.0,nan,,ok
18348.085904,nan,,stalled-cycles-frontend:u,stalled-cycles-frontend,0.0,100.0,nan,,ok
18358.722679,0.0,,instructions:u,instructions,1574525.0,100.0,nan,,ok
18358.722679,0.0,,cycles:u,cycles,607570.0,37.0,nan,,ok
18358.722679,0.0,,branches:u,branches,661627.0,39.0,nan,,ok
18358.722679,0.0,,branch-misses:u,branch-misses,729932.0,42.0,nan,,ok
18358.722679,nan,,L1-dcache-loads:u,l1-dcache-loads,0.0,0.0,nan,,ok
18358.722679,nan,,cache-references:u,cache-references,0.0,0.0,nan,,ok
18358.722679,0.0,,cache-misses:u,cache-misses,995803.0,56.0,nan,,ok
18358.722679,0.0,,stalled-cycles-frontend:u,stalled-cycles-frontend,1810233.0,100.0,nan,,ok
18369.602432,0.0,,instructions:u,instructions,1423996.0,22.0,nan,,ok
18369.602432,0.0,,cycles:u,cycles,2420311.0,38.0,nan,,ok
18369.602432,0.0,,branches:u,branches,3332834.0,54.0,nan,,ok
18369.602432,0.0,,branch-misses:u,branch-misses,4270541.0,70.0,nan,,ok
18369.602432,0.0,,L1-dcache-loads:u,l1-dcache-loads,5002909.0,82.0,nan,,ok
18369.602432,0.0,,cache-references:u,cache-references,4817607.0,79.0,nan,,ok
18369.602432,0.0,,cache-misses:u,cache-misses,3792444.0,62.0,nan,,ok
18369.602432,0.0,,stalled-cycles-frontend:u,stalled-cycles-frontend,201908.0,3.0,nan,,ok
18380.246718,nan,,instructions:u,instructions,0.0,100.0,nan,,ok
18380.246718,nan,,cycles:u,cycles,0.0,100.0,nan,,ok
18380.246718,nan,,branches:u,branches,0.0,100.0,nan,,ok
18380.246718,nan,,branch-misses:u,branch-misses,0.0,100.0,nan,,ok
18380.246718,nan,,L1-dcache-loads:u,l1-dcache-loads,0.0,100.0,nan,,ok
18380.246718,nan,,cache-references:u,cache-references,0.0,100.0,nan,,ok
18380.246718,nan,,cache-misses:u,cache-misses,0.0,100.0,nan,,ok
18380.246718,nan,,stalled-cycles-frontend:u,stalled-cycles-frontend,0.0,100.0,nan,,ok
18390.871162,nan,,instructions:u,instructions,0.0,100.0,nan,,ok
18390.871162,nan,,cycles:u,cycles,0.0,100.0,nan,,ok
18390.871162,nan,,branches:u,branches,0.0,100.0,nan,,ok
18390.871162,nan,,branch-misses:u,branch-misses,0.0,100.0,nan,,ok
18390.871162,nan,,L1-dcache-loads:u,l1-dcache-loads,0.0,100.0,nan,,ok
18390.871162,nan,,cache-references:u,cache-references,0.0,100.0,nan,,ok
18390.871162,nan,,cache-misses:u,cache-misses,0.0,100.0,nan,,ok
18390.871162,nan,,stalled-cycles-frontend:u,stalled-cycles-frontend,0.0,100.0,nan,,ok
18401.504451,nan,,instructions:u,instructions,0.0,100.0,nan,,ok
18401.504451,nan,,cycles:u,cycles,0.0,100.0,nan,,ok
18401.504451,nan,,branches:u,branches,0.0,100.0,nan,,ok
18401.504451,nan,,branch-misses:u,branch-misses,0.0,100.0,nan,,ok
18401.504451,nan,,L1-dcache-loads:u,l1-dcache-loads,0.0,100.0,nan,,ok
18401.504451,nan,,cache-references:u,cache-references,0.0,100.0,nan,,ok
18401.504451,nan,,cache-misses:u,cache-misses,0.0,100.0,nan,,ok
18401.504451,nan,,stalled-cycles-frontend:u,stalled-cycles-frontend,0.0,100.0,nan,,ok
18412.164477000002,nan,,instructions:u,instructions,0.0,100.0,nan,,ok
18412.164477000002,nan,,cycles:u,cycles,0.0,0.0,nan,,ok
18412.164477000002,nan,,branches:u,branches,0.0,0.0,nan,,ok
18412.164477000002,nan,,branch-misses:u,branch-misses,0.0,0.0,nan,,ok
18412.164477000002,nan,,L1-dcache-loads:u,l1-dcache-loads,0.0,0.0,nan,,ok
18412.164477000002,0.0,,cache-references:u,cache-references,117348.0,100.0,nan,,ok
18412.164477000002,0.0,,cache-misses:u,cache-misses,135740.0,100.0,nan,,ok
18412.164477000002,nan,,stalled-cycles-frontend:u,stalled-cycles-frontend,0.0,0.0,nan,,ok
18422.934099,0.0,,instructions:u,instructions,2983165.0,65.0,nan,,ok
18422.934099,0.0,,cycles:u,cycles,2610968.0,57.0,nan,,ok
18422.934099,0.0,,branches:u,branches,2610968.0,57.0,nan,,ok
18422.934099,0.0,,branch-misses:u,branch-misses,2610968.0,58.0,nan,,ok
18422.934099,0.0,,L1-dcache-loads:u,l1-dcache-loads,1610272.0,35.0,nan,,ok
18422.934099,0.0,,cache-references:u,cache-references,1473409.0,33.0,nan,,ok
18422.934099,0.0,,cache-misses:u,cache-misses,1827214.0,41.0,nan,,ok
18422.934099,0.0,,stalled-cycles-frontend:u,stalled-cycles-frontend,1989574.0,45.0,nan,,ok
18433.59946,nan,,instructions:u,instructions,0.0,100.0,nan,,ok
18433.59946,nan,,cycles:u,cycles,0.0,100.0,nan,,ok
18433.59946,nan,,branches:u,branches,0.0,100.0,nan,,ok
18433.59946,nan,,branch-misses:u,branch-misses,0.0,100.0,nan,,ok
18433.59946,nan,,L1-dcache-loads:u,l1-dcache-loads,0.0,100.0,nan,,ok
18433.59946,nan,,cache-references:u,cache-references,0.0,100.0,nan,,ok
18433.59946,nan,,cache-misses:u,cache-misses,0.0,100.0,nan,,ok
18433.59946,nan,,stalled-cycles-frontend:u,stalled-cycles-frontend,0.0,100.0,nan,,ok
18444.17556,nan,,instructions:u,instructions,0.0,100.0,nan,,ok
18444.17556,nan,,cycles:u,cycles,0.0,100.0,nan,,ok
18444.17556,nan,,branches:u,branches,0.0,100.0,nan,,ok
18444.17556,nan,,branch-misses:u,branch-misses,0.0,100.0,nan,,ok
18444.17556,nan,,L1-dcache-loads:u,l1-dcache-loads,0.0,100.0,nan,,ok
18444.17556,nan,,cache-references:u,cache-references,0.0,100.0,nan,,ok
18444.17556,nan,,cache-misses:u,cache-misses,0.0,100.0,nan,,ok
18444.17556,nan,,stalled-cycles-frontend:u,stalled-cycles-frontend,0.0,100.0,nan,,ok
18454.764507,nan,,instructions:u,instructions,0.0,100.0,nan,,ok
18454.764507,nan,,cycles:u,cycles,0.0,100.0,nan,,ok
18454.764507,nan,,branches:u,branches,0.0,100.0,nan,,ok
18454.764507,nan,,branch-misses:u,branch-misses,0.0,100.0,nan,,ok
18454.764507,nan,,L1-dcache-loads:u,l1-dcache-loads,0.0,100.0,nan,,ok
18454.764507,nan,,cache-references:u,cache-references,0.0,100.0,nan,,ok
18454.764507,nan,,cache-misses:u,cache-misses,0.0,100.0,nan,,ok
18454.764507,nan,,stalled-cycles-frontend:u,stalled-cycles-frontend,0.0,100.0,nan,,ok
18465.37339,nan,,instructions:u,instructions,0.0,0.0,nan,,ok
18465.37339,0.0,,cycles:u,cycles,982571.0,21.0,nan,,ok
18465.37339,0.0,,branches:u,branches,1953024.0,42.0,nan,,ok
18465.37339,0.0,,branch-misses:u,branch-misses,2952577.0,63.0,nan,,ok
18465.37339,0.0,,L1-dcache-loads:u,l1-dcache-loads,3950456.0,85.0,nan,,ok
18465.37339,0.0,,cache-references:u,cache-references,4644758.0,100.0,nan,,ok
18465.37339,0.0,,cache-misses:u,cache-misses,3662187.0,78.0,nan,,ok
18465.37339,nan,,stalled-cycles-frontend:u,stalled-cycles-frontend,0.0,0.0,nan,,ok
18476.088052000003,nan,,instructions:u,instructions,0.0,100.0,nan,,ok
18476.088052000003,nan,,cycles:u,cycles,0.0,100.0,nan,,ok
18476.088052000003,nan,,branches:u,branches,0.0,100.0,nan,,ok
18476.088052000003,nan,,branch-misses:u,branch-misses,0.0,100.0,nan,,ok
18476.088052000003,nan,,L1-dcache-loads:u,l1-dcache-loads,0.0,100.0,nan,,ok
18476.088052000003,nan,,cache-references:u,cache-references,0.0,100.0,nan,,ok
18476.088052000003,nan,,cache-misses:u,cache-misses,0.0,100.0,nan,,ok
18476.088052000003,nan,,stalled-cycles-frontend:u,stalled-cycles-frontend,0.0,100.0,nan,,ok
18486.744368,nan,,instructions:u,instructions,0.0,100.0,nan,,ok
18486.744368,nan,,cycles:u,cycles,0.0,100.0,nan,,ok
18486.744368,nan,,branches:u,branches,0.0,100.0,nan,,ok
18486.744368,nan,,branch-misses:u,branch-misses,0.0,100.0,nan,,ok
18486.744368,nan,,L1-dcache-loads:u,l1-dcache-loads,0.0,100.0,nan,,ok
18486.744368,nan,,cache-references:u,cache-references,0.0,100.0,nan,,ok
18486.744368,nan,,cache-misses:u,cache-misses,0.0,100.0,nan,,ok
18486.744368,nan,,stalled-cycles-frontend:u,stalled-cycles-frontend,0.0,100.0,nan,,ok
18497.413926,nan,,instructions:u,instructions,0.0,100.0,nan,,ok
18497.413926,nan,,cycles:u,cycles,0.0,100.0,nan,,ok
18497.413926,nan,,branches:u,branches,0.0,100.0,nan,,ok
18497.413926,nan,,branch-misses:u,branch-misses,0.0,100.0,nan,,ok
18497.413926,nan,,L1-dcache-loads:u,l1-dcache-loads,0.0,100.0,nan,,ok
18497.413926,nan,,cache-references:u,cache-references,0.0,100.0,nan,,ok
18497.413926,nan,,cache-misses:u,cache-misses,0.0,100.0,nan,,ok
18497.413926,nan,,stalled-cycles-frontend:u,stalled-cycles-frontend,0.0,100.0,nan,,ok
18508.031121,nan,,instructions:u,instructions,0.0,100.0,nan,,ok
18508.031121,nan,,cycles:u,cycles,0.0,100.0,nan,,ok
18508.031121,nan,,branches:u,branches,0.0,100.0,nan,,ok
18508.031121,nan,,branch-misses:u,branch-misses,0.0,100.0,nan,,ok
18508.031121,nan,,L1-dcache-loads:u,l1-dcache-loads,0.0,100.0,nan,,ok
18508.031121,nan,,cache-references:u,cache-references,0.0,100.0,nan,,ok
18508.031121,nan,,cache-misses:u,cache-misses,0.0,100.0,nan,,ok
18508.031121,nan,,stalled-cycles-frontend:u,stalled-cycles-frontend,0.0,100.0,nan,,ok
18518.621541,0.0,,instructions:u,instructions,3002770.0,46.0,nan,,ok
18518.621541,0.0,,cycles:u,cycles,3002435.0,46.0,nan,,ok
18518.621541,0.0,,branches:u,branches,4008340.0,62.0,nan,,ok
18518.621541,0.0,,branch-misses:u,branch-misses,4562652.0,69.0,nan,,ok
18518.621541,0.0,,L1-dcache-loads:u,l1-dcache-loads,3560426.0,54.0,nan,,ok
18518.621541,0.0,,cache-references:u,cache-references,3598456.0,54.0,nan,,ok
18518.621541,0.0,,cache-misses:u,cache-misses,3598791.0,54.0,nan,,ok
18518.621541,0.0,,stalled-cycles-frontend:u,stalled-cycles-frontend,2019774.0,30.0,nan,,ok
18529.416143,nan,,instructions:u,instructions,0.0,0.0,nan,,ok
18529.416143,nan,,cycles:u,cycles,0.0,0.0,nan,,ok
18529.416143,nan,,branches:u,branches,0.0,0.0,nan,,ok
18529.416143,0.0,,branch-misses:u,branch-misses,56287.0,100.0,nan,,ok
18529.416143,0.0,,L1-dcache-loads:u,l1-dcache-loads,39051.0,100.0,nan,,ok
18529.416143,nan,,cache-references:u,cache-references,0.0,100.0,nan,,ok
18529.416143,nan,,cache-misses:u,cache-misses,0.0,100.0,nan,,ok
18529.416143,nan,,stalled-cycles-frontend:u,stalled-cycles-frontend,0.0,100.0,nan,,ok
18540.034144,nan,,instructions:u,instructions,0.0,100.0,nan,,ok
18540.034144,nan,,cycles:u,cycles,0.0,100.0,nan,,ok
18540.034144,nan,,branches:u,branches,0.0,100.0,nan,,ok
18540.034144,nan,,branch-misses:u,branch-misses,0.0,100.0,nan,,ok
18540.034144,nan,,L1-dcache-loads:u,l1-dcache-loads,0.0,100.0,nan,,ok
18540.034144,nan,,cache-references:u,cache-references,0.0,100.0,nan,,ok
18540.034144,nan,,cache-misses:u,cache-misses,0.0,100.0,nan,,ok
18540.034144,nan,,stalled-cycles-frontend:u,stalled-cycles-frontend,0.0,100.0,nan,,ok
18550.680579,nan,,instructions:u,instructions,0.0,100.0,nan,,ok
18550.680579,nan,,cycles:u,cycles,0.0,100.0,nan,,ok
18550.680579,nan,,branches:u,branches,0.0,100.0,nan,,ok
18550.680579,nan,,branch-misses:u,branch-misses,0.0,100.0,nan,,ok
18550.680579,nan,,L1-dcache-loads:u,l1-dcache-loads,0.0,100.0,nan,,ok
18550.680579,nan,,cache-references:u,cache-references,0.0,100.0,nan,,ok
18550.680579,nan,,cache-misses:u,cache-misses,0.0,100.0,nan,,ok
18550.680579,nan,,stalled-cycles-frontend:u,stalled-cycles-frontend,0.0,100.0,nan,,ok
18561.326241,nan,,instructions:u,instructions,0.0,100.0,nan,,ok
18561.326241,nan,,cycles:u,cycles,0.0,100.0,nan,,ok
18561.326241,nan,,branches:u,branches,0.0,100.0,nan,,ok
18561.326241,nan,,branch-misses:u,branch-misses,0.0,100.0,nan,,ok
18561.326241,nan,,L1-dcache-loads:u,l1-dcache-loads,0.0,100.0,nan,,ok
18561.326241,nan,,cache-references:u,cache-references,0.0,100.0,nan,,ok
18561.326241,nan,,cache-misses:u,cache-misses,0.0,100.0,nan,,ok
18561.326241,nan,,stalled-cycles-frontend:u,stalled-cycles-frontend,0.0,100.0,nan,,ok
18572.023036000002,nan,,instructions:u,instructions,0.0,100.0,nan,,ok
18572.023036000002,nan,,cycles:u,cycles,0.0,100.0,nan,,ok
18572.023036000002,nan,,branches:u,branches,0.0,100.0,nan,,ok
18572.023036000002,nan,,branch-misses:u,branch-misses,0.0,100.0,nan,,ok
18572.023036000002,nan,,L1-dcache-loads:u,l1-dcache-loads,0.0,100.0,nan,,ok
18572.023036000002,nan,,cache-references:u,cache-references,0.0,100.0,nan,,ok
18572.023036000002,nan,,cache-misses:u,cache-misses,0.0,100.0,nan,,ok
18572.023036000002,nan,,stalled-cycles-frontend:u,stalled-cycles-frontend,0.0,100.0,nan,,ok
18582.645719,0.0,,instructions:u,instructions,1120037.0,27.0,nan,,ok
18582.645719,0.0,,cycles:u,cycles,122664.0,2.0,nan,,ok
18582.645719,0.0,,branches:u,branches,122664.0,2.0,nan,,ok
18582.645719,0.0,,branch-misses:u,branch-misses,1119798.0,27.0,nan,,ok
18582.645719,0.0,,L1-dcache-loads:u,l1-dcache-loads,1993395.0,48.0,nan,,ok
18582.645719,0.0,,cache-references:u,cache-references,3000172.0,72.0,nan,,ok
18582.645719,0.0,,cache-misses:u,cache-misses,3997545.0,97.0,nan,,ok
18582.645719,0.0,,stalled-cycles-frontend:u,stalled-cycles-frontend,1120037.0,27.0,nan,,ok
18593.366652,nan,,instructions:u,instructions,0.0,100.0,nan,,ok
18593.366652,nan,,cycles:u,cycles,0.0,100.0,nan,,ok
18593.366652,nan,,branches:u,branches,0.0,100.0,nan,,ok
18593.366652,nan,,branch-misses:u,branch-misses,0.0,100.0,nan,,ok
18593.366652,nan,,L1-dcache-loads:u,l1-dcache-loads,0.0,100.0,nan,,ok
18593.366652,nan,,cache-references:u,cache-references,0.0,100.0,nan,,ok
18593.366652,nan,,cache-misses:u,cache-misses,0.0,100.0,nan,,ok
18593.366652,nan,,stalled-cycles-frontend:u,stalled-cycles-frontend,0.0,100.0,nan,,ok
18603.977288,0.0,,instructions:u,instructions,1773356.0,100.0,nan,,ok
18603.977288,0.0,,cycles:u,cycles,1799442.0,100.0,nan,,ok
18603.977288,0.0,,branches:u,branches,1818702.0,100.0,nan,,ok
18603.977288,0.0,,branch-misses:u,branch-misses,1841476.0,100.0,nan,,ok
18603.977288,0.0,,L1-dcache-loads:u,l1-dcache-loads,883917.0,47.0,nan,,ok
18603.977288,nan,,cache-references:u,cache-references,0.0,0.0,nan,,ok
18603.977288,nan,,cache-misses:u,cache-misses,0.0,0.0,nan,,ok
18603.977288,0.0,,stalled-cycles-frontend:u,stalled-cycles-frontend,983633.0,51.0,nan,,ok
18614.755295,0.0,,instructions:u,instructions,623585.0,11.0,nan,,ok
18614.755295,0.0,,cycles:u,cycles,1145589.0,20.0,nan,,ok
18614.755295,0.0,,branches:u,branches,2133070.0,38.0,nan,,ok
18614.755295,0.0,,branch-misses:u,branch-misses,3113645.0,55.0,nan,,ok
18614.755295,0.0,,L1-dcache-loads:u,l1-dcache-loads,4078530.0,73.0,nan,,ok
18614.755295,0.0,,cache-references:u,cache-references,5010294.0,90.0,nan,,ok
18614.755295,0.0,,cache-misses:u,cache-misses,4462204.0,80.0,nan,,ok
18614.755295,0.0,,stalled-cycles-frontend:u,stalled-cycles-frontend,447487.0,8.0,nan,,ok
18625.358134,0.0,,instructions:u,instructions,2993112.0,37.0,nan,,ok
18625.358134,0.0,,cycles:u,cycles,3022522.0,37.0,nan,,ok
18625.358134,0.0,,branches:u,branches,4006354.0,50.0,nan,,ok
18625.358134,0.0,,branch-misses:u,branch-misses,5007524.0,62.0,nan,,ok
18625.358134,0.0,,L1-dcache-loads:u,l1-dcache-loads,4995059.0,62.0,nan,,ok
18625.358134,0.0,,cache-references:u,cache-references,4996545.0,62.0,nan,,ok
18625.358134,0.0,,cache-misses:u,cache-misses,5020127.0,62.0,nan,,ok
18625.358134,0.0,,stalled-cycles-frontend:u,stalled-cycles-frontend,2057285.0,25.0,nan,,ok
18636.041429999997,0.0,,instructions:u,instructions,2808103.0,37.0,nan,,ok
18636.041429999997,0.0,,cycles:u,cycles,3000115.0,39.0,nan,,ok
18636.041429999997,0.0,,branches:u,branches,3994629.0,52.0,nan,,ok
18636.041429999997,0.0,,branch-misses:u,branch-misses,4998167.0,66.0,nan,,ok
18636.041429999997,0.0,,L1-dcache-loads:u,l1-dcache-loads,4998134.0,66.0,nan,,ok
18636.041429999997,0.0,,cache-references:u,cache-references,4756375.0,63.0,nan,,ok
18636.041429999997,0.0,,cache-misses:u,cache-misses,4511371.0,60.0,nan,,ok
18636.041429999997,0.0,,stalled-cycles-frontend:u,stalled-cycles-frontend,1735920.0,23.0,nan,,ok
18646.67574,0.0,,instructions:u,instructions,520121.0,34.0,nan,,ok
18646.67574,nan,,cycles:u,cycles,0.0,0.0,nan,,ok
18646.67574,nan,,branches:u,branches,0.0,0.0,nan,,ok
18646.67574,nan,,branch-misses:u,branch-misses,0.0,0.0,nan,,ok
18646.67574,nan,,L1-dcache-loads:u,l1-dcache-loads,0.0,0.0,nan,,ok
18646.67574,0.0,,cache-references:u,cache-references,984521.0,63.0,nan,,ok
18646.67574,0.0,,cache-misses:u,cache-misses,1596797.0,100.0,nan,,ok
18646.67574,0.0,,stalled-cycles-frontend:u,stalled-cycles-frontend,627050.0,38.0,nan,,ok
18657.387801999997,0.0,,instructions:u,instructions,5483847.0,51.0,nan,,ok
18657.387801999997,0.0,,cycles:u,cycles,5231277.0,48.0,nan,,ok
18657.387801999997,0.0,,branches:u,branches,6252119.0,58.0,nan,,ok
18657.387801999997,0.0,,branch-misses:u,branch-misses,7259270.0,67.0,nan,,ok
18657.387801999997,0.0,,L1-dcache-loads:u,l1-dcache-loads,6278127.0,58.0,nan,,ok
18657.387801999997,0.0,,cache-references:u,cache-references,5305049.0,49.0,nan,,ok
18657.387801999997,0.0,,cache-misses:u,cache-misses,5397786.0,50.0,nan,,ok
18657.387801999997,0.0,,stalled-cycles-frontend:u,stalled-cycles-frontend,3384785.0,31.0,nan,,ok
18668.119074,nan,,instructions:u,instructions,0.0,0.0,nan,,ok
18668.119074,0.0,,cycles:u,cycles,756369.0,93.0,nan,,ok
18668.119074,0.0,,branches:u,branches,792646.0,100.0,nan,,ok
18668.119074,0.0,,branch-misses:u,branch-misses,777239.0,100.0,nan,,ok
18668.119074,0.0,,L1-dcache-loads:u,l1-dcache-loads,759156.0,100.0,nan,,ok
18668.119074,0.0,,cache-references:u,cache-references,740710.0,100.0,nan,,ok
18668.119074,0.0,,cache-misses:u,cache-misses,52019.0,7.0,nan,,ok
18668.119074,nan,,stalled-cycles-frontend:u,stalled-cycles-frontend,0.0,0.0,nan,,ok
18678.755347,0.0,,instructions:u,instructions,3006150.0,39.0,nan,,ok
18678.755347,0.0,,cycles:u,cycles,2621232.0,34.0,nan,,ok
18678.755347,0.0,,branches:u,branches,3619978.0,47.0,nan,,ok
18678.755347,0.0,,branch-misses:u,branch-misses,4631716.0,60.0,nan,,ok
18678.755347,0.0,,L1-dcache-loads:u,l1-dcache-loads,4632780.0,60.0,nan,,ok
18678.755347,0.0,,cache-references:u,cache-references,4647251.0,60.0,nan,,ok
18678.755347,0.0,,cache-misses:u,cache-misses,4976387.0,64.0,nan,,ok
18678.755347,0.0,,stalled-cycles-frontend:u,stalled-cycles-frontend,2007081.0,26.0,nan,,ok
18689.414666,0.0,,instructions:u,instructions,1833874.0,29.0,nan,,ok
18689.414666,0.0,,cycles:u,cycles,1209730.0,19.0,nan,,ok
18689.414666,0.0,,branches:u,branches,2195223.0,35.0,nan,,ok
18689.414666,0.0,,branch-misses:u,branch-misses,3191170.0,51.0,nan,,ok
18689.414666,0.0,,L1-dcache-loads:u,l1-dcache-loads,3338991.0,54.0,nan,,ok
18689.414666,0.0,,cache-references:u,cache-references,4321929.0,70.0,nan,,ok
18689.414666,0.0,,cache-misses:u,cache-misses,5001855.0,81.0,nan,,ok
18689.414666,0.0,,stalled-cycles-frontend:u,stalled-cycles-frontend,1833874.0,29.0,nan,,ok
18700.0462,nan,,instructions:u,instructions,0.0,100.0,nan,,ok
18700.0462,nan,,cycles:u,cycles,0.0,100.0,nan,,ok
18700.0462,nan,,branches:u,branches,0.0,100.0,nan,,ok
18700.0462,nan,,branch-misses:u,branch-misses,0.0,100.0,nan,,ok
18700.0462,nan,,L1-dcache-loads:u,l1-dcache-loads,0.0,100.0,nan,,ok
18700.0462,nan,,cache-references:u,cache-references,0.0,100.0,nan,,ok
18700.0462,nan,,cache-misses:u,cache-misses,0.0,100.0,nan,,ok
18700.0462,nan,,stalled-cycles-frontend:u,stalled-cycles-frontend,0.0,100.0,nan,,ok
18710.67714,0.0,,instructions:u,instructions,3221069.0,39.0,nan,,ok
18710.67714,0.0,,cycles:u,cycles,3224583.0,39.0,nan,,ok
18710.67714,0.0,,branches:u,branches,4225694.0,51.0,nan,,ok
18710.67714,0.0,,branch-misses:u,branch-misses,5227967.0,63.0,nan,,ok
18710.67714,0.0,,L1-dcache-loads:u,l1-dcache-loads,4991935.0,60.0,nan,,ok
18710.67714,0.0,,cache-references:u,cache-references,5000920.0,60.0,nan,,ok
18710.67714,0.0,,cache-misses:u,cache-misses,4997406.0,60.0,nan,,ok
18710.67714,0.0,,stalled-cycles-frontend:u,stalled-cycles-frontend,2232041.0,27.0,nan,,ok
18721.313215,nan,,instructions:u,instructions,0.0,100.0,nan,,ok
18721.313215,nan,,cycles:u,cycles,0.0,100.0,nan,,ok
18721.313215,nan,,branches:u,branches,0.0,100.0,nan,,ok
18721.313215,nan,,branch-misses:u,branch-misses,0.0,100.0,nan,,ok
18721.313215,nan,,L1-dcache-loads:u,l1-dcache-loads,0.0,100.0,nan,,ok
18721.313215,nan,,cache-references:u,cache-references,0.0,100.0,nan,,ok
18721.313215,nan,,cache-misses:u,cache-misses,0.0,100.0,nan,,ok
18721.313215,nan,,stalled-cycles-frontend:u,stalled-cycles-frontend,0.0,100.0,nan,,ok
18731.930476999998,nan,,instructions:u,instructions,0.0,100.0,nan,,ok
18731.930476999998,nan,,cycles:u,cycles,0.0,100.0,nan,,ok
18731.930476999998,nan,,branches:u,branches,0.0,100.0,nan,,ok
18731.930476999998,nan,,branch-misses:u,branch-misses,0.0,100.0,nan,,ok
18731.930476999998,nan,,L1-dcache-loads:u,l1-dcache-loads,0.0,100.0,nan,,ok
18731.930476999998,nan,,cache-references:u,cache-references,0.0,100.0,nan,,ok
18731.930476999998,nan,,cache-misses:u,cache-misses,0.0,100.0,nan,,ok
18731.930476999998,nan,,stalled-cycles-frontend:u,stalled-cycles-frontend,0.0,100.0,nan,,ok
18742.572662000002,0.0,,instructions:u,instructions,3362398.0,40.0,nan,,ok
18742.572662000002,0.0,,cycles:u,cycles,3418491.0,40.0,nan,,ok
18742.572662000002,0.0,,branches:u,branches,4438201.0,52.0,nan,,ok
18742.572662000002,0.0,,branch-misses:u,branch-misses,5459179.0,64.0,nan,,ok
18742.572662000002,0.0,,L1-dcache-loads:u,l1-dcache-loads,4995518.0,58.0,nan,,ok
18742.572662000002,0.0,,cache-references:u,cache-references,5043142.0,59.0,nan,,ok
18742.572662000002,0.0,,cache-misses:u,cache-misses,5010636.0,58.0,nan,,ok
18742.572662000002,0.0,,stalled-cycles-frontend:u,stalled-cycles-frontend,2472915.0,29.0,nan,,ok
18753.322966,0.0,,instructions:u,instructions,1571240.0,37.0,nan,,ok
18753.322966,0.0,,cycles:u,cycles,2547888.0,61.0,nan,,ok
18753.322966,0.0,,branches:u,branches,3524985.0,85.0,nan,,ok
18753.322966,0.0,,branch-misses:u,branch-misses,4108047.0,100.0,nan,,ok
18753.322966,0.0,,L1-dcache-loads:u,l1-dcache-loads,3606423.0,88.0,nan,,ok
18753.322966,0.0,,cache-references:u,cache-references,2602139.0,63.0,nan,,ok
18753.322966,0.0,,cache-misses:u,cache-misses,1601904.0,39.0,nan,,ok
18753.322966,0.0,,stalled-cycles-frontend:u,stalled-cycles-frontend,459726.0,11.0,nan,,ok
18764.022611,nan,,instructions:u,instructions,0.0,100.0,nan,,ok
18764.022611,nan,,cycles:u,cycles,0.0,100.0,nan,,ok
18764.022611,nan,,branches:u,branches,0.0,100.0,nan,,ok
18764.022611,nan,,branch-misses:u,branch-misses,0.0,100.0,nan,,ok
18764.022611,nan,,L1-dcache-loads:u,l1-dcache-loads,0.0,100.0,nan,,ok
18764.022611,nan,,cache-references:u,cache-references,0.0,100.0,nan,,ok
18764.022611,nan,,cache-misses:u,cache-misses,0.0,100.0,nan,,ok
18764.022611,nan,,stalled-cycles-frontend:u,stalled-cycles-frontend,0.0,100.0,nan,,ok
18774.672745,nan,,instructions:u,instructions,0.0,0.0,nan,,ok
18774.672745,nan,,cycles:u,cycles,0.0,0.0,nan,,ok
18774.672745,nan,,branches:u,branches,0.0,0.0,nan,,ok
18774.672745,0.0,,branch-misses:u,branch-misses,964243.0,64.0,nan,,ok
18774.672745,0.0,,L1-dcache-loads:u,l1-dcache-loads,1536250.0,100.0,nan,,ok
18774.672745,0.0,,cache-references:u,cache-references,1551548.0,100.0,nan,,ok
18774.672745,0.0,,cache-misses:u,cache-misses,1578126.0,100.0,nan,,ok
18774.672745,nan,,stalled-cycles-frontend:u,stalled-cycles-frontend,0.0,0.0,nan,,ok
18785.427796,0.0,,instructions:u,instructions,3012890.0,36.0,nan,,ok
18785.427796,0.0,,cycles:u,cycles,2995254.0,36.0,nan,,ok
18785.427796,0.0,,branches:u,branches,3994214.0,49.0,nan,,ok
18785.427796,0.0,,branch-misses:u,branch-misses,5072924.0,62.0,nan,,ok
18785.427796,0.0,,L1-dcache-loads:u,l1-dcache-loads,5085825.0,62.0,nan,,ok
18785.427796,0.0,,cache-references:u,cache-references,5063142.0,62.0,nan,,ok
18785.427796,0.0,,cache-misses:u,cache-misses,5054200.0,62.0,nan,,ok
18785.427796,0.0,,stalled-cycles-frontend:u,stalled-cycles-frontend,2003773.0,24.0,nan,,ok
18796.13543,nan,,instructions:u,instructions,0.0,100.0,nan,,ok
18796.13543,nan,,cycles:u,cycles,0.0,100.0,nan,,ok
18796.13543,nan,,branches:u,branches,0.0,100.0,nan,,ok
18796.13543,nan,,branch-misses:u,branch-misses,0.0,100.0,nan,,ok
18796.13543,nan,,L1-dcache-loads:u,l1-dcache-loads,0.0,100.0,nan,,ok
18796.13543,nan,,cache-references:u,cache-references,0.0,100.0,nan,,ok
18796.13543,nan,,cache-misses:u,cache-misses,0.0,100.0,nan,,ok
18796.13543,nan,,stalled-cycles-frontend:u,stalled-cycles-frontend,0.0,100.0,nan,,ok
18806.808026,0.0,,instructions:u,instructions,2990320.0,35.0,nan,,ok
18806.808026,0.0,,cycles:u,cycles,3001813.0,35.0,nan,,ok
18806.808026,0.0,,branches:u,branches,4010956.0,47.0,nan,,ok
18806.808026,0.0,,branch-misses:u,branch-misses,5017136.0,59.0,nan,,ok
18806.808026,0.0,,L1-dcache-loads:u,l1-dcache-loads,5424532.0,64.0,nan,,ok
18806.808026,0.0,,cache-references:u,cache-references,5439044.0,64.0,nan,,ok
18806.808026,0.0,,cache-misses:u,cache-misses,5427551.0,64.0,nan,,ok
18806.808026,0.0,,stalled-cycles-frontend:u,stalled-cycles-frontend,1997880.0,23.0,nan,,ok
18817.509898,nan,,instructions:u,instructions,0.0,100.0,nan,,ok
18817.509898,nan,,cycles:u,cycles,0.0,100.0,nan,,ok
18817.509898,nan,,branches:u,branches,0.0,100.0,nan,,ok
18817.509898,nan,,branch-misses:u,branch-misses,0.0,100.0,nan,,ok
18817.509898,nan,,L1-dcache-loads:u,l1-dcache-loads,0.0,100.0,nan,,ok
18817.509898,nan,,cache-references:u,cache-references,0.0,100.0,nan,,ok
18817.509898,nan,,cache-misses:u,cache-misses,0.0,100.0,nan,,ok
18817.509898,nan,,stalled-cycles-frontend:u,stalled-cycles-frontend,0.0,100.0,nan,,ok
18828.201075999998,nan,,instructions:u,instructions,0.0,100.0,nan,,ok
18828.201075999998,nan,,cycles:u,cycles,0.0,100.0,nan,,ok
18828.201075999998,nan,,branches:u,branches,0.0,100.0,nan,,ok
18828.201075999998,nan,,branch-misses:u,branch-misses,0.0,100.0,nan,,ok
18828.201075999998,nan,,L1-dcache-loads:u,l1-dcache-loads,0.0,100.0,nan,,ok
18828.201075999998,nan,,cache-references:u,cache-references,0.0,100.0,nan,,ok
18828.201075999998,nan,,cache-misses:u,cache-misses,0.0,100.0,nan,,ok
18828.201075999998,nan,,stalled-cycles-frontend:u,stalled-cycles-frontend,0.0,100.0,nan,,ok
18838.792018,nan,,instructions:u,instructions,0.0,100.0,nan,,ok
18838.792018,nan,,cycles:u,cycles,0.0,100.0,nan,,ok
18838.792018,nan,,branches:u,branches,0.0,100.0,nan,,ok
18838.792018,nan,,branch-misses:u,branch-misses,0.0,100.0,nan,,ok
18838.792018,nan,,L1-dcache-loads:u,l1-dcache-loads,0.0,100.0,nan,,ok
18838.792018,nan,,cache-references:u,cache-references,0.0,100.0,nan,,ok
18838.792018,nan,,cache-misses:u,cache-misses,0.0,100.0,nan,,ok
18838.792018,nan,,stalled-cycles-frontend:u,stalled-cycles-frontend,0.0,100.0,nan,,ok
18849.389927,0.0,,instructions:u,instructions,3004303.0,40.0,nan,,ok
18849.389927,0.0,,cycles:u,cycles,3019415.0,40.0,nan,,ok
18849.389927,0.0,,branches:u,branches,4007788.0,53.0,nan,,ok
18849.389927,0.0,,branch-misses:u,branch-misses,4527948.0,60.0,nan,,ok
18849.389927,0.0,,L1-dcache-loads:u,l1-dcache-loads,4496970.0,59.0,nan,,ok
18849.389927,0.0,,cache-references:u,cache-references,4499583.0,59.0,nan,,ok
18849.389927,0.0,,cache-misses:u,cache-misses,4484471.0,59.0,nan,,ok
18849.389927,0.0,,stalled-cycles-frontend:u,stalled-cycles-frontend,2010104.0,26.0,nan,,ok
18860.021356,nan,,instructions:u,instructions,0.0,100.0,nan,,ok
18860.021356,nan,,cycles:u,cycles,0.0,100.0,nan,,ok
18860.021356,nan,,branches:u,branches,0.0,100.0,nan,,ok
18860.021356,nan,,branch-misses:u,branch-misses,0.0,100.0,nan,,ok
18860.021356,nan,,L1-dcache-loads:u,l1-dcache-loads,0.0,100.0,nan,,ok
18860.021356,nan,,cache-references:u,cache-references,0.0,100.0,nan,,ok
18860.021356,nan,,cache-misses:u,cache-misses,0.0,100.0,nan,,ok
18860.021356,nan,,stalled-cycles-frontend:u,stalled-cycles-frontend,0.0,100.0,nan,,ok
18870.669569,0.0,,instructions:u,instructions,521403.0,14.0,nan,,ok
18870.669569,nan,,cycles:u,cycles,0.0,0.0,nan,,ok
18870.669569,nan,,branches:u,branches,0.0,0.0,nan,,ok
18870.669569,0.0,,branch-misses:u,branch-misses,982080.0,27.0,nan,,ok
18870.669569,0.0,,L1-dcache-loads:u,l1-dcache-loads,1958473.0,55.0,nan,,ok
18870.669569,0.0,,cache-references:u,cache-references,2963630.0,83.0,nan,,ok
18870.669569,0.0,,cache-misses:u,cache-misses,3548130.0,100.0,nan,,ok
18870.669569,0.0,,stalled-cycles-frontend:u,stalled-cycles-frontend,612946.0,17.0,nan,,ok
18881.428853999998,0.0,,instructions:u,instructions,2481033.0,66.0,nan,,ok
18881.428853999998,0.0,,cycles:u,cycles,3008115.0,80.0,nan,,ok
18881.428853999998,0.0,,branches:u,branches,3276556.0,87.0,nan,,ok
18881.428853999998,0.0,,branch-misses:u,branch-misses,3276556.0,88.0,nan,,ok
18881.428853999998,0.0,,L1-dcache-loads:u,l1-dcache-loads,2276853.0,61.0,nan,,ok
18881.428853999998,0.0,,cache-references:u,cache-references,1273918.0,34.0,nan,,ok
18881.428853999998,0.0,,cache-misses:u,cache-misses,683739.0,18.0,nan,,ok
18881.428853999998,0.0,,stalled-cycles-frontend:u,stalled-cycles-frontend,1386555.0,37.0,nan,,ok
18892.087762,nan,,instructions:u,instructions,0.0,100.0,nan,,ok
18892.087762,nan,,cycles:u,cycles,0.0,100.0,nan,,ok
18892.087762,nan,,branches:u,branches,0.0,100.0,nan,,ok
18892.087762,nan,,branch-misses:u,branch-misses,0.0,100.0,nan,,ok
18892.087762,nan,,L1-dcache-loads:u,l1-dcache-loads,0.0,100.0,nan,,ok
18892.087762,nan,,cache-references:u,cache-references,0.0,100.0,nan,,ok
18892.087762,nan,,cache-misses:u,cache-misses,0.0,100.0,nan,,ok
18892.087762,nan,,stalled-cycles-frontend:u,stalled-cycles-frontend,0.0,100.0,nan,,ok
18902.712373,0.0,,instructions:u,instructions,3034958.0,40.0,nan,,ok
18902.712373,0.0,,cycles:u,cycles,2482627.0,33.0,nan,,ok
18902.712373,0.0,,branches:u,branches,3453136.0,46.0,nan,,ok
18902.712373,0.0,,branch-misses:u,branch-misses,4464391.0,59.0,nan,,ok
18902.712373,0.0,,L1-dcache-loads:u,l1-dcache-loads,4457967.0,59.0,nan,,ok
18902.712373,0.0,,cache-references:u,cache-references,4417659.0,59.0,nan,,ok
18902.712373,0.0,,cache-misses:u,cache-misses,4969990.0,66.0,nan,,ok
18902.712373,0.0,,stalled-cycles-frontend:u,stalled-cycles-frontend,2005165.0,26.0,nan,,ok
18915.572852,nan,,instructions:u,instructions,0.0,100.0,nan,,ok
18915.572852,nan,,cycles:u,cycles,0.0,100.0,nan,,ok
18915.572852,nan,,branches:u,branches,0.0,100.0,nan,,ok
18915.572852,nan,,branch-misses:u,branch-misses,0.0,100.0,nan,,ok
18915.572852,nan,,L1-dcache-loads:u,l1-dcache-loads,0.0,100.0,nan,,ok
18915.572852,nan,,cache-references:u,cache-references,0.0,100.0,nan,,ok
18915.572852,nan,,cache-misses:u,cache-misses,0.0,100.0,nan,,ok
18915.572852,nan,,stalled-cycles-frontend:u,stalled-cycles-frontend,0.0,100.0,nan,,ok
18926.218614,nan,,instructions:u,instructions,0.0,100.0,nan,,ok
18926.218614,nan,,cycles:u,cycles,0.0,100.0,nan,,ok
18926.218614,nan,,branches:u,branches,0.0,100.0,nan,,ok
18926.218614,nan,,branch-misses:u,branch-misses,0.0,100.0,nan,,ok
18926.218614,nan,,L1-dcache-loads:u,l1-dcache-loads,0.0,100.0,nan,,ok
18926.218614,nan,,cache-references:u,cache-references,0.0,100.0,nan,,ok
18926.218614,nan,,cache-misses:u,cache-misses,0.0,100.0,nan,,ok
18926.218614,nan,,stalled-cycles-frontend:u,stalled-cycles-frontend,0.0,100.0,nan,,ok
18936.829113999996,nan,,instructions:u,instructions,0.0,100.0,nan,,ok
18936.829113999996,nan,,cycles:u,cycles,0.0,100.0,nan,,ok
18936.829113999996,nan,,branches:u,branches,0.0,100.0,nan,,ok
18936.829113999996,nan,,branch-misses:u,branch-misses,0.0,100.0,nan,,ok
18936.829113999996,nan,,L1-dcache-loads:u,l1-dcache-loads,0.0,100.0,nan,,ok
18936.829113999996,nan,,cache-references:u,cache-references,0.0,100.0,nan,,ok
18936.829113999996,nan,,cache-misses:u,cache-misses,0.0,100.0,nan,,ok
18936.829113999996,nan,,stalled-cycles-frontend:u,stalled-cycles-frontend,0.0,100.0,nan,,ok
18947.451775,nan,,instructions:u,instructions,0.0,100.0,nan,,ok
18947.451775,nan,,cycles:u,cycles,0.0,100.0,nan,,ok
18947.451775,nan,,branches:u,branches,0.0,100.0,nan,,ok
18947.451775,nan,,branch-misses:u,branch-misses,0.0,100.0,nan,,ok
18947.451775,nan,,L1-dcache-loads:u,l1-dcache-loads,0.0,100.0,nan,,ok
18947.451775,nan,,cache-references:u,cache-references,0.0,100.0,nan,,ok
18947.451775,nan,,cache-misses:u,cache-misses,0.0,100.0,nan,,ok
18947.451775,nan,,stalled-cycles-frontend:u,stalled-cycles-frontend,0.0,100.0,nan,,ok
18958.110861,nan,,instructions:u,instructions,0.0,0.0,nan,,ok
18958.110861,0.0,,cycles:u,cycles,997336.0,22.0,nan,,ok
18958.110861,0.0,,branches:u,branches,1988800.0,44.0,nan,,ok
18958.110861,0.0,,branch-misses:u,branch-misses,2991972.0,67.0,nan,,ok
18958.110861,0.0,,L1-dcache-loads:u,l1-dcache-loads,4007094.0,90.0,nan,,ok
18958.110861,0.0,,cache-references:u,cache-references,4429942.0,100.0,nan,,ok
18958.110861,0.0,,cache-misses:u,cache-misses,3432606.0,77.0,nan,,ok
18958.110861,nan,,stalled-cycles-frontend:u,stalled-cycles-frontend,0.0,0.0,nan,,ok
18968.791193,nan,,instructions:u,instructions,0.0,100.0,nan,,ok
18968.791193,nan,,cycles:u,cycles,0.0,100.0,nan,,ok
18968.791193,nan,,branches:u,branches,0.0,100.0,nan,,ok
18968.791193,nan,,branch-misses:u,branch-misses,0.0,100.0,nan,,ok
18968.791193,nan,,L1-dcache-loads:u,l1-dcache-loads,0.0,100.0,nan,,ok
18968.791193,nan,,cache-references:u,cache-references,0.0,100.0,nan,,ok
18968.791193,nan,,cache-misses:u,cache-misses,0.0,100.0,nan,,ok
18968.791193,nan,,stalled-cycles-frontend:u,stalled-cycles-frontend,0.0,100.0,nan,,ok
18979.698018,nan,,instructions:u,instructions,0.0,100.0,nan,,ok
18979.698018,nan,,cycles:u,cycles,0.0,100.0,nan,,ok
18979.698018,nan,,branches:u,branches,0.0,100.0,nan,,ok
18979.698018,nan,,branch-misses:u,branch-misses,0.0,100.0,nan,,ok
18979.698018,nan,,L1-dcache-loads:u,l1-dcache-loads,0.0,100.0,nan,,ok
18979.698018,nan,,cache-references:u,cache-references,0.0,100.0,nan,,ok
18979.698018,nan,,cache-misses:u,cache-misses,0.0,100.0,nan,,ok
18979.698018,nan,,stalled-cycles-frontend:u,stalled-cycles-frontend,0.0,100.0,nan,,ok
18990.238028,0.0,,instructions:u,instructions,3001861.0,49.0,nan,,ok
18990.238028,0.0,,cycles:u,cycles,3002450.0,49.0,nan,,ok
18990.238028,0.0,,branches:u,branches,4003230.0,65.0,nan,,ok
18990.238028,0.0,,branch-misses:u,branch-misses,4212166.0,68.0,nan,,ok
18990.238028,0.0,,L1-dcache-loads:u,l1-dcache-loads,3222945.0,51.0,nan,,ok
18990.238028,0.0,,cache-references:u,cache-references,3215338.0,51.0,nan,,ok
18990.238028,0.0,,cache-misses:u,cache-misses,3317562.0,52.0,nan,,ok
18990.238028,0.0,,stalled-cycles-frontend:u,stalled-cycles-frontend,2006329.0,31.0,nan,,ok
19001.023477,nan,,instructions:u,instructions,0.0,0.0,nan,,ok
19001.023477,nan,,cycles:u,cycles,0.0,0.0,nan,,ok
19001.023477,nan,,branches:u,branches,0.0,0.0,nan,,ok
19001.023477,0.0,,branch-misses:u,branch-misses,716703.0,100.0,nan,,ok
19001.023477,0.0,,L1-dcache-loads:u,l1-dcache-loads,700661.0,100.0,nan,,ok
19001.023477,0.0,,cache-references:u,cache-references,684877.0,100.0,nan,,ok
19001.023477,0.0,,cache-misses:u,cache-misses,582064.0,100.0,nan,,ok
19001.023477,nan,,stalled-cycles-frontend:u,stalled-cycles-frontend,0.0,0.0,nan,,ok
19011.64145,nan,,instructions:u,instructions,0.0,100.0,nan,,ok
19011.64145,nan,,cycles:u,cycles,0.0,100.0,nan,,ok
19011.64145,nan,,branches:u,branches,0.0,100.0,nan,,ok
19011.64145,nan,,branch-misses:u,branch-misses,0.0,100.0,nan,,ok
19011.64145,nan,,L1-dcache-loads:u,l1-dcache-loads,0.0,100.0,nan,,ok
19011.64145,nan,,cache-references:u,cache-references,0.0,100.0,nan,,ok
19011.64145,nan,,cache-misses:u,cache-misses,0.0,100.0,nan,,ok
19011.64145,nan,,stalled-cycles-frontend:u,stalled-cycles-frontend,0.0,100.0,nan,,ok
19022.402145,nan,,instructions:u,instructions,0.0,100.0,nan,,ok
19022.402145,nan,,cycles:u,cycles,0.0,100.0,nan,,ok
19022.402145,nan,,branches:u,branches,0.0,100.0,nan,,ok
19022.402145,nan,,branch-misses:u,branch-misses,0.0,100.0,nan,,ok
19022.402145,nan,,L1-dcache-loads:u,l1-dcache-loads,0.0,100.0,nan,,ok
19022.402145,nan,,cache-references:u,cache-references,0.0,100.0,nan,,ok
19022.402145,nan,,cache-misses:u,cache-misses,0.0,100.0,nan,,ok
19022.402145,nan,,stalled-cycles-frontend:u,stalled-cycles-frontend,0.0,100.0,nan,,ok
19033.052579,nan,,instructions:u,instructions,0.0,100.0,nan,,ok
19033.052579,nan,,cycles:u,cycles,0.0,100.0,nan,,ok
19033.052579,nan,,branches:u,branches,0.0,100.0,nan,,ok
19033.052579,nan,,branch-misses:u,branch-misses,0.0,100.0,nan,,ok
19033.052579,nan,,L1-dcache-loads:u,l1-dcache-loads,0.0,100.0,nan,,ok
19033.052579,nan,,cache-references:u,cache-references,0.0,100.0,nan,,ok
19033.052579,nan,,cache-misses:u,cache-misses,0.0,100.0,nan,,ok
19033.052579,nan,,stalled-cycles-frontend:u,stalled-cycles-frontend,0.0,100.0,nan,,ok
19043.680875,0.0,,instructions:u,instructions,2545196.0,46.0,nan,,ok
19043.680875,0.0,,cycles:u,cycles,1564885.0,28.0,nan,,ok
19043.680875,0.0,,branches:u,branches,1586453.0,28.0,nan,,ok
19043.680875,0.0,,branch-misses:u,branch-misses,2585479.0,46.0,nan,,ok
19043.680875,0.0,,L1-dcache-loads:u,l1-dcache-loads,2605455.0,46.0,nan,,ok
19043.680875,0.0,,cache-references:u,cache-references,2971722.0,52.0,nan,,ok
19043.680875,0.0,,cache-misses:u,cache-misses,3976240.0,70.0,nan,,ok
19043.680875,0.0,,stalled-cycles-frontend:u,stalled-cycles-frontend,2000531.0,35.0,nan,,ok
19054.481453,0.0,,instructions:u,instructions,459742.0,47.0,nan,,ok
19054.481453,0.0,,cycles:u,cycles,947790.0,100.0,nan,,ok
19054.481453,0.0,,branches:u,branches,926222.0,100.0,nan,,ok
19054.481453,0.0,,branch-misses:u,branch-misses,907608.0,100.0,nan,,ok
19054.481453,0.0,,L1-dcache-loads:u,l1-dcache-loads,884831.0,100.0,nan,,ok
19054.481453,0.0,,cache-references:u,cache-references,512255.0,58.0,nan,,ok
19054.481453,nan,,cache-misses:u,cache-misses,0.0,0.0,nan,,ok
19054.481453,nan,,stalled-cycles-frontend:u,stalled-cycles-frontend,0.0,0.0,nan,,ok
19065.143290999997,nan,,instructions:u,instructions,0.0,100.0,nan,,ok
19065.143290999997,nan,,cycles:u,cycles,0.0,100.0,nan,,ok
19065.143290999997,nan,,branches:u,branches,0.0,100.0,nan,,ok
19065.143290999997,nan,,branch-misses:u,branch-misses,0.0,100.0,nan,,ok
19065.143290999997,nan,,L1-dcache-loads:u,l1-dcache-loads,0.0,100.0,nan,,ok
19065.143290999997,nan,,cache-references:u,cache-references,0.0,100.0,nan,,ok
19065.143290999997,nan,,cache-misses:u,cache-misses,0.0,100.0,nan,,ok
19065.143290999997,nan,,stalled-cycles-frontend:u,stalled-cycles-frontend,0.0,100.0,nan,,ok
19075.787743,nan,,instructions:u,instructions,0.0,100.0,nan,,ok
19075.787743,nan,,cycles:u,cycles,0.0,100.0,nan,,ok
19075.787743,nan,,branches:u,branches,0.0,100.0,nan,,ok
19075.787743,nan,,branch-misses:u,branch-misses,0.0,100.0,nan,,ok
19075.787743,nan,,L1-dcache-loads:u,l1-dcache-loads,0.0,100.0,nan,,ok
19075.787743,nan,,cache-references:u,cache-references,0.0,100.0,nan,,ok
19075.787743,nan,,cache-misses:u,cache-misses,0.0,100.0,nan,,ok
19075.787743,nan,,stalled-cycles-frontend:u,stalled-cycles-frontend,0.0,100.0,nan,,ok
19086.445777,nan,,instructions:u,instructions,0.0,100.0,nan,,ok
19086.445777,nan,,cycles:u,cycles,0.0,100.0,nan,,ok
19086.445777,nan,,branches:u,branches,0.0,100.0,nan,,ok
19086.445777,nan,,branch-misses:u,branch-misses,0.0,100.0,nan,,ok
19086.445777,nan,,L1-dcache-loads:u,l1-dcache-loads,0.0,100.0,nan,,ok
19086.445777,nan,,cache-references:u,cache-references,0.0,100.0,nan,,ok
19086.445777,nan,,cache-misses:u,cache-misses,0.0,100.0,nan,,ok
19086.445777,nan,,stalled-cycles-frontend:u,stalled-cycles-frontend,0.0,100.0,nan,,ok
19097.086192,0.0,,instructions:u,instructions,2967337.0,37.0,nan,,ok
19097.086192,0.0,,cycles:u,cycles,3010116.0,37.0,nan,,ok
19097.086192,0.0,,branches:u,branches,4093991.0,50.0,nan,,ok
19097.086192,0.0,,branch-misses:u,branch-misses,5108607.0,62.0,nan,,ok
19097.086192,0.0,,L1-dcache-loads:u,l1-dcache-loads,5173856.0,63.0,nan,,ok
19097.086192,0.0,,cache-references:u,cache-references,5191676.0,62.0,nan,,ok
19097.086192,0.0,,cache-misses:u,cache-misses,4998221.0,60.0,nan,,ok
19097.086192,0.0,,stalled-cycles-frontend:u,stalled-cycles-frontend,2021074.0,24.0,nan,,ok
19108.067428,0.0,,instructions:u,instructions,88680.0,30.0,nan,,ok
19108.067428,0.0,,cycles:u,cycles,239356.0,100.0,nan,,ok
19108.067428,0.0,,branches:u,branches,158229.0,100.0,nan,,ok
19108.067428,0.0,,branch-misses:u,branch-misses,136532.0,100.0,nan,,ok
19108.067428,0.0,,L1-dcache-loads:u,l1-dcache-loads,53109.0,100.0,nan,,ok
19108.067428,nan,,cache-references:u,cache-references,0.0,100.0,nan,,ok
19108.067428,nan,,cache-misses:u,cache-misses,0.0,100.0,nan,,ok
19108.067428,nan,,stalled-cycles-frontend:u,stalled-cycles-frontend,0.0,100.0,nan,,ok
19118.675705,nan,,instructions:u,instructions,0.0,100.0,nan,,ok
19118.675705,nan,,cycles:u,cycles,0.0,100.0,nan,,ok
19118.675705,nan,,branches:u,branches,0.0,100.0,nan,,ok
19118.675705,nan,,branch-misses:u,branch-misses,0.0,100.0,nan,,ok
19118.675705,nan,,L1-dcache-loads:u,l1-dcache-loads,0.0,100.0,nan,,ok
19118.675705,nan,,cache-references:u,cache-references,0.0,100.0,nan,,ok
19118.675705,nan,,cache-misses:u,cache-misses,0.0,100.0,nan,,ok
19118.675705,nan,,stalled-cycles-frontend:u,stalled-cycles-frontend,0.0,100.0,nan,,ok
19129.261017,nan,,instructions:u,instructions,0.0,100.0,nan,,ok
19129.261017,nan,,cycles:u,cycles,0.0,100.0,nan,,ok
19129.261017,nan,,branches:u,branches,0.0,100.0,nan,,ok
19129.261017,nan,,branch-misses:u,branch-misses,0.0,100.0,nan,,ok
19129.261017,nan,,L1-dcache-loads:u,l1-dcache-loads,0.0,100.0,nan,,ok
19129.261017,nan,,cache-references:u,cache-references,0.0,100.0,nan,,ok
19129.261017,nan,,cache-misses:u,cache-misses,0.0,100.0,nan,,ok
19129.261017,nan,,stalled-cycles-frontend:u,stalled-cycles-frontend,0.0,100.0,nan,,ok
19139.889135,nan,,instructions:u,instructions,0.0,100.0,nan,,ok
19139.889135,nan,,cycles:u,cycles,0.0,100.0,nan,,ok
19139.889135,nan,,branches:u,branches,0.0,100.0,nan,,ok
19139.889135,nan,,branch-misses:u,branch-misses,0.0,100.0,nan,,ok
19139.889135,nan,,L1-dcache-loads:u,l1-dcache-loads,0.0,100.0,nan,,ok
19139.889135,nan,,cache-references:u,cache-references,0.0,100.0,nan,,ok
19139.889135,nan,,cache-misses:u,cache-misses,0.0,100.0,nan,,ok
19139.889135,nan,,stalled-cycles-frontend:u,stalled-cycles-frontend,0.0,100.0,nan,,ok
19150.590464,nan,,instructions:u,instructions,0.0,100.0,nan,,ok
19150.590464,nan,,cycles:u,cycles,0.0,100.0,nan,,ok
19150.590464,nan,,branches:u,branches,0.0,100.0,nan,,ok
19150.590464,nan,,branch-misses:u,branch-misses,0.0,100.0,nan,,ok
19150.590464,nan,,L1-dcache-loads:u,l1-dcache-loads,0.0,100.0,nan,,ok
19150.590464,nan,,cache-references:u,cache-references,0.0,100.0,nan,,ok
19150.590464,nan,,cache-misses:u,cache-misses,0.0,100.0,nan,,ok
19150.590464,nan,,stalled-cycles-frontend:u,stalled-cycles-frontend,0.0,100.0,nan,,ok
19161.246822999998,nan,,instructions:u,instructions,0.0,0.0,nan,,ok
19161.246822999998,0.0,,cycles:u,cycles,133708.0,100.0,nan,,ok
19161.246822999998,0.0,,branches:u,branches,154384.0,100.0,nan,,ok
19161.246822999998,0.0,,branch-misses:u,branch-misses,191178.0,100.0,nan,,ok
19161.246822999998,0.0,,L1-dcache-loads:u,l1-dcache-loads,216106.0,100.0,nan,,ok
19161.246822999998,0.0,,cache-references:u,cache-references,250762.0,100.0,nan,,ok
19161.246822999998,nan,,cache-misses:u,cache-misses,0.0,0.0,nan,,ok
19161.246822999998,nan,,stalled-cycles-frontend:u,stalled-cycles-frontend,0.0,0.0,nan,,ok
19172.077844,0.0,,instructions:u,instructions,2537145.0,34.0,nan,,ok
19172.077844,0.0,,cycles:u,cycles,2339885.0,31.0,nan,,ok
19172.077844,0.0,,branches:u,branches,3320567.0,45.0,nan,,ok
19172.077844,0.0,,branch-misses:u,branch-misses,4286079.0,58.0,nan,,ok
19172.077844,0.0,,L1-dcache-loads:u,l1-dcache-loads,4255673.0,58.0,nan,,ok
19172.077844,0.0,,cache-references:u,cache-references,4685063.0,64.0,nan,,ok
19172.077844,0.0,,cache-misses:u,cache-misses,4999377.0,69.0,nan,,ok
19172.077844,0.0,,stalled-cycles-frontend:u,stalled-cycles-frontend,2006771.0,27.0,nan,,ok
19182.750408,nan,,instructions:u,instructions,0.0,100.0,nan,,ok
19182.750408,nan,,cycles:u,cycles,0.0,100.0,nan,,ok
19182.750408,nan,,branches:u,branches,0.0,100.0,nan,,ok
19182.750408,nan,,branch-misses:u,branch-misses,0.0,100.0,nan,,ok
19182.750408,nan,,L1-dcache-loads:u,l1-dcache-loads,0.0,100.0,nan,,ok
19182.750408,nan,,cache-references:u,cache-references,0.0,100.0,nan,,ok
19182.750408,nan,,cache-misses:u,cache-misses,0.0,100.0,nan,,ok
19182.750408,nan,,stalled-cycles-frontend:u,stalled-cycles-frontend,0.0,100.0,nan,,ok
19193.387561000003,nan,,instructions:u,instructions,0.0,100.0,nan,,ok
19193.387561000003,nan,,cycles:u,cycles,0.0,100.0,nan,,ok
19193.387561000003,nan,,branches:u,branches,0.0,100.0,nan,,ok
19193.387561000003,nan,,branch-misses:u,branch-misses,0.0,100.0,nan,,ok
19193.387561000003,nan,,L1-dcache-loads:u,l1-dcache-loads,0.0,100.0,nan,,ok
19193.387561000003,nan,,cache-references:u,cache-references,0.0,100.0,nan,,ok
19193.387561000003,nan,,cache-misses:u,cache-misses,0.0,100.0,nan,,ok
19193.387561000003,nan,,stalled-cycles-frontend:u,stalled-cycles-frontend,0.0,100.0,nan,,ok
19204.050637,nan,,instructions:u,instructions,0.0,100.0,nan,,ok
19204.050637,nan,,cycles:u,cycles,0.0,100.0,nan,,ok
19204.050637,nan,,branches:u,branches,0.0,100.0,nan,,ok
19204.050637,nan,,branch-misses:u,branch-misses,0.0,100.0,nan,,ok
19204.050637,nan,,L1-dcache-loads:u,l1-dcache-loads,0.0,100.0,nan,,ok
19204.050637,nan,,cache-references:u,cache-references,0.0,100.0,nan,,ok
19204.050637,nan,,cache-misses:u,cache-misses,0.0,100.0,nan,,ok
19204.050637,nan,,stalled-cycles-frontend:u,stalled-cycles-frontend,0.0,100.0,nan,,ok
19214.732311,nan,,instructions:u,instructions,0.0,100.0,nan,,ok
19214.732311,nan,,cycles:u,cycles,0.0,100.0,nan,,ok
19214.732311,nan,,branches:u,branches,0.0,100.0,nan,,ok
19214.732311,nan,,branch-misses:u,branch-misses,0.0,100.0,nan,,ok
19214.732311,nan,,L1-dcache-loads:u,l1-dcache-loads,0.0,100.0,nan,,ok
19214.732311,nan,,cache-references:u,cache-references,0.0,100.0,nan,,ok
19214.732311,nan,,cache-misses:u,cache-misses,0.0,100.0,nan,,ok
19214.732311,nan,,stalled-cycles-frontend:u,stalled-cycles-frontend,0.0,100.0,nan,,ok
19229.007139,0.0,,instructions:u,instructions,1064341.0,19.0,0.0,insn per cycle,ok
19229.007139,561304.0,,cycles:u,cycles,1970365.0,35.0,nan,,ok
19229.007139,3382.0,,branches:u,branches,2963979.0,53.0,nan,,ok
19229.007139,425.0,,branch-misses:u,branch-misses,3893519.0,70.0,12.57,of all branches,ok
19229.007139,6799.0,,L1-dcache-loads:u,l1-dcache-loads,4465058.0,80.0,nan,,ok
19229.007139,2982.0,,cache-references:u,cache-references,4496175.0,80.0,nan,,ok
19229.007139,1237.0,,cache-misses:u,cache-misses,3590151.0,64.0,41.48,of all cache refs,ok
19229.007139,0.0,,stalled-cycles-frontend:u,stalled-cycles-frontend,97632.0,1.0,nan,,ok
19239.820835,nan,,instructions:u,instructions,0.0,100.0,nan,,ok
19239.820835,nan,,cycles:u,cycles,0.0,100.0,nan,,ok
19239.820835,nan,,branches:u,branches,0.0,100.0,nan,,ok
19239.820835,nan,,branch-misses:u,branch-misses,0.0,100.0,nan,,ok
19239.820835,nan,,L1-dcache-loads:u,l1-dcache-loads,0.0,100.0,nan,,ok
19239.820835,nan,,cache-references:u,cache-references,0.0,100.0,nan,,ok
19239.820835,nan,,cache-misses:u,cache-misses,0.0,100.0,nan,,ok
19239.820835,nan,,stalled-cycles-frontend:u,stalled-cycles-frontend,0.0,100.0,nan,,ok
19250.517394,nan,,instructions:u,instructions,0.0,100.0,nan,,ok
19250.517394,nan,,cycles:u,cycles,0.0,100.0,nan,,ok
19250.517394,nan,,branches:u,branches,0.0,100.0,nan,,ok
19250.517394,nan,,branch-misses:u,branch-misses,0.0,100.0,nan,,ok
19250.517394,nan,,L1-dcache-loads:u,l1-dcache-loads,0.0,100.0,nan,,ok
19250.517394,nan,,cache-references:u,cache-references,0.0,100.0,nan,,ok
19250.517394,nan,,cache-misses:u,cache-misses,0.0,100.0,nan,,ok
19250.517394,nan,,stalled-cycles-frontend:u,stalled-cycles-frontend,0.0,100.0,nan,,ok
19254.764196,0.0,,instructions:u,instructions,215129.0,100.0,nan,,ok
19254.764196,nan,,cycles:u,cycles,0.0,100.0,nan,,ok
19254.764196,nan,,branches:u,branches,0.0,100.0,nan,,ok
19254.764196,nan,,branch-misses:u,branch-misses,0.0,100.0,nan,,ok
19254.764196,nan,,L1-dcache-loads:u,l1-dcache-loads,0.0,100.0,nan,,ok
19254.764196,nan,,cache-references:u,cache-references,0.0,100.0,nan,,ok
19254.764196,0.0,,cache-misses:u,cache-misses,215129.0,100.0,nan,,ok
19254.764196,0.0,,stalled-cycles-frontend:u,stalled-cycles-frontend,215129.0,100.0,nan,,ok
