timestamp_ms,value,unit,event_name,event_name_normalized,runtime_ns,enabled_pct,metric_value,metric_unit,status
17.263238,19836763.0,,inst_retired.any:u,inst_retired.any,12071642.0,85.0,nan,,ok
17.263238,10528571.0,,cpu_clk_unhalted.thread:u,cpu_clk_unhalted.thread,12463773.0,88.0,nan,,ok
17.263238,4651411.0,,br_inst_retired.all_branches:u,br_inst_retired.all_branches,12562290.0,89.0,nan,,ok
17.263238,71119.0,,br_misp_retired.all_branches:u,br_misp_retired.all_branches,12908488.0,91.0,nan,,ok
17.263238,4790626.0,,mem_uops_retired.all_loads:u,mem_uops_retired.all_loads,13066402.0,92.0,nan,,ok
17.263238,2208427.0,,mem_uops_retired.all_stores:u,mem_uops_retired.all_stores,12363800.0,87.0,nan,,ok
17.263238,37684.0,,longest_lat_cache.reference:u,longest_lat_cache.reference,13069723.0,92.0,nan,,ok
17.263238,9242.0,,longest_lat_cache.miss:u,longest_lat_cache.miss,13070157.0,92.0,nan,,ok
17.263238,19096.0,,offcore_requests.demand_data_rd:u,offcore_requests.demand_data_rd,13066002.0,92.0,nan,,ok
17.263238,386868.0,,resource_stalls.any:u,resource_stalls.any,9979605.0,70.0,nan,,ok
27.676865,2384786.0,,inst_retired.any:u,inst_retired.any,7859158.0,100.0,nan,,ok
27.676865,2750855.0,,cpu_clk_unhalted.thread:u,cpu_clk_unhalted.thread,7865418.0,100.0,nan,,ok
27.676865,571866.0,,br_inst_retired.all_branches:u,br_inst_retired.all_branches,6876640.0,87.0,nan,,ok
27.676865,22840.0,,br_misp_retired.all_branches:u,br_misp_retired.all_branches,5255203.0,66.0,nan,,ok
27.676865,571612.0,,mem_uops_retired.all_loads:u,mem_uops_retired.all_loads,4785346.0,60.0,nan,,ok
27.676865,284567.0,,mem_uops_retired.all_stores:u,mem_uops_retired.all_stores,6704899.0,88.0,nan,,ok
27.676865,23083.0,,longest_lat_cache.reference:u,longest_lat_cache.reference,7885781.0,100.0,nan,,ok
27.676865,4947.0,,longest_lat_cache.miss:u,longest_lat_cache.miss,7889969.0,100.0,nan,,ok
27.676865,9114.0,,offcore_requests.demand_data_rd:u,offcore_requests.demand_data_rd,7894315.0,100.0,nan,,ok
27.676865,182164.0,,resource_stalls.any:u,resource_stalls.any,7898787.0,100.0,nan,,ok
38.055462999999996,1832506.0,,inst_retired.any:u,inst_retired.any,8887594.0,100.0,nan,,ok
38.055462999999996,2596235.0,,cpu_clk_unhalted.thread:u,cpu_clk_unhalted.thread,8918039.0,100.0,nan,,ok
38.055462999999996,394404.0,,br_inst_retired.all_branches:u,br_inst_retired.all_branches,8918688.0,100.0,nan,,ok
38.055462999999996,25496.0,,br_misp_retired.all_branches:u,br_misp_retired.all_branches,8918999.0,100.0,nan,,ok
38.055462999999996,489394.0,,mem_uops_retired.all_loads:u,mem_uops_retired.all_loads,8919451.0,100.0,nan,,ok
38.055462999999996,183603.0,,mem_uops_retired.all_stores:u,mem_uops_retired.all_stores,5937798.0,66.0,nan,,ok
38.055462999999996,30388.0,,longest_lat_cache.reference:u,longest_lat_cache.reference,6921859.0,77.0,nan,,ok
38.055462999999996,1668.0,,longest_lat_cache.miss:u,longest_lat_cache.miss,5895366.0,66.0,nan,,ok
38.055462999999996,9625.0,,offcore_requests.demand_data_rd:u,offcore_requests.demand_data_rd,7996362.0,99.0,nan,,ok
38.055462999999996,116989.0,,resource_stalls.any:u,resource_stalls.any,8921730.0,100.0,nan,,ok
48.489867,1849241.0,,inst_retired.any:u,inst_retired.any,7046862.0,83.0,nan,,ok
48.489867,2450121.0,,cpu_clk_unhalted.thread:u,cpu_clk_unhalted.thread,8644716.0,100.0,nan,,ok
48.489867,410263.0,,br_inst_retired.all_branches:u,br_inst_retired.all_branches,9226862.0,100.0,nan,,ok
48.489867,23630.0,,br_misp_retired.all_branches:u,br_misp_retired.all_branches,9227174.0,100.0,nan,,ok
48.489867,511467.0,,mem_uops_retired.all_loads:u,mem_uops_retired.all_loads,9226702.0,100.0,nan,,ok
48.489867,210363.0,,mem_uops_retired.all_stores:u,mem_uops_retired.all_stores,9226979.0,100.0,nan,,ok
48.489867,27658.0,,longest_lat_cache.reference:u,longest_lat_cache.reference,9227148.0,100.0,nan,,ok
48.489867,1351.0,,longest_lat_cache.miss:u,longest_lat_cache.miss,8985428.0,97.0,nan,,ok
48.489867,10704.0,,offcore_requests.demand_data_rd:u,offcore_requests.demand_data_rd,6383520.0,69.0,nan,,ok
48.489867,76814.0,,resource_stalls.any:u,resource_stalls.any,3663008.0,43.0,nan,,ok
58.878885,1656925.0,,inst_retired.any:u,inst_retired.any,6727534.0,78.0,nan,,ok
58.878885,2768280.0,,cpu_clk_unhalted.thread:u,cpu_clk_unhalted.thread,5190151.0,60.0,nan,,ok
58.878885,403226.0,,br_inst_retired.all_branches:u,br_inst_retired.all_branches,7248443.0,90.0,nan,,ok
58.878885,23477.0,,br_misp_retired.all_branches:u,br_misp_retired.all_branches,7614312.0,88.0,nan,,ok
58.878885,500184.0,,mem_uops_retired.all_loads:u,mem_uops_retired.all_loads,8066895.0,93.0,nan,,ok
58.878885,212321.0,,mem_uops_retired.all_stores:u,mem_uops_retired.all_stores,8612670.0,100.0,nan,,ok
58.878885,27908.0,,longest_lat_cache.reference:u,longest_lat_cache.reference,8612975.0,100.0,nan,,ok
58.878885,2128.0,,longest_lat_cache.miss:u,longest_lat_cache.miss,8612941.0,100.0,nan,,ok
58.878885,10504.0,,offcore_requests.demand_data_rd:u,offcore_requests.demand_data_rd,8613596.0,100.0,nan,,ok
58.878885,117053.0,,resource_stalls.any:u,resource_stalls.any,6368747.0,73.0,nan,,ok
69.302402,1840360.0,,inst_retired.any:u,inst_retired.any,8243427.0,100.0,nan,,ok
69.302402,2295350.0,,cpu_clk_unhalted.thread:u,cpu_clk_unhalted.thread,7476337.0,90.0,nan,,ok
69.302402,404287.0,,br_inst_retired.all_branches:u,br_inst_retired.all_branches,4880178.0,59.0,nan,,ok
69.302402,28041.0,,br_misp_retired.all_branches:u,br_misp_retired.all_branches,5354231.0,64.0,nan,,ok
69.302402,402950.0,,mem_uops_retired.all_loads:u,mem_uops_retired.all_loads,6996247.0,96.0,nan,,ok
69.302402,196302.0,,mem_uops_retired.all_stores:u,mem_uops_retired.all_stores,8234949.0,100.0,nan,,ok
69.302402,26900.0,,longest_lat_cache.reference:u,longest_lat_cache.reference,8233222.0,100.0,nan,,ok
69.302402,5165.0,,longest_lat_cache.miss:u,longest_lat_cache.miss,8231931.0,100.0,nan,,ok
69.302402,10626.0,,offcore_requests.demand_data_rd:u,offcore_requests.demand_data_rd,8230596.0,100.0,nan,,ok
69.302402,170211.0,,resource_stalls.any:u,resource_stalls.any,8229133.0,100.0,nan,,ok
80.331101,1607203.0,,inst_retired.any:u,inst_retired.any,9069863.0,100.0,nan,,ok
80.331101,2401261.0,,cpu_clk_unhalted.thread:u,cpu_clk_unhalted.thread,9072570.0,100.0,nan,,ok
80.331101,345209.0,,br_inst_retired.all_branches:u,br_inst_retired.all_branches,9074298.0,100.0,nan,,ok
80.331101,20436.0,,br_misp_retired.all_branches:u,br_misp_retired.all_branches,9075664.0,100.0,nan,,ok
80.331101,417682.0,,mem_uops_retired.all_loads:u,mem_uops_retired.all_loads,7647816.0,84.0,nan,,ok
80.331101,145871.0,,mem_uops_retired.all_stores:u,mem_uops_retired.all_stores,6586850.0,72.0,nan,,ok
80.331101,23623.0,,longest_lat_cache.reference:u,longest_lat_cache.reference,6946966.0,76.0,nan,,ok
80.331101,5550.0,,longest_lat_cache.miss:u,longest_lat_cache.miss,7202202.0,80.0,nan,,ok
80.331101,9654.0,,offcore_requests.demand_data_rd:u,offcore_requests.demand_data_rd,8085784.0,89.0,nan,,ok
80.331101,170297.0,,resource_stalls.any:u,resource_stalls.any,8934019.0,100.0,nan,,ok
90.742385,2275462.0,,inst_retired.any:u,inst_retired.any,8287033.0,100.0,nan,,ok
90.742385,3731835.0,,cpu_clk_unhalted.thread:u,cpu_clk_unhalted.thread,8742727.0,100.0,nan,,ok
90.742385,494778.0,,br_inst_retired.all_branches:u,br_inst_retired.all_branches,8743829.0,100.0,nan,,ok
90.742385,32047.0,,br_misp_retired.all_branches:u,br_misp_retired.all_branches,8745090.0,100.0,nan,,ok
90.742385,602155.0,,mem_uops_retired.all_loads:u,mem_uops_retired.all_loads,8746423.0,100.0,nan,,ok
90.742385,262938.0,,mem_uops_retired.all_stores:u,mem_uops_retired.all_stores,8747003.0,100.0,nan,,ok
90.742385,29965.0,,longest_lat_cache.reference:u,longest_lat_cache.reference,7549144.0,86.0,nan,,ok
90.742385,9259.0,,longest_lat_cache.miss:u,longest_lat_cache.miss,5733635.0,65.0,nan,,ok
90.742385,12629.0,,offcore_requests.demand_data_rd:u,offcore_requests.demand_data_rd,6663100.0,76.0,nan,,ok
90.742385,240836.0,,resource_stalls.any:u,resource_stalls.any,6295186.0,75.0,nan,,ok
101.104956,1083883.0,,inst_retired.any:u,inst_retired.any,4181265.0,80.0,nan,,ok
101.104956,1938338.0,,cpu_clk_unhalted.thread:u,cpu_clk_unhalted.thread,5019697.0,100.0,nan,,ok
101.104956,253641.0,,br_inst_retired.all_branches:u,br_inst_retired.all_branches,5226218.0,100.0,nan,,ok
101.104956,15278.0,,br_misp_retired.all_branches:u,br_misp_retired.all_branches,5226711.0,100.0,nan,,ok
101.104956,326942.0,,mem_uops_retired.all_loads:u,mem_uops_retired.all_loads,5226319.0,100.0,nan,,ok
101.104956,127633.0,,mem_uops_retired.all_stores:u,mem_uops_retired.all_stores,5226568.0,100.0,nan,,ok
101.104956,16078.0,,longest_lat_cache.reference:u,longest_lat_cache.reference,5226993.0,100.0,nan,,ok
101.104956,3232.0,,longest_lat_cache.miss:u,longest_lat_cache.miss,5226421.0,100.0,nan,,ok
101.104956,6972.0,,offcore_requests.demand_data_rd:u,offcore_requests.demand_data_rd,3956937.0,75.0,nan,,ok
101.104956,147882.0,,resource_stalls.any:u,resource_stalls.any,1470964.0,28.0,nan,,ok
111.525921,1786000.0,,inst_retired.any:u,inst_retired.any,3608357.0,55.0,nan,,ok
111.525921,2450604.0,,cpu_clk_unhalted.thread:u,cpu_clk_unhalted.thread,3789796.0,67.0,nan,,ok
111.525921,378591.0,,br_inst_retired.all_branches:u,br_inst_retired.all_branches,5760089.0,100.0,nan,,ok
111.525921,23535.0,,br_misp_retired.all_branches:u,br_misp_retired.all_branches,6532517.0,100.0,nan,,ok
111.525921,493118.0,,mem_uops_retired.all_loads:u,mem_uops_retired.all_loads,6531386.0,100.0,nan,,ok
111.525921,208440.0,,mem_uops_retired.all_stores:u,mem_uops_retired.all_stores,6529947.0,100.0,nan,,ok
111.525921,27818.0,,longest_lat_cache.reference:u,longest_lat_cache.reference,6528392.0,100.0,nan,,ok
111.525921,5176.0,,longest_lat_cache.miss:u,longest_lat_cache.miss,6527137.0,100.0,nan,,ok
111.525921,10559.0,,offcore_requests.demand_data_rd:u,offcore_requests.demand_data_rd,6525511.0,100.0,nan,,ok
111.525921,240065.0,,resource_stalls.any:u,resource_stalls.any,3558252.0,54.0,nan,,ok
121.84452599999999,1934191.0,,inst_retired.any:u,inst_retired.any,7419535.0,100.0,nan,,ok
121.84452599999999,3121212.0,,cpu_clk_unhalted.thread:u,cpu_clk_unhalted.thread,5098782.0,68.0,nan,,ok
121.84452599999999,416948.0,,br_inst_retired.all_branches:u,br_inst_retired.all_branches,3936190.0,53.0,nan,,ok
121.84452599999999,23112.0,,br_misp_retired.all_branches:u,br_misp_retired.all_branches,6011227.0,85.0,nan,,ok
121.84452599999999,508399.0,,mem_uops_retired.all_loads:u,mem_uops_retired.all_loads,7167567.0,100.0,nan,,ok
121.84452599999999,213632.0,,mem_uops_retired.all_stores:u,mem_uops_retired.all_stores,7394795.0,100.0,nan,,ok
121.84452599999999,25049.0,,longest_lat_cache.reference:u,longest_lat_cache.reference,7390281.0,100.0,nan,,ok
121.84452599999999,12256.0,,longest_lat_cache.miss:u,longest_lat_cache.miss,7385443.0,100.0,nan,,ok
121.84452599999999,10366.0,,offcore_requests.demand_data_rd:u,offcore_requests.demand_data_rd,7380850.0,100.0,nan,,ok
121.84452599999999,374845.0,,resource_stalls.any:u,resource_stalls.any,7376115.0,100.0,nan,,ok
132.096819,1720513.0,,inst_retired.any:u,inst_retired.any,8239375.0,100.0,nan,,ok
132.096819,3009488.0,,cpu_clk_unhalted.thread:u,cpu_clk_unhalted.thread,8239375.0,100.0,nan,,ok
132.096819,326846.0,,br_inst_retired.all_branches:u,br_inst_retired.all_branches,5448438.0,66.0,nan,,ok
132.096819,24673.0,,br_misp_retired.all_branches:u,br_misp_retired.all_branches,5289550.0,64.0,nan,,ok
132.096819,442908.0,,mem_uops_retired.all_loads:u,mem_uops_retired.all_loads,6236969.0,75.0,nan,,ok
132.096819,180378.0,,mem_uops_retired.all_stores:u,mem_uops_retired.all_stores,7743168.0,100.0,nan,,ok
132.096819,25105.0,,longest_lat_cache.reference:u,longest_lat_cache.reference,8239375.0,100.0,nan,,ok
132.096819,9411.0,,longest_lat_cache.miss:u,longest_lat_cache.miss,8239375.0,100.0,nan,,ok
132.096819,10030.0,,offcore_requests.demand_data_rd:u,offcore_requests.demand_data_rd,8239375.0,100.0,nan,,ok
132.096819,291756.0,,resource_stalls.any:u,resource_stalls.any,8239375.0,100.0,nan,,ok
142.475139,2171389.0,,inst_retired.any:u,inst_retired.any,7686436.0,100.0,nan,,ok
142.475139,3008448.0,,cpu_clk_unhalted.thread:u,cpu_clk_unhalted.thread,7686436.0,100.0,nan,,ok
142.475139,471956.0,,br_inst_retired.all_branches:u,br_inst_retired.all_branches,7686436.0,100.0,nan,,ok
142.475139,23604.0,,br_misp_retired.all_branches:u,br_misp_retired.all_branches,6170032.0,80.0,nan,,ok
142.475139,566896.0,,mem_uops_retired.all_loads:u,mem_uops_retired.all_loads,5074217.0,66.0,nan,,ok
142.475139,262570.0,,mem_uops_retired.all_stores:u,mem_uops_retired.all_stores,5535947.0,72.0,nan,,ok
142.475139,23212.0,,longest_lat_cache.reference:u,longest_lat_cache.reference,6279112.0,95.0,nan,,ok
142.475139,4738.0,,longest_lat_cache.miss:u,longest_lat_cache.miss,7686436.0,100.0,nan,,ok
142.475139,11116.0,,offcore_requests.demand_data_rd:u,offcore_requests.demand_data_rd,7686436.0,100.0,nan,,ok
142.475139,236148.0,,resource_stalls.any:u,resource_stalls.any,7686436.0,100.0,nan,,ok
152.82797200000002,1870841.0,,inst_retired.any:u,inst_retired.any,6053269.0,89.0,nan,,ok
152.82797200000002,2382985.0,,cpu_clk_unhalted.thread:u,cpu_clk_unhalted.thread,6788620.0,100.0,nan,,ok
152.82797200000002,404882.0,,br_inst_retired.all_branches:u,br_inst_retired.all_branches,6794858.0,100.0,nan,,ok
152.82797200000002,22018.0,,br_misp_retired.all_branches:u,br_misp_retired.all_branches,6800898.0,100.0,nan,,ok
152.82797200000002,495940.0,,mem_uops_retired.all_loads:u,mem_uops_retired.all_loads,6806551.0,100.0,nan,,ok
152.82797200000002,197782.0,,mem_uops_retired.all_stores:u,mem_uops_retired.all_stores,6812645.0,100.0,nan,,ok
152.82797200000002,24928.0,,longest_lat_cache.reference:u,longest_lat_cache.reference,6684096.0,98.0,nan,,ok
152.82797200000002,750.0,,longest_lat_cache.miss:u,longest_lat_cache.miss,5190742.0,76.0,nan,,ok
152.82797200000002,9331.0,,offcore_requests.demand_data_rd:u,offcore_requests.demand_data_rd,4299021.0,62.0,nan,,ok
152.82797200000002,120013.0,,resource_stalls.any:u,resource_stalls.any,4296759.0,72.0,nan,,ok
163.212064,2742360.0,,inst_retired.any:u,inst_retired.any,5337431.0,62.0,nan,,ok
163.212064,3245806.0,,cpu_clk_unhalted.thread:u,cpu_clk_unhalted.thread,6647533.0,85.0,nan,,ok
163.212064,547755.0,,br_inst_retired.all_branches:u,br_inst_retired.all_branches,8558154.0,100.0,nan,,ok
163.212064,31807.0,,br_misp_retired.all_branches:u,br_misp_retired.all_branches,8580436.0,100.0,nan,,ok
163.212064,676732.0,,mem_uops_retired.all_loads:u,mem_uops_retired.all_loads,8580522.0,100.0,nan,,ok
163.212064,284894.0,,mem_uops_retired.all_stores:u,mem_uops_retired.all_stores,8581112.0,100.0,nan,,ok
163.212064,34245.0,,longest_lat_cache.reference:u,longest_lat_cache.reference,8581254.0,100.0,nan,,ok
163.212064,473.0,,longest_lat_cache.miss:u,longest_lat_cache.miss,8582134.0,100.0,nan,,ok
163.212064,12440.0,,offcore_requests.demand_data_rd:u,offcore_requests.demand_data_rd,8444432.0,98.0,nan,,ok
163.212064,62262.0,,resource_stalls.any:u,resource_stalls.any,2153987.0,25.0,nan,,ok
173.623659,1939942.0,,inst_retired.any:u,inst_retired.any,7624287.0,95.0,nan,,ok
173.623659,2489646.0,,cpu_clk_unhalted.thread:u,cpu_clk_unhalted.thread,6835486.0,86.0,nan,,ok
173.623659,403857.0,,br_inst_retired.all_branches:u,br_inst_retired.all_branches,6509249.0,90.0,nan,,ok
173.623659,27186.0,,br_misp_retired.all_branches:u,br_misp_retired.all_branches,5874836.0,74.0,nan,,ok
173.623659,581835.0,,mem_uops_retired.all_loads:u,mem_uops_retired.all_loads,6065609.0,76.0,nan,,ok
173.623659,218160.0,,mem_uops_retired.all_stores:u,mem_uops_retired.all_stores,6735442.0,93.0,nan,,ok
173.623659,29495.0,,longest_lat_cache.reference:u,longest_lat_cache.reference,7910240.0,100.0,nan,,ok
173.623659,1873.0,,longest_lat_cache.miss:u,longest_lat_cache.miss,7903618.0,100.0,nan,,ok
173.623659,11113.0,,offcore_requests.demand_data_rd:u,offcore_requests.demand_data_rd,7888346.0,100.0,nan,,ok
173.623659,111239.0,,resource_stalls.any:u,resource_stalls.any,7567828.0,95.0,nan,,ok
184.001237,1922954.0,,inst_retired.any:u,inst_retired.any,8857993.0,100.0,nan,,ok
184.001237,2765324.0,,cpu_clk_unhalted.thread:u,cpu_clk_unhalted.thread,8864981.0,100.0,nan,,ok
184.001237,416503.0,,br_inst_retired.all_branches:u,br_inst_retired.all_branches,8869704.0,100.0,nan,,ok
184.001237,26096.0,,br_misp_retired.all_branches:u,br_misp_retired.all_branches,8693307.0,97.0,nan,,ok
184.001237,469551.0,,mem_uops_retired.all_loads:u,mem_uops_retired.all_loads,6637210.0,74.0,nan,,ok
184.001237,200686.0,,mem_uops_retired.all_stores:u,mem_uops_retired.all_stores,6956808.0,78.0,nan,,ok
184.001237,25481.0,,longest_lat_cache.reference:u,longest_lat_cache.reference,5942878.0,66.0,nan,,ok
184.001237,4814.0,,longest_lat_cache.miss:u,longest_lat_cache.miss,7300597.0,100.0,nan,,ok
184.001237,10439.0,,offcore_requests.demand_data_rd:u,offcore_requests.demand_data_rd,8896901.0,100.0,nan,,ok
184.001237,144118.0,,resource_stalls.any:u,resource_stalls.any,8902113.0,100.0,nan,,ok
194.388419,2208890.0,,inst_retired.any:u,inst_retired.any,8991465.0,100.0,nan,,ok
194.388419,3075078.0,,cpu_clk_unhalted.thread:u,cpu_clk_unhalted.thread,8993350.0,100.0,nan,,ok
194.388419,485904.0,,br_inst_retired.all_branches:u,br_inst_retired.all_branches,8994276.0,100.0,nan,,ok
194.388419,28372.0,,br_misp_retired.all_branches:u,br_misp_retired.all_branches,8995995.0,100.0,nan,,ok
194.388419,574651.0,,mem_uops_retired.all_loads:u,mem_uops_retired.all_loads,8997125.0,100.0,nan,,ok
194.388419,224341.0,,mem_uops_retired.all_stores:u,mem_uops_retired.all_stores,8542222.0,94.0,nan,,ok
194.388419,30954.0,,longest_lat_cache.reference:u,longest_lat_cache.reference,7682966.0,85.0,nan,,ok
194.388419,5142.0,,longest_lat_cache.miss:u,longest_lat_cache.miss,6078590.0,67.0,nan,,ok
194.388419,9779.0,,offcore_requests.demand_data_rd:u,offcore_requests.demand_data_rd,6144921.0,68.0,nan,,ok
194.388419,182002.0,,resource_stalls.any:u,resource_stalls.any,7540857.0,100.0,nan,,ok
204.780208,2580591.0,,inst_retired.any:u,inst_retired.any,8380399.0,91.0,nan,,ok
204.780208,3457203.0,,cpu_clk_unhalted.thread:u,cpu_clk_unhalted.thread,8968941.0,89.0,nan,,ok
204.780208,552042.0,,br_inst_retired.all_branches:u,br_inst_retired.all_branches,9666120.0,100.0,nan,,ok
204.780208,32302.0,,br_misp_retired.all_branches:u,br_misp_retired.all_branches,9967202.0,100.0,nan,,ok
204.780208,677603.0,,mem_uops_retired.all_loads:u,mem_uops_retired.all_loads,9967105.0,100.0,nan,,ok
204.780208,286453.0,,mem_uops_retired.all_stores:u,mem_uops_retired.all_stores,9967005.0,100.0,nan,,ok
204.780208,35438.0,,longest_lat_cache.reference:u,longest_lat_cache.reference,9966550.0,100.0,nan,,ok
204.780208,5135.0,,longest_lat_cache.miss:u,longest_lat_cache.miss,9251466.0,92.0,nan,,ok
204.780208,12143.0,,offcore_requests.demand_data_rd:u,offcore_requests.demand_data_rd,6767810.0,67.0,nan,,ok
204.780208,265342.0,,resource_stalls.any:u,resource_stalls.any,5215040.0,60.0,nan,,ok
215.21876500000002,2278153.0,,inst_retired.any:u,inst_retired.any,7363988.0,77.0,nan,,ok
215.21876500000002,3203010.0,,cpu_clk_unhalted.thread:u,cpu_clk_unhalted.thread,7867923.0,83.0,nan,,ok
215.21876500000002,495858.0,,br_inst_retired.all_branches:u,br_inst_retired.all_branches,8479466.0,89.0,nan,,ok
215.21876500000002,25184.0,,br_misp_retired.all_branches:u,br_misp_retired.all_branches,9416599.0,100.0,nan,,ok
215.21876500000002,578380.0,,mem_uops_retired.all_loads:u,mem_uops_retired.all_loads,9478105.0,100.0,nan,,ok
215.21876500000002,238316.0,,mem_uops_retired.all_stores:u,mem_uops_retired.all_stores,9477569.0,100.0,nan,,ok
215.21876500000002,29381.0,,longest_lat_cache.reference:u,longest_lat_cache.reference,9477392.0,100.0,nan,,ok
215.21876500000002,5162.0,,longest_lat_cache.miss:u,longest_lat_cache.miss,9475357.0,100.0,nan,,ok
215.21876500000002,11478.0,,offcore_requests.demand_data_rd:u,offcore_requests.demand_data_rd,8321373.0,87.0,nan,,ok
215.21876500000002,178467.0,,resource_stalls.any:u,resource_stalls.any,3825066.0,40.0,nan,,ok
225.59489299999998,2175265.0,,inst_retired.any:u,inst_retired.any,7801574.0,88.0,nan,,ok
225.59489299999998,2030619.0,,cpu_clk_unhalted.thread:u,cpu_clk_unhalted.thread,5652681.0,64.0,nan,,ok
225.59489299999998,357876.0,,br_inst_retired.all_branches:u,br_inst_retired.all_branches,6718181.0,84.0,nan,,ok
225.59489299999998,25427.0,,br_misp_retired.all_branches:u,br_misp_retired.all_branches,7797971.0,88.0,nan,,ok
225.59489299999998,482130.0,,mem_uops_retired.all_loads:u,mem_uops_retired.all_loads,8072171.0,100.0,nan,,ok
225.59489299999998,206721.0,,mem_uops_retired.all_stores:u,mem_uops_retired.all_stores,8798274.0,100.0,nan,,ok
225.59489299999998,28620.0,,longest_lat_cache.reference:u,longest_lat_cache.reference,8797734.0,100.0,nan,,ok
225.59489299999998,257.0,,longest_lat_cache.miss:u,longest_lat_cache.miss,8797380.0,100.0,nan,,ok
225.59489299999998,10783.0,,offcore_requests.demand_data_rd:u,offcore_requests.demand_data_rd,8797060.0,100.0,nan,,ok
225.59489299999998,91615.0,,resource_stalls.any:u,resource_stalls.any,6988194.0,79.0,nan,,ok
236.45092200000002,1993156.0,,inst_retired.any:u,inst_retired.any,9173485.0,100.0,nan,,ok
236.45092200000002,2559417.0,,cpu_clk_unhalted.thread:u,cpu_clk_unhalted.thread,9166911.0,100.0,nan,,ok
236.45092200000002,441250.0,,br_inst_retired.all_branches:u,br_inst_retired.all_branches,7594071.0,82.0,nan,,ok
236.45092200000002,23206.0,,br_misp_retired.all_branches:u,br_misp_retired.all_branches,6403925.0,69.0,nan,,ok
236.45092200000002,526273.0,,mem_uops_retired.all_loads:u,mem_uops_retired.all_loads,7151950.0,78.0,nan,,ok
236.45092200000002,222078.0,,mem_uops_retired.all_stores:u,mem_uops_retired.all_stores,7716566.0,90.0,nan,,ok
236.45092200000002,27175.0,,longest_lat_cache.reference:u,longest_lat_cache.reference,8144722.0,89.0,nan,,ok
236.45092200000002,244.0,,longest_lat_cache.miss:u,longest_lat_cache.miss,8737445.0,100.0,nan,,ok
236.45092200000002,10566.0,,offcore_requests.demand_data_rd:u,offcore_requests.demand_data_rd,9135774.0,100.0,nan,,ok
236.45092200000002,88802.0,,resource_stalls.any:u,resource_stalls.any,9131148.0,100.0,nan,,ok
246.804467,1586588.0,,inst_retired.any:u,inst_retired.any,7238700.0,100.0,nan,,ok
246.804467,2777154.0,,cpu_clk_unhalted.thread:u,cpu_clk_unhalted.thread,7247291.0,100.0,nan,,ok
246.804467,343438.0,,br_inst_retired.all_branches:u,br_inst_retired.all_branches,7253313.0,100.0,nan,,ok
246.804467,18619.0,,br_misp_retired.all_branches:u,br_misp_retired.all_branches,5862175.0,80.0,nan,,ok
246.804467,447562.0,,mem_uops_retired.all_loads:u,mem_uops_retired.all_loads,4524294.0,62.0,nan,,ok
246.804467,164909.0,,mem_uops_retired.all_stores:u,mem_uops_retired.all_stores,4909264.0,74.0,nan,,ok
246.804467,23464.0,,longest_lat_cache.reference:u,longest_lat_cache.reference,6498824.0,89.0,nan,,ok
246.804467,8801.0,,longest_lat_cache.miss:u,longest_lat_cache.miss,7281742.0,100.0,nan,,ok
246.804467,9555.0,,offcore_requests.demand_data_rd:u,offcore_requests.demand_data_rd,7287904.0,100.0,nan,,ok
246.804467,283553.0,,resource_stalls.any:u,resource_stalls.any,7290203.0,100.0,nan,,ok
257.234375,1738265.0,,inst_retired.any:u,inst_retired.any,7307522.0,100.0,nan,,ok
257.234375,2657560.0,,cpu_clk_unhalted.thread:u,cpu_clk_unhalted.thread,7307257.0,100.0,nan,,ok
257.234375,383032.0,,br_inst_retired.all_branches:u,br_inst_retired.all_branches,7307320.0,100.0,nan,,ok
257.234375,21631.0,,br_misp_retired.all_branches:u,br_misp_retired.all_branches,7307844.0,100.0,nan,,ok
257.234375,460128.0,,mem_uops_retired.all_loads:u,mem_uops_retired.all_loads,7157007.0,97.0,nan,,ok
257.234375,110200.0,,mem_uops_retired.all_stores:u,mem_uops_retired.all_stores,4881224.0,66.0,nan,,ok
257.234375,28775.0,,longest_lat_cache.reference:u,longest_lat_cache.reference,4864664.0,66.0,nan,,ok
257.234375,7117.0,,longest_lat_cache.miss:u,longest_lat_cache.miss,6544484.0,89.0,nan,,ok
257.234375,8162.0,,offcore_requests.demand_data_rd:u,offcore_requests.demand_data_rd,6307149.0,86.0,nan,,ok
257.234375,204777.0,,resource_stalls.any:u,resource_stalls.any,6782118.0,100.0,nan,,ok
267.647519,2041290.0,,inst_retired.any:u,inst_retired.any,8531549.0,100.0,nan,,ok
267.647519,3388511.0,,cpu_clk_unhalted.thread:u,cpu_clk_unhalted.thread,8523223.0,100.0,nan,,ok
267.647519,443204.0,,br_inst_retired.all_branches:u,br_inst_retired.all_branches,8517138.0,100.0,nan,,ok
267.647519,24542.0,,br_misp_retired.all_branches:u,br_misp_retired.all_branches,8511132.0,100.0,nan,,ok
267.647519,539524.0,,mem_uops_retired.all_loads:u,mem_uops_retired.all_loads,8504806.0,100.0,nan,,ok
267.647519,221728.0,,mem_uops_retired.all_stores:u,mem_uops_retired.all_stores,8499187.0,100.0,nan,,ok
267.647519,25192.0,,longest_lat_cache.reference:u,longest_lat_cache.reference,7980681.0,93.0,nan,,ok
267.647519,10038.0,,longest_lat_cache.miss:u,longest_lat_cache.miss,6690339.0,78.0,nan,,ok
267.647519,8116.0,,offcore_requests.demand_data_rd:u,offcore_requests.demand_data_rd,4041592.0,47.0,nan,,ok
267.647519,349454.0,,resource_stalls.any:u,resource_stalls.any,6739993.0,93.0,nan,,ok
277.948716,2410538.0,,inst_retired.any:u,inst_retired.any,4400074.0,64.0,nan,,ok
277.948716,3179431.0,,cpu_clk_unhalted.thread:u,cpu_clk_unhalted.thread,6106819.0,100.0,nan,,ok
277.948716,460612.0,,br_inst_retired.all_branches:u,br_inst_retired.all_branches,6801637.0,100.0,nan,,ok
277.948716,23937.0,,br_misp_retired.all_branches:u,br_misp_retired.all_branches,6801637.0,100.0,nan,,ok
277.948716,530613.0,,mem_uops_retired.all_loads:u,mem_uops_retired.all_loads,6801637.0,100.0,nan,,ok
277.948716,232459.0,,mem_uops_retired.all_stores:u,mem_uops_retired.all_stores,6801637.0,100.0,nan,,ok
277.948716,26127.0,,longest_lat_cache.reference:u,longest_lat_cache.reference,6801637.0,100.0,nan,,ok
277.948716,9389.0,,longest_lat_cache.miss:u,longest_lat_cache.miss,6801637.0,100.0,nan,,ok
277.948716,9872.0,,offcore_requests.demand_data_rd:u,offcore_requests.demand_data_rd,4819373.0,70.0,nan,,ok
277.948716,269770.0,,resource_stalls.any:u,resource_stalls.any,2677082.0,39.0,nan,,ok
288.358842,1397583.0,,inst_retired.any:u,inst_retired.any,5144904.0,63.0,nan,,ok
288.358842,3126162.0,,cpu_clk_unhalted.thread:u,cpu_clk_unhalted.thread,6310357.0,77.0,nan,,ok
288.358842,340359.0,,br_inst_retired.all_branches:u,br_inst_retired.all_branches,6484140.0,79.0,nan,,ok
288.358842,20195.0,,br_misp_retired.all_branches:u,br_misp_retired.all_branches,6900395.0,87.0,nan,,ok
288.358842,456302.0,,mem_uops_retired.all_loads:u,mem_uops_retired.all_loads,7884866.0,96.0,nan,,ok
288.358842,172299.0,,mem_uops_retired.all_stores:u,mem_uops_retired.all_stores,8219872.0,100.0,nan,,ok
288.358842,24642.0,,longest_lat_cache.reference:u,longest_lat_cache.reference,8233879.0,100.0,nan,,ok
288.358842,7679.0,,longest_lat_cache.miss:u,longest_lat_cache.miss,8258124.0,100.0,nan,,ok
288.358842,9934.0,,offcore_requests.demand_data_rd:u,offcore_requests.demand_data_rd,8263604.0,100.0,nan,,ok
288.358842,255518.0,,resource_stalls.any:u,resource_stalls.any,5257978.0,63.0,nan,,ok
298.747343,2252862.0,,inst_retired.any:u,inst_retired.any,8437533.0,100.0,nan,,ok
298.747343,1950222.0,,cpu_clk_unhalted.thread:u,cpu_clk_unhalted.thread,5541329.0,65.0,nan,,ok
298.747343,558882.0,,br_inst_retired.all_branches:u,br_inst_retired.all_branches,6570324.0,78.0,nan,,ok
298.747343,27955.0,,br_misp_retired.all_branches:u,br_misp_retired.all_branches,6695805.0,79.0,nan,,ok
298.747343,590251.0,,mem_uops_retired.all_loads:u,mem_uops_retired.all_loads,6977194.0,87.0,nan,,ok
298.747343,237196.0,,mem_uops_retired.all_stores:u,mem_uops_retired.all_stores,7855010.0,100.0,nan,,ok
298.747343,29085.0,,longest_lat_cache.reference:u,longest_lat_cache.reference,8383573.0,100.0,nan,,ok
298.747343,3280.0,,longest_lat_cache.miss:u,longest_lat_cache.miss,8364381.0,100.0,nan,,ok
298.747343,11142.0,,offcore_requests.demand_data_rd:u,offcore_requests.demand_data_rd,8363251.0,100.0,nan,,ok
298.747343,182369.0,,resource_stalls.any:u,resource_stalls.any,8362661.0,100.0,nan,,ok
309.082247,2253233.0,,inst_retired.any:u,inst_retired.any,7680697.0,100.0,nan,,ok
309.082247,2455915.0,,cpu_clk_unhalted.thread:u,cpu_clk_unhalted.thread,7376102.0,95.0,nan,,ok
309.082247,468397.0,,br_inst_retired.all_branches:u,br_inst_retired.all_branches,6352752.0,82.0,nan,,ok
309.082247,28696.0,,br_misp_retired.all_branches:u,br_misp_retired.all_branches,4150207.0,53.0,nan,,ok
309.082247,599513.0,,mem_uops_retired.all_loads:u,mem_uops_retired.all_loads,6270626.0,88.0,nan,,ok
309.082247,243472.0,,mem_uops_retired.all_stores:u,mem_uops_retired.all_stores,6727945.0,87.0,nan,,ok
309.082247,29227.0,,longest_lat_cache.reference:u,longest_lat_cache.reference,7675222.0,99.0,nan,,ok
309.082247,633.0,,longest_lat_cache.miss:u,longest_lat_cache.miss,7737077.0,100.0,nan,,ok
309.082247,11113.0,,offcore_requests.demand_data_rd:u,offcore_requests.demand_data_rd,7754405.0,100.0,nan,,ok
309.082247,97341.0,,resource_stalls.any:u,resource_stalls.any,7754833.0,100.0,nan,,ok
319.443417,2095664.0,,inst_retired.any:u,inst_retired.any,7333440.0,100.0,nan,,ok
319.443417,2548256.0,,cpu_clk_unhalted.thread:u,cpu_clk_unhalted.thread,7317752.0,100.0,nan,,ok
319.443417,461314.0,,br_inst_retired.all_branches:u,br_inst_retired.all_branches,7311148.0,100.0,nan,,ok
319.443417,21109.0,,br_misp_retired.all_branches:u,br_misp_retired.all_branches,5565908.0,76.0,nan,,ok
319.443417,541546.0,,mem_uops_retired.all_loads:u,mem_uops_retired.all_loads,4288627.0,58.0,nan,,ok
319.443417,266675.0,,mem_uops_retired.all_stores:u,mem_uops_retired.all_stores,5489412.0,75.0,nan,,ok
319.443417,25392.0,,longest_lat_cache.reference:u,longest_lat_cache.reference,6534852.0,93.0,nan,,ok
319.443417,483.0,,longest_lat_cache.miss:u,longest_lat_cache.miss,7277645.0,100.0,nan,,ok
319.443417,10296.0,,offcore_requests.demand_data_rd:u,offcore_requests.demand_data_rd,7260432.0,100.0,nan,,ok
319.443417,98971.0,,resource_stalls.any:u,resource_stalls.any,7260844.0,100.0,nan,,ok
329.777441,3133301.0,,inst_retired.any:u,inst_retired.any,9000410.0,100.0,nan,,ok
329.777441,4115004.0,,cpu_clk_unhalted.thread:u,cpu_clk_unhalted.thread,9001153.0,100.0,nan,,ok
329.777441,684386.0,,br_inst_retired.all_branches:u,br_inst_retired.all_branches,9001770.0,100.0,nan,,ok
329.777441,35184.0,,br_misp_retired.all_branches:u,br_misp_retired.all_branches,9003033.0,100.0,nan,,ok
329.777441,792519.0,,mem_uops_retired.all_loads:u,mem_uops_retired.all_loads,8980292.0,99.0,nan,,ok
329.777441,311821.0,,mem_uops_retired.all_stores:u,mem_uops_retired.all_stores,6792294.0,75.0,nan,,ok
329.777441,39426.0,,longest_lat_cache.reference:u,longest_lat_cache.reference,5674146.0,62.0,nan,,ok
329.777441,5780.0,,longest_lat_cache.miss:u,longest_lat_cache.miss,6240347.0,70.0,nan,,ok
329.777441,13728.0,,offcore_requests.demand_data_rd:u,offcore_requests.demand_data_rd,8335493.0,100.0,nan,,ok
329.777441,231174.0,,resource_stalls.any:u,resource_stalls.any,9008568.0,100.0,nan,,ok
340.09390900000005,2583953.0,,inst_retired.any:u,inst_retired.any,7677268.0,99.0,nan,,ok
340.09390900000005,3767032.0,,cpu_clk_unhalted.thread:u,cpu_clk_unhalted.thread,7846152.0,100.0,nan,,ok
340.09390900000005,565010.0,,br_inst_retired.all_branches:u,br_inst_retired.all_branches,7846311.0,100.0,nan,,ok
340.09390900000005,29523.0,,br_misp_retired.all_branches:u,br_misp_retired.all_branches,7846378.0,100.0,nan,,ok
340.09390900000005,677556.0,,mem_uops_retired.all_loads:u,mem_uops_retired.all_loads,7845366.0,100.0,nan,,ok
340.09390900000005,270554.0,,mem_uops_retired.all_stores:u,mem_uops_retired.all_stores,7846097.0,100.0,nan,,ok
340.09390900000005,30774.0,,longest_lat_cache.reference:u,longest_lat_cache.reference,7517310.0,95.0,nan,,ok
340.09390900000005,8275.0,,longest_lat_cache.miss:u,longest_lat_cache.miss,6536750.0,83.0,nan,,ok
340.09390900000005,15812.0,,offcore_requests.demand_data_rd:u,offcore_requests.demand_data_rd,4279738.0,54.0,nan,,ok
340.09390900000005,284525.0,,resource_stalls.any:u,resource_stalls.any,5198796.0,74.0,nan,,ok
350.436548,3167965.0,,inst_retired.any:u,inst_retired.any,5472696.0,66.0,nan,,ok
350.436548,4050702.0,,cpu_clk_unhalted.thread:u,cpu_clk_unhalted.thread,7019788.0,88.0,nan,,ok
350.436548,662576.0,,br_inst_retired.all_branches:u,br_inst_retired.all_branches,8745960.0,95.0,nan,,ok
350.436548,34297.0,,br_misp_retired.all_branches:u,br_misp_retired.all_branches,9123983.0,100.0,nan,,ok
350.436548,754718.0,,mem_uops_retired.all_loads:u,mem_uops_retired.all_loads,9125057.0,100.0,nan,,ok
350.436548,318038.0,,mem_uops_retired.all_stores:u,mem_uops_retired.all_stores,9124548.0,100.0,nan,,ok
350.436548,39859.0,,longest_lat_cache.reference:u,longest_lat_cache.reference,9124128.0,100.0,nan,,ok
350.436548,9897.0,,longest_lat_cache.miss:u,longest_lat_cache.miss,9124457.0,100.0,nan,,ok
350.436548,15379.0,,offcore_requests.demand_data_rd:u,offcore_requests.demand_data_rd,8987885.0,98.0,nan,,ok
350.436548,225317.0,,resource_stalls.any:u,resource_stalls.any,2657793.0,32.0,nan,,ok
360.783438,2620980.0,,inst_retired.any:u,inst_retired.any,8862402.0,100.0,nan,,ok
360.783438,3855487.0,,cpu_clk_unhalted.thread:u,cpu_clk_unhalted.thread,8454953.0,95.0,nan,,ok
360.783438,502805.0,,br_inst_retired.all_branches:u,br_inst_retired.all_branches,6680220.0,75.0,nan,,ok
360.783438,31757.0,,br_misp_retired.all_branches:u,br_misp_retired.all_branches,5294963.0,59.0,nan,,ok
360.783438,666084.0,,mem_uops_retired.all_loads:u,mem_uops_retired.all_loads,6782427.0,86.0,nan,,ok
360.783438,264955.0,,mem_uops_retired.all_stores:u,mem_uops_retired.all_stores,8235162.0,100.0,nan,,ok
360.783438,35107.0,,longest_lat_cache.reference:u,longest_lat_cache.reference,8861456.0,100.0,nan,,ok
360.783438,9423.0,,longest_lat_cache.miss:u,longest_lat_cache.miss,8861555.0,100.0,nan,,ok
360.783438,14312.0,,offcore_requests.demand_data_rd:u,offcore_requests.demand_data_rd,8861938.0,100.0,nan,,ok
360.783438,462353.0,,resource_stalls.any:u,resource_stalls.any,8860766.0,100.0,nan,,ok
371.092634,2892451.0,,inst_retired.any:u,inst_retired.any,8681538.0,100.0,nan,,ok
371.092634,4060465.0,,cpu_clk_unhalted.thread:u,cpu_clk_unhalted.thread,8681293.0,100.0,nan,,ok
371.092634,612705.0,,br_inst_retired.all_branches:u,br_inst_retired.all_branches,8405661.0,96.0,nan,,ok
371.092634,33411.0,,br_misp_retired.all_branches:u,br_misp_retired.all_branches,8335659.0,96.0,nan,,ok
371.092634,698694.0,,mem_uops_retired.all_loads:u,mem_uops_retired.all_loads,7271186.0,83.0,nan,,ok
371.092634,360202.0,,mem_uops_retired.all_stores:u,mem_uops_retired.all_stores,6202176.0,71.0,nan,,ok
371.092634,36729.0,,longest_lat_cache.reference:u,longest_lat_cache.reference,6352655.0,78.0,nan,,ok
371.092634,6108.0,,longest_lat_cache.miss:u,longest_lat_cache.miss,6855152.0,87.0,nan,,ok
371.092634,14752.0,,offcore_requests.demand_data_rd:u,offcore_requests.demand_data_rd,8617381.0,99.0,nan,,ok
371.092634,294608.0,,resource_stalls.any:u,resource_stalls.any,8672500.0,100.0,nan,,ok
381.431533,2305552.0,,inst_retired.any:u,inst_retired.any,8113702.0,100.0,nan,,ok
381.431533,3454970.0,,cpu_clk_unhalted.thread:u,cpu_clk_unhalted.thread,8917526.0,100.0,nan,,ok
381.431533,518480.0,,br_inst_retired.all_branches:u,br_inst_retired.all_branches,8919248.0,100.0,nan,,ok
381.431533,28875.0,,br_misp_retired.all_branches:u,br_misp_retired.all_branches,8920527.0,100.0,nan,,ok
381.431533,628418.0,,mem_uops_retired.all_loads:u,mem_uops_retired.all_loads,8922182.0,100.0,nan,,ok
381.431533,260011.0,,mem_uops_retired.all_stores:u,mem_uops_retired.all_stores,8923946.0,100.0,nan,,ok
381.431533,27784.0,,longest_lat_cache.reference:u,longest_lat_cache.reference,7675933.0,86.0,nan,,ok
381.431533,9043.0,,longest_lat_cache.miss:u,longest_lat_cache.miss,6613129.0,74.0,nan,,ok
381.431533,13886.0,,offcore_requests.demand_data_rd:u,offcore_requests.demand_data_rd,6748802.0,75.0,nan,,ok
381.431533,336439.0,,resource_stalls.any:u,resource_stalls.any,5740413.0,70.0,nan,,ok
391.79220799999996,2444853.0,,inst_retired.any:u,inst_retired.any,6442870.0,81.0,nan,,ok
391.79220799999996,2931707.0,,cpu_clk_unhalted.thread:u,cpu_clk_unhalted.thread,6933601.0,88.0,nan,,ok
391.79220799999996,512393.0,,br_inst_retired.all_branches:u,br_inst_retired.all_branches,7615014.0,100.0,nan,,ok
391.79220799999996,25309.0,,br_misp_retired.all_branches:u,br_misp_retired.all_branches,7874993.0,100.0,nan,,ok
391.79220799999996,592827.0,,mem_uops_retired.all_loads:u,mem_uops_retired.all_loads,7874586.0,100.0,nan,,ok
391.79220799999996,240697.0,,mem_uops_retired.all_stores:u,mem_uops_retired.all_stores,7873297.0,100.0,nan,,ok
391.79220799999996,29924.0,,longest_lat_cache.reference:u,longest_lat_cache.reference,7873042.0,100.0,nan,,ok
391.79220799999996,2492.0,,longest_lat_cache.miss:u,longest_lat_cache.miss,7724542.0,98.0,nan,,ok
391.79220799999996,10307.0,,offcore_requests.demand_data_rd:u,offcore_requests.demand_data_rd,5063375.0,64.0,nan,,ok
391.79220799999996,200764.0,,resource_stalls.any:u,resource_stalls.any,4155754.0,55.0,nan,,ok
402.096976,2507088.0,,inst_retired.any:u,inst_retired.any,5894527.0,73.0,nan,,ok
402.096976,2752773.0,,cpu_clk_unhalted.thread:u,cpu_clk_unhalted.thread,6420030.0,86.0,nan,,ok
402.096976,499537.0,,br_inst_retired.all_branches:u,br_inst_retired.all_branches,7989007.0,99.0,nan,,ok
402.096976,23404.0,,br_misp_retired.all_branches:u,br_misp_retired.all_branches,8023962.0,100.0,nan,,ok
402.096976,590358.0,,mem_uops_retired.all_loads:u,mem_uops_retired.all_loads,8023382.0,100.0,nan,,ok
402.096976,246741.0,,mem_uops_retired.all_stores:u,mem_uops_retired.all_stores,8023179.0,100.0,nan,,ok
402.096976,28520.0,,longest_lat_cache.reference:u,longest_lat_cache.reference,8022599.0,100.0,nan,,ok
402.096976,1862.0,,longest_lat_cache.miss:u,longest_lat_cache.miss,8022604.0,100.0,nan,,ok
402.096976,10671.0,,offcore_requests.demand_data_rd:u,offcore_requests.demand_data_rd,6368431.0,79.0,nan,,ok
402.096976,209506.0,,resource_stalls.any:u,resource_stalls.any,3325499.0,41.0,nan,,ok
412.43701799999997,2169804.0,,inst_retired.any:u,inst_retired.any,6962190.0,80.0,nan,,ok
412.43701799999997,2858370.0,,cpu_clk_unhalted.thread:u,cpu_clk_unhalted.thread,6262184.0,72.0,nan,,ok
412.43701799999997,533026.0,,br_inst_retired.all_branches:u,br_inst_retired.all_branches,5762368.0,69.0,nan,,ok
412.43701799999997,26795.0,,br_misp_retired.all_branches:u,br_misp_retired.all_branches,7338844.0,87.0,nan,,ok
412.43701799999997,588555.0,,mem_uops_retired.all_loads:u,mem_uops_retired.all_loads,8209204.0,100.0,nan,,ok
412.43701799999997,252112.0,,mem_uops_retired.all_stores:u,mem_uops_retired.all_stores,8631924.0,100.0,nan,,ok
412.43701799999997,30900.0,,longest_lat_cache.reference:u,longest_lat_cache.reference,8627809.0,100.0,nan,,ok
412.43701799999997,2784.0,,longest_lat_cache.miss:u,longest_lat_cache.miss,8623759.0,100.0,nan,,ok
412.43701799999997,11642.0,,offcore_requests.demand_data_rd:u,offcore_requests.demand_data_rd,8619299.0,100.0,nan,,ok
412.43701799999997,149008.0,,resource_stalls.any:u,resource_stalls.any,6947462.0,80.0,nan,,ok
422.79049000000003,2765423.0,,inst_retired.any:u,inst_retired.any,9146800.0,100.0,nan,,ok
422.79049000000003,3223918.0,,cpu_clk_unhalted.thread:u,cpu_clk_unhalted.thread,9141443.0,100.0,nan,,ok
422.79049000000003,584446.0,,br_inst_retired.all_branches:u,br_inst_retired.all_branches,7957663.0,87.0,nan,,ok
422.79049000000003,28928.0,,br_misp_retired.all_branches:u,br_misp_retired.all_branches,7537009.0,82.0,nan,,ok
422.79049000000003,730483.0,,mem_uops_retired.all_loads:u,mem_uops_retired.all_loads,6743005.0,73.0,nan,,ok
422.79049000000003,301890.0,,mem_uops_retired.all_stores:u,mem_uops_retired.all_stores,6469985.0,75.0,nan,,ok
422.79049000000003,33323.0,,longest_lat_cache.reference:u,longest_lat_cache.reference,7777710.0,91.0,nan,,ok
422.79049000000003,660.0,,longest_lat_cache.miss:u,longest_lat_cache.miss,9121343.0,100.0,nan,,ok
422.79049000000003,12839.0,,offcore_requests.demand_data_rd:u,offcore_requests.demand_data_rd,9121343.0,100.0,nan,,ok
422.79049000000003,109083.0,,resource_stalls.any:u,resource_stalls.any,9121343.0,100.0,nan,,ok
433.092025,2441463.0,,inst_retired.any:u,inst_retired.any,8071395.0,100.0,nan,,ok
433.092025,3925064.0,,cpu_clk_unhalted.thread:u,cpu_clk_unhalted.thread,9573717.0,100.0,nan,,ok
433.092025,623881.0,,br_inst_retired.all_branches:u,br_inst_retired.all_branches,9578517.0,100.0,nan,,ok
433.092025,34613.0,,br_misp_retired.all_branches:u,br_misp_retired.all_branches,9583427.0,100.0,nan,,ok
433.092025,745798.0,,mem_uops_retired.all_loads:u,mem_uops_retired.all_loads,9588944.0,100.0,nan,,ok
433.092025,293365.0,,mem_uops_retired.all_stores:u,mem_uops_retired.all_stores,9594059.0,100.0,nan,,ok
433.092025,42201.0,,longest_lat_cache.reference:u,longest_lat_cache.reference,8516138.0,88.0,nan,,ok
433.092025,5518.0,,longest_lat_cache.miss:u,longest_lat_cache.miss,7419953.0,77.0,nan,,ok
433.092025,14540.0,,offcore_requests.demand_data_rd:u,offcore_requests.demand_data_rd,6404833.0,73.0,nan,,ok
433.092025,171150.0,,resource_stalls.any:u,resource_stalls.any,6471008.0,79.0,nan,,ok
443.435677,3612335.0,,inst_retired.any:u,inst_retired.any,7118817.0,76.0,nan,,ok
443.435677,4328319.0,,cpu_clk_unhalted.thread:u,cpu_clk_unhalted.thread,7372292.0,87.0,nan,,ok
443.435677,754673.0,,br_inst_retired.all_branches:u,br_inst_retired.all_branches,7307341.0,86.0,nan,,ok
443.435677,43653.0,,br_misp_retired.all_branches:u,br_misp_retired.all_branches,8120448.0,87.0,nan,,ok
443.435677,838997.0,,mem_uops_retired.all_loads:u,mem_uops_retired.all_loads,8369552.0,100.0,nan,,ok
443.435677,384120.0,,mem_uops_retired.all_stores:u,mem_uops_retired.all_stores,9266114.0,100.0,nan,,ok
443.435677,46402.0,,longest_lat_cache.reference:u,longest_lat_cache.reference,9266790.0,100.0,nan,,ok
443.435677,389.0,,longest_lat_cache.miss:u,longest_lat_cache.miss,9267804.0,100.0,nan,,ok
443.435677,17467.0,,offcore_requests.demand_data_rd:u,offcore_requests.demand_data_rd,9268027.0,100.0,nan,,ok
443.435677,133912.0,,resource_stalls.any:u,resource_stalls.any,5927842.0,63.0,nan,,ok
453.80276000000003,2555424.0,,inst_retired.any:u,inst_retired.any,9431381.0,100.0,nan,,ok
453.80276000000003,3287640.0,,cpu_clk_unhalted.thread:u,cpu_clk_unhalted.thread,9431091.0,100.0,nan,,ok
453.80276000000003,558306.0,,br_inst_retired.all_branches:u,br_inst_retired.all_branches,9431528.0,100.0,nan,,ok
453.80276000000003,30225.0,,br_misp_retired.all_branches:u,br_misp_retired.all_branches,8667286.0,91.0,nan,,ok
453.80276000000003,588976.0,,mem_uops_retired.all_loads:u,mem_uops_retired.all_loads,8084877.0,85.0,nan,,ok
453.80276000000003,218909.0,,mem_uops_retired.all_stores:u,mem_uops_retired.all_stores,7030822.0,74.0,nan,,ok
453.80276000000003,31546.0,,longest_lat_cache.reference:u,longest_lat_cache.reference,6566749.0,77.0,nan,,ok
453.80276000000003,4608.0,,longest_lat_cache.miss:u,longest_lat_cache.miss,7872791.0,83.0,nan,,ok
453.80276000000003,10984.0,,offcore_requests.demand_data_rd:u,offcore_requests.demand_data_rd,8920895.0,100.0,nan,,ok
453.80276000000003,216057.0,,resource_stalls.any:u,resource_stalls.any,9431648.0,100.0,nan,,ok
464.201664,2362299.0,,inst_retired.any:u,inst_retired.any,7750353.0,78.0,nan,,ok
464.201664,3137993.0,,cpu_clk_unhalted.thread:u,cpu_clk_unhalted.thread,9076170.0,92.0,nan,,ok
464.201664,477897.0,,br_inst_retired.all_branches:u,br_inst_retired.all_branches,8882910.0,89.0,nan,,ok
464.201664,26913.0,,br_misp_retired.all_branches:u,br_misp_retired.all_branches,9497101.0,100.0,nan,,ok
464.201664,568272.0,,mem_uops_retired.all_loads:u,mem_uops_retired.all_loads,9881300.0,100.0,nan,,ok
464.201664,233681.0,,mem_uops_retired.all_stores:u,mem_uops_retired.all_stores,9880521.0,100.0,nan,,ok
464.201664,28126.0,,longest_lat_cache.reference:u,longest_lat_cache.reference,9879324.0,100.0,nan,,ok
464.201664,6173.0,,longest_lat_cache.miss:u,longest_lat_cache.miss,9656998.0,97.0,nan,,ok
464.201664,12333.0,,offcore_requests.demand_data_rd:u,offcore_requests.demand_data_rd,7858713.0,79.0,nan,,ok
464.201664,133302.0,,resource_stalls.any:u,resource_stalls.any,4425444.0,44.0,nan,,ok
474.568376,1540842.0,,inst_retired.any:u,inst_retired.any,6016767.0,71.0,nan,,ok
474.568376,2986854.0,,cpu_clk_unhalted.thread:u,cpu_clk_unhalted.thread,6133042.0,72.0,nan,,ok
474.568376,489392.0,,br_inst_retired.all_branches:u,br_inst_retired.all_branches,6648772.0,79.0,nan,,ok
474.568376,23849.0,,br_misp_retired.all_branches:u,br_misp_retired.all_branches,6859192.0,87.0,nan,,ok
474.568376,529319.0,,mem_uops_retired.all_loads:u,mem_uops_retired.all_loads,7927845.0,100.0,nan,,ok
474.568376,225736.0,,mem_uops_retired.all_stores:u,mem_uops_retired.all_stores,8385075.0,100.0,nan,,ok
474.568376,28167.0,,longest_lat_cache.reference:u,longest_lat_cache.reference,8380945.0,100.0,nan,,ok
474.568376,3294.0,,longest_lat_cache.miss:u,longest_lat_cache.miss,8376743.0,100.0,nan,,ok
474.568376,11027.0,,offcore_requests.demand_data_rd:u,offcore_requests.demand_data_rd,8372325.0,100.0,nan,,ok
474.568376,165708.0,,resource_stalls.any:u,resource_stalls.any,6016767.0,71.0,nan,,ok
484.914223,1345089.0,,inst_retired.any:u,inst_retired.any,6313242.0,100.0,nan,,ok
484.914223,1563015.0,,cpu_clk_unhalted.thread:u,cpu_clk_unhalted.thread,5404379.0,85.0,nan,,ok
484.914223,428123.0,,br_inst_retired.all_branches:u,br_inst_retired.all_branches,3068678.0,48.0,nan,,ok
484.914223,16912.0,,br_misp_retired.all_branches:u,br_misp_retired.all_branches,5612807.0,88.0,nan,,ok
484.914223,352570.0,,mem_uops_retired.all_loads:u,mem_uops_retired.all_loads,5313092.0,84.0,nan,,ok
484.914223,134231.0,,mem_uops_retired.all_stores:u,mem_uops_retired.all_stores,5854012.0,100.0,nan,,ok
484.914223,19654.0,,longest_lat_cache.reference:u,longest_lat_cache.reference,6313242.0,100.0,nan,,ok
484.914223,3886.0,,longest_lat_cache.miss:u,longest_lat_cache.miss,6313242.0,100.0,nan,,ok
484.914223,7717.0,,offcore_requests.demand_data_rd:u,offcore_requests.demand_data_rd,6313242.0,100.0,nan,,ok
484.914223,134970.0,,resource_stalls.any:u,resource_stalls.any,6313242.0,100.0,nan,,ok
495.279113,2032597.0,,inst_retired.any:u,inst_retired.any,6974206.0,100.0,nan,,ok
495.279113,2848166.0,,cpu_clk_unhalted.thread:u,cpu_clk_unhalted.thread,6980736.0,100.0,nan,,ok
495.279113,383534.0,,br_inst_retired.all_branches:u,br_inst_retired.all_branches,5537920.0,79.0,nan,,ok
495.279113,17853.0,,br_misp_retired.all_branches:u,br_misp_retired.all_branches,4324678.0,66.0,nan,,ok
495.279113,602343.0,,mem_uops_retired.all_loads:u,mem_uops_retired.all_loads,5579032.0,79.0,nan,,ok
495.279113,211238.0,,mem_uops_retired.all_stores:u,mem_uops_retired.all_stores,5997273.0,85.0,nan,,ok
495.279113,25140.0,,longest_lat_cache.reference:u,longest_lat_cache.reference,6535743.0,100.0,nan,,ok
495.279113,7737.0,,longest_lat_cache.miss:u,longest_lat_cache.miss,7006201.0,100.0,nan,,ok
495.279113,10301.0,,offcore_requests.demand_data_rd:u,offcore_requests.demand_data_rd,7011146.0,100.0,nan,,ok
495.279113,230993.0,,resource_stalls.any:u,resource_stalls.any,7015536.0,100.0,nan,,ok
505.64447599999994,2157662.0,,inst_retired.any:u,inst_retired.any,8509268.0,100.0,nan,,ok
505.64447599999994,2894100.0,,cpu_clk_unhalted.thread:u,cpu_clk_unhalted.thread,8509666.0,100.0,nan,,ok
505.64447599999994,472540.0,,br_inst_retired.all_branches:u,br_inst_retired.all_branches,8509981.0,100.0,nan,,ok
505.64447599999994,25639.0,,br_misp_retired.all_branches:u,br_misp_retired.all_branches,8509894.0,100.0,nan,,ok
505.64447599999994,491585.0,,mem_uops_retired.all_loads:u,mem_uops_retired.all_loads,6456637.0,75.0,nan,,ok
505.64447599999994,250544.0,,mem_uops_retired.all_stores:u,mem_uops_retired.all_stores,6062063.0,71.0,nan,,ok
505.64447599999994,27656.0,,longest_lat_cache.reference:u,longest_lat_cache.reference,5440505.0,63.0,nan,,ok
505.64447599999994,3271.0,,longest_lat_cache.miss:u,longest_lat_cache.miss,7563192.0,100.0,nan,,ok
505.64447599999994,11389.0,,offcore_requests.demand_data_rd:u,offcore_requests.demand_data_rd,8509283.0,100.0,nan,,ok
505.64447599999994,159241.0,,resource_stalls.any:u,resource_stalls.any,8509531.0,100.0,nan,,ok
516.011004,2394005.0,,inst_retired.any:u,inst_retired.any,8490333.0,100.0,nan,,ok
516.011004,3632003.0,,cpu_clk_unhalted.thread:u,cpu_clk_unhalted.thread,8490411.0,100.0,nan,,ok
516.011004,525417.0,,br_inst_retired.all_branches:u,br_inst_retired.all_branches,8490436.0,100.0,nan,,ok
516.011004,27534.0,,br_misp_retired.all_branches:u,br_misp_retired.all_branches,8490291.0,100.0,nan,,ok
516.011004,632575.0,,mem_uops_retired.all_loads:u,mem_uops_retired.all_loads,8489652.0,100.0,nan,,ok
516.011004,252842.0,,mem_uops_retired.all_stores:u,mem_uops_retired.all_stores,8489830.0,100.0,nan,,ok
516.011004,29513.0,,longest_lat_cache.reference:u,longest_lat_cache.reference,7514164.0,88.0,nan,,ok
516.011004,9223.0,,longest_lat_cache.miss:u,longest_lat_cache.miss,5689821.0,67.0,nan,,ok
516.011004,11720.0,,offcore_requests.demand_data_rd:u,offcore_requests.demand_data_rd,4630907.0,54.0,nan,,ok
516.011004,340244.0,,resource_stalls.any:u,resource_stalls.any,7629837.0,100.0,nan,,ok
526.339368,2310603.0,,inst_retired.any:u,inst_retired.any,6106994.0,85.0,nan,,ok
526.339368,3516473.0,,cpu_clk_unhalted.thread:u,cpu_clk_unhalted.thread,7504860.0,100.0,nan,,ok
526.339368,541465.0,,br_inst_retired.all_branches:u,br_inst_retired.all_branches,7695012.0,100.0,nan,,ok
526.339368,28591.0,,br_misp_retired.all_branches:u,br_misp_retired.all_branches,7694597.0,100.0,nan,,ok
526.339368,626688.0,,mem_uops_retired.all_loads:u,mem_uops_retired.all_loads,7694163.0,100.0,nan,,ok
526.339368,260779.0,,mem_uops_retired.all_stores:u,mem_uops_retired.all_stores,7693863.0,100.0,nan,,ok
526.339368,30894.0,,longest_lat_cache.reference:u,longest_lat_cache.reference,7692672.0,100.0,nan,,ok
526.339368,9713.0,,longest_lat_cache.miss:u,longest_lat_cache.miss,7266676.0,94.0,nan,,ok
526.339368,12981.0,,offcore_requests.demand_data_rd:u,offcore_requests.demand_data_rd,4111526.0,53.0,nan,,ok
526.339368,264008.0,,resource_stalls.any:u,resource_stalls.any,4188793.0,58.0,nan,,ok
536.645865,2858552.0,,inst_retired.any:u,inst_retired.any,6327115.0,73.0,nan,,ok
536.645865,4088205.0,,cpu_clk_unhalted.thread:u,cpu_clk_unhalted.thread,7539835.0,88.0,nan,,ok
536.645865,566694.0,,br_inst_retired.all_branches:u,br_inst_retired.all_branches,8298406.0,100.0,nan,,ok
536.645865,28289.0,,br_misp_retired.all_branches:u,br_misp_retired.all_branches,8580846.0,100.0,nan,,ok
536.645865,669681.0,,mem_uops_retired.all_loads:u,mem_uops_retired.all_loads,8582047.0,100.0,nan,,ok
536.645865,279281.0,,mem_uops_retired.all_stores:u,mem_uops_retired.all_stores,8582476.0,100.0,nan,,ok
536.645865,31613.0,,longest_lat_cache.reference:u,longest_lat_cache.reference,8584158.0,100.0,nan,,ok
536.645865,15933.0,,longest_lat_cache.miss:u,longest_lat_cache.miss,8585559.0,100.0,nan,,ok
536.645865,13027.0,,offcore_requests.demand_data_rd:u,offcore_requests.demand_data_rd,5831246.0,67.0,nan,,ok
536.645865,455772.0,,resource_stalls.any:u,resource_stalls.any,4076686.0,47.0,nan,,ok
546.95839,1931998.0,,inst_retired.any:u,inst_retired.any,5302801.0,85.0,nan,,ok
546.95839,3070271.0,,cpu_clk_unhalted.thread:u,cpu_clk_unhalted.thread,4843166.0,76.0,nan,,ok
546.95839,470100.0,,br_inst_retired.all_branches:u,br_inst_retired.all_branches,6729901.0,100.0,nan,,ok
546.95839,23299.0,,br_misp_retired.all_branches:u,br_misp_retired.all_branches,6728955.0,100.0,nan,,ok
546.95839,538355.0,,mem_uops_retired.all_loads:u,mem_uops_retired.all_loads,6728891.0,100.0,nan,,ok
546.95839,223042.0,,mem_uops_retired.all_stores:u,mem_uops_retired.all_stores,6728643.0,100.0,nan,,ok
546.95839,27420.0,,longest_lat_cache.reference:u,longest_lat_cache.reference,6728178.0,100.0,nan,,ok
546.95839,10170.0,,longest_lat_cache.miss:u,longest_lat_cache.miss,6727285.0,100.0,nan,,ok
546.95839,10317.0,,offcore_requests.demand_data_rd:u,offcore_requests.demand_data_rd,6726868.0,100.0,nan,,ok
546.95839,261523.0,,resource_stalls.any:u,resource_stalls.any,1922779.0,31.0,nan,,ok
557.281115,2146707.0,,inst_retired.any:u,inst_retired.any,8408598.0,100.0,nan,,ok
557.281115,2600986.0,,cpu_clk_unhalted.thread:u,cpu_clk_unhalted.thread,5971511.0,71.0,nan,,ok
557.281115,558609.0,,br_inst_retired.all_branches:u,br_inst_retired.all_branches,5304429.0,63.0,nan,,ok
557.281115,24515.0,,br_misp_retired.all_branches:u,br_misp_retired.all_branches,6176599.0,73.0,nan,,ok
557.281115,534937.0,,mem_uops_retired.all_loads:u,mem_uops_retired.all_loads,7767252.0,99.0,nan,,ok
557.281115,224047.0,,mem_uops_retired.all_stores:u,mem_uops_retired.all_stores,8408733.0,100.0,nan,,ok
557.281115,28619.0,,longest_lat_cache.reference:u,longest_lat_cache.reference,8408638.0,100.0,nan,,ok
557.281115,9012.0,,longest_lat_cache.miss:u,longest_lat_cache.miss,8409178.0,100.0,nan,,ok
557.281115,11355.0,,offcore_requests.demand_data_rd:u,offcore_requests.demand_data_rd,8409070.0,100.0,nan,,ok
557.281115,288009.0,,resource_stalls.any:u,resource_stalls.any,8408735.0,100.0,nan,,ok
567.663808,2194789.0,,inst_retired.any:u,inst_retired.any,7928679.0,100.0,nan,,ok
567.663808,2772084.0,,cpu_clk_unhalted.thread:u,cpu_clk_unhalted.thread,7922107.0,100.0,nan,,ok
567.663808,468017.0,,br_inst_retired.all_branches:u,br_inst_retired.all_branches,6086053.0,76.0,nan,,ok
567.663808,22564.0,,br_misp_retired.all_branches:u,br_misp_retired.all_branches,4054316.0,51.0,nan,,ok
567.663808,501153.0,,mem_uops_retired.all_loads:u,mem_uops_retired.all_loads,6110474.0,85.0,nan,,ok
567.663808,225970.0,,mem_uops_retired.all_stores:u,mem_uops_retired.all_stores,7482777.0,100.0,nan,,ok
567.663808,28871.0,,longest_lat_cache.reference:u,longest_lat_cache.reference,7901314.0,100.0,nan,,ok
567.663808,4344.0,,longest_lat_cache.miss:u,longest_lat_cache.miss,7896839.0,100.0,nan,,ok
567.663808,10895.0,,offcore_requests.demand_data_rd:u,offcore_requests.demand_data_rd,7892519.0,100.0,nan,,ok
567.663808,158100.0,,resource_stalls.any:u,resource_stalls.any,7888147.0,100.0,nan,,ok
578.016166,2322985.0,,inst_retired.any:u,inst_retired.any,8397327.0,100.0,nan,,ok
578.016166,2877962.0,,cpu_clk_unhalted.thread:u,cpu_clk_unhalted.thread,8397327.0,100.0,nan,,ok
578.016166,515110.0,,br_inst_retired.all_branches:u,br_inst_retired.all_branches,8397327.0,100.0,nan,,ok
578.016166,18565.0,,br_misp_retired.all_branches:u,br_misp_retired.all_branches,5686496.0,67.0,nan,,ok
578.016166,743466.0,,mem_uops_retired.all_loads:u,mem_uops_retired.all_loads,4943529.0,58.0,nan,,ok
578.016166,212332.0,,mem_uops_retired.all_stores:u,mem_uops_retired.all_stores,6443519.0,85.0,nan,,ok
578.016166,28863.0,,longest_lat_cache.reference:u,longest_lat_cache.reference,8118437.0,98.0,nan,,ok
578.016166,2769.0,,longest_lat_cache.miss:u,longest_lat_cache.miss,8397327.0,100.0,nan,,ok
578.016166,11461.0,,offcore_requests.demand_data_rd:u,offcore_requests.demand_data_rd,8397327.0,100.0,nan,,ok
578.016166,159641.0,,resource_stalls.any:u,resource_stalls.any,8397327.0,100.0,nan,,ok
588.360432,2011625.0,,inst_retired.any:u,inst_retired.any,7161033.0,100.0,nan,,ok
588.360432,2403486.0,,cpu_clk_unhalted.thread:u,cpu_clk_unhalted.thread,7161033.0,100.0,nan,,ok
588.360432,439478.0,,br_inst_retired.all_branches:u,br_inst_retired.all_branches,7161033.0,100.0,nan,,ok
588.360432,21906.0,,br_misp_retired.all_branches:u,br_misp_retired.all_branches,6851813.0,95.0,nan,,ok
588.360432,376701.0,,mem_uops_retired.all_loads:u,mem_uops_retired.all_loads,2975513.0,41.0,nan,,ok
588.360432,219537.0,,mem_uops_retired.all_stores:u,mem_uops_retired.all_stores,5603560.0,86.0,nan,,ok
588.360432,26756.0,,longest_lat_cache.reference:u,longest_lat_cache.reference,6162095.0,86.0,nan,,ok
588.360432,464.0,,longest_lat_cache.miss:u,longest_lat_cache.miss,7051151.0,100.0,nan,,ok
588.360432,10388.0,,offcore_requests.demand_data_rd:u,offcore_requests.demand_data_rd,7161033.0,100.0,nan,,ok
588.360432,89137.0,,resource_stalls.any:u,resource_stalls.any,7161033.0,100.0,nan,,ok
598.669648,2286512.0,,inst_retired.any:u,inst_retired.any,7472152.0,100.0,nan,,ok
598.669648,2595322.0,,cpu_clk_unhalted.thread:u,cpu_clk_unhalted.thread,7477990.0,100.0,nan,,ok
598.669648,512372.0,,br_inst_retired.all_branches:u,br_inst_retired.all_branches,7481990.0,100.0,nan,,ok
598.669648,24259.0,,br_misp_retired.all_branches:u,br_misp_retired.all_branches,7486045.0,100.0,nan,,ok
598.669648,555924.0,,mem_uops_retired.all_loads:u,mem_uops_retired.all_loads,6582655.0,87.0,nan,,ok
598.669648,210046.0,,mem_uops_retired.all_stores:u,mem_uops_retired.all_stores,6316286.0,84.0,nan,,ok
598.669648,26903.0,,longest_lat_cache.reference:u,longest_lat_cache.reference,4631055.0,61.0,nan,,ok
598.669648,584.0,,longest_lat_cache.miss:u,longest_lat_cache.miss,6146732.0,88.0,nan,,ok
598.669648,10447.0,,offcore_requests.demand_data_rd:u,offcore_requests.demand_data_rd,6504176.0,86.0,nan,,ok
598.669648,105815.0,,resource_stalls.any:u,resource_stalls.any,7317025.0,100.0,nan,,ok
609.001109,2841371.0,,inst_retired.any:u,inst_retired.any,7361765.0,88.0,nan,,ok
609.001109,2979749.0,,cpu_clk_unhalted.thread:u,cpu_clk_unhalted.thread,8232822.0,100.0,nan,,ok
609.001109,601542.0,,br_inst_retired.all_branches:u,br_inst_retired.all_branches,8366522.0,100.0,nan,,ok
609.001109,26733.0,,br_misp_retired.all_branches:u,br_misp_retired.all_branches,8366559.0,100.0,nan,,ok
609.001109,689708.0,,mem_uops_retired.all_loads:u,mem_uops_retired.all_loads,8375972.0,100.0,nan,,ok
609.001109,299208.0,,mem_uops_retired.all_stores:u,mem_uops_retired.all_stores,8376242.0,100.0,nan,,ok
609.001109,31401.0,,longest_lat_cache.reference:u,longest_lat_cache.reference,7003178.0,83.0,nan,,ok
609.001109,238.0,,longest_lat_cache.miss:u,longest_lat_cache.miss,7372371.0,87.0,nan,,ok
609.001109,8718.0,,offcore_requests.demand_data_rd:u,offcore_requests.demand_data_rd,4485620.0,53.0,nan,,ok
609.001109,109331.0,,resource_stalls.any:u,resource_stalls.any,6401019.0,77.0,nan,,ok
619.378165,2610644.0,,inst_retired.any:u,inst_retired.any,6185176.0,76.0,nan,,ok
619.378165,3378701.0,,cpu_clk_unhalted.thread:u,cpu_clk_unhalted.thread,6824150.0,87.0,nan,,ok
619.378165,528903.0,,br_inst_retired.all_branches:u,br_inst_retired.all_branches,7756977.0,100.0,nan,,ok
619.378165,26302.0,,br_misp_retired.all_branches:u,br_misp_retired.all_branches,8037366.0,100.0,nan,,ok
619.378165,610725.0,,mem_uops_retired.all_loads:u,mem_uops_retired.all_loads,8028071.0,100.0,nan,,ok
619.378165,246297.0,,mem_uops_retired.all_stores:u,mem_uops_retired.all_stores,8027973.0,100.0,nan,,ok
619.378165,30304.0,,longest_lat_cache.reference:u,longest_lat_cache.reference,8026641.0,100.0,nan,,ok
619.378165,7263.0,,longest_lat_cache.miss:u,longest_lat_cache.miss,8026926.0,100.0,nan,,ok
619.378165,11932.0,,offcore_requests.demand_data_rd:u,offcore_requests.demand_data_rd,7010783.0,87.0,nan,,ok
619.378165,224831.0,,resource_stalls.any:u,resource_stalls.any,2506374.0,31.0,nan,,ok
629.7092319999999,2683393.0,,inst_retired.any:u,inst_retired.any,7587619.0,77.0,nan,,ok
629.7092319999999,3284952.0,,cpu_clk_unhalted.thread:u,cpu_clk_unhalted.thread,5976429.0,61.0,nan,,ok
629.7092319999999,523109.0,,br_inst_retired.all_branches:u,br_inst_retired.all_branches,7677699.0,88.0,nan,,ok
629.7092319999999,27891.0,,br_misp_retired.all_branches:u,br_misp_retired.all_branches,9295714.0,95.0,nan,,ok
629.7092319999999,637301.0,,mem_uops_retired.all_loads:u,mem_uops_retired.all_loads,9783644.0,100.0,nan,,ok
629.7092319999999,248128.0,,mem_uops_retired.all_stores:u,mem_uops_retired.all_stores,9783727.0,100.0,nan,,ok
629.7092319999999,33444.0,,longest_lat_cache.reference:u,longest_lat_cache.reference,9783892.0,100.0,nan,,ok
629.7092319999999,2808.0,,longest_lat_cache.miss:u,longest_lat_cache.miss,9783827.0,100.0,nan,,ok
629.7092319999999,13328.0,,offcore_requests.demand_data_rd:u,offcore_requests.demand_data_rd,9783437.0,100.0,nan,,ok
629.7092319999999,146085.0,,resource_stalls.any:u,resource_stalls.any,6428041.0,65.0,nan,,ok
640.055009,2697594.0,,inst_retired.any:u,inst_retired.any,9066320.0,100.0,nan,,ok
640.055009,3582377.0,,cpu_clk_unhalted.thread:u,cpu_clk_unhalted.thread,8855717.0,97.0,nan,,ok
640.055009,386600.0,,br_inst_retired.all_branches:u,br_inst_retired.all_branches,6161293.0,67.0,nan,,ok
640.055009,34079.0,,br_misp_retired.all_branches:u,br_misp_retired.all_branches,6916073.0,76.0,nan,,ok
640.055009,668453.0,,mem_uops_retired.all_loads:u,mem_uops_retired.all_loads,6466391.0,77.0,nan,,ok
640.055009,307431.0,,mem_uops_retired.all_stores:u,mem_uops_retired.all_stores,8056139.0,88.0,nan,,ok
640.055009,31900.0,,longest_lat_cache.reference:u,longest_lat_cache.reference,8987155.0,100.0,nan,,ok
640.055009,5183.0,,longest_lat_cache.miss:u,longest_lat_cache.miss,9093325.0,100.0,nan,,ok
640.055009,12297.0,,offcore_requests.demand_data_rd:u,offcore_requests.demand_data_rd,9094232.0,100.0,nan,,ok
640.055009,235484.0,,resource_stalls.any:u,resource_stalls.any,9095329.0,100.0,nan,,ok
650.440609,3063449.0,,inst_retired.any:u,inst_retired.any,8433296.0,100.0,nan,,ok
650.440609,4257924.0,,cpu_clk_unhalted.thread:u,cpu_clk_unhalted.thread,8410804.0,100.0,nan,,ok
650.440609,681736.0,,br_inst_retired.all_branches:u,br_inst_retired.all_branches,8410448.0,100.0,nan,,ok
650.440609,32463.0,,br_misp_retired.all_branches:u,br_misp_retired.all_branches,6391897.0,75.0,nan,,ok
650.440609,810605.0,,mem_uops_retired.all_loads:u,mem_uops_retired.all_loads,7400163.0,87.0,nan,,ok
650.440609,264844.0,,mem_uops_retired.all_stores:u,mem_uops_retired.all_stores,6317412.0,86.0,nan,,ok
650.440609,38304.0,,longest_lat_cache.reference:u,longest_lat_cache.reference,6651028.0,79.0,nan,,ok
650.440609,7128.0,,longest_lat_cache.miss:u,longest_lat_cache.miss,7001145.0,83.0,nan,,ok
650.440609,14205.0,,offcore_requests.demand_data_rd:u,offcore_requests.demand_data_rd,8286478.0,100.0,nan,,ok
650.440609,321374.0,,resource_stalls.any:u,resource_stalls.any,8411448.0,100.0,nan,,ok
660.787274,3535613.0,,inst_retired.any:u,inst_retired.any,10043150.0,100.0,nan,,ok
660.787274,4601737.0,,cpu_clk_unhalted.thread:u,cpu_clk_unhalted.thread,10042971.0,100.0,nan,,ok
660.787274,768174.0,,br_inst_retired.all_branches:u,br_inst_retired.all_branches,10042331.0,100.0,nan,,ok
660.787274,41032.0,,br_misp_retired.all_branches:u,br_misp_retired.all_branches,10042102.0,100.0,nan,,ok
660.787274,930047.0,,mem_uops_retired.all_loads:u,mem_uops_retired.all_loads,10042100.0,100.0,nan,,ok
660.787274,388476.0,,mem_uops_retired.all_stores:u,mem_uops_retired.all_stores,10042193.0,100.0,nan,,ok
660.787274,36449.0,,longest_lat_cache.reference:u,longest_lat_cache.reference,8513383.0,84.0,nan,,ok
660.787274,4400.0,,longest_lat_cache.miss:u,longest_lat_cache.miss,6464194.0,64.0,nan,,ok
660.787274,15675.0,,offcore_requests.demand_data_rd:u,offcore_requests.demand_data_rd,6672345.0,66.0,nan,,ok
660.787274,274145.0,,resource_stalls.any:u,resource_stalls.any,8491558.0,100.0,nan,,ok
671.147164,2675409.0,,inst_retired.any:u,inst_retired.any,6998701.0,89.0,nan,,ok
671.147164,4087852.0,,cpu_clk_unhalted.thread:u,cpu_clk_unhalted.thread,7769782.0,98.0,nan,,ok
671.147164,595010.0,,br_inst_retired.all_branches:u,br_inst_retired.all_branches,7851930.0,100.0,nan,,ok
671.147164,30197.0,,br_misp_retired.all_branches:u,br_misp_retired.all_branches,7851315.0,100.0,nan,,ok
671.147164,685201.0,,mem_uops_retired.all_loads:u,mem_uops_retired.all_loads,7850977.0,100.0,nan,,ok
671.147164,273721.0,,mem_uops_retired.all_stores:u,mem_uops_retired.all_stores,7850704.0,100.0,nan,,ok
671.147164,35349.0,,longest_lat_cache.reference:u,longest_lat_cache.reference,7846572.0,100.0,nan,,ok
671.147164,7923.0,,longest_lat_cache.miss:u,longest_lat_cache.miss,5939947.0,75.0,nan,,ok
671.147164,13385.0,,offcore_requests.demand_data_rd:u,offcore_requests.demand_data_rd,5663174.0,72.0,nan,,ok
671.147164,495457.0,,resource_stalls.any:u,resource_stalls.any,4199822.0,63.0,nan,,ok
681.4846180000001,2980014.0,,inst_retired.any:u,inst_retired.any,4873638.0,65.0,nan,,ok
681.4846180000001,3264489.0,,cpu_clk_unhalted.thread:u,cpu_clk_unhalted.thread,4605549.0,69.0,nan,,ok
681.4846180000001,672739.0,,br_inst_retired.all_branches:u,br_inst_retired.all_branches,6918187.0,98.0,nan,,ok
681.4846180000001,30530.0,,br_misp_retired.all_branches:u,br_misp_retired.all_branches,7404500.0,100.0,nan,,ok
681.4846180000001,784114.0,,mem_uops_retired.all_loads:u,mem_uops_retired.all_loads,7405155.0,100.0,nan,,ok
681.4846180000001,345970.0,,mem_uops_retired.all_stores:u,mem_uops_retired.all_stores,7405161.0,100.0,nan,,ok
681.4846180000001,34648.0,,longest_lat_cache.reference:u,longest_lat_cache.reference,7405464.0,100.0,nan,,ok
681.4846180000001,539.0,,longest_lat_cache.miss:u,longest_lat_cache.miss,7405340.0,100.0,nan,,ok
681.4846180000001,12921.0,,offcore_requests.demand_data_rd:u,offcore_requests.demand_data_rd,7405285.0,100.0,nan,,ok
681.4846180000001,85939.0,,resource_stalls.any:u,resource_stalls.any,3285754.0,44.0,nan,,ok
691.8291370000001,2885963.0,,inst_retired.any:u,inst_retired.any,8055902.0,100.0,nan,,ok
691.8291370000001,3638644.0,,cpu_clk_unhalted.thread:u,cpu_clk_unhalted.thread,7477554.0,92.0,nan,,ok
691.8291370000001,423566.0,,br_inst_retired.all_branches:u,br_inst_retired.all_branches,4076265.0,50.0,nan,,ok
691.8291370000001,33575.0,,br_misp_retired.all_branches:u,br_misp_retired.all_branches,5642265.0,74.0,nan,,ok
691.8291370000001,677178.0,,mem_uops_retired.all_loads:u,mem_uops_retired.all_loads,6965017.0,100.0,nan,,ok
691.8291370000001,293098.0,,mem_uops_retired.all_stores:u,mem_uops_retired.all_stores,8055606.0,100.0,nan,,ok
691.8291370000001,37958.0,,longest_lat_cache.reference:u,longest_lat_cache.reference,8055817.0,100.0,nan,,ok
691.8291370000001,1076.0,,longest_lat_cache.miss:u,longest_lat_cache.miss,8055782.0,100.0,nan,,ok
691.8291370000001,14960.0,,offcore_requests.demand_data_rd:u,offcore_requests.demand_data_rd,8055833.0,100.0,nan,,ok
691.8291370000001,185746.0,,resource_stalls.any:u,resource_stalls.any,8055620.0,100.0,nan,,ok
702.202093,3461005.0,,inst_retired.any:u,inst_retired.any,10042936.0,100.0,nan,,ok
702.202093,4331133.0,,cpu_clk_unhalted.thread:u,cpu_clk_unhalted.thread,10054898.0,100.0,nan,,ok
702.202093,760525.0,,br_inst_retired.all_branches:u,br_inst_retired.all_branches,10063896.0,100.0,nan,,ok
702.202093,37391.0,,br_misp_retired.all_branches:u,br_misp_retired.all_branches,9856513.0,97.0,nan,,ok
702.202093,914591.0,,mem_uops_retired.all_loads:u,mem_uops_retired.all_loads,8912274.0,88.0,nan,,ok
702.202093,291791.0,,mem_uops_retired.all_stores:u,mem_uops_retired.all_stores,7687880.0,76.0,nan,,ok
702.202093,43975.0,,longest_lat_cache.reference:u,longest_lat_cache.reference,7145864.0,77.0,nan,,ok
702.202093,3564.0,,longest_lat_cache.miss:u,longest_lat_cache.miss,7442381.0,73.0,nan,,ok
702.202093,16529.0,,offcore_requests.demand_data_rd:u,offcore_requests.demand_data_rd,9338674.0,97.0,nan,,ok
702.202093,229306.0,,resource_stalls.any:u,resource_stalls.any,10079864.0,100.0,nan,,ok
712.584876,2373331.0,,inst_retired.any:u,inst_retired.any,7574776.0,88.0,nan,,ok
712.584876,3528285.0,,cpu_clk_unhalted.thread:u,cpu_clk_unhalted.thread,9102322.0,100.0,nan,,ok
712.584876,550063.0,,br_inst_retired.all_branches:u,br_inst_retired.all_branches,9248956.0,100.0,nan,,ok
712.584876,31853.0,,br_misp_retired.all_branches:u,br_misp_retired.all_branches,9230995.0,100.0,nan,,ok
712.584876,642912.0,,mem_uops_retired.all_loads:u,mem_uops_retired.all_loads,9230352.0,100.0,nan,,ok
712.584876,275987.0,,mem_uops_retired.all_stores:u,mem_uops_retired.all_stores,9228840.0,100.0,nan,,ok
712.584876,30553.0,,longest_lat_cache.reference:u,longest_lat_cache.reference,8092493.0,87.0,nan,,ok
712.584876,7625.0,,longest_lat_cache.miss:u,longest_lat_cache.miss,6862434.0,74.0,nan,,ok
712.584876,13487.0,,offcore_requests.demand_data_rd:u,offcore_requests.demand_data_rd,7141382.0,77.0,nan,,ok
712.584876,239299.0,,resource_stalls.any:u,resource_stalls.any,5740490.0,67.0,nan,,ok
722.9158150000001,2880759.0,,inst_retired.any:u,inst_retired.any,6534717.0,74.0,nan,,ok
722.9158150000001,3103945.0,,cpu_clk_unhalted.thread:u,cpu_clk_unhalted.thread,5816098.0,70.0,nan,,ok
722.9158150000001,563704.0,,br_inst_retired.all_branches:u,br_inst_retired.all_branches,8005194.0,100.0,nan,,ok
722.9158150000001,30781.0,,br_misp_retired.all_branches:u,br_misp_retired.all_branches,8774238.0,100.0,nan,,ok
722.9158150000001,676443.0,,mem_uops_retired.all_loads:u,mem_uops_retired.all_loads,8770331.0,100.0,nan,,ok
722.9158150000001,284545.0,,mem_uops_retired.all_stores:u,mem_uops_retired.all_stores,8766498.0,100.0,nan,,ok
722.9158150000001,30913.0,,longest_lat_cache.reference:u,longest_lat_cache.reference,8762518.0,100.0,nan,,ok
722.9158150000001,341.0,,longest_lat_cache.miss:u,longest_lat_cache.miss,8758468.0,100.0,nan,,ok
722.9158150000001,11658.0,,offcore_requests.demand_data_rd:u,offcore_requests.demand_data_rd,7414155.0,84.0,nan,,ok
722.9158150000001,134402.0,,resource_stalls.any:u,resource_stalls.any,5076303.0,58.0,nan,,ok
733.240469,2616061.0,,inst_retired.any:u,inst_retired.any,9699870.0,100.0,nan,,ok
733.240469,2620081.0,,cpu_clk_unhalted.thread:u,cpu_clk_unhalted.thread,6411112.0,66.0,nan,,ok
733.240469,708343.0,,br_inst_retired.all_branches:u,br_inst_retired.all_branches,6179495.0,63.0,nan,,ok
733.240469,31732.0,,br_misp_retired.all_branches:u,br_misp_retired.all_branches,7203398.0,78.0,nan,,ok
733.240469,680851.0,,mem_uops_retired.all_loads:u,mem_uops_retired.all_loads,9305605.0,99.0,nan,,ok
733.240469,286703.0,,mem_uops_retired.all_stores:u,mem_uops_retired.all_stores,9699870.0,100.0,nan,,ok
733.240469,31865.0,,longest_lat_cache.reference:u,longest_lat_cache.reference,9699870.0,100.0,nan,,ok
733.240469,7268.0,,longest_lat_cache.miss:u,longest_lat_cache.miss,9699870.0,100.0,nan,,ok
733.240469,12758.0,,offcore_requests.demand_data_rd:u,offcore_requests.demand_data_rd,9699870.0,100.0,nan,,ok
733.240469,243489.0,,resource_stalls.any:u,resource_stalls.any,9699870.0,100.0,nan,,ok
743.554595,2227479.0,,inst_retired.any:u,inst_retired.any,7373617.0,100.0,nan,,ok
743.554595,2707648.0,,cpu_clk_unhalted.thread:u,cpu_clk_unhalted.thread,7378932.0,100.0,nan,,ok
743.554595,328996.0,,br_inst_retired.all_branches:u,br_inst_retired.all_branches,3744271.0,50.0,nan,,ok
743.554595,27564.0,,br_misp_retired.all_branches:u,br_misp_retired.all_branches,6567610.0,88.0,nan,,ok
743.554595,560670.0,,mem_uops_retired.all_loads:u,mem_uops_retired.all_loads,5670546.0,76.0,nan,,ok
743.554595,263826.0,,mem_uops_retired.all_stores:u,mem_uops_retired.all_stores,6213864.0,86.0,nan,,ok
743.554595,28119.0,,longest_lat_cache.reference:u,longest_lat_cache.reference,7373087.0,100.0,nan,,ok
743.554595,733.0,,longest_lat_cache.miss:u,longest_lat_cache.miss,7401995.0,100.0,nan,,ok
743.554595,10596.0,,offcore_requests.demand_data_rd:u,offcore_requests.demand_data_rd,7405812.0,100.0,nan,,ok
743.554595,99027.0,,resource_stalls.any:u,resource_stalls.any,7409367.0,100.0,nan,,ok
753.890064,2670381.0,,inst_retired.any:u,inst_retired.any,9209966.0,100.0,nan,,ok
753.890064,3074481.0,,cpu_clk_unhalted.thread:u,cpu_clk_unhalted.thread,9210471.0,100.0,nan,,ok
753.890064,494073.0,,br_inst_retired.all_branches:u,br_inst_retired.all_branches,6949211.0,75.0,nan,,ok
753.890064,33567.0,,br_misp_retired.all_branches:u,br_misp_retired.all_branches,7306679.0,79.0,nan,,ok
753.890064,545950.0,,mem_uops_retired.all_loads:u,mem_uops_retired.all_loads,6318953.0,68.0,nan,,ok
753.890064,281862.0,,mem_uops_retired.all_stores:u,mem_uops_retired.all_stores,7734715.0,88.0,nan,,ok
753.890064,31630.0,,longest_lat_cache.reference:u,longest_lat_cache.reference,8520659.0,92.0,nan,,ok
753.890064,379.0,,longest_lat_cache.miss:u,longest_lat_cache.miss,9210528.0,100.0,nan,,ok
753.890064,11923.0,,offcore_requests.demand_data_rd:u,offcore_requests.demand_data_rd,9211324.0,100.0,nan,,ok
753.890064,127101.0,,resource_stalls.any:u,resource_stalls.any,9211796.0,100.0,nan,,ok
764.2389109999999,2437333.0,,inst_retired.any:u,inst_retired.any,8449572.0,100.0,nan,,ok
764.2389109999999,2871293.0,,cpu_clk_unhalted.thread:u,cpu_clk_unhalted.thread,8448735.0,100.0,nan,,ok
764.2389109999999,527810.0,,br_inst_retired.all_branches:u,br_inst_retired.all_branches,8448112.0,100.0,nan,,ok
764.2389109999999,26767.0,,br_misp_retired.all_branches:u,br_misp_retired.all_branches,8448965.0,100.0,nan,,ok
764.2389109999999,627938.0,,mem_uops_retired.all_loads:u,mem_uops_retired.all_loads,8448942.0,100.0,nan,,ok
764.2389109999999,235043.0,,mem_uops_retired.all_stores:u,mem_uops_retired.all_stores,6815634.0,80.0,nan,,ok
764.2389109999999,32327.0,,longest_lat_cache.reference:u,longest_lat_cache.reference,5412889.0,64.0,nan,,ok
764.2389109999999,182.0,,longest_lat_cache.miss:u,longest_lat_cache.miss,5425514.0,64.0,nan,,ok
764.2389109999999,11124.0,,offcore_requests.demand_data_rd:u,offcore_requests.demand_data_rd,7686889.0,96.0,nan,,ok
764.2389109999999,115382.0,,resource_stalls.any:u,resource_stalls.any,8448747.0,100.0,nan,,ok
774.5656,2001473.0,,inst_retired.any:u,inst_retired.any,5768231.0,92.0,nan,,ok
774.5656,2884518.0,,cpu_clk_unhalted.thread:u,cpu_clk_unhalted.thread,7250207.0,100.0,nan,,ok
774.5656,466886.0,,br_inst_retired.all_branches:u,br_inst_retired.all_branches,7250762.0,100.0,nan,,ok
774.5656,23501.0,,br_misp_retired.all_branches:u,br_misp_retired.all_branches,7249802.0,100.0,nan,,ok
774.5656,561063.0,,mem_uops_retired.all_loads:u,mem_uops_retired.all_loads,7249822.0,100.0,nan,,ok
774.5656,252675.0,,mem_uops_retired.all_stores:u,mem_uops_retired.all_stores,7250095.0,100.0,nan,,ok
774.5656,24206.0,,longest_lat_cache.reference:u,longest_lat_cache.reference,7250072.0,100.0,nan,,ok
774.5656,5312.0,,longest_lat_cache.miss:u,longest_lat_cache.miss,7229565.0,99.0,nan,,ok
774.5656,8844.0,,offcore_requests.demand_data_rd:u,offcore_requests.demand_data_rd,4601025.0,63.0,nan,,ok
774.5656,144894.0,,resource_stalls.any:u,resource_stalls.any,2677990.0,43.0,nan,,ok
784.906296,2149268.0,,inst_retired.any:u,inst_retired.any,5522958.0,65.0,nan,,ok
784.906296,3546416.0,,cpu_clk_unhalted.thread:u,cpu_clk_unhalted.thread,5599355.0,66.0,nan,,ok
784.906296,524798.0,,br_inst_retired.all_branches:u,br_inst_retired.all_branches,7770323.0,100.0,nan,,ok
784.906296,26698.0,,br_misp_retired.all_branches:u,br_misp_retired.all_branches,8450455.0,100.0,nan,,ok
784.906296,614562.0,,mem_uops_retired.all_loads:u,mem_uops_retired.all_loads,8446503.0,100.0,nan,,ok
784.906296,249034.0,,mem_uops_retired.all_stores:u,mem_uops_retired.all_stores,8442310.0,100.0,nan,,ok
784.906296,30204.0,,longest_lat_cache.reference:u,longest_lat_cache.reference,8438170.0,100.0,nan,,ok
784.906296,3579.0,,longest_lat_cache.miss:u,longest_lat_cache.miss,8429790.0,100.0,nan,,ok
784.906296,11813.0,,offcore_requests.demand_data_rd:u,offcore_requests.demand_data_rd,8423200.0,100.0,nan,,ok
784.906296,135549.0,,resource_stalls.any:u,resource_stalls.any,3543587.0,42.0,nan,,ok
795.224095,3395508.0,,inst_retired.any:u,inst_retired.any,8394243.0,100.0,nan,,ok
795.224095,3885112.0,,cpu_clk_unhalted.thread:u,cpu_clk_unhalted.thread,5531793.0,65.0,nan,,ok
795.224095,840776.0,,br_inst_retired.all_branches:u,br_inst_retired.all_branches,5644007.0,67.0,nan,,ok
795.224095,36741.0,,br_misp_retired.all_branches:u,br_misp_retired.all_branches,6694726.0,89.0,nan,,ok
795.224095,857714.0,,mem_uops_retired.all_loads:u,mem_uops_retired.all_loads,7412458.0,88.0,nan,,ok
795.224095,357152.0,,mem_uops_retired.all_stores:u,mem_uops_retired.all_stores,8357993.0,100.0,nan,,ok
795.224095,39749.0,,longest_lat_cache.reference:u,longest_lat_cache.reference,8424077.0,100.0,nan,,ok
795.224095,13614.0,,longest_lat_cache.miss:u,longest_lat_cache.miss,8429047.0,100.0,nan,,ok
795.224095,15990.0,,offcore_requests.demand_data_rd:u,offcore_requests.demand_data_rd,8434146.0,100.0,nan,,ok
795.224095,483777.0,,resource_stalls.any:u,resource_stalls.any,8439140.0,100.0,nan,,ok
805.541973,2513154.0,,inst_retired.any:u,inst_retired.any,8837690.0,100.0,nan,,ok
805.541973,4108939.0,,cpu_clk_unhalted.thread:u,cpu_clk_unhalted.thread,8838066.0,100.0,nan,,ok
805.541973,597872.0,,br_inst_retired.all_branches:u,br_inst_retired.all_branches,7848527.0,88.0,nan,,ok
805.541973,25135.0,,br_misp_retired.all_branches:u,br_misp_retired.all_branches,6877824.0,77.0,nan,,ok
805.541973,573447.0,,mem_uops_retired.all_loads:u,mem_uops_retired.all_loads,4569446.0,57.0,nan,,ok
805.541973,285621.0,,mem_uops_retired.all_stores:u,mem_uops_retired.all_stores,8088514.0,91.0,nan,,ok
805.541973,29167.0,,longest_lat_cache.reference:u,longest_lat_cache.reference,7962188.0,100.0,nan,,ok
805.541973,11134.0,,longest_lat_cache.miss:u,longest_lat_cache.miss,8837284.0,100.0,nan,,ok
805.541973,13622.0,,offcore_requests.demand_data_rd:u,offcore_requests.demand_data_rd,8836718.0,100.0,nan,,ok
805.541973,411742.0,,resource_stalls.any:u,resource_stalls.any,8835798.0,100.0,nan,,ok
815.871012,3401539.0,,inst_retired.any:u,inst_retired.any,9383988.0,100.0,nan,,ok
815.871012,4807092.0,,cpu_clk_unhalted.thread:u,cpu_clk_unhalted.thread,9383252.0,100.0,nan,,ok
815.871012,754939.0,,br_inst_retired.all_branches:u,br_inst_retired.all_branches,9384369.0,100.0,nan,,ok
815.871012,34615.0,,br_misp_retired.all_branches:u,br_misp_retired.all_branches,9381290.0,100.0,nan,,ok
815.871012,784976.0,,mem_uops_retired.all_loads:u,mem_uops_retired.all_loads,7354804.0,78.0,nan,,ok
815.871012,341021.0,,mem_uops_retired.all_stores:u,mem_uops_retired.all_stores,6740800.0,71.0,nan,,ok
815.871012,33965.0,,longest_lat_cache.reference:u,longest_lat_cache.reference,6298307.0,77.0,nan,,ok
815.871012,13120.0,,longest_lat_cache.miss:u,longest_lat_cache.miss,8677420.0,92.0,nan,,ok
815.871012,13672.0,,offcore_requests.demand_data_rd:u,offcore_requests.demand_data_rd,8445457.0,100.0,nan,,ok
815.871012,470994.0,,resource_stalls.any:u,resource_stalls.any,9380587.0,100.0,nan,,ok
826.177912,3179146.0,,inst_retired.any:u,inst_retired.any,9148329.0,100.0,nan,,ok
826.177912,4332270.0,,cpu_clk_unhalted.thread:u,cpu_clk_unhalted.thread,9696488.0,100.0,nan,,ok
826.177912,720004.0,,br_inst_retired.all_branches:u,br_inst_retired.all_branches,9691082.0,100.0,nan,,ok
826.177912,36369.0,,br_misp_retired.all_branches:u,br_misp_retired.all_branches,9686441.0,100.0,nan,,ok
826.177912,847731.0,,mem_uops_retired.all_loads:u,mem_uops_retired.all_loads,9682519.0,100.0,nan,,ok
826.177912,350773.0,,mem_uops_retired.all_stores:u,mem_uops_retired.all_stores,9677621.0,100.0,nan,,ok
826.177912,39511.0,,longest_lat_cache.reference:u,longest_lat_cache.reference,8560160.0,88.0,nan,,ok
826.177912,2938.0,,longest_lat_cache.miss:u,longest_lat_cache.miss,5475458.0,56.0,nan,,ok
826.177912,17335.0,,offcore_requests.demand_data_rd:u,offcore_requests.demand_data_rd,7605951.0,80.0,nan,,ok
826.177912,271011.0,,resource_stalls.any:u,resource_stalls.any,7357274.0,89.0,nan,,ok
836.473476,1848061.0,,inst_retired.any:u,inst_retired.any,5065582.0,83.0,nan,,ok
836.473476,2427075.0,,cpu_clk_unhalted.thread:u,cpu_clk_unhalted.thread,5857263.0,100.0,nan,,ok
836.473476,418440.0,,br_inst_retired.all_branches:u,br_inst_retired.all_branches,6076641.0,100.0,nan,,ok
836.473476,19066.0,,br_misp_retired.all_branches:u,br_misp_retired.all_branches,6080761.0,100.0,nan,,ok
836.473476,471075.0,,mem_uops_retired.all_loads:u,mem_uops_retired.all_loads,6084821.0,100.0,nan,,ok
836.473476,190158.0,,mem_uops_retired.all_stores:u,mem_uops_retired.all_stores,6089067.0,100.0,nan,,ok
836.473476,20393.0,,longest_lat_cache.reference:u,longest_lat_cache.reference,6093067.0,100.0,nan,,ok
836.473476,6065.0,,longest_lat_cache.miss:u,longest_lat_cache.miss,5774674.0,94.0,nan,,ok
836.473476,8208.0,,offcore_requests.demand_data_rd:u,offcore_requests.demand_data_rd,2959205.0,48.0,nan,,ok
836.473476,202099.0,,resource_stalls.any:u,resource_stalls.any,3679933.0,60.0,nan,,ok
846.8204390000001,2674423.0,,inst_retired.any:u,inst_retired.any,5115052.0,56.0,nan,,ok
846.8204390000001,3643581.0,,cpu_clk_unhalted.thread:u,cpu_clk_unhalted.thread,6981079.0,81.0,nan,,ok
846.8204390000001,597328.0,,br_inst_retired.all_branches:u,br_inst_retired.all_branches,7323504.0,80.0,nan,,ok
846.8204390000001,28843.0,,br_misp_retired.all_branches:u,br_misp_retired.all_branches,8634255.0,99.0,nan,,ok
846.8204390000001,685576.0,,mem_uops_retired.all_loads:u,mem_uops_retired.all_loads,9084493.0,100.0,nan,,ok
846.8204390000001,273406.0,,mem_uops_retired.all_stores:u,mem_uops_retired.all_stores,9084017.0,100.0,nan,,ok
846.8204390000001,35816.0,,longest_lat_cache.reference:u,longest_lat_cache.reference,9084032.0,100.0,nan,,ok
846.8204390000001,5713.0,,longest_lat_cache.miss:u,longest_lat_cache.miss,9083673.0,100.0,nan,,ok
846.8204390000001,14264.0,,offcore_requests.demand_data_rd:u,offcore_requests.demand_data_rd,9079806.0,100.0,nan,,ok
846.8204390000001,181497.0,,resource_stalls.any:u,resource_stalls.any,4337027.0,47.0,nan,,ok
857.148461,2795664.0,,inst_retired.any:u,inst_retired.any,7316752.0,97.0,nan,,ok
857.148461,2849047.0,,cpu_clk_unhalted.thread:u,cpu_clk_unhalted.thread,5574440.0,74.0,nan,,ok
857.148461,618804.0,,br_inst_retired.all_branches:u,br_inst_retired.all_branches,4840893.0,64.0,nan,,ok
857.148461,25900.0,,br_misp_retired.all_branches:u,br_misp_retired.all_branches,5591103.0,83.0,nan,,ok
857.148461,645368.0,,mem_uops_retired.all_loads:u,mem_uops_retired.all_loads,6657021.0,100.0,nan,,ok
857.148461,300503.0,,mem_uops_retired.all_stores:u,mem_uops_retired.all_stores,7483923.0,100.0,nan,,ok
857.148461,32403.0,,longest_lat_cache.reference:u,longest_lat_cache.reference,7479908.0,100.0,nan,,ok
857.148461,321.0,,longest_lat_cache.miss:u,longest_lat_cache.miss,7476235.0,100.0,nan,,ok
857.148461,12170.0,,offcore_requests.demand_data_rd:u,offcore_requests.demand_data_rd,7475835.0,100.0,nan,,ok
857.148461,114373.0,,resource_stalls.any:u,resource_stalls.any,7289380.0,97.0,nan,,ok
867.4266729999999,2982709.0,,inst_retired.any:u,inst_retired.any,7964512.0,100.0,nan,,ok
867.4266729999999,3682765.0,,cpu_clk_unhalted.thread:u,cpu_clk_unhalted.thread,7969922.0,100.0,nan,,ok
867.4266729999999,668164.0,,br_inst_retired.all_branches:u,br_inst_retired.all_branches,7974253.0,100.0,nan,,ok
867.4266729999999,28115.0,,br_misp_retired.all_branches:u,br_misp_retired.all_branches,6428304.0,80.0,nan,,ok
867.4266729999999,780005.0,,mem_uops_retired.all_loads:u,mem_uops_retired.all_loads,6888951.0,86.0,nan,,ok
867.4266729999999,267190.0,,mem_uops_retired.all_stores:u,mem_uops_retired.all_stores,5353503.0,73.0,nan,,ok
867.4266729999999,34529.0,,longest_lat_cache.reference:u,longest_lat_cache.reference,6082259.0,76.0,nan,,ok
867.4266729999999,5573.0,,longest_lat_cache.miss:u,longest_lat_cache.miss,7184331.0,100.0,nan,,ok
867.4266729999999,13056.0,,offcore_requests.demand_data_rd:u,offcore_requests.demand_data_rd,7995274.0,100.0,nan,,ok
867.4266729999999,259401.0,,resource_stalls.any:u,resource_stalls.any,7998705.0,100.0,nan,,ok
877.728512,2829681.0,,inst_retired.any:u,inst_retired.any,9032604.0,100.0,nan,,ok
877.728512,3500930.0,,cpu_clk_unhalted.thread:u,cpu_clk_unhalted.thread,9522836.0,100.0,nan,,ok
877.728512,637858.0,,br_inst_retired.all_branches:u,br_inst_retired.all_branches,9521765.0,100.0,nan,,ok
877.728512,31020.0,,br_misp_retired.all_branches:u,br_misp_retired.all_branches,9521898.0,100.0,nan,,ok
877.728512,760246.0,,mem_uops_retired.all_loads:u,mem_uops_retired.all_loads,9521510.0,100.0,nan,,ok
877.728512,304939.0,,mem_uops_retired.all_stores:u,mem_uops_retired.all_stores,9521316.0,100.0,nan,,ok
877.728512,38457.0,,longest_lat_cache.reference:u,longest_lat_cache.reference,8763494.0,92.0,nan,,ok
877.728512,339.0,,longest_lat_cache.miss:u,longest_lat_cache.miss,6836565.0,71.0,nan,,ok
877.728512,13754.0,,offcore_requests.demand_data_rd:u,offcore_requests.demand_data_rd,6551996.0,75.0,nan,,ok
877.728512,143971.0,,resource_stalls.any:u,resource_stalls.any,6406952.0,77.0,nan,,ok
888.315941,3214084.0,,inst_retired.any:u,inst_retired.any,6785627.0,85.0,nan,,ok
888.315941,2831138.0,,cpu_clk_unhalted.thread:u,cpu_clk_unhalted.thread,5486190.0,76.0,nan,,ok
888.315941,759211.0,,br_inst_retired.all_branches:u,br_inst_retired.all_branches,6923823.0,87.0,nan,,ok
888.315941,31801.0,,br_misp_retired.all_branches:u,br_misp_retired.all_branches,6989647.0,88.0,nan,,ok
888.315941,762538.0,,mem_uops_retired.all_loads:u,mem_uops_retired.all_loads,7545383.0,100.0,nan,,ok
888.315941,336546.0,,mem_uops_retired.all_stores:u,mem_uops_retired.all_stores,7920045.0,100.0,nan,,ok
888.315941,34950.0,,longest_lat_cache.reference:u,longest_lat_cache.reference,7916472.0,100.0,nan,,ok
888.315941,462.0,,longest_lat_cache.miss:u,longest_lat_cache.miss,7913150.0,100.0,nan,,ok
888.315941,12913.0,,offcore_requests.demand_data_rd:u,offcore_requests.demand_data_rd,7595463.0,96.0,nan,,ok
888.315941,128560.0,,resource_stalls.any:u,resource_stalls.any,5083281.0,64.0,nan,,ok
898.601286,2757406.0,,inst_retired.any:u,inst_retired.any,9053631.0,100.0,nan,,ok
898.601286,3434256.0,,cpu_clk_unhalted.thread:u,cpu_clk_unhalted.thread,8060043.0,88.0,nan,,ok
898.601286,603214.0,,br_inst_retired.all_branches:u,br_inst_retired.all_branches,7937476.0,87.0,nan,,ok
898.601286,24163.0,,br_misp_retired.all_branches:u,br_misp_retired.all_branches,5775564.0,69.0,nan,,ok
898.601286,802892.0,,mem_uops_retired.all_loads:u,mem_uops_retired.all_loads,6404075.0,70.0,nan,,ok
898.601286,263391.0,,mem_uops_retired.all_stores:u,mem_uops_retired.all_stores,8078467.0,93.0,nan,,ok
898.601286,36197.0,,longest_lat_cache.reference:u,longest_lat_cache.reference,9074945.0,100.0,nan,,ok
898.601286,327.0,,longest_lat_cache.miss:u,longest_lat_cache.miss,9078465.0,100.0,nan,,ok
898.601286,14522.0,,offcore_requests.demand_data_rd:u,offcore_requests.demand_data_rd,9081947.0,100.0,nan,,ok
898.601286,143462.0,,resource_stalls.any:u,resource_stalls.any,9085571.0,100.0,nan,,ok
908.912179,2949531.0,,inst_retired.any:u,inst_retired.any,7905249.0,100.0,nan,,ok
908.912179,4333796.0,,cpu_clk_unhalted.thread:u,cpu_clk_unhalted.thread,7900126.0,100.0,nan,,ok
908.912179,649751.0,,br_inst_retired.all_branches:u,br_inst_retired.all_branches,7896636.0,100.0,nan,,ok
908.912179,31084.0,,br_misp_retired.all_branches:u,br_misp_retired.all_branches,7868920.0,99.0,nan,,ok
908.912179,666267.0,,mem_uops_retired.all_loads:u,mem_uops_retired.all_loads,5972708.0,75.0,nan,,ok
908.912179,309731.0,,mem_uops_retired.all_stores:u,mem_uops_retired.all_stores,4593544.0,58.0,nan,,ok
908.912179,30498.0,,longest_lat_cache.reference:u,longest_lat_cache.reference,5936432.0,85.0,nan,,ok
908.912179,11690.0,,longest_lat_cache.miss:u,longest_lat_cache.miss,7175879.0,100.0,nan,,ok
908.912179,13552.0,,offcore_requests.demand_data_rd:u,offcore_requests.demand_data_rd,7876933.0,100.0,nan,,ok
908.912179,403542.0,,resource_stalls.any:u,resource_stalls.any,7873309.0,100.0,nan,,ok
919.3553330000001,3386630.0,,inst_retired.any:u,inst_retired.any,7600208.0,80.0,nan,,ok
919.3553330000001,3880208.0,,cpu_clk_unhalted.thread:u,cpu_clk_unhalted.thread,8860940.0,100.0,nan,,ok
919.3553330000001,715377.0,,br_inst_retired.all_branches:u,br_inst_retired.all_branches,9481299.0,100.0,nan,,ok
919.3553330000001,34621.0,,br_misp_retired.all_branches:u,br_misp_retired.all_branches,9485142.0,100.0,nan,,ok
919.3553330000001,797220.0,,mem_uops_retired.all_loads:u,mem_uops_retired.all_loads,9489659.0,100.0,nan,,ok
919.3553330000001,315788.0,,mem_uops_retired.all_stores:u,mem_uops_retired.all_stores,9493718.0,100.0,nan,,ok
919.3553330000001,36713.0,,longest_lat_cache.reference:u,longest_lat_cache.reference,9399593.0,98.0,nan,,ok
919.3553330000001,4501.0,,longest_lat_cache.miss:u,longest_lat_cache.miss,8021440.0,84.0,nan,,ok
919.3553330000001,13907.0,,offcore_requests.demand_data_rd:u,offcore_requests.demand_data_rd,6748747.0,70.0,nan,,ok
919.3553330000001,235792.0,,resource_stalls.any:u,resource_stalls.any,4951003.0,55.0,nan,,ok
929.663403,3125216.0,,inst_retired.any:u,inst_retired.any,7707436.0,77.0,nan,,ok
929.663403,5456379.0,,cpu_clk_unhalted.thread:u,cpu_clk_unhalted.thread,7493900.0,78.0,nan,,ok
929.663403,701771.0,,br_inst_retired.all_branches:u,br_inst_retired.all_branches,7930861.0,82.0,nan,,ok
929.663403,41524.0,,br_misp_retired.all_branches:u,br_misp_retired.all_branches,8319846.0,83.0,nan,,ok
929.663403,887837.0,,mem_uops_retired.all_loads:u,mem_uops_retired.all_loads,9824787.0,100.0,nan,,ok
929.663403,387245.0,,mem_uops_retired.all_stores:u,mem_uops_retired.all_stores,9934235.0,100.0,nan,,ok
929.663403,41552.0,,longest_lat_cache.reference:u,longest_lat_cache.reference,9934588.0,100.0,nan,,ok
929.663403,14036.0,,longest_lat_cache.miss:u,longest_lat_cache.miss,9935048.0,100.0,nan,,ok
929.663403,16660.0,,offcore_requests.demand_data_rd:u,offcore_requests.demand_data_rd,9935600.0,100.0,nan,,ok
929.663403,389594.0,,resource_stalls.any:u,resource_stalls.any,6193255.0,62.0,nan,,ok
940.007474,2966513.0,,inst_retired.any:u,inst_retired.any,8997085.0,100.0,nan,,ok
940.007474,3878186.0,,cpu_clk_unhalted.thread:u,cpu_clk_unhalted.thread,8995454.0,100.0,nan,,ok
940.007474,572578.0,,br_inst_retired.all_branches:u,br_inst_retired.all_branches,7397197.0,82.0,nan,,ok
940.007474,36110.0,,br_misp_retired.all_branches:u,br_misp_retired.all_branches,5998107.0,66.0,nan,,ok
940.007474,881119.0,,mem_uops_retired.all_loads:u,mem_uops_retired.all_loads,5487925.0,61.0,nan,,ok
940.007474,267825.0,,mem_uops_retired.all_stores:u,mem_uops_retired.all_stores,8089780.0,100.0,nan,,ok
940.007474,35964.0,,longest_lat_cache.reference:u,longest_lat_cache.reference,8989334.0,100.0,nan,,ok
940.007474,5556.0,,longest_lat_cache.miss:u,longest_lat_cache.miss,8988107.0,100.0,nan,,ok
940.007474,14420.0,,offcore_requests.demand_data_rd:u,offcore_requests.demand_data_rd,8987681.0,100.0,nan,,ok
940.007474,294702.0,,resource_stalls.any:u,resource_stalls.any,8987345.0,100.0,nan,,ok
950.34314,3454067.0,,inst_retired.any:u,inst_retired.any,9438450.0,100.0,nan,,ok
950.34314,3964224.0,,cpu_clk_unhalted.thread:u,cpu_clk_unhalted.thread,9438159.0,100.0,nan,,ok
950.34314,771456.0,,br_inst_retired.all_branches:u,br_inst_retired.all_branches,9438279.0,100.0,nan,,ok
950.34314,32416.0,,br_misp_retired.all_branches:u,br_misp_retired.all_branches,8828491.0,93.0,nan,,ok
950.34314,945489.0,,mem_uops_retired.all_loads:u,mem_uops_retired.all_loads,7908294.0,83.0,nan,,ok
950.34314,280495.0,,mem_uops_retired.all_stores:u,mem_uops_retired.all_stores,6724182.0,74.0,nan,,ok
950.34314,38175.0,,longest_lat_cache.reference:u,longest_lat_cache.reference,5670316.0,66.0,nan,,ok
950.34314,772.0,,longest_lat_cache.miss:u,longest_lat_cache.miss,8614376.0,96.0,nan,,ok
950.34314,14903.0,,offcore_requests.demand_data_rd:u,offcore_requests.demand_data_rd,9437355.0,100.0,nan,,ok
950.34314,162898.0,,resource_stalls.any:u,resource_stalls.any,9436543.0,100.0,nan,,ok
960.632619,2553504.0,,inst_retired.any:u,inst_retired.any,7858884.0,100.0,nan,,ok
960.632619,2949114.0,,cpu_clk_unhalted.thread:u,cpu_clk_unhalted.thread,7859539.0,100.0,nan,,ok
960.632619,565987.0,,br_inst_retired.all_branches:u,br_inst_retired.all_branches,7859989.0,100.0,nan,,ok
960.632619,27027.0,,br_misp_retired.all_branches:u,br_misp_retired.all_branches,7860301.0,100.0,nan,,ok
960.632619,648026.0,,mem_uops_retired.all_loads:u,mem_uops_retired.all_loads,7860891.0,100.0,nan,,ok
960.632619,267218.0,,mem_uops_retired.all_stores:u,mem_uops_retired.all_stores,7861219.0,100.0,nan,,ok
960.632619,29009.0,,longest_lat_cache.reference:u,longest_lat_cache.reference,7064762.0,89.0,nan,,ok
960.632619,429.0,,longest_lat_cache.miss:u,longest_lat_cache.miss,6007506.0,76.0,nan,,ok
960.632619,9294.0,,offcore_requests.demand_data_rd:u,offcore_requests.demand_data_rd,4184562.0,53.0,nan,,ok
960.632619,113002.0,,resource_stalls.any:u,resource_stalls.any,6324517.0,93.0,nan,,ok
970.930389,2385514.0,,inst_retired.any:u,inst_retired.any,4092640.0,62.0,nan,,ok
970.930389,2950302.0,,cpu_clk_unhalted.thread:u,cpu_clk_unhalted.thread,5899485.0,89.0,nan,,ok
970.930389,605538.0,,br_inst_retired.all_branches:u,br_inst_retired.all_branches,7440450.0,100.0,nan,,ok
970.930389,27998.0,,br_misp_retired.all_branches:u,br_misp_retired.all_branches,7440639.0,100.0,nan,,ok
970.930389,670217.0,,mem_uops_retired.all_loads:u,mem_uops_retired.all_loads,7440485.0,100.0,nan,,ok
970.930389,267878.0,,mem_uops_retired.all_stores:u,mem_uops_retired.all_stores,7440691.0,100.0,nan,,ok
970.930389,31516.0,,longest_lat_cache.reference:u,longest_lat_cache.reference,7440591.0,100.0,nan,,ok
970.930389,790.0,,longest_lat_cache.miss:u,longest_lat_cache.miss,7440853.0,100.0,nan,,ok
970.930389,12403.0,,offcore_requests.demand_data_rd:u,offcore_requests.demand_data_rd,7269510.0,97.0,nan,,ok
970.930389,76110.0,,resource_stalls.any:u,resource_stalls.any,1742868.0,26.0,nan,,ok
981.236538,3585584.0,,inst_retired.any:u,inst_retired.any,9137523.0,97.0,nan,,ok
981.236538,3456073.0,,cpu_clk_unhalted.thread:u,cpu_clk_unhalted.thread,6136070.0,65.0,nan,,ok
981.236538,799686.0,,br_inst_retired.all_branches:u,br_inst_retired.all_branches,4816587.0,56.0,nan,,ok
981.236538,33281.0,,br_misp_retired.all_branches:u,br_misp_retired.all_branches,8008358.0,97.0,nan,,ok
981.236538,870938.0,,mem_uops_retired.all_loads:u,mem_uops_retired.all_loads,9369575.0,100.0,nan,,ok
981.236538,378146.0,,mem_uops_retired.all_stores:u,mem_uops_retired.all_stores,9370189.0,100.0,nan,,ok
981.236538,40131.0,,longest_lat_cache.reference:u,longest_lat_cache.reference,9370597.0,100.0,nan,,ok
981.236538,1567.0,,longest_lat_cache.miss:u,longest_lat_cache.miss,9370694.0,100.0,nan,,ok
981.236538,14953.0,,offcore_requests.demand_data_rd:u,offcore_requests.demand_data_rd,9371525.0,100.0,nan,,ok
981.236538,137569.0,,resource_stalls.any:u,resource_stalls.any,9143038.0,97.0,nan,,ok
991.536551,2715785.0,,inst_retired.any:u,inst_retired.any,8152244.0,100.0,nan,,ok
991.536551,3508177.0,,cpu_clk_unhalted.thread:u,cpu_clk_unhalted.thread,8146976.0,100.0,nan,,ok
991.536551,551003.0,,br_inst_retired.all_branches:u,br_inst_retired.all_branches,6170907.0,75.0,nan,,ok
991.536551,28579.0,,br_misp_retired.all_branches:u,br_misp_retired.all_branches,4548322.0,55.0,nan,,ok
991.536551,741852.0,,mem_uops_retired.all_loads:u,mem_uops_retired.all_loads,6000559.0,73.0,nan,,ok
991.536551,259736.0,,mem_uops_retired.all_stores:u,mem_uops_retired.all_stores,7688110.0,100.0,nan,,ok
991.536551,31685.0,,longest_lat_cache.reference:u,longest_lat_cache.reference,8126519.0,100.0,nan,,ok
991.536551,6299.0,,longest_lat_cache.miss:u,longest_lat_cache.miss,8122124.0,100.0,nan,,ok
991.536551,12833.0,,offcore_requests.demand_data_rd:u,offcore_requests.demand_data_rd,8117600.0,100.0,nan,,ok
991.536551,294245.0,,resource_stalls.any:u,resource_stalls.any,8112750.0,100.0,nan,,ok
1001.7922649999999,3934223.0,,inst_retired.any:u,inst_retired.any,9284749.0,100.0,nan,,ok
1001.7922649999999,5280810.0,,cpu_clk_unhalted.thread:u,cpu_clk_unhalted.thread,9284749.0,100.0,nan,,ok
1001.7922649999999,874697.0,,br_inst_retired.all_branches:u,br_inst_retired.all_branches,9284749.0,100.0,nan,,ok
1001.7922649999999,39639.0,,br_misp_retired.all_branches:u,br_misp_retired.all_branches,9125197.0,98.0,nan,,ok
1001.7922649999999,974188.0,,mem_uops_retired.all_loads:u,mem_uops_retired.all_loads,7108999.0,76.0,nan,,ok
1001.7922649999999,379418.0,,mem_uops_retired.all_stores:u,mem_uops_retired.all_stores,6620442.0,78.0,nan,,ok
1001.7922649999999,40081.0,,longest_lat_cache.reference:u,longest_lat_cache.reference,6637889.0,78.0,nan,,ok
1001.7922649999999,10986.0,,longest_lat_cache.miss:u,longest_lat_cache.miss,7646469.0,91.0,nan,,ok
1001.7922649999999,18026.0,,offcore_requests.demand_data_rd:u,offcore_requests.demand_data_rd,9284749.0,100.0,nan,,ok
1001.7922649999999,511122.0,,resource_stalls.any:u,resource_stalls.any,9284749.0,100.0,nan,,ok
1012.087913,2601269.0,,inst_retired.any:u,inst_retired.any,7049294.0,100.0,nan,,ok
1012.087913,4168233.0,,cpu_clk_unhalted.thread:u,cpu_clk_unhalted.thread,7054484.0,100.0,nan,,ok
1012.087913,564643.0,,br_inst_retired.all_branches:u,br_inst_retired.all_branches,7058582.0,100.0,nan,,ok
1012.087913,29259.0,,br_misp_retired.all_branches:u,br_misp_retired.all_branches,7063072.0,100.0,nan,,ok
1012.087913,671600.0,,mem_uops_retired.all_loads:u,mem_uops_retired.all_loads,7067555.0,100.0,nan,,ok
1012.087913,282308.0,,mem_uops_retired.all_stores:u,mem_uops_retired.all_stores,7072057.0,100.0,nan,,ok
1012.087913,29969.0,,longest_lat_cache.reference:u,longest_lat_cache.reference,4450575.0,62.0,nan,,ok
1012.087913,9607.0,,longest_lat_cache.miss:u,longest_lat_cache.miss,5036232.0,71.0,nan,,ok
1012.087913,12469.0,,offcore_requests.demand_data_rd:u,offcore_requests.demand_data_rd,5261448.0,74.0,nan,,ok
1012.087913,484262.0,,resource_stalls.any:u,resource_stalls.any,6497228.0,100.0,nan,,ok
1022.369407,4097075.0,,inst_retired.any:u,inst_retired.any,6928238.0,79.0,nan,,ok
1022.369407,5558973.0,,cpu_clk_unhalted.thread:u,cpu_clk_unhalted.thread,7825533.0,90.0,nan,,ok
1022.369407,856836.0,,br_inst_retired.all_branches:u,br_inst_retired.all_branches,8958209.0,96.0,nan,,ok
1022.369407,38208.0,,br_misp_retired.all_branches:u,br_misp_retired.all_branches,9267045.0,100.0,nan,,ok
1022.369407,954710.0,,mem_uops_retired.all_loads:u,mem_uops_retired.all_loads,9267408.0,100.0,nan,,ok
1022.369407,387872.0,,mem_uops_retired.all_stores:u,mem_uops_retired.all_stores,9268362.0,100.0,nan,,ok
1022.369407,44584.0,,longest_lat_cache.reference:u,longest_lat_cache.reference,9268894.0,100.0,nan,,ok
1022.369407,9506.0,,longest_lat_cache.miss:u,longest_lat_cache.miss,8911960.0,96.0,nan,,ok
1022.369407,17325.0,,offcore_requests.demand_data_rd:u,offcore_requests.demand_data_rd,6613162.0,76.0,nan,,ok
1022.369407,531048.0,,resource_stalls.any:u,resource_stalls.any,4794503.0,54.0,nan,,ok
1032.684448,3192061.0,,inst_retired.any:u,inst_retired.any,7478725.0,97.0,nan,,ok
1032.684448,4474072.0,,cpu_clk_unhalted.thread:u,cpu_clk_unhalted.thread,5750964.0,75.0,nan,,ok
1032.684448,650998.0,,br_inst_retired.all_branches:u,br_inst_retired.all_branches,4217894.0,59.0,nan,,ok
1032.684448,28814.0,,br_misp_retired.all_branches:u,br_misp_retired.all_branches,6042940.0,88.0,nan,,ok
1032.684448,741010.0,,mem_uops_retired.all_loads:u,mem_uops_retired.all_loads,7110201.0,100.0,nan,,ok
1032.684448,343349.0,,mem_uops_retired.all_stores:u,mem_uops_retired.all_stores,7635295.0,100.0,nan,,ok
1032.684448,35232.0,,longest_lat_cache.reference:u,longest_lat_cache.reference,7630611.0,100.0,nan,,ok
1032.684448,11448.0,,longest_lat_cache.miss:u,longest_lat_cache.miss,7626075.0,100.0,nan,,ok
1032.684448,13865.0,,offcore_requests.demand_data_rd:u,offcore_requests.demand_data_rd,7620471.0,100.0,nan,,ok
1032.684448,484203.0,,resource_stalls.any:u,resource_stalls.any,7434952.0,97.0,nan,,ok
1042.997937,3530154.0,,inst_retired.any:u,inst_retired.any,9148637.0,100.0,nan,,ok
1042.997937,4949867.0,,cpu_clk_unhalted.thread:u,cpu_clk_unhalted.thread,9154559.0,100.0,nan,,ok
1042.997937,711037.0,,br_inst_retired.all_branches:u,br_inst_retired.all_branches,8552493.0,93.0,nan,,ok
1042.997937,32365.0,,br_misp_retired.all_branches:u,br_misp_retired.all_branches,5432903.0,59.0,nan,,ok
1042.997937,1068918.0,,mem_uops_retired.all_loads:u,mem_uops_retired.all_loads,6014856.0,65.0,nan,,ok
1042.997937,296646.0,,mem_uops_retired.all_stores:u,mem_uops_retired.all_stores,7490827.0,99.0,nan,,ok
1042.997937,39939.0,,longest_lat_cache.reference:u,longest_lat_cache.reference,9174292.0,100.0,nan,,ok
1042.997937,10946.0,,longest_lat_cache.miss:u,longest_lat_cache.miss,9178047.0,100.0,nan,,ok
1042.997937,16488.0,,offcore_requests.demand_data_rd:u,offcore_requests.demand_data_rd,9182283.0,100.0,nan,,ok
1042.997937,514965.0,,resource_stalls.any:u,resource_stalls.any,9186839.0,100.0,nan,,ok
1053.3195369999999,3488335.0,,inst_retired.any:u,inst_retired.any,8728300.0,100.0,nan,,ok
1053.3195369999999,4564752.0,,cpu_clk_unhalted.thread:u,cpu_clk_unhalted.thread,8727741.0,100.0,nan,,ok
1053.3195369999999,768440.0,,br_inst_retired.all_branches:u,br_inst_retired.all_branches,8727587.0,100.0,nan,,ok
1053.3195369999999,31030.0,,br_misp_retired.all_branches:u,br_misp_retired.all_branches,8323496.0,95.0,nan,,ok
1053.3195369999999,808927.0,,mem_uops_retired.all_loads:u,mem_uops_retired.all_loads,6793956.0,77.0,nan,,ok
1053.3195369999999,375684.0,,mem_uops_retired.all_stores:u,mem_uops_retired.all_stores,5339098.0,66.0,nan,,ok
1053.3195369999999,34645.0,,longest_lat_cache.reference:u,longest_lat_cache.reference,6776002.0,85.0,nan,,ok
1053.3195369999999,9382.0,,longest_lat_cache.miss:u,longest_lat_cache.miss,7672196.0,96.0,nan,,ok
1053.3195369999999,14327.0,,offcore_requests.demand_data_rd:u,offcore_requests.demand_data_rd,8729408.0,100.0,nan,,ok
1053.3195369999999,357344.0,,resource_stalls.any:u,resource_stalls.any,8730591.0,100.0,nan,,ok
1063.632562,3881303.0,,inst_retired.any:u,inst_retired.any,8283639.0,100.0,nan,,ok
1063.632562,4578667.0,,cpu_clk_unhalted.thread:u,cpu_clk_unhalted.thread,8283940.0,100.0,nan,,ok
1063.632562,870954.0,,br_inst_retired.all_branches:u,br_inst_retired.all_branches,8285010.0,100.0,nan,,ok
1063.632562,38330.0,,br_misp_retired.all_branches:u,br_misp_retired.all_branches,8285082.0,100.0,nan,,ok
1063.632562,958454.0,,mem_uops_retired.all_loads:u,mem_uops_retired.all_loads,8285263.0,100.0,nan,,ok
1063.632562,384778.0,,mem_uops_retired.all_stores:u,mem_uops_retired.all_stores,8284342.0,100.0,nan,,ok
1063.632562,43450.0,,longest_lat_cache.reference:u,longest_lat_cache.reference,8284746.0,100.0,nan,,ok
1063.632562,8452.0,,longest_lat_cache.miss:u,longest_lat_cache.miss,2949343.0,35.0,nan,,ok
1063.632562,17049.0,,offcore_requests.demand_data_rd:u,offcore_requests.demand_data_rd,6546374.0,80.0,nan,,ok
1063.632562,215336.0,,resource_stalls.any:u,resource_stalls.any,7073737.0,100.0,nan,,ok
1073.938507,3244640.0,,inst_retired.any:u,inst_retired.any,7240321.0,100.0,nan,,ok
1073.938507,3822452.0,,cpu_clk_unhalted.thread:u,cpu_clk_unhalted.thread,7240714.0,100.0,nan,,ok
1073.938507,711830.0,,br_inst_retired.all_branches:u,br_inst_retired.all_branches,7240160.0,100.0,nan,,ok
1073.938507,33759.0,,br_misp_retired.all_branches:u,br_misp_retired.all_branches,7240391.0,100.0,nan,,ok
1073.938507,834785.0,,mem_uops_retired.all_loads:u,mem_uops_retired.all_loads,7240404.0,100.0,nan,,ok
1073.938507,349130.0,,mem_uops_retired.all_stores:u,mem_uops_retired.all_stores,7241093.0,100.0,nan,,ok
1073.938507,36293.0,,longest_lat_cache.reference:u,longest_lat_cache.reference,7240814.0,100.0,nan,,ok
1073.938507,2230.0,,longest_lat_cache.miss:u,longest_lat_cache.miss,1223758.0,16.0,nan,,ok
1073.938507,13633.0,,offcore_requests.demand_data_rd:u,offcore_requests.demand_data_rd,6239883.0,88.0,nan,,ok
1073.938507,173570.0,,resource_stalls.any:u,resource_stalls.any,7016958.0,100.0,nan,,ok
1084.251442,4377738.0,,inst_retired.any:u,inst_retired.any,6014420.0,74.0,nan,,ok
1084.251442,4388701.0,,cpu_clk_unhalted.thread:u,cpu_clk_unhalted.thread,7445874.0,89.0,nan,,ok
1084.251442,833728.0,,br_inst_retired.all_branches:u,br_inst_retired.all_branches,8133354.0,99.0,nan,,ok
1084.251442,34684.0,,br_misp_retired.all_branches:u,br_misp_retired.all_branches,8336676.0,100.0,nan,,ok
1084.251442,914090.0,,mem_uops_retired.all_loads:u,mem_uops_retired.all_loads,8336985.0,100.0,nan,,ok
1084.251442,369440.0,,mem_uops_retired.all_stores:u,mem_uops_retired.all_stores,8337122.0,100.0,nan,,ok
1084.251442,40559.0,,longest_lat_cache.reference:u,longest_lat_cache.reference,8337715.0,100.0,nan,,ok
1084.251442,4186.0,,longest_lat_cache.miss:u,longest_lat_cache.miss,7870624.0,94.0,nan,,ok
1084.251442,16867.0,,offcore_requests.demand_data_rd:u,offcore_requests.demand_data_rd,6381759.0,77.0,nan,,ok
1084.251442,242103.0,,resource_stalls.any:u,resource_stalls.any,3511480.0,43.0,nan,,ok
1094.5539509999999,4244228.0,,inst_retired.any:u,inst_retired.any,4553315.0,55.0,nan,,ok
1094.5539509999999,4147055.0,,cpu_clk_unhalted.thread:u,cpu_clk_unhalted.thread,7240650.0,100.0,nan,,ok
1094.5539509999999,870042.0,,br_inst_retired.all_branches:u,br_inst_retired.all_branches,8259642.0,100.0,nan,,ok
1094.5539509999999,40138.0,,br_misp_retired.all_branches:u,br_misp_retired.all_branches,8259639.0,100.0,nan,,ok
1094.5539509999999,1011702.0,,mem_uops_retired.all_loads:u,mem_uops_retired.all_loads,8259420.0,100.0,nan,,ok
1094.5539509999999,434841.0,,mem_uops_retired.all_stores:u,mem_uops_retired.all_stores,8259549.0,100.0,nan,,ok
1094.5539509999999,44106.0,,longest_lat_cache.reference:u,longest_lat_cache.reference,8259055.0,100.0,nan,,ok
1094.5539509999999,460.0,,longest_lat_cache.miss:u,longest_lat_cache.miss,8259663.0,100.0,nan,,ok
1094.5539509999999,17575.0,,offcore_requests.demand_data_rd:u,offcore_requests.demand_data_rd,8259541.0,100.0,nan,,ok
1094.5539509999999,137463.0,,resource_stalls.any:u,resource_stalls.any,1018916.0,12.0,nan,,ok
1104.891129,3506537.0,,inst_retired.any:u,inst_retired.any,6243677.0,92.0,nan,,ok
1104.891129,3550698.0,,cpu_clk_unhalted.thread:u,cpu_clk_unhalted.thread,5984057.0,89.0,nan,,ok
1104.891129,777729.0,,br_inst_retired.all_branches:u,br_inst_retired.all_branches,1532668.0,22.0,nan,,ok
1104.891129,33700.0,,br_misp_retired.all_branches:u,br_misp_retired.all_branches,6541402.0,100.0,nan,,ok
1104.891129,845526.0,,mem_uops_retired.all_loads:u,mem_uops_retired.all_loads,6757931.0,100.0,nan,,ok
1104.891129,365276.0,,mem_uops_retired.all_stores:u,mem_uops_retired.all_stores,6752899.0,100.0,nan,,ok
1104.891129,37290.0,,longest_lat_cache.reference:u,longest_lat_cache.reference,6748475.0,100.0,nan,,ok
1104.891129,583.0,,longest_lat_cache.miss:u,longest_lat_cache.miss,6743128.0,100.0,nan,,ok
1104.891129,13873.0,,offcore_requests.demand_data_rd:u,offcore_requests.demand_data_rd,6737977.0,100.0,nan,,ok
1104.891129,161032.0,,resource_stalls.any:u,resource_stalls.any,6243677.0,92.0,nan,,ok
1115.19528,4002802.0,,inst_retired.any:u,inst_retired.any,8139571.0,100.0,nan,,ok
1115.19528,4508807.0,,cpu_clk_unhalted.thread:u,cpu_clk_unhalted.thread,8145169.0,100.0,nan,,ok
1115.19528,771003.0,,br_inst_retired.all_branches:u,br_inst_retired.all_branches,6659664.0,81.0,nan,,ok
1115.19528,36435.0,,br_misp_retired.all_branches:u,br_misp_retired.all_branches,4692761.0,57.0,nan,,ok
1115.19528,897000.0,,mem_uops_retired.all_loads:u,mem_uops_retired.all_loads,5407523.0,84.0,nan,,ok
1115.19528,402117.0,,mem_uops_retired.all_stores:u,mem_uops_retired.all_stores,7709768.0,100.0,nan,,ok
1115.19528,44083.0,,longest_lat_cache.reference:u,longest_lat_cache.reference,8166984.0,100.0,nan,,ok
1115.19528,755.0,,longest_lat_cache.miss:u,longest_lat_cache.miss,8171656.0,100.0,nan,,ok
1115.19528,17265.0,,offcore_requests.demand_data_rd:u,offcore_requests.demand_data_rd,8177661.0,100.0,nan,,ok
1115.19528,200635.0,,resource_stalls.any:u,resource_stalls.any,8182526.0,100.0,nan,,ok
1125.5214680000001,3234733.0,,inst_retired.any:u,inst_retired.any,9197883.0,100.0,nan,,ok
1125.5214680000001,4349906.0,,cpu_clk_unhalted.thread:u,cpu_clk_unhalted.thread,9192285.0,100.0,nan,,ok
1125.5214680000001,700625.0,,br_inst_retired.all_branches:u,br_inst_retired.all_branches,9187723.0,100.0,nan,,ok
1125.5214680000001,38710.0,,br_misp_retired.all_branches:u,br_misp_retired.all_branches,7438879.0,80.0,nan,,ok
1125.5214680000001,844808.0,,mem_uops_retired.all_loads:u,mem_uops_retired.all_loads,9052216.0,99.0,nan,,ok
1125.5214680000001,260350.0,,mem_uops_retired.all_stores:u,mem_uops_retired.all_stores,7114703.0,77.0,nan,,ok
1125.5214680000001,43699.0,,longest_lat_cache.reference:u,longest_lat_cache.reference,7092963.0,77.0,nan,,ok
1125.5214680000001,4877.0,,longest_lat_cache.miss:u,longest_lat_cache.miss,7232963.0,78.0,nan,,ok
1125.5214680000001,13812.0,,offcore_requests.demand_data_rd:u,offcore_requests.demand_data_rd,7919260.0,100.0,nan,,ok
1125.5214680000001,246349.0,,resource_stalls.any:u,resource_stalls.any,9154928.0,100.0,nan,,ok
1135.8344730000001,4293430.0,,inst_retired.any:u,inst_retired.any,6192291.0,68.0,nan,,ok
1135.8344730000001,4655614.0,,cpu_clk_unhalted.thread:u,cpu_clk_unhalted.thread,8368937.0,91.0,nan,,ok
1135.8344730000001,845801.0,,br_inst_retired.all_branches:u,br_inst_retired.all_branches,8843827.0,91.0,nan,,ok
1135.8344730000001,40090.0,,br_misp_retired.all_branches:u,br_misp_retired.all_branches,9623243.0,100.0,nan,,ok
1135.8344730000001,929813.0,,mem_uops_retired.all_loads:u,mem_uops_retired.all_loads,9627563.0,100.0,nan,,ok
1135.8344730000001,368690.0,,mem_uops_retired.all_stores:u,mem_uops_retired.all_stores,9632022.0,100.0,nan,,ok
1135.8344730000001,44128.0,,longest_lat_cache.reference:u,longest_lat_cache.reference,9636492.0,100.0,nan,,ok
1135.8344730000001,2516.0,,longest_lat_cache.miss:u,longest_lat_cache.miss,9414268.0,97.0,nan,,ok
1135.8344730000001,16359.0,,offcore_requests.demand_data_rd:u,offcore_requests.demand_data_rd,8159862.0,84.0,nan,,ok
1135.8344730000001,244758.0,,resource_stalls.any:u,resource_stalls.any,3764168.0,41.0,nan,,ok
1146.163229,3643072.0,,inst_retired.any:u,inst_retired.any,9804200.0,98.0,nan,,ok
1146.163229,3997435.0,,cpu_clk_unhalted.thread:u,cpu_clk_unhalted.thread,8520537.0,85.0,nan,,ok
1146.163229,778443.0,,br_inst_retired.all_branches:u,br_inst_retired.all_branches,6925957.0,69.0,nan,,ok
1146.163229,36732.0,,br_misp_retired.all_branches:u,br_misp_retired.all_branches,7283617.0,78.0,nan,,ok
1146.163229,969426.0,,mem_uops_retired.all_loads:u,mem_uops_retired.all_loads,8196489.0,82.0,nan,,ok
1146.163229,374759.0,,mem_uops_retired.all_stores:u,mem_uops_retired.all_stores,8986668.0,98.0,nan,,ok
1146.163229,38197.0,,longest_lat_cache.reference:u,longest_lat_cache.reference,9941862.0,100.0,nan,,ok
1146.163229,4502.0,,longest_lat_cache.miss:u,longest_lat_cache.miss,9940718.0,100.0,nan,,ok
1146.163229,14833.0,,offcore_requests.demand_data_rd:u,offcore_requests.demand_data_rd,9939804.0,100.0,nan,,ok
1146.163229,267465.0,,resource_stalls.any:u,resource_stalls.any,9795912.0,98.0,nan,,ok
1156.4613020000002,2523214.0,,inst_retired.any:u,inst_retired.any,6657083.0,100.0,nan,,ok
1156.4613020000002,2943702.0,,cpu_clk_unhalted.thread:u,cpu_clk_unhalted.thread,6656319.0,100.0,nan,,ok
1156.4613020000002,567026.0,,br_inst_retired.all_branches:u,br_inst_retired.all_branches,6656392.0,100.0,nan,,ok
1156.4613020000002,26990.0,,br_misp_retired.all_branches:u,br_misp_retired.all_branches,6445094.0,96.0,nan,,ok
1156.4613020000002,528144.0,,mem_uops_retired.all_loads:u,mem_uops_retired.all_loads,6224725.0,93.0,nan,,ok
1156.4613020000002,302351.0,,mem_uops_retired.all_stores:u,mem_uops_retired.all_stores,4642357.0,69.0,nan,,ok
1156.4613020000002,29133.0,,longest_lat_cache.reference:u,longest_lat_cache.reference,3783242.0,64.0,nan,,ok
1156.4613020000002,987.0,,longest_lat_cache.miss:u,longest_lat_cache.miss,5653789.0,84.0,nan,,ok
1156.4613020000002,11787.0,,offcore_requests.demand_data_rd:u,offcore_requests.demand_data_rd,6525705.0,100.0,nan,,ok
1156.4613020000002,131542.0,,resource_stalls.any:u,resource_stalls.any,6654611.0,100.0,nan,,ok
1166.727565,2537232.0,,inst_retired.any:u,inst_retired.any,7520202.0,100.0,nan,,ok
1166.727565,3676586.0,,cpu_clk_unhalted.thread:u,cpu_clk_unhalted.thread,8250073.0,100.0,nan,,ok
1166.727565,613590.0,,br_inst_retired.all_branches:u,br_inst_retired.all_branches,8250095.0,100.0,nan,,ok
1166.727565,30338.0,,br_misp_retired.all_branches:u,br_misp_retired.all_branches,8250856.0,100.0,nan,,ok
1166.727565,694806.0,,mem_uops_retired.all_loads:u,mem_uops_retired.all_loads,8250906.0,100.0,nan,,ok
1166.727565,267263.0,,mem_uops_retired.all_stores:u,mem_uops_retired.all_stores,8251462.0,100.0,nan,,ok
1166.727565,31819.0,,longest_lat_cache.reference:u,longest_lat_cache.reference,7652760.0,92.0,nan,,ok
1166.727565,5266.0,,longest_lat_cache.miss:u,longest_lat_cache.miss,6256975.0,75.0,nan,,ok
1166.727565,11216.0,,offcore_requests.demand_data_rd:u,offcore_requests.demand_data_rd,4737455.0,57.0,nan,,ok
1166.727565,300013.0,,resource_stalls.any:u,resource_stalls.any,6106057.0,82.0,nan,,ok
1177.081976,2722842.0,,inst_retired.any:u,inst_retired.any,5049667.0,85.0,nan,,ok
1177.081976,3307370.0,,cpu_clk_unhalted.thread:u,cpu_clk_unhalted.thread,7706709.0,99.0,nan,,ok
1177.081976,654384.0,,br_inst_retired.all_branches:u,br_inst_retired.all_branches,7735623.0,100.0,nan,,ok
1177.081976,29729.0,,br_misp_retired.all_branches:u,br_misp_retired.all_branches,7735151.0,100.0,nan,,ok
1177.081976,745715.0,,mem_uops_retired.all_loads:u,mem_uops_retired.all_loads,7735069.0,100.0,nan,,ok
1177.081976,323604.0,,mem_uops_retired.all_stores:u,mem_uops_retired.all_stores,7735210.0,100.0,nan,,ok
1177.081976,31703.0,,longest_lat_cache.reference:u,longest_lat_cache.reference,7735446.0,100.0,nan,,ok
1177.081976,491.0,,longest_lat_cache.miss:u,longest_lat_cache.miss,7734918.0,100.0,nan,,ok
1177.081976,13044.0,,offcore_requests.demand_data_rd:u,offcore_requests.demand_data_rd,5612245.0,72.0,nan,,ok
1177.081976,111436.0,,resource_stalls.any:u,resource_stalls.any,2180549.0,37.0,nan,,ok
1187.4138130000001,1324367.0,,inst_retired.any:u,inst_retired.any,3130320.0,45.0,nan,,ok
1187.4138130000001,2898264.0,,cpu_clk_unhalted.thread:u,cpu_clk_unhalted.thread,4895893.0,81.0,nan,,ok
1187.4138130000001,508732.0,,br_inst_retired.all_branches:u,br_inst_retired.all_branches,5853943.0,100.0,nan,,ok
1187.4138130000001,24322.0,,br_misp_retired.all_branches:u,br_misp_retired.all_branches,6839364.0,100.0,nan,,ok
1187.4138130000001,608801.0,,mem_uops_retired.all_loads:u,mem_uops_retired.all_loads,6835892.0,100.0,nan,,ok
1187.4138130000001,248954.0,,mem_uops_retired.all_stores:u,mem_uops_retired.all_stores,6832027.0,100.0,nan,,ok
1187.4138130000001,27953.0,,longest_lat_cache.reference:u,longest_lat_cache.reference,6827957.0,100.0,nan,,ok
1187.4138130000001,948.0,,longest_lat_cache.miss:u,longest_lat_cache.miss,6824772.0,100.0,nan,,ok
1187.4138130000001,10707.0,,offcore_requests.demand_data_rd:u,offcore_requests.demand_data_rd,6821103.0,100.0,nan,,ok
1187.4138130000001,78626.0,,resource_stalls.any:u,resource_stalls.any,2909854.0,42.0,nan,,ok
1197.9300250000001,2523223.0,,inst_retired.any:u,inst_retired.any,6990266.0,79.0,nan,,ok
1197.9300250000001,3550398.0,,cpu_clk_unhalted.thread:u,cpu_clk_unhalted.thread,7405705.0,84.0,nan,,ok
1197.9300250000001,537199.0,,br_inst_retired.all_branches:u,br_inst_retired.all_branches,6014162.0,76.0,nan,,ok
1197.9300250000001,31127.0,,br_misp_retired.all_branches:u,br_misp_retired.all_branches,7506960.0,88.0,nan,,ok
1197.9300250000001,760472.0,,mem_uops_retired.all_loads:u,mem_uops_retired.all_loads,7932873.0,90.0,nan,,ok
1197.9300250000001,273407.0,,mem_uops_retired.all_stores:u,mem_uops_retired.all_stores,7989668.0,100.0,nan,,ok
1197.9300250000001,35458.0,,longest_lat_cache.reference:u,longest_lat_cache.reference,8779447.0,100.0,nan,,ok
1197.9300250000001,512.0,,longest_lat_cache.miss:u,longest_lat_cache.miss,8783045.0,100.0,nan,,ok
1197.9300250000001,13906.0,,offcore_requests.demand_data_rd:u,offcore_requests.demand_data_rd,8787055.0,100.0,nan,,ok
1197.9300250000001,121467.0,,resource_stalls.any:u,resource_stalls.any,7022849.0,79.0,nan,,ok
1208.77759,3530116.0,,inst_retired.any:u,inst_retired.any,8626410.0,100.0,nan,,ok
1208.77759,4034744.0,,cpu_clk_unhalted.thread:u,cpu_clk_unhalted.thread,8627055.0,100.0,nan,,ok
1208.77759,785926.0,,br_inst_retired.all_branches:u,br_inst_retired.all_branches,8494398.0,98.0,nan,,ok
1208.77759,33367.0,,br_misp_retired.all_branches:u,br_misp_retired.all_branches,6701115.0,77.0,nan,,ok
1208.77759,841561.0,,mem_uops_retired.all_loads:u,mem_uops_retired.all_loads,6555564.0,75.0,nan,,ok
1208.77759,372562.0,,mem_uops_retired.all_stores:u,mem_uops_retired.all_stores,5776128.0,74.0,nan,,ok
1208.77759,36660.0,,longest_lat_cache.reference:u,longest_lat_cache.reference,7800513.0,90.0,nan,,ok
1208.77759,4122.0,,longest_lat_cache.miss:u,longest_lat_cache.miss,7802460.0,100.0,nan,,ok
1208.77759,13580.0,,offcore_requests.demand_data_rd:u,offcore_requests.demand_data_rd,8629253.0,100.0,nan,,ok
1208.77759,211684.0,,resource_stalls.any:u,resource_stalls.any,8629589.0,100.0,nan,,ok
1219.1641470000002,2905271.0,,inst_retired.any:u,inst_retired.any,7552077.0,100.0,nan,,ok
1219.1641470000002,3161820.0,,cpu_clk_unhalted.thread:u,cpu_clk_unhalted.thread,7553002.0,100.0,nan,,ok
1219.1641470000002,657904.0,,br_inst_retired.all_branches:u,br_inst_retired.all_branches,7552957.0,100.0,nan,,ok
1219.1641470000002,27801.0,,br_misp_retired.all_branches:u,br_misp_retired.all_branches,7553260.0,100.0,nan,,ok
1219.1641470000002,702159.0,,mem_uops_retired.all_loads:u,mem_uops_retired.all_loads,7553519.0,100.0,nan,,ok
1219.1641470000002,279722.0,,mem_uops_retired.all_stores:u,mem_uops_retired.all_stores,6933348.0,91.0,nan,,ok
1219.1641470000002,34571.0,,longest_lat_cache.reference:u,longest_lat_cache.reference,4776994.0,63.0,nan,,ok
1219.1641470000002,918.0,,longest_lat_cache.miss:u,longest_lat_cache.miss,4976014.0,65.0,nan,,ok
1219.1641470000002,9921.0,,offcore_requests.demand_data_rd:u,offcore_requests.demand_data_rd,5967127.0,100.0,nan,,ok
1219.1641470000002,162670.0,,resource_stalls.any:u,resource_stalls.any,7551659.0,100.0,nan,,ok
1229.471654,2733964.0,,inst_retired.any:u,inst_retired.any,7188406.0,94.0,nan,,ok
1229.471654,3321163.0,,cpu_clk_unhalted.thread:u,cpu_clk_unhalted.thread,8509867.0,100.0,nan,,ok
1229.471654,625800.0,,br_inst_retired.all_branches:u,br_inst_retired.all_branches,8506352.0,100.0,nan,,ok
1229.471654,29633.0,,br_misp_retired.all_branches:u,br_misp_retired.all_branches,8502291.0,100.0,nan,,ok
1229.471654,722922.0,,mem_uops_retired.all_loads:u,mem_uops_retired.all_loads,8498495.0,100.0,nan,,ok
1229.471654,294724.0,,mem_uops_retired.all_stores:u,mem_uops_retired.all_stores,8494927.0,100.0,nan,,ok
1229.471654,31397.0,,longest_lat_cache.reference:u,longest_lat_cache.reference,8491145.0,100.0,nan,,ok
1229.471654,476.0,,longest_lat_cache.miss:u,longest_lat_cache.miss,7428996.0,87.0,nan,,ok
1229.471654,11721.0,,offcore_requests.demand_data_rd:u,offcore_requests.demand_data_rd,5927789.0,69.0,nan,,ok
1229.471654,133190.0,,resource_stalls.any:u,resource_stalls.any,3609211.0,53.0,nan,,ok
1239.764256,2326756.0,,inst_retired.any:u,inst_retired.any,6787398.0,79.0,nan,,ok
1239.764256,3103938.0,,cpu_clk_unhalted.thread:u,cpu_clk_unhalted.thread,6211321.0,81.0,nan,,ok
1239.764256,679635.0,,br_inst_retired.all_branches:u,br_inst_retired.all_branches,6367996.0,74.0,nan,,ok
1239.764256,30141.0,,br_misp_retired.all_branches:u,br_misp_retired.all_branches,7007842.0,90.0,nan,,ok
1239.764256,719672.0,,mem_uops_retired.all_loads:u,mem_uops_retired.all_loads,7830234.0,91.0,nan,,ok
1239.764256,305749.0,,mem_uops_retired.all_stores:u,mem_uops_retired.all_stores,8543269.0,100.0,nan,,ok
1239.764256,35850.0,,longest_lat_cache.reference:u,longest_lat_cache.reference,8546435.0,100.0,nan,,ok
1239.764256,2292.0,,longest_lat_cache.miss:u,longest_lat_cache.miss,8549790.0,100.0,nan,,ok
1239.764256,14311.0,,offcore_requests.demand_data_rd:u,offcore_requests.demand_data_rd,8553337.0,100.0,nan,,ok
1239.764256,184723.0,,resource_stalls.any:u,resource_stalls.any,6740466.0,78.0,nan,,ok
1250.057258,3770146.0,,inst_retired.any:u,inst_retired.any,9083865.0,100.0,nan,,ok
1250.057258,4130712.0,,cpu_clk_unhalted.thread:u,cpu_clk_unhalted.thread,9105288.0,100.0,nan,,ok
1250.057258,763055.0,,br_inst_retired.all_branches:u,br_inst_retired.all_branches,7033663.0,77.0,nan,,ok
1250.057258,32392.0,,br_misp_retired.all_branches:u,br_misp_retired.all_branches,5517235.0,60.0,nan,,ok
1250.057258,946602.0,,mem_uops_retired.all_loads:u,mem_uops_retired.all_loads,7008015.0,84.0,nan,,ok
1250.057258,378836.0,,mem_uops_retired.all_stores:u,mem_uops_retired.all_stores,8237803.0,91.0,nan,,ok
1250.057258,37281.0,,longest_lat_cache.reference:u,longest_lat_cache.reference,8625280.0,100.0,nan,,ok
1250.057258,1503.0,,longest_lat_cache.miss:u,longest_lat_cache.miss,9105748.0,100.0,nan,,ok
1250.057258,14755.0,,offcore_requests.demand_data_rd:u,offcore_requests.demand_data_rd,9105861.0,100.0,nan,,ok
1250.057258,191193.0,,resource_stalls.any:u,resource_stalls.any,9105445.0,100.0,nan,,ok
1260.374758,3117620.0,,inst_retired.any:u,inst_retired.any,7984912.0,100.0,nan,,ok
1260.374758,4009931.0,,cpu_clk_unhalted.thread:u,cpu_clk_unhalted.thread,7964880.0,100.0,nan,,ok
1260.374758,686757.0,,br_inst_retired.all_branches:u,br_inst_retired.all_branches,7965191.0,100.0,nan,,ok
1260.374758,27142.0,,br_misp_retired.all_branches:u,br_misp_retired.all_branches,7510127.0,94.0,nan,,ok
1260.374758,779399.0,,mem_uops_retired.all_loads:u,mem_uops_retired.all_loads,5614455.0,70.0,nan,,ok
1260.374758,309182.0,,mem_uops_retired.all_stores:u,mem_uops_retired.all_stores,4796611.0,64.0,nan,,ok
1260.374758,29357.0,,longest_lat_cache.reference:u,longest_lat_cache.reference,6313081.0,89.0,nan,,ok
1260.374758,7995.0,,longest_lat_cache.miss:u,longest_lat_cache.miss,7630698.0,95.0,nan,,ok
1260.374758,13181.0,,offcore_requests.demand_data_rd:u,offcore_requests.demand_data_rd,7970854.0,100.0,nan,,ok
1260.374758,356349.0,,resource_stalls.any:u,resource_stalls.any,7972059.0,100.0,nan,,ok
1270.6777730000001,2792577.0,,inst_retired.any:u,inst_retired.any,8057967.0,100.0,nan,,ok
1270.6777730000001,4089284.0,,cpu_clk_unhalted.thread:u,cpu_clk_unhalted.thread,8057485.0,100.0,nan,,ok
1270.6777730000001,627560.0,,br_inst_retired.all_branches:u,br_inst_retired.all_branches,8056960.0,100.0,nan,,ok
1270.6777730000001,26394.0,,br_misp_retired.all_branches:u,br_misp_retired.all_branches,8056019.0,100.0,nan,,ok
1270.6777730000001,692075.0,,mem_uops_retired.all_loads:u,mem_uops_retired.all_loads,8055678.0,100.0,nan,,ok
1270.6777730000001,265776.0,,mem_uops_retired.all_stores:u,mem_uops_retired.all_stores,7554532.0,93.0,nan,,ok
1270.6777730000001,32067.0,,longest_lat_cache.reference:u,longest_lat_cache.reference,4441272.0,55.0,nan,,ok
1270.6777730000001,14425.0,,longest_lat_cache.miss:u,longest_lat_cache.miss,5922574.0,73.0,nan,,ok
1270.6777730000001,10969.0,,offcore_requests.demand_data_rd:u,offcore_requests.demand_data_rd,6303042.0,79.0,nan,,ok
1270.6777730000001,442184.0,,resource_stalls.any:u,resource_stalls.any,7990933.0,100.0,nan,,ok
1280.976944,3308478.0,,inst_retired.any:u,inst_retired.any,5996204.0,68.0,nan,,ok
1280.976944,5536257.0,,cpu_clk_unhalted.thread:u,cpu_clk_unhalted.thread,7892552.0,91.0,nan,,ok
1280.976944,796317.0,,br_inst_retired.all_branches:u,br_inst_retired.all_branches,7824498.0,100.0,nan,,ok
1280.976944,34356.0,,br_misp_retired.all_branches:u,br_misp_retired.all_branches,8705971.0,100.0,nan,,ok
1280.976944,910830.0,,mem_uops_retired.all_loads:u,mem_uops_retired.all_loads,8702045.0,100.0,nan,,ok
1280.976944,386500.0,,mem_uops_retired.all_stores:u,mem_uops_retired.all_stores,8698164.0,100.0,nan,,ok
1280.976944,36229.0,,longest_lat_cache.reference:u,longest_lat_cache.reference,8694657.0,100.0,nan,,ok
1280.976944,14167.0,,longest_lat_cache.miss:u,longest_lat_cache.miss,8658377.0,99.0,nan,,ok
1280.976944,14565.0,,offcore_requests.demand_data_rd:u,offcore_requests.demand_data_rd,6356685.0,73.0,nan,,ok
1280.976944,505450.0,,resource_stalls.any:u,resource_stalls.any,4066196.0,47.0,nan,,ok
1291.2727129999998,2632780.0,,inst_retired.any:u,inst_retired.any,5371646.0,79.0,nan,,ok
1291.2727129999998,3554234.0,,cpu_clk_unhalted.thread:u,cpu_clk_unhalted.thread,3750679.0,55.0,nan,,ok
1291.2727129999998,581639.0,,br_inst_retired.all_branches:u,br_inst_retired.all_branches,5003745.0,82.0,nan,,ok
1291.2727129999998,25356.0,,br_misp_retired.all_branches:u,br_misp_retired.all_branches,6076839.0,100.0,nan,,ok
1291.2727129999998,655185.0,,mem_uops_retired.all_loads:u,mem_uops_retired.all_loads,6745421.0,100.0,nan,,ok
1291.2727129999998,277272.0,,mem_uops_retired.all_stores:u,mem_uops_retired.all_stores,6749652.0,100.0,nan,,ok
1291.2727129999998,31759.0,,longest_lat_cache.reference:u,longest_lat_cache.reference,6753859.0,100.0,nan,,ok
1291.2727129999998,8212.0,,longest_lat_cache.miss:u,longest_lat_cache.miss,6758558.0,100.0,nan,,ok
1291.2727129999998,12806.0,,offcore_requests.demand_data_rd:u,offcore_requests.demand_data_rd,6762661.0,100.0,nan,,ok
1291.2727129999998,437131.0,,resource_stalls.any:u,resource_stalls.any,5409579.0,79.0,nan,,ok
1301.548581,4972089.0,,inst_retired.any:u,inst_retired.any,9210403.0,100.0,nan,,ok
1301.548581,6095847.0,,cpu_clk_unhalted.thread:u,cpu_clk_unhalted.thread,9211070.0,100.0,nan,,ok
1301.548581,1036723.0,,br_inst_retired.all_branches:u,br_inst_retired.all_branches,7575430.0,82.0,nan,,ok
1301.548581,49215.0,,br_misp_retired.all_branches:u,br_misp_retired.all_branches,6057537.0,65.0,nan,,ok
1301.548581,924319.0,,mem_uops_retired.all_loads:u,mem_uops_retired.all_loads,5948046.0,82.0,nan,,ok
1301.548581,503463.0,,mem_uops_retired.all_stores:u,mem_uops_retired.all_stores,8321389.0,90.0,nan,,ok
1301.548581,56292.0,,longest_lat_cache.reference:u,longest_lat_cache.reference,8932218.0,100.0,nan,,ok
1301.548581,4634.0,,longest_lat_cache.miss:u,longest_lat_cache.miss,9208899.0,100.0,nan,,ok
1301.548581,22986.0,,offcore_requests.demand_data_rd:u,offcore_requests.demand_data_rd,9209343.0,100.0,nan,,ok
1301.548581,483466.0,,resource_stalls.any:u,resource_stalls.any,9209971.0,100.0,nan,,ok
1311.826443,3815017.0,,inst_retired.any:u,inst_retired.any,8557386.0,100.0,nan,,ok
1311.826443,5068090.0,,cpu_clk_unhalted.thread:u,cpu_clk_unhalted.thread,8556675.0,100.0,nan,,ok
1311.826443,839414.0,,br_inst_retired.all_branches:u,br_inst_retired.all_branches,8556289.0,100.0,nan,,ok
1311.826443,36779.0,,br_misp_retired.all_branches:u,br_misp_retired.all_branches,8555756.0,100.0,nan,,ok
1311.826443,761649.0,,mem_uops_retired.all_loads:u,mem_uops_retired.all_loads,7604561.0,88.0,nan,,ok
1311.826443,364139.0,,mem_uops_retired.all_stores:u,mem_uops_retired.all_stores,6140359.0,71.0,nan,,ok
1311.826443,45546.0,,longest_lat_cache.reference:u,longest_lat_cache.reference,5808178.0,67.0,nan,,ok
1311.826443,11134.0,,longest_lat_cache.miss:u,longest_lat_cache.miss,6570362.0,82.0,nan,,ok
1311.826443,15779.0,,offcore_requests.demand_data_rd:u,offcore_requests.demand_data_rd,8083473.0,100.0,nan,,ok
1311.826443,429354.0,,resource_stalls.any:u,resource_stalls.any,8550421.0,100.0,nan,,ok
1322.092257,5387064.0,,inst_retired.any:u,inst_retired.any,8879716.0,100.0,nan,,ok
1322.092257,6225760.0,,cpu_clk_unhalted.thread:u,cpu_clk_unhalted.thread,8880534.0,100.0,nan,,ok
1322.092257,1227288.0,,br_inst_retired.all_branches:u,br_inst_retired.all_branches,8881375.0,100.0,nan,,ok
1322.092257,46612.0,,br_misp_retired.all_branches:u,br_misp_retired.all_branches,8882464.0,100.0,nan,,ok
1322.092257,1284089.0,,mem_uops_retired.all_loads:u,mem_uops_retired.all_loads,8882607.0,100.0,nan,,ok
1322.092257,525131.0,,mem_uops_retired.all_stores:u,mem_uops_retired.all_stores,7176713.0,80.0,nan,,ok
1322.092257,44425.0,,longest_lat_cache.reference:u,longest_lat_cache.reference,6261268.0,70.0,nan,,ok
1322.092257,10658.0,,longest_lat_cache.miss:u,longest_lat_cache.miss,6278930.0,74.0,nan,,ok
1322.092257,18039.0,,offcore_requests.demand_data_rd:u,offcore_requests.demand_data_rd,7111525.0,89.0,nan,,ok
1322.092257,515481.0,,resource_stalls.any:u,resource_stalls.any,8708249.0,100.0,nan,,ok
1332.782699,9038597.0,,inst_retired.any:u,inst_retired.any,7412326.0,82.0,nan,,ok
1332.782699,8468472.0,,cpu_clk_unhalted.thread:u,cpu_clk_unhalted.thread,8281491.0,92.0,nan,,ok
1332.782699,2020642.0,,br_inst_retired.all_branches:u,br_inst_retired.all_branches,8292008.0,92.0,nan,,ok
1332.782699,66919.0,,br_misp_retired.all_branches:u,br_misp_retired.all_branches,8976653.0,100.0,nan,,ok
1332.782699,2083311.0,,mem_uops_retired.all_loads:u,mem_uops_retired.all_loads,8973112.0,100.0,nan,,ok
1332.782699,1068825.0,,mem_uops_retired.all_stores:u,mem_uops_retired.all_stores,8969520.0,100.0,nan,,ok
1332.782699,52758.0,,longest_lat_cache.reference:u,longest_lat_cache.reference,8965936.0,100.0,nan,,ok
1332.782699,8486.0,,longest_lat_cache.miss:u,longest_lat_cache.miss,6964835.0,77.0,nan,,ok
1332.782699,21625.0,,offcore_requests.demand_data_rd:u,offcore_requests.demand_data_rd,6195828.0,69.0,nan,,ok
1332.782699,601826.0,,resource_stalls.any:u,resource_stalls.any,6146310.0,76.0,nan,,ok
1343.039376,2884335.0,,inst_retired.any:u,inst_retired.any,7602838.0,89.0,nan,,ok
1343.039376,4844137.0,,cpu_clk_unhalted.thread:u,cpu_clk_unhalted.thread,6082968.0,71.0,nan,,ok
1343.039376,674900.0,,br_inst_retired.all_branches:u,br_inst_retired.all_branches,6381766.0,76.0,nan,,ok
1343.039376,30832.0,,br_misp_retired.all_branches:u,br_misp_retired.all_branches,6266291.0,84.0,nan,,ok
1343.039376,779527.0,,mem_uops_retired.all_loads:u,mem_uops_retired.all_loads,7651488.0,89.0,nan,,ok
1343.039376,244233.0,,mem_uops_retired.all_stores:u,mem_uops_retired.all_stores,8509009.0,100.0,nan,,ok
1343.039376,43649.0,,longest_lat_cache.reference:u,longest_lat_cache.reference,8541960.0,100.0,nan,,ok
1343.039376,11481.0,,longest_lat_cache.miss:u,longest_lat_cache.miss,8546107.0,100.0,nan,,ok
1343.039376,21614.0,,offcore_requests.demand_data_rd:u,offcore_requests.demand_data_rd,8550029.0,100.0,nan,,ok
1343.039376,541371.0,,resource_stalls.any:u,resource_stalls.any,7667306.0,89.0,nan,,ok
1353.346469,6602046.0,,inst_retired.any:u,inst_retired.any,8945912.0,89.0,nan,,ok
1353.346469,7265504.0,,cpu_clk_unhalted.thread:u,cpu_clk_unhalted.thread,9948917.0,100.0,nan,,ok
1353.346469,1383172.0,,br_inst_retired.all_branches:u,br_inst_retired.all_branches,9950111.0,100.0,nan,,ok
1353.346469,55864.0,,br_misp_retired.all_branches:u,br_misp_retired.all_branches,8746605.0,87.0,nan,,ok
1353.346469,1557669.0,,mem_uops_retired.all_loads:u,mem_uops_retired.all_loads,8255470.0,82.0,nan,,ok
1353.346469,690877.0,,mem_uops_retired.all_stores:u,mem_uops_retired.all_stores,7928931.0,89.0,nan,,ok
1353.346469,89042.0,,longest_lat_cache.reference:u,longest_lat_cache.reference,8923402.0,89.0,nan,,ok
1353.346469,14404.0,,longest_lat_cache.miss:u,longest_lat_cache.miss,8928246.0,89.0,nan,,ok
1353.346469,56581.0,,offcore_requests.demand_data_rd:u,offcore_requests.demand_data_rd,8922580.0,89.0,nan,,ok
1353.346469,1313489.0,,resource_stalls.any:u,resource_stalls.any,7880833.0,79.0,nan,,ok
1363.634108,4639591.0,,inst_retired.any:u,inst_retired.any,9226705.0,89.0,nan,,ok
1363.634108,6370914.0,,cpu_clk_unhalted.thread:u,cpu_clk_unhalted.thread,9360273.0,90.0,nan,,ok
1363.634108,946315.0,,br_inst_retired.all_branches:u,br_inst_retired.all_branches,9165349.0,88.0,nan,,ok
1363.634108,62943.0,,br_misp_retired.all_branches:u,br_misp_retired.all_branches,9417884.0,90.0,nan,,ok
1363.634108,905089.0,,mem_uops_retired.all_loads:u,mem_uops_retired.all_loads,9282322.0,89.0,nan,,ok
1363.634108,620217.0,,mem_uops_retired.all_stores:u,mem_uops_retired.all_stores,9367961.0,90.0,nan,,ok
1363.634108,49742.0,,longest_lat_cache.reference:u,longest_lat_cache.reference,9368175.0,90.0,nan,,ok
1363.634108,29163.0,,longest_lat_cache.miss:u,longest_lat_cache.miss,9369186.0,90.0,nan,,ok
1363.634108,8807.0,,offcore_requests.demand_data_rd:u,offcore_requests.demand_data_rd,9372106.0,90.0,nan,,ok
1363.634108,1440788.0,,resource_stalls.any:u,resource_stalls.any,8227090.0,79.0,nan,,ok
1373.958993,10015223.0,,inst_retired.any:u,inst_retired.any,8981992.0,87.0,nan,,ok
1373.958993,12662352.0,,cpu_clk_unhalted.thread:u,cpu_clk_unhalted.thread,9302491.0,90.0,nan,,ok
1373.958993,1789720.0,,br_inst_retired.all_branches:u,br_inst_retired.all_branches,9299542.0,90.0,nan,,ok
1373.958993,59365.0,,br_misp_retired.all_branches:u,br_misp_retired.all_branches,9305478.0,90.0,nan,,ok
1373.958993,2727116.0,,mem_uops_retired.all_loads:u,mem_uops_retired.all_loads,9325336.0,90.0,nan,,ok
1373.958993,1620392.0,,mem_uops_retired.all_stores:u,mem_uops_retired.all_stores,9311485.0,90.0,nan,,ok
1373.958993,59189.0,,longest_lat_cache.reference:u,longest_lat_cache.reference,9313927.0,90.0,nan,,ok
1373.958993,27021.0,,longest_lat_cache.miss:u,longest_lat_cache.miss,9315061.0,90.0,nan,,ok
1373.958993,18507.0,,offcore_requests.demand_data_rd:u,offcore_requests.demand_data_rd,9315571.0,90.0,nan,,ok
1373.958993,1998751.0,,resource_stalls.any:u,resource_stalls.any,7982801.0,77.0,nan,,ok
1384.290984,10233199.0,,inst_retired.any:u,inst_retired.any,9906843.0,98.0,nan,,ok
1384.290984,18268821.0,,cpu_clk_unhalted.thread:u,cpu_clk_unhalted.thread,9001705.0,89.0,nan,,ok
1384.290984,1892093.0,,br_inst_retired.all_branches:u,br_inst_retired.all_branches,9037488.0,90.0,nan,,ok
1384.290984,75391.0,,br_misp_retired.all_branches:u,br_misp_retired.all_branches,8964995.0,89.0,nan,,ok
1384.290984,3195683.0,,mem_uops_retired.all_loads:u,mem_uops_retired.all_loads,8763227.0,87.0,nan,,ok
1384.290984,1956284.0,,mem_uops_retired.all_stores:u,mem_uops_retired.all_stores,8546867.0,85.0,nan,,ok
1384.290984,216950.0,,longest_lat_cache.reference:u,longest_lat_cache.reference,8983562.0,89.0,nan,,ok
1384.290984,41814.0,,longest_lat_cache.miss:u,longest_lat_cache.miss,8976640.0,89.0,nan,,ok
1384.290984,83123.0,,offcore_requests.demand_data_rd:u,offcore_requests.demand_data_rd,8967732.0,89.0,nan,,ok
1384.290984,2972551.0,,resource_stalls.any:u,resource_stalls.any,8736327.0,87.0,nan,,ok
1394.596903,19220198.0,,inst_retired.any:u,inst_retired.any,9439806.0,79.0,nan,,ok
1394.596903,23549001.0,,cpu_clk_unhalted.thread:u,cpu_clk_unhalted.thread,9304754.0,77.0,nan,,ok
1394.596903,3476599.0,,br_inst_retired.all_branches:u,br_inst_retired.all_branches,8990007.0,74.0,nan,,ok
1394.596903,177499.0,,br_misp_retired.all_branches:u,br_misp_retired.all_branches,9917123.0,82.0,nan,,ok
1394.596903,5327302.0,,mem_uops_retired.all_loads:u,mem_uops_retired.all_loads,11218813.0,93.0,nan,,ok
1394.596903,2791991.0,,mem_uops_retired.all_stores:u,mem_uops_retired.all_stores,12039310.0,100.0,nan,,ok
1394.596903,266118.0,,longest_lat_cache.reference:u,longest_lat_cache.reference,12059232.0,100.0,nan,,ok
1394.596903,44807.0,,longest_lat_cache.miss:u,longest_lat_cache.miss,12077676.0,100.0,nan,,ok
1394.596903,91908.0,,offcore_requests.demand_data_rd:u,offcore_requests.demand_data_rd,12097295.0,100.0,nan,,ok
1394.596903,3185445.0,,resource_stalls.any:u,resource_stalls.any,8659420.0,71.0,nan,,ok
1404.9476160000002,30124232.0,,inst_retired.any:u,inst_retired.any,15184482.0,91.0,nan,,ok
1404.9476160000002,41048990.0,,cpu_clk_unhalted.thread:u,cpu_clk_unhalted.thread,15231202.0,91.0,nan,,ok
1404.9476160000002,5749156.0,,br_inst_retired.all_branches:u,br_inst_retired.all_branches,15679865.0,93.0,nan,,ok
1404.9476160000002,321577.0,,br_misp_retired.all_branches:u,br_misp_retired.all_branches,15256508.0,91.0,nan,,ok
1404.9476160000002,9276308.0,,mem_uops_retired.all_loads:u,mem_uops_retired.all_loads,14352122.0,86.0,nan,,ok
1404.9476160000002,4642844.0,,mem_uops_retired.all_stores:u,mem_uops_retired.all_stores,14746727.0,88.0,nan,,ok
1404.9476160000002,500564.0,,longest_lat_cache.reference:u,longest_lat_cache.reference,15005001.0,89.0,nan,,ok
1404.9476160000002,46445.0,,longest_lat_cache.miss:u,longest_lat_cache.miss,14796078.0,88.0,nan,,ok
1404.9476160000002,191540.0,,offcore_requests.demand_data_rd:u,offcore_requests.demand_data_rd,15143955.0,90.0,nan,,ok
1404.9476160000002,5267396.0,,resource_stalls.any:u,resource_stalls.any,13208917.0,79.0,nan,,ok
1415.298932,23091519.0,,inst_retired.any:u,inst_retired.any,13583969.0,87.0,nan,,ok
1415.298932,37998449.0,,cpu_clk_unhalted.thread:u,cpu_clk_unhalted.thread,13354731.0,85.0,nan,,ok
1415.298932,4626387.0,,br_inst_retired.all_branches:u,br_inst_retired.all_branches,13455228.0,86.0,nan,,ok
1415.298932,335544.0,,br_misp_retired.all_branches:u,br_misp_retired.all_branches,13335350.0,85.0,nan,,ok
1415.298932,7579947.0,,mem_uops_retired.all_loads:u,mem_uops_retired.all_loads,14732982.0,94.0,nan,,ok
1415.298932,3809905.0,,mem_uops_retired.all_stores:u,mem_uops_retired.all_stores,14579832.0,93.0,nan,,ok
1415.298932,614484.0,,longest_lat_cache.reference:u,longest_lat_cache.reference,13660858.0,87.0,nan,,ok
1415.298932,24759.0,,longest_lat_cache.miss:u,longest_lat_cache.miss,14582277.0,93.0,nan,,ok
1415.298932,274675.0,,offcore_requests.demand_data_rd:u,offcore_requests.demand_data_rd,14448036.0,92.0,nan,,ok
1415.298932,4371909.0,,resource_stalls.any:u,resource_stalls.any,12561463.0,80.0,nan,,ok
1425.649114,45481209.0,,inst_retired.any:u,inst_retired.any,20439151.0,91.0,nan,,ok
1425.649114,55884085.0,,cpu_clk_unhalted.thread:u,cpu_clk_unhalted.thread,19859722.0,88.0,nan,,ok
1425.649114,9015717.0,,br_inst_retired.all_branches:u,br_inst_retired.all_branches,19354148.0,86.0,nan,,ok
1425.649114,613779.0,,br_misp_retired.all_branches:u,br_misp_retired.all_branches,21322622.0,95.0,nan,,ok
1425.649114,14704085.0,,mem_uops_retired.all_loads:u,mem_uops_retired.all_loads,20984087.0,93.0,nan,,ok
1425.649114,6778135.0,,mem_uops_retired.all_stores:u,mem_uops_retired.all_stores,19743553.0,88.0,nan,,ok
1425.649114,484617.0,,longest_lat_cache.reference:u,longest_lat_cache.reference,19649518.0,87.0,nan,,ok
1425.649114,32778.0,,longest_lat_cache.miss:u,longest_lat_cache.miss,19640122.0,87.0,nan,,ok
1425.649114,174160.0,,offcore_requests.demand_data_rd:u,offcore_requests.demand_data_rd,20433249.0,91.0,nan,,ok
1425.649114,5769417.0,,resource_stalls.any:u,resource_stalls.any,18457557.0,82.0,nan,,ok
1436.004308,45517512.0,,inst_retired.any:u,inst_retired.any,23408246.0,92.0,nan,,ok
1436.004308,58098382.0,,cpu_clk_unhalted.thread:u,cpu_clk_unhalted.thread,23425237.0,92.0,nan,,ok
1436.004308,9057509.0,,br_inst_retired.all_branches:u,br_inst_retired.all_branches,22953171.0,90.0,nan,,ok
1436.004308,585180.0,,br_misp_retired.all_branches:u,br_misp_retired.all_branches,22063187.0,86.0,nan,,ok
1436.004308,13646432.0,,mem_uops_retired.all_loads:u,mem_uops_retired.all_loads,22516465.0,88.0,nan,,ok
1436.004308,6142285.0,,mem_uops_retired.all_stores:u,mem_uops_retired.all_stores,22410838.0,88.0,nan,,ok
1436.004308,667401.0,,longest_lat_cache.reference:u,longest_lat_cache.reference,22438252.0,88.0,nan,,ok
1436.004308,63216.0,,longest_lat_cache.miss:u,longest_lat_cache.miss,22918162.0,90.0,nan,,ok
1436.004308,247541.0,,offcore_requests.demand_data_rd:u,offcore_requests.demand_data_rd,23153735.0,91.0,nan,,ok
1436.004308,5843808.0,,resource_stalls.any:u,resource_stalls.any,21428878.0,84.0,nan,,ok
1446.354615,50877148.0,,inst_retired.any:u,inst_retired.any,22557518.0,88.0,nan,,ok
1446.354615,57727871.0,,cpu_clk_unhalted.thread:u,cpu_clk_unhalted.thread,23144820.0,90.0,nan,,ok
1446.354615,9589613.0,,br_inst_retired.all_branches:u,br_inst_retired.all_branches,22496729.0,87.0,nan,,ok
1446.354615,591454.0,,br_misp_retired.all_branches:u,br_misp_retired.all_branches,23239222.0,90.0,nan,,ok
1446.354615,16317314.0,,mem_uops_retired.all_loads:u,mem_uops_retired.all_loads,23271342.0,90.0,nan,,ok
1446.354615,7132244.0,,mem_uops_retired.all_stores:u,mem_uops_retired.all_stores,23627946.0,92.0,nan,,ok
1446.354615,720672.0,,longest_lat_cache.reference:u,longest_lat_cache.reference,23635276.0,92.0,nan,,ok
1446.354615,45578.0,,longest_lat_cache.miss:u,longest_lat_cache.miss,23624503.0,92.0,nan,,ok
1446.354615,340262.0,,offcore_requests.demand_data_rd:u,offcore_requests.demand_data_rd,23015180.0,89.0,nan,,ok
1446.354615,8953965.0,,resource_stalls.any:u,resource_stalls.any,18878823.0,73.0,nan,,ok
1456.715113,40341059.0,,inst_retired.any:u,inst_retired.any,19424024.0,95.0,nan,,ok
1456.715113,48221587.0,,cpu_clk_unhalted.thread:u,cpu_clk_unhalted.thread,19398604.0,95.0,nan,,ok
1456.715113,8303986.0,,br_inst_retired.all_branches:u,br_inst_retired.all_branches,18699225.0,91.0,nan,,ok
1456.715113,451949.0,,br_misp_retired.all_branches:u,br_misp_retired.all_branches,18060526.0,88.0,nan,,ok
1456.715113,10982729.0,,mem_uops_retired.all_loads:u,mem_uops_retired.all_loads,15763748.0,77.0,nan,,ok
1456.715113,5330572.0,,mem_uops_retired.all_stores:u,mem_uops_retired.all_stores,17099427.0,84.0,nan,,ok
1456.715113,792416.0,,longest_lat_cache.reference:u,longest_lat_cache.reference,17001750.0,83.0,nan,,ok
1456.715113,41345.0,,longest_lat_cache.miss:u,longest_lat_cache.miss,18866298.0,93.0,nan,,ok
1456.715113,287453.0,,offcore_requests.demand_data_rd:u,offcore_requests.demand_data_rd,19223315.0,95.0,nan,,ok
1456.715113,5021541.0,,resource_stalls.any:u,resource_stalls.any,18198397.0,90.0,nan,,ok
1467.032745,31041970.0,,inst_retired.any:u,inst_retired.any,15824995.0,92.0,nan,,ok
1467.032745,42312193.0,,cpu_clk_unhalted.thread:u,cpu_clk_unhalted.thread,16211731.0,94.0,nan,,ok
1467.032745,6206228.0,,br_inst_retired.all_branches:u,br_inst_retired.all_branches,16227212.0,94.0,nan,,ok
1467.032745,371267.0,,br_misp_retired.all_branches:u,br_misp_retired.all_branches,16268884.0,94.0,nan,,ok
1467.032745,9264170.0,,mem_uops_retired.all_loads:u,mem_uops_retired.all_loads,15960120.0,92.0,nan,,ok
1467.032745,4702355.0,,mem_uops_retired.all_stores:u,mem_uops_retired.all_stores,16239148.0,94.0,nan,,ok
1467.032745,675751.0,,longest_lat_cache.reference:u,longest_lat_cache.reference,15501091.0,89.0,nan,,ok
1467.032745,39070.0,,longest_lat_cache.miss:u,longest_lat_cache.miss,15199083.0,87.0,nan,,ok
1467.032745,271697.0,,offcore_requests.demand_data_rd:u,offcore_requests.demand_data_rd,13557046.0,78.0,nan,,ok
1467.032745,4988611.0,,resource_stalls.any:u,resource_stalls.any,12920178.0,74.0,nan,,ok
1477.362789,36720855.0,,inst_retired.any:u,inst_retired.any,18700348.0,90.0,nan,,ok
1477.362789,49006654.0,,cpu_clk_unhalted.thread:u,cpu_clk_unhalted.thread,17819541.0,85.0,nan,,ok
1477.362789,7094921.0,,br_inst_retired.all_branches:u,br_inst_retired.all_branches,17404136.0,83.0,nan,,ok
1477.362789,508679.0,,br_misp_retired.all_branches:u,br_misp_retired.all_branches,17624604.0,85.0,nan,,ok
1477.362789,10767080.0,,mem_uops_retired.all_loads:u,mem_uops_retired.all_loads,18200095.0,87.0,nan,,ok
1477.362789,5050068.0,,mem_uops_retired.all_stores:u,mem_uops_retired.all_stores,18132549.0,87.0,nan,,ok
1477.362789,695866.0,,longest_lat_cache.reference:u,longest_lat_cache.reference,19373227.0,93.0,nan,,ok
1477.362789,51220.0,,longest_lat_cache.miss:u,longest_lat_cache.miss,19725318.0,95.0,nan,,ok
1477.362789,258666.0,,offcore_requests.demand_data_rd:u,offcore_requests.demand_data_rd,19749049.0,95.0,nan,,ok
1477.362789,5472479.0,,resource_stalls.any:u,resource_stalls.any,17736418.0,85.0,nan,,ok
1487.66857,35151423.0,,inst_retired.any:u,inst_retired.any,13402062.0,81.0,nan,,ok
1487.66857,38528084.0,,cpu_clk_unhalted.thread:u,cpu_clk_unhalted.thread,14859862.0,90.0,nan,,ok
1487.66857,6620134.0,,br_inst_retired.all_branches:u,br_inst_retired.all_branches,15446282.0,93.0,nan,,ok
1487.66857,350375.0,,br_misp_retired.all_branches:u,br_misp_retired.all_branches,15479856.0,93.0,nan,,ok
1487.66857,11979381.0,,mem_uops_retired.all_loads:u,mem_uops_retired.all_loads,15480904.0,93.0,nan,,ok
1487.66857,4597624.0,,mem_uops_retired.all_stores:u,mem_uops_retired.all_stores,14826136.0,89.0,nan,,ok
1487.66857,476936.0,,longest_lat_cache.reference:u,longest_lat_cache.reference,14699714.0,89.0,nan,,ok
1487.66857,25657.0,,longest_lat_cache.miss:u,longest_lat_cache.miss,15021586.0,91.0,nan,,ok
1487.66857,177088.0,,offcore_requests.demand_data_rd:u,offcore_requests.demand_data_rd,14695545.0,89.0,nan,,ok
1487.66857,3387690.0,,resource_stalls.any:u,resource_stalls.any,11439006.0,69.0,nan,,ok
1497.9919450000002,44065982.0,,inst_retired.any:u,inst_retired.any,18913058.0,94.0,nan,,ok
1497.9919450000002,46852348.0,,cpu_clk_unhalted.thread:u,cpu_clk_unhalted.thread,18516883.0,93.0,nan,,ok
1497.9919450000002,9325972.0,,br_inst_retired.all_branches:u,br_inst_retired.all_branches,17889926.0,89.0,nan,,ok
1497.9919450000002,432940.0,,br_misp_retired.all_branches:u,br_misp_retired.all_branches,18152283.0,91.0,nan,,ok
1497.9919450000002,13335937.0,,mem_uops_retired.all_loads:u,mem_uops_retired.all_loads,17864225.0,89.0,nan,,ok
1497.9919450000002,6364171.0,,mem_uops_retired.all_stores:u,mem_uops_retired.all_stores,17540499.0,88.0,nan,,ok
1497.9919450000002,493810.0,,longest_lat_cache.reference:u,longest_lat_cache.reference,17563000.0,88.0,nan,,ok
1497.9919450000002,46475.0,,longest_lat_cache.miss:u,longest_lat_cache.miss,16783322.0,84.0,nan,,ok
1497.9919450000002,236361.0,,offcore_requests.demand_data_rd:u,offcore_requests.demand_data_rd,16914026.0,85.0,nan,,ok
1497.9919450000002,6345146.0,,resource_stalls.any:u,resource_stalls.any,17585171.0,88.0,nan,,ok
1508.3106619999999,31492102.0,,inst_retired.any:u,inst_retired.any,14365851.0,85.0,nan,,ok
1508.3106619999999,40259572.0,,cpu_clk_unhalted.thread:u,cpu_clk_unhalted.thread,14976925.0,89.0,nan,,ok
1508.3106619999999,6222398.0,,br_inst_retired.all_branches:u,br_inst_retired.all_branches,14279585.0,84.0,nan,,ok
1508.3106619999999,343711.0,,br_misp_retired.all_branches:u,br_misp_retired.all_branches,14805610.0,88.0,nan,,ok
1508.3106619999999,8748535.0,,mem_uops_retired.all_loads:u,mem_uops_retired.all_loads,15554633.0,92.0,nan,,ok
1508.3106619999999,4440008.0,,mem_uops_retired.all_stores:u,mem_uops_retired.all_stores,15783663.0,93.0,nan,,ok
1508.3106619999999,682697.0,,longest_lat_cache.reference:u,longest_lat_cache.reference,15611465.0,92.0,nan,,ok
1508.3106619999999,27661.0,,longest_lat_cache.miss:u,longest_lat_cache.miss,15835325.0,94.0,nan,,ok
1508.3106619999999,261978.0,,offcore_requests.demand_data_rd:u,offcore_requests.demand_data_rd,15378971.0,91.0,nan,,ok
1508.3106619999999,3943397.0,,resource_stalls.any:u,resource_stalls.any,12285867.0,73.0,nan,,ok
1518.600175,26199236.0,,inst_retired.any:u,inst_retired.any,12915080.0,91.0,nan,,ok
1518.600175,34205625.0,,cpu_clk_unhalted.thread:u,cpu_clk_unhalted.thread,13067690.0,92.0,nan,,ok
1518.600175,5123726.0,,br_inst_retired.all_branches:u,br_inst_retired.all_branches,13061894.0,92.0,nan,,ok
1518.600175,331646.0,,br_misp_retired.all_branches:u,br_misp_retired.all_branches,13077145.0,92.0,nan,,ok
1518.600175,7631598.0,,mem_uops_retired.all_loads:u,mem_uops_retired.all_loads,11726535.0,83.0,nan,,ok
1518.600175,3660778.0,,mem_uops_retired.all_stores:u,mem_uops_retired.all_stores,12188262.0,86.0,nan,,ok
1518.600175,499815.0,,longest_lat_cache.reference:u,longest_lat_cache.reference,11939305.0,84.0,nan,,ok
1518.600175,26115.0,,longest_lat_cache.miss:u,longest_lat_cache.miss,12681906.0,89.0,nan,,ok
1518.600175,197818.0,,offcore_requests.demand_data_rd:u,offcore_requests.demand_data_rd,13169257.0,92.0,nan,,ok
1518.600175,3514359.0,,resource_stalls.any:u,resource_stalls.any,11973064.0,84.0,nan,,ok
1528.97417,34263820.0,,inst_retired.any:u,inst_retired.any,14848585.0,86.0,nan,,ok
1528.97417,41602114.0,,cpu_clk_unhalted.thread:u,cpu_clk_unhalted.thread,14762181.0,85.0,nan,,ok
1528.97417,6690553.0,,br_inst_retired.all_branches:u,br_inst_retired.all_branches,15221596.0,88.0,nan,,ok
1528.97417,366503.0,,br_misp_retired.all_branches:u,br_misp_retired.all_branches,15542262.0,90.0,nan,,ok
1528.97417,9495703.0,,mem_uops_retired.all_loads:u,mem_uops_retired.all_loads,16181227.0,94.0,nan,,ok
1528.97417,4917284.0,,mem_uops_retired.all_stores:u,mem_uops_retired.all_stores,16139793.0,94.0,nan,,ok
1528.97417,615934.0,,longest_lat_cache.reference:u,longest_lat_cache.reference,15795917.0,92.0,nan,,ok
1528.97417,33975.0,,longest_lat_cache.miss:u,longest_lat_cache.miss,15728232.0,92.0,nan,,ok
1528.97417,252663.0,,offcore_requests.demand_data_rd:u,offcore_requests.demand_data_rd,15095729.0,88.0,nan,,ok
1528.97417,4793128.0,,resource_stalls.any:u,resource_stalls.any,12709297.0,74.0,nan,,ok
1539.251754,29043911.0,,inst_retired.any:u,inst_retired.any,12630854.0,92.0,nan,,ok
1539.251754,33864386.0,,cpu_clk_unhalted.thread:u,cpu_clk_unhalted.thread,12721021.0,92.0,nan,,ok
1539.251754,5683200.0,,br_inst_retired.all_branches:u,br_inst_retired.all_branches,12692480.0,92.0,nan,,ok
1539.251754,262250.0,,br_misp_retired.all_branches:u,br_misp_retired.all_branches,12359497.0,90.0,nan,,ok
1539.251754,8299962.0,,mem_uops_retired.all_loads:u,mem_uops_retired.all_loads,11712179.0,85.0,nan,,ok
1539.251754,4054263.0,,mem_uops_retired.all_stores:u,mem_uops_retired.all_stores,11799041.0,85.0,nan,,ok
1539.251754,361486.0,,longest_lat_cache.reference:u,longest_lat_cache.reference,11657585.0,84.0,nan,,ok
1539.251754,62100.0,,longest_lat_cache.miss:u,longest_lat_cache.miss,12478892.0,90.0,nan,,ok
1539.251754,178740.0,,offcore_requests.demand_data_rd:u,offcore_requests.demand_data_rd,12725484.0,92.0,nan,,ok
1539.251754,5403219.0,,resource_stalls.any:u,resource_stalls.any,11635856.0,84.0,nan,,ok
1549.5170540000001,15855880.0,,inst_retired.any:u,inst_retired.any,10051331.0,89.0,nan,,ok
1549.5170540000001,26765528.0,,cpu_clk_unhalted.thread:u,cpu_clk_unhalted.thread,10263297.0,91.0,nan,,ok
1549.5170540000001,3052490.0,,br_inst_retired.all_branches:u,br_inst_retired.all_branches,10027900.0,89.0,nan,,ok
1549.5170540000001,219146.0,,br_misp_retired.all_branches:u,br_misp_retired.all_branches,10169976.0,91.0,nan,,ok
1549.5170540000001,4484849.0,,mem_uops_retired.all_loads:u,mem_uops_retired.all_loads,10150387.0,91.0,nan,,ok
1549.5170540000001,2277854.0,,mem_uops_retired.all_stores:u,mem_uops_retired.all_stores,10241704.0,91.0,nan,,ok
1549.5170540000001,401010.0,,longest_lat_cache.reference:u,longest_lat_cache.reference,10656729.0,94.0,nan,,ok
1549.5170540000001,64460.0,,longest_lat_cache.miss:u,longest_lat_cache.miss,10249359.0,91.0,nan,,ok
1549.5170540000001,168195.0,,offcore_requests.demand_data_rd:u,offcore_requests.demand_data_rd,9441324.0,84.0,nan,,ok
1549.5170540000001,4166265.0,,resource_stalls.any:u,resource_stalls.any,8749645.0,77.0,nan,,ok
1559.8066509999999,102371.0,,inst_retired.any:u,inst_retired.any,8904792.0,89.0,nan,,ok
1559.8066509999999,387026.0,,cpu_clk_unhalted.thread:u,cpu_clk_unhalted.thread,8959525.0,89.0,nan,,ok
1559.8066509999999,0.0,,br_inst_retired.all_branches:u,br_inst_retired.all_branches,8572124.0,89.0,nan,,ok
1559.8066509999999,592.0,,br_misp_retired.all_branches:u,br_misp_retired.all_branches,8951219.0,89.0,nan,,ok
1559.8066509999999,53531.0,,mem_uops_retired.all_loads:u,mem_uops_retired.all_loads,8981665.0,90.0,nan,,ok
1559.8066509999999,11595.0,,mem_uops_retired.all_stores:u,mem_uops_retired.all_stores,9109444.0,92.0,nan,,ok
1559.8066509999999,2636.0,,longest_lat_cache.reference:u,longest_lat_cache.reference,9508592.0,95.0,nan,,ok
1559.8066509999999,2322.0,,longest_lat_cache.miss:u,longest_lat_cache.miss,8985161.0,90.0,nan,,ok
1559.8066509999999,1988.0,,offcore_requests.demand_data_rd:u,offcore_requests.demand_data_rd,8866893.0,89.0,nan,,ok
1559.8066509999999,234423.0,,resource_stalls.any:u,resource_stalls.any,7869987.0,79.0,nan,,ok
1570.095799,1272389.0,,inst_retired.any:u,inst_retired.any,9249735.0,90.0,nan,,ok
1570.095799,2265839.0,,cpu_clk_unhalted.thread:u,cpu_clk_unhalted.thread,9242681.0,90.0,nan,,ok
1570.095799,273895.0,,br_inst_retired.all_branches:u,br_inst_retired.all_branches,9242677.0,90.0,nan,,ok
1570.095799,12527.0,,br_misp_retired.all_branches:u,br_misp_retired.all_branches,9748718.0,100.0,nan,,ok
1570.095799,57567.0,,mem_uops_retired.all_loads:u,mem_uops_retired.all_loads,9499872.0,92.0,nan,,ok
1570.095799,172835.0,,mem_uops_retired.all_stores:u,mem_uops_retired.all_stores,8524189.0,83.0,nan,,ok
1570.095799,8685.0,,longest_lat_cache.reference:u,longest_lat_cache.reference,8952816.0,89.0,nan,,ok
1570.095799,5603.0,,longest_lat_cache.miss:u,longest_lat_cache.miss,9246381.0,90.0,nan,,ok
1570.095799,3079.0,,offcore_requests.demand_data_rd:u,offcore_requests.demand_data_rd,9245154.0,90.0,nan,,ok
1570.095799,179370.0,,resource_stalls.any:u,resource_stalls.any,8243058.0,80.0,nan,,ok
1580.428353,6579392.0,,inst_retired.any:u,inst_retired.any,8819444.0,100.0,nan,,ok
1580.428353,5951814.0,,cpu_clk_unhalted.thread:u,cpu_clk_unhalted.thread,8818694.0,100.0,nan,,ok
1580.428353,1508989.0,,br_inst_retired.all_branches:u,br_inst_retired.all_branches,8818466.0,100.0,nan,,ok
1580.428353,37089.0,,br_misp_retired.all_branches:u,br_misp_retired.all_branches,8818511.0,100.0,nan,,ok
1580.428353,1649706.0,,mem_uops_retired.all_loads:u,mem_uops_retired.all_loads,8818811.0,100.0,nan,,ok
1580.428353,658010.0,,mem_uops_retired.all_stores:u,mem_uops_retired.all_stores,8682522.0,98.0,nan,,ok
1580.428353,35066.0,,longest_lat_cache.reference:u,longest_lat_cache.reference,6464106.0,73.0,nan,,ok
1580.428353,13377.0,,longest_lat_cache.miss:u,longest_lat_cache.miss,6487158.0,73.0,nan,,ok
1580.428353,13353.0,,offcore_requests.demand_data_rd:u,offcore_requests.demand_data_rd,5896211.0,73.0,nan,,ok
1580.428353,819919.0,,resource_stalls.any:u,resource_stalls.any,7732748.0,90.0,nan,,ok
1590.7195430000002,1643569.0,,inst_retired.any:u,inst_retired.any,4378610.0,74.0,nan,,ok
1590.7195430000002,2572149.0,,cpu_clk_unhalted.thread:u,cpu_clk_unhalted.thread,5051067.0,96.0,nan,,ok
1590.7195430000002,337417.0,,br_inst_retired.all_branches:u,br_inst_retired.all_branches,5858228.0,100.0,nan,,ok
1590.7195430000002,21594.0,,br_misp_retired.all_branches:u,br_misp_retired.all_branches,5854070.0,100.0,nan,,ok
1590.7195430000002,412186.0,,mem_uops_retired.all_loads:u,mem_uops_retired.all_loads,5849610.0,100.0,nan,,ok
1590.7195430000002,150110.0,,mem_uops_retired.all_stores:u,mem_uops_retired.all_stores,5845621.0,100.0,nan,,ok
1590.7195430000002,29672.0,,longest_lat_cache.reference:u,longest_lat_cache.reference,5841687.0,100.0,nan,,ok
1590.7195430000002,6577.0,,longest_lat_cache.miss:u,longest_lat_cache.miss,5837901.0,100.0,nan,,ok
1590.7195430000002,11658.0,,offcore_requests.demand_data_rd:u,offcore_requests.demand_data_rd,5425081.0,93.0,nan,,ok
1590.7195430000002,246466.0,,resource_stalls.any:u,resource_stalls.any,1219440.0,20.0,nan,,ok
1600.9860039999999,1585385.0,,inst_retired.any:u,inst_retired.any,7038113.0,100.0,nan,,ok
1600.9860039999999,2367036.0,,cpu_clk_unhalted.thread:u,cpu_clk_unhalted.thread,3661863.0,57.0,nan,,ok
1600.9860039999999,334109.0,,br_inst_retired.all_branches:u,br_inst_retired.all_branches,4786949.0,69.0,nan,,ok
1600.9860039999999,20289.0,,br_misp_retired.all_branches:u,br_misp_retired.all_branches,5821008.0,84.0,nan,,ok
1600.9860039999999,440172.0,,mem_uops_retired.all_loads:u,mem_uops_retired.all_loads,6844519.0,99.0,nan,,ok
1600.9860039999999,156794.0,,mem_uops_retired.all_stores:u,mem_uops_retired.all_stores,7038113.0,100.0,nan,,ok
1600.9860039999999,28104.0,,longest_lat_cache.reference:u,longest_lat_cache.reference,7038113.0,100.0,nan,,ok
1600.9860039999999,4919.0,,longest_lat_cache.miss:u,longest_lat_cache.miss,7038113.0,100.0,nan,,ok
1600.9860039999999,11045.0,,offcore_requests.demand_data_rd:u,offcore_requests.demand_data_rd,7038113.0,100.0,nan,,ok
1600.9860039999999,248296.0,,resource_stalls.any:u,resource_stalls.any,7038113.0,100.0,nan,,ok
1611.232286,3644815.0,,inst_retired.any:u,inst_retired.any,8285664.0,100.0,nan,,ok
1611.232286,4732102.0,,cpu_clk_unhalted.thread:u,cpu_clk_unhalted.thread,8247980.0,99.0,nan,,ok
1611.232286,738004.0,,br_inst_retired.all_branches:u,br_inst_retired.all_branches,6600903.0,79.0,nan,,ok
1611.232286,35095.0,,br_misp_retired.all_branches:u,br_misp_retired.all_branches,4936625.0,60.0,nan,,ok
1611.232286,1053906.0,,mem_uops_retired.all_loads:u,mem_uops_retired.all_loads,6131022.0,75.0,nan,,ok
1611.232286,373793.0,,mem_uops_retired.all_stores:u,mem_uops_retired.all_stores,7300309.0,87.0,nan,,ok
1611.232286,42009.0,,longest_lat_cache.reference:u,longest_lat_cache.reference,8273152.0,100.0,nan,,ok
1611.232286,5307.0,,longest_lat_cache.miss:u,longest_lat_cache.miss,8309425.0,100.0,nan,,ok
1611.232286,16812.0,,offcore_requests.demand_data_rd:u,offcore_requests.demand_data_rd,8312858.0,100.0,nan,,ok
1611.232286,490202.0,,resource_stalls.any:u,resource_stalls.any,8316197.0,100.0,nan,,ok
1621.48189,1520612.0,,inst_retired.any:u,inst_retired.any,8135890.0,100.0,nan,,ok
1621.48189,2742289.0,,cpu_clk_unhalted.thread:u,cpu_clk_unhalted.thread,8135080.0,100.0,nan,,ok
1621.48189,327236.0,,br_inst_retired.all_branches:u,br_inst_retired.all_branches,8134533.0,100.0,nan,,ok
1621.48189,20320.0,,br_misp_retired.all_branches:u,br_misp_retired.all_branches,7724754.0,100.0,nan,,ok
1621.48189,509072.0,,mem_uops_retired.all_loads:u,mem_uops_retired.all_loads,5799763.0,71.0,nan,,ok
1621.48189,144349.0,,mem_uops_retired.all_stores:u,mem_uops_retired.all_stores,5670081.0,69.0,nan,,ok
1621.48189,23101.0,,longest_lat_cache.reference:u,longest_lat_cache.reference,5649965.0,70.0,nan,,ok
1621.48189,4542.0,,longest_lat_cache.miss:u,longest_lat_cache.miss,7679652.0,97.0,nan,,ok
1621.48189,11856.0,,offcore_requests.demand_data_rd:u,offcore_requests.demand_data_rd,8129689.0,100.0,nan,,ok
1621.48189,160544.0,,resource_stalls.any:u,resource_stalls.any,8128833.0,100.0,nan,,ok
1631.721945,1841385.0,,inst_retired.any:u,inst_retired.any,9661673.0,100.0,nan,,ok
1631.721945,3349569.0,,cpu_clk_unhalted.thread:u,cpu_clk_unhalted.thread,9671260.0,100.0,nan,,ok
1631.721945,389894.0,,br_inst_retired.all_branches:u,br_inst_retired.all_branches,9678353.0,100.0,nan,,ok
1631.721945,25641.0,,br_misp_retired.all_branches:u,br_misp_retired.all_branches,9685767.0,100.0,nan,,ok
1631.721945,517121.0,,mem_uops_retired.all_loads:u,mem_uops_retired.all_loads,9693087.0,100.0,nan,,ok
1631.721945,193410.0,,mem_uops_retired.all_stores:u,mem_uops_retired.all_stores,8642153.0,89.0,nan,,ok
1631.721945,35749.0,,longest_lat_cache.reference:u,longest_lat_cache.reference,4674666.0,49.0,nan,,ok
1631.721945,4083.0,,longest_lat_cache.miss:u,longest_lat_cache.miss,7466184.0,77.0,nan,,ok
1631.721945,13092.0,,offcore_requests.demand_data_rd:u,offcore_requests.demand_data_rd,8520123.0,89.0,nan,,ok
1631.721945,207570.0,,resource_stalls.any:u,resource_stalls.any,9552040.0,100.0,nan,,ok
1642.0137459999999,3847095.0,,inst_retired.any:u,inst_retired.any,10245641.0,94.0,nan,,ok
1642.0137459999999,6004742.0,,cpu_clk_unhalted.thread:u,cpu_clk_unhalted.thread,9887862.0,90.0,nan,,ok
1642.0137459999999,791186.0,,br_inst_retired.all_branches:u,br_inst_retired.all_branches,9881922.0,90.0,nan,,ok
1642.0137459999999,51550.0,,br_misp_retired.all_branches:u,br_misp_retired.all_branches,9922088.0,91.0,nan,,ok
1642.0137459999999,1162150.0,,mem_uops_retired.all_loads:u,mem_uops_retired.all_loads,10867986.0,100.0,nan,,ok
1642.0137459999999,412814.0,,mem_uops_retired.all_stores:u,mem_uops_retired.all_stores,10861339.0,100.0,nan,,ok
1642.0137459999999,59608.0,,longest_lat_cache.reference:u,longest_lat_cache.reference,10321928.0,96.0,nan,,ok
1642.0137459999999,15266.0,,longest_lat_cache.miss:u,longest_lat_cache.miss,8275209.0,76.0,nan,,ok
1642.0137459999999,36682.0,,offcore_requests.demand_data_rd:u,offcore_requests.demand_data_rd,8297290.0,77.0,nan,,ok
1642.0137459999999,821856.0,,resource_stalls.any:u,resource_stalls.any,8610039.0,79.0,nan,,ok
1652.2739740000002,1096587.0,,inst_retired.any:u,inst_retired.any,6817645.0,87.0,nan,,ok
1652.2739740000002,2707661.0,,cpu_clk_unhalted.thread:u,cpu_clk_unhalted.thread,8162143.0,100.0,nan,,ok
1652.2739740000002,321630.0,,br_inst_retired.all_branches:u,br_inst_retired.all_branches,8159052.0,100.0,nan,,ok
1652.2739740000002,21639.0,,br_misp_retired.all_branches:u,br_misp_retired.all_branches,8108609.0,99.0,nan,,ok
1652.2739740000002,424218.0,,mem_uops_retired.all_loads:u,mem_uops_retired.all_loads,7264099.0,95.0,nan,,ok
1652.2739740000002,140168.0,,mem_uops_retired.all_stores:u,mem_uops_retired.all_stores,8148622.0,100.0,nan,,ok
1652.2739740000002,28594.0,,longest_lat_cache.reference:u,longest_lat_cache.reference,8145203.0,100.0,nan,,ok
1652.2739740000002,2384.0,,longest_lat_cache.miss:u,longest_lat_cache.miss,8012999.0,98.0,nan,,ok
1652.2739740000002,10990.0,,offcore_requests.demand_data_rd:u,offcore_requests.demand_data_rd,5460362.0,67.0,nan,,ok
1652.2739740000002,161909.0,,resource_stalls.any:u,resource_stalls.any,3719074.0,49.0,nan,,ok
1662.502406,6216894.0,,inst_retired.any:u,inst_retired.any,9215226.0,81.0,nan,,ok
1662.502406,7549202.0,,cpu_clk_unhalted.thread:u,cpu_clk_unhalted.thread,9404000.0,81.0,nan,,ok
1662.502406,1206365.0,,br_inst_retired.all_branches:u,br_inst_retired.all_branches,10591678.0,91.0,nan,,ok
1662.502406,93423.0,,br_misp_retired.all_branches:u,br_misp_retired.all_branches,11175631.0,96.0,nan,,ok
1662.502406,1341439.0,,mem_uops_retired.all_loads:u,mem_uops_retired.all_loads,11590043.0,100.0,nan,,ok
1662.502406,620821.0,,mem_uops_retired.all_stores:u,mem_uops_retired.all_stores,11590043.0,100.0,nan,,ok
1662.502406,45114.0,,longest_lat_cache.reference:u,longest_lat_cache.reference,11590043.0,100.0,nan,,ok
1662.502406,11814.0,,longest_lat_cache.miss:u,longest_lat_cache.miss,11590043.0,100.0,nan,,ok
1662.502406,28227.0,,offcore_requests.demand_data_rd:u,offcore_requests.demand_data_rd,9579112.0,82.0,nan,,ok
1662.502406,1112803.0,,resource_stalls.any:u,resource_stalls.any,5609751.0,48.0,nan,,ok
1672.7300149999999,60051775.0,,inst_retired.any:u,inst_retired.any,49766305.0,88.0,nan,,ok
1672.7300149999999,122526176.0,,cpu_clk_unhalted.thread:u,cpu_clk_unhalted.thread,49753172.0,88.0,nan,,ok
1672.7300149999999,16527749.0,,br_inst_retired.all_branches:u,br_inst_retired.all_branches,50453547.0,89.0,nan,,ok
1672.7300149999999,142667.0,,br_misp_retired.all_branches:u,br_misp_retired.all_branches,53172144.0,94.0,nan,,ok
1672.7300149999999,9435299.0,,mem_uops_retired.all_loads:u,mem_uops_retired.all_loads,55157272.0,98.0,nan,,ok
1672.7300149999999,2264698.0,,mem_uops_retired.all_stores:u,mem_uops_retired.all_stores,53916647.0,95.0,nan,,ok
1672.7300149999999,154534.0,,longest_lat_cache.reference:u,longest_lat_cache.reference,48617226.0,86.0,nan,,ok
1672.7300149999999,26314.0,,longest_lat_cache.miss:u,longest_lat_cache.miss,47992487.0,85.0,nan,,ok
1672.7300149999999,9062.0,,offcore_requests.demand_data_rd:u,offcore_requests.demand_data_rd,48440386.0,86.0,nan,,ok
1672.7300149999999,2357295.0,,resource_stalls.any:u,resource_stalls.any,41931277.0,74.0,nan,,ok
1683.009777,46963591.0,,inst_retired.any:u,inst_retired.any,30537680.0,97.0,nan,,ok
1683.009777,59982879.0,,cpu_clk_unhalted.thread:u,cpu_clk_unhalted.thread,29683504.0,94.0,nan,,ok
1683.009777,10766646.0,,br_inst_retired.all_branches:u,br_inst_retired.all_branches,29219467.0,92.0,nan,,ok
1683.009777,12656.0,,br_misp_retired.all_branches:u,br_misp_retired.all_branches,25371649.0,80.0,nan,,ok
1683.009777,6441529.0,,mem_uops_retired.all_loads:u,mem_uops_retired.all_loads,25271345.0,80.0,nan,,ok
1683.009777,2726420.0,,mem_uops_retired.all_stores:u,mem_uops_retired.all_stores,25498562.0,80.0,nan,,ok
1683.009777,15150.0,,longest_lat_cache.reference:u,longest_lat_cache.reference,27215477.0,86.0,nan,,ok
1683.009777,4301.0,,longest_lat_cache.miss:u,longest_lat_cache.miss,30459921.0,96.0,nan,,ok
1683.009777,9549.0,,offcore_requests.demand_data_rd:u,offcore_requests.demand_data_rd,30440357.0,96.0,nan,,ok
1683.009777,1059557.0,,resource_stalls.any:u,resource_stalls.any,28724120.0,93.0,nan,,ok
1693.249949,1414158.0,,inst_retired.any:u,inst_retired.any,6275833.0,74.0,nan,,ok
1693.249949,3525118.0,,cpu_clk_unhalted.thread:u,cpu_clk_unhalted.thread,5795368.0,78.0,nan,,ok
1693.249949,495748.0,,br_inst_retired.all_branches:u,br_inst_retired.all_branches,7698222.0,90.0,nan,,ok
1693.249949,23378.0,,br_misp_retired.all_branches:u,br_misp_retired.all_branches,7729263.0,90.0,nan,,ok
1693.249949,582738.0,,mem_uops_retired.all_loads:u,mem_uops_retired.all_loads,8536683.0,100.0,nan,,ok
1693.249949,225649.0,,mem_uops_retired.all_stores:u,mem_uops_retired.all_stores,8536683.0,100.0,nan,,ok
1693.249949,34063.0,,longest_lat_cache.reference:u,longest_lat_cache.reference,8536683.0,100.0,nan,,ok
1693.249949,7962.0,,longest_lat_cache.miss:u,longest_lat_cache.miss,8536683.0,100.0,nan,,ok
1693.249949,14177.0,,offcore_requests.demand_data_rd:u,offcore_requests.demand_data_rd,8536683.0,100.0,nan,,ok
1693.249949,180065.0,,resource_stalls.any:u,resource_stalls.any,4387196.0,52.0,nan,,ok
1695.748556,357434.0,,inst_retired.any:u,inst_retired.any,1206753.0,100.0,nan,,ok
1695.748556,42502.0,,cpu_clk_unhalted.thread:u,cpu_clk_unhalted.thread,545279.0,45.0,nan,,ok
1695.748556,111244.0,,br_inst_retired.all_branches:u,br_inst_retired.all_branches,871958.0,73.0,nan,,ok
1695.748556,2179.0,,br_misp_retired.all_branches:u,br_misp_retired.all_branches,996269.0,94.0,nan,,ok
1695.748556,114074.0,,mem_uops_retired.all_loads:u,mem_uops_retired.all_loads,1206753.0,100.0,nan,,ok
1695.748556,47707.0,,mem_uops_retired.all_stores:u,mem_uops_retired.all_stores,1206753.0,100.0,nan,,ok
1695.748556,4414.0,,longest_lat_cache.reference:u,longest_lat_cache.reference,1206753.0,100.0,nan,,ok
1695.748556,1518.0,,longest_lat_cache.miss:u,longest_lat_cache.miss,1206753.0,100.0,nan,,ok
1695.748556,2129.0,,offcore_requests.demand_data_rd:u,offcore_requests.demand_data_rd,1206753.0,100.0,nan,,ok
1695.748556,254933.0,,resource_stalls.any:u,resource_stalls.any,1206753.0,100.0,nan,,ok
